S01200006164635F6578616D706C652E7333376F
S214012000C00A00208D2F010083DB020083DB020063
S214012010AFEC020083DB020083DB020083DB0200FD
S21401202083DB020083DB020083DB020083DB02002A
S21401203083DB0200548503003BDA020083DB0200E7
S21401204083DB020083DB020083DB020083DB02000A
S21401205083DB020083DB020083DB020083DB0200FA
S21401206083DB020083DB020083DB020083DB0200EA
S214012070BD7C010083DB020083DB02005D2A0100D8
S214012080E9DA020083DB020083DB020083DB020065
S21401209083DB0200BD36010083DB020083DB020026
S2140120A083DB020083DB020083DB020083DB0200AA
S2140120B083DB020015B5020083DB02005DBF020070
S2140120C0E76D0300E36D03004DB70200F36D0300F7
S2140120D0EB6D030035BF0200EF6D03009DBF0200EC
S2140120E02D990200F19A02000DC0020083DB020066
S2140120F083DB020083DB020083DB020083DB02005A
S2140121007125010083DB020083DB020083DB020012
S21401211083DB020083DB020083DB020083DB020039
S21401212083DB020083DB020083DB020083DB020029
S21401213083DB020083DB020083DB020083DB020019
S214012140002370B5404C05468AB0E36318B1008899
S21401215023600BF04DFE3D4824F0A4F93C4E3D4B68
S214012160304633603C4B736020F0EBF9002130467B
S21401217013F060FB32A3D3E90023A062C4E906236F
S21401218020F0EAF9D4E9062319431043C4E906010D
S214012190CDE900014FF0FF334FF0FF32A06A24F083
S2140121A0FCF902224FF0FF31A06A24F0FBF901206E
S2140121B00BF09EFB4FF4007300222849A06A24F01E
S2140121C044FAB0F5007F38D100239422CDE90733D5
S2140121D009933C23CDE9033205939623A06A03A90C
S2140121E0069313F045FC35B3287C0BF0AFFF05468C
S2140121F0F0B9A06A24F00AFB0BF056FF0BF05AFB6D
S21401220020B14FF48070002108F068FB0BF062FBF0
S21401221020B14FF40060002108F060FB20F067FA5F
S214012220012013F05BFB0E4A0E49A06A20F087F9E5
S21401223028460AB070BDFF20D7E70725F8E700BF9C
S2140122400DD5015520000000680F0020690345ECFC
S2140122507821002075D7010088210020781F0020F2
S214012260E7240300272503000348044B834202D0DA
S214012270034B03B118477047F40E0020F40E0020FC
S21401228000000000064B0749C91A891048BF0131F2
S214012290491003D0044B0BB101481847704700BFE3
S2140122A0F40E0020F40E00200000000010B5064CCD
S2140122B0237843B9FFF7D8FF044B13B10448AFF3B3
S2140122C000800123237010BD462900200000000075
S2140122D0CCCE030008B5054B1BB105490548AFF345
S2140122E00080BDE80840FFF7CDBF00BF000000003A
S2140122F0C8110020CCCE0300A3F5803A704700BF7A
S214012300174B002B08BF134B9D46FFF7F5FF002127
S2140123108B460F461348144A121A24F0B2FE0E4B8F
S214012320002B00D098470D4B002B00D0984700207B
S214012330002104000D000D48002802D00C48AFF320
S21401234000801AF06FFB200029001BF06AFB1AF0D0
S21401235079F800BF0000080000000000000000003F
S214012360C00A0020F40E0020842A0020000000008D
S2140123700000000001223E4BF0B5DA60002347F270
S2140123802F5287B00393039B934268DD0227384C94
S21401239004A821461BF0E8FDE7600499354C364851
S2140123A0218089B21AF0BAF9344D23883A460021C1
S2140123B0ADF80830288802AB0EF02EFE39460646E8
S2140123C002AA1F200EF056FE00284CD031462C489B
S2140123D01AF0A4F94FF4F07223882A4E534340F6BC
S2140123E0FF72B3FBF2F39BB233803188264889B281
S2140123F01AF094F933889BB2B3F5E16F36D940F6FB
S214012400E342338864249BB293420AD833889BB252
S214012410A3F5E16304FB03F140F2DC5391FBF3F116
S214012420CCB2214619481AF079F901AB01220021F4
S21401243028888DF804400EF0EFFD01AA01212888B6
S2140124400EF018FE01AB012200211B200EF0E4FD68
S214012450012101AA1B200EF00DFE07B0F0BD039B63
S214012460013303938FE721880948B1E70024D8E7B1
S2140124700040005AF0280020E07E0300EE280020ED
S214012480F27E0300E8280020277F0300397F03003F
S214012490117F030040F673622C4B70B51A8040F230
S2140124A06C722B4B90B02B481A801AF049F9012117
S2140124B02A2001F033FB01213A2001F02FFB0023F3
S2140124C0254D1A460321184606AC01F0C3FF0FCD71
S2140124D00FC40FCD00260FC495E803000323012582
S2140124E084E803001D4C324620461D49CDE90166AD
S2140124F0CDE903668DF806300596009502F010F8D2
S214012500184B8DF81100059341F20103204606AAE7
S21401251003A9ADF800308DF809508DF8035002F08C
S2140125203FF86A46204601A91BF0EBFC042204F59D
S21401253080539A624FF480320B4BC3F884215A6061
S2140125400A48E5601AF0FCF810B070BDEC280020CF
S214012550EA280020537F0300008103000040005A50
S2140125608096980040C5506500E100E07E7F03003C
S214012570042213B50B4C684604F500535A622146F3
S2140125801BF0FAFC4FF4965300990748594340F65E
S214012590FF73B1FBF3F11AF0C1F80123E36002B057
S2140125A010BD00BF0040005AA67F03000368324AF0
S2140125B023F47F4323F00703934210B53DD007D899
S2140125C02E4A934214D002F5A02293422BD010BD7E
S2140125D02B4A934243D002F17D7202F54032934278
S2140125E0F5D10379002BF2D1BDE81040FFF7C2BE4A
S2140125F0244C25481AF0A4F820460EF0A5FC02212A
S21401260020780EF0CFFC022120780EF0DFFC014688
S21401261020B91E48BDE810401AF092B81C48BDE823
S21401262010401AF07BB81B481AF08AF8BDE8104033
S21401263002211F20184A0EF01DBD18481AF080F816
S214012640FF22174B1A7002220E4B114618780EF015
S21401265093FC014608B91348DCE71348DFE7C37962
S214012660012BB4D10389114913F0010F104B114806
S21401267018BF1946D3E700BFA0000601A00001005D
S214012680A0000A03F50C0020C77F0300FC7F0300AF
S2140126901180030036800300F028002062800300CA
S2140126A0F40C00207080030088800300BE7F0300C6
S2140126B0B67F0300B680030008B50A481AF040F852
S2140126C0FFF7E8FE002341F699111A464FF4203031
S2140126D00EF004FD014620B1BDE8084002481AF09C
S2140126E01DB808BDC8800300D480030030B5036858
S2140126F0514A23F47F4323F00703934289B040F005
S21401270098800522002116204C4B0EF085FC0546CC
S21401271010B34B4C4B4920681CF0D4F84A4920684A
S2140127201CF0D0F81BF02BFA1BF02AFA474B484A4C
S21401273000934849592320681CF0C4F846492B46A3
S214012740464A20681CF0BEF8284600F0D1FA4449F3
S21401275020681CF0B7F8FEE70DF10F0104A80EF093
S2140127609FFC044610B3364D364928681CF0AAF87B
S214012770354928681CF0A6F81BF001FA1BF000FA90
S214012780324B334A00933349642328681CF09AF885
S21401279031492346314A28681CF094F8204600F057
S2140127A0A7FA2F4928681CF08DF8FEE7BDF814300B
S2140127B001465BBAADF818309DF8133008228DF843
S2140127C01A30FF238DF81B30FE238DF81C309DF840
S2140127D0123018208DF81D30BDF810305BBAADF8F8
S2140127E01E3006AB0EF018FC054610B3144C154906
S2140127F020681CF067F8144920681CF063F81BF089
S214012800BEF91BF0BDF9114B114A0093114974230F
S21401281020681CF057F810492B46104A20681CF017
S21401282051F8284600F064FA0D4920681CF04AF871
S214012830FEE709B030BD00BFA000010028810300FB
S21401284098120020517F03002E810300908103001F
S214012850338103005B8103006A8103006781030003
S2140128607F81030010B5234C01F032FA01F00EFC13
S214012870236F23F0070343F0030323671BF0C7FA14
S2140128801D4B00209B6A9B075EBF01221B4B9A6271
S214012890D4F8203123F0030343F00203C4F82031B7
S2140128A0D4F8243123F0070343F00203C4F824319B
S2140128B0D4F8403123F0030343F00103C4F8403158
S2140128C0D4F8603123F0030343F00103C4F8603108
S2140128D0D4F8403223F0030343F00103C4F8403236
S2140128E0D4F8003223F0070343F00103C4F80032A2
S2140128F010BD00BF0080005000C0005000E0005036
S21401290008B502F065F901280ED1114B04205A6E64
S2140129104FF480230F49520358BF0F4A4B6601F507
S2140129201041086258BF536603F096FD03F03AFD66
S21401293003F05AFD1BF075FFFFF794FF03F042FD0D
S21401294000F0DEFB00F0F4FEBDE8084004F028BA13
S214012950008000500090005000A0005030B51A4D85
S21401296095B00DAC0FCD0FC495E80700292384E878
S21401297007000021154A0DF12600CDE90223144B6C
S2140129800E22CDE904314FF48073069324F079FBCF
S2140129904FF4A0210F4B0DAACDE907130F238DF895
S2140129A0243010238DF825300B4B07A90A932023DA
S2140129B00B9301238DF83130084B0948009302AB85
S2140129C003F0B0FF15B030BD94840300000006503C
S2140129D0010101022400065047290020E0110020D1
S2140129E034120020831E012B10B512D8012922D8DB
S2140129F00121114B04221B6C0846C3F3400301F06E
S214012A0029FD0E4B1B681868A8B1BDE81040436A43
S214012A1018478B1E012B0CD801280CD8BDE8104096
S214012A200121054B00221B6C0846C3F3400301F04D
S214012A3011BD0129E5D910BD00C00350C00A002010
S214012A4008B50449044804F071FABDE80840FFF7E8
S214012A5085BF00BFC40A00205812002001481CF0A0
S214012A60DEB800BF34120020014B1A6A18681047FE
S214012A7034120020184B37B583422AD1174B1B78E6
S214012A803BB3C8B20EF0B6FA054610B3144C15495E
S214012A9020681BF017FF144920681BF013FF1BF07A
S214012AA06EF81BF06DF8114B114A009311498523FE
S214012AB020681BF007FF10492B46104A20681BF0C0
S214012AC001FF284600F014F90D4920681BF0FAFEB4
S214012AD0FEE703B030BD00BF60120020672900206A
S214012AE098120020517F03002E8103001E850300EB
S214012AF0B08403005B8103006A81030067810300E1
S214012B007F81030030B500250368584A23F47F43CC
S214012B1023F0070385B0934204460295ADF80C50A6
S214012B207ED002F5802293420ED0A2F182729342A9
S214012B3040F09A804E4B1B78002B00F0958005B034
S214012B40BDE830401CF090B9B0F80530232B40F0BA
S214012B508B80FF2304A91A4611E903001BF008F82D
S214012B60012814BF41F2FC15414B05F0FC0208BFD9
S214012B701870232120790EF065FA054610B33D4CF6
S214012B803D4920681BF09EFE3C4920681BF09AFEDA
S214012B901AF0F5FF1AF0F4FF394B3A4A00933A4916
S214012BA0592320681BF08EFE38492B46384A206888
S214012BB01BF088FE284600F09BF8364920681BF07B
S214012BC081FEFEE7344900902379344A0968344887
S214012BD000F0E8F80546002846D0264C264920682D
S214012BE01BF070FE254920681BF06CFE1AF0C7FF2B
S214012BF01AF0C6FF224B234A00932349622320681A
S214012C001BF060FE21492B46214A20681BF05AFE24
S214012C10284600F06DF81F4920681BF053FEFEE7BA
S214012C20B0F80530B7EE047A07EE903AF8EE677A18
S214012C30B0F8073067EE877A013307EE103AB8EE40
S214012C40C77A67EE877AB1EE047A67EE877AFAFE7C
S214012C50677AFCEEE77A17EE903AB3F57A7F38BFDB
S214012C604FF47A730C4A136005B030BDA00006021B
S214012C706729002098120020517F03002E8103004F
S214012C802D850300B08403005B8103006A81030085
S214012C90678103007F810300CC0A0020752A0100AA
S214012CA060120020012208B5074B1A700022074B5C
S214012CB01A700422064B1A701F22064B1A7003F074
S214012CC0F5FB054B186008BDF80C002068290020AC
S214012CD0F70C0020F60C002098120020024B034946
S214012CE018681BF0EFBD00BF981200204D85030049
S214012CF070B50C4C0C49064620681BF0E3FD03F04A
S214012D00D5FB0546206803F0C5FB3046FFF7E6FF16
S214012D10284603F0BFFB20680449BDE870401BF05D
S214012D20D1BD00BF981200204F85030051850300D6
S214012D3038B505461BF087F800230B4A14685CB1CA
S214012D40AC4206D1A96A6BB199621BF082F80120E8
S214012D5007E02346A46AF2E7002DF3D01BF079F8CA
S214012D60204638BD1160F0E79C12002010B50446DD
S214012D7098B104F045FD2046FFF7DAFF10B194F84C
S214012D802C300BB9002010BD1BF05DF8044A136807
S214012D90013B13601BF05DF8F4E72220F3E700BF68
S214012DA0A01200202DE9F04385B0054691469846CD
S214012DB00E469DF8307009B9002F5CD12846FFF702
S214012DC0D5FF0446002836D185F82C00686304F048
S214012DD00FFE864233D904F0A5FD2146844640F213
S214012DE0E7304FF47A720023E6FB0C0119F092F9F2
S214012DF04FF0FF32002319F08DF92B46E886114675
S214012E002846CDE900441D4A1BF0C7FF044690B989
S214012E10C5E9089885F82D702E631BF014F8184A3A
S214012E20136833B31A469B6A002BFBD195620023C5
S214012E30AB621BF00EF8204605B0BDE8F08347B143
S214012E402B4631462846CDE900440C4A04F08EFD57
S214012E50DCE7304603A904F06BFD04460028EAD1FE
S214012E602B462846CDE90077044A03991BF071FFEB
S214012E70CCE71560DBE72124DDE700BF852E0100E6
S214012E809C12002091F82C3013B50C4683B98B8E1A
S214012E90CA8E93420ED243B9CDE9003320460B4683
S214012EA0104A4FF0FF311BF038FFA38E0133A38683
S214012EB002B010BD52B191F82D307BB101230093C1
S214012EC0D1E908232046096BFFF76CFF0123064A68
S214012ED084F82C30136801331360E9E7084604F0E0
S214012EE08FFCF3E7852E0100A01200202DE9F041AA
S214012EF0144E336823B34FF00008134F1AF0A3FFA4
S214012F0005463C6824B92846BDE8F0411AF0A1BF41
S214012F1094F82C3093B1336884F82C80013B3360ED
S214012F2094F82D3013B92046FFF702FF28461AF011
S214012F3090FFD4E9083120469847DFE7A46AE1E725
S214012F40BDE8F081A01200209C120020034B1B68F4
S214012F50002B14BF04200120704700BFA0120020E0
S214012F60024B1868B0FA80F040097047A0120020A2
S214012F700348044A0449121A92101AF003BE00BF0D
S214012F8014D3030014D30300842A002008B500F0EC
S214012F902FF8FFF7EDFF124B12498B4212D3002098
S214012FA0114B12498B4218D3FFF7AAF9186850F84B
S214012FB02240586840F82240013298688242F5D390
S214012FC00C33EAE70022F8E71C6844F822000132D5
S214012FD05C68A242F8D30833E4E70022F8E700BFB2
S214012FE0D4CE0300E0CE0300E0CE0300E0CE030023
S214012FF04FF400414FF0FF30124B134A10B59A6060
S214013000D3F8882042F47002C3F888200F4A9166EC
S21401301001F1884101F5005210664FF6DF705066E7
S2140130200220C3F8D000BFF34F8FBFF36F8F082481
S2140130304FF440330648C0F88041D36004600B610A
S21401304010BD00BF00ED00E0002001000090005020
S21401305000E100E0014B1868704700BFD40A002069
S214013060084B1B6F03F00703022B04D0032B05D07C
S214013070012B05D0FEE7044B18687047034BFBE7AE
S2140130800348704700800050D40A0020DC0A002064
S214013090002D310108B5FFF7E3FF054B1B6FC3F3A6
S2140130A003330133B0FBF3F0024B186008BD00BFD9
S2140130B000800050D00A00200048704700B4C404C5
S2140130C0014B1868704700BFDC0A0020054B1860EA
S2140130D0054B1B6F03F00703032B01D1FFF7DABF84
S2140130E0704700BFDC0A002000800050004870478F
S2140130F0002D3101014B1868704700BFD80A002027
S21401310000239B6A10B5B3F5903F11D219680A4A9D
S21401311091420DD1094C227812F0FD0F01D000200A
S21401312010BDDB6998470028FAD101232370F6E722
S2140131304FF48170F4E700BF07B0CD5E6929002027
S2140131404FF00053074A1A60BFF34F8F0649074BEB
S214013150CA6802F4E0621343CB60BFF34F8F00BF2F
S214013160FDE700BF02020FF000ED00E00400FA05E3
S2140131700346054A0549106803448B428CBF4FF04D
S214013180FF301360704700BFE00A00200080002077
S21401319008B501213A2000F0C1FC032101230422D5
S2140131A0002001F057F900201AF06EFE0122214B93
S2140131B04FF46070C3F844241AF060FD1E4B00F50E
S2140131C0D520D3F8F02000F2FC4042F00102C3F80B
S2140131D0F020D3F8FC2042F08072C3F8FC20174A96
S2140131E0A3F55D431A60164B0222B0FBF3F0154BB4
S2140131F001381861C3F8F0204FF48072C3F8042335
S2140132004FF06043104A0020C3F8B02F0F4AC3F8AE
S214013210802ED3F8002E42F48072C3F8002EFF22CF
S21401322083F82020D3F8002E22F48072C3F8002EF3
S21401323008BD00BF00D0035000ED00E0FF030040D2
S214013240F8590D00000004E055CEACC50900010098
S2140132504FF06043D3F8802E30B5D20715D5012440
S2140132600B4D8440D5F8FC2042F08072C5F8FC2056
S214013270D3F8002E2243C3F8002E53F82020002A4C
S214013280F0D003F82010002030BD1120FCE700BF6D
S21401329000ED00E02DE9F04F9A46564B85B01B78BD
S2140132A006460F461546DDF83C909DF844B0DDF81D
S2140132B05080002B00F09780072A00F296800E9B24
S2140132C0002B00F09280B9F1000F00F08E80129B67
S2140132D0B3F5006F00F38980012803D1109B002B02
S2140132E000F08380444B03EB05131B7B002B7ED041
S2140132F0424C10220021684623F0C3FE04EB45141D
S2140133001022A7BB3946204623F0BBFE43F210032A
S2140133106380BBF1000F03D1E37843F00303E3704E
S214013320364A0E9B02EB451CCCE90193129B6901C0
S214013330581E9DF84C30C0F30A0003F003039B06A9
S21401334043EA001E53582E48012E00EA03004EEAB7
S2140133500003CDF800A0535017D0B8F1000F2ED1BE
S2140133609CF8023068F304138CF8023027E0002141
S214013370204623F086FE4FF444736380BBF1000FB2
S214013380CED1E37843F03003C9E713230CF1100ED6
S214013390CCF80C309CE80F008EE80F006FF00301AC
S2140133A0DCF81C20109B61F39F02012FCCF81C2037
S2140133B0CCF8143003D1CCF81890CCF804300027A0
S2140133C00D4A290102EB051342F80180159A284699
S2140133D05A60694622469F605E7301F0E3FA3846FA
S2140133E005B0BDE8F08F0748FAE70748F8E7074851
S2140133F0F6E700BF6A290020A4130020A4120020CB
S2140134000F80FFF3028000F0018000F0078000F0DB
S21401341038B5124B05461B78DBB1E0B11AF013FD47
S2140134200F4A00231146147B54B92B6001251A015B
S21401343001EB03131D738C501AF00BFD204638BDAB
S2140134400133082B02F11002EDD11AF002FD0548F6
S214013450F5E70548F3E70548F1E700BF6A290020CC
S214013460A4130020048000F0028000F0018000F028
S21401347038B51AF0E8FC002305460B4A147B6CB9F4
S2140134800133082B02F11002F8D101F02DFA074B97
S21401349028461C701AF0DDFC204603E028461AF088
S2140134A0D8FC034838BD00BFA41300206A290020B9
S2140134B0058000F00D4B10B51B78044693B1072824
S2140134C012D81AF0C0FC0A4B03EB04131A7B2AB17C
S2140134D000241C731AF0BDFC204610BD1AF0B9FC7E
S2140134E00448FAE70448F8E70448F6E76A290020A2
S2140134F0A4130020068000F0028000F0018000F096
S214013500154B13B51868002301908DF804301AF096
S2140135109AFC124B1C7824B11AF09BFC104802B09E
S21401352010BD01221A701AF094FC0E4B01A81C73F0
S2140135301C7783F82C4083F83C4083F84C4083F892
S2140135405C4083F86C4083F87C4008238DF8073094
S21401355001F0F6F92046E2E7A48503006A29002077
S214013560038000F0A41300200A4A08B512785AB165
S21401357007280BD8084A02EB00131B7B43B1002136
S21401358001F0D0F9002008BD0448FCE70448FAE73A
S2140135900448F8E76A290020A4130020028000F0FE
S2140135A0018000F0078000F00A4A08B512785AB187
S2140135B007280BD8084A02EB00131B7B43B10121F5
S2140135C001F0B0F9002008BD0448FCE70448FAE71A
S2140135D00448F8E76A290020A4130020028000F0BE
S2140135E0018000F0078000F00A4A08B5127852B14F
S2140135F007280AD8084A02EB00131B7B3BB101F0EF
S2140136001BFA002008BD0548FCE70548FAE705480F
S214013610F8E700BF6A290020A4130020028000F00A
S214013620018000F0078000F00D4B1B7893B107284E
S21401363012D889B10B4B03EB00131B7B73B10A4BFA
S2140136401A6D01238340134214BF01230023002077
S2140136500B70704705487047054870470548704726
S2140136606A290020A413002000000450028000F004
S214013670018000F0078000F00B4A10B512780C4666
S21401368062B107280CD859B1084A02EB00131B7B1C
S21401369043B101F0E3F92070002010BD0448FCE7B7
S2140136A00448FAE70448F8E76A290020A413002032
S2140136B0028000F0018000F0078000F0184B2DE931
S2140136C0F0411F6D5B6D1F4000D5FEE7012600250A
S2140136D0144CDFF85880374218D02368C8F8506079
S2140136E0A3B1A168284601316268A1609847637B4F
S2140136F0012B0BD150B90C4B03EB45131A7B60F32E
S21401370041021A731A7F60F341021A770135082DB8
S2140137104FEA460604F11004DDD1BDE8F08100BF92
S21401372000000450A4130020A4120020002004501E
S214013730024B1968024B186811F08EBCE40A00208F
S214013740040B002070B59400224605460E4624F070
S214013750ABFB431C0AD058B922463146284623F013
S21401376066FC0028034808BF002070BD0248FCE73D
S2140137700248FAE710E000F021E000F024E000F053
S21401378010B5044624F088FB431C10D088B901F01C
S21401379027FA234620F003002044984201D1002056
S2140137A010BD53F8042B0132F7D00348F8E703485D
S2140137B0F6E70348F4E700BF0EE000F021E000F072
S2140137C024E000F008B51AF037FB014B186008BD7D
S2140137D0141B0020014B18681AF032BB141B002082
S2140137E0044BD3F88420D206FBD4D3F88400C0F36C
S2140137F0811070470040005038B5104B0546D3F88D
S21401380020310C4603F00303022B0BD0032B0DD003
S214013810012B0FD1FFF71EFC052305B1286004B16B
S214013820236038BDFFF74CFC0323F6E7FFF75EFC89
S2140138300223F2E701230020EFE700BF00800050DB
S21401384073B50D4600210E4B0191D3F88041064613
S21401385004F00304012C09D0022C0CD00C460EB146
S214013860019B336005B12C6002B070BD01A8FFF763
S214013870C3FF0F24F3E7FFF739FC0190EFE700BF22
S2140138800080005038B5184B0546D3F824010C4685
S21401389000F00700062823D8DFE800F0040A121A11
S2140138A01E0E1600012305B1286004B1236038BD41
S2140138B0FFF7D0FB0523F6E7FFF7CCFB0623F2E77D
S2140138C0FFF7FEFB0323EEE7FFF7FAFB0423EAE725
S2140138D0FFF70CFC0223E6E71AF05FF90723E2E79D
S2140138E000231846DFE700BF0080005038B5104BB4
S2140138F00546D3F840310C4603F00303022B0BD0E8
S214013900032B0DD0012B0FD11AF049F9092305B16C
S214013910286004B1236038BDFFF7ECFB0823F6E707
S2140139201AF040F90B23F2E701230020EFE700BF6E
S2140139300080005038B5144B0546D3F800020C46FB
S21401394000F0070004281BD8DFE800F003090D117A
S2140139501500012305B1286004B1236038BD1AF0B3
S2140139601EF90923F6E7FFF7C5FB0823F2E71AF06D
S21401397019F90B23EEE7FFF78DFB0E23800AE9E723
S21401398000231846E6E700BF0080005038B5104B0C
S2140139900546D3F840320C4603F00303022B0BD046
S2140139A0032B0DD0012B0FD11AF0F9F8092305B11D
S2140139B0286004B1236038BDFFF79CFB0823F6E7B7
S2140139C01AF0F0F80B23F2E700231846EFE700BFE2
S2140139D00080005038B5104B0546D3F860310C46D0
S2140139E003F00303022B0BD0032B0DD0012B0FD1B9
S2140139F01AF0D5F8092305B1286004B1236038BD53
S214013A00FFF778FB0823F6E71AF0CCF80B23F2E76A
S214013A1001230020EFE700BF0080005010B40D4CDA
S214013A200B46D4F8204204F00304012C0AD0022CE1
S214013A300CD008B1002101600BB100221A605DF8BC
S214013A40044B70475DF8044BFFF7D6BE5DF8044B98
S214013A50FFF74CBF0080005038B50C4605461AF0FB
S214013A60EBF9054B9A6A54402C4054409C62BDE8E1
S214013A7038401AF0E5B900BF00C00050B0F5207F0D
S214013A801FD009D8B0F5007F15D003D868B1B0F5BE
S214013A90C07F0AD000200CE0B0F5607FFAD10B4B56
S214013AA0D3F88000C0F3011003E0084B186FC0F391
S214013AB0033001307047054BD3F89000C0F3046023
S214013AC0F7E7024B186FC0F38020F2E70080005042
S214013AD04FF400320E4B014610B500209A66FFF7F0
S214013AE0CDFF484341F671320A490B4B884294BFD9
S214013AF000200120DC69DA639A6822F4401242EA67
S214013B0000529A60E20344BF0022DA6310BD00BF90
S214013B1000900050005A620200000350420910B59E
S214013B200FD0012A0FD00A4B0A4C022A18BF23468F
S214013B3000F01F0049B103F58053012282401A604C
S214013B4010BD1346F4E7044BF2E703F50053F4E720
S214013B5068800050608200506480005008B5802064
S214013B601AF08CF8034B98429EBF4FF48032024BFA
S214013B701A6708BD005A620200A000501FB5002354
S214013B80B0F5807F019377D028D8382800F094804C
S214013B900BD82438092810D809280ED8DFE800F0F9
S214013BA0676767670D0D620D377D52285FD008D8AD
S214013BB03D283BD03E2800F08480019805B05DF892
S214013BC004FB8028F9D1414B1B6F03F00703013B2F
S214013BD0032BF2D8DFE803F044413F6CB0F5D06F19
S214013BE05BD019D8B0F5A06F66D00AD8B0F5806F53
S214013BF03DD0B0F5906FE0D1002001A9FFF742FE5D
S214013C00DBE7B0F5B06F2DD0B0F5C06FD5D1002091
S214013C1001A9FFF76BFED0E7B0F5006FECD00AD82C
S214013C20B0F5E06F4DD0B0F5F06FC6D1002001A918
S214013C30FFF7D0FEC1E7B0F5086FBED1234BD3F82E
S214013C40003103F00303022B2CD0032B2ED0012BC3
S214013C5030D1FFF735FA032300E005230193ACE7E3
S214013C600223FBE7002001A9FFF7EAFDA5E70020F4
S214013C7001A9FFF7C1FDA0E702934FF0E0231B69FE
S214013C805B0705D5FFF706FA0C230393039BE5E7CD
S214013C9003A902A8FFF72AFEF8E7002001A9FFF70B
S214013CA049FE8AE7FFF726FA0823D7E719F075FFDA
S214013CB00723D3E70123D1E7002001A9FFF7AEFED2
S214013CC07BE7002001A9FFF761FE76E70080005040
S214013CD04FF40022034B5A66012203F580439A6291
S214013CE0704700BF0090005008B5FFF747FF08284F
S214013CF011D00938012802D94FF6FF7008BD4FF4DC
S214013D000012064B5A6603F5D8335B6ADB07F3D518
S214013D104FF4FA70F2E7024B1888EFE70090005074
S214013D20E00C0020F8B504468020FFF727FF0328A3
S214013D3000F087804FF40022424B02215A6645F676
S214013D400E03414AC2F88030404B9962012103F5C7
S214013D5080539962936DD903FCD4D4E900131B05F3
S214013D6043EA0163E17B94F820500B43217BE77E15
S214013D7043EA0143617B6D0143EA0133A17B43EAD8
S214013D80811313619169D4E904031B0643EA806336
S214013D9001F000410B43A17E94F823000B43217EE2
S214013DA043EA0143617E43EA01239361136AE669AC
S214013DB023F00D0394F8221043EA8703002E2DD139
S214013DC01362966A94F8213045EA031326F0330508
S214013DD02B4343F0010393621D4D1B4B9A6D35EA4D
S214013DE00202FBD10222194DAA621A659A6D52008F
S214013DF0FCD41A69A56822F4700242EA05521A61D7
S214013E004FF00042114B9A6119B9022203F5805313
S214013E109A6278B901220F4B9A620BE0334343F062
S214013E2008031362936A23F0330303432B4343EAE5
S214013E304103936294F824301BB1034B064AC3F83E
S214013E408020F8BD0090005000C0005000D0005007
S214013E500300014000E00050F1A7FFFF1E4BFF28C2
S214013E6070B59E6A35D89A6D12F4803F18BF01214D
S214013E701A4A18BF9162022191629B6DDC0303D539
S214013E80154A936D9907FCD50222144B124D1A65FB
S214013E90AC6D14F08044FBD1114AAB6992F9002055
S214013EA023F47F03024423F47F4382F3080243EAA8
S214013EB0002343EA0243AB6131460220FFF7CCFD03
S214013EC0AB6DDB0303D531460120FFF7C5FD204668
S214013ED070BD2124FBE700BF00C0005000D0005099
S214013EE06B290020014B93F9000070476B290020D5
S214013EF001221548154B816A9A62826D02F003020F
S214013F00032AFAD102229A621A650F4A936D5B0060
S214013F10FCD40F48936D30EA0303FBD101220B4B0F
S214013F201A65A3F580539A6D9007FCD49A6D920793
S214013F30FCD50222054B1A65034A936D9B07FCD5F7
S214013F400320FFF789BD00BF00C0005000D000501D
S214013F5003000100014B1880704700BFDE0C0020F3
S214013F604FF4001208B5184B5A660223174A5360DD
S214013F70936813F48033FBD1012822D1FFF7A0F810
S214013F80134B984215D003F5122303F5F8639842B4
S214013F9013D0104B00EB8002400AB3FBF0F3520A39
S214013FA00A49CA620B6301234B620022074B5A601F
S214013FB008BD45F67A13084AF2E745F61A03074A9A
S214013FC0EEE75362F1E700BF009000500040025058
S214013FD000F0490264666666D8B80500BBCF0500E6
S214013FE0B0F5207F10B50C4642D008D8B0F5007F5A
S214013FF033D003D888B1B0F5C07F0ED010BDB0F570
S214014000607FFBD11F4A4C1ED2F8803023F030036C
S21401401043EA0413C2F88030F0E719F027FE19F0DE
S214014020F1FE4FF48031184B164A1967136F013CA5
S21401403023F4704343EA04331367FFF72BF804466F
S214014040FFF7CEFBC0F10201204619F0D5FE00F0C5
S2140140502DF8BDE81040FFF781BD0A4A4C1ED2F884
S214014060903023F0F85343EA0463C2F89030C5E772
S214014070044A4C1E136F23F4806343EA84231367B8
S214014080BCE700BF008000500090005008B5012139
S214014090022000F0E7F819F0E9FD19F0B3FE4FF43D
S2140140A08032014B1A6708BD0090005008B54FF4E6
S2140140B0C07019F0E3FDBDE808400449884294BF8A
S2140140C0012102214FF42070FFF78ABF80F0FA0227
S2140140D0034B5868C0F30800003818BF012070472A
S2140140E000ED00E010B5224B70B94FF40031214AC3
S2140140F01860516602F598325268012A03D11E4AA9
S214014100D2F800211A6010BD1B68002BFBD01B4A99
S2140141105268012AF7D0184A8020C2F80031FFF70A
S2140141202DFD05281FD14FF4C070FFF7A7FC01280D
S214014130044604D102214FF4C070FFF751FF072255
S2140141400F4B1A610122A3F580535A600B4A13697B
S214014150DB07FCD5012CD6D12146BDE810404FF433
S214014160C070FFF73DBF0122064B5A60CBE700BF88
S214014170181B0020009000500080005000C0015025
S21401418000E0015000D00150044A4178536F23F4F7
S214014190407343EA01235367704700BF0040005055
S2140141A010B5044610B10020FFF79CFF104A1369B2
S2140141B043F00403136103F0F5F819F04DFE0D4BBF
S2140141C00D4AC3F8202419F037FE23F069FE19F0D2
S2140141D037FE19F042FE03F00DF91CB9BDE8104098
S2140141E0FEF758BF0120BDE81040FFF77BBF00BFB8
S2140141F000ED00E000E003500000FF0F10B504469C
S21401420010B10020FFF76EFF0E4A136943F0040356
S21401421013610D4B0D4AC3F8202403F0C3F819F0BF
S2140142200BFE23F03DFE19F00BFE03F0E3F81CB97C
S214014230BDE81040FEF72EBF0120BDE81040FFF795
S21401424051BF00BF00ED00E000E003500000FF0F8B
S214014250034A0179D36E23F030030B43D3667047CC
S21401426000400050F8B504461C4BD3F88420D10614
S214014270FBD4D3F88430C3F381139C422CD0FEF7D1
S214014280EFFE012C064602D1214619F0B5FD19F0C4
S214014290D3FD4FF00072124B07465A66204619F0BE
S2140142A0E3FD4FF480630D4D621E93402B676B6EEA
S2140142B09A0103D4D5F884309B060AD5384619F0FE
S2140142C0BFFD022C08D13046BDE8F840002119F0A8
S2140142D093BDD5F88430EAE7F8BD00BF0040005032
S2140142E00060005010B50C4608B9FEF7B9FE074B42
S2140142F021461B783BB1064B984204D80120BDE805
S2140143001040FFF7AFBF0220F9E700BF6C2900207D
S214014310005A62020278034B012100201A70FFF74F
S214014320E1BF00BF6C2900204FF0004238B5264B94
S21401433026495A6601224A604AF6CD3103F50B2317
S2140143405D6C1964154030BB9968C9070BD400240D
S21401435001221F4B5A6015B11E4B1F4A1A6422F0E8
S21401436034F9204638BD1A498A601C4AD96ACC07F6
S21401437005D4904201D10724EAE70130F6E79042DE
S214014380E5D1F8E70132DC6A14F0080406D08A4267
S214014390F8D10724DFE700221049F4E78A42F8D073
S2140143A020220B4B0B495A620122A3F580539A60D7
S2140143B023460A4A486A800603D49342E9D0013369
S2140143C0F8E79342C7D1E4E7009000500050095047
S2140143D000600950004009503254FFFF40420F0070
S2140143E04FF0004238B5174B174C5A66012203F5B9
S2140143F00C235A604AF6CD33656C236443789340A8
S2140144001343124AD363C3788178A2689B0043EAB8
S214014410011322F074021343A3600279837943EAFD
S214014420022323614279C37943EA02236361007858
S214014430FFF77AFFEB0744BF054B236422F0C5F86C
S214014440012038BD00900050004009500040005047
S2140144503254FFFFF8B504460D461F4616464AB1CC
S21401446001238B403021184A01FB0022F7B141F2AB
S2140144701001535004EB4403072D4FF00F014FEA90
S214014480031316D8A80006FA00F281400F48184414
S21401449019F0EBFC4EB9012330210B4AAB4001FB6E
S2140144A0042277B141F210015350F8BD42F21001D7
S2140144B0DFE7A5F10800800006FA00F28140044813
S2140144C0E5E742F21001EFE700C0035004C00350D5
S2140144D00CC00350084608B569B92A2019F0CEFB6E
S2140144E0B0B10C4B984206D90B4B9B68C3F30273D1
S2140144F00133B0FBF3F0094B00F5742000F23F20C6
S214014500B0FBF3F001387F2828BF7F20C0B208BD7A
S2140145100120F0E7005A62020040005A40420F00B4
S2140145200B4B10B5994228BF19460C461AB92A20DA
S21401453019F0A4FB0246631E1344B3FBF4F0A34236
S21401454028BF00F1FF30032828BF0320C0B210BDEA
S214014550005A620210B51048104C002B08BF0446E2
S2140145608C4228BF0C461AB92A2019F087FB02464E
S2140145709DF8083040F2FF300133B2FBF3F2631EC0
S2140145801A44B2FBF4F3A24228BF03F1FF33984268
S21401459028BF184610BD00BF80969800404B4C00BF
S2140145A02DE9F04F2DED048BDFF834830F4687B0ED
S2140145B01446414600220546FFF7B2FF7E79864241
S2140145C038BF0646284619F060FC3879F6B250B96D
S2140145D02A2019F053FB4045014628BFB0FBF6F1EF
S2140145E02846FFF777FFFB7832071B0102F0E0420F
S2140145F003F03003134300043A7800F4FE0003434B
S2140146000AB143F002037A780AB143F00403BA7898
S2140146100AB143F00803AB60FB883A892B617B89BA
S21401462043EA02432B62A44B9D4200F03F810123E3
S21401463005F580556B6007B0BDEC048BBDE8F08FC7
S214014640D0F880015BB91FFA80F9DFED9C7A79E03A
S214014650D0F880714FEA1749002B00F0F4804FEA3A
S2140146600A1101F1B441C2F3090201F580414A6021
S21401467008F101081434B8F1020FD8D000222378CB
S214014680DFF834928E488F49A768934218BF0146D7
S214014690009648460393FFF75DFF09EB0819D9F822
S2140146A04810BAB2039B824201EA0B0138BF0246A8
S2140146B003F003000843617894F803C0890001F011
S2140146C01C010843A1784FEA081E090301F4E041E2
S2140146D001434FEA0C4000F4E0200143207C08F13E
S2140146E0050A400500F4600001432079000700F048
S2140146F040500143C9F84810D9F848707248C7F3CA
S2140147000237013F042F00F296800FF2080959F88C
S21401471027F000BF41460100414601005146010015
S214014720294701001D480100D0F88471002B96D15D
S214014730D0F88C311FFA87F91B145B0007EE903A0C
S214014740F8EEE77A01230EF1B44E0EF5804EDEF850
S214014750480029F4C047C0F3820000F1010E03FAB5
S2140147600EF309EE103ABF0419F4004FB8EEC99AD9
S214014770F6EE008A544B18BF47F00047002866D172
S214014780D3F88C311BB208EE103AB8EEC88A38EE70
S214014790278ABCF1000F71D105A8039200F000FA38
S2140147A0DFED4A7A28EE278A039A9FED497AC7EE0B
S2140147B0097A9FED487A67EE877AB1EE007AB7F10B
S2140147C0004F48EE077A0BD0DFED436A07EE109AEA
S2140147D037EEA66ABAEEE87AF0EE667A57EE067A11
S2140147E0F5EEC07AF1EE10FACBBFF1EE677A78EE0D
S2140147F0E78A77EEE87AFDEEE87AC8BFFDEEE77A5B
S21401480017EE903AB3F5003F47DB6FEA57476FEA7A
S214014810474729484FEA0A13C75020E7D0F8847162
S214014820002B7FF41CAFD0F88C314FEA17491B14CC
S21401483003EB430382E7D0F880011FFA80F9002BCF
S2140148403FF403AF0BE7D0F88C311B1476E7D3F8AF
S2140148509001D3F8883100B207EE100AB8EEC77A95
S2140148601BB277EE677A69EE286A08EE103A87EE91
S214014870A67AB8EEC88A38EE078A8AE7D4ED037AB4
S214014880DFED166AF8EE677A87EEA67AF7EE046A27
S214014890C6EE877A27EE888A87E713F5003FAABF18
S2140148A0C3F3110347F400371F43B2E74FF0000884
S2140148B0DFF830B0DFE600BF0040005A000000001D
S2140148C0404B4C00809698000080E00F3D3B843FB3
S2140148D000008043000020440000004900007A44A4
S2140148E0005A6202E08F18CF4FF400120B4B10B53E
S2140148F0C3F88020BFF34F8FBFF36F8F0024FF22D2
S214014900074B21465C6520209A625C60FFF706F93A
S2140149102146BDE810402120FFF700B900E100E084
S21401492000000450044A054B002908BF1346012223
S21401493082401A60704700BF401004504020045067
S21401494010B5012104462020FFF7E8F801212120B7
S214014950FFF7E4F80122114B5A60227812069A609A
S2140149606178A27842EA01429A61FF229A620022A5
S2140149709A631A644FF000425A654FF0FF324FF4C3
S214014980001103F500531A65054AC2F88011E37851
S2140149901B01DBB282F81533116010BD0000045014
S2140149A000E100E0F8B50125C3B2DFF888C0D1F810
S2140149B000E09D408F7ACB7A0C46097BCCF85050AC
S2140149C00CF5005C4CF820E04FF0300E174E1B053E
S2140149D00EFB006094F80DC043EA074343EA4153D7
S2140149E022F00302C0F860C0C365026719F02BFA13
S2140149F0736D227A2B4373650D4B02B11D64627A87
S214014A0002B19D632279A37943EA0243094A93617D
S214014A106179E37943EA014305498B61034B5563A9
S214014A209D64BDE8F84019F014BA00BF00000450B8
S214014A30001004500020045010B50124C0B2844078
S214014A4019F001FA044B5A6D22EA04025A659C6277
S214014A50BDE8104019F0FDB90000045010B501245E
S214014A60C0B2844019F0EFF9074BDA6A224208D146
S214014A705B6B9C430CBF0124002419F0EAF9204625
S214014A8010BD0024F9E700BF000004504FF40032C7
S214014A90054B9A6641F6713203F51C33DA6301223F
S214014AA003F50053DA6070470090005041F671320A
S214014AB00121064BDA6303F50052D1600022DA6366
S214014AC04FF40032A3F518339A667047000003507E
S214014AD0CB784A7810B55B010C7843EA82030A79F1
S214014AE0234343EA02130C22424302F1B04213630A
S214014AF0012C02BF8A78024B43F8202010BD00BF6C
S214014B00E880035008B54FF0B0435A686AB958B107
S214014B105B680BB119F038FA01210D4B596019F099
S214014B2033FA4FF0B043D96008BD5B680BB119F09A
S214014B302BFA0028F0D119F027FA4FF0B0430222E1
S214014B40DA6019F021FA0122024B5A60ECE700BF45
S214014B5000100058002000584FF0B0414B6810B5C7
S214014B600BB119F011FA01220B4BC4785A60837805
S214014B70934043EA840344782343047943EA0413C5
S214014B80447943EAC4038B60044B5A600378C3F14B
S214014B900203CB6010BD00BF002000580010005873
S214014BA04FF48032064B5A6603F5E6235B69C3F37E
S214014BB08512827003F03F021B0B42700370704730
S214014BC000900050014B986CD96C70470080E00F44
S214014BD0024B1868C0F30740704700BF0080E00F23
S214014BE00120034B9B680A3303F01F03984070476C
S214014BF00080E00F70B5054616461C4621B94FF4F5
S214014C00207019F03BF80146402C1BD003D8DCB1CC
S214014C10202C1BD070BD602CFCD1042303FB06F2B4
S214014C20530803EB4113B3FBF2F36021084A203B20
S214014C3002EAC30305F50052916005F580529460BF
S214014C40EB61E7E70623E9E71023E7E70823E5E753
S214014C50F8FF7F00012200F580535A6040F6AA63F0
S214014C6041F20502436100230B498360C365C260BC
S214014C7000F500520361C361C3649164074983650B
S214014C80884203D103650023436502E00449884254
S214014C90F8D0012353607047FFFF010000C00550A4
S214014CA00000065070B50D46FFF7D4FF012300F54E
S214014CB080567360AB7C04461BB1836843F0804327
S214014CC08360EB7C4BB1344A2B7D944243D1A2F5F1
S214014CD01032C2F88C318023F3652A8A6B7B20461A
S214014CE01343EA891343E3602B7BD5E90112FFF7EF
S214014CF081FF6B7D1BB1A36843F48033A360AB7D5A
S214014D001BB1A36843F40043A360EB7D2A7E1B0717
S214014D10120502F4E00203F0E0431343A365697E43
S214014D201D4A8B1E012B1D4B1FD894421BD002F52A
S214014D30804294420CBF01224FF0FF3203EB421334
S214014D40022041F21C620329985020D10423F36506
S214014D502B78636170BD124A944204BFA2F52032DB
S214014D60C2F89C31B7E70022E8E794420DD00C4A1E
S214014D7094420CBF01224FF0FF3203EB4213022094
S214014D8042F21C6201299850DFE70022F5E704226F
S214014D9004F50053DA65DBE700C0055000C0035098
S214014DA00000065038B50446054D21F032FC0FCC04
S214014DB00FC594E8030085E80300002038BD00BF56
S214014DC01C1B002047F6FF739A42F0B56FD00229EC
S214014DD06FD8394B5B5C012B6BD8384DDF0005EB88
S214014DE0C30415F83330A178012B13D10025E078E0
S214014DF0401AA84202D80844C0B2F0BD431B6668F8
S214014E00A0EB530336F913609642D4BF1D4603F157
S214014E10FF30EEE760680028EFD0B0F9004094421A
S214014E2004DBB0F902409442B8BF144683883D447F
S214014E30FF2B19BFC8224FF0280CB0F90620B0F995
S214014E4008C0A2EB04030CBF0126002693FBFCF36B
S214014E5033446E781BB29E4201DD002B01DA731ECD
S214014E601BB24FF47A7C01339BB2071D5D1E2DB237
S214014E704FEAC50E00EBC505EA88AD689E4214FBF5
S214014E80025222EAE27202F15C02B2FBFCF204DD9B
S214014E9037F8335001339542E8D200EB0E03988879
S214014EA0904228BF1046884238BF0846A4E7FF2034
S214014EB0A3E70020A1E700BFC98503001C1B002053
S214014EC00229F0B555D82C4B585C012851D82B4CEB
S214014ED004EBC00114F830004B6801280FD1C878E4
S214014EE08C78904294BFC4EB0001C4EB0201001B16
S214014EF0CAB28242C8BF002233F91200F0BD002BAD
S214014F0037D08878904202D3B3F90200F6E7CC781E
S214014F10B3F900009442F1D94C789988013CA1F18B
S214014F20FF06714203F10405E4B2714103F10C0777
S214014F30CEB2B44216D805EBC1014FF47A756A4376
S214014F40B1F902404968521A04EBD47102EB6102CE
S214014F5092FBF4F29042D1DBB3F902009042CDDC31
S214014F6010B2CBE737F831C04E1C9445E3D3314637
S214014F70DEE70348C2E700BFC98503001C1B00200B
S214014F800080FFFF08B50448FFF70CFFBDE80840A6
S214014F90012021F042BB00BFCC85030000487047CA
S214014FA0E20C00207FB51422002101A822F069F846
S214014FB0044B01A94FF0FF30029321F063FB07B0C9
S214014FC05DF804FB006A18001B0603F0706300F02E
S214014FD00F000902034301F47061120402F4702207
S214014FE00B431343014A1360704700BF0020025C65
S214014FF060B5054619B10139B1F5806F0FD2094E7A
S214015000F06810F48030FBD143EA012312072B43EA
S21401501002F08052134343F00043736060BD0120E9
S214015020FCE700BF0020025C0122054B9A60DA68AB
S214015030D203FCD4D86820F00F000004000C70479F
S2140150400020025C014B1868704700BF0040025CFC
S214015050014B5868704700BF0010025C014B186B8B
S214015060704700BF0010025C014B1868704700BF14
S2140150700010025C014B9860704700BF0010025C94
S214015080014B1864704700BF0010025C014B586466
S214015090704700BF0010025C014B5863704700BFA9
S2140150A00010025C0022014B1A6070470010025C7F
S2140150B0024A136843F00103136070470010025C54
S2140150C0024A136823F00103136070470010025C64
S2140150D043F20402014B1A60704700BF0010025CE5
S2140150E0024A136843F03003136070470010025CF5
S2140150F0044B1A6842F480721A601A6822F48072AD
S2140151001A6070470010025C024A136843F4806319
S214015110136070470010025C034A136823F470237F
S21401512043EA0043136070470010025C044B1A699F
S21401513002605A6942609A698260DB69C36070479F
S2140151400010025C0268044B1A6142685A61826868
S2140151509A61C268DA6170470010025C024B1A6BF2
S214015160D207FCD4186270470010025C0322024B7F
S214015170186019615A6370470000025C82B01FB55F
S21401518007930A9B04AC8B4228BF0B4604E9070031
S2140151901048D100079948BF03330160099948BFF9
S2140151A023F0030323F0704301F0E041194341F07B
S2140151B000518160002102F0E042019C1A4342F056
S2140151C00052C16004618261416304B0BDE81040D1
S2140151D002B070470000025C3F22034B1A631022A4
S2140151E0DA6103229A6370470000025C024AD36BBD
S2140151F09B07FCD4704700BF0000025C044B9B6A0F
S21401520013F0240F14BF012000208000704700BF58
S2140152100000025C08B5FFF7F1FF064BDB6B23F4D9
S2140152207F4323F0EF0303431EBF0122024BC3F863
S214015230FC2F08BD0000025C00F0FF3F4368182BFE
S2140152400AD0202B1DD0102B2BD1174BD3F80434AA
S214015250DB010AD401207047134BD3F804349A01BA
S214015260F8D50B6843F008030B6003680F4A9342B6
S21401527010D10B6843F040030B600023436000200D
S2140152807047094BD3F804345B01E3D50B6843F050
S2140152900403E9E7064A9342F1D10B6843F0800321
S2140152A0EAE70720704700BF0000025C6E29002075
S2140152B06D2900200B4607B50749D1F80414C90724
S2140152C008D5002100920246084600F02FF803B0E8
S2140152D05DF804FB0120FAE70000025C13B5084CF8
S2140152E0D4F80444E40508D5009313460A4601465B
S2140152F0002000F045F802B010BD0120FBE700BF1A
S2140153000000025C13B5084CD4F80444E40508D543
S214015310009313460A460146002000F055F802B0F5
S21401532010BD0120FBE700BF0000025CF0B51C4683
S2140153305B6815468DB01A07129E1AD1CBB17268FA
S214015340934216D10C4B0D4A53F8217009AB07CA8C
S21401535083E807001A462946CDE90533CDE903332C
S214015360CDE90163009447F4807018F021FF0DB079
S214015370F0BD0720FBE700BF5C86030050860300F4
S214015380F0B516465A688DB0102A0D46129F15D1F3
S2140153907A68102A12D10A4A09AC07CA84E80700BB
S2140153A022462946CDE90547CDE90344CDE9014426
S2140153B00448009618F0FCFE0DB0F0BD0720FBE790
S2140153C05086030030000100F0B516465A688DB0CD
S2140153D0102A0D46129F15D17A68102A12D10A4A50
S2140153E009AC07CA84E8070022462946CDE90574B8
S2140153F0CDE90344CDE901440448009618F0D8FEEF
S2140154000DB0F0BD0720FBE7508603001000010039
S21401541070B598B0002843D02C4C08AD0FCC0FC502
S2140154200FCC0FC50FCC0FC594E80F0085E80F0011
S2140154306D4604AE04F1100320340FCB85E80F004F
S21401544094E80F0086E80F00FFF752FE0420FFF7EE
S21401545063FEFFF73DFE3046FFF774FE002408AEFC
S21401546056F8040B0134FFF779FE102CF8D1FFF73C
S214015470EFFD0328FBD90024FFF714FE2646FFF7AD
S214015480E1FD55F8043B01365840042E44EA000479
S214015490F5D12CB1012206200D4B1A7018B070BD43
S2140154A0FFF726FE0820FFF7E5FD0020FFF7E8FDE1
S2140154B00720FFF7EBFD4FF40070FFF7EDFD082026
S2140154C0FFF72AFEFFF7F4FD0020E7E73887030021
S2140154D07029002008B5FFF70BFE0122014B1A7058
S2140154E008BD00BF6F2900201FB519F05DF80446FE
S2140154F030B1012206240D4B1A70204604B010BDAF
S214015500FFF7A0FD0090FFF79DFD0190FFF79AFDC4
S2140155100290FFF797FD03906846FFF713FEFFF72B
S214015520D9FFFFF7DDFDFFF7EFFDE6E77029002065
S21401553006289ABF014B185C002070479887030025
S21401554030B5154B87B00293144B0390049346F67F
S21401555011030D46059300F077F91428044616D179
S214015560684619F0CBF84FF0A843032202A95A6304
S21401557019601D619A63DA6B9207FCD1142C02D173
S214015580684619F0C9F800F093F9044601E00028CE
S214015590E9D0204607B030BD341B002004000020AF
S2140155A02DE9F04FB1B005468C469E46E8466F4E53
S2140155B0DDF8EC90409C06F1100A474630687168A9
S2140155C0083603C75645B846F7D13E9B03EB02089B
S2140155D0C8F1000A0AF00F0AB9F1000F00F09D8029
S2140155E0C9F1000707F00F070121DDF8FCB044F010
S2140155F00050C4F11006CDF810B0059106903002A7
S21401560000F4F85040F021000790B9F1000F40F087
S2140156108680CDF820D047F00050002D00F0848021
S214015620099121210A9041EA07210B9142F000508D
S214015630CDF830C03D9B08A94FEA0A2C0D910E907B
S2140156404CF041000F901093002A75D13E9B1191AA
S21401565043F0005312933C9B1390149310AB159395
S214015660434B444A169340F611031793424B0021CD
S214015670002D08BF1346189314AB19933F4B102205
S2140156801A9311231B931CAB184621F0FAFC012236
S2140156901D92002246F0804603461E96239205B9C7
S2140156A0EB46102CCDF880B024AE4BD10123224618
S2140156B0002130462193229421F0E3FC20AB002107
S2140156C025938F4218BF334647F0804226923A9A76
S2140156D02CA828922993B2FA82F35B0949EA8373CC
S2140156E010222B912A9321F0CCFCB9F1000F00D0A7
S2140156F028AED04448F080432CA918A82D962E93A6
S214015700FFF71EFF30B92DB90346A34225D1002865
S21401571018BF2C2031B0BDE8F08F102764E7CDF814
S21401572020E049F0005078E7002C3FF479AF04A957
S214015730099101210A9076E73E9B0CAA119241201D
S214015740129388E71022002130462193229421F0FB
S21401575098FC002CB2D10123B1E703F1C0026A44E0
S21401576012F8C02C01331043CFE700BF9F87030018
S21401577010000020B4870300B8870300040000204F
S214015780F0B5C0299FB0DDE9244557D0B1F5807F3B
S21401579004D0802948D029201FB0F0BD01265CB175
S2140157A040F234470294102403960494212401976E
S2140157B00594069502AC0AE040F2144702941024C0
S2140157C003960494212405940124019706950794D1
S2140157D001251024089409950A9221220B950C9410
S2140157E00D92174A0AAD0E92164A0F95109242F67E
S2140157F011021192129313951494159201AA1692FE
S214015800D3B112AB1793042318931123199316AB34
S2140158101A901B9340F61103C9081C911AA806A9F1
S2140158201D93FFF78DFEB7E7012614B94FF4826783
S214015830C4E74FF48667B5E70EABE3E70F20ABE7A7
S214015840B08703001000001038B5164B5A6E42F0B0
S21401585004025A66D3F8802242F00102C3F880227D
S214015860114B5B68C3F3080343B14FF0A842D36BF7
S21401587013F0430FFBD11424204638BD4FF0A84344
S214015880DC6B14F04304FBD1084D2B681BB90421D3
S214015890284602F059FC2B68013343F000432B6085
S2140158A0EAE700BF0080005000ED00E0341B002056
S2140158B0014B00205B68704700ED00E04FF400529A
S2140158C0034B00209A660322C3F86022704700BF8C
S2140158D0009000504FF40052034B00209A660322BA
S2140158E0C3F86022704700BF00A00050012300F0FB
S2140158F01F02A0F506200949A0F550604009934013
S21401590051F820201A4341F82020054951F820205B
S21401591022EA030241F82020704700BF4C1B0020FA
S214015920381B00200121A0F506230E4AA3F550637B
S2140159305B0900F01F00814052F82300014342F842
S21401594023100949D1E90030034488680344C86834
S214015950096903445B1802BFC2E90033C2E9023396
S21401596013617047381B00204C1B00202DE9F04FB7
S214015970A9B003921D4604460822339ECDE90401D0
S214015980414021FA02F34B40980702F1080218BF82
S2140159909B00202A1C44F4D18123B4FBF3F303EBD0
S2140159A0C313E41A734B04F506241B7804F55064FC
S2140159B0002B3ED1FDF7BCFE074620B16FF09100EB
S2140159C029B0BDE8F08F0146402208A821F059FB16
S2140159D04022394618A821F054FBDFF8B481DFF8DD
S2140159E0B491C3460BF10F0ACDF800A0102208A906
S2140159F05B46D9F8000020F09BFB0022014608F127
S214015A00100808AF914246D1CDF800A05B4610229F
S214015A10D9F8000018A920F094FB4FF0000A83463D
S214015A2018AFD34541D1544B9845DAD10122514B99
S214015A301A704FF0810A4FF00008DFF85CB1A4F548
S214015A400627A7F550635B095BF8232004F01F01C6
S214015A50CA40D2073DD4494A52F82330CB40DB072F
S214015A602AD5B8F1000F08BFA0468123A7F6FF4745
S214015A70B7FBF3F303EBC313FF1A07F50624BAF1DA
S214015A80010A04F55064DAD1039BBBB1B8F1000FEB
S214015A9014D0444619E057F8040BCDE90612FFF777
S214015AA025FF079A06990132ACE757F8040BFFF772
S214015AB039FF0AF1010AB4E7039B13B96FF08B00B3
S214015AC07EE7B8F1000F18BF4446349B00201C60E7
S214015AD076E7329B13B10023329A13600EB100238E
S214015AE033601023DFF8AC9000932A46002321464A
S214015AF0D9F800000FF022FC60BB32992A68204BCF
S214015B00C9B99A4206D02146D9F800000FF0AEFC7A
S214015B100028D3D1D5E90223DDE90410834208BF6A
S214015B208A42A2D1039B002BCFD06B68012BCCD12C
S214015B306FF0840044E7102032999A420860E2D15F
S214015B40002EE7D033462146D9F8000018AA0FF0F8
S214015B5049FC48B10B4B9842D5D00B4B9842D2D05A
S214015B600A4B9842D6D029E7329A336812689B1AB4
S214015B703360CFE77129002000710800381B002030
S214015B80105D175EFFDF00F011E000F0FEDF00F0B1
S214015B90006D0800040B00204C1B00202DE9F04F7F
S214015BA087B08246894698461646DDF840B02AB147
S214015BB0002B4FD040F26C739A424ED8BBF1010FC6
S214015BC04ED8002406F1100739460120059419F035
S214015BD066F90546002846D021463A4621F051FA94
S214015BE005ABCDE9014300942B46012250464946B8
S214015BF0FFF7BCFE044680B110F18C0F08BF6FF0B2
S214015C008D043A460021284621F03BFA284619F031
S214015C1056F9204607B0BDE8F08F144BC5E902A936
S214015C202B60C5F804B02EB13246414605F110008E
S214015C3021F032FA059E0E483B462A463146006858
S214015C400FF0E4FA18B93046FFF750FED9E76FF0C7
S214015C509104D6E76FF08604DBE76FF09104D8E78E
S214015C606FF08504D5E76FF08C04D2E7105D175E00
S214015C70040B00202DE9F0438DB08146DDE9147850
S214015C800E4615461C469BB1B8F1000F05D16FF0C4
S214015C90860630460DB0BDE8F083002FF7D0B7F189
S214015CA0005FF4D3C3F1005303F500439F42EED8DF
S214015CB01022002108A821F0E4F9002207AB029384
S214015CC005AB019306AB31460093484608ABCDE9D8
S214015CD00522FFF74BFE06460028DAD1059BA4B144
S214015CE0AB4215D853EA0504D1D1069B0B48C8F838
S214015CF0004000943A46079900682B440FF01EFBBB
S214015D00002818BF6FF09106C3E7AB42EDD2BEE79D
S214015D105B1B9C4228BF1C46E7E700BF040B002024
S214015D2030B58DB00C4605461022002108A821F09A
S214015D30A8F9002207AB029305AB019306AB2146F7
S214015D400093284608ABCDE90522FFF70FFE04466F
S214015D50D8B9099B012B1BD0079D104B2946186803
S214015D600FF084FBB8B90122A5F506230C49A3F56B
S214015D7050635B0905F01F00824051F82300424042
S214015D80284641F82320FFF7CDFD20460DB030BD53
S214015D906FF08404F9E76FF09104F6E7040B002036
S214015DA04C1B00202DE9F04F89B007460E46FFF741
S214015DB05BF9C00709D40424012018F002FC80B363
S214015DC0013CF9D16FF0920028E0102200210DEB82
S214015DD0020021F056F904A8FFF7A8F9049B002B4E
S214015DE0E9D0059B002BE6D0069B002BE3D0079B52
S214015DF0002BE0D00025DFF8808008F10409B542C9
S214015E0019D34FF48A74FFF729F900F00E03062B15
S214015E102DD1C30501D5FFF753F9002009B0BDE820
S214015E20F08FFFF71BF910F00E03FAD0022BF8D013
S214015E304105DFD5C4E7FFF70BF9A6EB050A840099
S214015E40544528BF544699E8030000238DE8030013
S214015E50CDE9054307EB050BCDF810B0029404AA73
S214015E60D8F8003007CA18F0A5FA2544C7E724FA7F
S214015E7003F3DA07A6D5C6E7C48703001FB504A84F
S214015E8000E90E0011460198FFF78CFF70B1FFF78D
S214015E9021FBBFF34F8F0749074BCA6802F4E06244
S214015EA01343CB60BFF34F8F00BFFDE705B05DF82E
S214015EB004FB00BF00ED00E00400FA052DE9F04305
S214015EC08BB01746DDE91545DDE913269C46DDE96D
S214015ED01738894621B96FF086000BB0BDE8F0830C
S214015EE0002FF8D00EB9002CF5D1129909B9002A65
S214015EF0F1D10DB9002BEED1B8F1000FEBD0244A49
S214015F00944541D10288B2F5105F3DD14288B7EB86
S214015F10D20FE0D322F04001802902D0B2F5807F73
S214015F20D9D16CB3AE421CD23219954219D29C42D9
S214015F30D1D831462246284621F089F82E4614F05B
S214015F400F03C8D1CDE90197CDE90336CDE9054365
S214015F50CDE907540993FFF7B1FC38B16FF0920011
S214015F60BBE79C42EBD96FF08900B6E707AA04A904
S214015F7001A8FFF79FF90546FFF7ACFC0543EDD1F5
S214015F800020C8F80040A8E76FF08500A5E700BF2D
S214015F9000444004F0B50E461D468BB0002853D091
S214015FA0002951D0002A4FD0002B4DD0048804F48C
S214015FB04F43B3F5824F03D06FF085000BB0F0BDB1
S214015FC0E3B224F0FF04B4F5E24FB0F802C0F3D117
S214015FD0122B01D0172BEFD10CF10701B2EBD10F29
S214015FE04FEAD10733D31D4A04ACBCF5807F07CAFC
S214015FF084E80700E0D1122B07D1194B1A691B68F8
S2140160001344CDE90432002306930023CDE9076744
S2140160100993FFF753FC0028D0D1124A02AB92E84D
S214016020030083E803000AAB13E903008DE80300CD
S214016030079B94E8070018F08FF90446FFF74AFC1F
S214016040204307D12F60B9E76FF08600B6E76FF0FF
S2140160508900B3E76FF09200B0E700BF50860300F7
S21401606064860300BC8703002DE9F04389B00E4621
S21401607015461F46DDF8488020B96FF0860009B046
S214016080BDE8F0830029F8D0002AF6D0B8F1000F59
S214016090F3D0038803F44F42B2F5824F02D06FF07B
S2140160A08500ECE7DAB2122A01D0172AF7D123F0DD
S2140160B0FF03B3F5E24F41D14488C8F8004044B924
S2140160C0EB00B3F5807FC8F80030E8D1122A0DD175
S2140160D008E0E31DB5EBD30FCFD1B4F5807FDED159
S2140160E0122A29D1354B1C681B691C44002319460A
S2140160F070192C4414F801CD10F8012D1143B2EBA0
S2140161000C020CBF4FF0FF3C4FF0000C86420CEA2D
S214016110030343EA0203EDD10029AED0002BACDA2B
S214016120109B9D4246D82A463146384620F0B4FF99
S214016130119B00201D60A2E70024D7E73378042BCB
S2140161409BD16B1EDB005B08B3F5807FC8F800307F
S214016150A5D1122A06F1010318BF4FF000094FF02E
S214016160400205934FF000030ABF144C4C46D4F886
S2140161700C90CDE90623FFF7A1FB00287FF47FAF43
S214016180CDF80C90D8F800300733DB08029308AB43
S21401619013E903008DE80300059B94E8070018F057
S2140161A05AF90446FFF796FB00287FF468AF002CE7
S2140161B0B6D062E76FF0890061E700BF648603002E
S2140161C00388B3F5105F0ED14388DB08103B102B14
S2140161D00CD8084A22FA03F313F0010F14BF00206B
S2140161E06FF0860070476FF0850070476FF086008D
S2140161F0704700BF010101002DE9F041069F0C46E2
S2140162001646054610B309B302B9FBB96288B3EB6B
S214016210D20F4FEAD20819D34C220021284620F08B
S21401622030FF0D4B27F47E129A4212D12046FFF71B
S214016230C7FF044638B942463146281D20F02CFFD8
S214016240C5F824802F602046BDE8F0816FF08604F3
S214016250F9E76FF08504F6E70002C0032DE9F04187
S2140162600E4614460546002840D000293ED092B17D
S2140162700368214823F47E1383423AD1AF6BF7B10A
S214016280C7F1100807F128004245284406D22744E2
S21401629020F002FFAF630020BDE8F081424620F007
S2140162A0FBFE1022103C3C19AA63F4D0284605F1E7
S2140162B0280118F079FA0028EED14644A863102C7C
S2140162C00CD9671E27F00F073A463146284618F0C4
S2140162D06BFA0028E0D1E41BDDD03E44224631466D
S2140162E005F1280020F0D8FEAC63D4E76FF08600F5
S2140162F0D2E76FF08800CFE70002C0032DE9F04334
S21401630088461F4605468BB070B169B163B1036814
S214016310234923F47E1088423ED113F47C1FC3F335
S214016320054604D0102E03D96FF086042AE0102605
S21401633096422BD8FFF7C2FA044618BBAB6B05F1A1
S2140163402802CDE901236B6A2A1DCDE90423102317
S214016350CDE9083007AB1A460390069005F13C09D3
S21401636001A904A8CDF81C90FEF7CCFF0546FFF75F
S214016370B1FA04466DB928B932464946404620F07E
S2140163808BFE3E6020460BB0BDE8F0836FF08904BB
S214016390F8E76FF09204F5E76FF08504F2E700BFC7
S2140163A00002C00307B56B46054A1068516803C36F
S2140163B06846FEF715F8002003B05DF804FB00BF41
S2140163C0D087030013B50024064A6846536F43F08E
S2140163D00103536700948DF80440FDF739FF20460A
S2140163E002B010BD0040005030B58BB06C46174D62
S2140163F00FCD0FC40FCD0FC495E8030084E803004A
S214016400134BD3F84C2112031CD5A3F5FE431C886D
S2140164104FF6FF739C4208BF8C248DF81940FDF798
S21401642061FD204480F308008DF818000948FCF748
S2140164304DFE6846FDF776FC3220FDF78BFD002009
S2140164400BB030BDD3F85041E4B2E6E7D88703007D
S2140164500080E00F00F049026FF00403502110B5F0
S2140164600A480B4C13F0800F03F1010207D12344B5
S214016470402A83F800131346F4D1002010BD03F020
S2140164800F03043B034419761346EBE700ED00E0E7
S21401649000E100E010B5044617F0CEFC024B1C608C
S2140164A017F0CEFC002010BD601B002010B517F0C1
S2140164B0C3FC034B1C6817F0C3FC204610BD00BF8D
S2140164C0601B002010B5002400F028F80348044B98
S2140164D084604360FFF7DEFF204610BD641B00208A
S2140164E0E564010013B5064C23780093054B1B8821
S2140164F018F01DFA10B923780133237002B010BDCD
S21401650072290020E80C0020034B022218680023A1
S2140165108068194616F01CB9180C002008B5074B00
S2140165201A6842B9012208201A6017F045FB04498F
S214016530044800F0FBFC002008BD00BF781B0020CB
S214016540080B0020701B002030B51446054687B0A6
S214016550104618F045FA6369024683423CBFD4E907
S21401656003315B181B1A7BB10F4904940391002178
S214016570CDE90131012300932846D4E9001317F031
S21401658026FB002007B030BD0122627694F82D204C
S214016590002AF6D084F835301321E369204698475F
S2140165A02046636A9847ECE7496501002DE9F04704
S2140165B088B004460F461646984617F044FC8146B6
S2140165C0002E7AD0237E03F0FF02002B00F0A2807B
S2140165D0204618F005FA6569A84205D1637ED4E91C
S2140165E0033213445D1B01E0F9D9451BB54228BFB0
S2140165F0354617F028FC94F82D308246002B6DD1D5
S2140166002A463846616920F047FD63692E462B44C9
S214016610636121E0037803F0FD0111295BD1216B51
S214016620814205D1A3F111014B424B4184F834302C
S214016630013E6369216B01328B4203F1010308BFFE
S2140166402363636195426069E4D1D4E90323216B36
S2140166501344994200D122630025D4E903236169DA
S2140166601344994208BF6261207A6576FCF77CFF85
S214016670204618F0B5F96369834232D1257694F83D
S2140166802D30E568656103B125632046636A984746
S214016690214B049403930023029323692A46019312
S2140166A00123009363682168207A17F090FA207A14
S2140166B0FCF77AFF504617F0CCFB4846C8F8006056
S2140166C017F0C7FBD8F80030002B0CBF1B200020AA
S2140166D008B0BDE8F08707F8013BAAE72E4600227E
S2140166E0B0E70123207A23760DF11E01FCF7C4FFE3
S2140166F09DF81E30002BDAD00DF11F01207AFCF731
S21401670093FF9DF81F100029D1D12246207AFFF76A
S2140167101BFFCCE71646D0E749650100002807DBDA
S21401672001234109034A00F01F00834042F821304B
S214016730704700BF00E100E0002808DB01224309A2
S214016740034900F01F008240603341F82320704760
S21401675000E100E070B504460568FFF7A7FE844235
S21401676002D10020FFF796FE95F936603046FFF716
S214016770E3FF002E0CDB01221949730906F01F0600
S214016780B240203341F82320BFF34F8FBFF36F8F02
S21401679095F937603046FFF7CFFF002E0CDB01225C
S2140167A00F49730906F01F06B240203341F8232033
S2140167B0BFF34F8FBFF36F8F287AFCF715FF287A48
S2140167C0FCF778FEFCF754FE00232846C4E90033A4
S2140167D0C4E90433A360AB6ABDE87040184700BF44
S2140167E000E100E02DE9F0430C461546064687B069
S2140167F04022002120461F4620F043FC95E8030076
S21401680000232A692376EB6884E80300C4E904239D
S2140168102A7DE36084F82C20AA7D2363012384F873
S214016820343084F835300E9B84F82D2023620F9B7C
S214016830E7616362109BA3622B7A84F836306B7A29
S21401684084F837302D4B346073602D4BB3602D4B7D
S21401685033612D4B73612D4BF360FCF751FE38B15C
S2140168602B4B984204D01024204607B0BDE8F08395
S214016870002104F10800FCF7CBFD07460028F2D101
S2140168804FF00108234B3362234B84F83C80B361FD
S214016890224BF3619DF8483084F8390084F83B3088
S2140168A09DF84430204684F83A30697D84F8388073
S2140168B018F0A6F895F909904846FFF73DFF4846B7
S2140168C0FFF72CFF164B0494CDE902732369CDE93B
S2140168D000836368E2682168207A17F078F9044635
S2140168E00028C0D195F908502846FFF725FF28460D
S2140168F0FFF714FF3046FFF7CDFDB5E751EA02007A
S214016900AD650100CFE90200D5E902005567010037
S214016910038000F0A9E9020001EA0200DBE90200B7
S214016920496501002DE9F04101271C46584B86B008
S2140169300293584B0C9D0193574B904600930A4681
S214016940CDE903772946554BFFF74CFF064600284D
S21401695040F09680236839462B6463683A206B645E
S214016960637A85F84930237A85F84830E37A85F8E2
S2140169704B30A37A85F84A30637B85F84D30237B0C
S21401698085F84C30E37B85F84F30A37B85F84E3095
S214016990FDF7C4F83B460422617A207AFDF75AFDDA
S2140169A03B460222E17AA07AFDF754FD394660683B
S2140169B0FDF7B4F888F8006041462068FEF772F9E2
S2140169C01422637C5B0103F1A04303F57033C3F823
S2140169D01C26617A227A42EA0142C3F83426E17A19
S2140169E0A27A42EA0142C3F82C2685F8506098F84C
S2140169F01930032B4AD8DFE803F03447021C022380
S214016A0085F8503000230422E17BA07BFDF722FDB0
S214016A10022741F21C61627C214B03EB4210475076
S214016A20E07BA17BB13241EA004103EB421399605E
S214016A3017E0012785F8503002220023617B207B76
S214016A40FDF708FD637B227B617C42EA0342154B1E
S214016A5049015A500422236803F58053DA65002F52
S214016A60D0D10422237A052185F84830637A85F847
S214016A7049302B6C206803F58053DA6417F08CFAE2
S214016A80304606B0BDE8F0810027D3E72326F7E7B6
S214016A907FEB020073EB020007EC0200FBEB020047
S214016AA000C0035024D60350BFF35F8F074B5A6ACA
S214016AB022F480325A62D3F8942022F00102C3F8FD
S214016AC09420BFF34F8FBFF36F8F704700ED00E048
S214016AD070B52948294CFFF7E7FF8442284D29491C
S214016AE019D1D5F8C03023F0FF0343F0A003C5F851
S214016AF0C0304FF080430A68214D234EC5F89820D8
S214016B0043F0010301328442C5F89C60C5F8A03009
S214016B100A601ED00DE0D5F8C02020F01F03203BF0
S214016B2022F0FF0242F0A002B3F1005FC5F8C020D8
S214016B30E1D2164B0A68124823F01F0343F0030301
S214016B40C0F89820C0F89C30114B0132C0F8A03034
S214016B500A60BFF35F8F0522094BC3F894205A6A77
S214016B6042F480325A62BFF34F8FBFF36F8FBFF389
S214016B704F8FBFF36F8F70BD140D0020EC0E0020F9
S214016B8000ED00E07C1B0020030000200B0F00201E
S214016B90E1FFFF3FF8B51446FFF786FF1F2C27D904
S214016BA00027C2062A4D1CBF20F01F0020302A688D
S214016BB0CB06284B18BF21F01F01FCB2A2422BD8EE
S214016BC0D3F8C04020F01F0024F47F4444F48074BE
S214016BD021F01F01C3F8C04040F00300C3F898201D
S214016BE041F003010132C3F89C00C3F8A0102A60EB
S214016BF00020BFF35F8F0522164BC3F894205A6A14
S214016C0042F480325A62BFF34F8FBFF36F8FBFF3E8
S214016C104F8FBFF36F8FF8BDC3F89840D3F89C40F1
S214016C20D3F8A06024F01F04A04226F01F0601D16D
S214016C30B142DDD0B04201D8A14207D2D3F8984084
S214016C40013724F0FF04C3F89840B6E72820D0E7C0
S214016C507C1B002000ED00E0BFF34F8F0549064B7B
S214016C60CA6802F4E0621343CB60BFF34F8F00BFE4
S214016C70FDE700BF00ED00E00400FA05054B1A78B9
S214016C802AB95B78002B0CBF032002207047012035
S214016C90704700BF7D2900200329F8B598BF124B25
S214016CA005460E468CBF00245C5C032805D8DFE849
S214016CB000F002080B0E44F002040C4B1F684FB99B
S214016CC0F8BD44F00804F8E744F02004F5E744F082
S214016CD08004F2E77B681A68144203D031462846DE
S214016CE05B6898473F68EAE700880300AC1B002012
S214016CF038B5104D2B78ABB10F4C23781BB100F093
S214016D00B7FB00232370002017F0E1FF0B4C50B1B6
S214016D1000F000FC0023012120782B70FFF7BCFF58
S214016D200123237038BD0122054B1A702278054BCA
S214016D301A70F7E778290020762900207F2900209D
S214016D40792900207A29002010B517F075F8064B2E
S214016D5004461B781BB1BDE8104017F071B8FFF769
S214016D60C7FF2046F7E700BF75290020094A1378B8
S214016D7030B101331370084B1B78012B03D87047D1
S214016D80013B13707047054B1B780BB9FFF7B0BF7B
S214016D90704700BF7D2900207F2900207929002027
S214016DA070B517F049F8124E054633789BB900F0D6
S214016DB0EDFC044620B1284617F042F8204670BD87
S214016DC00C4816F0F2FE00F093FF0B4B1C6000F02F
S214016DD0A9FD0A4B186000F02BFA17F07AFF084B52
S214016DE00024186001232846337017F029F8E5E7D8
S214016DF080290020AC1B0020801B0020A81B00203F
S214016E00841B00202DE9F843284A0138135C39B168
S214016E10274F013339781354012904D8BDE8F88384
S214016E20013B1354FAE7FFF729FF0128044635D83A
S214016E3017F002F8DFF88480054698F8003013B39F
S214016E401C4E33781BB9012232701B4A1370DFF8CF
S214016E50709099F8003023B100F00AFB002389F8FE
S214016E600030284616F0ECFF012017F030FF16F030
S214016E70E3FF337805461BB100F04CFB002333706B
S214016E80002388F80030284616F0DAFF3878A0424A
S214016E90C4D02146FFF700FF3C70BFE70329F5D1B8
S214016EA00228F3D117F019FFF0E700BF7D29002073
S214016EB07F290020752900207929002078290020C3
S214016EC07629002010B5044616F0B6FF002C0CBF3C
S214016ED0FF210121064A13780B44DBB21370B3FA83
S214016EE083F3BDE81040034A5B09137016F0A8BF90
S214016EF07C2900207B29002038B516F09DFF094B20
S214016F0005461B78012B04D816F09AFF002420466C
S214016F1038BD054B1C6800F047FB0444284616F0B4
S214016F208FFFF4E77F290020801B002038B54160E1
S214016F30044616F081FF05462146044816F038FE41
S214016F402846BDE8384016F07BBF00BFAC1B0020CA
S214016F50054B1B685843054B00F5742000F23F2093
S214016F60B0FBF3F0704700BFA81B002040420F00A3
S214016F702DE9F04F85B0EFF3108772B6AFF30080BE
S214016F8016F0B8FD00286FD0804EDFF82C823378DB
S214016F9023B10020FFF7EAFE00233370FFF76EFEF1
S214016FA00446002867D0841EE4B2012C6AD9FFF794
S214016FB065FE01280546764CDFF8009200F28C80CB
S214016FC02078854240F0C680207800F0D7FA99F8FC
S214016FD0003013B16F4B1B782370AFF3008007B9F5
S214016FE062B6EFF3108772B66B4B1A7852B1002275
S214016FF01A70684B20781B78984203D101212170C2
S214017000FFF74AFE654800F0FBFB16F082FD0546D9
S2140170100028BCD1624BDFF89481187098F80030D4
S214017020ABB189F80000DFF88C9199F800301BB1FC
S21401703000F01EFA89F80050002017F048FE0028DC
S21401704000F09B8000F066FA002388F80030337861
S21401705023B10020FFF78AFE002333700021207839
S214017060FFF71AFE00232370AFF3008007B962B65C
S21401707005B0BDE8F08F3378002B98D0FFF776FE89
S214017080347094E7002003A900F008FC04460028A9
S2140170908DD1D8F80030039A9A4205D80120FFF71F
S2140170A065FE0123337082E73E4B1D6800F07CFAD3
S2140170B0039B05449D42F1D200F08EFA82000399AB
S2140170C042F0020292B2CDE900422346364A491BFB
S2140170D0324817F003FE6AE7344BDFF8C4A093F892
S2140170E000B0BBF1000F25D100F046F920788542AB
S2140170F030D19AF800307BB92C4D2B78002B7FF4D9
S21401710063AF2B4B1B7823B900F0ACF90122294B56
S2140171101A7001232B7057E7022DEDD18AF800B0C3
S21401712015E02378022B25D100238AF800301FF0C2
S214017130ACFB1FE0207885420CD19AF80030002B7A
S2140171403FF442AF022DD7D100238AF800301FF05A
S2140171509CFBD1E70023DFF848A08AF8003099F8B5
S214017160003013B92946FFF797FD9AF800302570CD
S214017170002BD6D1012DBFD826E7012000F0FEF95D
S21401718007B962B6EFF3108772B655E77729002084
S2140171907F2900207A29002073290020881B0020DF
S2140171A07B290020801B0020496D010078290020E2
S2140171B07C29002076290020841B002079290020C4
S2140171C010B516F039FE0022044B1C781A7016F022
S2140171D037FE00F0CFFC2043C0B210BD742900205A
S2140171E073B5114E0446337883420FD04FF40073C3
S2140171F00E4DADF8043058B101A8FCF7C5FF40208C
S214017200FFF7A6FE2B68181A2860347002B070BD0E
S2140172108DF8050001A8FCF7B7FF4020FFF798FEA0
S2140172202B681844F0E700BFF90C0020E41B00208F
S21401723073B5002401A88DF80440FDF76BF82046CD
S214017240FFF7CEFF404A4149136F414803F0070359
S2140172500B60D2F800113F4D01F0030101604FF4BD
S21401726000203D49032B48664FF40030486601F57F
S21401727098318969C1F3400129705DD0D2F8203177
S21401728003F00303981E43424341D2F82421334CB2
S21401729002F00702022A08BF43F001034FF4C87048
S2140172A02370FFF755FE00222D4B2E4918602E4EF7
S2140172B00B680132D2B20A2A46F8040BF9D103440C
S2140172C000EBC00003440B602B78284D63B3237892
S2140172D01D4A3BB9D2F8003103F00303591E4B4255
S2140172E04B412370D2F8003103F00303022B25D063
S2140172F0032B26D0012B17D1FBF7E2FE024698B1ED
S2140173001B4B1C4EDC6800231946C4F30B040134E6
S21401731004EB84040138E4FB060114F0FBFEFFF7DE
S21401732017FE2B6803442B601F20FFF711FE2B6806
S21401733003442B6002B070BD0123A6E7FBF7DAFE1B
S214017340DCE716F02AFCD9E700800050E81B002095
S214017350EC1B002084290020009000508529002085
S214017360B01B0020B41B0020B81B0020E41B00202B
S21401737000C0015040420F00074A0849D2F82031A8
S21401738003F003030B60D2F82431054A03F0070328
S214017390136016F063BD00BF00800050F41B002090
S2140173A0F01B002008B5104B1A78C2B100221A70E3
S2140173B00E4B1A6F22F0070242F001021A67D3F849
S2140173C0202142F00302C3F82021D3F8242122F021
S2140173D0070242F00302C3F82421FBF75BFE0122F9
S2140173E0034B5A6708BD00BF832900200080005068
S2140173F000E000500122154B10B55A67144B154C8E
S2140174001B7813B3022017F002FDF0B100F076FAF4
S214017410D8B1A36DD90302D5E36D9A0715D40D4BE8
S2140174209B6DDB0711D401220B4B1A7017F0DAFCA7
S214017430BDE81040094B0A4A1860136F23F0070392
S21401744043F003031367FBF725BE10BD00D00050C1
S2140174508529002000C0005082290020E01B002062
S214017460008000500122014B1A70704783290020CA
S214017470F8B51F4B1B78002B39D01E4C2378B3B9B7
S2140174801D4B9A6DD10302D5DA6D92072FD49B6DF1
S214017490DB072CD417F0A6FC184B194A1860136F9B
S2140174A023F0070343F003031367FBF7F3FD17F01D
S2140174B099FC124B134D1B68134EC01A2B78134FB1
S2140174C056F8232046F82300111A3A681048521A33
S2140174D00A213A600932B2FBF1F20133DBB20260F3
S2140174E0B3FBF1F201FB12332B7000232370F8BDBE
S2140174F0852900208229002000C00050E01B0020C2
S2140175000080005081290020B81B0020B41B0020F9
S214017510B01B002008B516F0A4FC124B12491A6FD6
S214017520096822F007020A431A671049D3F8202196
S214017530096822F003020A43C3F820210C49D3F854
S2140175402421096822F007020A43C3F82421094BC3
S2140175501B7813B10122084B9A62BDE80840FBF77D
S21401756099BD00BF00800050E81B0020F41B0020DE
S214017570F01B00208529002000E0005002280AD0D8
S21401758003280BD001280CD1064A136923F0040303
S214017590136130BF70470020FCF702BE0020FCF7E5
S2140175A02DBE704700ED00E0054B187818B1054B6D
S2140175B0186800EBD000044B1B681844704700BFE6
S2140175C085290020B01B0020E41B00200122014B6E
S2140175D01A70704785290020014B1878704700BF44
S2140175E08529002038B517F00BFC0025084B094CFF
S2140175F01A682368C31A2AB123B15169994203D381
S214017600C91A5161206038BD55615B1A9268F2E76C
S214017610001C0020FC1B0020C38870B504460D46E4
S2140176203BB9FFF769FC8542064602D217F043FBD9
S21401763035460E4965610B688BB90C60A3600DE099
S214017640AD1A9A68184665616AB113465A69AA4224
S214017650F6D930B18460521BA3605A6170BD002018
S214017660F4E70C60F7E79C60A260F7E7001C0020D7
S21401767038B5134D2B685B6993B1124A0220146822
S2140176801C4400F0F1FA204600F0BCFA00230E4933
S2140176902A680B70D088800709D501230B7038BD86
S2140176A0022000F0E1FA022000F000FBEEE792680B
S2140176B0002AF4D050690344012BEBD9EFE700BF51
S2140176C0001C0020FC1B00208729002070B51646F0
S2140176D09DF81420C0E903360271049ABDF81830EB
S2140176E00260002204460D468260C380EEB917F0A0
S2140176F087FB2844A0619DB12E4616F09DFB0546EA
S214017700FFF770FF31462046FFF786FF104B1B68D8
S214017710A34201D1FFF7ACFF284616F091FB02E029
S214017720E36865617BB9002070BD17F069FB3044E2
S214017730A061002DE0D1E3686561002BDDD0204615
S21401774021689847D9E7204621689847EBE700BFAC
S214017750001C002000220C490B687BB183420AD131
S21401776083687AB1936083681BB15A6941690A4498
S2140177705A61002070471A469B68EEE70028EFD052
S214017780022070470B60EEE7001C002070B516F073
S2140177905AFB144E05463478FCB9134B1C60134B48
S2140177A01C60134B1C8000F0F1F9012000F05CFA1C
S2140177B017F03CFB0F4B0246186020B9284616F01E
S2140177C048FB232070BD234640F2E7310A4814F0F7
S2140177D0A1FC0A4B186001233370284616F039FBCA
S2140177E00020EFE788290020001C0020FC1B002059
S2140177F0F2280020041C002018FCFFFFF81B0020C4
S21401780070B5044640B316F017FB144E0546FFF755
S214017810E9FE3068A04209D02046FFF79BFF0446E8
S214017820B0B1284616F00CFB204670BDFFF792FF5C
S21401783004460028F5D133683BB9022000F020FA4F
S214017840284616F0FDFA0024EEE7FFF711FFF7E7EA
S2140178503368002BF4D1F0E72224E5E7001C002072
S21401786038B50C460546A8B1A1B100230B7016F039
S214017870EAFA0121084B1B6833B916F0EAFA002030
S21401788038BD9D4204D121702278002AF9D0F4E750
S2140178909B68F1E72220F3E7001C0020F8B50646B6
S2140178A00F4616F0D0FA00250446124B1B6823B982
S2140178B0204616F0CEFA1B2011E05A691544DA88E4
S2140178C0B2420DD117F09CFA0B4E3368C01AA8428B
S2140178D00AD3002320463B6016F0BBFA0020F8BD11
S2140178E0FF2EEFD09B68E2E717F08AFA33682B4445
S2140178F01B1AEFE7001C0020FC1B002008B5074BF5
S214017900187848B117F06EFA054B1B689B69C01AC8
S21401791002288CBF0020012008BD00BF8729002057
S214017920001C0020014B1868704700BF041C002093
S214017930F8B50C4B05461B680E4683420FD3002450
S21401794040F2E7302146084B4FF47A721F68002355
S214017950E5FB070114F0DEFB30602046F8BD212070
S214017960FCE700BFF81B0020041C00202DE9F041B5
S2140179709846002386B00D46174606468DF8133006
S21401798080B30DF11301FFF76BFF9DF813305BBB5E
S214017990284605A9FFF7CCFF0446F8B9134B4FF468
S2140179A07A7218680023A5FB000114F0B3FBC2F538
S2140179B07A7189B2B1F57A7F08BF0021BDF83430FB
S2140179C0B183F483059A02939DF830301146CDE9D0
S2140179D0008330463B46FFF779FE0446204606B054
S2140179E0BDE8F0812224F9E70224F7E7041C002011
S2140179F0014B1868704700BFF81B00200F4B10B5ED
S214017A001A689AB14FF47A71531E1342A0FB010112
S214017A100ED1B2FA82F2C2F11F04531CD243E040E7
S214017A2001FA03F3184321FA02F20243104610BD8D
S214017A30002314F06FFB0246F8E700BF041C002089
S214017A40C2072DE9F84304460BD5474A138801338C
S214017A509BB21380FFF7C6FD444B1B680BB1FFF7C3
S214017A6007FEA3077DD516F0EEF94FF00008054690
S214017A704646FFF7B7FD3D4F3C680CB163698BB1D5
S214017A8000223B4B012E1A7003D118F0020F18BFCB
S214017A901E70002C61D0FFF7EBFD2846BDE8F843C9
S214017AA016F0D7B923465A693AB91A79217991421B
S214017AB088BF1C469B68002BF5D1284616F0C9F9ED
S214017AC02569DDB117F09CF9A269A0EB02084FEA1F
S214017AD0E873A84573F1000311DB23691344A3611E
S214017AE0E368B4F80680013613B12046216898474A
S214017AF016F0A9F90546FFF775FDBDE7A84616F08D
S214017B00A2F981462046FFF725FE484616F0A1F960
S214017B102369002BE4D0A38BB5EB080533B1E28BC8
S214017B2013449BB2B3F57A7F0FD2E38316F08BF939
S214017B30804629462046FFF76FFDA3692269404625
S214017B401344A36116F085F9CAE7A3F57A73E383B4
S214017B50A369013D013BA361E8E7022000F090F82C
S214017B609BE7BDE8F88300BFF2280020001C002038
S214017B708629002010B516F066F9034B1C7816F01E
S214017B8068F9204610BD00BF862900201FB50024D5
S214017B90194B012118689A880290D3F806009B7A3F
S214017BA000903E20ADF80C208DF80430FBF7B6FFB0
S214017BB002A88DF808408DF80C40FCF7CDFF694609
S214017BC001208DF80040FCF783FF40F2FF320B4B9B
S214017BD09A615A614FF0B042936A13F00803FBD1E1
S214017BE013620120FCF78EFF4FF48052044BC3F85A
S214017BF080211A6004B010BD0488030000200058DC
S214017C0000E100E010B5044616F016F94FF0B04258
S214017C10936A1907FCD4136A116C5269520604D48C
S214017C20CA1A032A01D899420ED1E21A022A98BF2B
S214017C30DC1CB4F1FF3F38BF013C4FF0B04340229B
S214017C401C6403F580539A6116F0FAF8054A137816
S214017C503BB14FF0B041CB6B43F00203CB63002343
S214017C60137010BDFA0C002000F001038207034ACE
S214017C7048BF43F040039361704700BF00100058AF
S214017C80820700F001030AD50121064A43F04003AA
S214017C9011704FF0B041CA6B22F00302CA63024A68
S214017CA093617047FA0C002000200058830742BFFA
S214017CB04022014B5A6170470010005810B516F06B
S214017CC0C2F84FF0B04304465B695A06074A03F010
S214017CD0010003F0510348BF40F002005361FFF773
S214017CE0AFFE2046BDE8104016F0B3B8002000589D
S214017CF00A4B10B5D3F8403203F00303013B012BC6
S214017D000BD816F099F8044601210220FFF77AF8FD
S214017D102046BDE8104016F093B810BD0080005014
S214017D20024A0349034806F01BBD00BF1088030042
S214017D30348803007C88030010B50A46044619B14E
S214017D40024B00211B68984710BD00BF100B002096
S214017D500E4B0340B3F1607F06D1B1F5885F14BFC7
S214017D606FF0860000207047B3F1707F0BD101F4ED
S214017D70E043B3F5005F06D111F4E06F0CBF6FF07E
S214017D808600002070476FF0860070470000C07FB5
S214017D908A42F8B506460C4600F0DB806F4922F4AD
S214017DA0FF7323F001038B420ED06D4B22F0FF01CF
S214017DB0994209D06B4822F47F7323F00303834270
S214017DC002D0694B994228D1684B24F0FF019942B1
S214017DD00FD114F0FF000BD0654B40F000709842B5
S214017DE040F0B98082EA0400FF288CBF0020012001
S214017DF0F8BD5B4B9942ECD0A3F588539942E8D085
S214017E0024F4FF7323F00103B3F1062FE1D05648A3
S214017E108142DED053498B42DBD004F0FE43B3F1FE
S214017E20A06F14D102F0FE43B3F1A06F40F093802F
S214017E3082EA040333F47E1340F08D8014F400408C
S214017E40D6D0C4F30540C2F305429042CDE7B3F164
S214017E50407F6AD102F0FE43B3F1407F7BD182EAD4
S214017E60040535F47E1576D131462046FFF770FFBE
S214017E70002870D13F4B12F47C1703EA02031BD093
S214017E80B3F1607FC2F305473FD13B49D3B243F01C
S214017E9000738B423DD003F17E43043B0F2B01D888
S214017EA03649CD5C14F47C1FC4F3054333D1BD427F
S214017EB014BF002001209BE7B3F1607F0DD12E494E
S214017EC0D3B243F000738B421DD003F17E43043BD3
S214017ED00F2BDAD82A49CF5CD7E7B3F1707FE1D10F
S214017EE006F4E043B3F5005F03D10127C6F302238E
S214017EF09F4006F4E043B3F5005FD3D10125C6F3F6
S214017F0002218D40CEE71027BFE7B3F1707FC9D1BC
S214017F10EFE71025C6E712F47C1F01D1AB4218D05B
S214017F2022047FF565AFBB425FE7B3F1106F12D154
S214017F3024F01F6020F4702068B902F0FE43B3F10C
S214017F40106F7FF455AF0F48104040F01060A0420C
S214017F50AEE701204CE700204AE700BF000200061A
S214017F6000130006000400060009000600030006D0
S214017F70FF0000020000C07F03000002AA88030081
S214017F80AA8803000000FFF62DE9F84317460022F1
S214017F9088461C4600F05AFA054688BBD8F80060A9
S214017FA0B6F8009009F4E043B3F5804FF36808BFD4
S214017FB027F0010737EA03031AD10CB3254B24F047
S214017FC0FF029A421FD114F0FF0304D0224A43F065
S214017FD00073934232D0224648463169FFF7D8FEF5
S214017FE0074668B9224648467169FFF7D1FE70BB5D
S214017FF06FF0840500233046C8F8003017F001FC06
S2140180002846BDE8F883154B9A42DCD0A3F5885381
S2140180109A42D8D024F4FF7323F00103B3F1062F5C
S214018020D1D00F498A42CED00E4A9342CBD004F02B
S214018030FE43B3F1407F04D12304CCD56FF086050F
S214018040D8E7B3F1A06FF7D0034B9C42C2E73D4699
S214018050D6E700BF00030006FF000002001300067B
S214018060000900060004000638B500F0FE43B3F12F
S214018070407F04460D4602D06FF0860038BDFFF7FC
S21401808067FE0028FAD114F47C1F12D0C4F305430E
S214018090032B137022D9284A2240B2F1607F3DD1CA
S2140180A0264AE4B244F0007494422BD1102BE5D951
S2140180B0E2E7214B2340B3F1607F15D11F49E3B2BC
S2140180C043F000738B4202D110231370D6E703F1FD
S2140180D07E43043B0F2B04D9002313706FF08500F9
S2140180E0CCE71749CB5CD3E7B3F1707FF4D101F449
S2140180F0E043B3F5005FEFD10123C1F302218B40CA
S214018100DBB2C5E704F17E44043C0F2CB4D80D4A1B
S214018110125D9342B0D8142BB0D9DFE7B2F1707F6D
S214018120AAD105F4E042B2F5005FA5D10122C5F35C
S2140181300225AA40EDE700BF0000C07F0300000251
S214018140AA880300AA88030037B50B4D0C462B7886
S2140181507BB100230A460193014601AB281D16F0A8
S21401816054FB20B9019BA34218BF6FF0930003B0E4
S21401817030BD6FF08800FAE7081C00202DE9F04FAB
S2140181809B460023924601F0FE4297B0B2F1806F03
S2140181900E46DDE92078DDF88890089305D018466C
S2140181A017F02FFB6FF086043CE00B464FF480720D
S2140181B008A9FFF7E9FE044618B1089817F021FB55
S2140181C030E0DDF820C00DAC6546CDE914000FCDDA
S2140181D00FC495E80700BCF8003084E8070003F4F4
S2140181E0E042B2F5005F20D113F4E06FC3F3022141
S2140181F01BD0384826F4807282420AD000F50070FF
S214018200864206D03448864203D0A0F53F408242DB
S2140182100BD101258D40102D12D9604617F0F1FAC9
S2140182206FF083042646002548E042F2040293429A
S21401823002D12A4B9E420BD0294B9E4244D10D259A
S214018240A84507D2604617F0DCFA6FF08904E9E723
S2140182500C25F5E7294609A8FFF776FF044600280E
S214018260ABD10898D0E9091287B307EB050C0E9C31
S214018270A8EB0503240A93D10DF12408CDE90539AD
S214018280CDE903BC3346CDE9015ACDF800800DA8EF
S214018290FDF714FE044614F1860F08988ED017F0E9
S2140182A0B0FA0646002CBDD190B925B12A46414602
S2140182B038461EF0F1FED9F800301D443046C9F8A4
S2140182C0005017B0BDE8F08F0025CAE7BC46CEE7E0
S2140182D00446A7E70010C00400FF40040001800424
S2140182E00013C00408B500F05FF8064B5A7812B1C7
S2140182F00022C3E90122BDE808400C210148FFF72E
S2140183001BBD00BF081C002070B50C4D2B7873B93F
S21401831016F079FA044668B902230126C5E9010078
S214018320AE706B7000F038F8044618B92E70002451
S214018330204670BDFFF7D6FFFAE700BF081C0020F5
S21401834000F100420332022A38B504460D4609D828
S2140183502C21104B01FB02339A68824211D06FF038
S2140183608B0010E0012117F0FEF978B1094B9A68ED
S214018370944206D05A6B944206D01A6E9442EED1BD
S214018380583300202B6038BD2C33FAE76FF0870096
S214018390F9E700BF141C00200122024B002083F8DD
S2140183A084207047141C002070B5094C0025264611
S2140183B00421204617F0E8F90135204616F0CCFED8
S2140183C0032D04F12C04F3D1002386F8843070BD0C
S2140183D0141C0020F8B51B4C064694F884300F4652
S2140183E04BB300252346294693F820001A46B8B118
S2140183F025B91A7912B1022808BF1D460131032991
S21401840003F12C03F0D115B96FF08C0015E00421AF
S214018410284617F0B9F968B9284616F09DFE2A468F
S2140184200020094B141BA4105C4304F10044033CD8
S21401843034603A60F8BD6FF0880000233B6033601B
S214018440F8E700BF141C0020A38B2EBA2DE9FF41CC
S21401845000230B60394B804693F884300D46164650
S214018460002B68D0FFF76CFF0446A0B92EB9286828
S21401847004B0BDE8F04117F0B1B9012E04D00024D4
S214018480204604B0BDE8F0810521286804B0BDE8A7
S214018490F04117F079B910F18C0FF1D1294601A8F6
S2140184A0FFF798FF04460028EAD101232F68CDE99B
S2140184B00200C7F8088038467B6003AA02A917F0B5
S2140184C04BFA044688B1DDE9020117F043FA2D683C
S2140184D00421284617F058F9284616F03DFE14F1F7
S2140184E08C0F08BF6FF08704CAE7DDE90212384631
S2140184F016F0BDFD0446DDE9020117F02BFA002C4B
S214018500E5D10221384617F03FF904460028DED1AE
S2140185102868C368D90444BF43F48063C360C36852
S2140185209A0444BF43F40063C360002EA0D0012E1A
S214018530A5D10521AAE76FF08804A1E7141C002045
S21401854030B40D4D2C681C606C685C6000249C6027
S2140185505468DC6014881C8254885C82D4685C6130
S21401856014699C61526930BCDA6119620A46014697
S21401857003F124001EF090BDBA8803002DE9F843EC
S214018580232904460F4691469846089E04D86FF064
S21401859098052846BDE8F883082219491EF047FDCC
S2140185A005460028F3D1A368002BF0D1216A243FA9
S2140185B08F42C8F80010EAD3B1F5005FE7D271B96F
S2140185C0C9F80000E3687360238A3380638A738086
S2140185D06369F360A3693361E3697361D9E70120D5
S2140185E016F05DFCC9F8000030B1D8F8002004F19F
S2140185F024011EF051FDE5E76FF08C05C9E700BFC9
S214018600BA880300F7B505466B461646164A0C4669
S2140186101068516803C395F82A3008336B4413F881
S214018620087CAB8DDA0609D43346224639462846FD
S21401863017F01CFA00F5FA7003B0F0BD20461FF0E3
S214018640D8F8AB8D00F10A049B074FEAC40405D0A5
S21401865030461FF0CEF804F50C740444E823781E67
S214018660584304FB0700E5E7C28803009022174B36
S21401867010B51C68002102FB004420461EF001FDD7
S214018680134B04F108001B680021DB78637618F0B1
S214018690C2FA4FF40063E3842385072384F82A3063
S2140186A01323FF22A385236A84F8242043F01303AF
S2140186B0236284F85420074B074A2046C4E91C323B
S2140186C0C4E92032BDE8104017F0FBB99C1C00201D
S2140186D0701E0020D6BE898E55555500F0B5104B3C
S2140186E002461E6893F804C035464FF0FF34002357
S2140186F09C4508DC91B1631C10D0902303FB0460F9
S21401870080F82420F0BD95F8247028469742F9D0C9
S214018710FF2F08BF1C4690350133E9E70020F1E73B
S2140187209C1C002070B50446234D002842D008301A
S21401873001F014FD0026FF2304F1400084F82430E4
S214018740E6611EF0D1FF04F144001EF0CDFF04F1F6
S21401875048001EF0C9FF04F14C001EF0C5FF04F1ED
S21401876050001EF0C1FF2868144B201A0011584310
S214018770C0B217F072F90146304617F069F9E06E9B
S21401878010B100F037FEE666606E18B117F078F9A2
S21401879000236366A06E17F06FF90023A36670BD11
S2140187A0286806FB0400FFF7BDFF01342B79A342BE
S2140187B0F6DCF4E79026F9E79C1C0020398EE338B6
S2140187C0F7B5044619F08FFEC0F30F23542B3ED99C
S2140187D0AA2B34BF01230223C0B27E288CBF0222FB
S2140187E0012203218DF804301344B3FBF1F000EBB2
S2140187F040001B1A8DF805301344B3FBF1F202EB6F
S21401880042029B1A8DF80630002318461D461A466A
S214018810104901AF4B7517F8016B44FA06FC1CF0C2
S214018820010F06D053009E40012330430132C0B2EF
S214018830D2B20135EDB2032DEDD103B148754B7DB2
S21401884043EA82134B75FF230B7503B0F0BD00237B
S214018850C2E700BF9C1C0020064B1B68D97ADA7859
S214018860437E5B1A9342A8BFDAB20021427617F024
S21401887064B900BF701E0020B0F862302BB983685F
S21401888013F4601F08BFA0F8623011B1012911D09E
S21401889070474369417E23F010034361064B1A6813
S2140188A0D37A92780B449342D8BFDAB2012142764A
S2140188B017F043B9FFF7D0BF701E00202DE9F04135
S2140188C00025344E8AB03379AB4203DC01200AB06E
S2140188D0BDE8F0819023346803FB054494F8243006
S2140188E0FF2B0DD0236A980106D504F150084046A7
S2140188F01EF077FF074628B9226A12F0A06F1ED134
S2140189000135E0E7BB7908A90C333B44D8689A7A6D
S2140189101B8AC2F38012ADF8243000238DF81F2085
S21401892008901A460DF11F0017F0B1F838469DF869
S2140189301F2094F8241008AB18F000FAD7E7A38D8F
S2140189401D2B18D13C23FF210020CDE90431CDE9B0
S21401895002000121CDE9000004F12E03C2F38022BA
S21401896018F09CFC0028B2D04FF0A06104F1200062
S21401897017F04CF8C4E712F0807F08BF3C214FF097
S214018980000218BF432194F8393094F8240018F0F7
S21401899056FBE7E79C1C00202DE9F0411F46C36902
S2140189A004460D4616468BB169B915F04CFA0646D3
S2140189B02946A06E17F05CF82046294617F0A6F85F
S2140189C0304615F046FA0020BDE8F0810029FAD0BD
S2140189D0036A03F01203022B00F0BA80236ADD0754
S2140189E000F1BE8094F82430FE2B0CD104F1550022
S2140189F001F0D8FE01F0CEFE28B14FF4800104F15B
S214018A00200016F0FBFF256A614B2B40B3F5807FF3
S214018A1000F0B980A8052FD5C5F3802504F12E08EE
S214018A2000224146284617F038F8002184F8540001
S214018A3017F044F841460022284617F033F8A18D76
S214018A4020B194F95400002880F296804FF400710A
S214018A5004F1200016F0DAFFA28D02F00302012ACB
S214018A600AD14146284617F01DF828B14FF4006197
S214018A7004F1200016F0C2FF236AD90600F18180B6
S214018A80D4E910122046FFF7BDFD012F0ED040F2AB
S214018A907123E28C5A43904208D9228D5A43904260
S214018AA073D800F51C70B0FBF3F0E084394BE3613A
S214018AB0002384F83930236AE168B4F8625023F45D
S214018AC0803284F83870226221613DB913F0100FAC
S214018AD00CBFC8253C25257605F2B3154EB140F2EC
S214018AE07121238D42F48032C3EB06134B4322627D
S214018AF0E363236A43F400232362274B1B68DB7876
S214018B00637615F0A0F96369074643F0100304F194
S214018B1008002946636118F07EF8012003F008FB7F
S214018B2028B963691A075CBF43F00403636126B181
S214018B3019F015FDE36B0344E363204603F002FBE3
S214018B40384615F086F90121A06E16F091FF3AE736
S214018B50406C1EF04EFE00287FF440AF0C2033E739
S214018B60E36E002B7FF43EAF00F0EEFBE0660028DC
S214018B707FF438AF092027E701F0010116F09EFFC8
S214018B806AE7064B93E712201EE745201CE700BF65
S214018B900001400035FA0200701E0020D58C01004D
S214018BA070B500249026094D2B79A34200DC70BDD8
S214018BB0286806FB040090F82430FF2B04D000231D
S214018BC01A461946FFF7E8FE0134EDE79C1C002023
S214018BD02DE9F04F91F806B08DB00BF10C0B044661
S214018BE00E46012201EB0B050DF127000AA916F02E
S214018BF05FFF824668B19DF827100AAF384600F03D
S214018C0021FC60B1304614F03FFD00200DB0BDE8F8
S214018C10F08FA97A05F10C07C1F38011EEE7E36E38
S214018C20E06695F807900793236A4846298956F81F
S214018C300BB003F0100804F0EFFC8344B8F1000F0A
S214018C4039D1A9F10303012B94BF0323022340F278
S214018C5071225B0002FB03B21D4B1B685B796376D6
S214018C6005F11803BAF1000F27D09DF8271094F8E4
S214018C7024E0B8F1000F24D04FF0010CA87AC0F31D
S214018C80401095F90550CDE902E0CDE90071CDE936
S214018C9004C50121079800F04BFCB8F1000F05D080
S214018CA019F004FC0121204616F030FF304614F07E
S214018CB0EBFC0120AAE70123C9E7A97AC1F38011D9
S214018CC0D5E794F88FC001200CF00F0CD9E700BF50
S214018CD0701E0020012810B50C461CD0022822D098
S214018CE030BB084617F046F940F27121E38C228D1D
S214018CF094F82A00D21AE36803F59C53083301FB63
S214018D0002332361FFF75CFD0A4B2046BDE81040A5
S214018D10996803F06DBC03F07BFB844208D1BDE883
S214018D20104019F0C3BB0846BDE81040FFF794BDDC
S214018D3010BD00BF9C1C002038B50A4D0020FFF76F
S214018D40F1FCAB6813B100221A60DA8018F078F8EB
S214018D5000242B79A34200DC38BD2046FFF786FCB1
S214018D600134F6E79C1C002070B52A4C0546A06825
S214018D7018B114F089FC0023A360FFF7DDFF002083
S214018D8016F06FFE55B9032025712560E58214F0B3
S214018D90C7FB207916F065FE28B970BD02201EF0CB
S214018DA067FEA06048B90025A0682571256060BBF4
S214018DB0002016F056FE0720EFE700260320257157
S214018DC02660E68214F0ACFBB542E2DD05EBC50198
S214018DD0090133460122032089B214F053FB0646EB
S214018DE00028E0D1032014F0CBFB20600028DAD065
S214018DF0902231466A431EF044F92379B342C8DD16
S214018E003046FFF733FC0136F7E714F03DFCA5606A
S214018E10CEE700BF9C1C002030B5174B826A1B684A
S214018E201206597926D5028F1C79436B1203B2FBC1
S214018E30F3F2631AB2FBF3F2B0F89C3003B1013BD4
S214018E40D0F8A05005B15B101B02B3FBF2F35B1820
S214018E500CD090F895200F2A08D91209B3EB820F8F
S214018E60B8BF00234FEA8201A8BF5B1A9C42A8BF85
S214018E701C46E1B2417630BD701E0020084B9A7E3A
S214018E8082420AD94FF4A4721B6802FB0030836A3F
S214018E9013F0100F08BF002070470020704700BF76
S214018EA0B41C0020084A09491368C31AD810002BBD
S214018EB001FB00F005DB937E8342D8BF4FF0FF3005
S214018EC070474FF0FF307047B41C0020199C8FC1CB
S214018ED070B504460E4614F0B6FF3146054604F159
S214018EE0300017F08BF82046FFF7DCFF01218140A8
S214018EF0054817F083F84FF4807005F01DFE2846EC
S214018F00BDE8704014F0A5BFD81C0020F329F8B5C1
S214018F1004460D46724E25D1338D63B9A36813F40A
S214018F20601F00F0BA80238F626B1B01B3FBF2F364
S214018F30F32D9FB22DD1204617F001F9B4F89C709D
S214018F40002F40F0B380A36A13F0800F0CBF3E23BE
S214018F50082384F877302046FFF75EFFF32D36D1DD
S214018F60012057E07369590640F18F80836A1A071A
S214018F7040F18B80336900F14001436018F069FBD2
S214018F80338D002BCAD0238F626B1B01B3FBF2F328
S214018F909FB2618FB4F89C209BB25B1A9A427EDC2A
S214018FA0736994F836019B074CBF0021022119F022
S214018FB054FB40F2022372699343BCD12046A4F8C5
S214018FC09C7017F0BDF82046FFF726FF0127A36A1D
S214018FD01807C5D5628F002AC2D013F4C05FBFD16F
S214018FE0726912F00C0FBBD140F202239343B7D142
S214018FF0D4F8A430002BB3D12046A18F18F0D8FCAA
S214019000002855DD638F0133984251DC0128A7D033
S214019010013880B2236BA4F87C00590409D54FF4BB
S214019020804104F1300016F0F1FF00212046FFF7E1
S2140190304FFFB4F87C20A38F94F870101344A387D5
S214019040B4F89C309B1AA4F89C3094F86F3002FB5D
S21401905001332522B3FBF2F102FB113384F86F30A2
S2140190604FBBA36A1A0702D41E4B1B6898472046BB
S214019070082118F057FB20460221FFF729FF20465A
S214019080BDE8F840012103F0ADB8318D238F626B46
S21401909000293FF443AF1B0178E7338543E7737F2D
S2140190A0002B86D0032194F8360180E7012752E78A
S2140190B0608F0130ADE7204616F0C3FC2046A18F35
S2140190C018F000FBA36A05461B0702D4054B1B6874
S2140190D09847002DCBD02046BDE8F84017F0D6B80B
S2140190E0B41C0020E81C00200022074B10B55A775C
S2140190F0202204465A6116F0CDFF84F83601204638
S21401910017F028F910BD00BFB41C0020012810B5C7
S2140191100C462AD0022830D000283DD191F895304F
S21401912060F3071381F895300846FFF7DDFFA36A61
S21401913020461B0716D503F0EFFC042001F0C8FB00
S21401914050B3164A937F3BB3D37F0133DBB2D37759
S21401915092F821209A421FD8BDE810404FF0806057
S21401916005F0EABC03F0ACFEE7E703F051F98442F0
S21401917012D1BDE8104003F0C3BC91F895302046EB
S214019180C3F30312013262F3071381F89530BDE889
S2140191901040F321FFF7BABE10BD00BFB41C00207B
S2140191A010B501F0F5FBFB22114B10F0020F1A77F8
S2140191B00CBF012203224107197E48BF42F0040278
S2140191C062F3030119761A7EC2F3030161F30712F3
S2140191D01A764FF4417100221984DA76DA835A62DC
S2140191E01A611A85034BBDE810401B68184700BF7B
S2140191F0B41C0020E01C00202DE9F8434B4C05462A
S214019200A06818B114F040FA0023A360022014F0FD
S21401921087F95FFA85F8002016F021FC404616F023
S21401922055FF0646002868D1404616F05AFF074605
S214019230002862D1002D75D005EB850105EBC10133
S214019240C90033460122022089B214F01BF9002816
S21401925050D14FF4A479022084F81A8014F090F9C2
S21401926009FB05F731463A4620601DF00AFF3246F3
S2140192702368681E03EB0901824233DB002DA7F544
S214019280A4724FF00001D8BF0022995028466360AF
S21401929016F0E5FB88BB404616F00AFF68BB404661
S2140192A016F00CFF074640BB002D16DD02201EF00F
S2140192B0DFFB0223A060C37183793946C3F1020242
S2140192C00C33D2B218441DF0DCFE0121A3689A7952
S2140192D013441A7B61F301021A73FFF761FF3046EC
S2140192E0BDE8F88309FB02FC013243F80C1001F5D6
S2140192F0A471C1E7C4E90077A7760025002016F01F
S214019300E5FE002016F0EDFE2846C4E90055A576D8
S21401931016F0CEFE284616F0A2FB022014F000F945
S2140193200726DCE72B46A5762560AFE7B41C0020B0
S214019330014B987E704700BFB41C0020014BD87EBD
S214019340704700BFB41C0020F8B5284D14F07BFD13
S2140193506C681CB914F07DFD2046F8BD4FF4A47668
S214019360012723686B60EB7E0133EB7614F071FD09
S2140193703246002120461DF084FE04F128004021DB
S214019380676116F03BFE2B8B0722A4F8443194F854
S2140193903731002167F3030384F837314FF6FF7343
S2140193A0A4F87A302B7FA4F8866084F8423144F220
S2140193B09023A4F8403194F8853004F1080062F354
S2140193C0030384F885300A4BC4F8883003F1CE5382
S2140193D003F59813C4F88C3041F61B33A4F890308B
S2140193E01B2384F8923017F016FCB5E7B41C002056
S2140193F04801480170B50446002616F023FF04F123
S214019400080000F0ABFE0D4B20461B689847C4E9E8
S2140194100A6614F018FD05464FF4A472314620463C
S2140194201DF02FFE064B28465A682260DA7E5C60E5
S214019430013ADA76BDE8704014F00BBDE41C00205A
S214019440B41C00202DE9F04106464FF480400F463B
S21401945001F03EFA044630B90E4B1D6893F81A80A7
S2140194607135A04502D80020BDE8F08155F8493C89
S214019470DA0609D5C3F38003BB4205D10622294685
S21401948030461DF0D4FD18B1013405F5A475E8E7A2
S2140194900B20E9E7B41C002008B5B0F894305A1C3C
S2140194A062F30B03A0F89430042001F011FA70B1B6
S2140194B0074A937F0133DBB2937792F820209A42D2
S2140194C005D8BDE808404FF0806005F035BB08BD03
S2140194D0B41C002038B58B7905460B449B7D0C46A1
S2140194E003F00303032B09D101212C3016F086FD6E
S2140194F04FF4006105F1280016F080FD214605486D
S214019500A5601EF0D8F9BDE838404FF0005005F0D0
S21401951013BB00BFC01C0020014B1877704700BF6B
S214019520B41C0020014B187F704700BFB41C0020FC
S2140195302DE9F74F1D4616462A4604469DF8383053
S2140195409DF83C8080F89B3052F8103B0F46C0F8DF
S214019550283100F14401B8F1000018BF0120DDF800
S21401956030A09DF840909DF834B004F0FFFF2046EF
S21401957018F0D1F8204616F0B6FD19F074F84946F1
S2140195800246204616F0A9FDC82320460DF1060125
S214019590ADF8063016F094FD47F6FF73A4F83031A7
S2140195A0AB88A4F82C31AB7984F82E31DAF8003088
S2140195B0C4F87130BAF8043004F1280AA4F87530FA
S2140195C0BBF1000F03D00421504616F017FDB8F189
S2140195D0000F04D04FF40051504616F00FFD4FF423
S2140195E0607001F075F9C0F3C018C3054FEA88181A
S2140195F048BF48F08008810548BF48F4807814F0D9
S21401960022FC83464FF48261504616F0F7FC414631
S21401961004F12C0016F0F2FC584614F01AFCBB1E9E
S214019620012B7AD84FF40021504616F0E7FC0121B1
S2140196302046FFF74DFC0421204618F073F86B7D99
S2140196402046C3F3040384F870306A8907F0FD07E7
S21401965052006263697B2A7B42EA01226287E97BC8
S214019660AA7B42EA012222876A7D84F86F30C2F320
S214019670421284F83E2000220523A2870122A4F884
S2140196809C30A4F87C209DF9441016F031FD01F0C1
S21401969079F920F40060C4E908012046FFF7BCFB15
S2140196A03A4A3B4BB2F82880B8F1000F68D1002F38
S2140196B038D140F2C7186660E3612046166116F09D
S2140196C0AEFCB9F1010FE0600AD094F837312046BC
S2140196D069F3030384F8373109F00F0116F0B2FE7F
S2140196E004F10800414617F096FA012002F020FD29
S2140196F028B963691A075CBF43F00403636140F24B
S21401970071216B892046013B594316F0A7FC204680
S21401971002F018FD03B0BDE8F08F012F87D140F2AB
S214019720014185E74FF4D778E36140F271272B8931
S21401973040F608015B0007FB03665046666004F1CD
S214019740400616F05BFC3146204617F082FF2B8957
S214019750314601335B0020467B4304F1340201F0BD
S21401976025F9EB7931465B00012220467B4317F051
S21401977076FF236C20469E0816F051FC3044A0E785
S2140197806660E361002FD0D197E700BFB41C0020CC
S2140197900D91010070B51D46C36A04461B071646A7
S2140197A013D408212C3025F4105516F027FC25F08B
S2140197B01005064B2D0433402D0C2046C4E9083510
S2140197C0BDE870404021FFF783BB70BD2FCF87F700
S2140197D02DE9F04F85B004460191084689B34B79CF
S2140197E09A071FD41EF005F8019D70B96B79DB0747
S2140197F005D54FF4803104F1280016F0FFFB01A8CF
S2140198001DF072FF05B0BDE8F08FA36ADF0309D52E
S2140198104FF4803104F1280016F0F8FB6B7943F021
S21401982001036B71019E14F00EFB737931469E079E
S21401983005461ED504F1AC001EF04CF8284614F07F
S21401984008FBDFF8909114F0FEFAA36A0746DD05DF
S21401985014D5D4F8AC3043B19A7913441B7B392B19
S21401986003D829FA03F3D80711D4384614F0F1FACD
S214019870C8E704F1A8001EF01EF8DFE794F94631A8
S214019880022BF2DCD4E92A2372B9002BEDD004F1C5
S214019890AC001DF047FF0546384614F0DAFA2946B3
S2140198A0204616F07DFFCEE7002BF0D194F892808B
S2140198B0039304F1A80BD4F8A86096F807A0B3792F
S2140198C0AAEB030A5FFA8AFAC24527DC58461DF05E
S2140198D088FF0546A8EB0A086B7929466FF3C30390
S2140198E06B7103A81DF0E7FFD4F8A8302BB15B79A4
S2140198F0990702D1B8F1000FDDD1039B002BB4D03C
S2140199009B79022B40D800201EF0B2F8014670BBAE
S214019910039904F1A8001DF0DDFFA6E700201EF064
S214019920A7F8054630B9039904F1A8001DF0D2FF47
S21401993003959AE78079B1790C300C31424631446F
S21401994028441DF0A9FBEB7953FA88F3EB71B37940
S214019950727953FA88F3B3716B794FF0000862F3AA
S21401996000036B7173796FF300037371B4E7039BA4
S2140199704A79587960F300024A715A7903A86FF35D
S21401998000025A711DF0A1FFE36A9A0512D50398E9
S214019990034600680028FBD1DB79C3F14503DBB23F
S2140199A0032B07D81EF064F801460028B0D003A8A0
S2140199B01DF081FFD4F8A83013B15B79DB0704D51D
S2140199C0039A537943F008035371384614F041FA69
S2140199D0039965E77C2C020070B5036B0446990772
S2140199E086B001D516F02EFC236BDA0733D5A66AAE
S2140199F0330723D516F4002F14BF0325012520466F
S214019A00FFF750FA94F89B302946059300230493F8
S214019A1094F83E30C6F380020393238F80B20293FC
S214019A20638F0193636BC3F34F03009304F17103D8
S214019A3017F034FC30B9002006B070BDB50C05F047
S214019A400205DCE7012104F1300016F0DFFA4FF4DD
S214019A50005116F0D3FA236B980410D52046FFF771
S214019A6021FAA16AC0B2C1F3403117F080F900288B
S214019A70E1D04FF4005104F1300016F0C7FA236B21
S214019A80D90409D500212046FFF7A2FE4FF48051E4
S214019A9004F1300016F0BAFA236B5A0512D52046A7
S214019AA0FFF700FA002394F89B50C2B219462846E5
S214019AB017F0C5FA0028BED04FF4806104F13000DB
S214019AC016F0A4FA236B5B0711D52046FFF7EAF9D7
S214019AD0616B238F628FC1F34F0180B217F0BEFB1B
S214019AE00028A8D0042104F1300016F08FFA236B69
S214019AF01E0709D5204618F0A1F900289BD0082199
S214019B0004F1300016F082FA236BDD0618D52046E4
S214019B10FFF7C8F9E16A80B211F4805100F0C58000
S214019B20002117F030FC002885D04FF4805104F155
S214019B302C0016F06BFA102104F1300016F066FACC
S214019B40236B580615D52046FFF7ACF994F8773005
S214019B5080B20093D4E9082317F0F8FB00283FF4FD
S214019B606AAF0023402184F8773004F1300016F004
S214019B704DFA236B190516D52046FFF793F90023F6
S214019B800093B4F89830B4F8962094F89A1080B2FE
S214019B9017F0A0F800283FF44EAF4FF4006104F12F
S214019BA0300016F033FA236B13F4804532D19A0550
S214019BB016D52046FFF776F994F8371194F87720F2
S214019BC001F00F0180B200F043FD00283FF433AFEF
S214019BD04FF4007184F8775004F1300016F016FA4D
S214019BE0236B1B0616D52046FFF75CF9B4F88C30BC
S214019BF080B2009394F89130B4F88A2094F89010CB
S214019C0017F0F3FB00283FF416AF802104F1300073
S214019C1016F0FCF9236B9E0612D52046FFF742F993
S214019C2094F8771080B217F0C5FB00283FF403AF15
S214019C300023202184F8773004F1300016F0E6F98D
S214019C40236BDD0508D504F130004FF4807116F062
S214019C50DDF9204617F02FFF236B180408D504F111
S214019C6030004FF4004116F0D1F9204616F0E6FB1D
S214019C70236BD90308D504F130004FF4803116F078
S214019C80C5F9204616F024FA236B9A0308D504F189
S214019C9030004FF4003116F0B9F9204616F026FAD6
S214019CA0236B9B0704D40120C6E617F083FB3AE733
S214019CB000222046114616F017FA204616F016FA2C
S214019CC02046FFF7EFF894F8771080B217F028FCDB
S214019CD000283FF4B0AE022104F1300016F096F9E8
S214019CE02046FFF787FB024B1B689847DBE700BF60
S214019CF0E01C0020F8B50023124A02F1240151E8C5
S214019D00004F41E80035002DF7D1012734B9BDB128
S214019D100D48294616F072F92046F8BD94FAA4F0CB
S214019D20B0FA80F007FA00F624EA0604FFF7A6F870
S214019D300028EBD0FFF750FE0028E7D13543E5E7D2
S214019D400120EAE7B41C0020D81C00202DE9F74FBB
S214019D5004460190002860D0C5794FF000080C3504
S214019D60054414F070F8464600904FF4A47A404635
S214019D702B4FBA7E5FFA88F94A4517D90AFB09FBC9
S214019D803A685A44916ACB0644D5B2F89420C2F395
S214019D900B02002A3ED0E279C2F14502D2B2032A72
S214019DA015D802201DF064FE044640B90023009831
S214019DB0FB8314F04EF8304603B0BDE8F08F014641
S214019DC001A81DF078FD0020E5790C352544042214
S214019DD00123002112FB003305F82090E9543B686B
S214019DE002FB005C5B44B3F8943001368CF8023019
S214019DF0032312FB0032A9543B6801305B44B3F8DD
S214019E009420C0B261F30B02A3F89420E379F6B272
S214019E100433E37108F10108ABE70646CBE700BF60
S214019E20B41C0020F7B5684604F094FB00254FF4F7
S214019E30A477124EB37EAB4201DC03B0F0BD3468AA
S214019E4007FB0544A36A03F01803102B13D1052260
S214019E50694604F145001DF0EAF860B1012120468B
S214019E6017F04AFE38B901201DF002FE014610B176
S214019E70204601F06BF90135DCE700BFB41C002079
S214019E802DE9F74F13F0DFFF424BDA68009200220C
S214019E90DA6013F0DEFF009B13B903B0BDE8F08F64
S214019EA068461DF03FFC8279876802F10C04044481
S214019EB001460190A07A0A3210F0200F14BF032049
S214019EC0022002448A71FA6A52050FD5E07AA27A14
S214019ED042EA0022384616F051FE38B901A81DF0B4
S214019EE003FC3D21384616F03BFDD4E7BA6A94F8E8
S214019EF00AB012F4007201990BF0030013D0032884
S214019F008A79EBD10A44127B392AE7D8224B23FA05
S214019F1002F2D307E2D54A79384642F002024A7184
S214019F2000F01CFEB7E70328F5D048790BF0030BC9
S214019F3062F341004871084694F8069094F905A02A
S214019F401DF057FC019D0646AC793846063CE4B246
S214019F50AC71FEF7A7FF0C34C0F3032305EB04082E
S214019F6043EA0B1388F803302B46F6B288F8020052
S214019F70A8F8046005F804A088F801905A796FF3F0
S214019F8041025A711B68002BF8D1284616F006FFCD
S214019F9081E700BFB41C00207C2C0200002370B5B2
S214019FA00D46D1688AB009BA0291C178C66861F3D4
S214019FB00703817836BA61F30F23417806AC61F363
S214019FC017439168069609BA0391816809BA079101
S214019FD05168126809BA12BA04910592017842686A
S214019FE061F31F6312BACDE90823234680220120BC
S214019FF002A9009414F025FB0028F6D1DDE908102B
S21401A000DDE9063200BA09BA12BA1BBA28606960DD
S21401A010AA60EB600AB070BDF8B504460026084F8A
S21401A0200CB90748F8BDA179E579B8196D1AEDB2F2
S21401A0300C3121442A461DF02FF82E442468EFE700
S21401A040F01C0020F8B504460026084F04B9F8BDF8
S21401A050A079E579B9192D1AEDB20C3020442A46BB
S21401A0601DF01AF82E442468F0E700BFF01C00200B
S21401A070104B1A7842F0F0021A701A7C42F0F00285
S21401A0801A7493F8202042F0F00283F8202093F807
S21401A090302042F0F00283F8302093F8402042F05E
S21401A0A0F00283F8402093F8502042F0F00283F843
S21401A0B050207047001E00200368054A23F07F6386
S21401A0C023F4002302EAC14213430360704700BF32
S21401A0D00000F80FF8B54488054604F00704072C7D
S21401A0E01C4E28D113F0AFFE00221101735C06EB63
S21401A0F002171B090F2B0AD00132062AF5D1164A80
S21401A10013880133138013F0A4FE1920F8BD2B68C1
S21401A11094B27B801123735413F09BFE18F01FFA40
S21401A12006EB0413D8602B68002023F4E02343EAEF
S21401A13004432B60EAE72301F15CC1F30312013209
S21401A14002F00F02052A28BF002262F30711F1541C
S21401A150E4E700BF001E0020F428002038B544883C
S21401A160054604F00704072C0FD013F06CFE074ACF
S21401A1702401135D43F0F00313552B6843F4E023E9
S21401A1802B60BDE8384013F064BE38BD001E0020C9
S21401A1902DE9F0474588074605F00705072D89464E
S21401A1A037D01D4C4FEA051814F8086018F0D7F997
S21401A1B004EB051ADAF80C30360906EBC506C01AA8
S21401A1C004EB4606708014F8083003F00F02042AE8
S21401A1D09EBF013262F3030304F80830B9F1030F9E
S21401A1E014D114F8081004EB0514A01C01F00F019B
S21401A1F018F062F8044613F026FE3A68074B13403F
S21401A20023433B60BDE8F04713F023BE4FF6FF74CF
S21401A210F1E7BDE8F08700BF001E00200000FF7FC9
S21401A220064A08B59268824207D0427922F00302B4
S21401A23042F00302427104F0E7FC08BD601E0020F4
S21401A24010B5064C20461DF04FFA201D1DF04CFAA5
S21401A25004F10800BDE810401DF046BA601E00205B
S21401A26010B502201DF004FC034C606002201DF0B6
S21401A270FFFBA06010BD00BF601E002008B5FFF701
S21401A280DFFF0022024BDA60BDE80840FFF7E8BFB7
S21401A290601E0020014B5868704700BF601E0020FA
S21401A2A0014B9868704700BF601E002038B50C4C03
S21401A2B0E3681BB1E36898470023E36023686BB14A
S21401A2C007481DF02FFA054640B123681BB14FF031
S21401A2D0004004F031FC284617F03BF938BD00BFBA
S21401A2E0601E002010B5084CE0604FF0004004F0FE
S21401A2F023FC00BF00BF00BF00BFE3681BB1E368DB
S21401A30098470023E36010BD601E002038B58379AE
S21401A310044603445B7B13F0300F437923F00303B9
S21401A32008BF43F00103437113F08DFD0546214636
S21401A33005481DF0C0FA4FF0004004F0FDFB28462A
S21401A340BDE8384013F085BD601E0020F7B5144FF8
S21401A3507C68A3790C331C4400F01AFB6679E6B1DD
S21401A36016F0020519D136EA000016D1E378B4F8E2
S21401A3700920B4F80710A07901962479009401F019
S21401A3809BFA002808BF0C252A4642F24101B8680C
S21401A39003B0BDE8F04016F095BC1125F4E700BF08
S21401A3A0601E002010B50D4C626893790C331A4478
S21401A3B01179D078003918BF01210038B2F807307A
S21401A3C018BF0120B2F8052001F0DEFB42F242017F
S21401A3D00246A068BDE8104016F074BC601E00205E
S21401A3E010B5084C6068837918440F3000F09EF968
S21401A3F00023A0681A46BDE810404FF6284116F023
S21401A4001FBC00BF601E0020242816D80F2805D8C0
S21401A41002280CD8B0FA80F040097047084B103873
S21401A42080B2C34003F0010383F001007047053892
S21401A430012894BF0020012070470120704700BF0B
S21401A4402D2011002DE9F04F95B0FFF723FF42F2C2
S21401A4503603867905460C3630F806808419984509
S21401A4600ED1FFF717FF02211DF015F97F22A37801
S21401A4700233A370AA5500232022237762706377E4
S21401A4800121E078FEF72AF900230646002800F0AD
S21401A490D780CDE91233237AE2888DF84A30E37A01
S21401A4A0ADF848208DF84E30A388B4F8092013F093
S21401A4B01000ADF84C2003F0050306D093B1E37D00
S21401A4C0012B51D00025122614E07BB3E37D657E77
S21401A4D0012B37D16B1EDBB2022B09D800F058FADC
S21401A4E0012338E04FF48043DDE91212914220D96E
S21401A4F000251126FFF7D4FE012332464146ACB2B1
S21401A50016F09EFB002DCCBF0534053C24B2002E70
S21401A51040F099800A2394FBF3F4E4B2FFF7C0FEFF
S21401A520C3791844C47215B0BDE8F08F4FF6FF73B7
S21401A530DAE71F29DCD99A42DAD8E37D657E00285E
S21401A540BED1C5E7032BD3D16B1EDBB2022BCFD80E
S21401A55000F01EFA04230342CAD0032D08BF0425C7
S21401A5602840C0B20028C3D0E07815F07DFA20B1AB
S21401A570A088FFF749FF0028A4D0344A237F127829
S21401A580002A54D0042B9DD8637F042B9AD8A38825
S21401A590DB0653D418F067F80121C822084003F0FF
S21401A5A04FFE94F91630B4F804E003EB8303B0EBE6
S21401A5B0430F4FEA4302637B677E0F93A37BE188D9
S21401A5C0109304F10F031193637F94F80C9094F8A1
S21401A5D015A094F818B00546E07DC8BF15B2B4F8CA
S21401A5E009200C93237F03280B93E37E08BF0420E6
S21401A5F0032F08BF0427003B18BF01230A93A37E3D
S21401A6001FFA85FCCDE90873119BCDE9060B029371
S21401A610109BCDE904ACCDF80C9001930F9B30460E
S21401A62000935FFA8EF315F0DBFA064662E7002B1D
S21401A6307FF45EAF637F002BA9D059E70020ABE71C
S21401A6400546072656E7002468E700BF892900204B
S21401A650F8B5074601200D4616461DF009FA0446D0
S21401A660C0B106220C2116F0FEFA691EC9B20329F2
S21401A67088BF0022A37998BF074A03F10C0398BF4D
S21401A680525C234420469F80DE70DA719A71FFF790
S21401A690C7FD0120F8BD00BFCA880300F8B5FFF763
S21401A6A0F9FD83791844B0F80F60B0B2FEF7E6FB07
S21401A6B00446C0B116F02EF80138C0B2032814D8EB
S21401A6C000270B4B1C5CFFF7EBFD054604233A46BF
S21401A6D042F2300116F0B4FAAB790C33E818C680B2
S21401A6E004724472F8BD0227EDE700242746EAE724
S21401A6F0CA8803000B4610B50649074C06220028F7
S21401A70008BF214618461CF092FCB0FA80F04009BA
S21401A71010BD00BF8B29002091290020024B1A682A
S21401A72002609B88838070479129002013B50D4CE9
S21401A73028B1036823608388A38002B010BDFAF7AE
S21401A74041FACDE900019DF80230BDF80020A37062
S21401A750BDF805302280A4F803309DF807306371F8
S21401A760EBE700BF9129002010B5044613F06BFB00
S21401A7702268064B1A60A2889A80054A137843F02D
S21401A7800103137013F065FB012010BD8B29002017
S21401A7908A290020024B1878003818BF012070471C
S21401A7A08A290020024B1A6802609B8883807047C2
S21401A7B08B290020024B186908B104F0BDB9704717
S21401A7C0480F0020002310B53C4A02F1100151E861
S21401A7D0001F02F1100C4CE80034002CF5D140EAC1
S21401A7E00104A10201D501F019FD220101D503F0F2
S21401A7F0E9FB002C01DAFFF759FD630001D501F0F2
S21401A80033FCA00001D5FFF73BFBE10007D5FEF7BF
S21401A81055F820B94FF08051294816F0EDFE620137
S21401A82007D516F042F820B94FF08061244816F09B
S21401A830E3FEA30105D517F00FFFFFF7F3FA15F0B6
S21401A84018F9E00108D515F037FC072804D14FF0B8
S21401A85080711B4816F0D0FE610201D515F003F990
S21401A860220201D515F0F3F8E30207D515F022FC14
S21401A87020B94FF48011124816F0BEFEA00507D588
S21401A88000F03AF920B94FF400710D4816F0B4FE05
S21401A890E10507D5FFF72EFA20B94FF48071084875
S21401A8A016F0AAFE620503D516F0C8F916F0C7F928
S21401A8B0230501D516F0A8FE10BD00BF480F0020E5
S21401A8C0580F00200146014816F096BE480F00209A
S21401A8D0014B1B6818407047480F002010B5044B09
S21401A8E0D3E9064204430A43C3E9064210BD00BF4A
S21401A8F0480F002070B51E4D04462B68002B03DA66
S21401A900FFF7BCFC002031E04CF20C000021FFF701
S21401A910E5FF0023174E336024B163682B60A368FC
S21401A92003B133604FF00040FFF7CCFF33680BB93B
S21401A930114B3360114B1248AB6000232B7312F09E
S21401A940DFFEFFF795FB2046F7F7FAFB70B92CB14F
S21401A950B4F90E10B4F90C0002F08CFE17F087FE65
S21401A96003F0CAFD03F050FD0028C9D070BD00BF3A
S21401A970480F0020701E0020FB0C0020B5A7010028
S21401A9804C0F0020014BD3E906017047480F002009
S21401A990054B9B69DA054CBF032001201B0548BF08
S21401A9A040F00400704700BF480F0020F8B5174676
S21401A9B01C460D46064603F015FA1C4BBA7A1C498E
S21401A9C053F8222053F820308C421A4424D9194BCC
S21401A9D09C4214D9184B013C93FBF2F3002BB8BFF1
S21401A9E003339A1004EBA304B4FBF2F371682A68EC
S21401A9F0A1EB930102EB430271602A60F8BD0F4B95
S21401AA000F49A3FB04435B0902FB03F303F6C313DD
S21401AA10A1FB0313DB0AE9E702FB04F3094A03F58A
S21401AA2074338F33A2FB03231B0CDFE7208903005B
S21401AA304C6210001366660640420F001F85EB51FC
S21401AA405917B7D183DE1B43024B1A6802601860A0
S21401AA50704700BF781E00200022024B1A6000F0EB
S21401AA60FBB900BF781E00202DE9F843064615F015
S21401AA7087FB0446002835D045784DB913F0E3F935
S21401AA80237863701B4B1B682570636013F0E1F934
S21401AA904FF00108677837B923781BB34FF400707D
S21401AAA004F04AF81EE097FAA7F5B5FA85F508FA14
S21401AAB005F55FFA85F9636833B90E4B27EA050594
S21401AAC065701B686360E5E79B681BB963681B6874
S21401AAD06360F0E7494630469847012805D1636828
S21401AAE01B6863600120BDE8F8830228EED10020D0
S21401AAF0F9E700BF781E002070B500250D4EFEF761
S21401AB0017FCA84201D8012012E03068FEF7B6F91A
S21401AB1050B93468FEF70CFC0134B4FBF0F303FBC8
S21401AB20104401353460EAE7FFF79EFF0028F0D1B4
S21401AB3070BD00BF741E002010B50446837903441F
S21401AB401B7B392B96BF044AFF21D15C1CF0A3FD69
S21401AB50A0790C30204410BDCE8803002DE9F341C6
S21401AB6005460C46019115F0FBFA830605D501A8AA
S21401AB701CF0BAFD02B0BDE8F081019FBE790C362B
S21401AB80BB5D392B18D8164A12F80380B8F1FF0FAF
S21401AB9012D038461CF02DFE013840450CD1114B21
S21401ABA01E6896B921462846A37923441A7B02B02B
S21401ABB0BDE8F04116F018BE01981CF095FD284638
S21401ABC0BA5D019916F010FED4E773680BB93668C2
S21401ABD0E7E72146284698470028F8D0CAE700BF8D
S21401ABE0CE880300781E002037B504460D46202186
S21401ABF015F0B8FA2946204615F021FB214601201A
S21401AC0016F099FE2146002016F095FE012000233D
S21401AC102146034A009016F01FFE03B030BD00BF68
S21401AC20C116030073B50C461646054616F0F5FF29
S21401AC3080F001002946C0B215F089FAC368012CDC
S21401AC409A7907D032462146284602B0BDE87040C0
S21401AC5016F0E9BF13441022DB8A29460092002031
S21401AC60024A16F0F9FD204602B070BD271C03000B
S21401AC7037B5044617F011F80321204615F090FA6F
S21401AC800025034621460120034A009516F0E4FDFF
S21401AC90284603B030BD00BF0D1B03002DE9F34766
S21401ACA0074602200E461CF0E3FE0546002846D065
S21401ACB0B37900210C333344B3F80480B3F806A00B
S21401ACC0B3F8089016F046FD2846FFF735FF022137
S21401ACD00446384615F064FAA4F804806081A4F8A6
S21401ACE006A0A4F8089017F0FEFB08F10108B0FBD7
S21401ACF0F8F303FB1800022360806370AB79B3712D
S21401AD00EA7903F10C00F271D21AD2B22918304452
S21401AD101CF0C2F93946012015F019FA1022C66056
S21401AD206389394601200092064A16F095FD384699
S21401AD30294616F00DFD002002B0BDE8F087072079
S21401AD40FAE700BF271C03002DE9F34104460D4630
S21401AD500146012015F0FBF901210746284616F0A9
S21401AD60F9FC2846FFF7E8FE064600F101084046D2
S21401AD7003F0F0FBD6F801300221C7F812307379E0
S21401AD802046BB7515F00CFA29460746F08020468A
S21401AD9016F0DEFC20232146009301203B46034AA1
S21401ADA016F05AFD002002B0BDE8F081F31B030047
S21401ADB07FB504460D460146012015F0C8F950E856
S21401ADC0003F43F4806340E80036002EF7D120466A
S21401ADD016F023FFD8B3204615F0CAF9430715D558
S21401ADE03346324620460DF10F0115F07AFC9DF8E8
S21401ADF00F30062B0AD8284612F046FC0122002303
S21401AE002046FEF7C7FC002004B070BD0E21284680
S21401AE1016F0A0FC2846FFF78FFE0646FFF7B2FDA8
S21401AE20C6F80510FFF7AEFD2946C6F80100204614
S21401AE3016F08EFC0321204615F0B2F900220346D7
S21401AE40009221460120034A16F006FDDBE70821A1
S21401AE50DDE700BF111B030010B5054C054A20466F
S21401AE60054916F044FE2046BDE81040FFF7ECBD4C
S21401AE707C1E0020D91C0300E5AF0100F7B58B79D5
S21401AE8004460C33CE18CB5C0D46023B0F2B00F26A
S21401AE90A080DFE803F0089E9E9E9E739E829E9E83
S21401AEA02C689E9E9E4F12F0CEFF71780746204674
S21401AEB015F0C5F92021204615F054F92146012048
S21401AEC016F039FD2146002016F035FD01230093CA
S21401AED0002321461846404A16F0BEFC284612F0CA
S21401AEE0D3FB384612F0B5FF012003B0F0BDB3889E
S21401AEF07288717815F0DBFB204615F039F9830767
S21401AF0008D42946204616F0C8FE0121204616F030
S21401AF1009FCE9E72146012015F019F92F4B826853
S21401AF209A4203D12146012016F0D5FC284612F09C
S21401AF30ABFBEAE777780846B67812F0A5FB162F42
S21401AF4005D132460321204617F0B7F8CCE7214653
S21401AF50012015F0FCF88368002BC5D0324603218A
S21401AF6020469847C0E70146012015F0F0F807464D
S21401AF702846767812F088FBBB68EDE7014601208B
S21401AF8015F0E5F807462846767812F07DFBBB6893
S21401AF90002BA9D032460421E2E70146012015F034
S21401AFA0D6F80F4B82689A4203D0284612F06CFB03
S21401AFB09AE7D6F80120D6F805302046FEF7EAFBD8
S21401AFC0284612F061FB2146012016F084FC02217E
S21401AFD09CE7002089E700BF8F1C03000D1B0300C0
S21401AFE0111B03002DE9F3410C46054616F015FE2C
S21401AFF0A37900286BD00C3314F80380E618B8F157
S21401B000010F41D0B8F1080F39D0B8F1000F51D176
S21401B0107189284616F00EFCB188738872788B42C7
S21401B02094BF0746002709290B4638BF0923013B71
S21401B0309BB29A420FD8002A08BF00270846F38819
S21401B040328916F016FB40B9204612F01DFB01208E
S21401B05002B0BDE8F0814746F0E7002FF4D029465C
S21401B060002015F074F81022C46073890092013B29
S21401B0701B4A9BB22946002016F0EEFBE7E7214665
S21401B080284616F068FDE2E72846F18816F0D2FB5E
S21401B0900746701C17F0F9FA0028D5D0002FD3D038
S21401B0A02946002015F053F82023C4600093F38846
S21401B0B00C4ADFE72146284617F0ECF80028C6D1EF
S21401B0C02146284602B0BDE8F041FFF7D7BE23442B
S21401B0D01B7B0E2BD3D02146284617F0CAF8EDE786
S21401B0E025AC0100AB1B030038B504460D4615F030
S21401B0F03FF842070BD4204615F03AF8830706D4EA
S21401B10029462046BDE83840034A16F085BC284645
S21401B11012F0BAFA002038BD71AC010038B5054608
S21401B1200C4615F01DF800F01800102806D121462F
S21401B1302846BDE83840044A16F06EBC204612F098
S21401B140A3FA0C2038BD00BF9DAC0100014A16F0E1
S21401B15063BC00BF49AD010070B505460C4601460B
S21401B160012014F0F4FF0646284615F001F8020700
S21401B17004D5204612F088FA002070BD33685B05BE
S21401B180F7D4284616F049FD40B121462846FFF778
S21401B190ABFF18B91CF06CFC044630B121462846BA
S21401B1A0BDE87040024A16F037BC0720E5E700BF4D
S21401B1B0B1AD010073B504460E4614F0D1FF00F0A0
S21401B1C0300010284FF0020031D11CF051FC05462A
S21401B1D078B34379022143F00203437116F0BAFAB9
S21401B1E02846FFF7A9FC29464670204616F0B0FA15
S21401B1F01621204615F023F82021204614F0B2FF30
S21401B2002146012016F097FB2146002016F093FBFD
S21401B210204616F036FC0121204614F0C1FF0346F5
S21401B220012021460090044A16F016FB002002B0C9
S21401B23070BD0720FBE700BF3B1B0300F0B589B0DC
S21401B2400D46044616F063FDAB79002800F0A38096
S21401B2500C33EA18EB5C033B082B00F23881DFE87D
S21401B26013F0090036013601840036013601360135
S21401B2705D007E00D2F80100D2F8051003ABB2F8EB
S21401B280097003C302F1130301210B32204615F0A6
S21401B290BDFB0421284616F05DFA2846FFF74CFC54
S21401B2A006460C2105A803F0C3F805AB03CB3346CD
S21401B2B0C6F80100C6F80510079A002143F8092FC1
S21401B2C02046721C15F0A2FB2146002014F03FFF19
S21401B2D0034603AA478303CAC3F81200C3F816102D
S21401B2E020460821FDF7F4FD4FF40071204614F0C6
S21401B2F039FF204615F0A6FB2946204616F028FA07
S21401B3000321204614F04CFF034600202146714AD3
S21401B310009016F0A1FA012009B0F0BD0B212846D5
S21401B32016F018FA2846FFF707FC2946204616F0BD
S21401B3300FFA12F088FD05464FF44071204614F0CE
S21401B34011FF4FF48051204614F014FF284612F0E6
S21401B35080FD4FF48061204614F00FFFDBE728469E
S21401B36012F092F94FF40071F5E70621284616F01F
S21401B370F1F92846FFF7E0FB204615F0C3F9294608
S21401B380204616F0E5F9204615F082FB21460020FE
S21401B39016F0A1FABFE72B441B7B043B072BBBD857
S21401B3A001A252F823F000BFC9B30100EFB30100B8
S21401B3B051B4010019B3010019B3010019B301001A
S21401B3C019B3010067B4010020464FF4007114F070
S21401B3D0C9FEAA7920460C322A4402F1090300214B
S21401B3E0013215F013FB284612F04EF993E74FF49D
S21401B3F08060FFF76DFAB0B100274FF40061204678
S21401B40014F0B0FE2046CDE90577FDF74BFD064664
S21401B410204614F0A3FE39460346009505AAB0B2AD
S21401B42016F026F877E72146012014F090FE00F189
S21401B4301201204615F041FB0621284616F08AF92E
S21401B4402846FFF779FB2946204616F081F962E780
S21401B450284612F019F92146012016F06CFA20460A
S21401B46015F016FB57E712F0EEFC06464FF4007196
S21401B470204614F077FE4FF48051204614F07AFEF1
S21401B480304612F0E6FC4FF4C061204614F075FE1B
S21401B4902946204616F05CF92146012014F057FE95
S21401B4A0C268054682B1937901210C331A4402F130
S21401B4B0130320460B3215F0A9FA204615F0C2FAFE
S21401B4C02046E96816F044F90023EB6023E70020E4
S21401B4D022E700BF1B1D030010B5074C0749204695
S21401B4E0002216F004FB2046FFF7AEFABDE8104036
S21401B4F001200021FFF7F2B9881E00203DB20100AD
S21401B50038B50C468B7905460C331944E35C142B8D
S21401B51003D0152B0FD0002038BD013116F0CFFC1B
S21401B52015212846224616F012FD2146284616F019
S21401B5300FF90120F0E70146012014F008FE0B4B3D
S21401B54082689A4203D0204612F09EF8F1E7A1796C
S21401B550284621440D3116F0B2FC204612F094F82C
S21401B5602946012016F0B7F9E3E700BFA31F030041
S21401B57037B504460D460A46142116F0E8FC29465E
S21401B580204616F0E5F80321204614F009FE302285
S21401B5900346009221460120024A16F05DF900207A
S21401B5A003B030BDA31F030010B5074C0749204662
S21401B5B0074A16F09CFA2046FFF746FABDE8104007
S21401B5C020200021FFF78AB9941E002001B5010052
S21401B5D0A71F030073B51E46ADF800208DF8023094
S21401B5E0009B044601A801930D46114616F051FC36
S21401B5F09DF80630B34203D1BDF804308B4205D026
S21401B600284612F041F8122002B070BD204614F010
S21401B61017FF9DF80230827A9A4209D18288BDF8D6
S21401B62000309A4204D1284612F02EF80020EBE7AB
S21401B6306946204615F0C0F929462046014A16F00B
S21401B640EBF9E1E771B501002DE9F04116461A4321
S21401B65007460C461D46BDF8188005D12046BDE8B4
S21401B660F041114616F0F2BC4146204616F0CEF8DF
S21401B67078B12146384614F06AFD40238674C574B5
S21401B6802146069338464346BDE8F041024A16F085
S21401B690E3B8BDE8F08100BF05210300F7B5054614
S21401B6A00E460146012014F052FD036813F0F00F18
S21401B6B003D02946012016F03EF9284615F027F852
S21401B6C0B3790C3333445F789B781F400378C3F318
S21401B6D0030000EA1310384016F092FC044668B9DD
S21401B6E0284616F096FC384016F08AFC044628B91F
S21401B6F0284615F00FF801F0B3FF0446284600214E
S21401B70014F0A0FE1721304616F024F83046FFF755
S21401B71013FA314644708470284616F019F803214E
S21401B720284614F03DFD402203460092294600209B
S21401B730024A16F091F803B0F0BD00BFBB2003002B
S21401B74008B581B2074815F066FA012000F0F0FC52
S21401B75030B9054A536919075CBF43F004035361C6
S21401B76008BD00BFA81E0020A01E002001238340A4
S21401B770DB43064901F1240252E8002F1A4001F189
S21401B780240C4CE800200028F4D17047A01E0020AD
S21401B7900123074A03FA00F002F1240353E8003FAD
S21401B7A0034302F1240C4CE800310029F4D1704720
S21401B7B0A01E0020044A4FF08040536A43F4002341
S21401B7C0536203F0B9B900BFA01E002038B50E4D74
S21401B7D0044601F091FBE86B18B111F055FF002308
S21401B7E0EB6315F028FA0948FEF7B8FCAB6B0BB112
S21401B7F0FFF7E0FF2146044800F0F4FCBDE83840BE
S21401B80003481BF071BF00BFA01E0020A81E002029
S21401B810C01E0020034B586A10F0050001D1FFF747
S21401B820D5BF7047A01E002038B54FF010131D4C31
S21401B8300122E3624FF4E063238647F6FF73002597
S21401B840A4F8603094F86730656262F3030384F805
S21401B8506730154A154BC4E91632FFF799F84FF4CD
S21401B8608073A4F84830124B84F85600E361114BFC
S21401B87065611A6829461378527804F10800134462
S21401B8805B106376A4F8BC50A4F8B45015F0C3F965
S21401B890294604F1940015F0BEF9BDE8384016F0CB
S21401B8A006BF00BFA01E002055555500D6BE898E86
S21401B8B08B230300701E00202DE9F0411F4C984693
S21401B8C0636A0F46D90715469DF81C6033D460B3EA
S21401B8D00120FFF75DFF626A9DF8183022F4C072FE
S21401B8E042EAC312052E626284F8546007D101F061
S21401B8F0F7FF68B96D00ADB2BD4228BF3D4694F86A
S21401B90054309A0715D413F0040F14BF03260126EA
S21401B910012094F86730A78566F3030384F867303F
S21401B920E58584F83080BDE8F0810120FFF71EFF31
S21401B930D1E70226ECE70020F5E700BFA01E0020B5
S21401B940024B586AC0F38000704700BFA01E00205B
S21401B95010B51D4CFFF7F4FF636A13F0010313D112
S21401B960A8B994F8663094F83110253BDBB2013360
S21401B970DBB2032B28BF002341FA03F2D207F6D528
S21401B980253384F8663018E094F8543010B194F8F2
S21401B9905520134303F00503052BE2D101F0A0FF68
S21401B9A00028DED194F8673003F00F02012A05D192
S21401B9B0032262F3030384F8673010BD012262F3A9
S21401B9C0030384F86730CCE7A01E0020024B586AB8
S21401B9D000F00100704700BFA01E0020F8B52C4CF7
S21401B9E018B1636943F01003636116F0B8FD40F2C5
S21401B9F07121E28DE66C151F4D43AE42236DA78D76
S21401BA0018D2A3F5967301FB0733E768181A238942
S21401BA103B4483420EDA51436369891B43F01003AA
S21401BA2063618142D4BF216120611948BDE8F840B5
S21401BA3000F088BB40F271277A43A2F5AF7222610B
S21401BA40FFF786FF236DA28DAE4207FB02336360CC
S21401BA5023654FF00003E3640E4B0CD31A68616A4A
S21401BA60137B4907617E4CBF927912780B4493424F
S21401BA700CDC6376D9E7626A1B685207197B4CBFF8
S21401BA80DA795A78637E5B1A9342F2DA6276CCE709
S21401BA90A01E0020701E002038B51A4C05466369AA
S21401BAA023F01003636101F027FAB4F8BC302BB918
S21401BAB0A36813F4601F08BFA4F8BC300121114825
S21401BAC000F090FB104BE361636A5A0405D485F0DD
S21401BAD00100BDE83840FFF781BFA26A6168521ACB
S21401BAE0002AF4DA23F0010343F400436362FFF70C
S21401BAF091FE4FF0804003F01FF8FFF721FF00286A
S21401BB00E5D138BDA01E00208B23030008B5FFF742
S21401BB1017FFB0B10B4B586A20F0040210F0010079
S21401BB205A6203D1BDE80840FFF750BE01F0E4F9C0
S21401BB3015F081F8FFF73EFEBDE808400020FFF74C
S21401BB40ABBF08BDA01E002038B505460D4C80B120
S21401BB500320FFF70BFE002384F845300123A4F8E9
S21401BB6046300420FFF702FEBDE838401020FFF7FC
S21401BB70FDBD0520FFF7FAFD012384F8B650A4F8B1
S21401BB80B830EEE7A01E002070B53B4C1646636A3F
S21401BB9003F0010270B95AB112F055F9636A05460D
S21401BBA023F001036362FFF735FE284612F051F9D0
S21401BBB0002070BD002AFBD19B0704D5E36BBBB107
S21401BBC00120FFF7C1FF94F8303003F0FD03012B8D
S21401BBD016D012F038F90546C6B10E20FFF7D8FD8B
S21401BBE016F0BDFC42F2107303FB0600A06210E0E3
S21401BBF002201BF03DFFE0630028E1D10720D8E7D3
S21401BC00FEF7C8FD0028E4D11220D2E70E20FFF788
S21401BC10ADFD0020FFF7BCFD636A13F00403C4D139
S21401BC2040F27122E364E38DE260023B53432361F9
S21401BC3016F059FC0323B0FBF3F303EB4303C31ADB
S21401BC40253384F86630FFF783FE16F088FC6060C3
S21401BC502065B4F8BC00002808BFF520FFF770FD8A
S21401BC60064B05481A681378527813445B106376BE
S21401BC7000F068FA99E700BFA01E0020701E0020A1
S21401BC80274B70B55A6A0D4609B3160747D503F117
S21401BC90450603F1460428B3D1061FD52388012B98
S21401BCA01CD95B0804202380FFF760FD1020FFF7F6
S21401BCB05DFD16F018FC2388B0FBF3F202FB1300BF
S21401BCC0307055B30320BDE87040FFF74FBD9406B2
S21401BCD025D503F1B60603F1B804DCE70420FFF727
S21401BCE057FDE3E7D20314D5B3F84610B3F848205E
S21401BCF091420ED222881020520092B22280B3F8CE
S21401BD004830934228BF13462380FFF72FFD0420B7
S21401BD10CDE71020FFF73CFDF9E70520D3E770BD1E
S21401BD20A01E00202DE9F04F002783468946304C9F
S21401BD308BB0A56B636BAE79C4E90D770C360793B0
S21401BD4005EB0608D8F824A002F008F9AA5D08F168
S21401BD500806C2F3C01231460DF127008DF82720E0
S21401BD6013F0AAFECDE904B9636A5246C3F38023F1
S21401BD700393FF2302939DF827303946CDE90063EC
S21401BD80079808F10E03FDF7D3FB284611F07CFC5B
S21401BD90636A23F02402D907626205D40120FFF703
S21401BDA015FD0BB0BDE8F08F124B94F854501A688D
S21401BDB0052D1378527813444FEA6303637602D154
S21401BDC001F08EFD40B994F854309A070ED413F062
S21401BDD0040F14BF0325012594F86730012065F38D
S21401BDE0030384F86730FFF757FEDAE70225F3E727
S21401BDF0A01E0020701E002070B58AB005466B4656
S21401BE00484AAC7910685168127A03C30C3408208A
S21401BE101A702C44FEF75CFD20B101222846A11DB4
S21401BE201BF045FC0021A379CDF821108DF80F30C9
S21401BE30A37AADF8251003F00F0303F128026A4434
S21401BE4012F8282C8DF82010ADF81020062B08D8F3
S21401BE50DFE803F0044F07075F074B000D20FFF7ED
S21401BE6097FCA37A0DF11301C3F380138DF81230FA
S21401BE70E3680DF11200CDF81330238A09AEADF850
S21401BE80173000231A4613F002FEE3791C218DF8C1
S21401BE9019304FF47F43ADF81A307F238DF81C30EC
S21401BEA0637928468DF81D300023ADF81E30AB7936
S21401BEB003AC1233AB711BF057FCAB792B440C333C
S21401BEC0224603CAB24218605960144603F10803B9
S21401BED0F6D110682946186013481BF0ECFC4FF0A9
S21401BEE0804002F029FE0AB070BD0D20FFF73EFC2F
S21401BEF0B7E7D4F81230CDF82130E38AADF8253013
S21401BF00EB79063BEB71A37AC3F3C0138DF82030AF
S21401BF10A7E7064B5B6A9B0444BF42F00102ADF8FB
S21401BF2010209EE708890300C01E0020A01E0020E6
S21401BF3070B583790C33C4182379DA0702D44FF02D
S21401BF40FF3070BDA37AE27A03F00F05082DF6D80C
S21401BF50062D01D92846F4E7911F1F29EFD8012D98
S21401BF601FD10C2AEBD1244E736A13F0060F01D1B0
S21401BF70DB05EFD413F098FD20B913F08CFD0028F3
S21401BF80E8D1DCE7A37A96F83020C3F3C010B2EB11
S21401BF90D31FD4D104F1120100F00100FEF7AAFB71
S21401BFA0EDE7042DD6D11449144A486A0240002A06
S21401BFB0C5D0C96B0029CDD08A79C3F380130C3262
S21401BFC088188A5CB3EBD21F08D013F06DFD0028E9
S21401BFD0C0D113F057FD0028BCDBB0E704F10C011B
S21401BFE0062208301BF023F8044613F05DFD0028F6
S21401BFF0B0D1002CAED0ECE7A01E00200800040053
S21401C000F0B5184C87B0606B00B3A76BBE79FCF730
S21401C01049FF0223FF210C36BA5DCDE90431BD1973
S21401C02095F8233000215B090393AB8BD209029369
S21401C0306B8B80B201932B8B009305F1080315F0EF
S21401C0402DF9606BFDF7D6F900236363A06B11F041
S21401C0501BFB0023A363636A23F00403636207B038
S21401C060F0BD00BFA01E002013B5154C11F0EBFE6D
S21401C070236A01930023236211F0EBFE019BA3B90F
S21401C080636A1A0406D514F04CFEA0B1636A23F461
S21401C09000436362636A1B0305D5FFF7B1FF636A5A
S21401C0A023F40023636202B010BD01A81BF03AFB23
S21401C0B014F0A2FEE2E74FF0804002F03DFDE9E712
S21401C0C0A01E002010B5074C2368DA0607D523F01A
S21401C0D01003236018B90120A16813F0ACFC0023FB
S21401C0E0A36010BD601F0020014610B50446022063
S21401C0F013F0A1FC054B1B68D90305D463691A0725
S21401C1005CBF43F00403636110BD00BF601F0020E5
S21401C110014BD868DC387047601F0020034B10B510
S21401C120DC6816F01CFADC3C201A10BD601F0020EB
S21401C130034B1B6813EA004314BF0120002070471D
S21401C140601F0020F8B500230360436904465807C2
S21401C1500DD5204650F8081FC90C01F4FC7141F0BA
S21401C1600501FDF7A9FF636923F0040363616369B1
S21401C1702589D90603D516F0F2F928446060184ED1
S21401C1806068314651F8043F2D1A8BB923600C6064
S21401C190B3684BB1617E5A7E914219D26269D2066A
S21401C1A00FD50020FFF78EFFBDE8F84015F049BA1D
S21401C1B05A681F892A44D21B002AE7DA19461B68E7
S21401C1C0E3E75A681B6913441B1A002BECDBE8E70C
S21401C1D01A895B68D31AE2680344D342E4D5E0E7E0
S21401C1E0601F002038B504460A4D0846AB68A342D6
S21401C1F001D1FFF767FF6B68074A1BB1A3421968B5
S21401C20004D11160BDE8384015F01BBA1A460B463A
S21401C210F3E700BF601F0020641F00202DE9F047F0
S21401C220754D2B685B0700F1AF80AB68002B40F0C3
S21401C230AB8055E8003F43F0040345E80032002A8E
S21401C240F7D16C689CB116F08AF9D4E9043717F077
S21401C250100F0646A26819D010FA82F262602068B2
S21401C260D4F8048038BBDC334344C5E9024355E8BF
S21401C270003F23F0040345E80037002FF7D1AC68F0
S21401C280002C74D1BDE8F04701F0C0BC606892B2E2
S21401C290811AFF07A1EB060109D40029DFDAE76856
S21401C2A0DF1BCF4205D432441844831AD6E700294F
S21401C2B0D5DA20464FE041690289CF06D0F804E07E
S21401C2C048BF06EB020EAEEB020211F0010C11BFE5
S21401C2D01146D0E90371C91B891808EB03077F1AB9
S21401C2E0002F28DDBB4205D9E768A1EB0801DC3742
S21401C2F08F423AD9D4F814A01AF0010F1DD1216942
S21401C300D0F80C9027894144A1EB0901C91BE768C5
S21401C310A1EB0E01DC37B9420FDD971BBCF1000F14
S21401C32003D10169A1EB09010F44002F05DB4B4640
S21401C330C0F804E00446006892E7477E617E8F42BB
S21401C340F9D2921BBCF1000F03D1D0E903135B1A9B
S21401C3501A44002A02DAFFF7C7FE72E71AF0100F36
S21401C360A7D0C368C0F804E0E4E70B46E3E7A36898
S21401C37013F4601FC3F3C24008D121462B6843F073
S21401C38010032B6013F057FBBDE8F08704F1080695
S21401C3903046FDF79FFE2B68214643F010032B60C5
S21401C3A0F8B913F048FBA36813F4601F4FEAD341B2
S21401C3B0C3F3C24517D0013DEDB201F4FC7130461E
S21401C3C02943FDF779FE03213046FDF7E1FE75B1FD
S21401C3D0A268237E1344120C9BB212041343A3607B
S21401C3E0D2E73846CEE703213046FDF7D1FE304688
S21401C3F0FDF7B4FEECE700BF601F002008B5034B55
S21401C400996809B113F017FB08BD00BF601F002033
S21401C410014B9868704700BF601F00200A4B70B53B
S21401C4209C6884420FD12146012013F004FB666804
S21401C430258916F094F8AD1BC54221464CBF002055
S21401C440022013F0F8FA70BD601F0020054B1B6830
S21401C4501B6A13F0100003D013F0030018BF01206D
S21401C460704700BF701F002006222DE9F341344BB0
S21401C47006469C688846A5790C35635D671903F006
S21401C4804F036355838D7A70103B0D2B31D8DFE84F
S21401C49003F053304F07300C303030303030300C32
S21401C4A0635D6FF30303635523E00123625D006A56
S21401C4B063F3030262550C2210F4006F7A7006F1E2
S21401C4C02E0107F108020CD001924FF0FF32C0F3A3
S21401C4D0802000921A4613F0E3FA635D43F080036E
S21401C4E0E1E7D6F82E30BB608B889380336A5B0514
S21401C4F0F3D4B28D635D304662F345136355B91CC0
S21401C50016F081F8635D60F386136355A3797A7834
S21401C51002331344E371B38D03F01403142B04D0D8
S21401C520B8F1000FC4BF42447A7002B0BDE8F08192
S21401C530635D62F30303B6E70222635DF9E700BFBA
S21401C5409C1C002038B5294904460B7D4A7D0133E1
S21401C550DBB2B3EB921F0B7503D3032300200B75DD
S21401C56038BD016AC90234D5032390F87E20243AE7
S21401C57092FBF3F303EB4303D21A2532D2B2A18D19
S21401C58094F87F3011F01001B4F9340084F87E205D
S21401C59003F00F0323D116F061F801F083F8B4F924
S21401C5A0782004F17005824204D0A4F8780001F0E6
S21401C5B049FD6881284601F073FB002211461046AA
S21401C5C013F03BFA94F87E00002116F046F801209D
S21401C5D0C6E75B001A4102F003022532CFE70246A6
S21401C5E01946002001F02CFED7E700BF9C1C002056
S21401C5F01F4B2DE9F04104461860006C1BF0F9F85A
S21401C60001462046FFF730FFA38D1A4E03F01403B0
S21401C610142B0CBF0022226CB36820461A60FFF769
S21401C62091FFFFF713FF144B051E144808BF184669
S21401C63001F002FD6369676803F0100815F08FFFCB
S21401C6406D000346627EE8B2B8F1000F03D1FF1A0F
S21401C650B7F59B7F07D5114601F08AFBB068BDE8A8
S21401C660F04101F059BB616815F07FFFF6E700BFA6
S21401C670701F00209C1C00200DC7010059C9010035
S21401C68070B50546FFF7E2FE104B041E104808BFC2
S21401C690184601F0D1FC2846FFF754FF0D4E05461B
S21401C6A060B133686000597E00F0FE0001F060FB67
S21401C6B0BDE87040084B986801F02EBB01F0BCFC49
S21401C6C029463068BDE87040FCF7D6B80DC70100B2
S21401C6D059C90100701F00209C1C0020034610B59C
S21401C6E0094C052B20680AD0062B0CD1002001F03E
S21401C6F0A3FC20680121BDE81040FCF7BDB8BDE8E9
S21401C7001040FFF7BDBF10BD701F0020032803D1E6
S21401C710024B1868FFF7B4BFFFF7E0BF701F002099
S21401C7200C4B032810B51C680FD1206C1BF061F868
S21401C73001462046FFF798FE074B226C9B68204671
S21401C740BDE810401A60FFF79BBFBDE81040FFF739
S21401C750C5BF00BF701F00209C1C00202DE9F843B8
S21401C7608B7906460C33CC182379DA0703D44FF0BD
S21401C770FF30BDE8F883E77A252FF8D83C4B9A6856
S21401C78093790C33D118D35CA27AC3F38013B3EB3D
S21401C790D21FECD1056A0622EB064CBF02310431EA
S21401C7A004F112001AF043FC0028E0D194F80A9034
S21401C7B013F07AF905F4C04580F001032A1EC9F387
S21401C7C0801904F10C08414618BF01224846DBB225
S21401C7D015F0D5FE014658B1A37A03F00F03032BDB
S21401C7E016D1336A9807C2D50C2FC0D10320C0E7F3
S21401C7F013F060F90028BAD1A37A03F00F03002DD5
S21401C800EDD0032B85F4C04513D1A904AFD5E8E7D5
S21401C810052BACD1306AC207A9D500F01403142B3E
S21401C8200CD004F1180015F018FE00289FD0052042
S21401C8309FE7052B9BD16B04ECD498E706F12E05F8
S21401C8402946C0F3802013F024F90028E9D1A27A02
S21401C850336AC2F38012C3F380239A4287D1062239
S21401C860294640461AF0E3FB0028DAD07FE700BFEE
S21401C8709C1C00202DE9F74F00244FF0FF3107469E
S21401C88001A8019401F04EF8019949B13846FFF725
S21401C89065FF032806D005284BD001A81AF024FF0F
S21401C8A001203FE0DFF8A880284801F0C5FBD8F852
S21401C8B000302046597E01F07FFAD8F800B0DFF844
S21401C8C09490DBF84400D9F808601AF092FFB47926
S21401C8D005460C34335D06EB040A03F0400343F0CF
S21401C8E0040333550AF10201584615F08CFE335DF8
S21401C8F0002D60F386133355D8F80030D9F80800B8
S21401C9005B6CA4BF06358AF80150036001F004FA97
S21401C910D8F800301B6ADB0407D53846019913F0B6
S21401C92061FB002003B0BDE8F08F01A81AF0DCFE21
S21401C930F7E7019801F0ACF83846019913F0FBFAD5
S21401C9400028ADD0204601F077FBEAE721C70100B9
S21401C950701F00209C1C00200E4A032810B5146886
S21401C96005D0042809D0BDE81040FFF7B7BE617EA8
S21401C9700120BDE8104001F0B7B92046FFF77AFF65
S21401C98030B101F0EBFA2046BDE81040FFF778BE63
S21401C99010BD00BF701F002038B50D4604460020AC
S21401C9A001F04AFB01F0DAFA29462046FCF7AEFA16
S21401C9B00022014B1A6038BD741F00200123074A6C
S21401C9C003FA00F002F1140353E8003F034302F1B7
S21401C9D0140C4CE800310029F4D17047B41C002037
S21401C9E0F8B5244F05467B690C4613F4C07F03D087
S21401C9F099063BD401200CE039B15A0705D4D5F885
S21401CA00A43013B90820FFF7D9FF7B699B0601D52F
S21401CA100020F8BD7B7FAE6A022B06F0080604D91B
S21401CA2016B114B90220F4E7E4B995F8921095F816
S21401CA303701063100F00F0000F0EEFD85B20EB9A9
S21401CA4004B16D00FFF76AFBA8420DDB7B6913F0AA
S21401CA501C0FDDD11EB1002CDAD10520D9E7002C40
S21401CA60FBD1D5E70320D4E70420D2E7002CCFD0B2
S21401CA70C3E700BFB41C002038B50446114D4FF47F
S21401CA8080616B69283043F400736B6115F016FD05
S21401CA900121204613F071FB00212046FFF7A0FF7D
S21401CAA0014620B12046BDE83840FFF775BF6869EA
S21401CAB0617E80F48070C0F30020BDE8384001F04C
S21401CAC013B900BFB41C002038B504460B4B1860E0
S21401CAD000F5947001F0E4F82046FCF7E3F9C4B2DF
S21401CAE0204612F0B6FF0546204612F0B4FF29464E
S21401CAF00246022012F0A1FF38BD00BF741F0020BD
S21401CB0008B5002001F098FA01F028FA0022014B3E
S21401CB101A6008BD741F002010B50446FFF7D4FF45
S21401CB20064801F089FA6168226C637E1120BDE82F
S21401CB30104001EB920201F0C3B900BF09CE01001B
S21401CB403F4B37B51C680023A26A01935005D4F801
S21401CB50A03012D504F1A40001931AF0E3FDC4F845
S21401CB60A00050B194F846314FF48061013B84F83F
S21401CB70463104F1280015F0A1FCD4F8A0500DB9F7
S21401CB80304B9D6894F94631022B0DDCD4F8A83061
S21401CB9013B1A36AD90502D5D4F8AC3023B14FF44A
S21401CBA080512046FCF794F9D4F8A410A36A002912
S21401CBB014BF01210021AA794FEA830302F10C0276
S21401CBC003F00C0343EA0113A95C21F01C0143EABC
S21401CBD00103AB540DD11B4A02F1140353E8003F85
S21401CBE023F0080302F1140040E800310029F3D1D4
S21401CBF002E00320FFF7E2FE284601F08DF8019BD4
S21401CC0053B15B7903F00A03082B02D12046FCF7E7
S21401CC1043FC01A81AF068FD6B799A070ED5A36A42
S21401CC201B040BD50820FFF7C9FE4FF4004104F1A1
S21401CC30280003B0BDE8304015F040BC03B030BD5D
S21401CC40741F0020B41C002000232DE9F04385B09A
S21401CC500446032103A8039300F064FE039D35B93F
S21401CC60F4212046FFF798FE05B0BDE8F083AB79C6
S21401CC70644F0C331D442A797B69D6074ED4DD06F2
S21401CC804CBF07200420FFF799FE0026012120460D
S21401CC90FFF7A6FE054650B97869617E80F480707C
S21401CCA0C0F30020400001F087F8FFF749FF039822
S21401CCB000F0EEFEDDF80C807A6998F80630510631
S21401CCC003F10C0308EB030915D458F803300620CA
S21401CCD03B61FFF773FEA36A1A060CD404F128021F
S21401CCE052E8003F43F0800342E800310029F7D1C3
S21401CCF00120FFF763FE4946204613F044FA99F8EF
S21401CD000430DB077BD5002E52D11DB129462046C3
S21401CD10FFF742FE03A800F0DFFCA5E7012023F0A1
S21401CD2010037B61FFF74AFEAE7AF0062FD502208C
S21401CD30FFF744FEA36AAA7A83F00203C2F38002D5
S21401CD40C3F340039A422FD14FF4006104F1280047
S21401CD5015F0B4FB50E8002F42F4806240E800234F
S21401CD60002BF7D1A26A82F00202A2627B77AA7A2E
S21401CD70A36AC2F3C00203F001018A4285D183F09F
S21401CD80010316F0030618BF0126A3627EE707F12A
S21401CD90140353E8003F23F0040307F1140141E8AC
S21401CDA00032002AF3D1C5E77B7F0133DBB2DDE732
S21401CDB02046FCF777F8C0B212F04BFE0646204636
S21401CDC0FCF770F8CDF80480A38F82B20093314649
S21401CDD00023022012F039FE4FF0FF3103A800F0C5
S21401CDE0A1FD03998B790B44DB7D002B8DD020466A
S21401CDF0FCF770FB002D3FF437AF294631E7002ED4
S21401CE0083D0E9E7B41C002008B50346114A042B79
S21401CE1010680BD002D8032B18D008BD053B012B98
S21401CE20FBD8BDE80840F121FFF7B6BDFFF70CFFC0
S21401CE30094A02F1140353E8003F23F0200302F1EC
S21401CE40140040E800310029F3D1E6E7BDE80840C8
S21401CE50FFF712BE741F0020B41C0020164B0338C7
S21401CE6010B51C68032818D8DFE800F00702181E62
S21401CE702046BDE81040FFF7E7BE2046FFF7FCFD61
S21401CE800E4A02F1140353E8003F23F0200302F197
S21401CE90140040E800310029F3D110BDF1212046ED
S21401CEA0BDE81040FFF778BD4FF4806104F128001B
S21401CEB015F004FBF221F2E7741F0020B41C0020D9
S21401CEC010B50446FFF700FE054801F0B5F8FFF778
S21401CED037FE627E61680220BDE8104015F045BB52
S21401CEE05DCE0100034B5B6A13F0060F0CBFE22018
S21401CEF0F1207047A01E002008B5FFF789FA054B00
S21401CF00834206D101F02AF8BDE80840002001F06E
S21401CF1093B808BDA01E002070B5214C214801F031
S21401CF208BF894F8673094F86620002103F00F031D
S21401CF30C82015F093FB00F0B5FBB4F960208242DF
S21401CF4005D0A4F8600001F07DF8A4F86200164848
S21401CF5000F0A6FE00221146104612F06EFD66682D
S21401CF6015F0FDFA0246FFF7BDFFB61AB6F5FA6FE1
S21401CF70054609DCFFF7CCF8627EA0F5AF712846BE
S21401CF80BDE8704000F05EBF6668FFF7C1F8314645
S21401CF90637EA0F5AF722846BDE8704000F090BFF2
S21401CFA0A01E002041D40100F81E002038B500F074
S21401CFB0D5FFFFF7B3F8B0F5967F0D4C0CDDFFF704
S21401CFC091FF0546FFF7A4F8627EA0F5AF712846EB
S21401CFD0BDE8384000F036BF15F0C1FAE36C626870
S21401CFE09B1A0344E3640020BDE8384015F0DAB923
S21401CFF0A01E0020F7B5104C064694F845500F4683
S21401D0002DB10020013D84F8455003B0F0BD0B4B17
S21401D01002201B68597800F0CFFE94F830303A466B
S21401D020CDE9005331460323E06B15F0ECF9E06BD4
S21401D03000F072FE0120E8E7A01E0020701E00200E
S21401D040094A02F1240353E8003F43F0080302F1C2
S21401D050240040E800310029F3D1044B01201B686D
S21401D060597800F041BE00BFA01E0020701E0020AF
S21401D0700289438940F271205B004343D0B25B1AB8
S21401D0804343120AB3FBF2F3024A126811445818DA
S21401D090704700BFA021002030B58C1AE41A002C7E
S21401D0A008DA124C551A64681D44B5FBF4F505FB05
S21401D0B004442144134440F2E242CB1AB3FBF2F398
S21401D0C09BB242892BB940F27124530004FB031131
S21401D0D013460132B3FBF2F402FB1432028140F232
S21401D0E0E2409B1A00FB131030BD00BFA0210020B8
S21401D0F02DE97043064618469DF8183089461446B1
S21401D100E3B9C31E012B8CBF02250325222100F0A3
S21401D11083FA40F27128154B6D005B6808FB05F534
S21401D12081446BB121463046FFF7A2FF4A460146CD
S21401D130ABB23046BDE87043FFF7AEBF0125E5E769
S21401D140738934890133B4FBF3F203FB1244F37998
S21401D15034815B00640008FB03F308FB04F404EB72
S21401D160530404EB09002844BDE87083A021002085
S21401D1702DE9F041134E8046736A5B071BD58B7908
S21401D1800C33CF18C8B9FD79CC582846398900F038
S21401D19043FA0444B8F1000F11D1033D012D94BFA9
S21401D1A00323022340F271225B0002FB0344346432
S21401D1B07B7986F84430BDE8F0810125E4E7012358
S21401D1C0F0E700BFA01E00202DE9F04F16468DB0F7
S21401D1D0021E069108BF00211F46954B05929D6BC6
S21401D1E05B6AAC7938460C342A5DC3F3801A61F366
S21401D1F045122A55314603F04002039212F056FCBE
S21401D20005EB04080790285D08F1080B5946C0098C
S21401D21012F04CFC039B8146002B44D1002844D1DC
S21401D22012F042FC80F00103DBB25246314638462A
S21401D23003F0010315F0A3F90490002800F08A809A
S21401D240039B002B33D1B9F1000F75D1079B002B3F
S21401D25072D012F01AFC00286ED001220AA90DF134
S21401D260270012F025FC002874D09DF827302A5D8F
S21401D270591E4B424B41B3EBD21F6BD10622584687
S21401D2800AA919F0D4FE002864D13368C8F808301A
S21401D290B388ABF804302B5D67F3C7132B554FF0FB
S21401D2A00009CA4619E00123BFE7039BBDE7604BAF
S21401D2B05B6A13F400791CD115F804A0CAF3801A2E
S21401D2C0484612F0FAFB3368C8F80830B388ABF862
S21401D2D004302B5D67F3C7132B55059B544E002B6B
S21401D2E03ED196F8B630002B3AD0013B86F8B630E0
S21401D2F030E012F0C7FB002806DA15F804A04FF05C
S21401D3000009CAF3801ADBE700221146104612F024
S21401D310C9FB15F804A08146CAF3801A0028CFD0AD
S21401D320002302211A4608EB010015F044F82B5D94
S21401D33060F386132B55C3E77A1E57422B5D574180
S21401D340B7EBD31F06D106223146584619F06FFEB9
S21401D3500028A4D00023049304980DB0BDE8F08FF4
S21401D36015F0FDF8074612F0EEFE059B024639461B
S21401D370009308F10E009DF85830FFF7B9FE2D4BCB
S21401D380059A1B680746D9799AB9022000F014FD60
S21401D390B06B00F0C1FCB36B9A7913441F63FFF7BF
S21401D3A037F8254BC361069BB3B9736A23F48063D0
S21401D3B015E0002000F000FDB06B00F0ADFCB36B93
S21401D3C01E489A7913441F6300F036FE069BC3B9C4
S21401D3D0736A23F4806317E0736A43F480637362AD
S21401D3E0039B9BB1B9F1000FB6D0002351461A46F4
S21401D3F008F1020014F0DFFF2B5D60F386132B5556
S21401D400AAE7736A43F480637362EBE72B5D00223D
S21401D410C3F3C01359460AA88DF8283012F048FB0A
S21401D4202B5D9DF8282062F3C7132B55DAE700BF62
S21401D430A01E0020701E0020350C0300EDD5010053
S21401D44004282DE9FF471ED005D8032800F0C08028
S21401D45004B0BDE8F087431F012BF9D805384FF01B
S21401D460010118BF0120FEF70BFC15F078F85D4AA4
S21401D470D36C51685B1A03440020D36404B0BDE842
S21401D480F04714F08FBF002403A84FF0FF31039438
S21401D49000F048FA039858B1FEF74AFD08280746F7
S21401D4A003D8514B1E5C31070AD403A81AF01CF9A5
S21401D4B04C4B5B6A13F0060F12D0FFF777FD0FE0B7
S21401D4C00728039D13D122462946464813F0A9FB97
S21401D4D00028EDD013F0B0FB10B10120FEF77EFA64
S21401D4E00121084604B0BDE8F047FEF7C9BBDFF8E6
S21401D4F0F480D8F8244014F0040410D016F0020486
S21401D5000DD00120AA790C322A44917A0090C1F3F9
S21401D51080130C32C1F34011FFF756FE044628462D
S21401D52000F0B6FA29460120FFF722FED8F824308B
S21401D530DA072DD503F0800A95F8069012F0B4FAB2
S21401D54009F10C09A94480F0010399F80A00BAF11F
S21401D550000218BF0122DBB209F10C01C0F38010F2
S21401D56015F00DF860B12CBBD8F8243028469B077F
S21401D57033D5F40710D4730731D5FEF73DFC97E792
S21401D580BAF1000F04D1514612F094FA0028EAD0FD
S21401D590284610F079F818E015F0AAF8044648B1C4
S21401D5A0A8790C302844817A0C30C1F38011FFF73A
S21401D5B021FD0446042F03D1D8F824309907E7D576
S21401D5C07207E5D52846FEF717FC002C88D16FE7D1
S21401D5D004B0BDE8F047FFF733BD042FCBD110F000
S21401D5E053F865E7A01E002012890300032808B53A
S21401D5F00AD1074800F020FD064B012093F944109C
S21401D600BDE80840FEF78EBBBDE80840FFF718BF2F
S21401D61041D40100A01E0020064B10B55B690C46E4
S21401D62010B101F061F8034618795B8804FB0030FD
S21401D63010BD00BF680F0020084B10B55B690C4693
S21401D64010B101F051F803465A88A2423DBF1B793A
S21401D650A41AB4FBF3F0002010BD00BF680F002031
S21401D6600138C0B203289ABF014B185C00207047EE
S21401D6701B8903008BB200294FF00A01B4BF053B9A
S21401D68005331BB293FBF1F3014A10809370704788
S21401D690FC280020024B9B78C01A40B2704700BF9E
S21401D6A0FC280020024B1B88C01A00B2704700BF3E
S21401D6B0FC280020074B186840F20D1338B9002BE0
S21401D6C0C1BF45224433B3FBF2F0C0B270470068D5
S21401D6D0453BF3E7680F00202DE9F041064610F0C0
S21401D6E0B2FB0746FFF7E6FF35460446286818B141
S21401D6F06CB9284619F0F8FF31680A481AF0DBF8C9
S21401D700384610F0A6FB00233360BDE8F081D0F860
S21401D71000801AF0A1F92B68013CC3F800802D683F
S21401D720E4B2E3E7680F0020024BDB6B03B1184756
S21401D730FEF764BE680F0020C04310B5054A131DEE
S21401D74053E8003F0340141D44E800310029F6D198
S21401D75010BD00BF680F002010B5054A131D53E821
S21401D760003F0343141D44E800310029F6D110BDE3
S21401D770680F0020F8B516461C460746194610469F
S21401D78014F0E2FE32462346384614F0E2FE434DDC
S21401D790D5E9062300EA020401EA030654EA060371
S21401D7A013D0670104F0806010D56B68180623D487
S21401D7B03B4B234093BB3B4B06F0200223401343D5
S21401D7C056D12046314614F0BBFEF8BDA4F108033D
S21401D7D033431CD1EB7A012B42D16B68D90743D571
S21401D7E00323EB7204206B8C01336B84FFF79CFFE1
S21401D7F0012014F0AAFEE4E72B1D53E8003F23F0B6
S21401D8008003291D41E80032002AF5D1DDE7A4F1A5
S21401D8100C03334317D114F098FEDBE724F0011311
S21401D82023F4A0433343C6D1EB7A012B18D140F23F
S21401D83001436A680520934314BF00230323EB7258
S21401D840FFF772FFBDE7231F334302D114F07EFEBC
S21401D850B7E704F17F433343AAD1EB7A022B0FD00B
S21401D860042014F057FEACE713F40063BAD1B8E70E
S21401D8700420FFF771FF4FF0006001F05DF9A0E7AB
S21401D8806B689A0706D50423EB722B8C03200133B1
S21401D8902B84ABE713F02003F7D1F5E7680F0020E0
S21401D8A0015001000DD50155014B986A704700BF24
S21401D8B0680F002010B5064CA06A18F06DFF28B955
S21401D8C0A06A18F06BFF00F0010010BD0120FAE716
S21401D8D0680F0020014B986A18F062BF680F00209D
S21401D8E0024B5868C0F34020704700BF680F002005
S21401D8F010B504464FF40070FFF71EFF084B986AF8
S21401D90018F050FF38B10CB9002010BD4FF400706C
S21401D910FFF722FFF8E7002CF6D00C20F5E700BF52
S21401D920680F00202DE9F04F046806468846574DDB
S21401D93089B0002C48D02046A77919F05AFF0C3739
S21401D94027443C890A38B8F1FF3FA4EB000402D013
S21401D9504445A8BF4446B5F83890B0EB090713D440
S21401D960002C0EDD6D6B36683D44FF2C22462946A1
S21401D9703046A8BFFF2219F09AFE241A36680544DD
S21401D980F3D109B0BDE8F08FA9EB0009A145A8BF06
S21401D990A146296BC846D6F800A001EB000BB9F1E9
S21401D9A0000F0DD04246FF2A59465046A8BFFF2217
S21401D9B019F07DFEB8EB0008DAF800A08344F1D137
S21401D9C0A4EB09044F44CBE70321A86A03AA18F085
S21401D9D040FEBDF80E70A14602940A3702ACE8621A
S21401D9E009E023601B682B602368C3F80090236856
S21401D9F0002F1C4611DD2B68453F002BF1D101207D
S21401DA001AF036F8034620600028F1D1019002A8EA
S21401DA1019F06AFE019B3360B3E72B1D53E8003F04
S21401DA2043F008032A1D42E80034002CF5D14FF0DC
S21401DA30006001F081F80298BDF8102043790A21B0
S21401DA4043F001034371069B30606B63059B2A8795
S21401DA502B638379BDF80E200C3303441C711A81A5
S21401DA602A7ADC719A719DF80C20072A0BBF0122D5
S21401DA70AB8C1A7101331FBFAB846B8C03F1FF3380
S21401DA806B8419F008FE346855E700BF680F002064
S21401DA902DE9F041877905460C37C419237986B0FC
S21401DAA013F002081BD1174E43F0020323716A4696
S21401DAB0D6E90A0118F0D1FD238969460333B06A15
S21401DAC0ADF8043018F0CBFD009B9DF90E00EB512C
S21401DAD0FFF7E0FD6071B37A022B03D8E37106B05D
S21401DAE0BDE8F0819DF81130012B04D0022B04D043
S21401DAF02BB90423F2E70323F0E70123EEE784F8CA
S21401DB000780ECE7680F002037B5124B00F00F04D2
S21401DB101B88012CADF8043015D0022C15D18DF8D8
S21401DB20044042F222000C4D6B680340A3420ED023
S21401DB30FFF702FE2046FFF70FFEA86A01A918F0BC
S21401DB4014FD03B030BD2024EBE70024E9E70020F4
S21401DB50F7E700BF44890300680F00202DE9F04372
S21401DB6002234FF00008114F85B0814610460E463D
S21401DB701546CDE90218FB7214F0E4FC009042460B
S21401DB80797AB86A02AB07F0DDFE044650B948461A
S21401DB90FFF7BAFF2B4604464246012130463D7345
S21401DBA014F0CCFC204605B0BDE8F083680F0020D9
S21401DBB037B5144B00F00F041B88012CADF8043068
S21401DBC014D0022C16D0002441F601000E4D6B68CD
S21401DBD00340A34213D0FFF7AFFD2046FFF7BCFD7D
S21401DBE0A86A01A918F0D7FC03B030BD04238DF84C
S21401DBF00430E9E78DF804404FF40064E4E70020C0
S21401DC00F2E700BF44890300680F0020002210B528
S21401DC10084C1046114614F090FCA06A07F056FE18
S21401DC2014F096FC204619F05FFDBDE81040082070
S21401DC30FFF782BD680F0020014B986A18F0EEBD11
S21401DC40680F002038B5154C0546A37A834210D0DC
S21401DC50431E042B08D8DFE803F0030D1116180045
S21401DC60A06A08F07DFA20B92846A57200F03CFDAE
S21401DC70606138BDA06A14F074FCF4E70121A06A63
S21401DC8014F071FCEFE70321F9E7FFF729FE0028FE
S21401DC90EAD0A06AFFF7D0FFE5E700BF680F0020D3
S21401DCA073B50446408900F02BFB0E4DA07B002681
S21401DCB0287214F01AFC6872E07B00F00F00FFF780
S21401DCC0C1FF0096A37BD4E90021A86A18F0CAFD1B
S21401DCD032463146304611F0B0FE206814F037FC6B
S21401DCE002B070BD680F002038B50123094D0C46FF
S21401DCF0EB72FFF75DFF10B1042014F00BFC2B7BD9
S21401DD00A34204D922460021012014F016FC11F08A
S21401DD1095FE38BD680F0020F8B5044611F08FFE59
S21401DD200746A179E279114E521A0C310123B06AE5
S21401DD30D2B2214418F087FCE579A379ED1A57FA97
S21401DD4085F524680CB93561F8BDA179E27900231F
S21401DD50521A0C31D2B2B06A214418F074FCE3793D
S21401DD60A2799B1A55FA83F5EBE700BF680F0020EE
S21401DD70F8B502230F4E0D46F372FFF7C5FE0446B3
S21401DD8020B1BDE8F840042014F0C4BB284614F0C6
S21401DD90D9FB07462A4621460120357314F0CDFBF0
S21401DDA03B462246717AB06A07F0BEFD0028E8D1EC
S21401DDB0F8BD00BF680F002038B50223084D0C4699
S21401DDC0EB72FFF7A1FE10B1042014F0A3FB2B7B2E
S21401DDD0A34204D922460021012014F0AEFB38BD2F
S21401DDE0680F0020014B587B704700BF680F00206A
S21401DDF068B1084B194653F8042F0AB18242FAD289
S21401DE005B1A9B10013BDBB2034A53737047012335
S21401DE10FAE700BF20890300680F002010B5084C00
S21401DE20606810F480700AD0A06A18F029FC30B936
S21401DE300121A06A18F022FC80F00100C0B210BDDA
S21401DE40680F00202DE9FF4100234FF001081B4E0B
S21401DE5000938DF80C30C0F340138DF80E30C0F3EC
S21401DE6000130446154686F80B808DF8048002914F
S21401DE708DF80D30FFF79CFE28B1042014F04AFB04
S21401DE8004B0BDE8F081284614F05CFB6A46034600
S21401DE90717AB06A07F062FD2A46C4F3801107461C
S21401DEA04046357314F049FB11F0C8FD230601D531
S21401DEB0FFF7B4FF002FE0D1E2E700BF680F0020B4
S21401DEC02DE9FF4104460F461D46012100231C4E45
S21401DED0E006F172019303930097029205D57369E8
S21401DEE01B888DF80D1013440293C4F34013284683
S21401DEF08DF80E3014F026FB6A460346717AB06A36
S21401DF0007F02CFD28B1042014F004FB04B0BDE892
S21401DF10F0812046FFF74CFE2B460121C4F3801208
S21401DF2080463846357314F009FB11F087FD230649
S21401DF3001D5FFF773FFB8F1000FE4D1E6E700BFA4
S21401DF40680F0020044B5A68D20503D50021986A51
S21401DF5018F094BB704700BF680F002038B5114C0D
S21401DF60E37A23B100221146104614F0E6FA0025A2
S21401DF702846E57214F0E9FAA06A0122032118F096
S21401DF8083FA2A46A06A012118F06BFBFFF7DAFF35
S21401DF908020FFF7D1FBBDE838404FF44050FFF733
S21401DFA0DBBB00BF680F002008B5FFF7D7FF044AA8
S21401DFB00620D38C0133D384BDE80840FFF7B4BBF9
S21401DFC0680F0020F8B51B4D6B68590704D504206F
S21401DFD0FFF7B2FBFFF7E8FF6B681A070FD50FF0E4
S21401DFE032FF0646FFF766FB0446124F24B10120B6
S21401DFF019F03EFD0146A8B930460FF02AFF6B68BE
S21401E000DB0615D51020FFF797FB00F07FFB78B1F4
S21401E0100FF019FF0446FFF7C7FF2046BDE8F8409A
S21401E0200FF017BF3846013C19F04FFCE4B2DDE7AC
S21401E030F8BD00BF680F0020014BD863704700BFD2
S21401E040680F002073B50F4B04469B7D0E4EFF2BC9
S21401E05015D10023ADF804000DF10302B06A01A941
S21401E0608DF8033008F046F89DF8035022462946FD
S21401E070B06AF6F7A7FE40EA052002B070BD034B72
S21401E0801D78F3E7FC280020680F0020F628002002
S21401E090044BC2B2C0F30721986A82B002B0F6F709
S21401E0A00FBF00BF680F002010B50D4C0021A06AFD
S21401E0B018F041FA0B49A06A18F09AFAFE21A06AF4
S21401E0C018F085FAA06A07F02FFE074BB3F9102067
S21401E0D08242C8BF18821A8A9A805A8ADA8010BD8C
S21401E0E0680F0020F6280020FC280020F0B585B037
S21401E0F0ADF80210ADF8042069464FF0C812ADF82D
S21401E10006304FF08213ADF80000CDE9022304205B
S21401E1100B460C4C02ADB4F91070B1F9002035F97C
S21401E120026BBA42A8BF3A46B242A8BF324601388D
S21401E13021F8022BF1D103CB034BA060596005B047
S21401E140F0BD00BFFC2800200429002073B5054659
S21401E150F6F724FF314E0368314C33608388FF2D78
S21401E160B3804FF00003A3702380337818BF1D4699
S21401E170A5752C4D8DF801300DF10303A86A0DF13C
S21401E18002020DF1010118F002FB9DF8013040B9C1
S21401E1900133DBB20D2B8DF80130EDD9012002B031
S21401E1A070BDA27DFF2A00D0A3758DF805303370AF
S21401E1B09DF802308DF804300198FFF769FFC828F2
S21401E1C0A8BFC8209DF8033020828DF8043001983E
S21401E1D0FFF75EFF144B9842B8BF18466082B4F949
S21401E1E01000FFF72FFFADF804000198FFF750FF6E
S21401E1F02082B4F91200FFF725FFADF8040001985C
S21401E200FFF746FF4FF6FF73A382642360821A4628
S21401E21018461946FFF76AFF0020C0E7F6280020D7
S21401E220FC280020680F00200CFEFFFF0346034A6F
S21401E230B2F906000BB1FFF735BA7047FC2800208B
S21401E240084B10B5B3F9044030B903EB4103B3F9F9
S21401E25006309C42A8BF1C46A242A8BF22461046D2
S21401E26010BD00BFFC280020014BB3F91200704717
S21401E270FC280020014BB3F910007047FC28002051
S21401E28073B506460FF0DFFD0C4D0446B5F91200D6
S21401E290B5F91030B042B8BF30469842A8BF18460C
S21401E2A0FFF7D0FEADF804000198FFF7F1FEE88015
S21401E2B0204602B0BDE870400FF0CBBDFC28002020
S21401E2C073B506460FF0BFFD0C4D0446B5F91000B8
S21401E2D0B5F91230B042A8BF30469842B8BF1846CA
S21401E2E0FFF7B0FEADF804000198FFF7D1FEA88055
S21401E2F0204602B0BDE870400FF0ABBDFC28002000
S21401E300F0B5C0F3072585B0FE2DADF8040027D083
S21401E3109DF804700FF097FD124C0646637DAB42E4
S21401E3200ED0114B02A918689B880290ADF80C30EC
S21401E3300E4B8DF80850986A18F05AF9FF2323758A
S21401E340237DBB4206D0094B3946986A18F03FF93F
S21401E35027756575304605B0BDE8F0400FF079BD0C
S21401E36005B0F0BDFC280020F6280020680F00202C
S21401E3702DE9F04707460E461446DFF8409086B072
S21401E3800DF10808A9F1100A3A4680215046CDE958
S21401E39000980A4BF7F7F4F90028F5D1102C25461A
S21401E3A028BF102530462A46414618F075FE641BE4
S21401E3B02F442E44E8D106B0BDE8F087A7290020F7
S21401E3C030B589B020226946FFF7D2FF6A460C4D68
S21401E3D004AB144603CC9C4228606960224605F1D2
S21401E3E00805F6D1074C08AD1A4603CAAA422060B2
S21401E3F06160134604F10804F6D109B030BD00BFD0
S21401E40097290020A729002010B588B0694620204A
S21401E4100FF0E8FA044630B96846FFF7D1FF01224B
S21401E420024B83F82020204608B010BD9729002013
S21401E43070B5134B054693F820300C468CB00BB9DB
S21401E440FFF7E2FF0023CDE90033CDE9023354B9EB
S21401E4501C22214605A8049418F013FE04A8FFF711
S21401E460AFFF0CB070BD102C264628BF10262946DB
S21401E47032466846FFF77CFF3544A41BE7E700BF3A
S21401E480972900202DE9F84FDFF868908246D9F8E1
S21401E49000B088461746BBF1000F28D0002699F831
S21401E4A00450B54207D13D7099F80400A84214BF44
S21401E4B00120022017E074196110C1EBC101594413
S21401E4C08879C4F3470400F00100B8EB000003D1DB
S21401E4D00622504618F0ABFD002806DB02D0661C6B
S21401E4E0F6B2DEE73C70BDE8F88F2546D9E7032093
S21401E4F0F9E700BF982100200022014B1A717047EE
S21401E50098210020F8B505460FF09DFC104C85F3C8
S21401E510070563790646AB4205D1002430460FF065
S21401E52098FC2046F8BD002720686571277110B158
S21401E5300FF038FA27606379002BEED0C5EBC500E3
S21401E5400FF012FA20600028E7D160710724E5E792
S21401E55098210020044BD3F8012002605B7903F078
S21401E5601F030371704700BFB8290020244BF0B584
S21401E570002918BF0B4614460021012512688BB0EE
S21401E580C3F80120227919705A71C1F3C402A65C3E
S21401E59001F0070205FA02F21642CFB207D01A7846
S21401E5A002F128066E44013206F8287C1A70013101
S21401E5B02529EAD11A7828B16946981D18F06CFD0C
S21401E5C00BB0F0BD002AFBD001260533C0F3C4050D
S21401E5D0675D00F0070506FA05F52F42C1B208D1BE
S21401E5E0B1FBF2F502FB15110AAD55FA81F111F8EE
S21401E5F0281C0130252803F8011FE7D1E0E700BFFA
S21401E600B8290020034B002818BF03460B4498790D
S21401E610704700BFB8290020224B10B5002814BF50
S21401E62084469C464FF0010E82EA124290B280EA7E
S21401E630010393FAA3F31BBA9BB203EB0313034440
S21401E6409BB293FAA3F31BBA9BB203EB03130344E7
S21401E6509BB293FAA3F31BBA9BB203EB03130344D7
S21401E6605840114C82B2A4FB0234131B04EB530432
S21401E670630903EBC30103EB8103D31AC3F3C4019C
S21401E680D8B2614403F007030EFA03FE4B7813EA8F
S21401E6900E0F01BF9CF8003053430CEB134C9CF853
S21401E6A0060010BDB82900204D91CFBA064B074A87
S21401E6B001201A60064B074A1A60074B074A1A6080
S21401E6C0074B084A1A607047EC1C0020B32603006B
S21401E6D0E81C0020EB260300E41C0020B126030002
S21401E6E0E01C0020ED260300052808BF03200622B3
S21401E6F0024B013802FB0030704700BF4689030019
S21401E700014B186E80B2704700C001B80A4BD8683A
S21401E71000F07060B0F1106F0CD008D8B0F1E06F67
S21401E72008D0B0F1006F14BF002001207047B0F18F
S21401E730406FF8E701207047000002B8431C07B598
S21401E740014606D00023044ACDE90033034810F001
S21401E750C5FA03B05DF804FB99270300C822002020
S21401E76070B50E461546044618B302F00FFE10B3F8
S21401E770236813F4807F18BF0122104B18BF1A704C
S21401E7800F4A1B7814600F4A16600F4A15601BB9B2
S21401E79014F09AFF02F0E4FD0FF0DAF802F0C6FC7E
S21401E7A00A4B0B48197802F0CDFCBDE8704002F028
S21401E7B069BA212070BD40F20440FBE7E42900203D
S21401E7C0B4210020B0210020AC210020802A0020A6
S21401E7D069D902002DE9F04186B00FF08DF88A4B19
S21401E7E08A4D1A7811208A490EF0B6FE2B685121FF
S21401E7F05A685423B2FBF3F2002392B218460EF085
S21401E80041FE0446002840F0F1800EF0FFFE814BE9
S21401E8101968814B186806F01FFC00F059F9044688
S21401E820002840F0E3802B681C7F002C00F0B080AD
S21401E830102C28BF102418F0A3FE621C81B20023FE
S21401E8400820D2B20EF01EFE0446002840F0CE800C
S21401E8500D20724A72490EF049FD0446002840F028
S21401E860C5800EF0C9FB0221322004AA00F006FA88
S21401E87028B94FF0FF30BDF8101017F0E2FE6E46D3
S21401E8800023324606212C208DF8063000F0F6F9DA
S21401E89058B9304614F064FD08B130287AD13C20CE
S21401E8A000F00AFA2C2000F007FA9DF80630190746
S21401E8B040F1818096E80300ADF80C10090C029037
S21401E8C08DF80E109DF8063013F0280F07D1DDE9FC
S21401E8D00201ADF80410090C00908DF806102B68A3
S21401E8E0186900287CD12B68586900F037F92B6825
S21401E8F093F82220D2077DD410F080FA02A90246AE
S21401E9000746286813F04CFF044600286ED107F02E
S21401E910C9FD10F0ABFA0446002867D1012000F0CB
S21401E920AFFD404B186819F006FA044600285DD181
S21401E93015F0E0F9044602F0E9FF804614F049FDBF
S21401E94041460246204612F060FE044600284DD19C
S21401E9502B681B689B050CD4B7F5FA7F09D90FF015
S21401E9606BFA012107460846F8F74CFA38460FF0CD
S21401E97067FA2B689A692C4B1A6013F05FFF2B4BD2
S21401E9801860304600F014FE29480EF0A9FC2DE070
S21401E990042450E701213C2004AA00F06FF940B995
S21401E9A09DF81030012B14BF492372238DF80630D1
S21401E9B07BE74923FAE7F6F705F9CDE90401030CED
S21401E9C08DF80A30BDF81530ADF80800ADF80B30FB
S21401E9D09DF817308DF80D3049238DF80E3071E70C
S21401E9E014F009FC044600283FF47DAF204606B02B
S21401E9F0BDE8F08193F8230014F067FE00283FF489
S21401EA007BAF40F20C44F1E7802A0020B4210020BD
S21401EA1069D90200E40A0020040B00204128030003
S21401EA203D280300B0210020EC220020E82200202F
S21401EA303DE7010000220321014818F046BD00BF52
S21401EA4080230020F8B5114814F047FDE0B913F013
S21401EA50F5FE0F4D0D4E286006F10C07286814F0E0
S21401EA6035FC0EF005FB0446304614F032FD10B9B5
S21401EA70384618F039FE02F019FC08B9002CEDD121
S21401EA80BDE8F84014F0A4BCF8BD00BF140B00208C
S21401EA90E822002008B5054B1B782BB913F062FE5F
S21401EAA0B0FA80F0400908BD0020FCE7E329002009
S21401EAB0012310B5044C2370044B1B6803B198471F
S21401EAC00023237010BD00BFE3290020EC220020A4
S21401EAD00D4B98420DD8023B984210D870B1023BBC
S21401EAE098420ED020F0704020F4604000F590600F
S21401EAF07047064B9842F5D140F21C4070472120E2
S21401EB00704740F21B4070470AE000F00BE000F04F
S21401EB104FF08052014B5A60704700BF00ED00E095
S21401EB200023044A52E8000F42E800310029F9D1D7
S21401EB30FBF748BEF4220020064A52E8003F034392
S21401EB4042E800310029F8D1034B1B6803B118478E
S21401EB50704700BFF4220020F0220020034B00285B
S21401EB6014BF02461A46024B1A60704711EB0100A9
S21401EB70F022002037B51C68E10705D514F099FB93
S21401EB801649174818F0A9FCA20723D501F000FC86
S21401EB90D0B9144D01900FF056F90446284618F0E6
S21401EBA0C1FD019020460FF054F9019890B14379C8
S21401EBB09B070CD401A8022118F096FE019801F0DB
S21401EBC0D7FB14F025FBE6E714F022FBDEE701F0A5
S21401EBD0C3FBF6E7002003B030BD00BF280B0020C2
S21401EBE080230020F822002008B505480EF010FA10
S21401EBF0044B01211870BDE808400EF019BA00BF99
S21401EC00380B0020E529002038B5044648B10FF03E
S21401EC101AF905462146084818F04DFE28460FF019
S21401EC2018F9064B022193F900000EF001FABDE82F
S21401EC303840FFF73DBF00BFF8220020E52900203D
S21401EC40F8B50C4B0C4F04460E4638681968154645
S21401EC5006F002FAFFF73CFF50B933462A463868F9
S21401EC6044F4802106F0D2FABDE8F840FFF730BF41
S21401EC70F8BD00BFE40A0020040B0020F8B50C4BD9
S21401EC800C4F04460E4638681968154606F0E4F936
S21401EC90FFF71EFF50B933462A46386844F48021F0
S21401ECA006F0FEFABDE8F840FFF712BFF8BD00BF58
S21401ECB0E40A0020040B002038B50A4B0A4D04462E
S21401ECC01968286806F0C8F9FFF702FF40B92868F6
S21401ECD044F4802106F0CAFBBDE83840FFF7F8BED1
S21401ECE038BD00BFE40A0020040B00202DE9F043E4
S21401ECF0134B0E461968134B05468DB01868174618
S21401ED0006F0AAF980B933460A222846009702A9D6
S21401ED1017F00EFA4FF0000804460DF108094445B5
S21401ED2005D1002CEFD120460DB0BDE8F083284672
S21401ED3059F8041B06F09AFB08F10108EFE700BF3B
S21401ED40E40A0020040B0020F8B50C4B0C4F0646D5
S21401ED500C463868196806F07FF9FFF7B9FE0546D4
S21401ED6048B9E24316FA82F2386842F4802246F441
S21401ED708021FFF7BBFF2846F8BD00BFE40A00204C
S21401ED80040B00200022034B1A609A80FF229A711E
S21401ED90704700BF082A0020064A1379834207D924
S21401EDA0012312688340134214BF012000207047DC
S21401EDB000207047FC220020014B1879704700BFE5
S21401EDC0FC220020F0B541EA002087B040F49026EE
S21401EDD006200F461546F6F7ABFB18F0D3FF0446A0
S21401EDE040B901461A2004F047FB6FF08C0528460F
S21401EDF007B0F0BD43688660DAB222B923F0FF039C
S21401EE0043F001034360062F204B0CBF40F2011173
S21401EE104FF48071204613F015FD2361E3696BBB47
S21401EE204FF4105323808023638002AB2A461E468C
S21401EE3005F110071D4610685168083203C5BA422D
S21401EE402B46F7D11021304618F052FF10223146DA
S21401EE50204601AB10F0F9F9054620B1014640F213
S21401EE60074004F009FB1021304618F04FFF2046FA
S21401EE7010F0F1FB20460EF095FDB8E700234FF4A5
S21401EE8010511A4610F0F3FBCDE700BF00444004D2
S21401EE90102A2DE9FF4706460F46154623D80024BB
S21401EEA04FF00109DFF84480DFF844A0D8F80020CD
S21401EEB009FA04F3134213D046EA042040EA0A0092
S21401EEC06A46E9B280B2FFF7D9FE48B92A46394602
S21401EED0684618F0ACF818B960B204B0BDE8F0871F
S21401EEE00134202CE2D14FF0FF30F6E7FC2200205F
S21401EEF00080FFFF2DE9F3411D4E0546014606221F
S21401EF00304618F094F820B996F9060002B0BDE82C
S21401EF10F0810024A046EF1C2046FFF73DFFD8B144
S21401EF203B88CDF80080ADF80330BB786946E0B287
S21401EF308DF8053016F06BFA21280DD0A8B90322FA
S21401EF402946684618F073F830B92B6860B233600A
S21401EF50AB88B071B380D9E70134202CDCD12B68A3
S21401EF603360AB88B380FF23B3714FF0FF30CDE73A
S21401EF70082A0020F7B5044614F04FFA631C5AD14C
S21401EF8014F0FBF90024FFF7FDFE634E3379A3422C
S21401EF902CD84FF4004100240846FFF7D5FE202266
S21401EFA04FF0FF315D48346018F06BF8204602F0F0
S21401EFB053FAFF2604465A4D5CBB5A4810F012F924
S21401EFC0014630B110F1880F03D040F2074004F03B
S21401EFD053FA0C21504A43F6FF70FFF731FE202109
S21401EFE038204E4AFFF72CFE00202AE02046FFF785
S21401EFF0D3FE60B165B20521284613F025FC032136
S21401F000284613F021FC0621284613F01DFC013486
S21401F010BCE794F97530013305D02B7843B9132139
S21401F020204614F069FE204602F016FA0446C3E7AD
S21401F03084F87560F7E72046FFF7AEFE18B940F290
S21401F040064003B0F0BD6B4606220021204613F0B1
S21401F0503EFC002848D0492368468DF8063014F057
S21401F0608EF94FF47F41304840EA04200840FFF70C
S21401F0706BFE0521204613F0E7FB0321204613F023
S21401F080E3FB0621204613F0DFFB01222249E3B20F
S21401F0909A400B6823EA02030B60244B93F906306F
S21401F0A0A34201D1FFF76EFE002005460B791B4AED
S21401F0B0013BC1B2994221DBFF260020D65402F063
S21401F0C0CBF90546164F002D83D095F97530A3422E
S21401F0D005D13B78EBB91321284614F00DFE2846DE
S21401F0E002F0BAF90546EEE76B46062201212046F4
S21401F0F013F0EDFB0028B4D07223ADE75656A642B6
S21401F10000D025B1551895F9015055540125013007
S21401F110CFE785F87560E2E7FC220020E8290020A9
S21401F120E6290020370004000080FFFF082A00209F
S21401F1302DE9F043002489B0B34D04213F2001AAF4
S21401F1402C70FFF79BFD00B10194019F002F4FD05B
S21401F15000267A1E5742574100242C70AB4D0C21D5
S21401F1602A4643F6FF70FFF789FDC0B10D23AB8039
S21401F170019B2C60032BAC6011D803AC22461421F2
S21401F18043F6FF70FFF77AFD48B994E8070085E873
S21401F19007002A460C2143F6FF70FFF751FD019B3D
S21401F1A0042B06D004213F200DEB01020191FFF74D
S21401F1B047FD20213820964AFFF760FD28B120221E
S21401F1C04FF0FF31924817F05CFF03222B795B006A
S21401F1D0B3FBF2F38F4A1370FFF7D4FDF9F794F8F7
S21401F1E0014618B140F2074004F046F9002413E046
S21401F1F001263746B0E72B68E340DB070BD508222C
S21401F2004FFA84F81146404603AB13F060FB10B981
S21401F2104046FFF7AFFE01342B799C42EBD38EB10B
S21401F2201021372003AAFFF729FD002853D1062015
S21401F230F6F77EF918F0A6FD044690B901461A20A5
S21401F24004F01AF93FB13D20FFF736FD00242B7973
S21401F2509C42C0F0B38014F094F8002009B0BDE8D9
S21401F260F0836D4A43688260DAB222B923F0FF0365
S21401F27043F001034360694B40F20111204613F04D
S21401F280E1FA2361E36943BB4FF4105323808023E3
S21401F2901021638003A818F02BFD102202AB03A9EE
S21401F2A020460FF0D2FF0646102103A818F02EFDC7
S21401F2B0204610F0D0F920460EF074FB3720FFF7F9
S21401F2C0FBFC46B140F20740314604F0D5F84FF05A
S21401F2D0FF30FFF74FFE00262AE000234FF41051BF
S21401F2E01A4610F0C4F9D2E73046FFF755FDF0B1E3
S21401F2F074B210220321204603AB13F0E8FA10285B
S21401F300814620D10321204603AAFFF75BFD8046F4
S21401F310494603A818F0FAFCB8F1000F0CD040F2E9
S21401F3200740414604F0A8F82046FFF723FE0136C1
S21401F3302B799E42D8D385E748F2030040EA06209F
S21401F34080B2FFF7B9FC10220521204603AB13F06B
S21401F350BEFA1028814613D10521204603AAFFF7DD
S21401F36031FD8046494603A818F0D0FCB8F1000FDD
S21401F370D5D148F2050040EA062080B2FFF79CFC92
S21401F38010220621204603AB13F0A1FA102881466D
S21401F390CDD10621204603AAFFF714FD8046494633
S21401F3A003A818F0B3FCB8F1000FB8D148F2060074
S21401F3B040EA062080B2FFF77FFCB8E72046FFF759
S21401F3C0EBFCF0B166B204220C21304602AB13F01E
S21401F3D07EFA04280AD1029B0122C3F300238DF88A
S21401F3E00C300C21304603AB13F043FA00231022F5
S21401F3F0CDE90333CDE905330D21304603AB13F0D8
S21401F40038FA013423E700BFE6290020FC22002059
S21401F410E8290020E72900203700040000444004C2
S21401F420F8B5104B044618790F4B00221D46D1B291
S21401F430884204D913F9017B561CA74204D10B4B11
S21401F4401B788B4202D9F8BD3246F0E70649481CC4
S21401F45017F0FDFD2C702021BDE8F8403820024A47
S21401F460FFF7EEBBFC220020E8290020E729002058
S21401F4700149024818F031B8480B002080230020CB
S21401F48010220A4B2821DA826422C3E906124FF6BB
S21401F490FF721A8402225A60002283F82B200F2260
S21401F4A083F82D0083F82C20704700BF0823002026
S21401F4B038B502F059FD40B9094B48241A6893F84B
S21401F4C02A1003462432994200DC38BD04FB03F5BA
S21401F4D05559ED0601D40133F5E70120F5E700BFE4
S21401F4E00823002038B5104C94F82B30D3B162684D
S21401F4F012F0010516D104F1080003F0D1FFFFF761
S21401F500D7FF78B14EF6602294F82C304FF4827112
S21401F510534306482A460DF00DFF18B9636843F0B9
S21401F5200103636038BD00BF08230020802300204C
S21401F53022F00042052A10B50DD0B2F5827F13D015
S21401F540032A06D1114A536823F00203536002F0DE
S21401F55013FD002010BD0D4A1B88118D9942F8D16C
S21401F560002313850120F5E7084B5A6893F82B40D2
S21401F57022F00102012C5A60F4D102F075FAFFF76D
S21401F580B1FF204602F042FDECE700BF0823002051
S21401F5900048704717230020044890F82B1000F10C
S21401F5A00F020830012918BF1046704708230020B3
S21401F5B0F0B48279034612F0280F26D00025144AAB
S21401F5C0016892F82A60C2F80F108188A2F8131019
S21401F5D0817951751168AE4207DCF0BC536803208F
S21401F5E043F00403536002F011BD4C6A14F4404F1B
S21401F5F008D1186844F0080408609F8898798F80BD
S21401F60088714C6201354831E5E72120F0BC70472E
S21401F610082300204379024A9B09D05C704700BF4B
S21401F620788903000B6810B503608B88FF2A0446AF
S21401F630838002D10723A37109E0032A08D8054B6A
S21401F6409B5C072B837102D1FFF7E4FFA07110BD0D
S21401F6500023F0E77C8903008379024A03F007035D
S21401F660D05C70477089030010B582798B79094C9C
S21401F67002F0070203F00703A25CE35C9A4206D19C
S21401F680062217F0D4FCB0FA80F0400910BD002025
S21401F690FCE700BF688903007FB5134B0E4605469D
S21401F6A004460393A0B114F02FFC78B9002231462A
S21401F6B0204614F05EFD022807D10123314600934F
S21401F6C02046042303AA13F0D9F90DB104B070BD86
S21401F6D0204614F0E8FB04460028F7D014F014FC8A
S21401F6E00028F5D1E2E700BF0100FFFF2DE9F04F4A
S21401F6F097B08346099114F04DFB099883790C3332
S21401F700C45CC51818F075F81E2C0646099F24D847
S21401F710012C26D9C54BE340DA0722D5384697F89F
S21401F720068018F066F8BBF80A2083B29A4228D2FF
S21401F73014F0010240F0A18004F07F03522B00F088
S21401F7409C801E2C00F09980099B21460093584608
S21401F750042314F06BF821240CE004F07F03522BF1
S21401F760DCD02146062300225846009714F05EF8A6
S21401F77041F20614584614F012FB204617B0BDE8B5
S21401F780F08F47443A7B013B1E2A9BB242D8012A9E
S21401F790CED9023A1C2ACBD801A151F822F000BFDB
S21401F7A031F8010031F7010035F8010031F70100A9
S21401F7B02BF8010031F7010021F8010031F70100B3
S21401F7C031F8010031F7010035F8010031F7010089
S21401F7D039F8010031F7010021F8010031F7010085
S21401F7E067F8010031F7010031F7010031F7010038
S21401F7F06BF8010031F701006FF8010031F70100E5
S21401F80031F7010031F7010031F7010031F701004E
S21401F81073F80100522A26D0D22A89D10D2B05E091
S21401F820062B0FD0142B83D10CE0052B80D909E0D1
S21401F830022BF8E7042BF6E7032B7FF679AFDB07FD
S21401F8403FF576AF022C00F0F380DBF800309B68C2
S21401F8509F0516D40BF1440017F046FF099BCBF821
S21401F8604430002486E7012BE0E7032BDEE7012B7B
S21401F870D9E7002B7FF45CAFE4E709A817F034FF63
S21401F88069E71E2C584600F0918314F03DFB0746AD
S21401F890002840F08280584614F031FB00287CD0C6
S21401F8A004F07F03522B00F0BC80082C68D1B6B25E
S21401F8B0152E14BF02201020691D14F00BFB002822
S21401F8C05ED0DBF81430D8074BBF23F0010343F0BA
S21401F8D001033946012158464CBFCBF81430CBF80A
S21401F8E0143014F028FB09980D9013F00DFF044610
S21401F8F0B0F80180B0F803900D9817F07AFF15283C
S21401F90014BF0225102505342146284603F092F837
S21401F91021460390284614F0DDFA0490B8F1000F52
S21401F92000F04381C84500F24081022109200D9A6A
S21401F93013F00DFFBBF80A708246023FBFB23E4687
S21401F94040464FF0FF354946039A14F0C4FD04467D
S21401F950002800F06C8114F091FB002800F08481EF
S21401F96001222146584614F033FC03468DF82E003A
S21401F970002800F01F810D9A009222460821A3E07C
S21401F980DBF8143013F001063CD023F0010300210C
S21401F9905846CBF8143014F0CEFA1E2C63D8032C3C
S21401F9A066D9231F142B63D801A252F823F000BF97
S21401F9B07FFC010071FA01006FFD010071FA010080
S21401F9C0E7F8010071FA010055FE010071FA010025
S21401F9D073FE010071FA010089FE010071FA01004F
S21401F9E07DFA010071FA01007DFF010071FA010044
S21401F9F071FA010071FA010099FF010071FA010024
S21401FA00A3FF010043F0010301215846CBF814304F
S21401FA1014F091FA1223324621465846009613F006
S21401FA2005FF09A817F060FE1BE700BF54554541C6
S21401FA30099DBA4C284613F067FE2188B0F801608C
S21401FA402A46584613F007FF2388BBF80A10B3422C
S21401FA5028BF3346172BB8BF17235846ABF80A30D2
S21401FA6014F084F9FDE6522C00F08F82D22CD8D007
S21401FA70099B002200932146062325E0099F38466C
S21401FA8013F042FE0546B0F80180B0F803A03846F0
S21401FA9017F0AFFE15280CBF20460220691D02F0A4
S21401FAA0C9FFB5F8053004900793B8F1000F07D0E9
S21401FAB0D04505D814F066FE50B91023009701E032
S21401FAC00123009742461021584613F0AFFEC8E6C0
S21401FAD03A460221112013F03AFE44464FF0FF3514
S21401FAE0BBF80A3005909E1E0393063B9BB2B6B246
S21401FAF0089351462046049A14F0EDFC814668B3FB
S21401FB005146079A14F034FD0446484614F0B6FAF6
S21401FB1040B94FF6FF739C4201D00134A4B254455C
S21401FB20E7D91BE04FF000030DAAADF83430494683
S21401FB300CAB584614F0E9FB039ABDF83430053A8D
S21401FB409A42089A0690D8BF1346002DADF8343075
S21401FB5009DB9D4202D1EB1CB34208DB691C1CD1B8
S21401FB600A230097AEE7351F9D42A8BF1D46042213
S21401FB7011A93846ADF84490ADF8464018F076F82D
S21401FB802A463846069918F071F84FF6FF73043E78
S21401FB90761B9C42B6B2C0D1E0E73946059B0435D8
S21401FBA05D70584601F04CFD5BE60D9B009301230A
S21401FBB04246E3E6049B13B1204614F043FA20467E
S21401FBC014F074FAD8B1002D54DC0DA817F08CFD92
S21401FBD0082358468BF81C3050F80C2B40F2025183
S21401FBE092F870208DF8483000238DF8442011AA31
S21401FBF0ADF84640ADF84A3017F0ABFC31E6ADF84B
S21401FC0044000DF12E032146584611AA14F07DFB3F
S21401FC10BDF844300590BB4228BF3B46002DADF8E9
S21401FC2044300ADBAB4202D16B1CB34209DB6A1CCF
S21401FC300D9B1FD100930A23BAE7B51E9D42A8BFAC
S21401FC401D4602220CA90D98ADF8304018F00EF8AA
S21401FC502A4605990D9818F009F84FF6FF73023EEB
S21401FC60761B9C42B6B2E2D0601C80B28145BFF4DE
S21401FC706AAEDCE702350D998AF8015091E7DDF8A6
S21401FC802490484613F040FDB0F80330B0F80180E8
S21401FC900493B8F1000F43D0984541D84FF6FF774B
S21401FCA04A460221052013F052FD4546BA46BBF8E6
S21401FCB00A400590023CA4B22946584614F0E6FCD8
S21401FCC0504506464BD04FF400622946584614F07C
S21401FCD07FFA00283ED1304614F070FD00280CBF94
S21401FCE0022310235745039320D0304614F066FDB7
S21401FCF00690384614F062FD069B834203D1039BAF
S21401FD000133A34213DB384614F058FD059B01303E
S21401FD1019465870584613F072FDA2E5EA0C002009
S21401FD200123CDF8009042460421CDE637460DF179
S21401FD3046013046ADF8445002F0D2FE039B4846D9
S21401FD409A1C11A917F092FF039B023CE41A554531
S21401FD50A4B2D8D0049B0135ADB2AB42ACD24FF6BB
S21401FD60FF739F42CFD10A23CDF80090DBE7DDF881
S21401FD7024900024484613F0C7FCB0F80530B0F8CC
S21401FD8003A0B0F8016007464846039317F031FD1B
S21401FD90C51FADB2102D0C9458D82A46F91D0DA8D2
S21401FDA017F07AF9002E53D0564551D84A4601210C
S21401FDB0072013F0CCFCA046074633460A249A4592
S21401FDC0049307D93946BBF80A0013F0A3FC0328AD
S21401FDD0049B04D8B8F1000F1AD039469AE7ADF85B
S21401FDE04430039B5846ADF848300DAB13930BAA2D
S21401FDF00DF12E0311A9ADF846A0ADF8505014F040
S21401FE00E3FB0A280446E5D0BDF82C3030B11E4687
S21401FE10234632460621CDF8009055E6ADF830303F
S21401FE20BDF82E300CAAADF8323039460423BBF8A3
S21401FE300A0013F07AFC4FF6FF72BDF82E3093429B
S21401FE40CBD001334FF001089BB2B8E70424DFE7BB
S21401FE500124DDE70A23099C8BF81C30204613F0A9
S21401FE6053FC23460022B0F80110584612F0D6FE85
S21401FE70F7E4099C204613F047FC0C238BF81C3052
S21401FE80B0F803202346EEE7DDF82480404613F061
S21401FE903BFC0546404617F0ACFC0023441EBBF86D
S21401FEA00AA08DF8343061D014F001075ED12046E7
S21401FEB00DF05AFD064600285ED00AF1FF332246B1
S21401FEC0691C039317F0E8F8424601210F2013F04E
S21401FED03EFCB1460490002C04DC30460DF062FD79
S21401FEE0049917E739F8025B01222946584614F0AF
S21401FEF06FF9023C8DF8340068B9284613F0E0FF2C
S21401FF0010B1284614F09EF8284614F0CFF860B1D8
S21401FF1080238DF8343030460DF044FD2A460E21FC
S21401FF209DF83430CDF80080CEE529460DAB584615
S21401FF3011AA14F0EAF99DF834300146002BEAD1F3
S21401FF40039BBDF84420DB1B9A42C2BF0AF1FF3374
S21401FF50DB1BADF844304046BDF8442017F086FE62
S21401FF60BDF844309842B8D31F44B4E704230025B3
S21401FF708DF834302E46CEE71123F8E75846099A15
S21401FF80B5F8011012F0E8FE6BE45846099AB5F888
S21401FF90011012F03CFF64E45846099912F076FF0E
S21401FFA05FE45846697812F0DCFF3AE512F0F9FF93
S21401FFB037E500BF7FB5174A0646136842F60520A7
S21401FFC023F00803136014F0C1FA054650B16846E1
S21401FFD002F0E8FB002013F066FF044620B929462C
S21401FFE0FFF75AFB04B070BD1022684604F12101E8
S21401FFF017F01DF838B10121204613F09CFF636904
S21402000023F0010363611EB13146204614F06FFBF4
S2140200102046E0E7EC23002007B5837801916A4684
S214020020082104488DF8003017F093FA03B05DF803
S21402003004FB00BF802300200022054BC3E90322F5
S214020040C3E905221A70DA614FF6FF725A847047C6
S2140200505C230020014B1860704700BF5823002025
S21402006082780D4B13B55A60B0F8032091B210296E
S21402007010D040F60344A1420CD041795B8C8DF837
S2140200800210ADF8042005216A460448ADF8003097
S21402009017F05FFA02B010BD5C2300208023002018
S2140200A073B5837901900C33C418C35C132B0ED836
S2140200B0042B10D9053B0E2B0DD8DFE803F01E0CDF
S2140200C00C1E0C0C0C0C0C161A0C0C0C2300302BF1
S2140200D013D03E2B1BD0FAF7E3F8019B834202D0E3
S2140200E001A817F001FB02B070BD2046FFF7B8FF6B
S2140200F0F1E7E2780E4B5A60EDE7204601A902F0DE
S2140201009DF8E8E7204601A913F066F9E3E7002523
S214020110084E019B3BB1204656F8043B01A9013527
S21402012098470E2DF5D101A817F0DEFAD3E700BFE7
S2140201305C2300208089030007B500F013F920B184
S21402014003B05DF804EBFFF7ABBF00F017F90190C0
S21402015018B1054B1B681BB1984703B05DF804FB4A
S21402016001A817F0C1FAF8E758230020024610B19A
S214020170022804D070470321024817F0A6B9FFF7F9
S214020180DBBF00BF80230020024B1A78024B53F8D5
S214020190223018475C230020B889030010B50446B5
S2140201A00120FFF7F1FF034B00201C70BDE8104052
S2140201B0FFF7EABF5C23002010B50446062142F290
S2140201C0050013F02BF82368C0F80330A388A0F8C4
S2140201D007300648FAF786F813F064F8407920B13B
S2140201E013F060F8407940F4805010BDA30E03006F
S2140201F010B5044606214FF6284013F00FF8236880
S214020200C0F80330A388A0F807300648FAF76AF861
S21402021013F048F8407920B113F044F8407940F4DE
S214020220805010BDE1A3010038B505460C4669B9F9
S214020230022142F21B0012F0F1FFB5F86E30A0F870
S21402024003300D48BDE83840FAF74CB8122142F2A6
S2140202501A0012F0E3FF2146B5F86E30053020F89A
S214020260023C04F1100351F8042B994240F8042B87
S214020270F9D10248E6E700BF97100300D310030047
S214020280014817F04FBA00BF6C23002040F6FF73F8
S2140202902DE9F3410D46B0F86E100192994205D150
S2140202A001A817F021FA02B0BDE8F0811146134604
S2140202B001229BBB1E4817F0FEFAFFF7E1FF044639
S2140202C00028F0D017F095FA6379074603F0010884
S2140202D06FF30003637104212046A66817F0CCFB77
S2140202E04379044668F300034371DB438179B6F829
S2140202F06E200C31866003F001036254C2F30322BF
S214020300084442EA03124270478022463046294693
S21402031013F067F82046F9F7F9FFCEE75C799860A4
S21402032024F0030414435C7100221B68C1E700BF7B
S2140203306C23002070B50546064C206800B970BDD7
S2140203408368AB4204D106680DF09EF92660F4E796
S2140203500446F2E76C2300200146014817F0ABBAC8
S21402036070230020014817F0DDB900BF702300207B
S2140203700146014817F09FBA68230020034BD8684D
S21402038018B103F10C0017F0CDB970475C230020BA
S214020390044BDA6822B95869003818BF0120704742
S2140203A0012070475C2300200138C0B20A289ABF99
S2140203B0014B185C00207047C089030007B5064849
S2140203C017F0B0F9042101900DEB010017F08CFA3A
S2140203D0019803B05DF804FB84230020F7B5186883
S2140203E010F0020003D0164E316811B9012003B096
S2140203F0F0BD0024042223460DEB0200019417F000
S21402040069F9BDF80630DB0702D4FFF7D7FF0446CA
S21402041000250C4F57F8043B23B12146BDF80400D3
S214020420984748B13368002BE0D0074B022193F976
S21402043000000CF0FDFDD9E70135062DEAD1F1E703
S21402044084230020882300200F2A002010B50948A4
S2140204500CF0DEFD0024084B0849187020200C60C2
S2140204600DF05CF9064BC3E90044C3E90244C3E954
S214020470044410BD580B00200F2A002084230020BD
S2140204808823002070B50025074E96F82A30ECB275
S214020490A34200D870BD204601F080F910B1204674
S2140204A001F070FC0135F0E708230020FF2337B582
S2140204B00DF107008DF8073001F080FC0446044871
S2140204C09DF8075000F000FF8480857103B030BDB0
S2140204D02003040138B54B7905465B070C460CD45D
S2140204E014212046054A12F07DFF2046217913F09A
S2140204F02AF810B9A3791C44257438BDE88903008C
S214020500837810B5132B0C4608D1054B1B6803B134
S21402051098472046BDE8104017F0E6B810BD00BF69
S214020520A023002010B500210446007812F02EFF0A
S21402053048B16178207813F018FB0446034800F0AF
S214020540C3FE848010BD0224F8E700BF20025601D5
S21402055010B54178007801F0E5FB0446024800F049
S214020560B3FE848010BD00BF200256020020024B5C
S2140205701870024B18707047112A0020102A0020AB
S2140205802DE9F04383780D460D2B91B04FD109AC7F
S2140205902646821C00F11A03274610685168083264
S2140205A003C79A423C46F7D113881C213B80284653
S2140205B017F09AF9BDF826402F6814F00C043ED1C5
S2140205C0384617F016F9A0F10208A0450DDA4FF0EA
S2140205D0FF3400239C428DF81C301EDB0122394674
S2140205E0A31C07A817F076F817E0631C0122394609
S2140205F005A817F06FF89DF81430012BE9D02346B2
S2140206000122394607A817F065F89DF81C3013B189
S21402061001331C44D9E78DF81C3001F09FFC0128F9
S21402062008D0022843D050B9284617F05DF811B01A
S214020630BDE8F0839DF81C3013F0010FF4D09DF84E
S2140206402F0000F079FC07469DF8300000F074FC9D
S2140206500DF11C099DF828200DF12901804605A8F8
S214020660FEF7E0FF48469DF836200DF13701FEF70B
S214020670D9FF134B1B78DB071ED405A812F020F90E
S214020680044605AB424639463046CDE90145CDF82B
S214020690009000F017F82B68002BC5D0424639466A
S2140206A03046CDE9004505AB15F0D4F8BCE79DF819
S2140206B01C3013F0030FC1E74FF0FF34E1E700BF31
S2140206C0102A00202DE9F74FB0F802C006461CF0AB
S2140206D0100F1C460C9F9DF934A0DDF838B033D0BD
S2140206E05FFA8CF51CF0080F184614BF05F00805D3
S2140206F005F00F0513F01CFB8146384613F018FB75
S21402070096F90F3080465A460421134801937678AC
S21402071012F0ADFF019BA0B105712268C0F805205A
S214020720A28880F80B90A0F8092080F80CA04373EA
S21402073086733B68C0F80F30BB8880F81580A0F837
S214020740133003B0BDE8F08FCDE90DAB0C9703B0C4
S214020750BDE8F04F12F02FBE248A0300002110B528
S214020760421D03790446084617F0ADFA024648B120
S2140207706188208812F0ABFA0446034800F0A4FD14
S214020780848010BD1A24F8E720020A0213B5044634
S214020790007813F082FB70B10023CDE90033E278D3
S2140207A0B4F8011012F06CFC0446044800F08CFD0C
S2140207B0848002B010BD2524F7E700BF20020A0499
S2140207C008B50146034631F8030B9A7812F015FC79
S2140207D0034800F079FD00230371437108BD00BF92
S2140207E020020A1108B50649064816F076FE0649A2
S2140207F0064816F072FE06480DF084F8002008BD82
S214020800700B0020A8230020800B0020A4230020C9
S214020810680B0020014812F05CBE00BF140B0020DB
S21402082030B5114B0D469942144685B019D1930046
S2140208300FD503A902A80CF011FE08230193039B0F
S214020840E1B2009300222846029B41F0005116F0C6
S21402085027FE064812F0D5FE00B10471012005B04D
S21402086030BD0020FBE700BFA4230020988A0300C7
S21402087022F00042B2F1A04F08B504D1034812F0AC
S214020880C0FE012008BD0020FCE700BF9C8A0300D2
S21402089070B5FFF7BFFF90B1FEF77AFE002604465A
S2140208A02046FEF7D9FE0546064800F00DFD868076
S2140208B02268C0F80620A2880573428170BD02260F
S2140208C0014CEDE720090115748A0300F7B50546C9
S2140208D0FFF7A0FF002843D02C68002C42DB002341
S2140208E06F686E7A2D7A1A46204845F0005116F047
S2140208F0C5FD00231D481A4645F0804116F0BEFD90
S21402090044B308200CF056FE01282DD9631EB3F519
S214020910A37F98BF4FF4A474F7F704F8A4FB00046F
S214020920C00B40EA4444F6F7FDFF002E0CBF4FF022
S21402093000514FF080410823A7FB0020D20B42EA69
S2140209404042CDE90023094823460022294316F0F7
S214020950A7FD0446064800F0B7FC848003B0F0BD4D
S2140209600224F7E72124F5E71A24F3E7A42300205C
S2140209702002011A08B501F063FBBDE808400249EF
S214020980024816F0CEBD00BF900B00208023002048
S214020990F8B5054600200D4E0127307100F05CFDCB
S2140209A004466CB16DB994F872306BB1377112F0BF
S2140209B00DFD2046132113F09FF96468002CF2D136
S2140209C0F8BD204613F09CF96468EAE71429002073
S2140209D038B50023094C2360A3800368236020787F
S2140209E013F086F9054630B90548064916F075FD36
S2140209F0608801F03BFB284638BD00BF1429002062
S214020A0080230020900B002022F00042B2F5887F5F
S214020A102DE9F0471C4600F0E5800ED840F203139D
S214020A209A423CD040F209139A4200F0C5800E2A40
S214020A3000F0B6800020BDE8F08740F207239A4215
S214020A404AD0B2F5037F59D040F206239A42F1D13A
S214020A5020684C30FEF700FE25680746664895F883
S214020A60736095F870A095F9759095F87680A488CD
S214020A7012F0C7FD0028DDD0EB6C4360B5F85030AD
S214020A8087720381731E5E425E41C67280F80CA0B6
S214020A9080F80D9080F80E80A0F80F40CAE7207804
S214020AA000F0CCFC0028C5D0544894F80090B4F866
S214020AB00280A788E688257A648912F0A2FD0028BB
S214020AC0B8D080F80490A0F80580A0F80770A0F8C7
S214020AD00960C5728481ADE7207800F0AFFC00287B
S214020AE0A8D060782578FFF75FFC0446444812F0E9
S214020AF088FD00289ED0057144719BE7A578012DDC
S214020B001ED0022D2DD0CDB9E37894F80080023B9A
S214020B10DBB2022B8CBF01253A4A94F9047066793F
S214020B2098BFD55C94F90640374812F06AFD28B1A2
S214020B3080F8048045718771C671047201207AE7D5
S214020B40E37894F80080023BDBB2022B98BF2D4A72
S214020B5094F90470667998BFD55C94F906402B48E0
S214020B60E3E7E3782A48023BDBB2022B94BF254A2E
S214020B70012594F80180277898BFD55C94F90490F3
S214020B80667994F9064012F03CFD0028D6D0A0F80B
S214020B9004808771C57180F8089046728472CDE72A
S214020BA023460822002113F8014B1A4812F03AFD98
S214020BB00028C3D00471C1E7174894F800806788FC
S214020BC0A688E588248912F01CFD0028B6D080F895
S214020BD00480A0F80570A0F80760A0F80950A0F8F5
S214020BE00B40ABE70D481C7812F00BFD00283FF4D3
S214020BF021AF04711EE700BFE48A0300E08A030007
S214020C00D88A0300A08A0300D08A0300CC8A030095
S214020C10D48A0300C88A0300C48A0300DC8A03005D
S214020C2010B5007800F00AFC40B1132113F064F806
S214020C300446034800F048FB848010BD2524F8E7EC
S214020C402002060570B5144606460D4620461421B7
S214020C500A4A12F0C7FB2046217912F074FC58B9F2
S214020C60A3790C331C44064BA6711B79A5801BB1D5
S214020C70BDE8704012F0ABBB70BD00BFC08A030077
S214020C8014290020024B00201A68024B5A60704753
S214020C90AC210020140B002010B5FDF79BFD044686
S214020CA030B9044812F0EBFB044608B9FDF7C2FE61
S214020CB0204610BD140B002073B51C4640F20A6392
S214020CC022F000459D4208D8B5F5C06F08D8042D1D
S214020CD047D00D2D4DD0032D1ED0002002B070BD82
S214020CE06FF4C0631D44092DF7D801A353F825F00D
S214020CF0D70D0200850D0200A90D0200B90D0200F3
S214020D00CF0D0200DB0C0200EF0D0200050E020002
S214020D10250E0200710E020001A8F3F741FF5648A5
S214020D20BDF8044012F06DFC0028D6D000234371B3
S214020D30C37103724372037343738373C3732823AB
S214020D4083746FF00B03C3746FF0660307224321AC
S214020D5003753E23027185718172C27204824375E5
S214020D60BBE74648246812F04CFC0028B5D08480C5
S214020D70B3E723460422002153F8044B404812F0FE
S214020D8051FCF2E7207800F059FB0028A5D03D4838
S214020D90267894F90150A47812F033FC00289CD0EF
S214020DA006714571847198E72478374812F029FC59
S214020DB0002892D0047190E725783448646812F0CF
S214020DC020FC002889D00571C0F8054085E7257803
S214020DD02F486468F3E72F482578646812F011FC00
S214020DE000283FF47AAF0571A0F8054075E72A4857
S214020DF02578646812F005FC00283FF46EAF057192
S214020E0044716AE7637825480D2B96BF244A01256C
S214020E10D55C247812F0F5FB00283FF45EAF04712F
S214020E2045715AE7637800210D2B98BF1C4A1D486E
S214020E3098BFD55C6368A27888BF0125267812F031
S214020E40F1FB08B1067145716378012B3FF645AF99
S214020E508DF8043001220021124801AB247812F0EA
S214020E60E1FB00283FF439AF01230471437134E7F4
S214020E7024780D489AE700BF288B0300208B0300D6
S214020E80248B03000C8B0300148B0300188B0300C7
S214020E90108B0300088B0300048B0300008B0300F7
S214020EA0E88A0300FC8A0300F88A03001422002161
S214020EB0014816F0E6B800BFAC23002070B5054620
S214020EC00CF0C1FF1A4C064663795B070ED4142158
S214020ED02046184A12F086FA2046217912F033FB91
S214020EE020B13046BDE870400CF0B3BFA3790C3396
S214020EF023442DB91A79FF2AF3D001321A71F0E78A
S214020F00012D05D15A79FF2AEBD001325A71E8E752
S214020F10022D05D19A79FF2AE3D001329A71E0E7D1
S214020F20032DDED1DA79FF2A1CBF0132DA71D8E747
S214020F30AC2300201C8B0300042828BF0020014B92
S214020F40185C70472C8B030038B50546084800F03D
S214020F5037F9044648B900F089F904461DB1054B35
S214020F601B689B792B7000F099F9204638BD00BFAC
S214020F70388B0300C823002070B5064607480D4686
S214020F80144600F01DF940B9054B1B681E715D71D1
S214020F909C71BDE8704012F0A7BA70BD308B03009A
S214020FA0CC23002038B5054606480C4600F008F962
S214020FB038B9054B1B681D715C71BDE8384012F0EC
S214020FC093BA38BD488B0300CC23002038B50546BB
S214020FD006480C4600F0F4F838B9054B1B681D713C
S214020FE05C71BDE8384012F07FBA38BD408B030012
S214020FF0CC23002010B50446054800F0E1F830B9CD
S214021000044B1B681C71BDE8104012F06DBA10BD8F
S214021010508B0300CC23002038B505460C46074803
S214021020012100F0DDF838B9054B1B689D80DC8095
S214021030BDE8384012F058BA38BD00BF688B0300CE
S214021040CC23002070B5064608480D46144600F02C
S214021050B7F848B9064B1B681E71A3F80550DC7139
S214021060BDE8704012F040BA70BD00BF608B03004E
S214021070CC23002010B5134604460A460648012132
S21402108000F0AEF830B9054B1B689C80BDE81040F6
S21402109012F02ABA10BD00BF588B0300CC230020E2
S2140210A070B505460B480E4600F08AF8044678B935
S2140210B000F0DCF8084B04461B6825B1D3F806207E
S2140210C02A605A89AA800EB11B7B337000F0E6F8BC
S2140210D0204670BD788B0300C82300202DE9F0411E
S2140210E080460A480F4616461D4600F069F850B973
S2140210F0074B1C68C4F80480A76026736573BDE8B6
S214021100F04112F0F1B9BDE8F08100BF708B030028
S214021110CC230020044A0346106810B102789A4293
S21402112000D170470069F8E7C423002008B512F022
S214021130A4F9FFF7BBFE0022014B1A6008BD00BFF0
S214021140C423002038B5104D0446104A284616F02F
S21402115014FE4FF48270A0470D4B014618602878A3
S21402116018B14FF4827216F00BFE4FF48270A0474D
S214021170084B01461860287828B1BDE838404FF47D
S214021180827216F0FDBD38BD122A0020808B030045
S214021190CC230020C8230020084A136833B94178BC
S2140211A0036141F0010141701060704719780278BE
S2140211B09142FAD003F110021B69EFE7C423002024
S2140211C010B5044614F047FB28B9034B22681C608E
S2140211D0024B1B681A6010BDC0230020CC230020DF
S2140211E02DE9F84F046898464FEA042A0AF4E06AA2
S2140211F0C4F307234AEA030A0AEB0209B9F5807F19
S21402120083460F46154603D91D263046BDE8F88F9D
S21402121014F021FB06460028F7D1124B24F47F4433
S214021220C3F800B024F0C7040F4B44EA19244FEA6F
S21402123009291B681FFA89F944EA090443F8044B92
S21402124053442A464146184615F026FF012F04D17C
S214021250FF2DD9D800F8015CD7E7022F08BF20F887
S214021260025CD2E7C0230020CC23002008B5074B3F
S2140212701A68074B52F8040B1968064B49681B6834
S2140212809847054B1B68988808BD00BFCC230020F2
S214021290C0230020A00B0020C82300200022024BFF
S2140212A01A6014F0DABA00BFC0230020054B186893
S2140212B008B1C3681BB1003818BF01207047006927
S2140212C0F6E700BFC423002010B5034C236818605D
S2140212D0FDF7EEFB206810BDC8230020F8B50446D3
S2140212E00D4601460020174612F0C8F8F2F7F0FE47
S2140212F0194E78BB194B1B681C60336818705870FF
S2140213009870D870204612F093F818B165B9436801
S214021310220E2BB90F250DE05979914204D00833DD
S2140213201D68002DF8D1F5E73846A84733681B68D4
S2140213304BB9012524F47F4020F0C70040F400702A
S214021340FFF7C2FF85803268012052F8041B12F0B4
S21402135095F8F8BD1425EDE7C8230020CC2300201D
S2140213604022094B83F8212383F8222383F8232380
S21402137083F8262383F8252383F8202383F824235F
S214021380502283F8222C704700E100E0044BD86913
S21402139010F480501CBF186A00F00100704700BFAE
S2140213A00080E00F70B504460D461B4A13686BB307
S2140213B093F87D10586811F0040129D110608C2230
S2140213C0184693F8706015F05CFE034680F870606D
S2140213D02268C0F85A20A288A0F85E20A27980F877
S2140213E060202868D864AA79A98883F85220FF2248
S2140213F083F8752083F8762040F6FF72A3F86E20F5
S214021400064AA3F85010116813605960184670BD5A
S2140214101A1D0346CBE700BFD4230020D0230020AA
S214021420054A0346106800B97047B0F86E209A4223
S214021430FAD04068F7E700BFD0230020054A0346EB
S214021440106800B9704790F870209A42FAD0406847
S214021450F7E700BFD023002010B9024B1868704788
S21402146040687047D02300200023114A2DE9F0413E
S2140214708C2113608046024601200CF003F80446D5
S21402148020B905460B4E3060A84502D82046BDE876
S214021490F08101200CF074F807468C2200210135F9
S2140214A015F0EFFD87F8705037603E1DECE700BF81
S2140214B0D0230020D4230020012310B58B4090F8BF
S2140214C07110044621EA030149B280F8711000291E
S2140214D049D111F085FF204613F0C4FF102104F114
S2140214E0180016F013FC2046FEF724FF04F138001D
S2140214F016F0FAF8204613F070FF214A13681BB163
S2140215009C42596830D11160A36859050BD51A055B
S21402151009D443F40063A18994F87000A36004F12F
S2140215207802FFF78FFB00232046636015F0FDFF6D
S21402153012F0E4F84FF48072B2FBF0F2424394F8F1
S21402154070300344B3FBF2F102FB1133DBB2591ED7
S214021550C9B2FD29F5D884F8703000236360094BC0
S2140215601A6852B91C6010BD1A465B68002BCBD0B5
S2140215709C42F9D163685360C6E7131D5268F0E7D0
S214021580D0230020D423002010B5084C206830B9A0
S214021590BDE81040064B186001200BF0C1BF43683F
S2140215A090F871102360FFF787FFEFE7D023002043
S2140215B0D423002090F8743003F00B03013BDBB217
S2140215C00A2B9ABF014AD05C002070478E8B03001C
S2140215D01FB5014690F870308DF80430FFF7EAFF29
S2140215E0B1F862308DF80C00ADF80630B1F8643010
S2140215F001AAADF80A30B1F866300748ADF80830EF
S214021600B1F86C3040F20311ADF80E3015F0A1FFC0
S21402161005B05DF804FB00BF8023002007B590F8F4
S21402162070308DF8051001AA40F2072103488DF8A4
S214021630043015F08EFF03B05DF804FB8023002013
S21402164038B50A4B04461B680D462BB143699B0707
S21402165002D512F0A9FB30B12A4620680421BDE863
S214021660384013F068BEA3699D6138BDD8230020B8
S214021670014B1860704700BFD8230020024B186841
S214021680003818BF01207047D823002013B504463F
S214021690019120B901A816F027F8212012E0084689
S2140216A00029FAD016F0A5F880B20028F2D0094B2D
S2140216B020461B6801994BB1984728B920460199E4
S2140216C0FEF714F802B010BD0020FBE701F0D8FACE
S2140216D0F3E700BFD823002038B5436A044659040E
S2140216E015D4134A03F4004392F82B20012A0FD193
S2140216F0826A92040CD4002B01460CBF532014209D
S21402170011F01AF918B9636A43F00803636238BD28
S214021710002BFCD1074D20462946FDF7A5FF0028E1
S214021720F5D12868AA88AB792060A280A371EAE77F
S21402173008230020172300202DE9F041164D85F8D6
S2140217402A0038B300EBC000C100002301220420A7
S2140217500BF098FE044650B904200BF011FF482700
S214021760A046286095F82A30A34203DC00242046CF
S214021770BDE8F0812E68142207FB04660021C6F835
S214021780188006F1340015F07CFC304612F02FF972
S2140217900134E7E72860E9E708230020074B93F8BF
S2140217A02A20824281BF1B6800EBC00003EBC00305
S2140217B0586A8CBF00F00100002070470823002002
S2140217C008B50146FFF7EAFF40B1054B01EBC10140
S2140217D01B6803EBC103586AC0F3C02008BD00BFF4
S2140217E0082300202DE9F04F0746384A93B01068C8
S2140217F051680FAB03C39068354A1860146807EB4C
S214021800C70304EBC304E37B12AA02EB430333F8D9
S2140218100C1C636A94F82E80DA0494F82F6047D47E
S2140218200126B04641F0100194F80D90C3F3404AE9
S2140218305B0348BF4AF0020A8BB289F00809B8F186
S214021840010F94F831500B9304F1070BD4E90723E8
S214021850C9F3C00994F9324009D0B8F1020F06D094
S214021860B8F1040F14BF4FF000084FF00308012E22
S21402187005D0022E03D0042E14BF002603263846B7
S214021880CDE90C23FFF79CFFDDE90C230121CDE90E
S2140218900760CDE900513846CDE90548CDE903BADF
S2140218A00B99CDF8089001F063FB13B0BDE8F08FFA
S2140218B0A26A950648BF41F02001500648BF41F093
S2140218C04001DA0348BF41F00401ADE79A8B0300FA
S2140218D008230020002170B50B4B93F82A601C6881
S2140218E08E4202DCFF25284670BDCDB22846FFF7A1
S2140218F055FF28B1E37B012B02D1636ADB06F2D4E3
S21402190001314834ECE700BF08230020014B93F86E
S2140219102A0070470823002070B504461546FFF7D4
S2140219203DFFB8B10E4A04EBC4041368E60003EBAD
S214021930C4035B6A13F010040FD0C3F300330B70BA
S21402194013683344DB7B5A1E042A04D8033B18BFB1
S21402195001232B7070BD0023FBE72046FAE700BF89
S214021960082300203F4A70B5146800EBC00304EB5E
S214021970C304636A06465B0704D500231A46194663
S21402198001F0D8FB636A9D0706D53046FFF72AFFAB
S214021990636A23F002036362636A18070CD5A279AE
S2140219A021463046C2F3C00201F062FB0546E8B9A2
S2140219B0636A23F008036362304612F0C4F90546F0
S2140219C0A0B9626AD10611D5D30404D5304610F008
S2140219D0B1FF40B11BE01206E37B09D4E37B626AE7
S2140219E0023B012B15D9616A48071FD4284670BDF1
S2140219F003F0FB03012BF6D03046216901F05EFBB3
S214021A00636A256123F0800363620028E6D00546F8
S214021A10ECE7D305E7D53046616901F06DFB00239C
S214021A206361636A23F480736362D2E7E37BA28D09
S214021A30012B03D1A2B1802A28BF802211F0400FC9
S214021A4094F830304FF0010118BF0123304601F000
S214021A5071FB0028DBD1636A23F004036362C5E7E7
S214021A604022EBE7082300202DE9F0410024482716
S214021A70104D95F82A30A34201DCBDE8F081E6B2AB
S214021A803046FFF78BFE98B107FB04F828684044FF
S214021A90436ADA060CD55B040AD4FFF71DFE2B68F0
S214021AA0304643445A6A42F006025A62FFF75AFF29
S214021AB00134DEE7082300202DE9F04FDFF84892D4
S214021AC000EBC003D9F8004089B004EBC30404F16C
S214021AD0100A804650460E46174615F005FE04F1DB
S214021AE014031846029315F0FFFD002015F0C0FF00
S214021AF00546002800F00381012F40F2726718BFE6
S214021B001F27012EA6735CD0022E0CBF06260426C3
S214021B100221284611F08FFF0121284611F08BFF83
S214021B203146284611F087FF284615F062FE01234B
S214021B3086B2B91B0A22009389B242F607232846C8
S214021B4011F0C9FF04230644B6B2B91B0093122251
S214021B5042F60423284689B211F0BDFF0644B6B207
S214021B60BB1B012B069503932DDC002399F82B2033
S214021B70002A00F0A480504615F0B6FD636A25617F
S214021B8043F080026262DB0400F1AB8099F82B001E
S214021B90002840F0A68015F06BFF0790002800F0A2
S214021BA0A080394611F052FF002800F0A480029867
S214021BB0079D15F099FD636A656143F4807363625D
S214021BC08FE00526A4E7002015F052FF07900028B4
S214021BD0CBD0BB1E9B1B02211FFA83FB01F01AF817
S214021BE08345064611D22BF001018AB2411A07A894
S214021BF0049215F0A0FE049A164602223EB90798F1
S214021C00F0B907A815F070FDAFE70322F6E7711CDE
S214021C100698C9B2049211F00EFF049A069811466D
S214021C2011F009FF079906A815F0FEFE002015F030
S214021C301FFF0790002836D0ABEB06031FFA83FB84
S214021C405B46022B38BF02239A1E92B20F2A31D964
S214021C501021049200F0DEFF049A034682421FD24D
S214021C6022F00F018AB29346411A07A815F063FEC6
S214021C705B460622591C0698C9B20493059211F0D7
S214021C80DAFE059A0698114611F0D5FE079906A8BF
S214021C9015F0CAFE049BB21C13449BB23EB965E71C
S214021CA040B10722E6E707A815F01EFD33460233C9
S214021CB09BB25BE707A815F017FD3346EEE7039ADB
S214021CC02846D11A89B211F0C1FE0646504615F0D2
S214021CD00BFD636A256143F080026262002E3FF4C8
S214021CE052AF606A10F010000AD0404609B0BDE854
S214021CF0F04FFFF737BE07A815F0F6FCF1E71A20FB
S214021D0009B0BDE8F08F00BF08230020044A00EBAC
S214021D10C003116801EBC301CA7B11F035BF00BFD7
S214021D2008230020F8B505460C46FFF737FD28B312
S214021D30052923D8124E05EBC5023368D70003EBFC
S214021D40C203186915F055FD1F2817D833683B449F
S214021D50586915F04EFD1F2810D8012C0ED0231FEF
S214021D60012B0BD93168224639444B6A284623F4A4
S214021D7082534B62BDE8F84011F006BF2120F8BD41
S214021D800823002010B50446FFF708FD90B10A4A62
S214021D9004EBC403106800EBC300436A23F050034D
S214021DA043F00403436211F018FE2046BDE81040DB
S214021DB0FFF7D8BD212010BD08230020002270B5F1
S214021DC00546114890F82A400368944201DC1A201E
S214021DD016E0596ACE0714D493F83960760710D401
S214021DE0D0F80F00094C1860A688A07941F00901C6
S214021DF0D4B298719E8020465962FFF7F3FC2C708D
S214021E0070BD01324833E0E7082300201723002084
S214021E1070B5FFF75FFDFF28044615D00B4D03B2E1
S214021E20286803EBC30300EBC300DE00436A23F01B
S214021E301003436211F0D1FD296820463144343143
S214021E40BDE87040FEF746BB70BD00BF0823002009
S214021E5083782DE9F041122B0F463CD10B689A7914
S214021E600C321344DD781E790DB145F480553046A8
S214021E70FFF794FCD0B1DFF8648006EBC603D8F80F
S214021E80004004EBC304636A23F01003636295B94F
S214021E9022463146A06908F12E0300F089F9222273
S214021EA02946A56108F12E0015F0EBF83846BDE884
S214021EB0F04115F019BC204611F08FFD636A5A06F0
S214021EC003D523F040036362F0E7304604F13401A1
S214021ED0FEF700FBEAE7BDE8F08100BF082300201A
S214021EE073B5144D144C6A68236802F0800103F03F
S214021EF002030B431BD053064CBF0126A67AFDF7FE
S214021F004BFB0196837983F00803C3F3C003009367
S214021F10E388A288217A607A00F0E6FF40B9236857
S214021F2023F0020323606B6823F080036B600020BB
S214021F3002B070BD08230020DC230020012100200F
S214021F40054BA3F10802C3E9000043F8081C4FF052
S214021F501013517253607047E4230020014B187B24
S214021F60704700BFDC230020024BD87A003818BF27
S214021F7001207047DC23002070B5224E716811F0F4
S214021F8002013AD1204D2B68580706D5084600F0C4
S214021F90D1FF2B6823F004032B602B68726803F0D2
S214021FA0080302F00402134310D0FDF7F5FA837912
S214021FB01A071FD5FEF71CF90446C8B92B6823F08A
S214021FC008032B60736823F004037360FFF788FF2F
S214021FD0044668B9EB7A5BB12B685B0708D401212B
S214021FE0084600F0A7FF50B92B6843F004032B60A5
S214021FF0204670BDFEF7E0F8DEE71124F8E7044657
S214022000F6E700BF08230020DC230020032805D1C2
S2140220100A4A136843F00803136008E0012808D14F
S214022020064BDA7A42B11A6842F008021A60FFF7E3
S214022030A3BF10F0FD0FEBD000207047DC2300207A
S2140220400020094B10B55862FFF706FA04461CB981
S214022050BDE81040FFF798BA204641F2160111F08B
S214022060CDFD6468F3E700BF08230020A0F11B0340
S214022070E02B10B5044618D8042142F2240011F0D1
S214022080CDF86FF06F0343714223A0F803408371CB
S2140220900748F8F727F911F005F9407920B111F051
S2140220A001F9407940F4805010BD2120FCE700BFC2
S2140220B03512030037B504460D4611F0C6FD698891
S2140220C0204611F010FB6A7E2B7E204643EA02234E
S2140220D0A4F862306A7F2B7F43EA0223A4F86430B6
S2140220E0EA7EAB7E43EA0223A4F866301B23A4F8FA
S2140220F06C302D4BDA8B1B8CA4F86820A4F86A305F
S214022100022384F8723011F06AF9204613F085F93A
S21402211094F87330022B15D101F032F970B194F9AC
S214022120753001330AD105212046A36843F4805353
S214022130A36003B0BDE8304011F0DEBD00212046AA
S21402214011F0D4FA0021204600F02AFA4FF6FF7367
S214022150288C984225D000F0C3F9009400F0AEF91E
S2140221606A46ADF8040040F20621104815F0F1F96F
S214022170002240F20221204615F0A7F92046FFF77A
S21402218027FA204613F055F9204600F081FEA36890
S214022190012123F480432046A36011F0B5FD03B06D
S2140221A030BD0020D9E700BF08230020802300208E
S2140221B0F7B504460F46164668465A79991D1D46D7
S2140221C0FDF730FA2CB969463046FFF7EBF80446BD
S2140221D0A0B140F2032384F87670A4F87230336814
S2140221E02946C4F85A30B3882046A4F85E30B3793C
S2140221F084F86030FFF75EFF03B0F0BD032140F2C3
S214022200064011F00BF86B88A0F803300D234371DB
S2140222100148F8F767F8EFE71911030007B590F8D9
S21402222070304FF4887101AA03488DF8043015F017
S21402223090F903B05DF804FB802300202DE9FF41EE
S21402224003780446302B0E4639D006D8052B25D007
S214022250082B41D004B0BDE8F0813E2BFAD183783A
S2140222600C2B4BD8022BF5D9033B092BF2D801A233
S21402227052F823F00D2302004724020055220200E2
S21402228055220200DF2302005522020055220200D8
S214022290552202005522020033240200B0F8030041
S2140222A0FFF7BEF828B1617909B141F4805111F007
S2140222B0A5FC304604B0BDE8F04115F015BAB0F8FA
S2140222C00300FFF7ADF80028F3D0A17809B141F476
S2140222D0805111F0ECFCECE7B0F80300FFF7A0F831
S2140222E00028E6D0627990F8743022B143F00103F8
S2140222F080F87430E9E703F0FE03F9E7212B00F0DB
S214022300B780292B1FD0202BD3D0A3E78088FFF7D6
S21402231087F80028CDD0E278002ACAD1E179A279DE
S21402232042EA0122A0F86220E17AA27A42EA012277
S214022330A0F86420227A617A42EA0122A0F8662096
S214022340FFF746F9B5E7C778851C3C2F02D1FFF7A1
S2140223505FFDAEE790F80680B8F1000F23D1544A2D
S214022360546AC2F82480CFB12946204647F48057E3
S21402237011F06BFCE76084F8728040F2012120467F
S21402238001AACDE9014715F0E4F8A368414643F4F3
S21402239080632046A360FFF78FF88AE72946204627
S2140223A0FFF788FE85E74FF6FF73408C98420BD006
S2140223B000F096F840B1FDF7EFF82B460246FF21F3
S2140223C00020FFF7F5FE74E73A4B223455F8042B4B
S2140223D0A54243F8042BF9D12A881A8069E7B0F897
S2140223E00300FFF71DF800283FF463AF40F209111F
S2140223F0B4F8053090F87020A0F86C308DF8042000
S214022400ADF80630227AE37943EA0223ADF80830C3
S214022410A27A637A43EA0223ADF80A30227BE37A91
S21402242043EA0223ADF80C3001AA234815F091F8CE
S2140224303FE78088FEF7F4FF00283FF43AAFA17921
S214022440FFF7ECF835E78088FEF7EAFF00283FF44E
S21402245030AF90F870300E218DF80430D4F8063084
S21402246001AACDF80530D4F80A30CDF80930DCE7F9
S2140224708088FEF7D5FF00283FF41BAF90F8703037
S2140224804FF403718DF80430E37801AA8DF8053015
S214022490A3798DF80630E3798DF80730237A8DF824
S2140224A00830637A8DF80930A37A8DF80A30BCE7D3
S2140224B008230020362300208023002050B10C225F
S2140224C0064B1B68C31AB3FBF2F3807A40EA03207A
S2140224D080B270474FF6FF70704700BFA40B002013
S2140224E0024609490B7A0968FF2B01D10020704782
S2140224F003EB430301EB830031F82330C3F30B03F2
S2140225009342F4D0C37AEFE7A40B002008B5054B3C
S214022510054A1978054815F030FCF722044B1A8054
S21402252008BD00BF802A0020A68B0300142A0020C4
S214022530EA0C002010B5044670B30068836CA34210
S21402254022D1636883642246144914F0CAFF04F158
S2140225500C0014F0EAFF04F1440015F0C5F8FFF78A
S2140225608DF858B1A06948B1143015F0BDF8A069CD
S214022570183015F0B9F8A0690BF014FA2046BDE839
S21402258010400BF00FBA1346002BDCD05A68A2425A
S214022590F9D162685A60D6E710BD00BF393E030023
S2140225A0F8B5054648200E4615F0ECFB2A4F0446C1
S2140225B0387818B14822214615F0E2FB8CB1FFF7B5
S2140225C05DF898B11C2015F0DDFB0146A061387855
S2140225D010B11C2215F0D4FBA3692BB920460BF0D0
S2140225E0E1F900242046F8BD00221A70032128468D
S2140225F011F07CF8AB6C22466360AC64172326812C
S21402260000266381154928462560267766640AF007
S214022610ADFE01F0E7FB3246014604F10C000AF07B
S214022620A5FE02232374FFF729F818B90C4B1B7872
S214022630002BD7D00B4B19881729D3D9204611F077
S214022640E4F80028CED11221204611F0BAFB6369C5
S21402265043F002036361C5E7142A0020393E0300F3
S214022660132A0020EA0C0020F8B5054610B300290C
S21402267020DB114C2468247E8C421BDD3F2919DCAA
S214022680032701F0030600EBA10191F83140760022
S214022690B74002F0030224EA0704B240224381F85C
S2140226A0312013B1002111F046FC2846BDE8F8405F
S2140226B011F09EBCF8BD00BFF423002070B516468C
S2140226C000221A7032800A7A0D46072A4DD8DFE8B1
S2140226D002F004090D111A1E304AE86830F8023B6F
S2140226E0338043E0EB68981D5B88F9E7EB68981D3A
S2140226F09B88F5E7697B11F06BFC02221C4B188065
S2140227001846328032E002231A4833802EE01A4CF2
S2140227102B7BE88923702B88E11C013363702B889E
S21402272001331B12A37000F0DBF903303080204621
S2140227301CE0124CA889EB89020AA3701B0A2070BF
S2140227406270E37000F040FA58B1C3681A88022A31
S21402275007D19A782271DB786371062307483380A3
S21402276004E00423FAE780221A70002070BD00BF3E
S2140227702E2A0020B68B03001B2A0020152A0020D2
S214022780054A064B1860136843F001031360828BF8
S214022790034B1A80704700BFEC230020F42300206E
S2140227A01A29002000232DE9F04FDFF8C09191B0DE
S2140227B0D9F80070054617F00807CDE90633CDE9CB
S2140227C008330AD0664B03F1100253F8041B9342F7
S2140227D045F8041BF9D1002011E00320F2F7A8FE09
S2140227E015F0D0FA804648B10620F2F7A1FE15F0A1
S2140227F0C9FA064630B940460BF0D4F81A2011B092
S214022800BDE8F08FCDE90477F5F77EFD044668B1A2
S21402281040460BF0C7F830460BF0C4F840F20740CB
S214022820214600F029FE40F20740E8E74FF4A052A6
S2140228304C4BC6E90323F369002B42D14FF41053E5
S2140228403380802310227380304604AB06A90CF036
S214022850FCFC0446A0B94046424A04990CF0D3FD5B
S214022860044668B98346404BBAB21B68D98891427F
S2140228702FD810222946404605AB0CF0E2FD04464E
S21402288040460CF04AFD40460BF08CF830460CF001
S214022890E2FE30460BF086F804980CF0A3FC002CFF
S2140228A0BCD12F4B05F1100255F8041B954243F894
S2140228B0041BF9D1D9F8003043F00803C9F80030F8
S2140228C089E73B463A464FF4105130460CF0CFFEAD
S2140228D0B7E71A68BCB2210102EB04142046ADF831
S2140228E00EB00191009211F06BFF8246204600F076
S2140228F03FF930B3DDE90021AAF5205080B2032863
S21402290002D9BAF5245F1ED1525A00202146ADF8EC
S21402291028200DF10D030DF10E02ADF82AA0FFF7E7
S214022920CDFEBDF80E2001460BA814F0B5FBBDF88F
S2140229300E20404604320AA90CF068FD0446002820
S2140229409ED101378FE70AF55640FF3080B2042841
S214022950F7D8525AADF82AA0ADF82820E7E700BF0C
S214022960302A00200002C003F4230020EC230020BB
S214022970134B01461B6870B513F0040306D0002201
S214022980104B1C68E38990B2834209D80E4A146839
S2140229900022E58990B2854209D84FF6FF7005E01D
S2140229A0A56835F8125001328D42ECD170BDA6688A
S2140229B036F8126001328E42ECD1034498B2F5E743
S2140229C0EC230020F0230020F4230020094B1B6890
S2140229D05B070AD5084B1A68D389834203D99368E2
S2140229E033F810007047C01A80B2044B1B689B680D
S2140229F0F6E700BFEC230020F0230020F42300209B
S214022A0038B5046805460C222046084914F00FFB28
S214022A1050B90222064904F10E0014F008FB18B958
S214022A2002200C342C6038BD1020FCE7B98B030062
S214022A30C78B03002DE9F743102801910BD002281B
S214022A4004D04FF6FF7003B0BDE8F083019B1888F0
S214022A50FFF78EFFF7E701A8FFF7D2FF0228F5D0AF
S214022A601028EED11B4B019F1E6816F0040608D0F4
S214022A700024194BD3F80080B8F81660A5B2AE420F
S214022A801AD80025154BD3F80080B8F81690ACB2C9
S214022A904C45D6D2D8F81000102200EB0510394665
S214022AA014F0C5FA01350028F1D1A0196FEA4040AA
S214022AB06FEA504080B2C6E7D8F81000102200EB4A
S214022AC00410394614F0B3FA01340028D6D145F47E
S214022AD00040B8E7EC230020F0230020F423002077
S214022AE0020408B51DD5124BC0F30E001B685B0727
S214022AF013D5104B1A68D38A98420CD2136903EB8B
S214022B00001000F1100350F8042B984241F8042BF1
S214022B10F9D1102008BDC01A80B2074B1B681B698A
S214022B20EDE7FFF753FF0870000A48700220F1E74E
S214022B30EC230020F0230020F423002070B5044686
S214022B4042F60306094B1B681D68A5420AD22046B8
S214022B5029B911F035FEB04206D1103402E011F068
S214022B6039FE08B1204670BD103CEEE7F423002083
S214022B70437ADA0702D5C3F380007047034BC28854
S214022B801B881A4214BF0120002070471A29002011
S214022B900A4B1B68DB0708D570B1094B1B68DB883C
S214022BA0834234BF00200120704728B1054B1B88A2
S214022BB0834294BF00200120704700BFEC23002010
S214022BC0F42300201C29002070B50246FFF7E0FF20
S214022BD0E8B10F4B1968CD88954209D302F18050AF
S214022BE00B680138040103EB00101B5B93420ED006
S214022BF0002398B2854201D8002008E00E681C0126
S214022C00345B06EB0310944203F10103F1D170BD6D
S214022C10F42300202DE9F34100250E46A846174F5F
S214022C2001903A68ABB2D18899421DD91468ABB20A
S214022C3004EB0314B4F90430002B1CDA2046FFF729
S214022C4097FFC0B1E1680B889E4214D132460198C4
S214022C50023115F00BF8E36882B21B88934207D064
S214022C60114601A814F067FE404602B0BDE8F081A6
S214022C7043441FFA83F80135D3E700BFF42300204C
S214022C8037B58B790A460C33CD180191C95C0446D8
S214022C9011F0010329D01D290AD101211E2010F0AE
S214022CA056FD0146204610F0AAFD012003B030BDB5
S214022CB0032916D10E4BB5F801201B884189934291
S214022CC028BF1346172BB8BF1723438111F04EF8BF
S214022CD0636940F2094123F002032046636111F062
S214022CE06DF801A814F000FDDFE71846DEE700BF26
S214022CF0EA0C002038B5124B04461B8842898B42E8
S214022D0028BF0B46172BB8BF17231146438111F075
S214022D102DF8636923F002036361A3699D693DB1DF
S214022D200022294620469A61BDE83840FEF788BC54
S214022D3040F20941204611F041F8A3691D7038BDE2
S214022D40EA0C00200148FEF793BC00BFED3D0200EE
S214022D5008B5002142F20E0010F060FABDE8084005
S214022D600148F7F7BFBA00BF0512030038B590F85E
S214022D7072300446032B154606D1FFF7E9FF0123FE
S214022D80002084F8723019E0C9B9012B2DD903212D
S214022D9040F2064010F042FAB4F86E304571A0F8E0
S214022DA003301348F7F79EFA10F07CFA8378002B6C
S214022DB0E5D010F077FA807840F4805038BDA3B1A1
S214022DC002214FF6044010F029FAB4F86E30A0F84B
S214022DD003300848F7F786FA10F064FA4379002BB6
S214022DE0CDD010F05FFA4079E6E70220E6E700BFB2
S214022DF0191103004F110300F8B507460E4642F2BA
S214022E0013000E2115461C4610F008FAB7F86E306D
S214022E10A0F80560A0F80330BDF81830A0F80750F7
S214022E20A0F80B30BDF81C30A0F80940A0F80D3011
S214022E30BDF82030A0F80F300648F7F753FA10F026
S214022E4031FA807820B110F02DFA807840F4805064
S214022E50F8BD00BF9111030070B506460D4642F25A
S214022E607A000421144610F0D9F9A0F803604571DF
S214022E7084710648F7F736FA10F014FA407920B152
S214022E8010F010FA407940F4805070BD911503009E
S214022E9010B50446022142F2300010F0BFF9B4F831
S214022EA06E30A0F803300F48F7F71CFA10F0FAF964
S214022EB0437963B910F0F6F9C088FEF7B1FA044612
S214022EC028B110F0EFF9017A2046FEF7A7FB10F0C2
S214022ED0E9F9407920B110F0E5F9407940F48050E4
S214022EE010BD00BF9DA60100F8B507460E4642F289
S214022EF04100082115461C4610F090F99DF818303E
S214022F004771C3709DF81C3086710371A0F8075094
S214022F10A0F809400648F7F7E5F910F0C3F940793A
S214022F2020B110F0BFF9407940F48050F8BD00BFE0
S214022F304DA3010038B505460C4642F24200062172
S214022F4010F06CF90023C57043718371C37103726C
S214022F5004710648F7F7C6F910F0A4F9407920B1D3
S214022F6010F0A0F9407940F4805038BDA5A30100C6
S214022F702DE9F041154606460F4642F23600192163
S214022F801C46DDF8248010F049F92B0AC371230A87
S214022F9083729DF81830857103739DF81C30447255
S214022FA043739DF820302D0C240CC6708780057262
S214022FB0C4728373D8F80030C0F80F30B8F8043003
S214022FC08676A0F813309DF8283043759DF92C308C
S214022FD083759DF83030C375002303769DF8343030
S214022FE043769DF83830C3760648F7F77BF910F03B
S214022FF059F9407920B110F055F9407940F48050E3
S214023000BDE8F08145A4010038B505460C464FF6EA
S2140230101940052110F002F9C57044600648F7F71A
S21402302061F910F03FF9407920B110F03BF9407990
S21402303040F4805038BD00BF430E030038B5054645
S2140230400C464FF61A40052110F0E8F8C5704460A9
S2140230500648F7F747F910F025F9407920B110F045
S21402306021F9407940F4805038BD00BF730E03004A
S21402307070B50D4606460121DAB1FFF7C5FF0446D4
S214023080A8B9072142F2350010F0C8F8C6702B68BE
S2140230904360AB8803810848F7F724F910F002F979
S2140230A0437923B110F0FEF8447944F48054204664
S2140230B070BDFFF7C3FFE2E7031003000A4610B530
S2140230C00421044642F2370010F0BDF803230371D0
S2140230D00023C470437183710648F7F703F910F0B2
S2140230E0E1F8407920B110F0DDF8407940F48050E4
S2140230F010BD00BFF70E03000A4610B504210446B1
S21402310042F2380010F09FF8032303710023C470C4
S214023110437183710648F7F7E5F810F0C3F8407973
S21402312020B110F0BFF8407940F4805010BD00BFC7
S214023130430F0300F8B506460F4642F23900062151
S21402314014461D4610F06AF801238471240A03719E
S214023150C7704671C47105720648F7F7C3F810F0D7
S214023160A1F8407920B110F09DF8407940F48050E3
S214023170F8BD00BF8F0F03000148FCF76BBF00BF0E
S214023180853102002DE9F04F867987B00C3605901E
S2140231900546805BC0F30B00FEF742F9044618B9F9
S2140231A005A814F0A1FA4EE090F87230022BF7D17F
S2140231B0AB5B059AC3F30B0103F44053B3F5805F90
S2140231C09060A95342D153796FF300035371836B16
S2140231D0002BE5D0042105A804F1380614F084FB80
S2140231E03046059914F067FBA06B002301465A1C73
S2140231F0A9BBDBB2012B01D914F0CEFBA06B14F0F5
S214023200F8FA03281FD9D4F83890484699F8067079
S21402321014F0EFFA0C3709EB070539F80770A0F13E
S2140232200408474522D9524FD4F838A007F11009AE
S21402323057F804BB5346424629462046D8474F45D0
S21402324010D00028F4D007B0BDE8F08F383014F064
S2140232504BFA059A537943F001035371BAE71346C2
S2140232600968C4E70028EED130469AE7A06B14F04E
S214023270C0FA04378742F7D36988A1F140033F2B8F
S2140232800BD80421304614F02FFB2046A26B698827
S21402329012F09BF80023A363D5E705290BD0062975
S2140232A061D00429E0D1304614F01EFBA16BA06C5D
S2140232B0FEF7ECF9EEE72946204612F084F80246BD
S2140232C00028D1D12B79122B06D0132B36D02046CC
S2140232D0697912F050F8C7E794F87330022BF6D0EB
S2140232E040F67A4029898B1F9BB2834224D86A898A
S2140232F0931F9BB283421FD891421DD8AB89B3F568
S214023300FA7F19D240F6764CEF89A7F10A0080B20E
S214023310604511D8B4F86A000290B4F86800CDE9A6
S21402332000702046FFF768FD021E18BF01222046E5
S214023330697911F0DCFF97E70122F8E794F8733019
S214023340012B03D12046697912F015F8A3681A04F6
S2140233508AD523F40043A3602B89012B84D120460F
S214023360FEF75CFF80E72046A16B12F054F891E767
S214023370CC8B0300014B1B68184700BFB00B002024
S21402338008B50FF074FA022817BF034B00205868DE
S21402339000F0100008BD00BFF823002007B5024663
S2140233A00846042802F0010113D9B1B903200C4BD8
S2140233B05A6002F08003019302F04003009302F089
S2140233C0200302F0040200F0DBF9002003B05DF8EF
S2140233D004FB0029EBD00328E9D12120F6E700BF41
S2140233E0F823002038B50D490D480AF0EBFA0446DA
S2140233F0054688B90B4B0C4A1A600C4A5A600C4AAE
S2140234009A600C4ADA6000F0F9F90321044628466D
S214023410FFF7C4FF084B1D70204638BDEFBEADDE79
S214023420BEBAFECAB00B0020753702007356030000
S214023430C1370200053B0200F823002070B505469E
S21402344008200E460AF090FA044680B195F87030CD
S21402345000210370064B4660DB68284698472246E2
S214023460BDE8704040F20161024814F02EB870BD0B
S214023470B00B00208023002038B5054608200C46F5
S2140234800AF072FA024638B1C0E90054BDE8384084
S2140234900D21024814F019B838BD00BF8023002061
S2140234A0014B5B68184700BFB00B002010B50F4CED
S2140234B02368D3B10022D3F8A0001A7783F83D2000
S2140234C083F85E200BF08EFE20684421603014F0F4
S2140234D01DFC206821211D3014F018FC20682121D3
S2140234E0BDE810403E3014F011BC10BD0024002090
S2140234F000F0C003402B07D1094B1B6873B100F0E4
S2140235003F0053F820007047802B01D1054BF4E7AB
S214023510054A0648C02B08BF104670470348704746
S214023520082400200424002075570300553A0200A0
S2140235302DE9F0438BB006AC884615460346264670
S21402354000F11007224618685968083303C2BB42C6
S2140235501446F7D11021304614F0CAFB0023062089
S2140235600593F1F7E5FF14F00DFC044648B3DFF8C7
S21402357080904FF4807111F0A0FF4FF41051C0F804
S214023580109011F0FFFF80231027638005AB2846BA
S214023590029332463B464946CDE90087F4F7EEFDF4
S2140235A00546F0B93946404614F0A2FB3946304685
S2140235B014F0ACFB20460CF04EF820460AF0F2F966
S2140235C00BE06FF08C0140F20740FFF755FF102129
S2140235D0304614F09BFB6FF08C0528460BB0BDE816
S2140235E0F083014640F20740FFF746FFDEE700BFE2
S2140235F0004440042DE9FF41044606208846F1F7C0
S21402360097FF14F0BFFB054648B901461A20FFF79C
S21402361033FF6FF08C04204604B0BDE8F0814FF40F
S214023620807111F04AFF184B4FF41051036111F0EC
S214023630A9FF22466C46802327466B8002F11003C0
S214023640264610685168083203C69A423446F7D1B5
S2140236501021384614F04CFB4346102239462846C1
S2140236600BF0F3FD044620B1014640F20740FFF797
S21402367003FF1021384614F049FB28460BF0EBFFF7
S21402368028460AF08FF9C6E700444004FF282DE9D1
S214023690F74318BF344C814618BF44EA00244FF063
S2140236A006000F46164608BF304CF1F741FF14F0ED
S2140236B069FB8046002852D0014620460BF0A6FD44
S2140236C0054640460BF0C7FF40460AF06BF915F177
S2140236D0880F40D1B9F1FF0F3FD10620F1F728FF3E
S2140236E014F050FB044658B901461A20FFF7C4FEF0
S2140236F0002005463C6006B1356003B0BDE8F083A5
S21402370000231A4A019343688260DAB222B923F090
S214023710FF0343F001034360204640F2011111F01B
S214023720CCFE134B4FF41051236111F02BFF802374
S21402373001A9204663800BF0CCFE014618B140F288
S2140237400740FFF799FE20460BF085FF20460AF059
S21402375029F9019CCCE7002DCAD02120CBE71A20FC
S2140237606FF08C05C7E700BF068004003700040030
S21402377000444004014B1B68187A7047002400205E
S214023780003918BF0121003B18BF012310B50B4CAE
S214023790003A246818BF0122A3749DF808302070EE
S2140237A0003B18BF0123E3749DF80C302174003BE4
S2140237B018BF01236274237510BD00BF00240020C9
S2140237C001280AD002280ED098B90B4B1A689369C2
S2140237D043F00103002093617047074B1A68936910
S2140237E043F00203F6E7044B1A68936943F00403B6
S2140237F0F0E72120704700BF0024002010B5194CC6
S214023800236833B9A42014F0BDFA206038B91A240C
S21402381026E0FFF74BFEA421206814F077FA032275
S2140238204FF0FF31236810481A70D9600022102129
S2140238301A77197283F83D200C4983F85E201A82A3
S2140238409A749A6109F092FD044648B9F4F75CFD51
S21402385030B122460549044813F043FE40F20744BD
S214023860204610BD002400200C240020DF54030054
S2140238702DE9F04383680446590687B040F1B180CB
S21402388023F04003836011F037FE802802D04028E0
S21402389040F0AA8094F9758004F13409B8F1FF3F2C
S2140238A01DD10EF0E4FF022871D0636B04201A8843
S2140238B08DF808201A4632F8021B090A8DF80910FC
S2140238C0D3F8023002A9CDF80A3053680A22CDF89E
S2140238D00E30FBF7DDFAB0F1FF3F804657D0A56801
S2140238E015F4807553D10620F1F722FE14F04AFA39
S2140238F0074698B901461A20FFF7BEFD204641F258
S2140239000601FFF79BFD20460021FCF78DFC04F123
S214023910340007B0BDE8F04311F04BBE204611F06C
S214023920EBFD802828D1494D394645EA0825284628
S2140239300BF06CFC064638460BF08DFE16F1880F2F
S2140239401BD1434D394645EA082528460BF05EFC56
S214023950064638460BF07FFE38460AF023F896B93C
S214023960606B2A4602A90A30FFF7E2FD70B3102107
S21402397002A814F0CBF9C1E72E46204611F0BCFD92
S2140239804028E9D1DDE7314640F20740B4E794F833
S2140239907430DA0702D4A368DB05AFD5002301A989
S2140239A004F118000193FFF725FE18B101980BF0F9
S2140239B019FCA3E7606B019A02A90A30FFF7B8FD6B
S2140239C0054601980BF00EFC002DD0D1204602A928
S2140239D0FCF72AFC02A8102114F098F9484611F0C8
S2140239E0E8FD07B0BDE8F083636B1A88002A85D12C
S2140239F0882801D04B2881D10022013313F8011FF9
S214023A0000297FF47BAF0132082AF7D1206C01919E
S214023A1000F5987001A9FFF7EDFD0028C6D1606B8E
S214023A20019A02A90A30FFF783FD054601980BF0BA
S214023A30D9FB002D9BD1204602A9FCF7F5FB02A874
S214023A40102114F063F904F13400C8E7058004007D
S214023A500380040045F20603994210B504463CD0A2
S214023A600DD840F2032399421AD045F20203994236
S214023A7011D040F20123994212D048202CE045F2A0
S214023A80170399423AD045F21A0399421CD045F2DE
S214023A900C039942F1D10521204611F049FE1AE0A5
S214023AA0174894F8701013F0F1FC94F873304FF442
S214023AB0A041012B14BF80204020FFF719FD0022F1
S214023AC0034620469847D8E7C02111F025FD072176
S214023AD02046FFF7B3FC002010BD93791A44517CB0
S214023AE041F49051FFF7AAFC94F873302046012B5C
S214023AF014BF8021402111F00FFDECE70220EBE716
S214023B000C240020204B10B51B6804469B6913F05A
S214023B10040310D141B180F8773090F87010BDE8F8
S214023B2010401A4813F0B2BC90F87330012B03D140
S214023B308368580705D410BD022B02D18368590743
S214023B40F9D494F9772094F87730002AF3DBB3B9E6
S214023B50012384F8773094F877305B08EBD04FF483
S214023B607A7294F8701053430848002209F0E2FB78
S214023B7094F8773063F07F0384F87730DBE75A06F1
S214023B80E9D45B00E5E700BF002400200C240020F7
S214023B9008B50448FDF798FB0F2303710023437111
S214023BA008BD00BF20020409184640F20A4322F06C
S214023BB000429A422DE9F04120D8B2F5806F01D832
S214023BC000203EE06FF480642244092AF8D801A35C
S214023BD053F822F01B3C0200273C0200473C02003E
S214023BE0953C0200693C0200B13C0200D33C020054
S214023BF0DB3C0200C13B0200F33C02006FF4A06112
S214023C005318042BDCD8A2F20252032A79D8DFE832
S214023C1012F08A009200B700CB0005784488644808
S214023C200FF0EFFC3EE005784468826900F1080375
S214023C30002160480FF0F6FC10B10571C0F805408F
S214023C400120BDE8F081067845880479826900F192
S214023C500803002158480FF0E5FC0028F0D0067152
S214023C60A0F80550C471EBE704790778A4F11B03AA
S214023C70594259414688C58800F1080289004F48D2
S214023C800FF0F5FC0028DBD00771A0F80560C471C0
S214023C900581D5E7057844884269031D0021484816
S214023CA00FF0C0FC0028CBD00571A0F80540C7E78E
S214023CB006784588848800F10802002141480FF002
S214023CC0D6FC0028BCD00671A0F80550A0F8074024
S214023CD0B6E7057844683C48A2E704783A480FF00D
S214023CE090FC0028ACD00723437100230471837133
S214023CF0A6E7047835480FF084FC0028A0D00471AB
S214023D009EE7077846880579C48800F108020021F4
S214023D102F480FF0ACFC002892D00771A0F805607F
S214023D20C57104818CE7077846880579C4882948D6
S214023D300FF067FCEFE787684588047906787FB15D
S214023D40C78800F10802002123480FF090FC0028E3
S214023D503FF476AF0671A0F80550C47107816FE78D
S214023D603B463A4639461C480FF05CFC00283FF4B6
S214023D7067AF0671A0F80550C471077247725FE715
S214023D8090F8008047880679C588048913480FF0A2
S214023D9038FC00283FF454AF80F80480A0F8057081
S214023DA0C671058144814BE7057844680C4837E7BD
S214023DB00C8C0300088C0300048C0300FC8B0300AD
S214023DC0008C0300F88B0300F48B0300DC8B0300EB
S214023DD0F08B0300EC8B0300E88B0300E48B0300FC
S214023DE0E08B030000487047A93B020030B504464A
S214023DF085B00846039111F01CFE830708D410F024
S214023E00010003D003A813F06FFC012005B030BDFB
S214023E1003998B7903F10C0288188A5C013A1C2AF2
S214023E2000F2E880DFE802F00FE689E68CE695E627
S214023E309CE6A4E6ACE6B3E6BAE6C2E6E6E6C4E686
S214023E40D2E6D4E6DD0003790BB103F58853427857
S214023E50023A162AD6D801A151F822F0B93E02003B
S214023E60053E0200C33E0200053E0200CF3E0200AF
S214023E70053E0200DB3E0200053E0200E73E02006F
S214023E80053E0200FF3E0200053E0200F33E02002F
S214023E90053E02000B3F0200053E0200173F0200ED
S214023EA0053E0200053E0200053E0200213F0200DA
S214023EB0053E0200313F020017212046FEF71AFF98
S214023EC0A0E700222046114610F0FDFD9AE71A46AA
S214023ED00021204610F0A4FE94E700222046114658
S214023EE011F00FF88EE700222046114610F0F7FE7A
S214023EF088E71A460021204610F0E4FF82E71A46B9
S214023F000021204610F0C1FF7CE700222046114621
S214023F1011F0EAF876E71946204611F04EF971E7F5
S214023F200093002320461A46194611F050F969E715
S214023F301946204611F09DF964E7B0F80110BCE777
S214023F4002338B710A4600234178204610F0BBFDEF
S214023F505BE70133002220468B7110F061FE54E7C6
S214023F6002338B7142780023204610F0CAFF4CE7DA
S214023F7001338B71002320461A4610F0B0FE44E748
S214023F800133002220468B7110F07FFF3DE701339C
S214023F90002220468B7110F095FF36E702338B71B4
S214023FA042780023204611F09FF82EE70021B3E75F
S214023FB005338B710023B0F80320B0F8010000939C
S214023FC00B460146204611F002F91EE70021B0E733
S214023FD003338B710A46B0F80110204611F068F9D7
S214023FE013E703338B710A46B0F80110204611F02E
S214023FF068F90AE7002009E72DE9F04F144687B072
S2140240009B46C36B06460D465B69012202A96068A1
S2140240109847F36B012203A95B692846984702A8D2
S21402402012F011F9074648B10023A37563754FF0E5
S214024030FF33A360002007B0BDE8F08F03A812F09C
S2140240400FF90123A375237E04EBC303DD611F84EE
S2140240506368AB420ED1206003A812F023F94FF03A
S214024060FF332075A360237D043B022B25D8002353
S214024070A375DFE723681A1A03A853425341A375B0
S21402408012F010F9237D834203A818BFA77512F019
S214024090EBF8074602A812F0E7F8874203A81CBF0F
S2140240A00023A37512F0E8F8074602A812F0E4F817
S2140240B087421CBF0023A375D5E703A812F0D4F8E5
S2140240C080B1F36B022204A928465B69984704A8CC
S2140240D012F0D9F80346207D032839D8DFE800F02D
S2140240E03838040903A8F3E7237ECC2204EBC30383
S2140240F01A8401F0C9FA109B187003A8277E12F0E2
S214024100A7F804EBC70787F8220003A8237E04EB70
S214024110C303B3F8209093F8227012F0A5F88046F5
S21402412003A812F0A9F88246B8F1000F15D0F36B77
S214024130022204A928465B69984704A812F068F888
S2140241406075637D6BB90023A3754FF0000838E0F5
S214024150227E04EBC2021384CBE703A812F043F8D4
S214024160EEE794F81680B8F1000FEED0B9F1000F22
S21402417009D1DFB10123627EE375002A44D19F4252
S21402418018D1677614E0736C05EB0A02594285EA89
S214024190020008421CBF0021A175591E0A409B1A44
S2140241A09945D0D8A37D002BE3D1CEE7E37D43B972
S2140241B04FF000084B4652462946304611F0BFFDE6
S2140241C0A060A27D12B123694B4423611349237E6A
S2140241D0097899421ED901332376BBF1000F1BD012
S2140241E0D2B1E37DC3B1B8F1000F15D1032F13D0BE
S2140241F0A1684B1C10D0109B224630460093012328
S214024200FFF7FAFEA07507E0012FDAD0032F08BFEA
S214024210A376CDE70023A375A07D0CE7C88503002F
S2140242202DE9F04F0E468BB09846002304464FF019
S214024230FF31104617468DF8133001F00FFAB6F527
S214024240801F3BD3B21C53D1E56A6B1C57D1616AFF
S214024250204611F0BAFC0546B31CDFF8189118BFC9
S21402426001230193636A05A9626C4FF0000B029367
S214024270236802FB053AE36B05225B6950469847C2
S21402428005A812F099F812F0BCF8504612F0C4F8DD
S214024290824601464B1C05D0636C81EA0A025B42E9
S2140242A0134232D02946204611F08FFC029BAB42C5
S2140242B04DD0BBF1000F4DD10546D3E7314605AAD6
S2140242C004F1080011F075FF0146481C10D038466C
S2140242D001F0C4F90DF1130301223946204611F00C
S2140242E0AAFD28B19DF8133088F80030002003E0BC
S2140242F0237C002BA8D11D480BB0BDE8F08F2368A5
S214024300ED1A636CB5FBF3F5A6E7484601F0A6F98D
S2140243100DF11303019A4946204611F08CFD03461F
S21402432090B1B21C03D0D9F80020B2420CD19DF84D
S21402433013204946039338460D4B88F800201A6826
S21402434012F0AAFE039B9B46D9F80810A2E7BBF11F
S214024350000FD0D0B6F5801FC8D298F8003031468C
S2140243607A6804F1080001F0BDF8BFE70BE000F040
S214024370C4850300901A00202DE9F3410E46044638
S21402438017469846816A194DE36A8B422AD04B1C1F
S21402439018E0284601F062F90DF1070301222946CA
S2140243A0204611F048FD30B143469DF807202946C5
S2140243B02046B847B0B1A9684A1C05D0012E0AD0DB
S2140243C0E36A9942E5D10DE06968204611F08AFC5D
S2140243D0012E0146D8D16B6881EA0302636C5B4208
S2140243E01A42D1D002B0BDE8F08100BF641A0020A4
S2140243F02DE9F041036B9046826B90B007680E463B
S2140244009A42426C01A9044688BF8363436A02FB50
S2140244100377C36B05225B693846984701A811F0FB
S214024420CBFF01280146307056D0656C06A9E26BB8
S2140244302368606AD2F814C0052205FB0030002506
S214024440E04706A811F0B8FF012823D001218DF815
S21402445034800E958DF83C10D4E90A32CDE90B452E
S21402446093422AD11946204611F03CFC236B626C1B
S2140244701433E0629B1A23630C9B53B99DF83C30BD
S2140244803BB1626A616C2368E06B01FB023111F09A
S2140244904BFF0C9DE36B052201A938465B699847E2
S2140244A001A811F089FF3070236B2846A26B9A424E
S2140244B088BFA36310B0BDE8F081237C33B90BAA92
S2140244C01C4904F1080001F05DF8D5E70BAB1A4A67
S2140244D02046FFF751FFCFE7237C23BB224617492E
S2140244E004F1080001F04EF8616A204611F08EFBD6
S2140244F0616A421C204611F057FB054620B9236B21
S214024500626C1344143B2363A16A204611F0EAFB53
S2140245102368A062C01A636CB0FBF3F060622046A8
S21402452011F024FCB6E70023054A2046FFF724FFD5
S214024530DAE700BF254D0200A14C0200BF5E030071
S2140245405B5E030073B50D46D11E1C461B7E4A42B7
S2140245504A419A4226D129682368994222D363683F
S21402456099421FD8114E0DF107033246FFF758FE47
S214024570C0B972686B689A4214D19DF80730DA1E89
S21402458053425341227E93420CD1636901336361E5
S214024590D4E90323934205D22968A26842F823107D
S2140245A001332361012002B070BD00BFBC1A002097
S2140245B02DE9F04F8BB09A46DFF854B180469DF84D
S2140245C050300D4616460293DBF810305345C0F0C5
S2140245D09880DBF80430D1460193B9F1000F00F061
S2140245E08C80D8F83C30012207A901985B6998476D
S2140245F007A811F035FEDBF80030984240F08480C0
S21402460007A811F039FE0428074614D107A811F0AE
S2140246103AFE019B029A04463B44002A3ED1864259
S21402462012D9361A14460199404611F05BFBA9EBE3
S21402463004090190D1E7D8F83C30022208A9019873
S2140246405B69984708A8E2E7841B9F19544528BF70
S2140246505446032CAAEB040A4FEA94021CD9D8F853
S2140246603C302946384604F003065B69984724F036
S21402467003031F441D44002ED5D0D8F83C30012237
S21402468008A938465B6998473246284608A9354441
S21402469012F002FD0026C6E72646ECE700F003020B
S2140246A00344074603922A1805930492049BDD1BD3
S2140246B0059BD81B039B9F420FD1002FB3D0D8F87F
S2140246C03C30012208A95B6998473A4608A9284661
S2140246D012F0ADFC78B93D44A5E7D8F83C3001228B
S2140246E008A95B699847042208A9284612F09FFC8D
S2140246F008B9043FDAE7DFF81C9048460BB0BDE87D
S214024700F08FDFF81490F8E7DFF81090F5E700BFB7
S214024710E81A002012E000F011E000F022E000F0BB
S2140247202DE9F0410F4688B016469846044660B317
S21402473090F83450FDB1012111F00CFA0E9B0021C5
S214024740CDF804800496CDE902379DF83C308DF80A
S2140247501C30237CCDE905118BB901AA0C4904F162
S214024760080000F00FFFE06BDDE90553002E08BFDE
S2140247701D4611F0B2FB284608B0BDE8F08101AB39
S214024780044A2046FFF7F8FDEDE70546F3E700BFCB
S214024790895E0300454502002DE9F04F99B00F46A9
S2140247A0044609920A69416C0E93D31D1439B3FB71
S2140247B0F1F3013302EBC302036B9342C0F00F82A4
S2140247C00023DFF824940D93E36A484619460793BC
S2140247D000F044FFD7E9033604930E9B022B4ED11A
S2140247E0CC2E40F08C81099B002B42D039462046C5
S2140247F011F0D1FB656C079A6B1E14901340ED1AEC
S214024800E36B012216A978685B69984716A811F02F
S2140248102BFD00280CBF04230823782E06933FD9CD
S214024820012300254FF0080A05933B6805990E9868
S214024830C9F80030C9F8106011F038FD4FEA9A0343
S214024840DDF81CB089F81400109300230B930F9325
S21402485008930C93616C4A1E0BEA02028B1A002E16
S2140248603AD05544AB4242D8236B5B1A13442363B7
S214024870ADE0049B1B68149308230693D0E7656C8F
S214024880782E079A05F1FF3303EA0203A5EB030528
S21402489016D8FB7D7BB9099B002BB1D10423069366
S2140248A0331DAB4210D9A6B1082DB9D80425002372
S2140248B0AA460593B9E7099B002BA1D10823EEE788
S2140248C0099B002B9CD1D7E7002505954FF0040ADB
S2140248D0ABE704250596F9E75345C5D30BEB0A0368
S2140248E0B0460393089B002B18BF032313E0A3EBE9
S2140248F00A03B0460BEB0A029E42039228BF984672
S2140249009E42EFD9D9F810200123964289F8173033
S21402491071D1C9F804B0089399F81730002B6CD0FF
S21402492099F818200899D31C013209EBC30389F8B9
S2140249301820C3F804B0A3F808809972B8F1000FE3
S21402494014D00E9B022B5BD10B9B7BB90F9B43446F
S214024950032B0BD9E36B012214A903989B69984792
S2140249600546002840F03D8101230B93089B16A8BC
S2140249700193059B0093434699F81420396800F08A
S21402498023FEE36B109A16A99B6958469847051EA4
S2140249900D9B18BF5B4652460D935946434620462A
S2140249A011F0CDF9236B08F10302C9F80800A3EB56
S2140249B00A0322F003029B1A2363002D40F01181A2
S2140249C00F9BA6EB0806DDF80CB043440F9359463E
S2140249D0204611F087F900258346002E7FF43AAF71
S2140249E0814A04F10800396893685268E3620E9BB4
S2140249F000F078FDDEE002238DE7C9F804B09DE7FB
S214024A00099B002B30D1049BB8F1030F43440A9351
S214024A1027D9E36B4FEA98029B69DDE903019847C1
S214024A200546002865D118F003025FD028F003057A
S214024A30049B2B440493039B1D444FF0FF330499BD
S214024A4015A8159312F028FBE36B2846012215A938
S214024A509B6998470A9B05460493002D86D0039BC4
S214024A6099E7039D4246E8E7039B0A9307F1200372
S214024A701193FB7D78689BB13D7E00230C9AD9B2D8
S214024A808D4211D9119903F1010C31F8331091427C
S214024A9026D907EBC3030699D8690A44104403E0F3
S214024AA00C9B069A13441844E36B012215A95B6912
S214024AB09847159B012213A913930C9B0A9804335B
S214024AC00C93E36B9B699847039B0A9A05464344FB
S214024AD09B1A042B07D978B9134604330A93C8E7FE
S214024AE0521A6346CBE70A9B0393B6E70A9B0493E4
S214024AF03CE70A9B0493B2E70A9B0393AFE73B4E5D
S214024B0004F1080303932368079A606CA2EB030A76
S214024B10BAFBF0FA00FB0A3011F07EFCE16A80462E
S214024B20204611F0DFF8A26A82424AD0626CD9F8B7
S214024B300830511E2568E0620B40216B891A0B442F
S214024B4023630D9B5D1BB5FBF2F5AA4536D1079B89
S214024B50B3EB080A12D0E36B4FEA9A0241469B690E
S214024B609847E36A079A834653440398DA46E36211
S214024B70236B9B1A4344236311F0ECFA2368616C9F
S214024B80E06B01FB053111F0BCFB204610F0EDFF97
S214024B90204611F0EBF82063BAF1000F11D03A6903
S214024BA0616CD31D1439B3FBF1F3013302EBC3027C
S214024BB09042A8D2304619B0BDE8F08F4FF0000AF6
S214024BC0DCE73A69616CD31D1439B3FBF1F30133A8
S214024BD002EBC302236B9342BFF4F6ADEAE7044E40
S214024BE0E8E72E468CE700BF901A002023E000F08C
S214024BF006E000F02DE9F3471E4643690446884660
S214024C00B34217469DF828903DD300258DF80750ED
S214024C10D4F830A0204610F074FF82450AD2236AE8
S214024C20B5EB430F06D200220DF107012046FFF72F
S214024C30DFFB30B39DF80730012B05D100220DF1C2
S214024C4007012046FFF7D4FBB9F1030F06D0256B08
S214024C503146204610F040FF854218D30D4D4FF0E6
S214024C60FF31284600F0FAFC4B4600222946204631
S214024C70C5F80080C5E9037602B0BDE8F047FFF745
S214024C808BBD0135C4E7044802B0BDE8F08703488F
S214024C90FAE700BFBC1A00200FE000F006E000F0C2
S214024CA0032A2DE9F34106460D4617461C4606D151
S214024CB0237A012B23D0012002B0BDE8F081DFF871
S214024CC060800DF1070309684246FFF7A9FA6060A3
S214024CD00028EDD19DF80720237A032AE8D0D8F8D9
S214024CE004106A689142E3D1012B2969D4F80CC0FA
S214024CF007D10CEB01037269934202D92074207C1F
S214024D00DAE708313B46012230466144E160294633
S214024D10FFF742FD60600028CAD00020CCE700BF43
S214024D20BC1A00202DE9F341089C032A1746266880
S214024D3006D1237A012B24D0012002B0BDE8F081EF
S214024D40DFF890800DF1070330464246FFF768FA17
S214024D5060600028EDD12568D8F80400A96AD5F865
S214024D6044C04840227ACCF100031840E1D1012A1F
S214024D7009D1E268D8F8103013447269934202D916
S214024D802074207CD9E72868EB6A1B1A081AB3FB42
S214024D90FCF3B0FBFCF083420BD1706CF36A421E4C
S214024DA01340326B121A28461344336310F09AFFEC
S214024DB0E862D8F81020E3680832064920681344EF
S214024DC00122E3603B46FFF7E7FC60600028B0D0B4
S214024DD00020B2E7BC1A00202DE9F04F4FF0FF3357
S214024DE04FF6FF72002500F10806044687B0C3623C
S214024DF00F4605620563C0E90923304611F0AAF999
S214024E00204610F0B2FE28BB2046394610F02DFF91
S214024E10204610F0AAFE28BB8A4D204610F0D9FF85
S214024E20ECE0E26B01A92368606CD2F814C005229C
S214024E3000FB0530E04701A811F0BEFA012828D190
S214024E402946204610F0E2FE421C2946204610F073
S214024E50ABFE0135E3699D42E3D3204610F085FEA2
S214024E600028D1D000254FF0FF394FF6FF73CA460F
S214024E70A846C4E90853E369984514D3A5EB090587
S214024E80012D37D8636A4FF6FF72934247D16E4DB3
S214024E90C3E711F0BBFA0028DBD02946204610F003
S214024EA0B5FE0246D1E7236801A9E26B606C57693A
S214024EB0052200FB0830B84701A811F07DFA8346A8
S214024EC001A811F050FA0746584611F09AFA70B146
S214024ED05745236ABA4638BFC4F82480B94503F159
S214024EE0010328BFB946BD42236238BF3D4608F1DA
S214024EF00108C0E74FF6FF7300256362E3699D422F
S214024F00C0D2676C0522206801A9E36B07FB050087
S214024F1001355B69984701A811F025FAEEE7E26BC6
S214024F2001A9676C20685569052207FB0300A8479C
S214024F3001A811F018FA626A2368606C434D00FB00
S214024F40023011F069FA4FF0FF33A0622A46E3629C
S214024F506FF001010DF103032046FFF761F9002807
S214024F6050D1AD6829462046E56210F0DAFD20638E
S214024F7020B9E16A204610F0B5FEE06229462046D6
S214024F8010F0B0FE0546A36A9D423DD165692046F3
S214024F90626CE91C143AB1FBF2F105EBC10503356C
S214024FA0B5FBF2F5023510F014FF8046A8423DD25A
S214024FB0616A204610F009FE0027064604F1400A00
S214024FC0474512D3626C01A9236802FB0639E36BDC
S214024FD005225B694846984701A811F0C4F9534672
S214024FE002464946E06B11F019FA0137314620466F
S214024FF010F0EBFDAF420646E2D3154D284607B049
S214025000BDE8F08FA56AADE72946204610F089FD77
S214025010236B0746294603442046236310F062FEAC
S2140250200546002FAFD1C4E90B07ACE73046002592
S21402503011F090F80023074A20461946FFF79CF91C
S214025040EBE600BF03E000F016E000F0BC1A00201A
S21402505013E000F0255E0300634A00232DE9F041C9
S21402506017680E460446136018B9604D2846BDE818
S214025070F08190F834500DB309680268914240F00E
S214025080AA8071684268914240F0A580B168826841
S214025090914240F0A080F168C268914240F09B8045
S2140250A031694269914240F09680B169C26B914281
S2140250B040F0918072691D468261D7E750222946E8
S2140250C0D0F8388011F0DDFF336804F10800C4F828
S2140250D03880236073686360336963617369D6E9F5
S2140250E00212A36111F048F8B36904F14000E363C9
S2140250F09B68984794F8432020B1E561002AB4D013
S2140251003B4DB3E7656C002DF7D06668B6FBF5F34A
S214025110E361002AA9D0B542F2D82268B2FBF5F1C3
S21402512005FB1122002A58D105FB1363002B54D12C
S214025130204610F0E6FCA369043303449E424ED395
S214025140636940F63472CC3B93424AD8B5F5007F89
S214025150D6D30321204610F0FDFCE36BD4E9000110
S2140251601B689847E36B05460220DB6898471DB12B
S214025170002384F834301EE039462046FFF72CFE22
S2140251801C4B0546984204D139462046FFF724FEBA
S2140251900546636C143B002DEAD1226A204602FBC8
S2140251A003F610F0AEFCA369043303449E4206D213
S2140251B084F83450104DE06B10F08FFE56E70F4A1D
S2140251C0012384F8343013680133D4E900011360F4
S2140251D008F047FDEFE70A4D48E70A4D46E7064D59
S2140251E044E7094D42E700BF1424002009E000F01E
S2140251F004E000F013E000F002E000F010240020CB
S21402520008E000F001E000F005E000F02DE9FF41C3
S2140252100F4690461E46054698B390F8343093B330
S214025220B1F5801F31D21A4C022110F093FC0DF119
S2140252300F03224639462846FEF7F2FF024678B1A9
S214025240012342463946284600933346FFF7D2FCEE
S2140252500446E86B10F041FE204604B0BDE8F0813B
S2140252609DF80F30012BEBD12169B142E8D10093B2
S214025270414633462846FFF79BF904460028DFD10D
S214025280E7E7044CE8E7044CE6E7044CE4E700BF33
S214025290E81A002009E000F007E000F00AE000F05B
S2140252A02DE9FF410C4616461F46054688B390F880
S2140252B0343083B3B1F5801F2FD2DFF87C80012112
S2140252C010F048FC21460DF10F0342462846FEF731
S2140252D0A7FF044670B99DF80F30012B11D1D8F8FC
S2140252E01030BB4213D10246009031462846FFF7E3
S2140252F05FF90446E86B10F0F0FD204604B0BDE806
S214025300F081074C074A022B08BF1446F2E7064C08
S214025310F0E7064CF1E7064CEFE7064CEDE700BF78
S2140253200BE000F00CE000F011E000F009E000F005
S21402533007E000F00AE000F0E81A00202DE9F0434A
S21402534085B00C4617461E46DDF830800546A0B3EB
S21402535090F834309BB3B1F5801F32D2DFF88090DC
S214025360012110F0F7FB21460DF10F034A462846AD
S214025370FEF756FF044688B99DF80F30012B14D16C
S21402538006EB0803D9F810209A4214D3009043463D
S214025390324639462846FFF70BF90446E86B10F00A
S2140253A09CFD204605B0BDE8F083074C074A022B59
S2140253B008BF1446F2E7064CF0E7064CF1E7064C47
S2140253C0EFE7064CEDE700BF0BE000F00CE000F064
S2140253D011E000F009E000F007E000F00AE000F05B
S2140253E0E81A00202DE9F3411F4600230C46164614
S2140253F005463B6050B390F834304BB3B1F5801F8E
S21402540028D2DFF86480012110F0A4FB21460DF1BA
S214025410070342462846FEF703FF0446A0B99DF856
S2140254200730032B10D0022B0AD10123336004234A
S2140254303B60E86B10F051FD204602B0BDE8F081FB
S214025440D8F810303060F3E7034CF2E7034CF3E78A
S214025450034CF1E7034CEFE70BE000F009E000F045
S21402546007E000F00AE000F0E81A002030B50C462B
S21402547085B0054628B390F8343023B3B1F5801FC3
S21402548023D2022110F066FB0DF10F03104A2146CB
S2140254902846FEF7C5FE034688B99DF80F20032A64
S2140254A00DD003222146009202462846FFF7A2FBB1
S2140254B00446E86B10F011FD204605B030BD054CE1
S2140254C0F7E7054CF8E7054CF6E7054CF4E700BFAE
S2140254D0E81A00200BE000F009E000F007E000F018
S2140254E00AE000F02DE9F0414668002E46D0056835
S2140254F04FF0000CA846AE4655F83C400CF1010CA5
S214025500C4F31307013401D0B94218D0B4450EF1E2
S214025510080EF1D12F46002403E0B44207F1080733
S21402552013D055F834C00134BCF1FF3FF5D1C1F3B6
S21402553013017A6041EA03513960BDE8F08141EA1D
S2140255400353CEE90032BDE8F081032B16D00024C7
S21402555003E0B44208F1080810D055F8347001345C
S214025560C7F30757032FF4D1C1F31301C8F8042079
S21402557041EA0353C8F80030BDE8F0810123037204
S214025580BDE8F0812DE9F043476883B0C7B106460F
S2140255908846914600243368304653F8345003EB6D
S2140255A0C4030134C5F30752C5F31301013505D010
S2140255B05B68CDF80090C04710B17768BC42EAD36A
S2140255C003B0BDE8F08300BF73B5012A0446224843
S2140255D09DF8185000EAC11123F07C4007D9961EA8
S2140255E0012E28D9073303F07F03194308E09DF8FC
S2140255F01C300A43DB0603F0C053134343F06041FA
S2140256000023C4E900108DF80730B5B120222146E8
S2140256100DF1070010F057FE1A220DF10700211DAA
S21402562010F051FE63689DF80720082043EA826363
S214025630636002B070BD1143E2E71B220DF1070062
S214025640214610F040FE23689DF80720042043EA16
S214025650C2632360EDE700BF80FFFF0738B5094B42
S2140256600D46002104461A6811F00BFD00234FF088
S214025670FF322361A260E3822383A376C4E9002576
S21402568038BD00BFC48503000138C0B205289ABFE2
S214025690014B185C01207047108C03002DE9F04185
S2140256A00E46596888B007461546490A002401295D
S2140256B022464FEA510104F10104F8D8DC7852037D
S2140256C099784FF0000824031B88C9020DF10700E1
S2140256D004F48054C3F30A0301F4006192B28DF815
S2140256E007800C4302A923449C18254B1B220393D4
S2140256F025F07843ED436FEA0444029310F0E3FD8D
S2140257009DF8072025F07845029B02A90DF10700B7
S214025710029543EAC2631B228DF807806FEA14449F
S214025720049310F0D0FD9DF8072007A9029B06F10E
S2140257301000079443EAC263012205934FF0FF3339
S2140257400693BB6998470446BB6905A9012206F180
S21402575008009847404518BF0446BB6904A90122C1
S214025760301D9847404518BF0446BB69012203A96D
S21402577030469847404508BF204608B0BDE8F0814D
S21402578001009AB21046044A1368591E033102D821
S2140257900021116018477047C00B0020034B1868A1
S2140257A0034B002808BF1846704700BF1824002085
S2140257B0408C0300014810F095BF00BF2024002053
S2140257C013B50B4C0229226005D10A4810F08AFF55
S2140257D0002002B010BD0A4600930146064B05485B
S2140257E010F062FF003818BF01204000F1E700BF4A
S2140257F0C00B00202024002085570200014810F02C
S21402580084BF00BF202400200021014810F09FBF63
S2140258102024002008B5064B1B68013305D0FFF78D
S214025820EDFF80F00100C0B208BD0020FCE700BF1B
S214025830C00B0020F8B50D4610B900242046F8BD6E
S2140258400E4F3E68002EF8D100F0A2F8044600285B
S214025850F3D0386000F0E8F8204610F02AFE38B19F
S21402586030463E6000F0E0F8204610F01DFEE4E709
S214025870002DE3D02046A847E0E700BF1C24002006
S214025880024B1868003818BF012070471C240020FD
S21402589038B50C4601F088FFA3780B4A13705A1EDF
S2140258A055425541A8420CD0012B04D02846BDE8EB
S2140258B0384001F05BBF204601F02AFF0028F5D0F1
S2140258C038BD0020FCE700BF402A00200021024B22
S2140258D008465B68184700BFD40B002010B5044684
S2140258E0FFF75CFF0C4B1A1A53425341A34201D1F5
S2140258F0012010BD094B1B683BB9094A064B002C18
S21402590008BF1346074A1360F2E710F0DBFF0028D1
S214025910F3D00020EDE700BF188C03001C24002003
S214025920408C03001824002010B511F0BCF8044681
S21402593018B9034B01215B689847204610BD00BF8B
S214025940D40B002010B511F0B7F820B9BDE810400E
S214025950014B1B68184710BDD40B002010B510F081
S21402596023FE20B9BDE81040014B1B68184710BD46
S214025970D40B0020431E033306D8044B984228BF9C
S2140259801846642838BF6420704700BF40420F00A4
S214025990F8B5054608F050FA07460F4B1E6826B9BA
S2140259A0384608F04DFA344611E0B4688CB194F8E3
S2140259B010C01CF0010F0CD14CF0010C95E80F0042
S2140259C084F810C084E80F00384608F039FA2046FA
S2140259D0F8BD3668E3E700BFC80B002038B50546B9
S2140259E00C4641B10B6833B11B68013303D0CB6858
S2140259F00BB18B684BB911F016F9BDE838404FF47D
S214025A0092724121002000F0C9B9084602F09CFEBD
S214025A100023044A85F81031C5E93043C2E9003351
S214025A2038BD00BFA80F002010B5044618B9054BB4
S214025A30054A136010BD00F0E5FED4F8CC30002B0A
S214025A40F6D1F4E791640300C40B002010B50C46AF
S214025A5000F016FF054B002103205B6898471CB137
S214025A6002F02EF80128FBD110BD00BFD40B002097
S214025A7008B502460868FFF77DFF08604868FFF72A
S214025A8079FF48608868FFF775FF8860C868FFF787
S214025A9071FF0B69C860581C03D00B48834228BFAD
S214025AA003460B614B69581C03D00748834228BF44
S214025AB0034688694B61FFF75DFFBDE808408861D1
S214025AC0104601F0A9BD00BF40420F002DE9F84F75
S214025AD0D0F8C43006460F4613B1038B8B4244D02F
S214025AE0D6F8C0B0BBF1000F42D0DBF80830002B6E
S214025AF03ED0DBF80C1000293AD0D6F8D4A0BAF182
S214025B00000F38D04FF000094D46C84601E0DBF8DA
S214025B10083005EBC50203EB8204E3890135BB427C
S214025B2014D8238ABB4211D3B4F91220B6F9243012
S214025B30934250DD304696F80411EFF743F9737D31
S214025B4081468342A04606D9DBF80C108D42DED38E
S214025B50B8F1000F39D00023424630461946D047E6
S214025B603783C6F8C48086F80D910020BDE8F88F0A
S214025B700320BDE8F88FD14647F6FF7554465246D5
S214025B8004EBC40803EB8808B8F80E30BB4216D8FC
S214025B90B8F81030BB4212D3B8F91220AA4202D18A
S214025BA04FF0FF09DCE7304696F80411EFF70AF9E2
S214025BB0737D81468342D3D94246DBF80C1001340A
S214025BC0A14204D9DBF80830DAE70120CEE7002A42
S214025BD0FBD09046C4E7A046BDE700BF2DE9F047DC
S214025BE082B004468946164601F018FF002847D1BF
S214025BF03B4D2B68D4F8C0A0D4F8C4700BB1534503
S214025C004FD04FF00008C5F8089001F059FF012860
S214025C103AD12B68DAF800103A6813B1186888424D
S214025C204AD0204610F00CFFC5E900A7D4F8D4509D
S214025C308DF80760002D46D00022204611460DF151
S214025C400703A847204601F0A3F90546B8F1000F5E
S214025C5000D08EB1B5FA85F040F2DE32332140092B
S214025C6000F09CF83146204601F09AFB1D4B054693
S214025C70394620461B689847284602B0BDE8F0879A
S214025C800023174D6B60B4E7012000F0F9FD164BB8
S214025C90002103205B68984701F012FF0128FBD120
S214025CA0B7E76B68002BACD0BB42AAD1AB6899456C
S214025CB014D04FF00108A6E7696811B1096891424D
S214025CC0B2D05968ADE7617D94F80D3132469942FB
S214025CD028BF1946204601F0E1F8B3E70025CBE7D6
S214025CE0A80F0020C40B0020D40B0020F8B50E46E7
S214025CF0054608F0A1F8314607462846FFF7E6FEB5
S214025D00044620B1384608F09BF82046F8BD01F05C
S214025D106DFE224631462846FFF760FF04463846A7
S214025D2008F08EF82046F8BD13B50446694610F012
S214025D3072FC204610F0F9FDFF28024606D02046E7
S214025D409DF80010EFF7BCF802B010BD0048FBE764
S214025D500080FFFF4FF4007307B50A490DF10602F3
S214025D60ADF8063010F073FCBDF80630B3F5007FD0
S214025D7005D1022808BF002003B05DF804FB01200D
S214025D80FAE700BF38240020024B1960024B186065
S214025D90FEE700BFCC0B00203826002008B550B91D
S214025DA00548064B01601A60054B1A68054B1A60D7
S214025DB01868FFF7E9FF08BDCC0B00203C26002040
S214025DC01C24002038260020054B1B680BB91846F9
S214025DD07047834201D01B69F8E70120704700BF75
S214025DE044260020094A13680BB9184670478342B6
S214025DF007D11B6901201360054A1368013B136033
S214025E00704703F110021B69EEE700BF442600202C
S214025E10402600202DE9F74F064608F014F8DFF872
S214025E202881012398F800B0DFF820910190BBF199
S214025E30000F06D089F8003003B0BDE8F04F08F036
S214025E4008B83F4F88F8003089F800B010F0CDFC53
S214025E5008B110F0C8FC3D683A495DB9DFF8F0A019
S214025E60DAF800200024AA423B682FD84FF0FF3110
S214025E7034483BE06B7D8BB12B68B34202D09A1B51
S214025E808A420BD96A6813442B60AB68003A18BF83
S214025E900122003B18BF01236A75AB752D69DCE74A
S214025EA0907D20B1107D88429CBF0146144612693F
S214025EB0002AF5D1002CD9D0D4E90001A275411AE6
S214025EC0D4E90232204698470135C9E71A46FF212F
S214025ED0EEE75A7D4AB11A68B24224D0921B824239
S214025EE021D8914201D311461C461B69002BF0D1E2
S214025EF05CB12046FFF776FF38B13B683C60236111
S214025F00DAF800300133CAF800303B685A7D6AB9C5
S214025F1010F067FC064699F80030002B94D10198E1
S214025F2088F8003088E71C460021DEE7186800F093
S214025F30D3F8044610F055FC0646002C84D1EAE756
S214025F4044260020FCFFFFBF422A0020412A0020F0
S214025F504026002038B5054608B31822002111F065
S214025F6090F807F070FF02462846FFF72DFF20B193
S214025F70104607F06EFF022038BD0A4B1C6854B963
S214025F8009491D600B68104601332C610B6007F04F
S214025F9060FF2046F0E704F110032469EFE70120D2
S214025FA0EAE700BF442600204026002038B5044613
S214025FB0FFF70AFF07F047FF05462046FFF704FFF4
S214025FC0637D23B9284607F044FF032038BD00232B
S214025FD06375064B1B68A34203D110F002FCFFF761
S214025FE019FF284607F035FF0020EFE74426002079
S214025FF02DE9F84FDDF82890984604460D4692465D
S214026000FFF7E2FEDDF830B007F01DFF074610F09E
S214026010E8FB06462046FFF7D7FE637D23B12046FF
S214026020FFF7C4FF0023A375BAF1010F23D175B998
S214026030B8F1000F21D1B9F1000F03D05A4631460C
S2140260402046C847384607F004FF002019E03544CA
S2140260500D4BAA1B9A4210D8012363759DF82C306B
S2140260603046C4E90058C4F808902375C4F80CB04A
S214026070FFF7D0FEE6E7AE42EAD1384607F0E9FE81
S2140260800120BDE8F88F00BFFCFFFFBF2DE9F041FD
S21402609007468846FFF798FE07F0D5FE3D68064697
S2140260A010F09FFB7B7D7BB185420DD0094B2C1AED
S2140260B09C4209D8304607F0CCFEB8F1010F08BF63
S2140260C025462846BDE8F081304607F0C2FE002588
S2140260D0F7E700BFFCFFFFBF08B50023044A1946D6
S2140260E000F086FD10B1012818BF032008BD00BFCE
S2140260F0AD6703000E232DE9F74F06460F461446FA
S21402610000254FF00609DFF854801370EBB209FB46
S21402611003F3D8F80010CA185079012807D9207856
S214026120A0F10E035842584103B0BDE8F08F31F992
S21402613003B01179B2F902A030460022019110F0A4
S21402614019FB019908B90135E0E72170B7F900306B
S2140261505B45F8DB5345F6DC0020E5E7D00B002074
S214026160014910F044BB00BFD17C0200014910F087
S2140261703EBB00BFA57C020070B5164E032804463F
S2140261800D4633781ED023FA04F202F00102AA4228
S2140261901DD053B10122A240A54023EA02032B439D
S2140261A0DBB233704BB1012070BD2DB10A4B01201A
S2140261B01B6898473378EDE73570074B00201B685D
S2140261C09847F0E79A07DED003F0FC03E9E70020E1
S2140261D070BD00BF442A002084260020F8B505467C
S2140261E00C4607F029FE104F06463B7833B1012DC8
S2140261F004D01CB90D48F1F703FB3C702146284633
S214026200FFF7BAFF0A4B04461B783BB93B782BB91B
S21402621010F047FC10B1074B1B689847304607F052
S2140262200FFE2046F8BD00BF452A00205826002053
S214026230442A0020D40B0020054A0B46117831B1BF
S21402624000211170034A01215268187810477047DE
S214026250452A0020D40B002038B5074D04462B787B
S214026260834207D001F016FC20462C70BDE8384069
S214026270F0F728BE38BD00BF432A002038B50446D2
S21402628080B107F0D9FD012104460846F0F7BAFDB1
S21402629001210B4A084608F019FD2046BDE83840A1
S2140262A007F0CEBD07F0C8FD054621460120F0F7EF
S2140262B0A9FD01202146024A08F008FD2846EDE71E
S2140262C0868C03001B4B022910B5187002D00329D6
S2140262D004D010BD184B1B78002BFAD1FFF7D0FA6A
S2140262E00028F6D04FF00052144BC3F88020BFF3BC
S2140262F04F8FBFF36F8F01F0A5FB0028E9D001F0A6
S21402630017FA0028E5D10E4B1C6834B1236898476B
S214026310BDE81040002001F0B1BB10F0C1F9094BF6
S214026320186008F05FFD084B1860204601F092FBEB
S214026330EEE700BF0D0D0020432A002000E100E03A
S214026340A4260020802600207C26002038B504469D
S2140263500D46FFF795FA80B14FF00052124B1A60C5
S21402636001F070FB48B9012D07D8012001F086FB29
S2140263700E4B1B6823B15B6898470D4B1C7038BDEB
S21402638008F030FD0B4B1A68801A1860F1F736FBDE
S2140263904FF47A72084B1B6802FB003010F082F949
S2140263A0012001F057FBE8E700E100E0A426002008
S2140263B00D0D00207C26002080260020F0B585B03A
S2140263C007F03AFD304D04462B7823B12F48F1F7FB
S2140263D017FA00284BD1F1F7A5FA02AA03A910F082
S2140263E04AFB0346002833D010F059FB029B984222
S2140263F01ED10020264B03991B68264E9942307008
S21402640022D90027C91A012320482B70224A334674
S214026410CDE9007708F09DFC002830D11F4A13789A
S214026420D90718D4204607F00BFD002005B0F0BDB2
S21402643010F033FB029B98421FD0002318461449E3
S214026440144A0968137003910121FFF795FEE9E7E4
S21402645020462B70E7E731780029E3D103F0FE03EC
S2140264601370002BDED10E4B1B689847DAE72046E6
S21402647007F0E6FC032005B0F0BD0220BAE70323CE
S21402648020462F703370F3E7452A00205826002056
S214026490782600200C0D002039620200442A0020D3
S2140264A08426002070B507F0C7FC164D04462B78EC
S2140264B00BBB154A15491370154B164A16481A6037
S2140264C0164A174E5A60F0F731FD16491648F0F78D
S2140264D02DFD164B80203360EDF750FB052804BFD8
S2140264E0134B3360134B5B6F9B0542BF0222124B6A
S2140264F01A6001232B70F1F769F8204607F0A0FC1A
S214026500002070BD462A0020452A00208C8C0300FD
S214026510D40B0020BD63020048260020DD61020085
S21402652084260020948C0300502600205962020024
S2140265307D620200004000507826002037B50C46E7
S214026540234D59B90A46072105F07EFD214BAC645E
S2140265505C6003B0BDE8304005F094BD07221146EA
S21402656005F072FD07221C4B0121DA60237901A88F
S21402657085F848306379019310F03DFC019BC2B266
S214026580D34000F00F0040EA031085F84900A279D4
S21402659085F84A20E27985F84B202068E864019362
S2140265A09BB1012102888B4208D82379013B134410
S2140265B00A4A136205F066FD03B030BD30F811508A
S2140265C00131AA4228BF2A46EDE71A46EDE700BF88
S2140265D0003F00B0483F00B0006000B8004000B87E
S2140265E010B5054C237823B103F086FB00202070FB
S2140265F010BD0320FCE700BF482A002008B503F0C0
S21402660049FB0122014B00201A7008BD482A0020CF
S214026610431C07D06FF0FF02034B10405A62A3F5EB
S21402662080535862704700BF00E000B810B50423DC
S2140266304FF03A4101240A4AD1F81801C2F818313B
S214026640C2F814314C634FF400511163410742BF44
S214026650C2F81431A2F58052C2F8183110BD00BF3C
S214026660002000BA00F01803182B0AD003070AD439
S21402667040F2011310F0100018BF1846034BD867FB
S21402668070470020FAE70120F8E700BF003F00B09D
S214026690344B2DE9F7431E6801F4007900F001033C
S2140266A0174653EA090205460C462ED04FF000085C
S2140266B003B30023002201200021CDE9008804F064
S2140266C003FB4146304603F09DF8414670830120A5
S2140266D0FFF7BCF9716B06F1D80003F00DF92249F9
S2140266E00868FFF795FF4FF0FF330B60337C43F0EB
S2140266F004033374B9F1000F07D0012130460FF0BE
S2140267008EFF24F4007405430C43D6E94A232A403C
S214026710234052EA030103D01449304609688847E9
S214026720FB070FD51249134A086800211368116047
S2140267300121114A117003B19847104B0021022023
S2140267405B68984717F00E0F08D040F2F3123B2111
S214026750002003B0BDE8F043FFF720BB03B0BDE85E
S214026760F08300BF1C240020DC0B0020E00B00207E
S214026770982600209C2600204A2A0020D40B0020BF
S214026780F7B504461046D4E94AC7DDE908268CEA7E
S214026790020587EA06010540194085EA0C0579409C
S2140267A0C4E94A51002523F4004106EA010320F019
S2140267B0010043F40073024043F00203CDE90055A2
S2140267C004F082FA237C9A0717D5D4F82C319B055D
S2140267D013D54FF4881120460FF021FF237C65F372
S2140267E041032374D4E94A2302400B4052EA0301D0
S2140267F003D00349204609688847002003B0F0BD4D
S214026800E00B002038B10368044A002B08BF134689
S214026810034A13607047014BFAE700BF9368030010
S214026820E00B0020024B986E00F00F00704700BF8E
S214026830003F00B00F2938B505460C460ED801F0C9
S2140268403FF901280CD1074A2846936E23F00F031E
S2140268502343936610F040F9002038BD0120FCE780
S2140268600220FAE7003F00B0014BD86E704700BF27
S214026870003F00B0014B0020D9667047003F00B0D1
S21402688003282DE9F7434CD8274B13F80080274BF3
S2140268901E5C274B13F8009007F0CEFA074604F06A
S2140268A0E1FB054640B100230022CDE9003301207A
S2140268B00023002104F008FA04F0DCFB48B10023B0
S2140268C00022CDE90033002000234FF4004104F0FB
S2140268D0FBF926B3174BDC6C04F00804164B314662
S2140268E0DC64404604F0D4FD4A463146404604F095
S2140268F059FE124BDC6465B1114B1868416BD830F7
S21402690002F0FAFF0F490868FFF782FE4FF0FF33E6
S2140269100B60384603B0BDE8F04307F091BA344640
S214026920DCE703B0BDE8F083A48C0300A08C030070
S2140269309C8C0300004000B8006000B8005000B80D
S2140269401C240020DC0B00200F4A136C13F0A00F4F
S21402695015D1506C10F0040013D10C4BD3F8EC3E5A
S21402696023F07F4323F0FF035BB1D368C3F30362D4
S214026970092A07D0B2F10C0018BF01207047002088
S21402698070470120704700BF000002B8003000B018
S21402699070B504460D4616462BB1FFF747FE29464C
S2140269A0204601F087FA4FF03A420124D368D26AB1
S2140269B003F0070306339C40C2F30C03E41AA4B2A6
S2140269C0B44228BF344629462246024801F0BCFBA0
S2140269D0204670BD0C0000BA70B50D46064620B9BA
S2140269E0194B1B68A3B1032011E001F069F80128D6
S2140269F028D1164B93F90040C4F12704641BC4F156
S214026A001C03002BB8BF5B42232B0CDD012070BD9C
S214026A10A1F10B03002BB8BF5B42232BF6DC0B4B1A
S214026A2019700020F3E7B57407F006FA084AE40284
S214026A30136A04F4FF2423F4FF231C43146207F0B2
S214026A40FFF9EEE70220E2E71C240020472A002096
S214026A5000C000B8094B08465A6A91020BD4D3F814
S214026A600021D20708D4D3F8803013F4706F14BF15
S214026A700120002070470120704700BF004001B887
S214026A80F8B50D46436B02EA010423EA01032343E9
S214026A9043633D4A01F00B0323EA0401D164234019
S214026AA0A2F580526F070646D36410D50121FFF780
S214026AB0D1FF60B104F08EFC4FF4007314F0040FA3
S214026AC014BF324A324A53620422324B1A64E9062F
S214026AD006D514F0100F14BF00221B222E4B5A6547
S214026AE02A061DD5230616D54FF40012274B1A6226
S214026AF0012203F58053C3F8002107F09DF90E2109
S214026B000746032002F044FE40F20122224B38469A
S214026B10DA6207F095F9214606F1D80002F0ECFE9B
S214026B20EF0503D5E00529D502F002FEA90503D537
S214026B30A20526D502F008FE15F0600F09D0D6F899
S214026B40C81030460FF0A6FE8022144B9867144BEE
S214026B501A612B0510D504F03DFC124A14F4006F9E
S214026B60D2F8EC3E14BF43F0006323F00063C2F891
S214026B70EC3E0422074B1A640020F8BD02F0D2FD58
S214026B80D4E702F0DBFDD7E7006000B8005001B89A
S214026B90006001B8002002B8004000B8003F00B014
S214026BA0000002B8003000B0014B1868704700BF02
S214026BB09426002037B5012300240022CDE90034B4
S214026BC000231046194604F07FF8022002F05AF914
S214026BD0054D064B21461C6002206B6898472B68C1
S214026BE003B0BDE830401847D40B00209C26002096
S214026BF02DE9FF4102290C4615469846039005D119
S214026C00FFF7D8FF002004B0BDE8F08107F014F9C2
S214026C10184E074633683BB1AB4205D007F010F971
S214026C20002301203360EEE7134B0022C3F80080F6
S214026C3001233560CDE900330023002510461946AE
S214026C4004F042F80D4B02201D7002F01BF922469A
S214026C502B4603A9022002F033F90446084B039A96
S214026C601A60084B1B689847384607F0E9F8002C6C
S214026C70C8D1D5E79C260020982600204A2A002064
S214026C8094260020D40B0020044B5B6E5B054EBF9F
S214026C900120034B187800F00100704700C001B8CD
S214026CA04A2A0020014B186A02F084BD004001B84F
S214026CB0014B186A10F039B8004001B8437C5A1FDD
S214026CC0012A01D9082B05D14B7C2BB1012B05D00B
S214026CD0022B05D00FF009BE0248704702487047E3
S214026CE00248704720A1070048E8010040420F0012
S214026CF070B50E4607F0A0F8054600F005FF0446FC
S214026D0020B1284607F09CF8204670BD04F062FBCE
S214026D10104B3278D3F8EC3E022A23F0F00315D05B
S214026D20101F42424241520043EA02137278022A7C
S214026D300ED0111F4A424A41520043EA8213054AC4
S214026D40C2F8EC3E0422044B1A64DAE70122EBE7AF
S214026D500122F2E7003000B0002002B870B50E46FD
S214026D6007F06AF8054600F0E5FE044620B128461C
S214026D7007F066F8204670BD04F02CFB104B327804
S214026D80D3F8EC3E022A23F00F0314D0101F42421F
S214026D904241520013437278022A0ED0111F4A4211
S214026DA04A41520043EA8203054AC2F8EC3E0422F4
S214026DB0044B1A64DBE70122ECE70122F2E700BF8C
S214026DC0003000B0002002B82DE9F8430E780446E1
S214026DD0042E0D4690F804810BD100275FFA87F93E
S214026DE0484601F0FFFC08B14E4602E00137042F88
S214026DF0F4D1304601F0F6FC002845D094F8043170
S214026E00B34208D1AA88A36C9A4204D16A88B4F81D
S214026E1006319A4235D084F80461AB883046A4F82D
S214026E2008316B88A4F80631AB8804F58275A36432
S214026E30FF23A3750FF0FDFE6075284601F092FC55
S214026E4018BB284601F0C4FCF8B9D4F8C43053B1D4
S214026E5094F80411414506D02046B3F91220EDF706
S214026E60B1FF84F80D01204601F0FEFC0949A4F8A2
S214026E7008010123084AD1F8FC1004F1D80003F0F7
S214026E8011FD0020BDE8F88301200E2384F80431AA
S214026E90F8E700BF004F00B0A43F00B070B505464B
S214026EA090F804010C460E281DD0FF291DD01AB1F9
S214026EB04FF0FF320E4B1A600FF0BBFE064695F8F7
S214026EC0040101F0C3FC844228BF0446E4B2B44283
S214026ED038BF3446E0B2A87501F0BAFDA0F1FF0350
S214026EE05842584170BD0220FCE70120FAE700BF75
S214026EF0E40B002010B590F8043104460E2B3ED069
S214026F00D0F8C4304175BBB3D0F8D420DAB990F8C3
S214026F100D318B421DD300222046FFF7BFFF88B9F2
S214026F20184B1B7813F0FD0F0BD1204601F09CFC8A
S214026F3015490123154AD1F8FC1004F1D80003F0D4
S214026F40B1FC002010BDB0F92420B3F912309A42E9
S214026F50E1DD0022204694F80D11FFF79FFF00287E
S214026F60F0D1C4F8C40020460FF0E7FA01462046E6
S214026F70BDE81040FEF7BABEFF238375E1E70220A4
S214026F80E0E700BFEE0C0020004F00B0A43F00B0C8
S214026F90C36B012B01D10020704770B505464D49E1
S214026FA08EB00FF083FED5F8C46001462C8BC5F870
S214026FB0C80026B1336813B15B68002B5CD106F0BB
S214026FC03BFF06F03DFF0123D5F8C8108DF80E30C2
S214026FD0B389D6E90120E31A9BB200FB03223E489E
S214026FE0ADF80C3003680292994207D028460FF09B
S214026FF051FC802239493A4B88671A61394C384E1F
S21402700000F05EFD0128FBD1236CDA07F8D4336C5E
S214027010DB01F5D4D5F8C81028460D919DF80E2050
S214027020029908AB03F032F918BB08A901A803F0CD
S21402703045FBF0B92A8B2C4B5A642B7C60F3410338
S2140270402B740FF080FDD5F8C43002465B691968D0
S214027050431EDBB2FD2B049114D9CC1C12D9234B50
S21402706001311B6815D0D81C10D8284604A90493F1
S2140270700AE002200EB070BD1A68032A9FD99B6AE6
S2140270805B0EA3E7284604A90FF047FD00200EB0CA
S21402709070BDD91C04D8284604A904930FF03DFD00
S2140270A0D5F82C319B0504D42B7C43F002032B74B9
S2140270B0ECE74FF4803128460FF0B1FAD5E94A23BF
S2140270C002400B4052EA0301E0D00949284609680B
S2140270D08847DBE7FC4F00B088260020003F00B060
S2140270E0000002B800C002B8008001B8F00B002011
S2140270F0E00B002038B590F8105104463DB306F078
S2140271009BFE1F22124B013D5A621540114A12493C
S2140271105562D4F814518D66D4F81851CD66D1F85C
S2140271200011C9070FD54FF0FF31C3F80411216CC7
S214027130C2F804114FF0F041C3F81011E37CDB06ED
S2140271400B40C2F81031BDE8384006F079BE38BDB3
S214027150006001B8005001B8004001B82DE9F74FB1
S21402716006461546084619B9012003B0BDE8F08F59
S214027170002AF9D0032904D8002101F02DFA0028AC
S214027180F2D0B0F90010837800290488077990F8C5
S21402719005B0B0F806C003F00702C0F2CE80A2F136
S2140271A00708D8F1000141EB0801052A297394BFAC
S2140271B00021C3F30011C3F3801069739909287480
S2140271C001F00201C3F3C0000143C3F34013697424
S2140271D0AB74EF74736BA5F814C0D80600F19980EF
S2140271E0063A012A00F29580554B4FF001095B6D75
S2140271F04FF03A431A6DDB6C083C03F00703063384
S21402720009FA03F9002309F1FF3942F0005804EAAB
S214027210090418F804A0013404EA0904AB60631DEB
S21402722003EA09035A1C02EA090218F8037018F85E
S2140272300220BAF1800F737C18BFAAF1320A47EA1D
S21402724002270CBF6FF07F0A4FFA8AFA3FB2A3B347
S2140272500020D6F8D0300BB1514698470134E87377
S21402726085F80EA004EA090418F80410013404EAAA
S214027270090418F80430013404EA090441EA032137
S21402728018F80430013404EA090441EA034118F804
S214027290043041EA036117F4804305D0294BDB6EC4
S2140272A0B3FA83F35B095B0030466A7C03F0BCFBEF
S2140272B006232860AB71002057E7F90425D5D6F8D7
S2140272C0C830ABB11A68022A12D993F82400C7F361
S2140272D00B03DB0008B1B3FBF0F39B45B8D8002BD9
S2140272E0B6D0CBEB0B20B0FBF3F0C043C0B2B0E796
S2140272F029463046FFF7E2FC019030460FF0E5FAE9
S214027300019BB3FBF0F0C0B2E1E718F804004000BE
S214027310ECE700230020EB730B4BDA69C2F307237A
S214027320120448BF63F0FF035AB212F1800F1CBF6B
S214027330323B5AB2AA730346BBE7022015E700BFE8
S214027340004000B8003F00B000C000B870B54FF073
S2140273503A434FF480640A4DD3F818610020C5F80A
S2140273601841C5F8144104F0F9F84FF400532B679E
S214027370730542BF034BC5F81441C3F8184170BDEC
S214027380002000BA001000BA082310B1024A1364A3
S2140273907047024AFBE700BF001002B8002002B89E
S2140273A0F8B504460E4611B9037C5A0647D44FF682
S2140273B0FF73A18BD4F8C870994204D0344B1B6873
S2140273C00BB120469847334D2B68BB4254D0324B04
S2140273D01B683BB11FB13A68002A4FD0BF683946D6
S2140273E0204698470727204601F03EFA002E39D05D
S2140273F004F048FE0620294B94F9122093F9003037
S2140274002749C3F127039B1A0A6ADB0222F4FF22EA
S21402741003F4FF2313430B62D4F8C820214B2A60DF
S214027420986701F07DFB002501211F4A1F4B117052
S214027430204683F884500FF04FFB2846F8BD4FF6DF
S214027440FF71144DD0F8C8702A6866F38613974207
S2140274508183037417D0104B1B68002BBAD101F03E
S21402746003FA072712493B46124AD1F8FC1004F1E8
S214027470D80003F017FABBE70127B4E71746204601
S21402748039469847AEE701F0EFF90127EAE700BF71
S21402749090260020882600208C260020472A0020DE
S2140274A000C000B8006000B8492A0020003F00B0C3
S2140274B0004F00B0A43F00B02DE9F8430D4600F09F
S2140274C0FFFA0128044630D1194F3B7883B9284683
S2140274D0ECF7C4FC054610B9ECF70AFD2C463B78DF
S2140274E01BB10121022003F055F92046BDE8F883BE
S2140274F00021022003F04EF90FF0A7FB0646DFF844
S2140275003490DFF83480D9F8F4331B07DFD40FF059
S2140275109CFB801B404541F6A2224FF045018CBFE2
S21402752000200120FEF73AFCEDE70224DDE700BF6B
S2140275304B2A0020000002B83F420F0008B558222E
S214027540002106480FF09DFD1022FF2104480FF08F
S21402755098FDBDE8084004F095BD00BFF03E00B0BF
S214027560343F00B0002373B583746923C0F8E0305B
S21402757074234FF0FF350E26A0F8F4306423044639
S214027580C0E93933C0E93B33C0E9075580F80461E6
S21402759085644575C58203F075FD2046FFF7CEFF6C
S2140275A094F912102046FFF717FA6023114A40F6A4
S2140275B0FF71D3644FF03A42116311670E4A2946AF
S2140275C0D36440220D4B20461A64626BFFF758FACA
S2140275D0002240F2022310461946CDE9006603F067
S2140275E073FB01F013F9204602B0BDE87040FEF7C7
S2140275F0B1BB00BF004000B8005000B8002002B87F
S214027600044BD3F8EC3E13F0806F14BF2320002007
S214027610704700BF003000B00246F8B5B0F8084127
S21402762000F1D805FFF7ECFF0B688E68013304BF44
S214027630D2F8E0300B604B68013304BFD2F8EC306E
S2140276404B60771C37D1D2F8E830CF688B607E1C4F
S21402765038D1D2F8E4600F69CE60013704BFD2F8A1
S214027660D8700F614F69013704BFD2F8DC704F61E2
S2140276708F69013704BFD2F8F0708F618F6947BBFC
S214027680C0F1640408688C61C2F8E8304B68C2E94D
S2140276903806C2E93B340B692846C2F8D8304B6933
S2140276A00F49C2F8DC30D1F8FC1007230D4A03F06C
S2140276B0F9F80020F8BD04F169031B1AB34238BF7B
S2140276C03346C2E704F17406361ABE4238BF3E4657
S2140276D0C1E76934241ABC4238BF3C46D2E700BF31
S2140276E0004F00B0A43F00B038B50446074D21460F
S2140276F02868621C003818BF012002F0BBFA2B680B
S2140277000020003B18BF0123A37038BDA02600202E
S21402771038B5054C054B417800782568236002F0A1
S214027720FBF900B1256038BDA0260020B08C03000E
S21402773070B506F081FB05460B4E00F0C1F9012834
S21402774004D0284606F07CFB022070BDF36813F0D6
S214027750706FF2D1F46814F08054EED1284606F029
S2140277606FFB2046F1E700BF000002B80A4B10B5D7
S2140277701B68044673B1094B48B10121084A1A60D6
S214027780022003F007F80020064B1C7010BD0146CD
S2140277901860F5E70220F9E7A0260020A4260020BC
S2140277A0A88C03004B2A0020014B1878704700BFB4
S2140277B04B2A002038B506F03FFB4FF6FF710A4A07
S2140277C013888B4203D106F03BFB032038BD074CDF
S2140277D0074D1B046566A4F580546366118006F0A7
S2140277E02FFB0020F2E700BFEC0C0020006001B87F
S2140277F00000FFFF2DE9F34105460F461446FFF74A
S214027800A3F890B1DFF8E08102F0B0FFD8F81430A8
S214027810DE0740F1CE8006F00FFB0646032001F09D
S21402782055FC38B1304606F00BFB0226304602B055
S214027830BDE8F081D8F8143013F0060FF2D13046C6
S21402784006F0FEFA5C4B4FF400612846D3F8EC8E45
S214027850D3F8CC6E04F00CFC38B14FF40072012160
S214027860564B08461A64FEF7F1F839462846FEF7E4
S2140278703DFA514BC3F8CC6EC3F8EC8E0646002890
S214027880D4D12B7CD80601D4002C55D0C4F34000AA
S21402789003F066FD022314F4807F1FBF484A0021CE
S2140278A013644FF03A420BBF444A91611364536328
S2140278B003F090FD4FF4806314F0040F14BF414AA6
S2140278C0414A14F0400F53624FF004023B4B2046ED
S2140278D01A644FF0400314BF3C4A3D4AC2F888304F
S2140278E0FEF7C0FE28460FF027F838B14FF4807333
S2140278F014F0010F14BF324A304A1364A10642D56F
S2140279004FF6FF726B8C93420FD0324A3249526E58
S214027910100CC2F301120132B3FBF2F30880294ABB
S21402792029492E481B0448665366003C18BF0124AA
S2140279302B7C64F304132B7428460FF0CAF8F0B1BC
S21402794028460EF0F9FFD0B14FF40031284604F075
S2140279508FFB431C03229BB2214801A90FF029F991
S2140279609DF8042002F00703052B9DF8053013D17D
S21402797012070BD443F480731A4AC2F8D43000209C
S2140279800FF054F952E7FFF715FFCEE713F0040F96
S21402799009D19DF80630EDE703F03002202A05D122
S2140279A013F0010FF4E74FF48073E5E79DF8063015
S2140279B0E2E703263AE700BF003000B0002002B834
S2140279C0001002B8005001B8006001B800D000B83C
S2140279D000E000B8004001B8EC0C00200000FFFFF9
S2140279E00C0000BA003E00B000C001B808B5094B52
S2140279F0D3F84C315A1C0CD05B000AD40320FEF795
S214027A003FFF4FF08062044BDA6401225A61022281
S214027A109A6208BD0080E00F001002B84FF4002200
S214027A20034B186C03F500531A64C0F3C04070474A
S214027A30000002B8014B024A1A6070478C260020EA
S214027A403D650200024B586900F00100704700BF16
S214027A5000C001B8084B5A69D10707D508B901F02A
S214027A60EDB95B69DA0706D401F0DAB95B69DB07C0
S214027A7001D40028F8D1704700C001B84FF08063E7
S214027A8010B1024A53617047014AFBE7001002B880
S214027A90002002B8202350B1064AC2F8F433064B3F
S214027AA0196C11F0020104D1032002F073BE034ADE
S214027AB0F3E77047001002B800C002B8002002B810
S214027AC00F4BDB68C3F30363013B0B2B0FD8DFE8D6
S214027AD003F006060C06060606080A080808022030
S214027AE07047042070470520704703207047054BF7
S214027AF05B6913F0060F0CBF01200420704700BF1D
S214027B00000002B800C001B8094AD368C3F3036391
S214027B100B2B08D06FF49050184100F0010080F053
S214027B20010040007047106C10F48030EDD17047B1
S214027B30000002B80C4AD368C3F30363062B07D8C7
S214027B40042BD8B20BD8C31E584258414000704787
S214027B50072B06D1D2F844010028ECD17047022048
S214027B6070470020704700BF000002B8F0B5CF078C
S214027B702BD5002A14BFAA2555250E461E24154FBE
S214027B8001F0030383F001033B449B7806F0070CE5
S214027B9017F80CC0013C63444FEA5606F6D10E4E67
S214027BA073436FF481769B0C334482B991FAA1F148
S214027BB095FAA5F54A082D0F490042EAC57201F06A
S214027BC00204C474C0E91023F0BDAA25D5E7034A0F
S214027BD0F7E700BFC48C030036FC1000B756351218
S214027BE030B547F6FE74164BC3F83042456C04EACD
S214027BF04504144DC5F830420F245C66CC071CD5EC
S214027C00DAB901246C664FF0FF34C3F80441056C00
S214027C100C4CC4F804514FF0F045C3F81051C37C25
S214027C20DB062B40C4F8103132B14FF03A43022241
S214027C30C0F88010C3F8F42030BD0224E2E700BF8B
S214027C40006001B8005001B813B5437C0446033BFC
S214027C50DBB2072B96BF104A0021D15CFEF70AFE64
S214027C60012001F057F84FF4F0620C4BDA644FF43F
S214027C700072A3F58053DA64637C053B012B08D8B7
S214027C800421074B01229B6E0DEB0100019300F0CD
S214027C9021FB02B010BD00BFBC8C0300006000B820
S214027CA0004001B8012310B580F8F6302823C0F84A
S214027CB0DC30042304464374044B19680EF007FCB8
S214027CC02046FFF7C1FF002010BD00BF088D03004D
S214027CD0012310B580F8F6302823C0F8DC300223E2
S214027CE004464374044B19680EF0F1FB2046FFF776
S214027CF0ABFF002010BD00BF0C8D0300012910B59C
S214027D00044604D90239012914D9032011E00B4B89
S214027D1019680523012284F8F6204FF4BC726374B6
S214027D20C4F8DC2020460EF0D2FB2046FFF78CFF7C
S214027D30002010BD024B19680623EBE7048D0300F2
S214027D40008D0300012310B580F8F6304FF4BC73A3
S214027D50C0F8DC30082304464374044B19680EF05E
S214027D60B6FB2046FFF770FF002010BDFC8C030018
S214027D7038B5184B04461D6845B1EB6833B1286820
S214027D8001F016FCAB68186801F012FC124B1B6877
S214027D902BB1DA681AB19B68186801F009FC0F4B20
S214027DA01B682BB1DA681AB19B68186801F000FCF0
S214027DB00B4B1B682BB1DA681AB19B68186801F086
S214027DC0F7FB2046FFF784FF2046BDE83840FFF762
S214027DD03BBF00BF0C8D0300088D0300048D03001B
S214027DE0008D0300F8B5D0F8143104468B420D46D8
S214027DF0164603D190F81031202B0ED03246294673
S214027E002046FFF7B3FE202384F810310023C4F87F
S214027E101451C4F81831FFF76DF94FF00077074B8D
S214027E2032461F6429462046FFF7DAFE8022044BBC
S214027E301A6103F500531F64F8BD00BF001002B8B4
S214027E40000002B8072330B5124D134CEB63134BF8
S214027E5069B1442140F04000596398630123E3630B
S214027E604FF4804392B1C4F804310A4A07E05963DA
S214027E7099634FF48043084AE163C4F80431C2F8B8
S214027E800831C2F80C31C2F8103130BDC5F80431E1
S214027E90EBE700BF006000B8005000B8004000B832
S214027EA0034BD3F8F80780F00070C0F340607047C9
S214027EB0000002B810B5407CA0B1304BD3F8B82011
S214027EC012F0060F01D004280DD94FF470622C4B25
S214027ED0DA604FF48072A3F58053DA600022274BF3
S214027EE0C3F8B42010BD02F0020412F0040202D05D
S214027EF00B789B0637D4002C39D00B7803F00F038F
S214027F00072B34D14B78022B31D98B7813F03E0FE6
S214027F102DD0CC7814F0040F29D014F0010F0CBF2A
S214027F2004230A23A40748BF0633CB5CFBB1002A0E
S214027F3014BF02220122042840F6FF7003F01F013C
S214027F4008BF4900013940EA01310E4801654FF485
S214027F5070600B491202C860A1F58051CA60074AD8
S214027F60C2F8B430BEE7002CC7D18B7823B9002301
S214027F70044A13650122EAE70222DCE7003E00B06B
S214027F80006000B8004000B80A68064B12F0802F66
S214027F901CBF42F20101C3F82812C3F88822C3F8B4
S214027FA08C227047004001B8F0B585B06C460E468C
S214027FB00B4B074615460FCB84E80F00094BD3F848
S214027FC04822009226B16B1EDBB2FD2B88BF3260C0
S214027FD02A46214638460EF0A0FD05B0F0BD00BF89
S214027FE0CC8C03000080E00F30B50823054685B030
S214027FF080B9094AC2F8FC3351B96C46074B0FCB1D
S21402800084E80F00064B2A4621461868FFF7CCFF85
S21402801005B030BD034AEDE7001002B8DC8C030061
S2140280201C240020002002B838B5044601F0D6F918
S21402803001213A20EBF772FDE0782179154A40EAF1
S2140280400143C2F8DC34E579A37943EA0543C2F872
S214028050E03423781BB100230422ECF7FBF96378A3
S2140280602BB100230422E179A079ECF7F3F9227808
S214028070012352B1084AC2F8D8346278022332B1D8
S214028080054A0020C2F8D83438BD044AF3E7034A4A
S214028090F7E700BF00C0035000D0035000E00350D3
S2140280A04FF03A43D3F81421D2031ED54FF4803250
S2140280B00E49C1F81421A1F58051C1F818215A6D54
S2140280C0D1B2C2F30722C3F8A410C3F8A420042234
S2140280D0C3F8A4200022C3F8A420C3F8A420C3F83F
S2140280E0A420C3F8A420C3F8A4207047002000BA36
S2140280F0F8B50D464FF03A441746064605F09CFE84
S21402810001230421074A6363E76026616561C2F8BA
S2140281101411054AC2F8843105F092FE0DB102230D
S2140281206363F8BD002000BA00E100E0054B0122BF
S21402813018604FF03A435A6740F6FF72D9641865E2
S2140281401A677047AC2600202DE9F0410546012447
S214028150006800F00700063004FA00F3A868EC682E
S2140281605E1EA04262D000EA060E6C6810441E43F1
S2140281700640A3EB0E000EEB040C8242644618D9AE
S214028180D31A0EEB030298B1431E052B04D94B1CDF
S214028190ACEB0303022B59D80B460844ACEB010E9A
S2140281A003EB0E0113F8014B83420C70F8D1014623
S2140281B06C688AB1531E052B01F1010302D9E01A3D
S2140281C0022812D80A44611E00E0013313F8010C9B
S2140281D0934201F8010FF8D105F02EFE0223AE609D
S2140281E0AB62BDE8F04105F02BBE0B46204622F0FE
S2140281F0030E8E4453F804CB734540F804CBF9D1F2
S21402820022F00303D01A920701EB030C04EB0307D8
S214028210E2D0CA5C0128E254DED09CF80130022883
S2140282207B70D9D09CF80230BB70D5E7042A35D9CA
S2140282300878043AA86148780431A86111F8020C5B
S214028240A86111F8010CA861A8688CE70B4620F01B
S21402825003070F44ACEB010E1C684EF803400433D0
S214028260BB42F9D120F0030310F0030F01EB030E1B
S214028270A0EB03040CEB030728D011F80380012CB3
S2140282800CF8038022D09EF80130022C7B7018BFB7
S2140282909EF80230084418BFBB7088E7013A032AEA
S2140282A012D8DFE802F00F1507020B4613F8012B6F
S2140282B01946AA610A4612F8013BAB61114611F84B
S2140282C0013BAB610B78AB61BDE8F08108446EE719
S2140282D00A46F3E738B50B46154601464FF03A44D0
S2140282E070B101221048C4F8F4201A46FFF72CFF9A
S2140282F025B14FF03A430422C3F8F420002038BDDB
S21402830073B1D4F8D8209A4284BF0122C4F8F4206C
S2140283104FF03A42C2F8D4300223C2F8F430E7E70C
S2140283200123C4F8F430E3E7CC0000BA10B505F038
S21402833083FD4FF03A4301225A67C3F8B420C3F8CC
S2140283408C20154A1549C3F890200722C3F8B0209E
S214028350134B04461A800023124A13804FF4A022BD
S214028360C1F81421A1F58051C1F818210E4A1360F4
S2140283700E4B1B6C5B020AD54FF480020C4B18683E
S2140283800C4BD8301A6450F8A41C01F0B5FA2046FB
S214028390BDE8104005F054BD40110020002000BA90
S2140283A0202900201E290020A8260020000002B84E
S2140283B01C240020002002B807220D4B01211A803F
S2140283C000220C4B1A804FF03A43C3F8F410C3F85D
S2140283D0CC204FF40052C3F8D000C3F8F020F022AD
S2140283E0054B9A64A022A3F580539A64FFF79EBFBA
S2140283F0202900201E290020006000B82DE9F04147
S214028400044688B105F018FD3D4E3E4A3388032CDB
S21402841003F0780105463C4F03F07F0C11445DD112
S2140284203C6824B905F00CFD0320BDE8F08124F079
S2140284300104386820F00100A04254D100223A60BC
S21402844022888C426FEA42426FEA5242228040D130
S2140284502E4CDFF8D0C02788ACF180083A46083A9E
S21402846092B201F10800604528BF4046082A04D9A6
S214028470B0F900E0BEF1000F40DB228088780C885D
S2140284804FF03A413B449B1ADBB2C4F30C048C65B2
S2140284903380C1F89830C1F8B0204FF480221C4BCC
S2140284A000F00700C3F8142101221A4BC3F88421F6
S2140284B0FFF7F6FD04280CD14FF48002164B1B6C16
S2140284C0164B1868164BD8301A6450F8A41C01F0E4
S2140284D013FA284605F0B4FC0020A6E7601E012821
S2140284E098BF0C46A5E7094862440088A21A48BF0E
S2140284F0803208389042A3DC284693E70146AEE76E
S2140285001E29002040110020A82600202029002035
S214028510002000BA00E100E0000002B81C2400209F
S214028520002002B8C01100201249134B0A881B888B
S21402853012481344083292B20A804FF03A41C1F808
S214028540B0204FF480210E4A073BC2F814110121D5
S21402855003F07803034498780A4A00F007000428D8
S214028560C2F8841103D10849CA681203FCD4074A28
S21402857013607047202900201E2900204011002089
S214028580002000BA00E100E0000002B8A8260020A1
S21402859010B5054C206828B1C30701D4FFF72EFF9B
S2140285A00023236010BD00BFA82600204FF48033AE
S2140285B0084AC2F81831A2F58052C2F814314FF0B8
S2140285C03A43D3F8AC30C3F30C03782B01D8FFF749
S2140285D067BD7047002000BA2DE9F84304460E46F0
S2140285E005F02AFC514B81461A885148514D02F03B
S2140285F07801032C2D8802F07F03014417D14E4CDC
S21402860024688CB92A44073A02F078028418034494
S214028610E31A48BF8033AB4210DB484605F010FC35
S21402862000242046BDE8F88324F00104EFE7012C7D
S21402863002D0022CEBD1083D0C46E8E7002E44D0CF
S2140286408C4246D14FF03A42D2F858804FF03A4127
S2140286500127CA6C02F0070206329740D1F8AC2016
S214028660C2F30C029A4247DDB4F900302588002B8B
S214028670D3DBA378C5F30C0503F007037A1EA5EB3C
S21402868008053A43052B337005EA02052CD82DB2AD
S214028690E84340F236420421C00FFDF77FFB7580A7
S2140286A0E378264A337412687B1E03EA0803D1185D
S2140286B0B160A9B213FA85F5BD4291BF0023FF1A35
S2140286C0B780F2609CBFB180F360484605F0B8FB05
S2140286D0A7E7A4F10802824238BF04F17802B2F892
S2140286E00080C8F30C08B1E7154B5B6D003B18BF62
S2140286F00123A5EBC305CAE74B6D7A1EA3EB08035D
S2140287003A431A400F4B15B2DB6862B9C3F30363F0
S214028710D91E4B424B41DB0033700A4B72809B6C76
S214028720C3F30723BDE70823F6E700BF1E29002090
S2140287304011002020290020A8260020AC26002078
S214028740004000B8000002B8054BA622D3F84C0140
S2140287503121431C0CBF0120C0F38070FDF71EBB05
S2140287600080E00F38B5134D0446297819B9202247
S21402877011480EF086FC6188104A23785180002149
S21402878013700F4A022BC2F8CC104FF0FF010D4AAD
S2140287900D4B11704FF007010C4A4FF00000C2F863
S2140287A0FC130CBF04220122C3F8FC2301232B7006
S2140287B038BD00BF4C2A0020E03F00B0EE0C00207F
S2140287C0004001B8100D0020001002B8002002B8C8
S2140287D0034B1A6802609B8883800020704700BFA4
S2140287E0EE0C002010B5044600F0F8FD064BD3F858
S2140287F0F83724B983F40033C3F3404010BDA31EF8
S21402880058425841FAE700BF000002B84FF63F72DE
S21402881008B50A4BD3F8FC37934206D0084AC3F38E
S21402882001131370E022074B1A7000F031FE41F676
S2140288306A03B0FBF3F0044B186008BD000002B8F0
S214028840110D0020120D0020B026002020B10228B3
S21402885004D1034B18787047024BFBE700207047A1
S214028860110D0020120D00202DE9F74F846C4C22CA
S214028870022C38BF02246A49013C0B6AD1F8CC505C
S2140288806849C3F38213DA400B680646A34290F89F
S21402889004B1654BDFF8ACA1DFF8AC91DFF8AC8130
S2140288A002F0010214D11878904211D19AF8000011
S2140288B058450DD1F06C58B1A84209D1B57D99F84A
S2140288C00000854204D1B8F8040003B0BDE8F08F7A
S2140288D00C6098F800101A700846FFF7B7FF002AD7
S2140288E000F0868004234FF07F4100254F4AC2F8ED
S2140288F0B8304F4BC3F8B810B37D1B06C2F8B83079
S2140289004FF08052494BC3F8B42000F0C1FD40F24C
S2140289107123B0FBF3F0192160431828B0FBF1F184
S2140289204FEA054470D8002C78D0B4FA84F2C2F12B
S2140289302002C2F10F03012B38BF0123D440A1420B
S21402894001D2013B64086A1C03F01F0152008A40F0
S214028950384F121B9208C7F8B0201A0242EA0312D6
S2140289601343019305EB052305EB0325324B40F633
S214028970C70218682B21003818BF0120FDF70EFA2F
S214028980FA222D4B02FB04F01B6840F6FF72B0FB86
S214028990F3F00A235843294B00F57A74C3F8C4202F
S2140289A0019AA3F58053C3F8C420A3F58053C3F8F5
S2140289B0CC50D3F8CC3000F58C50C7F8FC30F564B8
S2140289C01F4D14302C6001F017FF4FF47A72C7F86F
S2140289D0A400C7F8F8002B68B4FBF2F0B3FBF2F37E
S2140289E0A8F80430B37D8AF800B089F800306CE746
S2140289F0002914BF10252025B37D834294BFED18AD
S214028A002D1805F0FF057BE7B1FA81F234B1B4FA0E
S214028A1084F3D21A002A8CDC0F2390E70F2392E706
S214028A20004001B8E40B00204D2A0020001002B8D6
S214028A30002002B8003F00B0B0260020006001B857
S214028A40B42600200F0D00200E0D0020EE0C002094
S214028A5010B5114B01461B78104C0E2B02D1FF208D
S214028A60207010BD18460EF0E4F802461846FFF7CE
S214028A70EDFE884228BF0846C0B2904238BF104674
S214028A802378C0B28342ECD0054B20701868FFF7FB
S214028A90EBFE2078E5E700BFEE0C0020100D00206C
S214028AA01C24002010B50446FCF7EAFE78B1154BEC
S214028AB01B786BB964B1144B1B784BB1134B1B7804
S214028AC0013B012B04D84FF40042114BDA6410BD6F
S214028AD0104BDB6C1B04FAD405F0AEF9044602F028
S214028AE079FC4FF400420C4B2046BDE81040DA6495
S214028AF002220A4BC3F87C240422054B1A6405F0B2
S214028B009FB900BF4E2A00204F2A0020B826002018
S214028B10002002B8000002B8001002B800D00350CD
S214028B204FF48022014B9A64704700BF005000B891
S214028B3070B5054600F052FC01213A20EAF7EEFF36
S214028B40424C434B00201D70FFF7ACFF2378013BDD
S214028B50012B0CD80122217CE37B8A4030214B4337
S214028B6042F2100103F1A04303F570335A5000227B
S214028B70384BC3F87C24ADB94FF6FF71364AC2F8BB
S214028B808410F821A2F58052C2F88410C3F87C54EF
S214028B90324B4FF08042DA644FF48022304B002092
S214028BA09A6470BD636883B300F072FC626800EB7F
S214028BB05203B3FBF2F3013B1B0243F0F8032678A1
S214028BC02549022E264A22D0032E4FF6FF7521484B
S214028BD02AD0012E33D143F00203C1F88450C2F8E2
S214028BE084300723C0F87C343021E37B01204B43DA
S214028BF041F21001227C03F1A04300FA02F203F5CF
S214028C0070335A50FFF74EFF17E0F823D7E74FF6B8
S214028C10FF7043F00103C1F88400C2F884300622D4
S214028C200C4BC3F87C24DFE743F00503C1F88450FD
S214028C30C2F884300423C0F87C340A4BA9E7C1F892
S214028C408450C2F884300023F5E700BFB82600201F
S214028C504F2A002000C00350006000B8002002B86F
S214028C60005000B8001002B8F8B5214F06463D463F
S214028C7004460FCE0FC533682B6000F0AFFB012110
S214028C803A20EAF74BFF00221A4BC3F87C24A17A5B
S214028C90627A42EA0142C3F88824217CE27B42EAF5
S214028CA00142C3F88424207B617B40EA0142C3F878
S214028CB080243B78032B19D8DFE803F01202060C57
S214028CC000230422EBF7C6FB00230422217CE07B70
S214028CD0EBF7C0FB01230422A17A607AEBF7BAFB1A
S214028CE0054B1878BDE8F840FFF722BF0120F8BD13
S214028CF0B826002000C003504F2A0020034BDB6C2E
S214028D00002BBCBF024BC3F888007047000002B8B5
S214028D10004000B84FF0006338B1064AD364064BF1
S214028D204FF40032C3F884207047044AD364044BDD
S214028D30F6E700BF001002B8005000B8002002B8E4
S214028D40006000B82DE9F0472D4B2E4C4FF47A7692
S214028D50A36000F09DFB4FF4FA73B0FBF6F6734384
S214028D6007462948190E1B021818284A4FF0000316
S214028D7041F1000103F0CEF9A0F5807305462363A6
S214028D8020B966222B21FDF709F801254FF47A72E5
S214028D904FF0000A6A4353465008310203F0BAF90C
S214028DA01B4BB7F57A7F19601A4B4FEA056889465E
S214028DB0044618604FEA152505D276222B21504626
S214028DC0FCF7ECFF01264FF47A73A8FB030103FBC2
S214028DD005117308C01841F100010023324603F062
S214028DE099F90D4B023419600C4B49F10009A4089D
S214028DF0186044EA8974034B013C9C63BDE8F08723
S214028E000211010000C001B820A1070040420F0075
S214028E10D8260020D4260020D0260020CC260020EB
S214028E201022044BC3F884215A600122024BDA60F6
S214028E30704700BF00E100E000C001B81022064BF8
S214028E40C3F88421C3F88420BFF34F8FBFF36F8F1C
S214028E500422024BDA60704700E100E000C001B86D
S214028E6010B50446A242A2EB0000A3EB010104D215
S214028E70034B01399B6B0133184401F0030110BD0B
S214028E8000C001B838B501250A4B02019D504FF4C7
S214028E9080730446084A8340536604F0CDFF074AAF
S214028EA0A540137823EA05031370BDE8384004F0A2
S214028EB0C7BF00BF00E101B800E001B8502A002099
S214028EC02DE9F84F164605468A461F4604F0B4FFBB
S214028ED0022E00F0B080804604F0B5FF694B6A4A65
S214028EE0D3F8209092F88D405A6EE4B2520744BFEF
S214028EF0D3F82090013404F0ACFF644B644A1B683C
S214028F001168A3FB093213F100434FEA847301FB95
S214028F10093343EB020304F00302DAF80040012EA1
S214028F2004BF0134E418A3EB040308BFCAF80040E8
S214028F30B3F1804FC0F093804FF0004000235549B4
S214028F40D1F800C024F04041ECFB01035248A40FC4
S214028F50006800FB01334B495048896B8B4281BF46
S214028F60013401315B1A04F00304A41A994584BF44
S214028F70444A04F1FF3404F0030488BF926BA3EB67
S214028F80090C4455A4B1FC0742BF41F61F71444A7E
S214028F905167B90742BF424A424951677A0742BF00
S214028FA00021384A91673C0742BF0021354A916545
S214028FB04FF0110A4FF0010E324A05F11004240157
S214028FC002EB051BCBF80C3142F804A0136A3649B3
S214028FD0A3EB09030EFA05F4D2F864900A78E4B219
S214028FE0224363450A7025D34FF48073AB4019EAD7
S214028FF0030F1FD1425D002A40D10EB32B4AF80759
S214029000536607D541F61F7140F20110244B59678B
S21402901050675967B90706D5214B224A2349244887
S2140290205A6748675A677A0742BF0122214B1A617C
S2140290303B071AD4404604F003FF0120BDE8F88F30
S2140290401D4A2D0142F805E042F89C3C04F0F4FE6D
S21402905015490B7823EA04030B7004F0F1FE404630
S21402906004F0EEFE0020BDE8F88F2120FFF746FE52
S2140290704FF48032034B4046DA60DCE70B4A404648
S2140290805366D8E700C001B8003E00B0CC260020E8
S214029090D0260020D4260020D8260020512A0020E0
S2140290A000E001B800001F1F502A002000D001B8BF
S2140290B000000101000002B800E101B8024B187876
S2140290C0003818BF01207047502A0020034B10308A
S2140290D00001185800F00100704700BF00C001B838
S2140290E0044B01F0F071103041F0030100011950F9
S2140290F0704700BF00C001B838B504F0A4FE084BA4
S214029100084A1D6A92F88D405A6EE4B2520744BF6E
S2140291101D6A013404F09DFE284604F0030138BDA2
S21402912000C001B8003E00B038B50B4B03EB00128E
S21402913010300001D2F80C411D58FFF7DDFFAB07D7
S21402914006D5844200D90139204601F0030138BD14
S214029150844238BF0131F7E700C001B808B52220C3
S214029160FFF7CCFD4FF48022014BDA6008BD00BF4A
S21402917000C001B8064B1B68434303EB8171054BE5
S2140291801B68A3FB003013F1004341EB000070475D
S214029190D0260020CC2600200C4A20F04043014670
S2140291A010B5002014684FF00042E4FB0320084A82
S2140291B0890F126802FB0300064B9B6B984204D988
S2140291C001330131C01A01F0030110BDD42600207C
S2140291D0D826002000C001B8F8B50646FEF732FCD5
S2140291E0044608B1FFF72AFE00230B4D0B4FAB6176
S2140291F03046EB612B6287F88D30FFF7CDFFC9B2A0
S21402920087F88D1028622CB1FFF70AFE4FF08062B5
S214029210034B1A640020F8BD00C001B8003E00B03F
S214029220002002B870B50C68651C15D0C4F302663F
S2140292309E42C4F3074530D1A4B294422DD804EB23
S2140292408506B24229D2141BA50824F003040E593F
S214029250340F04D0012C09D00022012303E06B1C3A
S21402926051F8232000230260037170BD0D4C34F8C0
S214029270133042EA03431A686B1C51F8234001EB91
S21402928083014B6822405E4036F07044EAD11B0FE1
S214029290032B04BF8B681A43E4E7013501EB850113
S2140292A0C1E700BFF48C030070B51646054610B938
S2140292B00124204670BD0029FAD04268104B00688F
S2140292C003321B68920800F1304098470446002893
S2140292D0EFD1002EECD0EA68A86803323146920835
S2140292E000F130400DF0D9FC04460028E1D1D5E962
S2140292F00402214600F130400DF0C3FED9E700BF5C
S214029300EC0B002007B501A8EBF74AFC9DF80530E8
S214029310022B02BF40220B4BC3F8FC23C8220A4B87
S2140293205A650A4B0A4AD3F86032DBB2FF2B08BFF3
S21402933003239B0043F47F53C2F8F83303B05DF86F
S21402934004FB00BF001002B8008001B80080E00FE6
S214029350000002B8002310B5194C012123643A20FC
S2140293606364A364EAF7DAFB0122164B5A6102220F
S2140293709A62E368C3F303630D2B01D0002BF8D186
S2140293801123114AA36311491148FFF78DFF01F01B
S21402939069FB104A936843B94FF08062094B5A61E1
S2140293A0012203F580535A6110BD0B49D268096841
S2140293B003F13043032AEFD943F8041B043AF9E7D2
S2140293C0000002B8001002B8548D0300588D030046
S2140293D03C8D0300248D0300000C0020012341F67F
S2140293E0FF710D4AC2F8803291660C4A53600C4AED
S2140293F053600C4A5360A2F580425360A2F5404285
S214029400536002F5C032536002F580425360A2F503
S21402941000425360704700BF0090005000D000B872
S214029420001000BA005001B838B50324FFF7D6FF83
S214029430114A124B124DDA64FFF764FF114BC3F860
S214029440E0400123EB6401F091F94FF460736B6125
S2140294504FF40073EB640DF076FB0021FEF7C4FDBB
S2140294608022094B1C64A3F580535C64074BC3F847
S21402947084215A6038BD00BF0048F000000002B8E0
S214029480001002B8005001B800A002B800E100E0E7
S21402949008B5E9F7E5FD044B1B6FC3F30043013340
S2140294A0B0FBF3F008BD00BF008000502DE9F04F7E
S2140294B0044687B003908A465AF8046B731C06D19A
S2140294C0039B2660E01A801007B0BDE8F08FC6F353
S2140294D00745012D38BF0125324BC6F3016233F82A
S2140294E01230B7B247EA0347EB002F49049304331E
S2140294F023448B424FEA167602D92C4B9C424ED915
S21402950007234FF00109D346D34003F0010309FABB
S21402951006F9029309F0940304F1080801950593ED
S214029520059B0BF1040B53B919F0420F19D119F030
S214029530280F0BD148F8087C5BF8042C20E040F298
S214029540AA7232210020FCF729FCF3E740F2AF7240
S21402955032210298FCF722FC07F5805248F8082CC4
S214029560EAE74FF4F76232210298FCF717FC07F598
S2140295700052012E48F8082CDED15BF8042CD243A8
S214029580019B48F8042C013B07F1040708F1080880
S2140295900193C5D1049B0AEB85011C448BE700208E
S2140295A092E700BFEC8C0300DF4F00B0E04F00B044
S2140295B0F8B50646E0B10024144B25461F4614496A
S2140295C053F8042BAAB91348314600EB8500FFF77F
S2140295D06DFF30B940F661023621BDE8F840FCF76F
S2140295E0DDBB0D4B0135281847F8246023F814001C
S2140295F0F8BDB242FCD001340C2C02D031F8145023
S214029600DEE740F66F0236210020E6E7DC26002081
S21402961020290020404000B02229002070B50446D0
S21402962090B1A9B13A4A52F8043B834212D10023C0
S214029630384A116CC907FCD49B0003F580434033BB
S2140296401360354B01221A6470BD01330C2B02D114
S214029650324D2CE0012352F8041BA142F5D1304AC8
S21402966032F81330E4E7C2F3016335F81300110C45
S21402967093B211F0FE0F43EA0043606820D0043430
S214029680CAB2022A216808D9D4E90160033AC3E9BA
S214029690001698600C340C33F3E704D16268C3E911
S2140296A00012083403E0012A01D10434196022684A
S2140296B0531CD8D10022174B1A6003F58053C1E71A
S2140296C0120F072AEDD8DFE802F00704090D10137F
S2140296D0181DC04303F500531860E2E71A684240BB
S2140296E01A60DEE703F58053F6E70DF0CBFAD8E70B
S2140296F0012203F580538240F2E7012203F500536C
S2140297008240EDE71A6830EA0202FBD1C9E700BFE1
S214029710DC26002000C002B800D002B8F48C030099
S214029720202900200122014BDA647047001002B89B
S2140297300122014BDA647047002002B84022014B36
S214029740DA647047002002B84022014BDA647047A0
S214029750001002B808B50C4B1B68D3F8C83023B10A
S2140297601A68022A01D9186A08BDFFF791FE074B4C
S21402977002469B6D98B20028F6D0C3F30743D20880
S2140297805343B3FBF0F0EFE71C240020004001B87F
S214029790064BDB68C3F30363984206D1044A936E12
S2140297A023F0F00343EA011191667047000002B805
S2140297B0003F00B010B50446FFF7CCFF0F4AD2F8C0
S2140297C038311B040E4B48BF40089B6C03F4C05351
S2140297D0B3F5805F0ABF936BC4F30113C3F341630F
S2140297E0012B02D0022B02D010BD4008FCE7C4F3C6
S2140297F0C4240134B0FBF4F0F6E700BF004001B821
S214029800004000B82DE9F0470E460DF01EFA00247F
S2140298108046DFF8B4A0DFF8B49004F00DFBDAF867
S2140298200C300746C3F30363012B0BD1711C35D0F2
S2140298300DF00BFAA0EB0804384604F001FBA64232
S214029840EBD80DE0052BF1D00B2BEFD0023B012B12
S21402985009D9013602D00DF0F8F9384604F0F0FACC
S2140298601848BDE8F087D9F80C3013F4603FDDD015
S214029870D9F818301A04C3F3891512D4013602D067
S2140298800DF0E3F9384604F0DBFA2DB26FF4FF73FD
S214029890A5F1C8009842B8BF1846E2E704F0D0FA2D
S2140298A0BBE7731C03D00DF0D0F9A0EB08046FEAF7
S2140298B085556FEA9555384604F0C2FA15F5007FCD
S2140298C0BDD0E3E700FEFFFF000002B800C000B80C
S2140298D00122024B98611A61704700BF000001B86E
S2140298E0044BD3F8AC3010B1C3F30332027003F06A
S2140298F00F007047000002B8094B01F080011B6C94
S21402990003F480030B4309D14FF40012054B1A628D
S214029910837F1BB10122044BC3F80021704700BFAE
S214029920000002B8006001B8005001B810B504F09B
S21402993083FA084B04461B683BB1984728B10022BD
S21402994000204FF4806101F0A7F92046BDE81040E0
S21402995004F076BA0C2700204FF604014FF60502F3
S214029960044B01201B6C9BB28B4208BF1346024A73
S214029970136670470080E00F00C001B8074BD3F8AB
S214029980483203F00303012B03D0022B03D000203E
S214029990704704F004B9E9F7ADBB00BF0080005081
S2140299A02DE9F74FDFF8ECB081460F46DBF808A04A
S2140299B0FFF7A2FB4FF0FF35CDE9000100202C4651
S2140299C0064606F110031B015BF8033003F003089A
S2140299D0B8F1010F15D13046FFF7A6FB02460B463B
S2140299E0DDE90001FFF73CFADBF8643006F1080215
S2140299F0D340DB0737D5002F3ED000252C463E60ED
S214029A0040460136082EDCD150B3224F0AF44033CA
S214029A10B96B00220131A4FB0141641941F1000136
S214029A20B3F5003F30D17B6B0AF4405A013342F162
S214029A300006BAF5805F22D13D6B15F5807505FBF1
S214029A4006F642F1000203FB0266A5FB033232442D
S214029A50594304FB0212A3FB04341444C9E900343C
S214029A6003B0BDE8F08FA84271EB0403C8D207B179
S214029A703E6005460C46C3E73D463C46C0E732021A
S214029A8042EA13621B02E3E73B6B13F5807342F173
S214029A900002DDE700C001B8F8B506200DF0DCF8DC
S214029AA004460DF0D2F842F21073041B9C4205469F
S214029AB018D94FF080624F240B4B1A6441F26F772D
S214029AC00A4E0BE00DF0C1F8401BB8424FF0F70209
S214029AD021468CBF00200120FCF760F9336C5B0145
S214029AE0F0D5F8BD1A24E9E7002002B8000002B853
S214029AF008B50DF03FF90122054B93F88530023385
S214029B005B00DBB202FA03F3024A536108BD00BFF0
S214029B10003E00B0002000B80B2870B500F2958019
S214029B20012900F292804A4B83F8840083F885105C
S214029B30484B5B689D05C3F3402227D44FF0384359
S214029B405A60454A506E44026BD5444B5B6803F03C
S214029B500303022B65D00223C2F848320122404B8F
S214029B609A604FF038435A60DA60996A0807FCD167
S214029B701969C907F8D540F2FF323A4B9A615A6121
S214029B804FF40072334BC3F884215A60304C0121E3
S214029B903B20E9F7C3FF94F8853094F884203249D5
S214029BA043F4402343F41063063241F82230FFF7B1
S214029BB06FFC4608C507FFF7E1FE00230246314662
S214029BC0284602F0A7FA090241EA1061C0F3C05023
S214029BD040EA4100254BA067186B10F5807005D14E
S214029BE04FF4E1722B21FCF7D9F80220024600233B
S214029BF00020012102F08EFAE067FFF7BFFE40F672
S214029C0049435843000DFF2828BFFF20022838BFCB
S214029C100220002184F88C00012000F0BBFD002009
S214029C2070BD10F4001006D0114B586800F0030007
S214029C30023818BF01204FF4A9721B21FCF7AEF8B8
S214029C400122054BC3F8482288E70120E8E700BF57
S214029C50003E00B000E100E000800050000002502C
S214029C60001000B8002000B80080035000C001B801
S214029C700040025038B1064B93F88400087093F8FF
S214029C8085301370704707230B700123F9E700BF76
S214029C90003E00B070B5FFF7FFFE0021022000F084
S214029CA079FD0CF0D2FF04460F4D104ED5F8F43372
S214029CB01B070BD504F0C0F8BDE8704002220C4B1F
S214029CC0DA6001220B4B1A7004F0BAB80CF0BDFF32
S214029CD0001BB04240F22A224FF045018CBF002002
S214029CE00120FCF75BF8E1E7000002B83F420F00F4
S214029CF000C001B8592A0020224910B50B78002B63
S214029D003FD00122204C94F8853002335B0002FAE1
S214029D1003F31E4A93614FF400721D4BC3F884216D
S214029D2000230B701B4B4FF43072186C3921C0F3B2
S214029D308060FCF733F84FF48041174B174AC3F89C
S214029D4094100C2194F885304B4303F138435B6B37
S214029D50D4F88010994202BFD2F86C31C4F8883029
S214029D60D2F86431D4F8880008BFA4F88630B4F874
S214029D70861000F0A7F8BDE810400121022000F08E
S214029D8009BD10BD592A0020003E00B0002000B8D0
S214029D9000E100E0000002B800E001B800C001B82F
S214029DA010B50446FFF7EAFD6043044B00F5F420C5
S214029DB000F59070B0FBF3F010BD00BF40420F00FC
S214029DC02DE9F74FFFF7ECFF0546FFF765FE04F0B7
S214029DD033F800214FF0384ADFF8E490064668462A
S214029DE089F80010FFF7DCFD304BDAF82070DB68EC
S214029DF013F0706F1DD12E4B5B6913F0060818D155
S214029E0000284CD0FFF744FB691DA1FB00B4FFF706
S214029E10B5FD214602464346584602F07BF9DDE987
S214029E20004B090241EA10610002A04271EB0B01ED
S214029E3005D3304603B0BDE8F04F04F001B8FFF793
S214029E409DFD220A42EA0B624FEA1B23A0FB02B2E6
S214029E5000FB0324FFF71CFB4346024621465846F6
S214029E6002F058F90C220121124B013593F8853085
S214029E707F1B5A4302335B00074402F13842DCB2CE
S214029E80576301FA04F40C4F99400C4B7C619961BC
S214029E90DAF82030526B2D1A9B1AAB42C9D3022233
S214029EA0034BDA60012389F80030C2E7000002B8EB
S214029EB000C001B8003E00B0002000B8001000B894
S214029EC0592A00202DE9F04F4FF00C0A0027B54A18
S214029ED0054692F8854088460AFB04F303F13843A8
S214029EE01F6392F88420B04B87B0C3F8B4204FF4B7
S214029EF00032AE4B46461A610222A3F58053DA6060
S214029F004FF03843AA4A1B6A92F82413AB46C9B2EA
S214029F10059192F829130134C9B20491012104F083
S214029F20010482F8247382F82973A21C0AFB04F443
S214029F30500001FA00F003F1FF390290019004F19B
S214029F403844A3EB0903002B40F3FF800137022FAE
S214029F5065D9DB220D210020FBF720FF4FF080534E
S214029F609449934A4B66059B934C03F0F00382F8A0
S214029F702433049B03F0F00382F82933894A4FF412
S214029F800033C4F86CB1C4F86461A2F88660002697
S214029F90C2F88090C2F888B00B61834BC3F8B460F5
S214029FA00C2392F885205A4302F13842166303F0D6
S214029FB043FF334632464FF4807E276AD4F864C0A5
S214029FC003F110010901615801F00301012910D1C2
S214029FD00EFA03F111EA0C0F0BD104EB0316AF4293
S214029FE0D6F80C61C0F0D880B54202D2B74280F0F3
S214029FF0D6800133082BE3D1704D2C68012C40F239
S21402A000E3803AB16749B1F88E301343A1F88E3037
S21402A010664B5A6607B0BDE8F04F03F011BF4FF02B
S21402A020000B604E96F885300AFB03F303F13843C3
S21402A030C3F830B003F000FF4FF080515D4B039041
S21402A04059664FF0384396F885201B6A00920AFB41
S21402A05002F203F1010902F13842C2F83490534A7F
S21402A06002331167C4F830B0029A6363544B524805
S21402A0705A61019AA3F580539A618368DB0340F123
S21402A0808880D6F88030B26FA9EB0303A3FB0221C7
S21402A090036B03F5807CF36FA1FB0360A2FB03E373
S21402A0A09B19ACFB03E640F100000CFB0066B2EB2A
S21402A0B00E0261EB0606120A42EA06624244B2EB5E
S21402A0C01C2F4FEA1C2603D3013340F10000921BDB
S21402A0D0043E964228BF16463749324A8E6192F8A7
S21402A0E08D20D1F820C0EB18D2B2896B40F1000067
S21402A0F0654584BF02F1FF32D2B2B1F1FF3F0ED006
S21402A1004FF0000E01F1010C99427EEB000B08D2D3
S21402A1100132B3EB0C03D2B260F10000F4E7024462
S21402A120D2B29B461F49244B02F0030281F88D20CF
S21402A130C3F820B00222009B03980AFB03F303F144
S21402A14038431A63226303F07BFE4FF038431B6AE0
S21402A150009303F071FE1B490A6922F004020A61A9
S21402A16030BF4FF08051019B154A936102F5E032F1
S21402A17011670022102122630D4AC2F8841103F0EF
S21402A1805FFE0D4A009B526E12F0805F3FF4D9AE1E
S21402A190E4E64646AB46CDE7B542BFF427AF1143E9
S21402A1A08AB226E7003E00B00080035000D001B815
S21402A1B000E100E000E001B800C001B87826002007
S21402A1C0002000B800ED00E011490B78142B01BF07
S21402A1D00023104E0B7033700B7801330B70002A7D
S21402A1E03FF418AF0C4EB6F88E301343A6F88E30F6
S21402A1F00A4B5A66074A13780133DBB2022B1370F6
S21402A2007FF408AF002301342C600B70137001E753
S21402A2105B2A00205A2A0020003E00B000D001B877
S21402A220F8B50B46002213F8044B944225D91D6854
S21402A230854224D106245A791D79124B88181E6845
S21402A24004FB0503104F33F8063C7B43B3420ED99A
S21402A25000238A5A7A43964202D804FB0300F8BDCA
S21402A2609D42FAD9013304FB03F2825AF2E740F226
S21402A2705F423D210020FBF791FD0020EFE7083307
S21402A2800132D2E71027002040420F0000202DE9BD
S21402A290F84FA2FB018BBD4EBD4F18EB0606994642
S21402A2A06BF10003B74270EB030307D240F2592268
S21402A2B00E21FBF773FD0220BDE8F88FD9F814A033
S21402A2C00C461546BAF1000F04D0DAF80030032B1C
S21402A2D000F21D81AF4BB04A9F6BA3F58043D3F8C3
S21402A2E0EC30C7F314075900AC4B48BF47F40017CD
S21402A2F01B6ED2F8FCA05A074EBF4FF440039B05D4
S21402A30003F0E0731F43A64BD3F8E4309E0748BF22
S21402A31047F0807747EA4567E8F7D2FE012D064602
S21402A320C9D10028C7D09F4B984200F0FF8003F5A2
S21402A330122303F5F863984200F0FE809A4B984287
S21402A34000F07581002502462B4600204FF0007172
S21402A35001F0E0FE2B46013008FB03F3C7F31301BE
S21402A36000FB0B33A1FB0662A8FB008001FB052263
S21402A370034420339B09C9F80030F60C8B4B46EA9F
S21402A3804236F8021C6058BF7642894B894D3444E7
S21402A3901E602C60BAF1000F00F0B7800023F901AE
S21402A3A08549C7F381528A5C194648BF6408002E65
S21402A3B0B8BF764292066008C2FB0601224601F04A
S21402A3C0A9FEDAF800600E2E08D9744B714A916B1A
S21402A3D0DA69D3F80C31D20600F1CF8017F40017F1
S21402A3E014BFC42240F207127449C0F31300A1FB43
S21402A3F004C14FEA511102FB01F1C9F80400DAF870
S21402A40018004FF4FA73B1FBF0F118BF002701FBF6
S21402A41003F3A4FB02C2FA33A3FB003004FB0722B9
S21402A4206345904138BF0131C9B241F4006CC9F8A6
S21402A43008C000297ED0DAF81C00A1FB00371CB148
S21402A440B4FA84F20E2A7EDDE203002F78D1B2FB44
S21402A450F3F2530003FB0113A3FB00874FEA044EFB
S21402A460C6454FEA144474EB070709D34F003B4432
S21402A470A0FB0381C64574EB010102F10102F6D28C
S21402A480C2F30E024CEA023C4CF00063062EC9F8F8
S21402A490083040F29980DAF83030002B00F09480D1
S21402A4A00023C9F80C30C9F81030E8F709FEDAF8CC
S21402A4B03010FFF7B5FE044618B18378002B40F043
S21402A4C0D580E8F7C7FDDAF83010FFF7A9FE044694
S21402A4D0D8B18378CBB1407940F28B52003818BF9E
S21402A4E001203D21FBF75AFC207940F28C520038BD
S21402A4F04FF03D0118BF0120FBF750FC237962792B
S21402A5001B0243EA0213C9F810300020D4E6042BDB
S21402A510DAF828707FF400AFF8014CBF4FF440031E
S21402A52007F0E07327F0E0771F43F5E600232448A0
S21402A5301D4611E70120BFE6002322481D460BE711
S21402A5400B46002288E7C2F10F0E02F1110807FA45
S21402A55008F823FA0EF343EA0803AEF1200827FAB6
S21402A56008F843EA080327FA0EFE01334EF1000705
S21402A57004FA02F2002FE3D169E701F4801103F432
S21402A5800013194308BFC0F5801027E7006CCA887D
S21402A590807C814A008001B8004F00B0004001B8BC
S21402A5A0000002B800F04902005A62021827002092
S21402A5B01427002010270020108D0300D34D6210B0
S21402A5C00A3BB2DF313641DCE8F77AFD2C6894B3F9
S21402A5D0B4FA84F3D3F1020358BFDC40354B9C42F5
S21402A5E088BF6408C8B3B4FBF0F3642100FB1342CF
S21402A5F001FB02F2904203F1FF3253D85D08530882
S21402A600013D1B0243EA0515C9F80C50E8F728FD80
S21402A610E0B1B4FBF0F2642100FB124401FB04F447
S21402A620A0423DD8531E52085B08013A68E7002351
S21402A63021481D4690E66FF01F050028E4D140F23F
S21402A640DD422B210020FBF7A9FBDDE74FF4A062D9
S21402A6502B21FBF7A3FB621EE4E7631EA51E5B0825
S21402A6606D08013B2D0245EA0315E8E740794FF4F1
S21402A670AE62003818BF01203D21FBF78FFB207920
S21402A68040F27152003818BF01203D21FBF786FBCD
S21402A690237962791B0243EA0213C9F80C3010E7E9
S21402A6A01446D8E79D1E6D085308013B2D0245EA65
S21402A6B00315A9E73FBE4025D694BFD610B504467B
S21402A6C086B059B9214B4168D3F8FC30827A2048CB
S21402A6D0059300686B46FFF7D9FD69461D4B0A686D
S21402A6E05A631A4BD3F8FC3033B34B6843B11A4B58
S21402A6F01A4AC3F80C214A68A3F58053C3F80C2102
S21402A7008B6843B1144B164AC3F8EC208A68A3F54B
S21402A7108053C3F8EC20134AC868D2F8743123F485
S21402A720EE630343C2F87431D2F86C31096923F43C
S21402A730EE630B43C2F86C31002022890A4B9A6200
S21402A74003F5A033186406B010BD00BF004F00B07A
S21402A7501C240020008001B8006001B8FFFF0F0033
S21402A760FFF8FF0F000002B8004000B8064B9A6ED2
S21402A770920607D55B6E002B4FF48043B4BF034AA4
S21402A780034AD3640020704700800050002002B8BD
S21402A790001002B8064B1A6C9207FCD4022240EA5A
S21402A7A001205860034B1A640122034B1A7070474B
S21402A7B000C002B800D002B85C2A002040B103688C
S21402A7C0012B05D90069034B002808BF18467047BD
S21402A7D000487047188D0300064B586E5B6AC0F33C
S21402A7E00112000C02FB000003F01F0301331844A1
S21402A7F0704700BF004001B8084BC1171A68A2FB99
S21402A800000302FB013310F1807043F10003400E97
S21402A81040EAC310803820EAE07070472027002004
S21402A8200722194B70B5DA63FEF732FE174BC408DF
S21402A830010B0546E005C018154A41F10001002348
S21402A84001F068FC134B144E18601448FFF7D4FF4F
S21402A8504042C6F8DC0049F65800FFF7CDFFC6F8BE
S21402A860A8000F48FEF798FC024660B1E3015008C4
S21402A87018184FEA15714FF0000341F1000101F07C
S21402A88049FCC6F8B40070BD000002B8B2E60E007D
S21402A89065CD1D0020270020003F00B0701101008A
S21402A8A040420F002DE9F047064608469846FFF755
S21402A8B085FF1546074616B308F0020918F0040885
S21402A8C01FD1B9F1000F1AD04FF47A70736858434B
S21402A8D0002B40F08680FFF78FFF28637369002BFA
S21402A8E000F085804FF47A72B86802FB0300A0F588
S21402A8F0FA50FFF781FFE862B8F1000F53D1BDE8C6
S21402A900F0873069002863D04FF47A735843BB68E7
S21402A910A0F57A60C01AFFF76FFFA862B08B002816
S21402A92059D04FF47A735843BB68A0F57A60C01AC0
S21402A930FFF762FFE861324BF468D3F800A0002C00
S21402A9404CD04FF47A735C43BB68A4F57A64E41A7D
S21402A9507B68E41A2B4BE1171A68A2FB044302FB3E
S21402A960013314F1807443F10003640E44EAC31405
S21402A970803C254B2C62D3F8C430244C6B6223688F
S21402A9804BB150460CF0A5F828B12A463946236842
S21402A990DAF87C009847B06900210CF017FA686371
S21402A9A0B9F1000F90D1B06820BB47F23050FFF7E4
S21402A9B023FF68614FF47A703368584323B13B68CB
S21402A9C003F51C5310331844FFF716FFA86196E7E9
S21402A9D049F640409FE749F64040A9E749F6404419
S21402A9E0B8E73B6803F51C531033184473E747F285
S21402A9F030507EE74FF47A735843A0F5FA50D6E704
S21402AA001C24002020270020003F00B01C27002026
S21402AA1008B9FFF7E1BE034881420CBF2F20BC20D5
S21402AA20704700BF48E8010010B508461C460CF007
S21402AA301AF9094B0246D3F8FC00FFF7BFFE43683B
S21402AA40A018002B054AA8BF4FF4FA721A44044B0A
S21402AA5092FBF3F2104410BD004F00B00CFEFFFF55
S21402AA6018FCFFFF70B588B06D46124C0FCC0FC5B0
S21402AA7094E80F0085E80F00B02200210E480CF083
S21402AA8000FB202200210D480CF0FBFAD822002100
S21402AA900B480CF0F6FA0CF098F90A4B1B783BB10F
S21402AAA06D46044E0FCD0FC695E80F0084E80F00E2
S21402AAB008B070BDE03F00B0503F00B0E04F00B0BD
S21402AAC0783E00B04C2A00200A4B197801F0FF02AB
S21402AAD029B10021197008499202C1F80421597857
S21402AAE001F0FF0229B1002159709302024AC2F80E
S21402AAF0083170475D2A0020005000B8064BD3F894
S21402AB00EC0E064B5B6C1A0103D4054B9B6E1B04C2
S21402AB1001D500F580707047003000B0000002B822
S21402AB20004000B808B503F087F90E4B1A78A2B9B0
S21402AB300D4A126812F4843F0FD10C4A1021D164D8
S21402AB401B7863B9084B1B68DB0508D4074B202229
S21402AB50DA64BDE8084003F073B9054AEEE7044B31
S21402AB60F5E700BF612A0020C0110020002002B8CD
S21402AB70001002B810B503F05FF90E210446032058
S21402AB80FEF706FE40F20122034B2046BDE81040C7
S21402AB90DA6203F055B900BF004000B80022044B49
S21402ABA01A70044B197811B11A70FFF7BBBF7047C1
S21402ABB0602A0020612A002008B503F03DF94FF014
S21402ABC00042264BC3F88020BFF34F8FBFF36F8F30
S21402ABD00122C3F88420BFF34F8FBFF36F8F022288
S21402ABE0C3F88420BFF34F8FBFF36F8F0422C3F8DE
S21402ABF08420BFF34F8FBFF36F8F0822C3F88420E1
S21402AC00BFF34F8FBFF36F8F4FF00052C3F8802011
S21402AC10BFF34F8FBFF36F8F1022C3F88420BFF3AA
S21402AC204F8FBFF36F8F2022C3F88420BFF34F8F5E
S21402AC30BFF36F8F4022C3F88420BFF34F8FBFF35A
S21402AC406F8F4FF48062C3F88420BFF34F8FBFF339
S21402AC506F8FBDE8084003F0F3B800BF00E100E0E4
S21402AC6008B503F0E9F84FF000420A4B1A600122D9
S21402AC705A6004225A6008225A604FF000521A6044
S21402AC8010225A6020225A6040225A60BDE80840CC
S21402AC9003F0D6B800E100E0012370B5074C23703C
S21402ACA0074B1E68074B3240D3E900531940284031
S21402ACB0FBF7EEFC0023237070BD00BF5F2A002066
S21402ACC028270020C01100202DE9F047DDF820A03B
S21402ACD003EA0108099B06460D4602EA000703EA54
S21402ACE00A09BAF1000F40F05C81031F0B4300F023
S21402ACF01C81052871F1000380F0F28050EA0103FE
S21402AD0000F07281431E0B4300F03281FFF754FFBE
S21402AD10B64AD2E9004323EA050324EA06043C4382
S21402AD2043EA0807B24BC2E900471E6826EA0A064B
S21402AD3046EA09061E60FFF7F5FE14F02A4F14BF16
S21402AD4048F202034FF40043AA4AB007D26EAA485A
S21402AD5048BF43F4005383EA020122EA0302C266B2
S21402AD60A64A0B408166D366C4F3804212032103CF
S21402AD7048BF42F48072E30648BF42F40052A04B3A
S21402AD80A50648BF42F400726006D3F80C3248BFEC
S21402AD9042F48062210648BF42F40062994882EA81
S21402ADA0030123EA0203C0F80C32974B0A40C0F8AC
S21402ADB00812C3F80C22BA0507F4007300F11081DA
S21402ADC0924A1D46D2F8A41002F50052C2F8A41008
S21402ADD0C2F8A0104FF05022C2F8A4308C4ADFF816
S21402ADE06C8282F88830E30448BF45F48035A003BD
S21402ADF048BF45F48015A10748BF45F4001514F472
S21402AE00001F06D0D8F800000CF007F808B945F481
S21402AE100025E20248BF45F40035FB067D4B48BFDD
S21402AE2045F480051A6A7C4985EA020323F0010389
S21402AE301A400A621D40CB61784B16F0010F1D6264
S21402AE40774B784A18BF1A46774B7D071B6F48BF69
S21402AE5042F00062754882EA030123EA02030367AE
S21402AE60734B0A4041661A67724A04F00103916CFA
S21402AE70A0F5803081EA030221EA0301816442647C
S21402AE801A406D4B20029A64D8F8002048BF6B4BDC
S21402AE9092F81D2158BF6A4B610748BF43F480638E
S21402AEA022B114F4C06F18BF43F4807332074FF018
S21402AEB03A42BDE8F047D2F8181148BF43F00043C3
S21402AEC083EA010222F4A0225E481140C0F818115B
S21402AED01340C0F814215C4AC2F81831FFF7C0BE0E
S21402AEE0A0F580630B4306D020F48063A3F50073BD
S21402AEF00B437FF40BAF02F09FFF3C49D1E90032CF
S21402AF0023EA060322EA050242EA08023B43C1E9B3
S21402AF1000324E4A126892F81D114A4A09B313F4D7
S21402AF20C06F1ED04FF4807311E002F085FF2F4AE7
S21402AF30D2E9003123F004033B4341EA080157EA11
S21402AF400807C2E900314FF480633E4A0BD0C2F8CC
S21402AF501431A2F58052C2F81831BDE8F04702F06B
S21402AF606FBF4FF48073C2F81831C2F81431F4E799
S21402AF7002F062FF1D4AD2E9003123F001033B438F
S21402AF8041EA0801C2E900310123314A57EA0807BB
S21402AF901BBF5364A2F580529364936408BF536444
S21402AFA0DBE750EA01037FF4B1AEBAF1010F7FF49A
S21402AFB0ADAE02F041FF0E4A136823F0010343EAE6
S21402AFC0090313604FF48063184AB9F1000F04D0E6
S21402AFD05366A2F580521367BFE713675366BCE752
S21402AFE001234FF48025F9E6BDE8F087C011002062
S21402AFF028270020004000B8006000B8005000B8C3
S21402B000004001B8006001B8005001B8004000508E
S21402B010003F00B0000002B8002002B8001002B8DC
S21402B020041C00030418000300C001B800E001B8C5
S21402B03000D001B800C000B800D000B80D0A0A0956
S21402B040090A0A09002000BA001000BA1C240020CF
S21402B05000E000B8024B5868C0F3C000704700BF5B
S21402B060C0110020024B186800F00100704700BFB4
S21402B070C0110020024B5868C0F3C030704700BFB2
S21402B080C011002010B50446FEF7CEF9FFF794FD76
S21402B09004F18000FDF790F9FEF75CF9FDF752FE29
S21402B0A0FDF7BEFEFFF7BCFB13490723134AD1F890
S21402B0B0FC1004F1D800FFF7F5FB4FF0807100207A
S21402B0C0FEF70EF84FF000720D4B4FF40011012000
S21402B0D0C3F80021FEF704F8FEF73EFC20B940F262
S21402B0E0E7221421FAF75AFE0BF06DFEBDE8104077
S21402B0F00120FDF71DBD00BF004F00B0A43F00B009
S21402B10000D001B88022074B1A64082203F5805348
S21402B1101A64054AD2F8C43E23F02003C2F8C43E9D
S21402B120704700BF001002B8003000B008B502F049
S21402B13083FEFFF7E7FF0122024B1A61BDE80840D3
S21402B14002F07EBE000002B8F0B583B01446064692
S21402B150FFF70CFBFCF776FC002800F09780524BBA
S21402B1605D6915F0060540F0918002F065FE2379D0
S21402B1700746022B00953ED1237B022B35D00320B7
S21402B180FDF7A4FF18B9494BDB685B047BD5A37BAC
S21402B190257B003B18BF0123A2684549012D019279
S21402B1A00B705ED00023434A434C13702278002A69
S21402B1B062D10420FDF766FE04203B4E2A46736FDA
S21402B1C00DEB000123F0F85323F4F81343F0506319
S21402B1D043F4803373670223FDF772FE00285CD0C7
S21402B1E001213022354B2170DA64384602F028FEFF
S21402B1F0002003B0F0BD0320FDF768FF002842D10F
S21402B2002279D6F8E030012A226839D0D51A0021F0
S21402B210254B2B4A00955A679967637B294A8B42CE
S21402B22014BF0B4601231370274B274AD3F8C43E9C
S21402B2304FF003000CBF43F0200323F02003C2F8B4
S21402B240C43EFDF71FFE184B204A03205A67694684
S21402B25001232279FDF734FED0B101221C4B1A706D
S21402B2608AE72379022B9DD0009BD6F8E0100025B2
S21402B2700B441344019395E72370FFF753FC98E7BA
S21402B2809A42C4D3C2E7384602F0DAFD0320B0E79A
S21402B290384602F0D5FD0120ABE70320FDF7F2FDAC
S21402B2A0074B38467367EFE700C001B8000002B8E4
S21402B2B0632A0020602A0020612A0020001002B8BB
S21402B2C000000101622A0020003000B0010C0100DB
S21402B2D0642A00202DE9F34100240D46074602F0B9
S21402B2E0ABFD1B4BDFF874801C70FFF70BFF194B8E
S21402B2F00646C8F87430C8F878406879431E584243
S21402B3005841FCF741F840F60143C8F878302A79EC
S21402B3102968012AD7F8E83001D1994200D3CC1A1D
S21402B320042303200DEB03010194FDF7C9FD48B980
S21402B3308822094B30461A6402F082FD012002B0D0
S21402B340BDE8F081304602F07BFD0020F7E700BF43
S21402B350642A002000000101002002B800C001B8E3
S21402B360F8B5194C0546207840F20642B0FA80F04D
S21402B3703E214009FAF712FD55B9607840F20642BE
S21402B380BDE8F840B0FA80F03E214009FAF706BD63
S21402B3904FF440660D4F0E4DD7F8043140F2064288
S21402B3A0C3F381232370C5F8046160783E21B0FAA6
S21402B3B080F04009FAF7F2FCD7F80831C3F381238C
S21402B3C06370C5F80861F8BD5D2A0020004000B829
S21402B3D0006000B8F8B5084C084D236C0423084FEB
S21402B3E02B64236C5B0300D4F8BD042602203E6463
S21402B3F00BF048FC2E64F4E7000002B8001002B816
S21402B400002002B8A82238B51A4B1D6C03F500536B
S21402B4101A6410229A60A3F5804302F100521A675A
S21402B4205A66FFF751FB144B1B7813B90320FDF73E
S21402B43029FD0024114B9C67FFF7CCFF104A114BE5
S21402B440D2F8EC1E0B40C2F8EC3E04220E4B1A64F5
S21402B4500E4BAA06C3F8CC4008D503F580739B6F43
S21402B460B3F5817F22BF8022024B1A61BDE83840C5
S21402B470FCF7A0B9000002B8642A002000C001B898
S21402B480003000B0DF0000FF002002B8003E00B02F
S21402B49010B551B920B3154BDB681B0E13F00E0F17
S21402B4A01ED1134B1B6CD9071AD4FFF763FB0F4C44
S21402B4B00020FEF715FA032801D0092805D1A36A51
S21402B4C0DA07F5D4636CDB03F2D4FFF783FF0122BD
S21402B4D0084B5A6102229A62042203F580531A64C8
S21402B4E04FF4C062044BDA6210BD00BF000002B81F
S21402B4F000C002B8001002B8006001B808B5032107
S21402B5000920FEF745F92022014B1A6108BD00BF4B
S21402B510000002B80D4A10B5D2F8A030D2F8A41036
S21402B5200B40B3F1804F0CD34FF040400849094C12
S21402B530C1F8A400D467C1F8A0004FF48021064ADF
S21402B540D161034AC2F8A03010BD00BF00400050CF
S21402B550006000500000FF01001002B838B5054632
S21402B56002F06AFC0446FCF7E1FE35B1FFF716FB73
S21402B5702046BDE8384002F063BC084B1B78002B1F
S21402B580F6D0074B1D78002DF2D1FFF707FB2A46AF
S21402B5904FF480400021FFF77FFBE9E7602A002096
S21402B5A05F2A00202DE9F84F5A4B06460D461446F0
S21402B5B01B6C002A40F0AB8013F0A00F14BF4FF0B4
S21402B5C001094FF00009FCF7F5F8A0234FF0000A36
S21402B5D0DFF85C810320C8F84030FDF753FC0420F6
S21402B5E0FDF750FC4C4FFFF7D9FA4C4B4FF0040BCB
S21402B5F07B67C7F878A0FFF7EDFE494B4FF48071E2
S21402B600D3F8C42E42F02002C3F8C42EFF22C8F894
S21402B6100820404A1161D3F8EC2E42491140C3F883
S21402B620EC1EC8F840B0C3F8CCAE7B6913F0060F28
S21402B63004D0FDF793FD5846FDF724FCB9F1000F40
S21402B64008D04FF40062384B1A644FF40042A3F558
S21402B650E0339A6666B1354BDB6C180701D4FFF708
S21402B66089FAFFF74BFF0420FDF70CFCFFF72CFAD4
S21402B670284B5A69D10748D5DA6812F0706FFBD1A9
S21402B6802B4B2C4A1A642C4A936E23F0F0039366D3
S21402B69015B12046FFF762FF284BD3F84C315A1CEF
S21402B6A001D05B0002D50122214B5A616CB31F4BBD
S21402B6B0DA6E03F500539A6603F5D0331B6A1C4A0A
S21402B6C023F00103D3611E4BD3F80C1203F500538B
S21402B6D0C3F8081203F50053D3F8841003F5005399
S21402B6E099674FF03A43D3F8181103F50053C3F89D
S21402B6F01411144B996C03F500535964124903F55F
S21402B700803359664FF608431364BDE8F88F4FF04E
S21402B710000958E7000002B800C001B800000101A5
S21402B720003000B0DF0000FF001002B8004000B892
S21402B730002002B810003000003F00B00080E00F8A
S21402B740004001B800C000B85000002F9D4B2DE904
S21402B750F04F9F6EDB6E85B01F409B4B9F664FF08F
S21402B7603A43D3F81451D3F818311D40974BC3F817
S21402B7701451974BD3F80822D3F80C3202EA030985
S21402B780944BC3F8089203F52043DA691B6A02EA6F
S21402B7900308914B914A08EA0303D361904BD3F80E
S21402B7A00422D20605D4D3F80431C3F30016DB060E
S21402B7B052D502F041FB8B4B5A695E6E1B6F12F03C
S21402B7C0060F06EA0306884A26F0007314BF4FF0F7
S21402B7D0010A4FF0000A23F400637407536606D585
S21402B7E0824A92F88D300133DBB282F88D3002F055
S21402B7F027FB002F00F0E38017F4004300F0D4800C
S21402B80002F01AFB0146FFF779F90446DFF8D4B1D5
S21402B810DBF82020DBF820309A42FBD0DBF8202031
S21402B8209342FBD0FFF76AF9A04217D1084602F00E
S21402B83007FB6F4B1C606F4BD3F840B01BF4E05213
S21402B8400ED124F07F4424F0DF040CB9FFF7DAFDB2
S21402B8504FF0807B002414E0B246CAE70446D7E7DE
S21402B8600192FFF7CFFD5D4B019A1BF480541A64D8
S21402B87040F09C801BF4806F0CBF4FF0805B4FF053
S21402B880806BB80715D55B4A5448126C02F46041C7
S21402B8900164002900F08D80110400F18D8012F4FD
S21402B8A0005F0CBF4FF000524FF0006200244BEADC
S21402B8B0020BC7F340377F004F4A2A40002A4BD07C
S21402B8C015F4206F0AD040F60F0206210020FAF780
S21402B8D065FA0020FFF742FE25F48025EB0506D523
S21402B8E0FF213E4A4BF4C06B9160FFF743F915F017
S21402B8F0090F0BD040F6240208210020FAF74EFA70
S21402B900FFF7FCFD4FF03A420121516315F0106F2C
S21402B9100CD040F62D0209210020FAF73FFAFFF775
S21402B920EDFD002211461046FCF7D4FC15F4202F3C
S21402B9300AD040F6350207210020FAF72FFA002037
S21402B940FFF70CFE25F48025E80301D5FCF72EFE52
S21402B950002DB8BF47F0080769070ED54FF03A42E8
S21402B960126B12F4005F4FF4005217BF17492349B7
S21402B9700A634BF4000B08BF0A636A0548BF4BF024
S21402B980040B15F48023019300F0A180FCF7CCFD94
S21402B9900138062834D8DFE810F017011A0117011B
S21402B9A01D012001230123019B4653E74FF0804BE4
S21402B9B050E74FF0007279E74FF0004276E7BB4659
S21402B9C03C4679E7004000B8006000B8002000BAA4
S21402B9D0004001B8006001B80000F7FF002002B87E
S21402B9E000E100E000C001B800E001B8003E00B08F
S21402B9F024270020000002B8090B0B89001000BAA9
S21402BA0040F6660203210020FAF7C8F94FF03A40E2
S21402BA100121D0F88C20D0F8AC3002F007020632B2
S21402BA2001FA02F2C3F30C0CA2EB0C0292B2072A42
S21402BA3012D9754A126C53020ED4744BC26CC06E85
S21402BA405B6D5BB102F0070206329140C0F30C0058
S21402BA50091A89B2072901D84BF4007B6C4A12787E
S21402BA60002A34D04FF03A42D2F8142112F4A02F12
S21402BA702DD1684A684912789AB9F20411D40A7824
S21402BA807AB14FEADB02654842EA447282F001026A
S21402BA90D0F8EC0E02F00102520020FA02F29307EE
S21402BAA015D10420FDF7EEF95D4A5E485067FFF7B0
S21402BAB075F859490A7832B95B4A5C4912680BEA4A
S21402BAC002020A4201D14BF4804B26F48056B9F1A9
S21402BAD0000F1DD019F4805F18BF4BF4802B19F4A9
S21402BAE0807F18BF4BF4002B19F4005F18BF4BF091
S21402BAF0100B19F4007F18BF4BF0200B19F4806F5F
S21402BB0018BF4BF0400B19F4006F18BF4BF0800BB8
S21402BB10B8F1000F3AD018F4802F18BF44F400741E
S21402BB2018F4803F18BF4BF4805B18F4801F18BFD0
S21402BB304BF4003B18F4001F18BF4BF0020B18F42E
S21402BB40003F18BF4BF4801B18F4800F18BF44F058
S21402BB50100418F4002F19D0304AD2F8C42E12F06E
S21402BB60C00F13D02849CA68C2F30362032A01D061
S21402BB70072A05D14A6CD00602D48A6C110732D540
S21402BB804FF400212A4A28F40028D161002E00F042
S21402BB901581320540F187802648DFF88490C27806
S21402BBA02549002A4ED04FF40063013AD2B24B66C2
S21402BBB0C27032B9214A1278C2B140F60141204A17
S21402BBC05167002200216BE04BF4803B1EE74BF4EA
S21402BBD0006B1BE74BF4806B18E74BF4807B15E792
S21402BBE04BF0080B12E74BF4001BCFE7D9F878208E
S21402BBF012F4A05F15BF4FF4807240F60142C9F8F6
S21402BC005820C9F87820DCE7000002B8004000B8E7
S21402BC10612A0020602A0020622A0020003000B03C
S21402BC2000C001B800000101C0110020088D01000B
S21402BC30002002B8512A002000E001B8642A002041
S21402BC4000D001B80320FDF71DF9D9F81420A34B44
S21402BC5012F0060F04BF41F61F72A149A14808BFA1
S21402BC604A674FF400619E4A5166D9F8142012F0D2
S21402BC70060208BFC9F87820B3F88E2012F40061D5
S21402BC805DD022F40062A3F88E20027802F0FF094B
S21402BC90002A58D1FDF762FAFFF7B4FB4A46202184
S21402BCA04BEA020B0C43B30009D52E20FDF726F80B
S21402BCB04FF000518A4A44F0080411675166F006B4
S21402BCC006D52B20FDF71AF81021854A1167516612
S21402BCD016F0306F05D1F1045DD5BAF1000F00F011
S21402BCE0A780320111D52920FDF708F8FFF7B2F92F
S21402BCF048B17D4A7D487A494A66026700F5405057
S21402BD00C068430422D444F0040416F0007A28D013
S21402BD100420FDF7B7F82720FCF7F0FFFFF772FBC9
S21402BD204FF000716E4A5166714AD2F8EC1E49060F
S21402BD3078D4704A0221916044F0020428E0027826
S21402BD404FF40052ACE74FF400423BE70A6720206C
S21402BD504A66FCF7D3FF2D2044F00C04FCF7CEFF16
S21402BD60D3E716F0807FDFF8909146D00420FDF7E7
S21402BD7089F82820FCF7C2FFD9F87820002A39D1A2
S21402BD80FFF740FB564A584944F0010411675166D2
S21402BD900021594A9165320405D5584A12689047DF
S21402BDA04BEA000B0C43730508D555498A78002ADE
S21402BDB000F08E80013A8A70002217433A465846AF
S21402BDC02146FEF769FF019B0BB1FCF7E1FB01225E
S21402BDD04C4B05F00435C3F814514B4B18F4002FA6
S21402BDE0C3F884211EBF4FF40022424BDA6105B02D
S21402BDF0BDE8F08FC9F878A0C4E7F004C8D50420DF
S21402BE00FDF740F8414AC9F87420FDF7A7F9D9F8BA
S21402BE10642012F0407FBBD12A20FCF76FFFFFF7A9
S21402BE20F1FA81E7D2F8C42E930685D4384A81E720
S21402BE3033490A7952B1013AD2B20A7112B92B4A7F
S21402BE403449516700224BEA020BA4E70420FDF7AF
S21402BE5019F80320FDF716F8274A2C49516701F016
S21402BE60EBFF81460DF10F00FDF73AFD2A4A8246A6
S21402BE7012780AB1FEF77EFEBAF1030F0ED1DFF892
S21402BE80A0A00020FDF72CFD032807D1DAF8282011
S21402BE90D007F6D4DAF84420D103F2D49DF80F2066
S21402BEA0032A06D101211D4A4846117001F0C8FF37
S21402BEB0C8E74FF03A42D2F8142112F4A02FF1D17B
S21402BEC0FEF76CFE484601F0BBFF4FF48042BAE72D
S21402BED00220FCF7D7FF01226FE700BF003E00B04A
S21402BEE000E001B8642A00201000002000D001B84B
S21402BEF0003000B0002002B800C001B8E80B0020F5
S21402BF00512A0020002000BA00E100E000000101F2
S21402BF10001002B80000010D632A0020602A0020EB
S21402BF20000002B80122024B1A62DA61704700BFB3
S21402BF30002002B8074A08B5D369116A0B400649C1
S21402BF4098B2DB07C86104D5D068C0F30360FFF778
S21402BF50E9FF08BD000002B8002002B80C4A08B586
S21402BF60536C926C13400B4A5364DB070FD50A4B93
S21402BF7040F6AC221878122100F00100F9F70EFF05
S21402BF80BDE80840002201200021FEF785BE08BD5C
S21402BF9000C000B800E000B8C0110020184B70B511
S21402BFA01C6C5A6C1440174A24F002011164E10713
S21402BFB005D540F6F32200201968F9F7EFFEA2072E
S21402BFC01CD502220F4B1A64A3F500535B68DBB242
S21402BFD0A3B9FDF791F804460D460B4ED6F8F43396
S21402BFE0DB060BD5FDF788F802460B4620462946A7
S21402BFF0FCF736FF652871F10001EFD370BD00BF74
S21402C000008002B800A002B8000002B870B5802610
S21402C0100A4C0B4DD4F88430DB070AD4A36FD4F84D
S21402C02084201340074A936770BDFFF7B7FFC5F831
S21402C0308461D5F804311A06F7D4EBE7008001B81C
S21402C04000E100E000A001B870B514460D4601F00C
S21402C050F3FE064BD3F8C46E74402C407440C3F80B
S21402C060C44E01F0EDFE06EA050070BD003000B0D9
S21402C070034BD3F8C43E99430CBF012000207047FF
S21402C080003000B01E4BD3F8C43E13F001001ED0A1
S21402C0901C4B93F848001C4A40F08073C2F8CC3020
S21402C0A04FF480131949C1F8B430A1F58051C1F894
S21402C0B0B830D2F80C31DBB2FF2B1FD0984294BFB7
S21402C0C00020012040F6DF323C21F9F767BE1A064F
S21402C0D0E1D40F4A92F8471121B1DB0602D592F855
S21402C0E04401D8E74FF480120020084B0649C3F8F3
S21402C0F0B820C1F8CC00C3F8B42070470120E1E7AD
S21402C100003000B0003F00B0004000B8006000B849
S21402C110003E00B053B94AB9002908BF00281CBF28
S21402C1204FF0FF314FF0FF3000F082B9ADF1080C4E
S21402C1306DE904CE00F006F8DDF804E0DDE902233E
S21402C14004B070472DE9F04F099D0C46002B4DD1E7
S21402C1508A420F4684469646B2FA82F360D94BB1BB
S21402C16002FA03FEC3F120029F4000FA03FC20FA03
S21402C17002F217434FEA1E461FFA8EF44FEA1C429B
S21402C180B7FBF6F106FB117701FB04F042EA074221
S21402C190904208D91EEB020201F1FF3702D290420A
S21402C1A000F231813946121A1FFA8CFCB2FBF6F005
S21402C1B006FB102200FB04F44CEA024C644508D944
S21402C1C01EEB0C0C00F1FF3202D2644500F21E8117
S21402C1D0104640EA0140ACEB040C002125B12CFAD3
S21402C1E003F30022C5E90032BDE8F08F8B4205D981
S21402C1F00DB1C5E9000100210846F5E7B3FA83F15F
S21402C20000294DD1A342C0F0F380904280F0F08026
S21402C210064623460846002DE6D0C5E90063E3E756
S21402C220002B40F0A3808A1A4FEA1E471FFA8EF6AA
S21402C2300121B2FBF7F407FB14204FEA1C4242EA44
S21402C240004206FB04F090420FD91EEB020204F1F4
S21402C250FF382CBF4FF001094FF00009904203D976
S21402C260B9F1000F00F0CC804446121A1FFA8CFC7B
S21402C270B2FBF7F007FB102200FB06F64CEA024C74
S21402C280664508D91EEB0C0C00F1FF3202D2664559
S21402C29000F2B3801046ACEB060C40EA04409DE781
S21402C2A0C1F120068B4004FA01FE22FA06F720FAB4
S21402C2B006FCF4408A401F434EEA0C0300FA01FED5
S21402C2C04FEA17484FEA13491FFA87FCB4FBF8F007
S21402C2D008FB104449EA044400FB0CF9A1450ED9B8
S21402C2E03C1900F1FF3A2CBF4FF0010B4FF0000B48
S21402C2F0A14503D9BBF1000F00F08B805046A4EB9A
S21402C30009041FFA83F9B4FBF8F308FB134403FB92
S21402C3100CFC49EA0444A44506D93C1903F1FF384B
S21402C32001D2A4457BD8434643EA0040A4EB0C0462
S21402C330A0FB02984445CC46434602D306D1CE45DE
S21402C34004D20138B9EB020C68EB0703002D6CD05F
S21402C350BEEB0C0264EB030422FA01F304FA06F6BF
S21402C360CC4000211E43C5E900643DE702FA03FE05
S21402C370C3F1200104FA03F200FA03FCCC404FEAB0
S21402C3801E4720FA01F11FFA8EF6B4FBF7F00A43B5
S21402C39007FB1044110C41EA044100FB06F48C42F0
S21402C3A00ED91EEB010100F1FF382CBF4FF0010938
S21402C3B04FF000098C4202D9B9F1000F2CD040464A
S21402C3C0091B92B2B1FBF7F407FB141142EA0142D1
S21402C3D004FB06F1914207D91EEB020204F1FF3874
S21402C3E001D291421ED84446521A44EA004120E73E
S21402C3F0861A64EB030301200DE7F44402384AE789
S21402C400023C724431E702397244CCE6F444023804
S21402C410DFE602383C4472E702387144D0E7023B5A
S21402C4203C4481E7023C7244DEE72946DCE600BF74
S21402C430704700BF024B0A46014618680AF0EFBC76
S21402C440180C002008B5064B044613B10021AFF3C2
S21402C4500080044B1B6803B19847204602F041FA5D
S21402C460000000006C280020024B0146186800F00D
S21402C4702DB800BF180C0020024B0146186800F0C9
S21402C480F5BA00BF180C002070B50F4E0C460546D4
S21402C490316811B900F0A4FA30602146284600F04F
S21402C4A09FFA431C03D14FF0FF34204670BDC41CD4
S21402C4B024F00304A042F8D0211A284600F090FA8D
S21402C4C00130F2D1EFE700BF2C2700202DE9F04122
S21402C4D0CD1C064625F0030508350C2D38BF0C2565
S21402C4E0002D01DBA94204D90C2333600020BDE8ED
S21402C4F0F081314F00F062F83B681C4644BB294687
S21402C5003046FFF7C1FF431C044650D13C68214623
S21402C510002941D1002C44D02368304604EB03089E
S21402C52000F05EFA80453CD1216830466D1A2946F5
S21402C530FFF7AAFF013034D023682B4423603B6800
S21402C540002B36D05A68A24229D100225A600EE049
S21402C5502268521B1DD40B2A16D96119A3422560E4
S21402C56018BF5960636808BF396062514B60304635
S21402C57000F02AF804F10B00231D20F00700C21A6F
S21402C580B5D01B1AA350B2E7A3426268DED13A6066
S21402C590EDE723466468B1E70C464968B8E71346F8
S21402C5A0CEE70C233046336000F00EF89EE70560B7
S21402C5B0DDE75B60FFDE00BF3027002001480AF09F
S21402C5C069BD00BF652A002001480AF064BD00BFAD
S21402C5D0652A0020002310B504468360818119462F
S21402C5E04366C28108228361C0E90033C0E904338E
S21402C5F05C300AF046FD0D4B246263620C4BA3626C
S21402C6000C4BE3620C4B23630C4B9C4206D003F1AB
S21402C6106802944202D0D0339C4205D104F15800FD
S21402C620BDE810400AF035BD10BD00BF2D6F0300F7
S21402C6304F6F0300876F0300AB6F030034270020A1
S21402C640024A034903480AF0FEBB00BF0C0C002056
S21402C650EF7203001C0C002041680C4B994210B587
S21402C660044601D00AF043FEA168094B994202D063
S21402C67020460AF03CFEE168064B994204D020466A
S21402C680BDE810400AF033BE10BD00BF34270020BC
S21402C6909C2700200428002010B50B4B04210B4CCD
S21402C6A00B4A20461A600022FFF794FF04F1680046
S21402C6B001220921FFF78EFF04F1D0000222122187
S21402C6C0BDE81040FFF786BF6C2800203427002004
S21402C6D041C6020001480AF0DDBC00BF662A0020FF
S21402C6E001480AF0D8BC00BF662A002010B50446EE
S21402C6F0FFF7F0FF236A1BB1BDE81040FFF7F0BF5B
S21402C700044B2362044B1B68002BF5D1FFF7C4FFD2
S21402C710F2E700BF59C602006C2800200FB407B526
S21402C720064904AB086853F8042B8168019300F0AD
S21402C730E7F903B05DF804EB04B07047180C00206C
S21402C740024B014618680AF09CBB00BF180C00207A
S21402C7502DE9F7431D46574B04460E461F68904682
S21402C76027B13B6A13B93846FFF7C0FFB8F1020F8C
S21402C77006D0B8F1010F00F29980002DC0F2968023
S21402C780636ED90705D4A3899A0502D4A06D0AF070
S21402C79081FC214638460AF0AAFD616B41B104F1DC
S21402C7A04403994202D0384600F060F900236363DE
S21402C7B00023A3616360A3891B0603D5216938465B
S21402C7C000F054F9A389B8F1020F23F44A6323F068
S21402C7D00303A38160D001AB6A46214638460AF0BD
S21402C7E0AEFDA3891843A0812DBB009D2846FFF706
S21402C7F03BFE0646002851D1DDF80090A9453FD100
S21402C8004FF0FF35B4F90C3043F00202A281002249
S21402C810A26004F147022260226101226261626E16
S21402C820D60704D4980502D4A06D0AF034FC284634
S21402C83003B0BDE8F083002ED8D03B6A13B9384661
S21402C840FFF754FFB8F1010F266002BFA38943F039
S21402C8500103A381B4F90C3013F00802C4E904659D
S21402C8601ED0D90745BF00226D42A560A26048BF10
S21402C870A561626ED20701D49B0513D50025D6E7C3
S21402C8804846FFF7F1FD06460028B9D0A3894D4673
S21402C89043F08003A381D0E70025B3E7A946F5E776
S21402C8A0A260E6E7A06D0AF0F6FBE7E74FF0FF3579
S21402C8B0BDE700BF180C00200B4603490246086875
S21402C8C0816800F01DB900BF180C002038B5294B4E
S21402C8D005460C46186818B1036A0BB9FFF706FF3F
S21402C8E0B4F90C30190722D4DA0607D409222A60D2
S21402C8F043F040034FF0FF30A38133E0580712D5D0
S21402C900616B41B104F14403994202D0284600F01B
S21402C910ADF800236363A38923F02403A3810023D5
S21402C920636023692360A38943F00803A381236914
S21402C9304BB9A38903F42073B3F5007F03D02146D5
S21402C94028460AF021FDB4F90C3013F001020AD091
S21402C9500022A26062695242A261226942B913F0C1
S21402C9608000C5D138BD990758BF6269A260F4E756
S21402C9700020F7E7180C002038B50023054D0446C2
S21402C98008462B6001F0ABFF431C02D12B6803B1B3
S21402C990236038BD7028002038B50446064D084688
S21402C9A0114600222A601A4601F0A3FF431C02D158
S21402C9B02B6803B1236038BD7028002038B50446C2
S21402C9C0064D0846114600222A601A4601F093FFD9
S21402C9D0431C02D12B6803B1236038BD70280020A7
S21402C9E038B50023054D044608462B60E6F7C0FB23
S21402C9F0431C02D12B6803B1236038BD7028002087
S21402CA0038B50446064D0846114600222A601A46E4
S21402CA1001F07FFF431C02D12B6803B1236038BDAF
S21402CA207028002070B50D4D00260D4C641BA41016
S21402CA30A64209D10B4D00260B4C0BF021FA641BC3
S21402CA40A410A64205D170BD55F8043B013698479E
S21402CA50EEE755F8043B01369847F2E7EC0E002065
S21402CA60EC0E0020EC0E0020F00E002038B5054635
S21402CA70002941D051F8043C0C1F002BB8BFE41823
S21402CA80FFF79CFD1D4A136833B96360146028469D
S21402CA90BDE83840FFF798BDA34208D920682118A0
S21402CAA08B4201BF19685B6809182160EDE71A46D8
S21402CAB05B680BB1A342FAD911685018A0420BD199
S21402CAC020680144501811608342E0D118685B6800
S21402CAD0084453601060DAE702D90C232B60D6E7CD
S21402CAE0206821188B4202BF19685B6809186360C8
S21402CAF008BF21605460CAE738BD00BF3027002057
S21402CB002DE9F04F0D469DB014469846064618B1DC
S21402CB10036A0BB9FFF7EAFD6B6ED90705D4AB893A
S21402CB209A0502D4A86D0AF0B5FAAB891B0701D59F
S21402CB302B699BB929463046FFF7C8FE70B16B6E6B
S21402CB40DC0704D54FF0FF301DB0BDE8F08FAB898F
S21402CB509805F7D4A86D0AF09EFAF3E70023CDF8FD
S21402CB600C804FF00109DFF8B481099320238DF879
S21402CB70293030238DF82A3023469A4613F8012BA3
S21402CB800AB1252AF9D1BAEB040B0BD05B46224632
S21402CB90294630460AF0A4FA013000F0A780099A26
S21402CBA05A4409929AF80030002B00F09F80002326
S21402CBB04FF0FF320AF1010A049307938DF85330BF
S21402CBC01A93CDE9052354460522544814F8011B4E
S21402CBD00AF016FC049AD8B9D10644BF20238DF871
S21402CBE05330130744BF2B238DF853309AF8003086
S21402CBF02A2B15D0079A544600204FF00A0C2146DD
S21402CC0011F8013B303B092B4BD9B0B1079214E027
S21402CC10A0EB0803A24609FA03F313430493D2E7F0
S21402CC20039B191D1B68002B0391BBBF5B4242F09E
S21402CC30020207930793B8BF049223782E2B0AD1D9
S21402CC4063782A2B32D1039B02341A1D1B6843EAEF
S21402CC50E37303920593DFF8D4A0032221785046AB
S21402CC600AF0CEFB38B1A0EB0A004022049B013446
S21402CC7082401343049314F8011B062228488DF8B9
S21402CC8028100AF0BDFB00283FD0264B1BBB039B97
S21402CC90073323F0070308330393099B3B440993A6
S21402CCA06AE70CFB02320C460120A8E70023013497
S21402CCB04FF00A0C19460593204610F8012B303A1D
S21402CCC0092A03D9002BC6D00591C4E70CFB012123
S21402CCD004460123F0E703AB2A4604A93046009334
S21402CCE0114BAFF300800746781CD6D16B6ED9077E
S21402CCF005D4AB899A0502D4A86D0AF0CCF9AB89A3
S21402CD005B063FF51FAF09981EE703AB2A4604A948
S21402CD1030460093044B00F00BF8E4E72ACD0300FC
S21402CD2034CD030000000000E170030030CD0300A4
S21402CD302DE9FF470F7E914680460C46782F9A468D
S21402CD400C9E01F1430207D8622F0AD8002F00F08A
S21402CD50DD80582F00F0C38004F1420684F842704A
S21402CD603AE0A7F16303152BF6D801A151F823F098
S21402CD70C9CD0200DDCD020059CD020059CD020018
S21402CD8059CD020059CD0200DDCD020059CD020078
S21402CD9059CD020059CD020059CD0200F3CE020051
S21402CDA06BCE0200ABCE020059CD020059CD020076
S21402CDB015CF020059CD02006BCE020059CD0200FB
S21402CDC059CD0200B3CE020033681A1D1B683260CA
S21402CDD004F1420684F842300123A8E03168236851
S21402CDE0081D30601E0601D50D6803E05D06FBD502
S21402CDF0B1F90050002D616878DA2D200029A16073
S21402CE0084F843002DDA6D425D480A231646B5FBC8
S21402CE10F3F103FB1157C75D06F8017D2F460D4659
S21402CE20BB42F4D9082B0BD12368DF0708D5236948
S21402CE3061689942DEBF302306F8013C06F1FF36F0
S21402CE40921B22614B4603AA21464046CDF800A01B
S21402CE500AF058F901306FD14FF0FF3004B0BDE848
S21402CE60F08723F004032360CDE7216833680806C1
S21402CE7053F8045B02D4490648BFADB26F2F336045
S21402CE803F4814BF0A230823002184F8431066682B
S21402CE90002EA660BADB216821F004012160002D75
S21402CEA0B4D1002EB2D11646BCE7236843F0200365
S21402CEB0236078273348236884F845701F06316854
S21402CEC051F8045B02D45F0648BFADB23160D907A1
S21402CED044BF43F0200323601DB11023D4E7284843
S21402CEE0E9E7236823F020032360F6E724480A23B1
S21402CEF0CDE733682568181D616930602E061B6809
S21402CF0001D5196002E06806FBD519800023164693
S21402CF10236197E7336800211A1D32601E68626833
S21402CF2030460AF06DFA08B1801B606063682361C0
S21402CF30002384F8433085E7236932464946404653
S21402CF40D047013088D023689B0714D4E068039B3F
S21402CF509842B8BF184681E7012332464946404602
S21402CF60D04701303FF478AF0135E36803995B1A86
S21402CF70AB42F1DCEAE7002504F11906F5E700BF4B
S21402CF803BCD03004CCD030038B50023064D0446C6
S21402CF90084611462B6001F0A5FC431C02D12B6803
S21402CFA003B1236038BD00BF7028002038B50023C7
S21402CFB0054D044608462B6001F099FC431C02D13D
S21402CFC02B6803B1236038BD70280020094A5168D7
S21402CFD0C84390FAA0F048B1B0FA80F0042805DC05
S21402CFE0012383400B43536040B270474FF0FF303B
S21402CFF0704700BF9C2800200021034B28220348CC
S21402D000C3E900110AF03DB89C28002074280020CD
S21402D01038B50546FFF7DAFF04460448294600EB12
S21402D020C4000AF05AFA204638BD00BF7428002011
S21402D030C3B2042B10B515D804230B4A03EBC00366
S21402D040134453E8002F0A4343E80024002CF8D187
S21402D05001220649824051E8003F134341E800306E
S21402D0600028F8D110BD00BF742800209C2800209C
S21402D070F7B54FF0040C01260827184A1849194D2F
S21402D080106800B30B7806FA03F420421DD0E04382
S21402D09052E8004F044042E8004EBEF1000FF7D1BE
S21402D0A017FB03C32B4453E8000F43E800E4002CAD
S21402D0B0F9D1019048B1087801AA0B4905EBC000E6
S21402D0C00AF047FA012003B0F0BD0B78506883429D
S21402D0D02EBF00230133DBB20B70D1E79C28002061
S21402D0E0672A00207428002078563412024B1868EB
S21402D0F0003818BF012070479C28002010B504464F
S21402D10000F0A1FE074B1B684BB1DB681B1B002B14
S21402D110CCBF0024012400F09CFE204610BD1C4615
S21402D120F9E700BFB428002038B54FF0FF340546B3
S21402D13000F089FE084B1A681AB900F08AFE2046EB
S21402D14038BDD2E903310B445B1B23F000439C42FB
S21402D15028BF1C465268EFE7B42800202DE9F84F96
S21402D1600C9F0E461546994680469DF82CA008B19F
S21402D17003687BB937B129463046B84740F20340C8
S21402D180BDE8F88F002DF9D0002EF7DB284600F018
S21402D19009FCF3E700F057FE8346504600F0F0F92C
S21402D1A00446584600F055FE8CB947B1294630462B
S21402D1B0B8470320314600F0BBFB1A20E0E7002DFB
S21402D1C0F7D0002EF5DB284600F0ECFBF1E76561B0
S21402D1D000250A9BC4F80080DFF87080C4E9079730
S21402D1E0A660236184F818A0D8F8003065609847D6
S21402D1F009EB000600F027FE07461248E6600268C2
S21402D200114631B1CB689B1B002B13DBCB689E42C9
S21402D21010D09DB90C4B626004601C682CB1D8F823
S21402D22000309847FFF780FFA047384600F011FE0F
S21402D2300020A5E74B680D461946E2E76B68636077
S21402D2406C60F2E7B4280020A4280020AC28002056
S21402D2502DE9F74F81460D4692461E4600F0F3FD35
S21402D2604FF00008DFF874B00190DBF800402CB9EC
S21402D270019803B0BDE8F04F00F0EBBD23684B45C4
S21402D2801CD12DB1A3682A6823F00043934215D11E
S21402D2907EB96368B8F1000F13D1CBF800300D4B9E
S21402D2A01F6887B10C4A12689047FFF73DFFB847E0
S21402D2B009E051466069B0470028EAD0A046646893
S21402D2C0D5E7C8F80430676820460AF0BAF83C4644
S21402D2D0CDE700BFA4280020AC280020B4280020F8
S21402D2E0014B1860704700BFA428002070B50B4B96
S21402D2F004460E4615461978094A0A480AF03DFDC4
S21402D3000023094A24211360084A07201660084AA7
S21402D31015602246BDE8704000F0B4B8802A0020AE
S21402D3205DCD0300682A0020B4280020AC28002027
S21402D330A82800207FB504461846002303930A4B0C
S21402D3400D461B68164613B9212004B070BD03A90A
S21402D35098470028F8D10090324629462046039B7B
S21402D3600AF0AAF8F1E700BFA8280020F8B505469B
S21402D37010200F46164600F0F7FA0A4B04461878B5
S21402D38018B1102221460AF0FBFC44B1012300200A
S21402D390E3602B68C4E9017623602C60F8BD1A208E
S21402D3A0FCE700BF682A00202DE9F843264FDFF885
S21402D3B0A880264D38603868FFF7A0FE30B9244BA7
S21402D3C01B689847BDE8F843FFF7AEBE00F03BFD8A
S21402D3D0D8F800400646ECB16368C8F800301D4B2A
S21402D3E0D3F80090B9F1000F0CD100F032FDA3681B
S21402D3F02C6033F0004311D128680AF022F800238B
S21402D4002B60D8E7124B1B689847FFF78DFEC8477C
S21402D4103046EAE700F01DFD2C60CCE72368002BBF
S21402D420EAD018680028E7D0A26832F00043E3D0BA
S21402D430D0E90069636921688068C8470028DBD1A3
S21402D440002ED9D03046EFE7B8280020B0280020BA
S21402D450AC280020A4280020B428002038B50446B2
S21402D4600D4600F0F0FC064B1B683BB1DA69226001
S21402D4701B692B60BDE8384000F0EBBC2360F8E780
S21402D480B02800202DE9F74F4FF6FC770024164609
S21402D490DFF884900331DFF884B009EB00150F4003
S21402D4A04FEA001ADBF800306A80804629F80A70D4
S21402D4B002FB07F0EC60984717FB06F292B20346AF
S21402D4C068602A8108B300921148124A9BF8041039
S21402D4D052F8282040440AF051FC21462A896868FE
S21402D4E009F0CFFD214623469E4206DC0020D144A9
S21402D4F0A9F8026003B0BDE8F08F6A68E8685418BD
S21402D50050500133EC603944EEE71A20F2E700BFD0
S21402D510692A00205CCE0300B8210020BC28002027
S21402D52070B50B4E044606EB0015696839B1094B17
S21402D5302A89185C0AF023FC686800F033FA06EBC6
S21402D54004101022BDE87040002109F09ABD00BF09
S21402D550B8210020692A0020044B19601A719860CD
S21402D56002010021024809F08CBD00BFBC28002041
S21402D570B8210020014B185C704700BF692A0020C2
S21402D58070B50A4C060104EB0013DD68084B185C04
S21402D59018B12946A25B0AF0F3FB2DB12B6834447E
S21402D5A0E3606388013B6380284670BDB821002093
S21402D5B0692A0020024B03EB00139878704700BFDD
S21402D5C0B8210020094B10B403EB00135A88DC681C
S21402D5D001320C60D9605A80054B185C18B15DF8B0
S21402D5E0044B0AF0CEBB5DF8044B7047B82100200E
S21402D5F0692A0020044A010102EB0013505A10B1B6
S21402D6001B89B3FBF0F07047B821002038B5002420
S21402D610154B164D1C70164B20461C60154B2C6085
S21402D6201C706C60AC60FFF7E5FF80B2A0F10E03E1
S21402D6306B80A0F11403013068812046EB80FFF76F
S21402D64099FF04460C4D01460C4A28460AF095FB03
S21402D6502146681E0A4A0AF090FB2146681C094ABF
S21402D660BDE838400AF089BB7E2A00203A2900200D
S21402D670E02800207D2A00207B2A0020A0CE03007E
S21402D680A9CE0300B3CE030070B5044680B300F003
S21402D690DAFB637905466FF382036371237913F02D
S21402D6A0100605D010232371BDE8704000F0D1BBF0
S21402D6B0104903F0030331F823203046013A21F8DB
S21402D6C023202146FFF77EFF0B4B0C4E1C681CB92D
S21402D6D00A4B28461C70E7E7237A1BB933781BB936
S21402D6E02468F4E7012BFBD1204663689847F7E7E6
S21402D6F070BD00BF3A290020E02800207E2A0020C4
S21402D70010B5044600F09FFB034B1A6822601C60AB
S21402D710BDE8104000F09DBBE028002010B5064B87
S21402D72000F0E0001A78541C1C70044B03F8320018
S21402D73003EBC203596010BD7D2A0020C8280020D2
S21402D7402DE9F04F0446460789B048BF00F0F704BB
S21402D7500492029100F077FB614F04F0030607EB98
S21402D760860337F826205B8881469A4204F0EF0A41
S21402D7704FEA860831D20020FFF702FF054640B383
S21402D78037F826304846013327F8263000F061FB8A
S21402D79028460AF061F9029B029AAB71049B85F84F
S21402D7A004A01344EB7100F04EFB07464D4B1C6879
S21402D7B0002C40F08C80384600F04BFB4A4B985DBC
S21402D7C018B1452229460AF0DBFA284609B0BDE818
S21402D7D0F08F01224846454B1A7000F03AFB2507A7
S21402D7E01DD51F2C1BD904F0E003039300F02BFB7E
S21402D7F007EB08035B8837F826804FF0000B984546
S21402D8002CBF00230123DFF8EC90019300F021FBEC
S21402D81007EB86030593364B1B789B4508D384F0AB
S21402D82004005146C0F3800000F082F80025C5E7E8
S21402D83099F80030039A1A4204D0D9F80480D8F82E
S21402D840003023B90BF1010B09F10809E3E707934E
S21402D8505A79D00708D51A79510705D5019941B9E1
S21402D8608AEA0202920704D098461B68002BEFD180
S21402D870E5E7404609F056FF0579079007A809F044
S21402D88033FF2946002000F053F800F0DCFA059B2F
S21402D89037F826205B8805469A4234BF01230023C8
S21402D8A0019309D20020FFF76BFE079058B137F8B4
S21402D8B02630013327F82630284600F0CAFA079D9C
S21402D8C0002DBCD064E70122084B1A70F4E7237AD5
S21402D8D0012B02D1204663689847246868E700BF98
S21402D8E03A290020E02800207A2A00207E2A0020FA
S21402D8F07D2A0020C82800200022014B1A607047AB
S21402D900E428002010B5044600F09DFA074A136882
S21402D9102BB914602360BDE8104000F09ABAA34207
S21402D92002D01A461B68F3E710BD00BFE4280020A9
S21402D93070B505460E46054B1C6804B970BD636893
S21402D9403146284698472468F7E700BFE4280020B7
S21402D950024B034A197803480AF00FBA7F2A0020BE
S21402D960C0CE0300802A002038B5C41C24F003046D
S21402D970204601F086FA0A4B0546187818B1224668
S21402D98029460AF0FDF92DB921460220FFF7D0FFFD
S21402D990284638BD22460021284609F072FBF7E7E2
S21402D9A0802A002010B5044628B1054B187810B11D
S21402D9B021460AF0E6F92046BDE8104001F07FBA9B
S21402D9C0802A002010B5064C237823B9EAF79CFC7F
S21402D9D018B901232370002010BD40F20740FBE770
S21402D9E0812A002038B50B4B04461B780D464BB1F6
S21402D9F021462846EAF7A8FB002840F2074008BF5F
S21402DA00002038BD04490548FFF7DCFF0028EFD0A8
S21402DA10F7E700BF812A0020EFBEADDEBEBAFECA1F
S21402DA20704708B501F008FAE4F746FE01F011FA6D
S21402DA30FFF7F6FFE9F79CFAF8E7F1F771B808B5D1
S21402DA40EAF76EF9BDE80840F3F726B910B50446C2
S21402DA50E5F758F82046E4F749FE2046E4F7A6FD27
S21402DA6010BD0120704700B5C3B0F0F7EBFF04F01D
S21402DA7049FE48B1FFF7F5FF30B101A805F0D2FC28
S21402DA8010B901A8FFF7E2FF43B05DF804FBE5F723
S21402DA907FBB08B5E7F776FA00F092FAE7F782FA64
S21402DAA0BDE80840FFF7CBBFE5F7FCB87047E5F7DF
S21402DAB01DBAFFF7D8BF704708B5E8F703FDBDE803
S21402DAC00840E4F7BDBF08B5E9F760FEE8F71CFDBD
S21402DAD000F084FDE8F7FCFFEAF716FC00F007FE0C
S21402DAE0BDE80840FFF7E8BFE4F7B8BF012070477B
S21402DAF00120704738B5E5F733FA0546F0F7CAFF56
S21402DB00041E18BF2C46FFF7F1FF002818BF204658
S21402DB1038BD38B5E9F754FB0446E5F717FA04288A
S21402DB201ED002284FF0000508BF012404F02CFE88
S21402DB30042817D0022808BF0124E4F795FF04281A
S21402DB4012D0022808BF0124FFF7D2FF04280DD006
S21402DB50022808BF0124002D18BF0024204638BD25
S21402DB600125E3E70125E8E70125EDE70024F5E7CF
S21402DB7082B002AB03E90300012002B0704770478F
S21402DB807047FEE710B53AB1002350F8234041F83B
S21402DB90234001339A42F8D110BD002070474FF45B
S21402DBA0004070474FF47A70704700230360704756
S21402DBB003680B60016070474FF060420123D2F8A1
S21402DBC0001E83400B430020C2F8003E704710B58B
S21402DBD088B004460E98009207900D98224606904A
S21402DBE09DF8300005900B9804909DF8280003904D
S21402DBF00020CDE901300B460121E5F74BFB08B0CA
S21402DC0010BD704713B5044601A8E6F7C9FF9DF894
S21402DC10063023804FF480736380E6F7E1FF60608E
S21402DC20002002B010BDE6F741BF08B5E6F72EFFAA
S21402DC30002008BD10B5044644EA010313F00303AE
S21402DC40084609D1934201D1002010BD54F8231092
S21402DC5040F823100133F5E72146920009F01CFA3A
S21402DC60F2E70A4601390144E8F794BF08B5E5F73A
S21402DC7023FABDE808400021E5F72ABF1FB50023B6
S21402DC8080280446019371D02AD8002872D0A0F1C9
S21402DC902004412C32D8412C30D8DFE804F06B6ED9
S21402DCA06B6E7E7E7E7E6E6E883C9E623C6E6E6E76
S21402DCB02F2F2F2F2F2F83546E6E6EA8A36E2F2F0B
S21402DCC02F2F2F2F2F2F2F2F2F2F2F6B2F6B6B6B6D
S21402DCD07E2F2F2F2F2F2F2F2F2F2F2F2F2F6B6B86
S21402DCE0B0F5806F59D021D8B0F5007F50D008D853
S21402DCF0B0F5807F60D0B0F5C07F3BD0019804B00D
S21402DD0010BDB0F5607F43D0F8D8B0F5207F34D090
S21402DD10B0F5407FF2D1E5F7BDF902464FF4207028
S21402DD20E5F7ACFEB2FBF0F252082FE0B0F5C06F9A
S21402DD3053D00DD8B0F5A06F34D0B0F5B06F36D052
S21402DD40B0F5906FDAD1002101A8E5F79BFDD5E783
S21402DD50B0F5E06F46D0B0F5F06F48D0B0F5D06FB2
S21402DD60CCD1002101A8E5F7E5FDC7E7E5F778F98C
S21402DD700190C3E7E5F78EF9FAE7E5F78BF9024675
S21402DD804FF42070E5F77AFEB2FBF0F20192B5E7A7
S21402DD90E5F766F902462046F4E7002101A8E5F712
S21402DDA02BFDABE7002101A8E5F738FEA6E7002128
S21402DDB001A8E5F745FDA1E702934FF0E0231B69B2
S21402DDC05B0705D5E5F766F90290029B019395E796
S21402DDD003A902A8E5F78AFDF7E7002101A8E5F7FF
S21402DDE085FD8BE7002101A8E5F7D0FD86E7002137
S21402DDF001A8E5F7EFFD81E70029CCBF012100214C
S21402DE00E5F766BE02214FF42070E6F7E9B810B5D2
S21402DE10E5F740F90446E5F7E3FCC0F102012046C7
S21402DE20FFF7EAFF01210020E6F75CFAE6F73EF983
S21402DE30BDE81040E5F792BEEFF3108072B6704769
S21402DE4000B962B67047EFF31180302383F311886E
S21402DE50704780F311887047704770470020E6F7D6
S21402DE6041B90120E6F73EB9704770B5054614463B
S21402DE700E46FFF7E1FF2B685C4034405C402C60A6
S21402DE80BDE87040FFF7DCBF70474369DB01FCD496
S21402DE90012300F5005043607047022A10B54FF088
S21402DEA0000405D9033A022A0CD90360047110BD96
S21402DEB011F4000218BF4FF07F4221F07F43134354
S21402DEC00C0EF2E721F0FF03CCB2EEE730B40125E8
S21402DED000F5805344685D60CB784D785B0443EA76
S21402DEE005230D7889782B43090401F480310B430E
S21402DEF0C0F89830E30702D430BCFFF7C6BF30BC88
S21402DF00704738B50C460546FFF7BFFF2378114623
S21402DF10627803F0070343EAC203E278284643EA3C
S21402DF200223A278120102F0300213432B67EB6A37
S21402DF30A27923F48B3323F4807343EA02432279D3
S21402DF40120202F4E06213436279120302F4805270
S21402DF501343EB62FFF7BAFF012305F580525360C5
S21402DF60E27902B1EB6038BD08B50A6F496F02F07C
S21402DF700702FFF792FF08BD08B50A6FC96F02F0E5
S21402DF800702FFF78AFF08BD4FF0B0435A6812B186
S21402DF909A6A002AFAD17047012200F580535A6025
S21402DFA0CB43934003F00A034361416111B900F584
S21402DFB000504260704783695B06FCD5C1637047B8
S21402DFC0F8F770BA0020704713B51AB1002400940F
S21402DFD000F0BEF802B010BDF0B58DB005AC84E816
S21402DFE007001C46A1420D4628BF2546129B0DB3CC
S21402DFF004B311462846002603F53813CDE90A462F
S21402E0008DE8030003F241135F02C5EB4323099335
S21402E01002950CAA059B12E90700069500F0CAF9BC
S21402E020A54207D23146621B381B0DB0BDE8F04050
S21402E03000F0BEB90DB0F0BD30B591B001AC84E8C9
S21402E04007001C461346DA0049BF029A62000332F2
S21402E05022F00302014604A8FFF7B6FF04A800F068
S21402E0608CF81499224601F5381101F241114D023D
S21402E07008A8C4EB41210023FFF7A6FF05F50071AF
S21402E08000232246091B0CA8FFF79EFF0CA800F0EF
S21402E09074F808A904A800F050F811B030BD10B505
S21402E0A08CB005AC84E807000E9ADDE9060102F59D
S21402E0B0381202F5A0725202CDE9092300228DE839
S21402E0C003000B9202930CAA059B12E9070000F0CC
S21402E0D071F90CB010BD2DE9F04B4FF000089946CF
S21402E0E00746164645468AB003AC84E8070002F0A7
S21402E0F0805B07AC049A424502D80AB0BDE8F08BB2
S21402E100139B13B9AA1E012A0AD9129BCDE90779D5
S21402E110099600955BB194E807004B46FFF75CFF53
S21402E120BBF1000F00D14F440135C844E2E74B462D
S21402E13094E80700FFF7B3FFF2E708B5E7F716F82B
S21402E140E7F74AF8E7F752F8BDE80840E7F762B89B
S21402E15010B5044622F07042103060602160A26062
S21402E16039B1A26803F070431343A360029BE360D5
S21402E17010BDA36843F08043F7E701234360C368FA
S21402E18043F02003C360836843F000538360704704
S21402E19037B515464A6804463AB18C680093096852
S21402E1A045EA0403FFF7D4FF0446204603B030BD19
S21402E1B02DE9F04FD3B0CDE90123DDE95D7BDDE942
S21402E1C05FA900230390042003ACCDE9050307C929
S21402E1D007AB83E8070021461846619E0494E7F7DA
S21402E1E02DF88046002840F0B3805C9A0AAB07CA36
S21402E1F0DBF8045083E80700DAF804304C421D448A
S21402E200D9F804306D425B420093BB6805F00F05F7
S21402E210DA0048BF7B6804F00F0442BF033323F0E2
S21402E22003037B60B368DB0041BF7368033323F0EC
S21402E230030373600023DBF80400DAF80420CDE958
S21402E240153381182944CDE90E1379680D93494296
S21402E25001F00F01CDE9103171681293494201F0C5
S21402E2600F01CDE91331CDE9173319935C9B5B6837
S21402E2704BB9D9F804301343184301BF1024CDE933
S21402E2800B4016AB0A9311234FF0005204A932A892
S21402E290FFF77EFF40F611034FF0005207A9FFF783
S21402E2A077FF42F611034FF000520299FFF770FF14
S21402E2B044F611034FF000520199FFF769FF41231C
S21402E2C000225946FFF764FF2B024FF000525146D8
S21402E2D043F04103FFF75CFF23024FF0005243F086
S21402E2E001030AA9FFF754FF009B4FF000521B02DE
S21402E2F003F47063494643F00103FFF749FF103801
S21402E300FFF73BFF00230DA91A461AA8FFF740FFA6
S21402E310002339461A46FFF73BFF002310A91A4688
S21402E320FFF736FF002331461A46FFF731FF002378
S21402E33013A91A46FFF72CFF002362991A46FFF725
S21402E34027FF1038FFF719FF1AA932A8FFF7F5FEC4
S21402E350404653B0BDE8F08F82B000B589B00DF1EB
S21402E360200C20290CE907000B9312D8DDE90E01D8
S21402E37002AB83E803005CE902018DE803000BAA06
S21402E380059B07CA00F09DF809B05DF804EB02B0E1
S21402E39070470120F8E7034610461944CA1A012AB4
S21402E3A000D5704711F8012D02440A701012F5E7E5
S21402E3B008F067BE82B02DE9F0438BB005AE86E862
S21402E3C00700079D1F4615F0804513938046DDE93A
S21402E3D014328946169C16D18C4228BF0C46D200AF
S21402E3E016D584B10F2C1AD8A9EB0502042A3B686D
S21402E3F028BF042208EB050009A90435099308F092
S21402E4004BFEAC42F0D80BB0BDE8F04302B070470A
S21402E4109C4228BF1C46002CF5D00F2C13D9DDE9F0
S21402E42014018DE803000294139B96E80700E6F7B2
S21402E430A5FEE6F7D1FEE6F7D9FE0BB0BDE8F0433F
S21402E44002B0E6F7E7BE224639460BB0BDE8F04317
S21402E45002B008F021BE82B070B586B00E9E0B9355
S21402E4600C9B03ADB3EB460F85E8070027D10122CC
S21402E470314626200F9BE6F7BBFD0446C8B90123AA
S21402E480CDE9003395E8070006253346FFF723FE5D
S21402E49000950BAA07CA3346FFF7CEFD234622464F
S21402E4A021462846E6F790FDE6F7BEFD041E18BF95
S21402E4B00524204606B0BDE8704002B07047072427
S21402E4C0F7E782B02DE9F04F89B01D461393149BEF
S21402E4D001AC8B4284E8070006460C4605D00720AE
S21402E4E009B0BDE8F04F02B070476B1813F8013C54
S21402E4F0DB07F4D50027EB5DB3B34FF0FF084FEA16
S21402E500480111EA030A5FFA81F8F8D13A46514601
S21402E51006EB07093046E71B08F0B3FD04F1FF3BA4
S21402E520CDE9067ACDF814900DF1140A9AE80E0099
S21402E530DDE91607B847002101278C46084699F8F8
S21402E540003023EA080389F80030A1420ED1BCF15C
S21402E550000FC4D00028E9D1002FE7D101223046AF
S21402E560FFF719FF3846BBE70137C4E76A5C735CFE
S21402E5708B4508BF02F0FE02A2EB030E5FEA1E2ED8
S21402E58007F0010E08BF4FF0000E5340013B1B0A76
S21402E59007F0010740EA0E0008BF00270131002AF3
S21402E5A018BF4CF0010CD0E708B5E6F757FD10F09F
S21402E5B00E03FAD0022BF8D010F4806018BF0620A3
S21402E5C008BD10B50446E6F76DFD2046E6F720FFC7
S21402E5D018B9BDE81040E6F787BF10BDFFF7F2BCDA
S21402E5E0F0B5154649228FB0149C8DF8242004F10C
S21402E5F00C060DF1250254F8047BB44242F8047B63
S21402E600F9D1247814704FF48074ADF834409DF834
S21402E610544000228DF8364004240694169CCDE918
S21402E620001505941324049409ACCDE902340B4674
S21402E63011468DF832208DF83350E6F7B1FF0FB051
S21402E640F0BD30B5C02A93B02FD0B2F5807F29D066
S21402E650802A2CD14FF4807480F001002043019070
S21402E6601698012502901024212003950494059003
S21402E670069301AB0795089409900A9306AB0B9391
S21402E68004230C9311230D930AAB0E910F9340F6BD
S21402E6901103D20802A90EA810921193E6F750FFB2
S21402E6A013B030BD4FF48274D6E70F20F8E7292066
S21402E6B0F6E71FB5079C02949DF81840CDE9003492
S21402E6C013460A4601460020FFF78AFF04B010BD33
S21402E6D01FB5079C02949DF81840CDE900341346F6
S21402E6E00A4601460120FFF77BFF04B010BD08B5BD
S21402E6F0E7F7AAF8BDE80840E7F7DAB810B5044627
S21402E700FFF79AFB4FF0A8431A6822601B69636002
S21402E710FFF796FB002010BD10B50446FFF78CFBF2
S21402E7204FF0A84322681A6062681A61FFF788FBF6
S21402E730002010BD70B506460D4614468CB0CAB110
S21402E7401022002108A808F09CFC002207AB0293C6
S21402E75005AB019306AB00933046294608ABCDE9DC
S21402E7600522E7F703F918B9099B6360059B236046
S21402E7700CB070BD6FF08600FAE770B505460E461F
S21402E780E7F79CF8044648B931462846E7F70AFBFD
S21402E790044628B1E6F79EFEE7F79CF8204670BDD1
S21402E7A0BDE87040E7F796B810B5436A8AB0041D14
S21402E7B0CDE901430023CDE9052310223C30CDE903
S21402E7C00331CDE908230790E7F778F860B907AB7D
S21402E7D01A4604A901A8E6F781FD0446E7F77AF887
S21402E7E0002C18BF6FF092000AB010BDE7F704BD08
S21402E7F008B528B14C22002108F043FC002008BDD1
S21402E8006FF08600FBE70020704738B51C460023F1
S21402E8100846236011461546FFF7AFFF00B925608C
S21402E82038BD08B50120E5F79BFB002008BD70B592
S21402E8300C46154610B9E7F739FE38B143682BB1D6
S21402E8402A462146BDE8704000681847232070BD5E
S21402E850F7B50D4616461C4648B103B901AC8768A3
S21402E8605FB12346324629460068B84706E0E7F716
S21402E8701DFE04B901AC0028F1D1232003B0F0BD7F
S21402E880F8B50C461546064658B9E7F70FFE204679
S21402E8902946FEF711F80446002CD4BF3720002084
S21402E8A0F8BDE7F703FE86420746F0D03046E7F7A4
S21402E8B0F1FD29462046FDF7FFFF04463846E7F7F6
S21402E8C0E9FDE9E70EB403B503AA52F8041B019268
S21402E8D0FFF7D6FF02B05DF804EB03B070470020E6
S21402E8E07047FEE74FF4005300204B60704701204C
S21402E8F070470020704707B5002001AB0190FFF774
S21402E900A7FF0198002808BF4FF0FF3003B05DF85C
S21402E91004FB10B514460020FFF789FF204610BD01
S21402E9204FF06042D2F8803E1B02FBD470472DE9BE
S21402E930F84F0F4615461E46002402F104089DF8BD
S21402E94028B002F109094FEA132A5FFA88F84C4503
S21402E95002D30020BDE8F88F052C12D8DFE804F0B9
S21402E9601E09030B0D0FD1210820E4F771FC0134B8
S21402E970EDE74146F8E7F1B2F6E75146F4E75946C5
S21402E980F2E7AB1DA3420BD0EB1DA34208D005F164
S21402E9900803A34206D0BB1F195DE5E75B21E3E748
S21402E9A05A21E1E75D21DFE7034670B190F838208F
S21402E9B090F83C002AB1022803D1012283F83C20B9
S21402E9C0704704284FF00102F8D00120704780F803
S21402E9D02C10704790F82C00704790F8390070475A
S21402E9E03022037A534303F1A04303F58023D96E02
S21402E9F0D0E903231344994214BF084610467047D1
S21402EA00F8B504460D4690F8393081B173B990F8DE
S21402EA103A60FFF711FA054601213046E8F7F2F9A7
S21402EA202846FFF70DFA012384F83930F8BD002B8B
S21402EA30FCD090F83A70FFF7FFF9064629463846AA
S21402EA40E8F7E0F93046FFF7FBF984F83950EDE7CE
S21402EA502DE9F843044616460D4690F82C80FFF73B
S21402EA60F2F994F8382003469AB1FFF7F2F994F8CF
S21402EA703B90FFF7E1F9074601214846E8F7C2F95D
S21402EA803846FFF7DDF9FFF7DEF90022034684F881
S21402EA9038201846FFF7DDF92E44B54204D101218D
S21402EAA02046236A98473DE094F82D302BB3FFF7B3
S21402EAB0CAF9237E0746EBB12046FFF791FFE168CD
S21402EAC00138884238BF2069D4F830C03CBF00F114
S21402EAD0FF30401803469C450BD013F80129112A33
S21402EAE001D0132A21D1A2F111035A425A4184F8C5
S21402EAF0342020633846FFF7ACF994F83430002B04
S21402EB00CBD0B8F1000F06D02B780A2B03D10D21FB
S21402EB102046E36998472046E36915F8011B9847A3
S21402EB200028BAD00020BDE8F883994282BF236944
S21402EB3003F1FF335B18CEE7F8B590F83830044699
S21402EB4003F0FF06A3B93146036A9847012384F807
S21402EB50383094F83B70FFF76FF905463146384671
S21402EB60E8F750F92846FFF76BF9022384F83C30A1
S21402EB70F8BD0422036C03F58053DA64704710B5BF
S21402EB800446026C93695906FCD5002394F8491092
S21402EB901A4694F84800E5F75DFC002394F84B10FB
S21402EBA01A4694F84A00E5F755FC94F85030DA070E
S21402EBB007D5002394F84D101A4694F84C00E5F752
S21402EBC049FC94F850309B0707D5002394F84F1061
S21402EBD01A4694F84E00E5F73DFC0122206C00210F
S21402EBE000F50053DA640422DA64FFF7D5F9606CA4
S21402EBF00021E4F793FF002010BD08B5006CFFF774
S21402EC00DAF9002008BD0122036C19B103F580531E
S21402EC10DA64704703F50053DA649A64704770B595
S21402EC200468206C856C15F001050BD0012200F5F6
S21402EC3000539A6483699B060ED52046BDE8704051
S21402EC40FFF77ABF0426237E84F83C602BB90123A3
S21402EC5000F50050C664237670BD637E13B394F845
S21402EC602D30FBB1132184F83550FFF7A4F9236C3D
S21402EC7003F58052D6645B6ADBB2112B0DD10123F9
S21402EC8084F834303022237A534303F1A04303F549
S21402EC908023DB6E013B2363DEE7132BDCD184F893
S21402ECA03450EFE7042300F50050C364D4E708B5F8
S21402ECB0E7F7D2FF08BD10B5FFF7BEF80446E8F73F
S21402ECC017F82046BDE81040FFF7BAB87047012093
S21402ECD070474FF4C870E8F73BB970472DE9FF411B
S21402ECE00D4616461F460446A8B14FF00008C0F867
S21402ECF01C80E8F785FDBDF82C30424602939DF84D
S21402ED0028302946CDE9007320463346E8F7DEFC74
S21402ED1004B0BDE8F0812220FAE7F0B50D461646AB
S21402ED201F46044685B090B10023C361E8F768FD2C
S21402ED30BDF82C302A4602939DF828302946CDE9A4
S21402ED40007320463346E8F7C1FC05B0F0BD22202A
S21402ED50FBE7F0B51F46002387B00D46164604466D
S21402ED608DF81730A8B1C3610DF11701E8F778FDE9
S21402ED709DF817207AB9BDF83430294602939DF8DB
S21402ED8030302046CDE900733346E8F79FFC07B0E3
S21402ED90F0BD2220FBE70320F9E7F0B51F4600236B
S21402EDA087B00D46164604468DF81730B0B1C361DB
S21402EDB00DF11701E8F754FD9DF8173083B9BDF839
S21402EDC034302A4602939DF830302946CDE9007346
S21402EDD020463346E8F77AFC07B0F0BD2220FBE770
S21402EDE00220F9E738B5FFF72EF8054600F008F8D6
S21402EDF004462846FFF72DF8204638BD00F019B81D
S21402EE004FF0B0439A6A1207FCD4186A70474FF064
S21402EE10B04301285B6904D0022805D1C3F38010F1
S21402EE20704703F001007047002070473E20FEF74F
S21402EE3025BF3E20E4F758BF08B5E3F761FDFEF7AD
S21402EE4026FEFEF740FEFEF724FEBDE80840FEF76B
S21402EE502BBE08B5FEF72AFEFEF729FEFEF729FEB0
S21402EE60BDE80840FEF727BEE4F76AB908B500F029
S21402EE7026FEECF7D9FC01F0B7FD02F0BBFB002042
S21402EE8008BD38B50446FEF7D7FF05462046FDF70F
S21402EE90EBFA04462846FEF7D3FF204638BD70B587
S21402EEA004460E46FEF7C8FF314605462046FDF7E5
S21402EEB0C1FA04462846FEF7C3FF204670BD38B5A1
S21402EEC00546FEF7B9FF04462846FDF7D5FA204662
S21402EED0BDE83840FEF7B4BF10B5044608B1E8F7FF
S21402EEE02BFF2046BDE81040FFF7E9BF00F4E040E4
S21402EEF0B0F5805F04D0A0F50053584258417047E1
S21402EF00012070473AB1002918BF00232121D21AE6
S21402EF10184408F0B6B8704738B5037904460D466B
S21402EF203BB9A368022120462B6000F02DFC38B9BD
S21402EF3038BDD0E9091200F0BDFC0028F1D0F7E791
S21402EF4000232B60F4E700232DE9F341D0E90168A2
S21402EF5004460F4630461146136000F07CFC054618
S21402EF6088B9304600F079FC054660B9F6B276B943
S21402EF70B8F1000F05D1E36823F47F4323F00303BF
S21402EF8063B16FF08605284602B0BDE8F0810146FF
S21402EF90A06800F0E8FB0028EDD1F2E74FF6F87320
S21402EFA062889A421ED8238B012BEAD8394601A8DA
S21402EFB0E9F710FA05460028E5D10FCC3F683E4631
S21402EFC00FC694E807003B7986E807000BB9019B59
S21402EFD0BB603B8B012123F0010338463B8300F0E4
S21402EFE0D3FBD0E76FF08505CDE741F205239842C3
S21402EFF01AD8B0F5905F09D241F2010398420CD0BC
S21402F000B0F5885F09D06FF0850070472923A0F518
S21402F010905080B2C340DB07F5D511F0070F0CBF46
S21402F02000206FF086007047B0F5105FEBD121F03C
S21402F0304003802B06D0B1F5807F0CBF00206FF016
S21402F040860070470020704770B5446A05460E4633
S21402F0503CB90120FFF723FF686228B12046AE6262
S21402F06070BD6FF08A00FBE76FF08C00F8E7F8B52A
S21402F0700F46114606461546FFF7E6FF044620B938
S21402F0802A463946706A08F007F82046F8BD2DE988
S21402F090F041089D88461F46048802B32046FFF7C3
S21402F0A025FFE0B12B680BB9D3002B6020462968F8
S21402F0B0FFF79BFF044678B9CE1DB2EBD60F11D1EF
S21402F0C0069B9A4211D84146384607F0E5FF2B6860
S21402F0D0079A0733DB0813602046BDE8F0816FF01D
S21402F0E08504F9E76FF08604F6E76FF08904F3E724
S21402F0F02DE9F04F476885B03F0A0446DDE90E9ACF
S21402F1000D4616469846DDF840B015D1CDE901AB5E
S21402F110CDF80090E6F7A8FF10F1860F0ED1434611
S21402F120324629462046CDE90FABCDF8389005B0D9
S21402F130BDE8F04FFFF7ABBF6FF0860005B0BDE845
S21402F140F08F10B50446406A10B1A16AFFF7C4FEFC
S21402F1500020C4E9090010BD38B50546FFF7F1FFE7
S21402F16095F820300446043B012B0CD8EB69002BA3
S21402F1700CBF04466FF096042C220021284607F0A6
S21402F18080FF204638BD6FF09604F5E710B50446BA
S21402F19038B1042100F0F8FA2046BDE81040FFF727
S21402F1A0DBBF10BD38B590F820300546052B16D1CA
S21402F1B00479FF2C07D1FFF7CFFF041E08BF6FF0BC
S21402F1C08404204638BD1CB1806800F058FB044613
S21402F1D02846FFF7C1FF002818BF0446F1E76FF084
S21402F1E08804EEE707B558B1012201A9E9F72EF91E
S21402F1F030B9019800F000FB28B10198FFF7D2FF62
S21402F20003B05DF804FB6FF09900F9E7F7B5044622
S21402F21008460E4600F01FFA002320461A4601A9A9
S21402F220E8F7B2FE78B9019F34463D460FCD0FC4CB
S21402F23095E8070084E80700338B384603F001039D
S21402F240338300F0DEFA03B0F0BD2DE9F0411F462D
S21402F250002388B0054688461646CDE905333B604E
S21402F260002A54D0B2F1005F54D206AA05A9FFF7CD
S21402F2706AFE0446A0B90598436AABB1059B4146AF
S21402F2805A882846079207AA029203F12802019298
S21402F2909A6A00925B6A3246FFF72AFF044680B1FA
S21402F2A00598FFF773FF28E06B681B0A02D06FF021
S21402F2B08604F5E73146FFF7C7FE04460028DDD090
S21402F2C0EEE70598079B4288DAB943804FF6F87254
S21402F2D0934219D82B8813B102889A42E7D12B6A37
S21402F2E0002BE4D16B8813B142889A42DFD13946AB
S21402F2F0FFF712FE04460028D2D1204608B0BDE829
S21402F300F0819A42D3D1E1E76FF08504C8E76FF047
S21402F3108604F2E76FF08504EFE710B5044600684E
S21402F32068B106280CD104F10800FFF761FA002341
S21402F3302360A38823F4FF7323F00103A38010BD88
S21402F3406FF08600F3E72DE9F04305469846002362
S21402F3508DB002932B6808461746002B47D1B8F1AA
S21402F360000F134602A914BF4FF480624FF40062E6
S21402F370E8F70AFE044600283BD1DDF8089003AC05
S21402F3804E46CDE90A000FCE0FC496E8070084E881
S21402F39007003846BDF80C102A1DE8F765FE04463D
S21402F3A038BB6B79049968F300036B71090AD9E9D3
S21402F3B00923B8F1000F12D011BB009703A905F17B
S21402F3C00800E6F719FF044698B9062302982B6050
S21402F3D000F017FA044620460DB0BDE8F08379B96E
S21402F3E0009703A905F10800FFF700FAEBE76FF0B4
S21402F3F088042846FFF791FF029800F002FAEAE72F
S21402F4006FF08604F5E70123FFF79DBF38B5054682
S21402F410006898B112B90024204638BD06280AD1E1
S21402F42005F10800E6F71AFF04460028F3D028463E
S21402F430FFF773FFF0E76FF08604F8E76FF08804D3
S21402F440EAE72DE9F04105460068884616461F465B
S21402F450F8B16A79D2071CD52A79D2B1B2421BD842
S21402F46006281CD105F10800E6F748FF044610B14D
S21402F47000233E602B713246214640463B68FFF72A
S21402F48041FD2846FFF749FF002C18BF2046BDE87D
S21402F490F0816FF08804EBE76FF08904E8E76FF01D
S21402F4A08604E5E7034610B50C461146DA6900887D
S21402F4B00AB91B6A3BB9FFF719FD38B12046BDE809
S21402F4C01040E8F741BE6FF0860010BD6FF0850071
S21402F4D0FBE700232DE9F04385B0CDE901330B604D
S21402F4E0438806460D46002B00F0B280038803F4DC
S21402F4F0E043B3F5804F00F0AB8002AA01A9FFF704
S21402F50022FD044600287CD1019A7768526A6AB1C5
S21402F5107368019F1B0AD7F8248057F8289F74D077
S21402F5206FF086040198FFF70CFE6AE03F0A61D18D
S21402F530B6F8008071884046FFF7D8FC80B1404696
S21402F540FFF753FD044600285BD108F4E043B3F509
S21402F550805F02D0B3F5005F0AD10731CF0817E00B
S21402F56028F0FF03B3F5E24F37D06FF0850448E08A
S21402F57008F44F43B3F5844FEFD047F201039845A2
S21402F5800FD149080131C90801EBC10101F13B075E
S21402F590039703990198FFF757FD04460028B7D052
S21402F5A02FE044F20103984503D1C90801F1100780
S21402F5B0EEE747F20202904505D1C90801EB410188
S21402F5C001F15A07E4E744F20202904505D1C90860
S21402F5D001EB410101F14A07DAE728F0FF00B0F536
S21402F5E0E24FBAD0B0F5824F01BF0731C9084900D1
S21402F5F04F1CCDE7304603A900F059F80446002810
S21402F600C7D00198FFF7C2FD13E033885B0414D419
S21402F6103B464A4641463046FFF744FF04460198B9
S21402F620002C7FF47FAF2946FFF776FC04460028BD
S21402F630E7D1204605B0BDE8F0833B464A46414640
S21402F6403046E6F7A7FC10F1860F0446E7D1DFE75F
S21402F6506FF08604EDE710B50446C069FFF72FFC8D
S21402F6602046BDE810402422002107F00ABD2DE9FD
S21402F670F04105460F4690461C469BB119460120AE
S21402F680FFF70DFC064678B12246414607F004FD18
S21402F690E86908B1FFF713FC0020C5E907642F806C
S21402F6A0BDE8F0811E46F3E76FF08C00F8E70288AB
S21402F6B043884068000A51D102F4E040B0F5805F0A
S21402F6C002D0B0F5005F05D10733DB0840D16FF0FA
S21402F6D08500704702F44F40B0F5844F03D10733DC
S21402F6E0DB080AD1F3E747F20100824208D15B0841
S21402F6F00133DB0803EBC3033B3300200B60704788
S21402F70044F20100824202D1DB081033F5E747F2E9
S21402F7100200824204D1DB0803EB43035A33ECE7D0
S21402F72044F20200824204D1DB0803EB43034A336D
S21402F730E3E722F0FF02B2F5E24FD0D0B2F5824FF5
S21402F740C5D10733DB085B000133012BD5D1BEE7F9
S21402F75022F0FF02B2F5824FCFD1F6E700236FF018
S21402F76086000B60704703466FF040420846591EFB
S21402F770914207D338B103F1404393428CBF002035
S21402F780012070470120704790F82030052B11D8D1
S21402F790DFE803F0030B16141F214B1E012B09D9B9
S21402F7A0042907D06FF087007047022902D00B1F8A
S21402F7B0012B0BD880F8201000207047022902D0B7
S21402F7C0CB1E022BF5E7C369002BF3D06FF088003F
S21402F7D070470529EED00029ECD0F7E710B50321D3
S21402F7E00446FFF7D1FF30B9E3695A1C0EBF6FF02B
S21402F7F096000133E36110BDC069B0FA80F040099B
S21402F800704708B90020704790F82020032A08D1D4
S21402F810C269EAB1013AC261002AF3D10221FFF7B6
S21402F820B3BF052A09D0042A0FD1C26982B1013AB0
S21402F830C261002AE6D1FFF78FBCC26942B1013A23
S21402F840C261002ADED1FFF7ADBC6FF088007047B8
S21402F8506FF09600704700207047C0B2FF280CBFBA
S21402F8606FF086000020704707B500216A46FEF753
S21402F87061FF8C3018BF012003B05DF804FB13B59E
S21402F88000216A460446FEF755FF8C3002D100205E
S21402F89002B010BD00212046E6F742FA014610B13A
S21402F8A06FF09800F4E76A462046FEF743FF8C3076
S21402F8B0EDD0F5E72DE9FF410746144688460029B4
S21402F8C03FD0002A3DD0B2F5005F3DD202F12406B9
S21402F8D031460120FFF7E3FA0546C0B303463A462F
S21402F8E021464046E8F72CFEBF6800243846FFF75C
S21402F8F0BBFF01281FD021462B46324638460094CD
S21402F900E6F74CF90146C8B9384602AAFEF712FFD6
S21402F910044620B9029B9E4205D06FF098043846F2
S21402F9200021E6F7FDF931462846FFF7D5FA2046CC
S21402F93004B0BDE8F0816FF08A04F4E76FF0980433
S21402F940F1E76FF08604F2E76FF08D04EFE76FF0F1
S21402F9508C04ECE7FFF7C0BA2DE9F047D0F808A010
S21402F96086B08146884617465046002104AAFEF70E
S21402F970E1FE044610BB049E01203146FFF78FFAD3
S21402F9800546002837D02146504604AA0394FEF7BF
S21402F990D1FE044670B903AB02462146CDE90053B8
S21402F9A050463346E6F766F9039B04469E4209D064
S21402F9B06FF0980431462846FFF78EFA204606B0C6
S21402F9C0BDE8F0870028F5D13B4642463146284638
S21402F9D0CDF80090E8F7D2FD04460028EAD1D8F820
S21402F9E000302BB13B68002B08BF6FF09104E1E7B3
S21402F9F06FF09104DEE76FF08C04DFE750E8003F1B
S21402FA000B4340E80032002AF8D17047C94350E859
S21402FA10003F0B4040E80032002AF8D17047431EF0
S21402FA20032B06D8DFE803F0020402040320704723
S21402FA30042070477047CB6918477047704700200C
S21402FA40704770474FF000007047002070477047BD
S21402FA507047002070470020704700207047002043
S21402FA60704700207047704700207047002070479C
S21402FA7070477047002070477047704711207047E4
S21402FA80002070474FF0FF307047002070477047E5
S21402FA90704700207047002070474FF0FF307047D5
S21402FAA011207047002070470120704700207047E1
S21402FAB0002070470020704770477047704701F07B
S21402FAC0BFB938B50446FEF7BEF9D4E910120546AA
S21402FAD02046E8F797FDE18C228DE060521A40F24C
S21402FAE0712101FB020303F59C5308332846236168
S21402FAF0BDE83840FEF7ADB908B52030FFF77EFF07
S21402FB00BDE808404FF08050EFF716B838B50D46FE
S21402FB1004460830EAF722FB294600252046ECF781
S21402FB2061FBE06EE56110B1E9F764FCE56604F19D
S21402FB305000BDE8384007F0D7BD38B5044619B3C3
S21402FB4090F838208AB190F839300133DBB29A4205
S21402FB5080F8393009D10121FFF7D8FF4FF08071C4
S21402FB602046BDE83840FFF7C7BF236ADA030BD545
S21402FB70E36B62689B1A002B06DA01212046FFF728
S21402FB80C5FF4FF08061EBE7236A1B0426D402F020
S21402FB90AAFC1123B0FBF3F303EB0313C01A94F988
S21402FBA0613085B213FA80F0102888BFC5F11005BF
S21402FBB06DB2083B2B4484F8613020460121ECF7F5
S21402FBC011FB40F27121E28C63682A4401FB023386
S21402FBD020466360BDE83840ECF7B4BA0025ECE78F
S21402FBE02DE9F84F1D46C3690F4604461646DDF852
S21402FBF030809DF838909DF840B09DF848109DF8EA
S21402FC0050A0002B40F0D180EB0600F1BE8005F03C
S21402FC100303032B08BF05F0FD0505F0F705BDF845
S21402FC203C30A806A3869DF8540048BF05F0FC05A4
S21402FC30FFF7F5FE47F6FF731BF0020F84F8360057
S21402FC40A4F8783040F0A4801BF0040F00F0A280E5
S21402FC5000F0FD00012814BF0323042394F87F203C
S21402FC609DF8580063F3030284F87F20FFF7D7FE5F
S21402FC7047F6FF738A0784F83700A4F8883000F145
S21402FC808B804B0740F18A8000F0FD00012814BFEC
S21402FC900321042194F88F30606E61F3030384F825
S21402FCA08F30FFF7EAFE00222046216CE8F7AAFC16
S21402FCB040F271237343984279D849F6FF7104F1F2
S21402FCC02000FFF7A3FEFF2384F85430BAF1000F9A
S21402FCD003D0236A43F480532362290705D50626F8
S21402FCE03746236A43F484132362236A6A0723F49B
S21402FCF0C04323620CD419F0010F1CBF43F4005317
S21402FD002362236A19F0020F1CBF43F48043236266
S21402FD10236AA5852B43236204F12E03B8F1000F54
S21402FD203ED0D8F80020C4F82E20B8F804209A80D6
S21402FD309DF82C30012B03D14FF48061FFF75EFE55
S21402FD40236A9DF8282023F4407343EA02232362A1
S21402FD5002F0C9FB94F860309DF84C2084F85F00EE
S21402FD6023F00F03C0F30320034362F3071384F860
S21402FD7060309DF834302046E784268584F82A30A1
S21402FD80FFF79FFE0020BDE8F88F01218B4646E76D
S21402FD90022363E7012361E702217BE7012179E77A
S21402FDA0C4F82E80A3F80480CAE70C20EBE74520AF
S21402FDB0E9E72DE9F743894617460446019330B929
S21402FDC001A807F091FC422003B0BDE8F0830129A8
S21402FDD020D0022910D089B9C369C3B900F1400501
S21402FDE04FF40036236AD9061ED55A0726D501A82F
S21402FDF007F07AFC0020E7E7406E20B901A807F07A
S21402FE0073FC0C20E0E71946FFF738FEDCE700F14A
S21402FE104805E5E7C36923B900F144054FF4802697
S21402FE20E0E700F14C05F9E79B0707D5B9F1000FAB
S21402FE3004D101A807F058FC1220C5E704F12008F7
S21402FE4040463146FFF7E2FDF80702D5284607F09E
S21402FE504BFC019921B1284607F02DFD00230193A2
S21402FE60286807F0C6FC236AD90605D51F2801DCD8
S21402FE70032F16D02846DDE740F27262904204DD78
S21402FE80284607F031FC07209EE7B9F1000F08D19B
S21402FE90BF2806DD9A0704D0284607F025FC452031
S21402FEA092E72046D4E91212E8F7ACFBE3696BB19D
S21402FEB040F27122E38C5343984207D9238D834242
S21402FEC0EAD300F51C70B0FBF2F0E084FDF7BBFF4E
S21402FED0E36905467BB1BB070DD531464046FFF7C1
S21402FEE08DFD6368C3F57A7602F039FBF04202D5DF
S21402FEF02046ECF793FA2846FDF7ABFF7AE708B5FB
S21402FF0048B1CB0701D4002008BD4FF400112030C1
S21402FF10FFF774FDF7E74220F6E708B548B1CB07CE
S21402FF2001D4002008BD4FF400112030FFF76EFD0B
S21402FF30F7E74220F6E7E8F74BBE38B5C369044652
S21402FF400D463BB1036A13F0010011D194F8243038
S21402FF50FE2B0CD004F120004FF48001FFF74EFD7B
S21402FF6001202B68C4F85530AB88A4F8593038BD48
S21402FF700020FCE7036A10B5044613F4602030D074
S21402FF809A0307D504F1400007F0AEFBA36C236486
S21402FF900023A364236A5B0307D504F1440007F039
S21402FFA0A3FBE36C63640023E3644FF4602104F173
S21402FFB02000FFF72BFD2046FFF783FD012094F873
S21402FFC0602094F85F3002F00F0143EA0123013308
S21402FFD084F85F3022F00F02C3F303231A4384F837
S21402FFE0602010BD10B50446503007F064FC204671
S21402FFF0BDE810404FF00071FFF77EBD50E8003FAD
S2140300000B4340E80032002AF8D17047C94350E852
S214030010003F0B4040E80032002AF8D1704738B55D
S2140300200446D0F8A00010B9D4F8A40058B194F848
S214030030375107F08AFB05F00F0581B206312846D3
S214030040EDF7EAFA80B240F27122B4F8783000F5A0
S214030050487053439842B8BF184638BD38B505466E
S2140300600C4602F002FB20B149F640439C4228BFEF
S2140300701C46EA68A2420BD240F27121B5F87A30E8
S2140300804B43934238BF1346A34228BF23461A4620
S2140300902A6138BD03469A6A4430920404D5D3F8DD
S2140300A02821998FEEF7B8BA93F86F10EEF7AABA2D
S2140300B000207047012070470020704700207047DB
S2140300C001207047C8207047002070470020704703
S2140300D0704770471120704770477047002070477D
S2140300E0704700207047704701207047704770477D
S2140300F090F8852010B5531C03F00F03072B28BF79
S2140301000023044663F30302034480F8852083F840
S2140301107E1090F885306F2B4FEA13129EBF013284
S21403012062F3071380F88530FFF7E1FF94F8371181
S214030130204601F00F01FFF7CCFF10BD7047704754
S214030140704700207047002070470020704710B1AA
S21403015001F1B000704701F1D4007047F8307047E2
S214030160806A70472830FFF749BF2830FFF74EBF35
S214030170C06A70472C30FFF741BF2C30FFF746BFED
S21403018000F59C70704708B50B79DB0702D4FFF7C0
S214030190D5FF08BD91F90510BDE80840FFF7A8BFD5
S2140301A002290346808F11D0032909D0012906D1DD
S2140301B01A8F5B6B1201B2FBF3F3184480B27047DD
S2140301C05A6B4FF47A43B3FBF2F3F6E75B8F0730D1
S2140301D000EB4300F2E770B540F2712606FB01F32D
S2140301E045685643826A1D441207044645600ED589
S2140301F000F14005294600F13402EAF7D7FB3346FF
S21403020029462046BDE87040012201F028BA05EBD6
S2140302105605456070BD836A590505D4D0F8A030ED
S21403022013B15B799A0708D4D0F8A40000B97047D5
S21403023043799B0701D40068F8E70120704780F8EC
S2140302407710704738B5044601F01BFC04F1A40090
S21403025007F04AFA04F1A80007F046FA04F1AC00E6
S21403026007F042FA04F1A00007F03EFA2046E8F74A
S21403027019FEC4B22046FFF7ECFB05462046FFF7FF
S214030280EAFB01462846FFF7E3FB38BD38B5836A29
S21403029004461B0713D50246B0F87C3052F8341FC9
S2140302A04B4340F271214B4300F14001EAF77EFBDA
S2140302B0236C20469D08FFF7B2FE2844E06040F218
S2140302C07125616B204601396943FFF7C7FE204657
S2140302D00121EBF787FF636BB4F87C2020465A4373
S2140302E0636805FB02336360BDE83840EBF72ABF5B
S2140302F0B0F8303110B5A0F834310446E8F7D2FD33
S214030300C0B2FFF7DFFE94F8373194F8362103F0D6
S2140303100F0304F1440102F0A1F9EDF7C3F9B4F9B0
S2140303203021824205D0A4F83001EDF78BFEA4F805
S2140303303201B4F93421B4F930319A4209D0A36AB0
S2140303409B0306D52046BDE810404FF40041E8F76E
S214030350BFBD10BDFFF7CCBF836A0A4600F1440158
S214030360C3F34030EEF702B910B5A0F87810A0F842
S2140303707A200446FFF753FE2169E0602046BDE875
S2140303801040FFF76BBE38B504460D463AB94FF436
S214030390C0212830FFF73AFE9DB9002038BDFFF78D
S2140303A09DFE98B128344FF4C0212046FFF72EFE59
S2140303B01DB14FF40031FFF721FE4FF48021204694
S2140303C001E04FF40031FFF719FEE6E71120E5E7F9
S2140303D02DE9FF41836A04469B032CD5B0F930818F
S2140303E0B0F934710020EDF721FF8045CCBF00251E
S2140303F0012502F038F994F83711C82201F00F01ED
S214030400EDF71EFF06462046E8F74CFDB045B4BFA1
S21403041000260126002394F83711A8EB07073FB2FE
S21403042045EA46051A46CDE90085029701F00F0115
S21403043080B200F0B7FC04B0BDE8F081FFF7C8BF98
S21403044086307047F8B504460E4600295AD040F267
S2140304507123476B30465F43A7F28A277F083946E6
S214030460EDF7EAF894F88E30851FADB29D42394613
S2140304703046A8BF1D46EDF7DFF894F88F20831F9C
S2140304809BB29342A8BF1346F21E012AB4F8861005
S214030490B4F888202BD8B1F5296F44F29020B8BF62
S2140304A04FF429618142A8BF0146B2F5296FB8BF50
S2140304B04FF429628242A8BF02461B2DB8BF1B25F4
S2140304C01B2BB8BF1B23304684F8913084F890501A
S2140304D0A4F88A10A4F88C20EDF7AEF8831F9BB21D
S2140304E0AB42A8BF2B46DBB284F89230F8BDB1F519
S2140304F0A47FB8BF4FF4A471B2F5A47FB8BF4FF47E
S214030500A472DAE71B23EFE770B54900466B89B29E
S2140305108E4218BF40F27125044617BF406800217B
S21403052005FB060005FB1100658F1EBF6060616357
S21403053001219542208F17D08342628700D02387FC
S214030540238F626B1B01B3FBF2F394F8371120463B
S214030550A4F89C3001F00F01FFF774FF2046BDE8B6
S21403056070400421E8F7B4BC8342E8D1A36A1B07B2
S214030570E6D50029E4D170BDF0B585B004460E4635
S2140305806A4600F1860300F18E0715461868596817
S214030590083303C5BB422A46F7D11868314628609C
S2140305A09B882046AB80FFF74DFF9DF80B2094F801
S2140305B091309A4211D1BDF80620B4F88C309A4295
S2140305C00BD19DF80A2094F890309A4205D1BDF8D5
S2140305D00420B4F88A309A4207D04FF4814120466B
S2140305E005B0BDE8F040E8F773BC05B0F0BD37B51D
S2140305F0044694F88E50BDF818008D420BD1B4F81B
S2140306008650954207D194F88F509D4203D1B4F893
S214030610885085421DD08DF80610ADF80420019D44
S21403062084F88E1094F8371184F88F30A4F8880075
S214030630C4F840512046A4F8862001F00F01FFF7C6
S2140306409BFFB4F88A30A4F88630B4F88C30A4F84C
S214030650883003B030BD90F8373170B503F00F0320
S214030660044616460D46D9B18B4219D00122FFF730
S21403067033FD294600222046FFF72CFD94F8373138
S214030680204665F3030384F8373105F00F01FFF7BF
S21403069073FF2046BDE870404FF48441E8F718BC6A
S2140306A019462046FFF768FF002EF2D170BDF8B555
S2140306B01D46C36A04465B070F46164610D404213C
S2140306C02C30FFF79BFC84F89A702046A4F89660BB
S2140306D0A4F898504FF40061BDE8F840E8F7F8BB7B
S2140306E0F8BD10B511B190F89A400C7012B1B0F87D
S2140306F09610118013B1B0F898201A80C06AC0F320
S214030700800010BD4FF400412830FFF777BC00F59A
S214030710A270704790F8370100F00F00704770B56D
S2140307200446FDF790FB6568064601F018FF2D1A90
S214030730B5F5FA7504D53046BDE87040FDF789BBBC
S21403074040F27122636B94F870105343B5FBF3F5D4
S214030750A38FAAB29B1AA38794F86F30154602FBA1
S2140307601133252193FBF1F001FB1033002BB8BFA7
S2140307705B1884F86F30B4F89C3020469B1AA4F8B4
S2140307809C300021EBF72EFD40F27122636B20466E
S2140307905D43636802FB15336360EBF7D3FCCAE77C
S2140307A000232DE9F3474E790446B00758BF06F0F9
S2140307B0010608460D4648BF0326ADF8043058BF69
S2140307C00136FFF73FF9074607F01F03002BE36ADE
S2140307D015BF4FF001084FF000084FF003094FF024
S2140307E0020999050CD59DF80430294666F30103E2
S2140307F068F345138DF804302046019A00F08EF90D
S214030800284606F0F6FF82464946284606F0ACFF21
S2140308109DF80430AA7966F3010368F345138DF84F
S21403082004308DF805A0BDF804300C32AB529DF8A9
S2140308300430A9189A066B7948BF8F7043F00103FA
S2140308406B71FDF700FB06462046294650F8A48F39
S21403085007F031F894F84631013384F84631A36A39
S2140308601B070CD5B4F87C30012B02D92046FFF7C2
S21403087056FF304602B0BDE8F047FDF7EABA6568B2
S21403088001F06DFE0746EBF7C3FD8442F1D1ED1B85
S214030890B5F57A7FEDDDB8F1000F03D0D4F8A030BC
S2140308A0002BE6D1ECF74CF9E3E708B5022007F096
S2140308B0DFF810B100F01AFE012008BD10B504469B
S2140308C04FF440712830FFF7A1FB2046BDE81040E7
S2140308D00021E8F77DBF012310B5A1F12002C1F185
S2140308E0200423FA04F403FA02F222438B40D0E9ED
S2140308F0084123400A40134314BF0120002010BDC3
S214030900C36A10B5044613F0080012D00123A1F100
S2140309102002C1F1200023FA00F003FA02F2024398
S2140309208B40D4E9080103400A40134314BF012057
S214030930002010BD10B50C46C9B2FFF7E1FF70B139
S214030940EAF720F8C4F12002A4F12003E04001FAFC
S21403095002F2104321FA03F3184300F0010010BD1E
S21403096070B504460E46EAF73FF9FDF76CFA0546FE
S2140309700221204684F87760E8F7AAFA2046002189
S214030980EBF730FC2846BDE87040FDF762BA70B559
S21403099004460D46FDF757FA0646EBF739FD844243
S2140309A001D1ECF7ADF83046FDF753FA2946204659
S2140309B0BDE87040FFF7D4BF0B68C0F840317047FE
S2140309C038B540F64805D0F840310C460B609BB26C
S2140309D0AB4204D90B21FFF7ADFF08B9258038BD1C
S2140309E044F290232380FAE708B500F0FBF8E8F713
S2140309F0D7FB00F046FB00F008F8EAF72DF8EAF715
S214030A006BFDBDE80840EAF7CFBD704770B51546E5
S214030A100E461C46FFF7A2FB2B684EB103606B68BD
S214030A2043602368C0F825302368C0F8153070BDCE
S214030A3083606B68C3602368C0F829302368C0F8F6
S214030A401930F4E770B50546FFF788FB0446FDF753
S214030A50FAF906464FF480712846FFF783FB4FF4F6
S214030A6000612846FFF786FB3046FDF7F2F90023C0
S214030A70284623612375236284F82430FFF770FB2E
S214030A80802310F0080F14BF237584F8243070BD3C
S214030A9010B50446FFF712FF2046BDE810401021AC
S214030AA0E8F716BA10B504464FF46061FFF765FB26
S214030AB02046BDE81040FFF701BF7FB506460C464B
S214030AC0FFF74CFB4FF4C06105463046FFF752FB79
S214030AD04FF400613046FFF750FB4FF48060E9F7B0
S214030AE0F7FE224670B969462846E9F757FA6B4679
S214030AF005F1100213F8011B02F8011DAA42F9D1F1
S214030B0004B070BD6C4602F11006234610685168A7
S214030B10083203C3B2421C46F7D1E8E7F0B587B004
S214030B200D46ADF80C20FFF719FB0446284606F0E1
S214030B3060FE064600B32846E9F76EFA9DF80C30C9
S214030B4005AF03F02303224631460093019704F1D1
S214030B502003FDF7BDFD2846E9F774FA042239465B
S214030B60284607F083F8236A0133236223B994F8EF
S214030B702430013384F8243007B0F0BD30B585B097
S214030B800391ADF80820FFF7E9FA0446039806F048
S214030B9030FE051F002D02DC002005B030BD039893
S214030BA0E9F73AFA431901939DF80830224603F011
S214030BB023030093294604F11003FDF77AFD00286A
S214030BC0EAD10398E9F73EFA042103A806F0B3FE38
S214030BD02369013323610BB10120DEE7237D013353
S214030BE02375F9E708B54FF40060E9F771FE40B9DD
S214030BF04FF48050E9F76CFE40B9BDE80840EDF7C6
S214030C0055BDFFF79EFA0028F2D008BDFFF79DFA00
S214030C100028F2D0F9E741F0004141F4E0210160F9
S214030C20704707B501A8019106F05EFD002003B0EA
S214030C305DF804FB704770470020704770477047A5
S214030C4010B5DC1D043383734379C47123F00303A7
S214030C5043F003030E244371012344738371C37368
S214030C600182827410BDD31CC3713E234373437940
S214030C70827323F0030343F0030343710123C17319
S214030C80837170470F234373042383734379A0F858
S214030C90111023F0030343F00303437140F201737F
S214030CA0C3800123C27303747047D31CC371437993
S214030CB0417323F0030343F0030343710123827359
S214030CC08371704708B50023FFF7BAFFBDE80840F5
S214030CD0E9F7A6BA2DE9F843804602208946174667
S214030CE01E4606F0C5FED0B10C2343730823837358
S214030CF040F601334579C38025F003059DF820307F
S214030D0045F003054571A0F8108080F81290A0F80E
S214030D101370A0F81560C373E9F782FA0120BDE8E3
S214030D20F88308B5022006F0A3FE30B10122112194
S214030D30FFF799FFE9F774FA012008BDF8B50446F2
S214030D400F46164613211D460922FFF78CFF8379AB
S214030D500C331C44A170E77026712B68C4F8053069
S214030D60AB88A4F80930BDE8F840E9F759BA70B57E
S214030D70064602200D4606F07BFE044668B11421A3
S214030D800422FFF770FF83790C331C44A170A4F888
S214030D9003606571E9F744FA012070BD08B501F0F8
S214030DA04BFD08BD2DE9F041074602200D4690464F
S214030DB01E4606F05DFE0446E0B109222121FFF738
S214030DC052FF0A2283790C331C44BDF9183084F889
S214030DD0038093FBF2F323729DF81C30A7806372A3
S214030DE0BDF92030A67193FBF2F3E571A372E9F720
S214030DF017FA0120BDE8F08137B5044606F0F9FC82
S214030E003E22A379C0B20C33E518E254831E6B70FE
S214030E100D23AB70AB791C38012BE8768DF80730C1
S214030E2009D10023E91D1A460DF10700FEF72FFE30
S214030E309DF80730AB712046E9F7F2F903B030BDF1
S214030E40704710B5E9F726FA837900210C33C418E6
S214030E50E078E7F743FC6168FFF751F80446E9F7E3
S214030E601FFA2246BDE8104000234FF61941FFF74C
S214030E70E7BE10B5E9F70EFA837900210C33C418E0
S214030E80E078E7F72BFC6168FFF747F80446E9F7D5
S214030E9007FA2246BDE8104000234FF61A41FFF733
S214030EA0CFBE70B5E9F7F6F9002186790446FE2031
S214030EB0E7F714FC0546EAF743FD50B10C24E9F7BF
S214030EC0EFF92246BDE87040002342F20501FFF722
S214030ED0B7BEEAF77BFD0028F0D134440F342DB1BA
S214030EE021462846FFF729F80028E7D02046E9F7E9
S214030EF03BFC0024E3E72DE9F041E9F7CBF98379DE
S214030F0000250C33C418E678E9F7C4F90768E9F74F
S214030F10C1F9A6F1FE035942594105603046E7F789
S214030F20DDFB3B4629462279FEF743FF0446E9F7F5
S214030F30B7F92B462246BDE8F04142F23701FFF7E8
S214030F407FBE2DE9F041E9F7A5F9837900250C3337
S214030F50C418E678E9F79EF90768E9F79BF9A6F15E
S214030F60FE035942594105603046E7F7B7FB3B4657
S214030F7022790121FEF71DFF0446E9F791F92B4676
S214030F802246BDE8F04142F23801FFF759BE2DE98B
S214030F90F047E9F77FF983790C33C418277994F877
S214030FA0038027B9B8F1010F27D0E7F7F9FD00262C
S214030FB00534BE420ADB0025E9F772F92A46BDE886
S214030FC0F047002342F23901FFF73ABE2078B4F81F
S214030FD00150A0F1FE035942594194F8039004349A
S214030FE0E7F77CFB58B12A464B464146E7F7D4FC65
S214030FF005460028E0D10136DBE71225DCE742256B
S214031000DAE710B5E9F746F9837900210C33C418FB
S214031010E078E7F763FB80B1211DFEF78EFF00281B
S2140310200CBF0C240024E9F73BF92246BDE8104028
S214031030002342F23501FFF703BE4224F3E7FE28FE
S2140310402DE9F8430646894690461F4616D00220E9
S21403105006F00EFD044690B106221221FFF703FEAA
S2140310601223A57920460C352544AB7085F80390EA
S2140310702E71A5F80580EF71E9F7D2F80120BDE8D7
S214031080F883704710B5EAF75BFC0446FEF7F2FCFC
S2140310902043C0B210BD70B5E9F7FCF88379184455
S2140310A0B0F80F60B0B2E7F7E9FE80B1002100F0B8
S2140310B06DFE0546E9F7F4F8044602232A4642F293
S2140310C01B01FFF7BDFDA3791C44668270BD022594
S2140310D0F0E770B5E9F7DEF883790C33C418B4F893
S2140310E003502846E7F7CAFEA0B1611D00F04EFE86
S2140310F00646E9F7D5F804460223324642F21A01B9
S214031100FFF79EFDE37923449D72E3792D0A1C4481
S214031110E57270BD0226ECE710B5E9F7BBF88379F4
S2140311200C3318444479B0F80300E7F7A7FE60B120
S2140311302146EAF73FF80446E9F7B2F8E2B240F28E
S2140311400641BDE81040FFF79DBD0224F4E770B5E5
S214031150E9F7A0F883791844B0F80F50FCF773FE4C
S21403116004462846E7F78AFE80B11621FFF70FFCF0
S21403117000252046FCF76DFEE9F792F82A46BDE8FF
S214031180704000234FF60441FFF75ABD0225F0E7EF
S214031190F8B5E9F77FF8847905460C340444B4F8C7
S2140311A00300E7F76BFE064640B9E9F779F8022233
S2140311B0BDE8F84042F21301FFF764BDAB79E97965
S2140311C003F10C020220CB1A2A44002106F07BFD11
S2140311D0014618B9E9F764F80722E9E78379033388
S2140311E083713046B4F80D50B4F80F70E9F796FFE4
S2140311F004463A4629463046FFF7B6F8E9F750F86C
S2140312002246D5E738B5FCF71EFE0446FFF73AFF3D
S21403121000280CBF0C250025E9F742F82A4642F2BF
S2140312200E01FFF74FFDEAF771FC2046BDE8384094
S214031230FCF70FBE10B5E9F72DF883791844B0F81C
S2140312400F00C0B2E8F768F9E9F72AF8BDE81040DE
S214031250002342F224011A46FFF7F2BC2DE9F843B5
S21403126081460220884617461E4606F001FC0446C1
S21403127090B10A220321FFF7F6FC0023A579204646
S2140312800C352544EB70A5F80490A5F806802F814D
S2140312906E81E8F7C5FF0120BDE8F8832DE9F0432A
S2140312A0814685B002200E461F469DF844808DF881
S2140312B00F2006F0DDFB0546002844D02222292114
S2140312C0FFF7D1FC0022AC7930460C342C4404F1F1
S2140312D00E0304F11401C4F80E209A80626122837F
S2140312E000913A460DF10F01FEF7D2FB9DF8403010
S2140312F0A4F80490E37006F00103A3719DF80F3081
S21403130016F0FD0FE3713B68A360BB88A3814FF61D
S214031310FF7304D0032E08BF43464FF0FF08BDF803
S214031320302028466283BDF8342084F82180A283C7
S214031330BDF838206384E2839DF83C2084F820209F
S214031340E8F76EFF012005B0BDE8F083F8B5074661
S214031350022016461D4606F08BFB044690B10C226F
S2140313600421FFF780FCA1799DF818300C31214445
S21403137020468F80C1F80660C1F80A50CB70E8F7A4
S2140313804FFF0120F8BD70B5064602200D4606F055
S2140313906FFB044668B103223021FFF786FCA3796E
S2140313A020460C332344A3F803609D70E8F738FF08
S2140313B0012070BD70B5064602200D4606F058FBA8
S2140313C0044688B104220821FFF76FFCB5FA85F2BC
S2140313D0A37952090C3323442046A3F803605A71B9
S2140313E09D70E8F71DFF012070BD2DE9F843814687
S2140313F00220884617461E4606F03AFB0446B0B15E
S2140314000B220721FFF72FFCA579BDF820300C35FA
S21403141025442046A5F80390A5F80580A5F807708F
S214031420A5F80960A5F80B30E8F7FAFE0120BDE839
S214031430F883F8B5074602200E46154606F018FB55
S2140314400446A0B10D220521FFF70DFCA379204623
S2140314500C332344A3F80370A3F80D602A68C3F87B
S21403146005206A68C3F80920E8F7DAFE0120F8BD0C
S2140314702DE9FF4116466A4680460F4615460A9CE6
S21403148003F1100E9446186859680833ACE8030055
S21403149073456246F6D124B9022006F0E9FA0446FB
S2140314A008B31D22ED212046FFF7DDFBA3790C339D
S2140314B02344A3F80380A3F80D702EB13268C3F853
S2140314C005207268C3F809200F3304AE2A4603CA00
S2140314D0B24218605960154603F10803F6D1204658
S2140314E0E8F79EFE012004B0BDE8F08113B5132192
S2140314F0827901900C32841881544FF44072C28072
S214031500E8F724FCA07020B901A806F0EDF802B0B5
S21403151010BD8000013060700198E8F781FEF6E7A1
S21403152070B5064602200D4606F0A2FA044678B1C8
S21403153004220521FFF7B9FB0022A37920460C33CA
S2140315402344A3F803605D719A70E8F769FE0120EF
S21403155070BD13B5837901900C33C418C05CE7F7EC
S2140315608DFC20B901A806F0BFF802B010BD637861
S214031570019913F0300F0CBF012200228B7904333C
S2140315808B714B7962F300034B71E8F721F9ECE7B3
S2140315902DE9F041E8F77EFE83790C33C418B4F8DE
S2140315A003801FFA88F0E7F769FC054600B3A279C3
S2140315B06179FEF7E8FE0646E8F772FE0746022361
S2140315C0324642F27A01FFF73BFBBB7938463B448F
S2140315D0A3F81280E8F724FE46B9A37933B1284668
S2140315E0FFF798F801462846FEF77AFDBDE8F08136
S2140315F00226E1E700F05FBE50E8003F0B4340E8F9
S2140316000032002AF8D17047704770B50E4615466B
S214031610E7F7F2FD044648B93046E7F7A5FB04466C
S21403162020B92846ECF76EFF044640B10020E7F7E2
S214031630E3FD0020E7F798FB0020ECF763FF204666
S21403164070BD4FF40010EDF777BAECF72DB9E9F754
S2140316506DB84368143B4360A0230B6070471AB908
S2140316604268A2EB530242600A6802EB83020A60F6
S2140316707047884210B518D8052816D9B1F5486FB3
S21403168013D8B3F5FA7F10D240F67644A2F10A00D7
S21403169080B2A04209D801339BB24B435B00B3EB45
S2140316A0C20F94BF0120002010BD0020FCE7C943F1
S2140316B050E8003F0B4040E80032002AF8D170475C
S2140316C0002070472DE9F04104460F4600264FF0F0
S2140316D00108214686F00100FEF739FD4FF48051DC
S2140316E0FFF7E5FF836833B940460EB1BDE8F081E6
S2140316F001268046EDE7028ABA4206D1002201217E
S214031700204698470028EFD1EFE70268D205EBD5CD
S21403171000221146F4E708B5FEF732FD00230380E6
S214031720436008BD70B506460C46FCF78CFB0546C1
S2140317303046FEF725FD30B103781C4304704FF4A2
S2140317400070EDF7F9F92846BDE87040FCF781BB59
S214031750E8F73EB807B542798DF8071022F0030282
S21403176042F00302427140F203320DF10701C280D8
S214031770012205F09CFF03B05DF804FBF8B517469D
S21403178006460C461D46FEF7F3FC020713D5022158
S2140317903046FFF7A0F870B111212046FFF7DAFFB5
S2140317A02046E9F7C9F94570877021463046BDE8FB
S2140317B0F840E8F70DB828204FF08861C5F12002FD
S2140317C0A5F12003E94000FA02F220FA03F31143DD
S2140317D01943CB07E0D40D212046FFF7BBFF204675
S2140317E0E9F7AAF94770E0E770B50C460546072106
S2140317F020461646FFF7AEFF2046E9F79DF9214639
S21403180046702846BDE87040E7F7E2BF38B50C4699
S21403181000210546FEF7C4FC47F6FE73241AA4B25D
S2140318209C4205D928462821FFF79AF8002038BDA0
S2140318300120FCE738B504460D4601460020FEF7B6
S21403184086FC03689B0505D429462046BDE8384038
S214031850FFF7DCBF002038BD2DE9F04115461F46D3
S2140318609DF81880FEF773FC0446FCF7ECFAB8F113
S214031870010F064623D154E8003F43F4807344E83F
S2140318800032002AF7D105B354E8002F42F4007261
S21403189044E80023002BF7D1FF212046FFF707FF7C
S2140318A054E8002F48EA020244E80023002BF7D14D
S2140318B03046A5602782BDE8F041FCF7CABA4FF46C
S2140318C080712046FFF7F3FEDDE74FF400712046F4
S2140318D0FFF7EDFEE0E773B5064601200C46FEF77C
S2140318E036FC002305461A46009321463046FFF78A
S2140318F0B3FF6B6863B14FF480712046E7F7E8FAED
S21403190055E8003F43F4007345E80032002AF7D158
S214031910FCF799FA05462046FEF732FC28B1038801
S2140319201BB14FF40070EDF707F9284602B0BDE887
S2140319307040FCF78EBA38B505460C46FEF707FC32
S21403194083684BB102212046002298472146284649
S214031950BDE83840FFF7BFBF38BD012938B5054697
S2140319600C4608D0CC1E012C03D801460120FFF7F5
S214031970E2FF012038BD2221FEF761FC20462946FE
S214031980FFF7D9FF0020F5E708B5FEF7E0FB006890
S21403199000F0F00008BD10B5014604460120FFF72D
S2140319A0F3FF20B92146BDE81040FFF7EDBF10BD99
S2140319B070B506460C4601460120FEF7C8FB3146C5
S2140319C005460020FEF7C3FB2B680268014643EA80
S2140319D00200C0051ED49B0502F4007203D49AB914
S2140319E04FF0FF3070BD2B8A1B1B98B27AB1098A61
S2140319F0091B89B28842A8BF08464FF6FF73984270
S214031A0008BF4FF0FF30EDE74FF6FF70EFE74FF6F6
S214031A10FF71EFE70120E5E72DE9F3410446019165
S214031A20014601201546FEF792FB21460646002096
S214031A30FEF78DFB80462046FEF792FB810606D511
S214031A4001A805F051FE0C2002B0BDE8F081FCF7BA
S214031A50FAF9336807469A0503D4D8F800309B058D
S214031A6009D50199301D8D6005F025FF3846FCF732
S214031A70F0F90020E8E7FCF7ECF920460199A847BF
S214031A80E2E738B5014604460120FEF760FB05464B
S214031A900C3005F029FE281D05F026FE2146002001
S214031AA0FEF755FB04460C3005F01EFE201DBDE870
S214031AB0384005F019BE70B5014605460120FEF70D
S214031AC046FB0646043005F08CFE044670B14FF420
S214031AD000713046FFF7EBFD21462846A36898477A
S214031AE020B12046BDE87040FBF7CEBD70BD002395
S214031AF08260C0E90031704708B50B4601461846B8
S214031B00FEF725FB0068C0F3402008BDFFF725BF9E
S214031B10CB1E012B70B504460D46164606D81A2171
S214031B20FEF78DFB40212046E7F7D2F932462946D9
S214031B302046BDE87040FFF710BF38B504460D4693
S214031B40FEF769FB28B1012D04D122212046FEF7BA
S214031B5076FB002038BDF8B50C468B7907460B4458
S214031B60D3F80D60D3F811303246E7F713FE092198
S214031B702046FFF7EFFD2046E8F7DEFFA579E8F7F6
S214031B8001FF0C3566F0FF0625440640C5F80160E4
S214031B90E8F7F8FE3846C5F805102146FFF7D8FDE6
S214031BA002213846FFF7BEFDF8BD70B50E46054662
S214031BB001460020FEF7CBFA012E044603D0022E80
S214031BC011D0012070BDC16828468B7919440D31A8
S214031BD0FEF7C2FBE068FBF757FD00202946E060EE
S214031BE0FFF779FEEDE7C068FBF74EFD0023E360E1
S214031BF0E7E738B50D46044601460120FEF7A7FA87
S214031C00012D08D100F112012046FEF7A5FB21465F
S214031C102846FFF760FE012038BD08B5FEF7A0FA98
S214031C20C0F3C00008BDF8B50C460746FFF7F5FF3E
S214031C3080F00106F6B239463046FEF788FA0546C6
S214031C40C068012C837903D0022C1BD00120F8BD79
S214031C500C33C41823893846E288A188FEF754FC5F
S214031C60618862784900384689B25200FEF7B3FAB3
S214031C70E868FBF709FD002339463046EB60FFF7BB
S214031C802AFEE3E7FBF700FD0023EB60DEE708B57B
S214031C90FEF76EFA00F0010008BD38B50C460221C7
S214031CA00546FEF767FA0C212046FFF753FD20464C
S214031CB0E8F742FF4FF0FF3383700223C3700D2310
S214031CC043706FF02F0303710523214643712846A3
S214031CD0BDE83840FFF73CBD042910B5044601D0E3
S214031CE0002010BDFFF799FFC0F10200E8F7F0FDF2
S214031CF00028F5D105F0BCFE014608B90220F0E73E
S214031D002046E9F729FA0028F8D10120E9E708B5C3
S214031D10FEF726FAC0F3C00008BD2DE9F0410F46D2
S214031D2004469046FFF7F3FF80F00105EDB2214627
S214031D302846FEF70CFA012F064603D0032F0FD0D2
S214031D4001200BE02046FEF7ADFE22212046FEF7DB
S214031D5076FA28462146FFF7EEFD0020BDE8F0811F
S214031D60C068FBF791FC00232046F360FEF79AFE5B
S214031D7020465FFA88F1FEF762FA20462021E7F74D
S214031D80A7F821462846FFF7D6FDD9E737B5044618
S214031D900D46FEF7EDF903054CD5022005F068FE67
S214031DA00190002848D0204645B3FFF7B0FF50B156
S214031DB005210198FFF7CEFC0198E8F7BDFE204603
S214031DC00199FFF7C5FC20462946FEF776FE204616
S214031DD0FFF79DFF78B94FF400612046FEF7C5F97B
S214031DE006210198FFF7B6FC0198E8F7A5FE204602
S214031DF00199FFF7ADFC002003B030BDFFF787FF66
S214031E0068B10199032306222046FFF7B7FC204654
S214031E10FEF748FE21462846FFF78DFDEBE701A8AF
S214031E2005F062FC20463D21FEF79AFD2046FEF7AC
S214031E3039FEE0E70C20DFE70720DDE7F7B50146CC
S214031E4004460020FEF783F9054600F112074FF417
S214031E508060E8F73DFD50B92046E7F723F83A4699
S214031E60698B80B203B0BDE8F040FFF7E2BA2046C4
S214031E70E7F718F8064620466D8BFEF76FF9002243
S214031E800346009229463A46B0B2FFF7F1FA03B08A
S214031E90F0BD83781A2B09D81B2383700288B2F50A
S214031EA0A47F07D24FF4A473038007E0FB2BF5D976
S214031EB0FB23F2E744F290239A42F5D87047F0B535
S214031EC00446CA798B7987B043EA0223ADF80C300F
S214031ED08B8803A88DF80E30CA788B7840F64805B1
S214031EE043EA0223ADF810300B8805A98DF81230AB
S214031EF0FFF7CFFF04A8FFF7CCFF2046FEF760FDF1
S214031F000B212046FEF716FD44F29023002818BF47
S214031F101D46BDF80C709DF80E30BDF81460BDF874
S214031F2010209DF816009DF81210AF42D4BF0097FC
S214031F300095FB2BA8BFFB23B242A8BF32468142C3
S214031F40A8BF01462046FEF752FB07B0F0BD37B5E3
S214031F50144605461046FFF7FDFB2046E8F7ECFD62
S214031F6001A904462846FEF72BFD0B212846FEF75B
S214031F70E1FC6FF004036370002344F29022A37025
S214031F8040F64803002818BF1346A4F803309DF80C
S214031F900630A4F80530BDF80430A4F8073003B0C3
S214031FA030BDFFF7DABC022973B505460C4603D0ED
S214031FB00024204602B070BD0521FEF78CFC0028E5
S214031FC0F6D0E7F7AFFA1B28F2D94FF40040E8F74C
S214031FD07FFC0028ECD105F04BFD06460028E8D030
S214031FE0284601A9FEF7ECFC314628469DF8063044
S214031FF0BDF80420E9F7EEFA0028D9D10124D8E782
S21403200030B190FAA0F00123B0FA80F08340D8B242
S214032010704770B50646FEF7ABF880F0400402063C
S2140320200546C4F3801406D408213046FEF768FC40
S21403203008B144F00204EB0506D40B213046FEF744
S2140320405FFC08B144F00404204670BD2DE9F84354
S214032050044691460F46FEF78BF8C0F3401520461C
S214032060FEF755FB214680462846FEF770F849469C
S21403207006462046FEF7E3F898F80110384601F0C6
S2140320800F0100F024FA062814BF014600212A4651
S2140320902046FEF7E0FA21462846FFF71CFC2021DF
S2140320A02046FEF76AF856E8003F43F4805346E8B6
S2140320B00032002AF7D1BDE8F883F8B50E46044689
S2140320C01546FEF755F8032EC0F340170DD0042E21
S2140320D016D0012E12D122212046FEF7B0F838463C
S2140320E02146FFF728FC0020F8BDEAB2002120466F
S2140320F0FFF7ACFF21463846FFF71DFC0120F3E748
S2140321000C22F3E7012910B504460BD1FEF730F88D
S2140321102146C0F34010FEF71AF80022817C2046C1
S214032120FFF794FF012010BD2DE9F7430F46054640
S214032130FEF71EF800F02009C0F340182846FEF705
S214032140E6FABB790C333B445E789B781E400378F3
S214032150C3F3030000EA13103040FFF751FF0446B1
S21403216048B9B9F1000F06D12846FFF752FF3040B1
S214032170FFF746FF04462846FEF7CCFAEBF770FA5D
S214032180A04223D01CB302212846FEF709F80021FB
S21403219006462846FEF756F918213846FFF7DAFAB8
S2140321A03846E8F7C9FCB6B2394644708470A0F8DE
S2140321B003602846FFF7CCFA2346224629464046C4
S2140321C00096E9F741FA03B0BDE8F08300242646FB
S2140321D0E2E770B504460D46FFF7DDFB28B929464E
S2140321E02046BDE87040FFF79FBF4028294620469B
S2140321F0BDE870404FF0160314BF2A222322FFF7D0
S214032200BDBA38B505460C46FDF7B2FF830604D4BF
S2140322102046BDE83840FBF737BA21462846BDE8D6
S2140322203840FFF781BF73B58C7906460C340C44EF
S2140322300D46FDF79DFFA278C0F34010032A14D085
S214032240052A28BF00226378032B10D0052B28BF4E
S2140322500023B4F8031000913146E9F7F5F9284650
S21403226002B0BDE87040FBF70FBA0022EBE700238D
S214032270EFE708B58B790B441B7B162B03D0172B84
S21403228005D0002008BDFFF7A4FF0120FAE7FFF7FB
S214032290B8FFFAE708B58B790B441B7B162B03D0E4
S2140322A0182B05D0002008BDE9F7F8F90120FAE756
S2140322B0FFF7B9FFFAE770471FB54A1E042A03461D
S2140322C00C465FD8012902D1008804B010BD02294C
S2140322D005D100885B88984238BF1846F5E74A0060
S2140322E0014601A804F0D8FE032C07D10023ADF85D
S2140322F00A304FF6FF73ADF80C3001E0042CF8D02B
S214032300BDF80620BDF80430934284BFADF806300E
S214032310ADF80420BDF80A30BDF80C20934288BF00
S214032320ADF80A20BDF80A2088BFADF80C30BDF81A
S2140323300430934288BFADF80A30BDF80620BDF8D6
S2140323400C309A4288BFADF80630BDF80820BDF8B9
S2140323500630934284BFADF80830ADF80620BDF8CA
S2140323600A30BDF808209A4288BFADF80830BDF899
S2140323700820BDF806309A4238BFADF80830BDF8DD
S2140323800800A2E74FF6FF709FE7012804D0022853
S21403239004D030B9EAF7C0BDEAF7AEBD0020E9F7CE
S2140323A07BBB704710B1012803D070470120E9F7C3
S2140323B073BB0020FBE7F7B51F468B1E012B0546B4
S2140323C00C46164613D8FDF75DFB0023CDE9000542
S2140323D0F01A18BF01201A463946FDF761FB80B193
S2140323E0022C0BD12846E8F799F9002004E00029CF
S2140323F0F8D0012902D0FF2003B0F0BD2846E8F745
S214032400D1F90120F8E770B50D4600219DF810605C
S2140324100446817106F10C014173111E18BF012198
S21403242003F00F00237B40EAC11003F04003184378
S21403243020732B469DF8141004F10E00FFF7BBFF24
S214032440237B0E3660F3861323732B686361AB8896
S2140324502383A3793344E37170BD10B541890446E1
S2140324608389C2890846FFF704F9E0B1E279531E6F
S214032470072B19D86389934216D922899A4213D80F
S214032480237C43B9637C33B9A37C23B9E07C10B9BE
S214032490237D0F2B07D9607D1B3000F01F000B2810
S2140324A08CBF0020012010BD0020FCE708B5EBF729
S2140324B055FDBDE808400020EBF7BEBDC94350E814
S2140324C0003F0B4040E80032002AF8D1704702284C
S2140324D008D0042803D0012818BF0620704701F04F
S2140324E00101C81C7047ECF70BB90A2802D8013063
S2140324F0C0B27047242801D80230F9E7252805D052
S214032500262805D0272818BFFF20704700207047CD
S2140325100C20704708B5EBF71FF9BDE808404FF0ED
S2140325200060ECF709BB08B5ECF7F0F820B1BDE89E
S21403253008401020FFF7EEBF08BD7047704770478E
S2140325407047704700207047704770477047704762
S214032550704710461946704700200021704704F064
S2140325609FB8F3F703BE04F053B908B5EBF7F6FAD2
S21403257020B1BDE808400420FFF7CCBF08BDF0B586
S21403258087B00D4616468DF8070002B9A3B3294651
S2140325909DF80700FDF78AFA0446B8B929469DF860
S2140325A00700FDF787FA40BB16B39DF807100039FE
S2140325B018BF012128460DF10F02EBF763FFF8B9A8
S2140325C09DF80F40013418BF012416E004AF012222
S2140325D039460DF10700FDF76BFA04464EB19DF838
S2140325E00730191E18BF0121002818BF3D46E1E732
S2140325F00124FDF74AFA00B90124204607B0F0BDCE
S2140326004FF0FF34DEE737B50246136A084603F495
S214032610007403F40015DB0505D47CB9E8F77EF8EF
S214032620204603B030BD4CB9B5FA85F4D2F8551040
S21403263064090160B2F859208280F1E7019092F9AB
S2140326405430B5FA85F4009300231A461946184603
S214032650FDF726FA6409E3E7704770470246194612
S2140326600020EBF7EDBD002070470020704707B54C
S21403267000214FF0FF336A46084600938DF8043076
S214032680EBF774FF03B05DF804FB38B50546006846
S21403269004F0C4FE0446287900F01F0004F0BEFED2
S2140326A02044C0B2012894BF0020012038BD7047E3
S2140326B07047914270B50D4614461E4609D2FFF781
S2140326C012FF641B013490FBF4F303FB1400054470
S2140326D0ACB23480FFF707FF33880133B0FBF3F265
S2140326E002FB1300049B188070BD70477047704749
S2140326F00120704708B5202000F001FF003818BFFE
S214032700012008BD08B5FFF7F5FF20B1BDE8084076
S214032710202000F0FCBE08BD73B506460D461446E1
S214032720D2B100F0E9FEA84218D8304600F0F9FE10
S21403273001460190A0B100232A46204604F0CAFFB2
S21403274001A804F0D1FF2246022052F8041B00F031
S21403275095FE002002B070BD2220FBE72120F9E79A
S2140327602D20F7E708B5FAF7C1FC08B1012008BD2C
S21403277000F064F8FAF7C2FC0028F7D1EEF796FDEE
S214032780003818BF0120F2E708B5ECF783F90028F4
S2140327900CBF0420012008BDECF78AB9002070475F
S2140327A030B50446154687B00846FEF750FF12229A
S2140327B000210DF1060004F064FCA368ADF8045094
S2140327C00293E3680393E38BADF81030238CADF8E4
S2140327D01230FFF7E3FF029B8DF8140043F4105307
S2140327E0029300F0FAFD18B1029B43F00403029330
S2140327F0029B01A843F480330293E8F77BF810F0BA
S214032800FF0516D1A38C0DF10201ADF80030E38C61
S2140328106846ADF8023000F069FDECF7E5F9FEF71F
S21403282014FF012103F01FFEEDF710FE284607B044
S21403283030BD40F20C40FAE7ECF7E6B9FCF7D2BA43
S214032840E5F776B8C160704741EA002008B540F462
S2140328509020FCF7C7FC014640B110F1880F05D065
S214032860BDE8084040F20740F0F706BE08BD012069
S214032870704770B50C46064611461D46ECF78CFAB3
S21403288058B144EA06206FEA40406FEA50402A46B1
S214032890BDE8704080B2ECF7D3B940F2064070BD95
S2140328A0837901461A0703D506220020ECF7F0BA0F
S2140328B09B0602D506220120F8E74FF0FF3070474B
S2140328C08379532B01D1ECF715BBFFF7E9BF70B53E
S2140328D0064614461D46ECF75FFA10B90024204658
S2140328E070BD41EA06206FEA40406FEA50402A4630
S2140328F0214680B2ECF7C2F90028F0D0EEE713B514
S2140329000446ECF749FA10B9002002B010BD0822BD
S2140329106B4611462046FFF7DAFF0828F4D19DF8E8
S2140329200230002BF0D09DF90300013018BF0120C0
S214032930EBE7704700207047532838B505460C462A
S21403294004D1BDE838400846F0F7AABD0620FBF7D9
S21403295049F868B96379142D03F03F03637104D013
S214032960722D08D163F03F0363710020A57138BD53
S21403297040F20740FBE72120F9E71FB550F80C4B60
S214032980ADF80A3094F87040069BADF806108DF843
S214032990082040F2035101AA8DF80440039304F083
S2140329A0D8FD10B906A804F09FFE04B010BD2DE9AB
S2140329B0F0414FF0000886B004460E461546CDF8A3
S2140329C00C8000F1440712B303A804F08DFE3846CA
S2140329D004F08AFE84F81C800023324600931821F4
S2140329E02B46204600F022FF05F58855204650F872
S2140329F00C3B40F2055193F8703004AA8DF8103062
S214032A00059504F0A6FD002006B0BDE8F0814369F5
S214032A101A0710D4A846384604F084FE03460390EB
S214032A20C0B903A804F060FE384604F05DFE002338
S214032A30237755B1D0E723F00803436103A804F0D6
S214032A4053FE384604F050FE2577204600F06AFF12
S214032A500025CBE79979204601F10C021A44B2F817
S214032A6001600531B2F803209971314601F07BFC11
S214032A70CDF80C800028CED00546D2E72DE9F84FD6
S214032A800E4691469A4605469DF828B010B1037C3B
S214032A90012B60D0284601F07DF9304601F0F6FAA6
S214032AA0002231468046284601F063FB074630463F
S214032AB001F0E5FD42F6052398421CD118F0300FCD
S214032AC026D1BBF1000F33D018F0200F3FD0BA0742
S214032AD03FD5EB8B002B38D153464A463146284622
S214032AE000F052FF0446E8B940F20A412846EE8356
S214032AF001F05EF916E0284601F001FA0028DDD061
S214032B00284601F011FA0028D8D041F2121409E041
S214032B10B907D6D03146284601F0C7FB0028D0D0E7
S214032B2000F58854284601F03AF92046BDE8F88FA8
S214032B3018F0100F0BD0FB070BD553464A46314609
S214032B40284600F0FEFE0446ECE70524EAE72124C7
S214032B50E8E70224E6E70724E7E72DE9F047002540
S214032B6086B09DF8389090F81CA004460F46904611
S214032B700F9E0577B9F1000F09D00A464B4651461A
S214032B80009600F053FE284606B0BDE8F087BAF17B
S214032B90080FADF8169026D145893246043DADB2EE
S214032BA09D424FF002014FF00900A8BF1D4600F0FA
S214032BB0CEFD0222814605A93046ADF8147005F015
S214032BC055F82A464146304605F050F80546831C1C
S214032BD03146204689F80130EEF732FDADF816503F
S214032BE0BDF81600D0E7BAF10A0F0DF116020CBFB6
S214032BF00B210D21CDE9016200930122434600F02B
S214032C0039FE1A28ECD111233A4651462046CDF810
S214032C100090ADF8169000F009FEE1E7F0B5002548
S214032C2089B01746012204460E460393ADF81650A4
S214032C3001F0CEFA8DF81500002846D1304601F093
S214032C403FF910B1304601F0FDF9304601F02EFA97
S214032C50B8B103A804F048FD204650F80C2B237F98
S214032C6092F8702040F202518DF8182006AAADF8AB
S214032C701A608DF81C30ADF81E7004F06AFC09B0BB
S214032C80F0BD0DF115030DF116023146204601F095
S214032C903CFB9DF8153002465BB9BDF81630BB42C7
S214032CA035BF0723DB1B8DF81530D21928BFADF8C7
S214032CB01630039B314601939DF81530204600934A
S214032CC0BDF81630FFF749FFD9E72A46F1E770B596
S214032CD004460D46164601F0F3F840B933462A4635
S214032CE0214601F040FB08B100F5885070BD41F263
S214032CF00310FBE71FB550F80C4BADF80A3094F8F9
S214032D007040069BADF806108DF8082040F201517E
S214032D1001AA8DF80440039304F01BFC10B906A81F
S214032D2004F0E2FC04B010BD1FB550F80C4BADF830
S214032D300A3094F87040BDF81830ADF806108DF8D8
S214032D40082040F2045101AA8DF80440ADF80C3077
S214032D5004F0FFFB04B010BDF0B5122785B0039254
S214032D600777022205460E4601F032FA044668B19A
S214032D7003A804F0B9FC00232B7700233246009304
S214032D8012212346284600F051FD0FE0039A3046F1
S214032D9093790333937101F089F948B1039B3A465B
S214032DA00093314623462846FFF7E7FD05B0F0BDFE
S214032DB042F6293001F0CAFBB04220D1039830B95D
S214032DC003A804F091FC00230D242B77D5E704F029
S214032DD010FD80B20128F3D1039B28469A79134449
S214032DE0197B01F0C7F8044603A804F07DFC002312
S214032DF02B77002CC1D1284600F05BFDD6E7224690
S214032E0031462846039B01F0AEFA0446EFE72DE968
S214032E10FF410392042204460D4601F0D9F9074602
S214032E2028B103A804F060FC04B0BDE8F0814FF0BD
S214032E305208039A284693790333937184F81C80C7
S214032E4001F034F9064640B1039B424600932946F7
S214032E503B462046FFF791FDE6E742F6293001F0B0
S214032E6075FBA842039B0BD19A7920461344197B22
S214032E7001F080F803A804F037FC00232377D3E798
S214032E8032462946204601F06EFAF6E72DE9FF4161
S214032E908B7904460C330B44B3F801700E46384660
S214032EA0B3F8038001F0EAF8002858D00222394626
S214032EB0204601F08DF90546E8B9384601F0F6F8E4
S214032EC068B116222277B37939460533B3712046A3
S214032ED043460096FFF751FD04B0BDE8F081FAF7CC
S214032EE069FB33461B680135EDB2002BFAD1063574
S214032EF0A8421DDC092504F1440004F0F5FB2B462B
S214032F003A4616212046009600F090FC092DE3D1A0
S214032F10204650F80C3B40F2055193F8703002AA55
S214032F208DF8083041F20913039304F012FBD3E73C
S214032F300121304604F065FE01460028DAD004F18C
S214032F40440004F0B8FCB37942460533B3713946FE
S214032F503346204604B0BDE8F04100F0B9BC012575
S214032F60C9E713B5044641B9443004F0BDFB204617
S214032F7002B0BDE8104000F0D5BC182243690277C2
S214032F8013F0080306D0002319460093FFF7F5FC59
S214032F9002B010BD1A46194602B0BDE81040FFF74E
S214032FA006BD7FB5C58B04462DB342F6052001F05A
S214032FB0CDFAA84207D10021204600F0BCFF636982
S214032FC023F001036361002640F20A41204600F025
S214032FD0F5FE29460DF10E022046ADF80E6001F00F
S214032FE0C8F8BDF80E200346009229460222204662
S214032FF0FFF79AFEE68304B070BD2DE9F743054656
S2140330000F46904601F03AF898B3284601F03EF88A
S21403301010F0300F30D0284601F038F8064600206E
S21403302000F041FF044606F010091CB9204603B021
S214033030BDE8F08300222946204601F09AF8B9F14C
S214033040000F01D0C10712D4B20617D5830715D5D2
S214033050012300933A46434629462046FFF70EFDD2
S2140330601A28E4D0204600F01EFF0446DDE70023BE
S214033070EFE741F20110DAE72120D8E70220D6E78E
S214033080F7B504461F460E46154600F083FE237C1E
S214033090012B58D0237F182B2CD063691B0713D51D
S2140330A0217F16292DD008D8122914D002252046B0
S2140330B000F075FE284603B0F0BD18291AD0522931
S2140330C0F4D10023237713E0304600F0EFFF002807
S2140330D0E6D12125EBE70023237735B1009332466B
S2140330E02B46204600F0A2FB02E0204600F0E1FB60
S2140330F00025DCE72A4631462046FFF758FC0546FE
S214033100D5E700232377002DE8D105211720BDF846
S2140331102430089A009500F03EFB20B9112332466E
S21403312012210095DDE700F0F3FA6269034642F0E8
S2140331300802626182793146053282713A46204638
S21403314000F0C6FBD4E70725B1E72DE9F0410546B5
S21403315088B042F6052001F0F9F9064604A8EFF711
S21403316021FB102205F121010DEB020003F05FFFA6
S21403317050B10121284600F0DEFE284601F098FAF9
S2140331806B6923F001036B6142F60303022003A974
S214033190ADF80C30EFF74EFC012407464FF000085D
S2140331A020463A464FF6FF7101F095F9044610B9EA
S2140331B008B0BDE8F08100F061FF0134A4B2002836
S2140331C0EED0A64203D131462846ECF765FA2146EF
S2140331D028460DF10E02ADF80E8000F0CAFF034636
S2140331E00028DDD0BDF80E20214600922846012295
S2140331F0FFF79AFDD4E708B5EFF7C2FA0020ECF71D
S214033200D9FE002008BD10B90120ECF7C7BF7047F0
S2140332100220ECF7B9BF0020ECF7B6BF38B50C4672
S2140332200546E7F737F84379C47523F0030343F0FD
S214033230030343710923837104F10C03C371A0F8DC
S2140332401550153038BD2DE9F3410D461646804618
S214033250E7F720F805F10C03C3714379044623F01E
S214033260030343F003034371092301908371A0F81A
S214033270158000F11507304604F0BBFA33460544C3
S214033280E5753BB901A8314604F015FB384602B094
S214033290BDE8F0815A7922F0030242F002025A7125
S2140332A01B68EEE708B5E6F7FBFF83790C33184493
S2140332B008BD08B5ECF7C0FEEFF75EFFECF7D8F8ED
S2140332C0EFF724F9BDE80840FFF7A5BF10B504469D
S2140332D0EDF75EF820B92046BDE81040FAF764B86B
S2140332E02046FAF761F8FFF793FFF1E773B50E464A
S2140332F004F067FD044600BB42F6072001F026F9FA
S2140333000546D0B10A22B6F900300021002BCBBF08
S2140333100533053BB3FBF2F393FBF2F35BB28DF895
S214033320073001230DF10702184604F0CCFC0022F7
S21403333003462946104601F016F8204602B070BD33
S214033340430803F05503C01A00F03303C0F38500A7
S21403335000F03300184400EB101000F00F00704725
S214033360002110B5421D441E14F8010FFFF7E8FFB5
S21403337094420144F8D1084610BD0E2070470E2033
S21403338070470E2070470078EEF7D6B913B50C4693
S2140333900DF107020DF10601EEF7BEFA30B19DF806
S2140333A00600031B5842584102B010BD0120FBE73C
S2140333B07047EEF7C3BD704708B5EFF7C3FC0020B0
S2140333C008BDF0F70FB8EDF779BD70477047704743
S2140333D07047EBF7F1BC70477047002070477047A3
S2140333E070477047F8B504460F46164613680A46F4
S2140333F01D0A0021043503F044FEEDB221222046C7
S214033400394604F0BFF82046294604F044F9A27969
S21403341033681444E360F8BD7047704770477047DD
S2140334207047704702464FF482712020FFF774B945
S214033430014608B500F03800EDF76CFE78B1D0E928
S21403344001324078C1F3074110F0020F08BF13465C
S214033450043B53F8040F10B102788A42F9D108BD31
S21403346038B505460C4604B938BD013C55F824303A
S2140334701B69002BF7D09847F5E770477047F8B5F8
S21403348043780546DB0701D4EDF786FE00266B7806
S2140334906F6823F00C0343F002036B7057F8264063
S2140334A02CB9202005F10C01FAF738F90FE0A368D0
S2140334B00136002BF2D0984704460028EED031465A
S2140334C03846FFF7CDFF6B7823F002036B70204678
S2140334D0F8BD4078C0F340007047437813F00E0FF2
S2140334E00CBF01200020704710B5EDF7BFFE044661
S2140334F0EDF7D4FE204610BD4FF48270704708B532
S214033500EDF708FEC068003818BF012008BD08B5EF
S214033510EDF700FE20B1BDE80840C06804F015B919
S21403352008BD38B5EDF7F6FD044650B1FAF78BFC47
S214033530054604F10C0004F0F5F804462846FAF7AD
S21403354088FC204638BD37B583790190034404468A
S214033550D86800F03800EDF7DDFD054628B901A868
S21403356004F0C2F8022003B030BD204604F0C6F8CB
S214033570FAF769FC0446019905F10C0004F09BF97F
S2140335802046FAF766FCEBF793FA0020EBE72DE903
S214033590F04104461F462502C4F3072305F4E065FD
S2140335A024F47F441D4324F0C704EE1944F080043A
S2140335B08B7944EA16243602B6B20C3334430846F3
S2140335C001EB0308CC501146FFF7BDFF20B9454475
S2140335D0EF704046BDE8F0814FF00008F9E7427807
S2140335E010B50432044601F00400D2B2002140F0C4
S2140335F0290004F0FEFA18B1837922680344DA60DE
S21403360010BD10B50021FFF7EAFF044608B90020F5
S21403361010BD0179FFF797FF0028F8D1A3790C3383
S214033620E018F5E72DE9F04117461A46036801F05E
S21403363004011C0204F4E064C3F307231C4341F0B3
S2140336402905043406463B462146284604F03BFB40
S214033650804650B1E1B204F087F83B462A4641461D
S2140336603068BDE8F041FFF792BFBDE8F0812DE971
S214033670F341002401F004010768064641F02905DA
S214033680106829461460019004F038F8019804F095
S214033690B0F8390201F4E061C7F3072739438046DF
S2140336A00122043101A804F020FA30B101A804F085
S2140336B01BF8204602B0BDE8F08143462A4601992E
S2140336C03068FFF764FFF5E77047002307B5CDE9D9
S2140336D0003369468DF802004FF0FF3002F05FFFBB
S2140336E003B05DF804FBA0F86E10704701238B400F
S2140336F090F87110194380F87110704708B50120CF
S214033700F9F778FFC0B208BD83790C3318447047C5
S2140337101438704710B50446A1F1140004F069F894
S214033720201A20EAE07080B210BD70B51C460D4624
S2140337301646FFF7EFFFA04207D322463146A5F110
S214033740140004F093FA012070BD0020FCE770B566
S21403375006460D4614467AB90A462046082104F062
S21403376048FA044690B92A460821292004F041FA6B
S214033770044658B9204670BD104603F0B5FF2046F0
S21403378004F06AF908231D44A371E571A3790C3389
S2140337901C442670EEE72DE9F0411646069A0746C6
S2140337A088461D46FFF7D3FF0446F0B114382A4671
S2140337B03146069004F05AFA854217D9069B06A8A6
S2140337C01C7904F0200403F08FFF74B942460821E5
S2140337D0292004F00EFA2A463146069004F046FAEB
S2140337E0854206D906A803F07FFF00242046BDE8DD
S2140337F0F081069A93790C33D418D754F6E711B1AF
S2140338001439EDF71DBF1A20704738B50022044659
S2140338100D4602200321FFF79AFF014608B1A0F8E0
S21403382001502046BDE83840FFF7E9BFF8B5044627
S2140338300F46164605210120069A1D46FFF787FF09
S214033840014638B14770468005712046BDE8F8400A
S214033850FFF7D5BFF8BD38B50D4603210446084625
S214033860FFF775FFA0F8015001462046BDE8384033
S214033870FFF7C5BF73B50546084611466C891A4659
S214033880641ABDF81830A4B29C4228BF1C46079B96
S214033890089E00932346FFF77EFF014630B1284675
S2140338A0348002B0BDE87040FFF7A9BF1A2002B00B
S2140338B070BD012110B5002204461320FFF747FF11
S2140338C0014620B12046BDE81040FFF798BF10BD63
S2140338D0F7B54489054618460F461646019303F086
S2140338E088FF053CA4B2844203DA011B01A804F056
S2140338F022F80521019804F0BFF8014628B901A86B
S21403390003F0F2FE1A2003B0F0BD83790C33C2181D
S2140339101720C8542846A2F80170A2F80360EDF7F2
S2140339208FFEF0E7012110B5002204461920FFF7A9
S2140339300EFF014620B12046BDE81040FFF75FBFEB
S21403394010BD73B50E46002144890546033CA4B258
S214033950A342009128BF234603211B20FFF71BFF2A
S214033960014670B1012210F80F3CA0F8016062F323
S214033970071300F80F3C284602B0BDE87040FFF777
S2140339803EBF1A2002B070BD73B50E4600214489AF
S2140339900546033CA4B2A342009128BF2346032155
S2140339A01D20FFF7F8FE014638B1A0F8016028464F
S2140339B002B0BDE87040FFF722BF1A2002B070BD08
S2140339C04B88042B07D1836C08885B8998428CBF8D
S2140339D00020012070470020704710B50446806918
S2140339E020B10021EDF768FD0023A36110BD38B5B3
S2140339F0A0224FF4A0730025C0E90723072304463B
S214033A0080F83130C5818571103003F06DFE04F106
S214033A10140003F069FE2046FFF7DFFF40F20113B0
S214033A20E3857F2384F832302046A5626562BDE8CD
S214033A303840FEF77EBF07B501228DF807100DF15B
S214033A40070104F013F903B05DF804FBF7B5054668
S214033A504FF428500C4600F079FD064600F00EFBA6
S214033A60B0B3022C02D8002003B0F0BD00273146C5
S214033A700DF105030DF106023846ADF8067000F0A9
S214033A8044FCBDF80620631E934206461EDC072C44
S214033A901AD9023CADF806400824BDF80630002BC0
S214033AA0E1D00133D9B22846FFF7C5FF21462846A1
S214033AB0FFF7C1FF31462846BDF8062004F0D6F8C6
S214033AC0BDF806000230CFE7ADF806700924E4E738
S214033AD04FF0FF30C8E702292DE9F34104460D46AF
S214033AE01746184603D8002002B0BDE8F08100F060
S214033AF02DFD064600F0C2FA0028F4D04FF0000869
S214033B0031460DF105030DF106024046ADF8068079
S214033B1000F0FBFBBDF80630BDF8202006469342B6
S214033B2028BF1346AB4228BF2B469DF80500ADF8C9
S214033B300630C0B9002BD7D001339AB29542D3D9F9
S214033B40D9B22046FFF777FF39462046FFF773FFC3
S214033B5031462046BDF8062004F088F8BDF8060076
S214033B600230C0B2C0E74046BEE738B50446EDF7BC
S214033B7015FE38B1022905D82046BDE83840002294
S214033B80EDF79ABF212038BD91F8393073B55B073E
S214033B9006460C4615462DD40846EDF79DFD6B1ECE
S214033BA0042B16D8032D14D0A379142B24D0A36981
S214033BB07BB90093ADF804308DF80630EBF7ECFCD8
S214033BC06946EDF7EFFB18B91A25284602B070BD13
S214033BD0A061636AE57343F016036362EBF782FC46
S214033BE03046EDF7BFFE05460028EED02046FFF729
S214033BF0F4FEEAE70225E8E72125E6E7002337B5E2
S214033C0080F8723040F6FF73A0F86E30836804467F
S214033C10DA040D46C16010D443F480636A46A36099
S214033C2040F203212046CDE9004503F092FC002133
S214033C302046EDF741FC03B030BD90F87600EEF772
S214033C4065F8A36823F48053E8E773B56E46044625
S214033C504A7930460D460631EBF7E4FC96E8030056
S214033C60A4F85010090C11F0800FE06484F8521089
S214033C7004F1530312D00122184605F11201EBF7A3
S214033C80D1FC0C352846FFF76BFB28B101222946E9
S214033C9004F15A00EBF7C6FC02B070BDB4F850103E
S214033CA094F85220C4F8530099809A71E9E71FB537
S214033CB090F87420044602F0010301908DF8083052
S214033CC00BB102F002038DF8093094F875302046E4
S214033CD08DF80A30039101F088FB4FF4017101AAB5
S214033CE0204603F036FC2046EDF772FC04B010BD08
S214033CF0EDF7BABBFFF702BD0A460021EFF736B869
S214033D0013220121EFF732B8826838B5C2F3803246
S214033D100446B0F86E000D46EFF79EF820B9A36888
S214033D201DB143F40053A36038BD23F40053FAE7F0
S214033D3083791A0705D413F0100F0CBFFF20012058
S214033D407047002070470020704710B5044660B1E6
S214033D50806C50B1EEF7EEFBA06C0028FAD120463B
S214033D60BDE810400321EDF7A7BB10BD438907B597
S214033D708B420CD050F80C2B40F2014192F8702085
S214033D80ADF806308DF8042001AA03F0E2FB03B079
S214033D905DF804FB436943F00403436170474369DA
S214033DA023F00403436170474069C0F38000704703
S214033DB047F2305300220068F9F7BCBA006803F0F4
S214033DC065BB38B5436904469B070D4603D540F2E9
S214033DD00941FFF7F3FFEDF751FC08B1A3691D7026
S214033DE02046BDE8384040F20941FFF7E1BF07B57A
S214033DF0027C012A09D00122027440F20942914250
S214033E0006D040F20A4291420ED003B05DF804FB9E
S214033E104FF4816150F80C3B01AA93F870308DF88B
S214033E20043003F096FBF0E750F80C3B01AA93F836
S214033E3070308DF80430F4E738B522F000430D46B1
S214033E40114640F20322934204461AD0B3F5017F8B
S214033E5009D240F20122934213D040F20222934247
S214033E6009D0002038BD6FF481621344012BF8D8C3
S214033E70FFF7BDFFF5E700F022F92046FFF765F9E7
S214033E80EFE763699B0704D540F209412046FFF735
S214033E9095FF2846FFF759FFE3E708B5EDF7CEFA97
S214033EA000B1806C08BD08B500B10068EDF7D4FA20
S214033EB008B9034602E0836C002BF7D0184608BD0A
S214033EC010B5044642F62A3000F040FB031B584266
S214033ED0584110BD022806D142F62A330888C31A71
S214033EE05842584170470020704710B5044642F6C2
S214033EF0293000F02BFB031B5842584110BD90F8A5
S214033F00200000F0010070471FB504466846EEF730
S214033F1049FC1022694604F1210003F088F8B0FA40
S214033F2080F0400904B010BD08B5FFF7EDFFB0FA06
S214033F3080F0400908BD70B5044600F1210591B92B
S214033F402846EEF72FFC236893F97500FEF7D7FC97
S214033F5078B120682B46BDE8704010220D2190F9F9
S214033F607500FEF786BC10220021284603F089F868
S214033F70E9E770BD38B50446002390F8202041FADF
S214033F8003F0C50703D442FA03F0C0071ED4013377
S214033F90082BF4D101F0010523682A4384F8202076
S214033FA093F97500FEF7ABFC40B1234653F8200B9C
S214033FB001220C2190F97500FEF75BFC0DB9002079
S214033FC038BD00212046FFF7B6FFF8E71320F7E7D2
S214033FD068B13F290AD800EBA10090F8310001F040
S214033FE003014900084100F00300704700207047B2
S214033FF010B50368044693F97500431C0DD0FEF70D
S2140340007EFC50B12346BDE8104053F8310B102216
S2140340100B2190F97500FEF72CBC10BD10B590F877
S2140340207430DB0706D490F97530013314BF0F20C4
S214034030052010BD847CEFF79DF9844234BF0C2025
S2140340400020F6E730B5044685B06846EEF7AAFBCF
S2140340501021684603F04CFE2046EEF7B5FD6B468E
S214034060C26804AD06321C4603CCAC4210605160F5
S214034070234602F10802F6D105B030BD08B5EEF7C7
S214034080A3FD08B1EEF774FDC0B208BD013810B544
S21403409080B2EEF799FD044608B9002010BD4088AB
S2140340A000F07FFB0028F8D0207BF7E708B5EEF793
S2140340B08BFD18B1007AC31F5842584108BD70B52E
S2140340C0054655F8213B044693F97500431C04D175
S2140340D02846BDE87040EEF765BBFEF710FC0028E7
S2140340E0F6D0234653F8310B10220B2190F97500B6
S2140340F0FEF7EDFB234653F8200B01220C2190F923
S2140341007500FEF7E4FB20682B46BDE870401022DE
S2140341100D2190F97500FEF7DABB01302DE9F04169
S21403412085B228460E46EEF74FFD42F602170446C2
S21403413042F603089CB12046EEF71AFD78B12046F6
S21403414000F03EFBB84205D10EB123883380607B76
S214034150BDE8F081204600F033FB404502D14FF026
S214034160FF30F5E70135ADB22846EEF72DFD0446E0
S214034170E0E72DE9F04707460E4690460D4642F621
S214034180021942F6030A0135ADB22846EEF71CFDC6
S214034190044678B1EEF7ECFC60B1204600F010FB65
S2140341A0484505D1237A072B04D10320BDE8F087C1
S2140341B05045E8D141463046FFF7AFFF431C014662
S2140341C004D03846BDE8F047FFF702BF0020EDE70E
S2140341D070B5054608461646EEF7F6FC044608B9DB
S2140341E0012070BDEEF7C4FC0028F9D0F00713D405
S2140341F0B10734D4720702D5A3885B0732D516F00D
S214034200060F31D116F40060EBD0A38813F4006FC9
S21403421014BF00200620E4E7A388DA0743D513F08B
S214034220700F0AD1980610D45806E1D52B6893F977
S21403423075300133DCD10820D3E72868FFF7EEFE9C
S214034240A388990608D50028CBD12A6892F874204B
S2140342509207E9D40520C4E70028C2D1E4E7A3887F
S2140342609907C7D40320BCE7A38813F4E06F09D1EA
S21403427098050FD45B05C5D52B6893F975300133C4
S214034280C0D1D8E72868FFF7C9FEA388990507D5E4
S2140342900028A6D12A6892F874209207EAD4D9E7B0
S2140342A000289ED1E6E702209BE738B50446084679
S2140342B0EEF78AFC054608B9012038BDEEF758FC30
S2140342C00028F9D0AB8813F4E04F0CD1980412D42D
S2140342D013F48040F1D0236893F97500431C5842C9
S2140342E05841C000E9E72068FFF798FEAB889904B9
S2140342F008D50028E1D1226892F874209207E7D403
S2140343000520DAE70028D8D1E2E72DE9F0474FF099
S2140343100009044683F800900846A2F800908846F1
S21403432016461D46EEF750FC074620B9012300202B
S2140343302B70BDE8F08774B1EEF71AFC0028F5D0B1
S2140343404046FFF7D2FD30B1012385F8009004F113
S21403435020003380EDE72B46324639462046BDE83B
S214034360F047EEF7ABB92DE9FF4107460846884606
S21403437016460393EEF728FC044638B903A803F061
S214034380B3F90125284604B0BDE8F0811FB1EEF766
S214034390EFFB0028F2D0237A072B05D8DFE803F0DB
S2140343A017262F381C17172126BB0398002835D14C
S2140343B03246257A022D62D0032D64D0012D3BD0E0
S2140343C0002F7FD1002503A803F08EF9DAE703A8B0
S2140343D003F08AF90325D5E703A803F085F9062534
S2140343E0D0E703A803F080F98025CBE7E3685D8870
S2140343F0B54209DA03A803F077F90725C2E7E368AD
S2140344009A88B242F6D35D88039840B9024609E01B
S214034410022EEFDC039868B90246CAE7354603F076
S214034420E8F982B29319AB42C3DD03A803F05CF943
S2140344300D25A7E70225F2E7E06806300023039977
S214034440304403F047F9002FBCD0237A032B39D12D
S21403445003A803F049F900212046EEF76FFB68B383
S2140344600588617B3846FFF7B3FD012203462946DC
S2140344703846CDF80080FEF757FC002582E7E06853
S214034480B3188380D9E7039B9A79D979891AC9B275
S214034490481E012810D8134402291A7B04BF5B7BED
S2140344A042EA0322237B32EA03038CD101233846F4
S2140344B0617BEEF7D9F8C6E70D2584E708F1FF35EB
S2140344C0ADB2CEE7039B41460093384633463A7F68
S2140344D0FEF710FCD1E7884270B504460D46164633
S2140344E011D8012838BF01242046EEF76DFB10B122
S2140344F04388B34208D00134A4B22046EEF748FB03
S21403450008B1A542F0D20024204670BD70B50C4613
S21403451016461D460146B8B1B3B1022C01D0102C85
S21403452012D1E0B2EEF786FA4FF6FF7188420246E2
S21403453002D141F20A1070BD3046FFF7CCFF0028C7
S214034540F7D028800020F6E72120F4E7002307B5FC
S2140345500122ADF80400ADF8063002210DF1060382
S21403456001A8FFF7D3FFBDF8060003B05DF804FB10
S214034570F8B50F461646441CA4B22046EEF724FBB5
S21403458010B9013CA0B2F8BD00F01AF90546304652
S21403459000F0F2F820B1284600F0EEF80028F0D13B
S2140345A0304600F0E2F820B1284600F0DEF8002896
S2140345B0E7D10134A4B22046EEF7EAFA08B1BC42CA
S2140345C0DBD94FF6FF70DEE72DE9F04F9A4687B04A
S2140345D08B880D460C88814604A90220ADF810305E
S2140345E09046EEF727FAAB680090A888AF89059344
S2140345F000F0BBF838B1102F05D105A8EEF700FA86
S214034600022808BF02274FF6FF7B33E02046009AB6
S214034610FFF761FF064680B3AA886988FFF7A8FFFD
S21403462004463046FFF72AFD00B30DF10F0331466B
S21403463048460DF11202FFF768FE9DF80F302BB1C6
S214034640A8F80060184607B0BDE8F08FBDF8122042
S214034650BA420BD13A460599019302F0E8FC019B56
S21403466020B9A8F80060AAF80040EBE75C4504D040
S2140346700134A4B26988A142C8D80A23E2E708B580
S214034680EEF7A2FABDE8084000F09AB838B505463A
S2140346900846EEF799FA044610B94FF6FF7038BD90
S2140346A00DB96088FBE7EEF763FA0028F9D1F4E763
S2140346B070B5044642F60520FFF748FFB0B1002167
S2140346C0FFF72BFD054601462046FFF781FC06460D
S2140346D01022002104F1310002F0D3FC32462946B1
S2140346E02046BDE870400023EDF7BEBF70BD7FB522
S2140346F004460D4610220021684602F0C2FC00263E
S214034700AB575A1C1BD031462046FFF761FC1946AF
S214034710002BB8BFD91C04AA02EBA10100F00302C8
S214034720584200F0030003F0030358BF43425B0004
S21403473002FA03F311F8102C134301F8103C013668
S214034740402EDDD16B4604F1310504AE1A4603CA8A
S214034750B24228606960134605F10805F6D1204683
S21403476004B0BDE87040FFF743BCA0F52050012815
S2140347708CBF00200120704742F60303C31A584239
S2140347805841704708B5030409D4EEF71FF9A0F59E
S214034790205080B201288CBF0020012008BD0020D5
S2140347A0FCE7020408B507D4EEF710F942F6030354
S2140347B0C31A5842584108BD0020FCE7C00B704797
S2140347C00346B3F902304088002B01DBEEF7FEB850
S2140347D00020704708B5FFF7F3FFA0F5205080B21E
S2140347E001288CBF0020012008BD10B5044680694F
S2140347F0143002F079FFA069BDE81040183002F0CB
S21403480073BF2DE9F0410F46144605461E46FFF7D3
S214034810ECFF23463A4608210020D5F8188003F01B
S21403482052FAAA69C8F81400536923B100205481C8
S2140348301682BDE8F0811A20FBE770B504460846E9
S21403484002F0D7FFA16986B28A894D8912B1521B3D
S21403485096420CDA6389581E80B225B90A78082A6C
S21403486004BF043B98B2831B5842584170BD0020D6
S214034870FCE730B5044654F80C0B8DB09DF8405059
S21403488090F8700042EA01428DF80400194602923D
S21403489003A82A46079502F0FFFB40F20241204692
S2140348A001AA02F056FE0DB030BD10B550F80C4B01
S2140348B086B094F87040ADF80E10ADF8102040F2B4
S2140348C0064103AA01938DF80C40059302F041FEBE
S2140348D010B901A802F008FF06B010BD37B50446AC
S2140348E00D46FFF782FF204640F20941FFF766FABE
S2140348F000222046A36940F207411A7050F80C3B89
S2140349006A4693F8703001958DF8003002F021FE68
S21403491003B030BD13B501910021044601F079F8C8
S2140349200422002320460DEB0201FFF76AFF02B0C4
S21403493010BDF0B504460F461E46154685B052B95F
S21403494083691B78072B30D0082B14BF154609251F
S214034950002E18BF0D250A9802F04BFFA3699A890B
S2140349604AB15B8981B2D21A914204DD92B2891AA6
S2140349700AA802F0E0FF204650F80C3B40F205413F
S21403498093F8703001AA8DF804300A9BADF80670D0
S2140349908DF80850ADF80A60039302F0DAFD10B9FB
S2140349A00AA802F0A1FE05B0F0BD0B25D0E7B0F8CB
S2140349B00AC02DE9F041ACF1020C9C4505460E46B3
S2140349C017461C4603DDBDE8F04100F0CFBF836900
S2140349D02246198100233946FFF713FF044658B9C8
S2140349E0AB690246314628460E3300F0D8FF04462C
S2140349F010B12846FFF7F9FE2046BDE8F0812DE901
S214034A00F043202A8FB0054617461C4603910BD960
S214034A1041F2041421462846FFF760FF03A802F07C
S214034A2063FE0FB0BDE8F083002B46D10846A2F123
S214034A30060802F0DEFE4FF6FF765FFA88F81FFAE6
S214034A4080F94C4510D3AB69DA88B24239D942F6BD
S214034A500203ADF814300223711C0093284605ABFD
S214034A6089B200F02CFF25E023463A46039906A8B0
S214034A7002F030FEAB69BDF818609A88B242C7D818
S214034A80DA88B242C4D3BDF81A10BDF81C20B8F1B8
S214034A90000F09D02846CDF800800DF11E033C44D4
S214034AA0FFF7E7FEA4B2CCE728469E8019815A8119
S214034AB000F01EFF04460028B0D041F20A139C42C1
S214034AC0A8D10024A6E72DE9F0471C4696B08369D3
S214034AD001921B780646062B03D0102B60D001A844
S214034AE01CE00129104614BF4FF010084FF00208CF
S214034AF00392002C4CD102F07CFE4FF6FF7508F1B2
S214034B00020987B2A7420ED8B369DA88AA4237D811
S214034B10002421463046FFF7E1FE03A802F0E4FD39
S214034B2016B0BDE8F08723464A46039904A802F068
S214034B30D1FDB369BDF810509A88AA422DD8DB88F8
S214034B40AB422AD39DF81330282BE1D0B2465AF84D
S214034B500C3B424693F870300DF112010DA88DF808
S214034B603030ADF83250CDF844804C4402F094FA1D
S214034B7040F2044150460CAA02F0EBFCA4B2C1E793
S214034B80691C304689B200F06AFE04460028C4D089
S214034B9041F20A139C42BBD0BBE741F20414B8E7C8
S214034BA00129104614BF12270427049284BB02F07F
S214034BB020FE42F602184FF6FF7185B2A5420DD8C5
S214034BC0B369DB888B4221D901314FF6FF72304639
S214034BD089B200F044FE0446A0B119E023463A46E3
S214034BE004990CA802F076FDBDF83220BDF830100B
S214034BF042459DF8333007D1B269022330460A3264
S214034C00FFF7D5FE04A889E7282B06D141F20A143C
S214034C1021463046FFF762FEF4E73C44A4B2CDE7F4
S214034C20F0B5836987B003911B780546022B1446BB
S214034C3053D108460491002A47D102F0DAFD4FF615
S214034C40FF7687B2A7420DD8A869C288B2422BD88E
S214034C50002421462846FFF741FE04A802F044FD3F
S214034C6007B0F0BD04220499234605A802F032FDDE
S214034C70AA69BDF814109088BDF81660814229D33E
S214034C80D388994226D8864224D39E4222D8506996
S214034C90927A837904340C330092034432462846CE
S214034CA0FFF7E7FDA4B2CDE743694089711C019085
S214034CB0987989B20C300344009328464FF4205366
S214034CC000F0E1FD04460028C7D041F20A139C42D7
S214034CD0BFD1BDE741F20414BBE703A8BEE7F0B5B6
S214034CE087B0054617461C46039153B9FFF7A5FD43
S214034CF038B1012322462846039900F084F807B00A
S214034D00F0BDA9690B78082B05D8062B44D8032BCE
S214034D100FD003A83DE00E2BFBD1039B0593002C7D
S214034D206DD1002B6BD0224628460989FFF7BDFDBF
S214034D3059E00398059018B3ECB9102683794A898D
S214034D400C330989034400962846FFF792FDAB69A6
S214034D509988DA88914217D242F60203ADF81030EA
S214034D6002230131009328460DEB060389B200F0B7
S214034D70A6FD044660B141F20A139C4204D101E049
S214034D80002CF8D141F21F0421462846FFF7A6FD62
S214034D9005A802F0A9FCB2E7039805907CBB70B3A4
S214034DA002F027FD0FB386B2B7421ED2394605A8D6
S214034DB002F0FBFE38B905A802F096FC1A21284635
S214034DC0FFF78CFD9BE78379F61BC21802339189A4
S214034DD08371AB6900225B89B6B200902846FFF761
S214034DE0A8FDB742E2D92146E9E7AA6928465389CE
S214034DF01189059A00920022FFF79BFDF3E705A8A9
S214034E0002F072FCEFE7F0B585B006461F4614467F
S214034E10039132BB084602F0ECFC054608B3B169C1
S214034E200B784A89082B0BD8062B0BD9039B0989C9
S214034E303046009313462246FFF77BFD039401E0BA
S214034E400E2B19D0B1694B89EA1892B2B2F5007FDE
S214034E504A8117D82FB13046098900F05AFD044617
S214034E6028B10022234611463046FFF738FF03A831
S214034E7002F03AFC05B0F0BD3046039B0989FFF704
S214034E8014FDDBE741F20414EBE773B58369019184
S214034E901B780446082B15460ED8062B0ED9019E02
S214034EA020463146FFF7C9FC2A46034631462046CC
S214034EB0FFF7A9FF02B070BD0E2BF0D001A802F0D9
S214034EC013FCF7E730B5836987B003911B78054673
S214034ED0092B144611D105915AB9134600910F2296
S214034EE02146FFF726FD21462846FFF7F7FC07B0C5
S214034EF030BD05A802F0F8FBF5E703A802F0F4FBC3
S214034F00F5E72DE9F04F87699FB003913F78054693
S214034F10052F16461C4604D8032F16D810D003A810
S214034F2067E0082FFBD108461391002B00F0C280E0
S214034F3013A802F0D9FB21462846FFF7CFFC01E071
S214034F40FFF75DFD1FB0BDE8F08F202A08460491E9
S214034F5048D8002B40F0A880571F02F04AFC4FF6B3
S214034F60FF78FFB21FFA80FA0DF11C0BA24506D894
S214034F70AB69DA88424500F28780002434E0234692
S214034F80324604990BA802F0A5FBAB69BDF82C804A
S214034F909A88424526D8DA88424523D35969F1B917
S214034FA0A94659F80C1BBDF82F2091F870109DF8F0
S214034FB02E308DF84C10ADF84E200DF131013A46E7
S214034FC015A88DF85030199702F066F840F20341A1
S214034FD0484613AA02F0BDFA3444A4B2C6E75A8977
S214034FE0102A09D941F2041421462846FFF776FC15
S214034FF004A802F079FBA5E70023584602F06AFBF3
S214035000AB690DF13101102FCDE9051B93F80A901A
S2140350102BD1B9F1020F34D105A8EDF7F1FC022824
S214035020DAD14A46DDE9051002F001F80028D3D1AB
S2140350302B4653F80C0BBDF82F1090F870009DF814
S2140350402E208DF84C00ADF84E108DF850205946A2
S2140350504A4615A80293CDF8649002F01DF8029B09
S21403506040F20341184613AAB4E7022F09D1B9F157
S214035070100F06D106A8EDF7C3FC0228ACD13A46BA
S214035080D0E73A465846CFE742F60303ADF84C302E
S214035090022308F101010093284613AB89B200F0FE
S2140350A00EFC04460028A3D041F20A139C423FF4A8
S2140350B064AF99E759B900210023AA69284693816A
S2140350C05381118113993246FFF709FE3AE702F03E
S2140350D090FB16B180B28642EDD1139A9379D1181C
S2140350E0023389899371E7E72DE9F0431C468FB0B5
S2140350F0836903911B780546012B17465BD1084647
S214035100059102F076FB202F0BD941F204142146B9
S2140351102846FFF7E3FB05A802F0E6FA0FB0BDE862
S214035120F083002C42D1059802F063FB4FF6FF761E
S214035130A7F104081FFA88F81FFA80F95FFA88F8BF
S214035140A14505D8AB69DA88B24220D80024DEE749
S21403515023463A46059906A802F0BCFAAB69BDF8A1
S21403516018109A88BDF81A609142CED3DB8899420C
S214035170CBD89642C9D39E42C7D832462846CDF8E6
S214035180008007AB3C44FFF774FBA4B2D8E74FF4A8
S2140351902053ADF810300223711C0093284604AB4D
S2140351A089B200F0CAFB04460028B4D041F20A13C1
S2140351B09C42CBD0ABE703A8AEE783691B780A2BE8
S2140351C002D00F3B012B01D8FFF788BB7047F0B521
S2140351D085B00193836917461A7804460A3A0A9EED
S2140351E0072A42D8DFE802F004413041410441294E
S2140351F00198039002F0FDFA85B203A802F074FA50
S21403520026B131462046FFF785FB0FE0A1697A19E0
S2140352104B8992B293420BD90A8201F10E032046C0
S214035220098900F0BCFB01460028EBD105B0F0BDB0
S2140352300121204600F0EDFBF5E72EB91A8A019806
S214035240BA420BD04FF48166019B03A8039302F086
S2140352504BFA31462046FFF741FBE7E7DA895969FF
S21403526002F0D2FA0028EDD1EEE701A802F03CFAEC
S214035270DCE738B58269044613780D460D2B12D049
S2140352800F2B01D00A2B12D1536933B1997902F14E
S21403529014000B44DD6802F027FA29462046BDE8D1
S2140352A03840FFF78ABFBDE83840FFF717BB38BD65
S2140352B007B5002300921B22FFF73BFB03B05DF804
S2140352C004FB07B583695980009200231D22FFF76C
S2140352D030FB03B05DF804FB4B88052B05D108882B
S2140352E00E288CBF00200120704700207047F8B5B9
S2140352F005460F46164604210A22002002F079FCD2
S2140353000246B8B1847905210C3403194FF0060C14
S21403531000209970D87002F804C013241C7102246C
S2140353205F715870D8719C7128461E81BDE8F8409D
S214035330EAF7ACBFF8BD73B50546104601920C46B6
S21403534002F057FA042186B2019802F095FB024652
S21403535028B901A802F0C8F91A2002B070BD8379F3
S21403536001900C33C1184C80C65221462846EAF7F2
S2140353708DFF0020F1E72DE9F041064688461746E3
S21403538004210A22002002F034FC0246B8B18579D3
S21403539000240C354319052106209970DC705055FE
S2140353A00120187102205C70987183F805803046DE
S2140353B0DC711F81EAF76AFF2046BDE8F0811A20F8
S2140353C0FBE7002070470020704707B501A801924D
S2140353D002F08AF903B05DF804FB704700207047BB
S2140353E00F2070470F207047704738B545F21B02F1
S2140353F00C460B460021054600F0B9F830B92CB12F
S21403540021462846BDE83840EEF718B838BD00F008
S214035410DDB800F000BA00F009BA10B504464C3007
S214035420FDF74EFA84F875002046BDE8104000F0FC
S214035430CDB910B50446FDF71AFA02280DD194F833
S214035440733094F97000012B14BF0521032184F8EF
S2140354503210BDE8104000F001BAA36843F40073AD
S214035460A36010BD00F0E3B838B5037804463E2BBE
S2140354700D4604D18378052B02D0ED2B0FD038BD13
S214035480B0F80300EBF7CCFF20B1B4F80D10621DA3
S21403549000F014F92846BDE8384002F025B9B0F804
S2140354A00300EBF7BDFF0028F4D0B4F80D1004F1A9
S2140354B00F03621D00F005F9ECE7CB0448BF41F487
S2140354C08061C160704710B50A4604460821002073
S2140354D002F08FFB10B1837903441C7310BD08B52B
S2140354E0D0B2EBF7ABFF28B190F8773003F07F0329
S2140354F080F87730012008BD036C4BB983681B0620
S21403550008D490F87330012B14BF802040207047D6
S21403551018787047C020704770B50446FFF7ECFF55
S214035520EDF7E6FF0D460346002245F2010120464D
S2140355309847236C03B11D702846EDF7D9FF4FF447
S214035540A041034600222046BDE87040184770B5C8
S2140355501546044648B1FFF7CFFFEDF7C9FF2A46C5
S21403556003462046BDE870401847022070BD11462A
S21403557008B51A4621F00041FFF7E9FFB0FA80F0BC
S214035580400908BD10B4C4691CB95DF8044B01801A
S214035590704700235DF8044B1A46FAF768B808B557
S2140355A00B4601461846F8F71DFA003818BF0120C7
S2140355B008BD10B50446006838B11A2102F0A6FBF0
S2140355C02068F8F7EFF90023236010BD30B58BB0E1
S2140355D00D46002201A9EEF759F8044620BB014602
S2140355E00D220DF10B0001F04CFDB5F803206B798D
S2140355F0ADF8082006A9019A02A88DF80A30EDF73F
S21403560097FF40F20343BDF81820002818BF1C4636
S2140356109DF81A30102102A82A80AB7002F076FBA0
S214035620102106A802F072FB20460BB030BD10B561
S2140356300446EDF73BFF04F13400FFF7BAFFA36817
S2140356405A0606D523F0400300212046A360EAF756
S214035650EBFD236C63B1D3F89400F9F7C3FD042183
S214035660206C02F053FB206CF8F79CF900232364AC
S21403567010BD38B50446C51C03212846FFF78FFF27
S214035680C8B9E27863797AB922791A43F4D003F079
S2140356907F0343F0400363715323A3712146BDE8A0
S2140356A03840FF20FFF792BFFF2AF0D122791A4035
S2140356B0FF2AE1D0EBE740F2074038BD0021EAF7C6
S2140356C0B3BDF8B51D46836804465B060F4616460B
S2140356D02DD41A2002F056FB0146606320B92046FB
S2140356E0BDE8F840EAF7A0BD034623F8027B32681C
S2140356F005F11001C0F8022072685A602A46636BEF
S2140357000A3352F8040B8A4243F8040BF9D11021EA
S214035710284602F0FBFAA36843F0400213F4407FE6
S214035720A26004D02046BDE8F840EEF7A1B8F8BD65
S21403573038B504460D4605200221FFF7C4FE02468F
S214035740B8B18379062103445D732046FFF7F3FD62
S21403575045F490512046EDF771FE94F873302046D9
S214035760012B18BF8021BDE8384008BF4021FFF752
S214035770D3BE38BDB1F5A04F70B504460D461646E8
S2140357800AD045F20603994218D0324629462046E7
S214035790BDE87040EEF75EB9836843F0800383602C
S2140357A090F87330012B14BF80204020EDF7A0FE45
S2140357B0002203462046BDE87040184793791344F9
S2140357C0597C41F49051EDF739FEDEE7002310B51E
S2140357D00364044690F97500431C13D0E9F720FED2
S2140357E0082204F11003114694F97500FDF76FF8CB
S2140357F094F91330012B07D194F8743043F0020365
S21403580084F87430002010BD022BFBD194F874305A
S21403581043F00A03F4E74B88062B05D10888412892
S2140358208CBF0020012070470020704707B58B7996
S2140358300A460B440191197C4B1E0D2B04D801F527
S214035840A0410131FFF783FE01A801F04DFF03B02D
S2140358505DF804FB7047002070477047704770B5CB
S21403586004460E461546052100220420FDF76FFF69
S214035870014618B1A0F80160A0F803502046BDE821
S2140358807040FDF7BCBFF7B51D46002304460093E2
S2140358900F46164607210620BDF82430089AFDF762
S2140358A07AFF014628B1A0F80170A0F80360A0F8BB
S2140358B00550204603B0BDE8F040FDF7A0BF73B522
S2140358C015461A460023044600930E460820052173
S2140358D09DF81830FDF75FFF014618B1A0F8016088
S2140358E0A0F80350204602B0BDE87040FDF787BF1E
S2140358F038B5002204460D460A200321FDF727FF8C
S214035900014608B1A0F801502046BDE83840FDF72F
S21403591076BF70B504460E461546052100220C20B8
S214035920FDF715FF014618B1A0F80160A0F8035073
S2140359302046BDE87040FDF762BF73B515461A46AC
S2140359400023044600930E46102005219DF81830C8
S214035950FDF721FF014618B1A0F80160A0F8035037
S214035960204602B0BDE87040FDF749BF73B50E464A
S214035970002144890546033CA4B2A342009128BFF4
S214035980234603211220FDF706FF014608B1A0F8BF
S2140359900160284602B0BDE87040FDF730BF2DE930
S2140359A0F3410546984683690F465869164601F043
S2140359B020FF6C8980B2053CA4B2844228BF04460B
S2140359C0A8692146143002F0F0F8009048B1052289
S2140359D00821002002F00DF9019030B9684601F065
S2140359E083FE1A2002B0BDE8F081009901A801F0F9
S2140359F062FF1620019A93790C33D118D054A8F875
S214035A0000402846A1F80170A1F80360FDF7F7FEF1
S214035A10E8E738B5002204460D4618200221FDF7B4
S214035A2096FE014600B145702046BDE83840FDF7B6
S214035A30E6BE70B5857904460C35461901F0D9FEE5
S214035A40625D431E013A9BB21C2A10D8DFE802F0BF
S214035A50110F160F180F290F2F0F400F400F400F6F
S214035A60330F250F0F0F390F250F3E0F3E00002073
S214035A7070BD042B14BF01200320F9E7022BF9E7BE
S214035A8043B37278022A0AD0012A23D10222013BA9
S214035A900232B3FBF2F102FB1133002BEAE71022CA
S214035AA0F5E713F0030F14BF01200320E0E78BB1E3
S214035AB07278013BEDE76BB17278032A0AD9013B92
S214035AC0E7E7042B34BF01200320D1E7022BF9E7D5
S214035AD00320CDE70120CBE74369406CDA1C14387A
S214035AE0B2FBF0F203EBC203CA1D0333B2FBF0F2C0
S214035AF0B3FBF0F30132023301EBC20100FB0310E8
S214035B00704738B5446905462146FFF7E5FF6A6CDA
S214035B10E31D143AB3FBF2F3013304EBC30420444E
S214035B2038BD73B506460D460024F36B012201A962
S214035B3028195B699847019B013309D10434736CB8
S214035B4062195B426A401A42EFD0204602B070BD2B
S214035B500024FAE770B505460C46DDF733FEEB6B1B
S214035B602046DB68BDE87040184770B5002586B050
S214035B7004460562E369AB4202D8206A06B070BDEC
S214035B80666C0522206801A9E36B06FB05005B69CA
S214035B90984701A800F010FC00F033FC10B1236A0C
S214035BA0013323620135E5E738B50446456C0068E2
S214035BB004F1400305FB0101E06B00F02FFC0546F2
S214035BC02046FFF7D2FF284638BDF0B5054687B016
S214035BD00026EC69013CB44203D80C46204607B0C5
S214035BE0F0BD01B14C1E6F6C0522286801A9EB6B52
S214035BF007FB04005B69984701A800F0DDFB00F093
S214035C0000FC0028EAD101362146E2E7F0B5044657
S214035C1087B0466C0D4600680522E36B01A906FBB8
S214035C2005005B69984701A800F0C6FB00F0E9FB96
S214035C3020B101A800F097FB07B0F0BD2946204627
S214035C40FFF7C3FF676C0646E36B206805225B69B4
S214035C5001A907FB0600984701A800F084FB431C34
S214035C60EAD0B54238BF0130E6E72DE9F043D0F875
S214035C7024804FF6FF7987B004460E46C84514BF06
S214035C80454600250027E369BB4202D807B0BDE8B6
S214035C90F083E26B01A92368606CD2F814C0052276
S214035CA000FB0530E04701A800F086FB022806D07B
S214035CB0C8450CD1721C29462046FFF775FF0135EF
S214035CC0E3690137B5FBF3F203FB1255DBE729461D
S214035CD02046FFF79BFFB0F1FF3F14BF0246324654
S214035CE00132E8E70368F0B5CC1A436C87B0064682
S214035CF00025B4FBF3F4F36937685A1E706C9542BB
S214035D0008D3706C336800FB043007B0BDE8F0407E
S214035D1000F082BB013401A9B4FBF3F203FB124487
S214035D20F36B05225B6900FB0470984701A800F03B
S214035D3043FB00F066FB0028E3D10135DBE710B434
S214035D4023F003049B07436C2244C3F100030A4475
S214035D5018BF043282EA0104234203D05DF8044BE1
S214035D60FFF7C0BF10465DF8044B70472DE9F041BE
S214035D70D0E90A3686B004469E4228D1C369142267
S214035D80456802FB1355284606B0BDE8F081206837
S214035D9001A9676C331AE26BB3FBF7F3D2F81480EE
S214035DA007FB03000522C04701A800F005FB0128F6
S214035DB004D0636C1D44013B3340ED1A3146204644
S214035DC0FFF790FF0646A36AB342E0D1DBE7002560
S214035DD0F9E7F0B5002587B004462E46E369B342DB
S214035DE002D8284607B0F0BD636C0522276801A9D0
S214035DF003FB0677E36B38465B69984701A800F018
S214035E00DBFA00F0FEFA58B1384600F005FB01460F
S214035E102046FFF786FE636C143B834208BF0135BA
S214035E200136DBE708B508301346D1E90012EFF771
S214035E3059FB012008BD13B50C46002121760093BB
S214035E40134661682246EEF7D7F818B1E37D03B12F
S214035E50A07EA075A07D02B010BD73B500F1080545
S214035E6016460C460DF107020968284600F0A1F90C
S214035E70032E06D16368834203D12168284600F0C7
S214035E807FF9012002B070BDD01E009B4242424102
S214035E90187E824211D11A688A420ED85A688A42FC
S214035EA00BD35A6901325A61D3E9030282423FBFD8
S214035EB0986840F8221001321A6101207047032ABD
S214035EC010B5029C07D1A26A5340626C5242134239
S214035ED001D100F055F9012010BD08B5C3680020B4
S214035EE09847BDE80840DDF775BC012870B514BFB8
S214035EF004200220002442431C70CC7D101D02F0B7
S214035F0002024CB91AB1012220F003001A7000F104
S214035F1008034868184470BD1AB1012220F0030034
S214035F201A700C7E002301F12005DAB2944201D8E0
S214035F300020F0E735F833205E1C824206D901EBD9
S214035F40C30300F10802D8691044E4E7801A334615
S214035F50EBE773B590F8426005461C460DF1030364
S214035F603046FFF7C2FFEB6B012E5B690DD132465D
S214035F7001A998479DF8033013B1BDF80630019385
S214035F80BDF80430236002B070BD0122214602B082
S214035F90BDE870401847F0B50546002487B048684A
S214035FA0EB6B27460E4601225B6902A90830029472
S214035FB0984795F84230012B40F08480632C02D931
S214035FC0029807B0F0BD612C08D805AB22463146CF
S214035FD02846FFF7BEFF9DF814301BB305AB2246D9
S214035FE0314628468DF81070FFF7B3FF95F8423018
S214035FF0012B059B55D14FF6FF72934200F0968016
S214036000082205A904A800F05EF9059B9DF8101068
S214036010C3F30722914240F08980DBB2029A1A4406
S214036020029283E095F84230012B30D103AB22462F
S21403603031462846FFF78DFF04AB621C31462846DF
S214036040FFF787FF05ABA21C31462846FFF781FF03
S214036050102208230DF107000DEB02018DF807301F
S21403606000F031F9102205A90DF1070000F02BF915
S214036070039BDAB2002A52D19DF80720B2EB132F06
S2140360804DD1DDE9043203EB0243029347E0302CA3
S2140360902BD944E09DF80720B2EB134F3FD1049B66
S2140360A0F3E7013342D0102205A90DEB020000F0FE
S2140360B00AF9059B9DF81010C3F30742914235D1A8
S2140360C09BB2ABE7312C3FF67BAF87D005AB2246BE
S2140360D031462846FFF73DFFBDF81430002B7FF40A
S2140360E07DAF95F84230012BA0D003AB2246314654
S2140360F02846FFF72EFF04AB621C31462846FFF7FF
S21403610028FF102320220DF107000DEB03018DF865
S214036110073000F0D8F8039B9AB2002ABAD095F855
S2140361204230012B14BF012302231C44013440E7F1
S21403613013B500240194049C0094EEF7F1FA02B020
S21403614010BD13B501240194049C0094EEF7E8FAFD
S21403615002B010BD30B5002344684FF0FF329C42B6
S21403616002D10023037230BD016801EBC30541F879
S214036170332001336A60F2E7C0E90012FFF7EABF93
S214036180F0B5002345689D4210D00468DF0054F83C
S214036190332004EBC306B2F1FF3F08D0C2F3130269
S2140361A0914204D14FF0FF33E3517360F0BD0133E6
S2140361B0E9E7F0B5002345689D4202D14FF0FF3072
S2140361C00EE00468DE0054F83340671C09D0C4F3BD
S2140361D01307B94205D1240D147003683344586875
S2140361E0F0BD0133E8E713B50023044601461B223E
S2140361F00DF107008DF8073000F065F822689DF86A
S2140362000730B3EBD26F0CBF0120002002B010BDE5
S21403621013B500230446014620220DF107008DF82E
S214036220073000F050F80DF107001A22211D00F088
S2140362304AF862689DF80730B3EB926F0CBF0120F3
S214036240002002B010BD0068431C584258417047F6
S214036250006810F07E0F0CBFC0F3C16000207047CB
S2140362600068C0F3D3107047006800F07F00012871
S2140362708CBF002001207047036813F07E0F14BF05
S214036280042008207047036813F07E0F03D140688C
S21403629020F07C40704713F078001CBF03F07F03A8
S2140362A0D81F7047006800F07F007047032809D0A6
S2140362B0022803D1C1F10201C8B2704700290CBFFE
S2140362C00720002070471F2A0B689EBF4FF0FF3140
S2140362D091408B43590801F055315B1A03F0333173
S2140362E09B0803F033330B44017803EB13130A4480
S2140362F04FF0013103F00F334B43A2EB13620270EE
S214036300704737B501F10C04054643696946012217
S21403631020469847BDF80030012201A90193204684
S214036320AB69984703B030BD37B501F10C04436938
S21403633001226946054620469847009B4FF6FF72A2
S21403634099B291420DD11B0C012201A920461B04D0
S21403635043F4254343F0A5030193AB69984703B081
S21403636030BD0020FBE737B5044600251B22011D80
S2140363700DF107008DF80750FFF7A5FF60689DF83D
S2140363800720B2EBD06F03D120F0784003B030BDC6
S2140363900DF107001B2204F108018DF80750FFF7E3
S2140363A092FFA0689DF80730B3EBD06F01D1C043CE
S2140363B0EAE74FF0FF30E9E703684BF29A22B2EBC5
S2140363C0134F10B5044613D19BB2012B13D1FFF71D
S2140363D0CAFF01300CD0E0684FF6FF72B2EB104FE5
S2140363E04FEA104309D180B2C01A18BF012010BD6E
S2140363F02368013303D00420F9E70220F7E70320DC
S214036400F5E701288CBF00200120704703380128D8
S2140364108CBF002001207047143070472DE9F041EF
S21403642005469846036908460E46174698470446A7
S21403643038B943463A4631462846EFF72FF904461D
S21403644018B131462846FFF75CFF2046BDE8F081C9
S21403645002207047002070470120704700207047D5
S21403646000207047704737B504460D4601A8F1F77C
S2140364703BF901A8FFF7F6FF204601A98DF8065061
S214036480EFF706FA03B030BD08461146EFF7DEBA5B
S2140364907047431E012B03D9031F584258417047C8
S2140364A00120704700F0C1BB4FF4C472002100F016
S2140364B0E8BD10B50446002100F085F82046BDE887
S2140364C01040F1F74FB8F0F7EDBBF0F7F1BBF8B5B6
S2140364D005460E46EFF782FAD5F8C03073B15B690E
S2140364E063B1F2F7D5FFD5F8C03040F26B125B69A3
S2140364F042211B1A58425841EFF750FC00224FF630
S214036500FF734FF0240CF768D0B2B84208D31C468A
S21403651021462846EFF7EAFB00F08AFB2046F8BD43
S214036520B1680CFB0011CC899C4202D2002CEFD040
S21403653023460132E8E7EFF7D9BB008B70470A78AA
S21403654038B505461046FFF7A4FF60B14C782046E1
S214036550FFF79FFF38B12243530704D42846BDE80C
S2140365603840F0F7C5BB012038BDFFF7E8BF10B5CC
S21403657004460878FFF78DFF58B14A781046FFF7B0
S21403658088FF30B1042A04D02046BDE81040F0F757
S214036590E5BB012010BDFFF7EABFF0F7F1B80846E8
S2140365A0F1F742BDF0F76CBA70B504460D461646D1
S2140365B0EFF79CFB30B9324629462046BDE87040CB
S2140365C0F4F7C2BD70BDF1F735BAF4F7CFB838B5F6
S2140365D0044600200D4600F029FBD4F8D4302BB92E
S2140365E029462046BDE83840F0F784BC022038BD73
S2140365F038B5044648880D4600F018FBD4F8D43066
S2140366002BB929462046BDE83840F0F7DDBB02200B
S21403661038BD00F00CBB00F07FB900F012BB38B5F4
S21403662005460C46F7F708FC2B6B1C40EB6A234326
S214036630EB62F7F705FC211E18BF01210020490273
S21403664038BDF0F739BFF0F7A3B900F0B3B900F0DF
S214036650D5B908461146F1F7BFBFF0F77FBD00F086
S2140366606FB938B50446154609B100F0E7F925B108
S2140366702046BDE83840F0F769BE38BD00F0ECB9F7
S21403668000F0F6B90846F2F7EFBA10B5044600F084
S2140366908BF820B92046BDE81040EFF75BBC10BD71
S2140366A000F0D3BAF2F798BD2DE9FF4198460446A9
S2140366B00E461746F7F7C7FB05462046FFF7E5FFE6
S2140366C00A9B3A46029300233146CDE900832046CF
S2140366D0EFF78EFC04462846F7F7BBFB204604B0CC
S2140366E0BDE8F08138B50446F7F7ADFB054620460E
S2140366F0FFF7CBFF2046EFF759FC04462846F7F78B
S214036700A8FBB4FA84F0400938BD38B50446F7F759
S2140367109AFB05462046FFF7B8FF204600F053F8DD
S21403672004462846F7F795FB204638BD38B5044699
S214036730F7F789FB05462046FFF7A7FF204600F03C
S21403674048F804462846F7F784FB204638BD70B55C
S21403675004460E46F7F777FB05462046FFF795FFF8
S21403676031462046EFF792FC04462846F7F771FBBE
S214036770204670BD134607B500228DF807100DF1AD
S2140367800700194600F01EFA03B05DF804FB08463E
S21403679011461A4600F016BA0020704701207047CB
S2140367A0F1F77EBB00F0B7B9EFF70EBB10B5F7F7FE
S2140367B04AFB044600F015F8EFF72CFB2046BDE82D
S2140367C01040F7F746BB024608B5EFF7FDFA507DD3
S2140367D008BD024608B5EFF7F7FA507D80F00100D2
S2140367E008BD00F032BAF0F7E5B900F06BB8437CA9
S2140367F003B108470220704710B50446F1F7B8FA0C
S2140368002046BDE810400321F0F714B8FFF7F4BFA5
S214036810437C0BB1F1F772BA02207047437C0BB18D
S214036820F1F790BA0220704738B5447C0D46BCB1E8
S214036830053C012C8CBF0024012449682246F1F74D
S214036840D1FA286890FAA0F0000AF3F741F8A97A7B
S2140368502889224681F00101F1F7F4FA002038BDB9
S2140368600220FCE71FB5ADF808309DF81830CDE9D7
S214036870001269468DF80A30FFF7D6FF05B05DF8BB
S21403688004FB002070470020704702210120EFF729
S21403689019BD7047436B03F06003402B0DD0602B8C
S2140368A003D0203B58425841704749B10B68012B2F
S2140368B006D9486940F00100704740F2011070475E
S2140368C0002070470220F2F701BCD0F8C8304BB165
S2140368D01A68022A06D993F8250028B11B6AB3FB67
S2140368E0F0F07047FFF7EFBD7047D0F8C8207AB1D5
S2140368F01368022B0CD9536A13F47F4FC3F3072193
S21403690006D0126ADBB253438B42B3FBF1F201D2D9
S214036910FFF7DBBD104670470346D0F80401086056
S214036920B3F8083100208B80704790F804310E2BA3
S21403693014BF807DFF2070474FF48071F5F798BB36
S214036940F8B507460E468D88F0F7B8F97F7C0446FF
S214036950082F737C4FEAC5051ED1012B014604D8C8
S2140369600120F4F755F8033502E00020F4F750F859
S21403697003230544B371DCB1B5F5803F18D84FF255
S2140369802442630902FB05332409B3FBF4F3002016
S2140369903268D21A3260F8BD053FFFB2012F0146B6
S2140369A08CBF00200120F4F733F8012FE0D8DAE794
S2140369B00220F0E7084610B510F0030411461BD179
S2140369C03F2B15D9B3FA83F3C3F11902D2B2062AC1
S2140369D001D8192B0ED0062A28BF06220124931DA0
S2140369E0DBB29C40A4B2A14228BF2146F1F780FB4C
S2140369F0204610BD2246F1E70024F9E7084611F0C9
S214036A00030110B518D113883F2B15D9B3FA83F3B6
S214036A10C3F11904E4B2062C01D8192B03D0062CB3
S214036A20214628BF062101238C1DE4B2A340138010
S214036A30F1F77CFB002010BD0120FCE7EFF7F6BD65
S214036A4010B5144608460121F2F7E8FD2046BDE8D6
S214036A5010400121F2F7E2BD10B50A011021F5F747
S214036A60F3FA0446F5F70EFB201E18BF012010BDEF
S214036A701021F5F7FDBAF8B504460E461746F7F7A4
S214036A80DBF93A4605463146204600F07CF90446D3
S214036A902846F7F7D5F92046F8BD022070470320AD
S214036AA07047F2F70BBB10B5F0F7A4FE044608B91F
S214036AB0F4F73CFB204610BD38B504461D46F0F7F8
S214036AC099FE28B929462046BDE83840F4F702BCAB
S214036AD038BD8021F5F7CCBA38B50546EFF7C4FEC6
S214036AE004462846EFF79EFE072811D1D5F8C43092
S214036AF024F47F41DB6921F0080103B15B7841EAA6
S214036B00032141F020012846BDE83840EFF7B2BE26
S214036B1024F02001F7E7F1F7C3B938B50546104668
S214036B200C46F1F731FA65B1D5F8C4304BB15B6961
S214036B303BB12268013204BF6FF001022260226873
S214036B401A60002038BD002070472DE9F74F012555
S214036B501C469DF83030064601930368174603F03B
S214036B60070306339D4005F1FF380B46A1B1416884
S214036B7004EA080BA5EB0B0A41F00059524509EB52
S214036B800B0114D95246184600F086FA49467A1B7A
S214036B905A44504400F080FA019B2BB13C4448EA27
S214036BA0050804EA0804F46003B0BDE8F08F18464D
S214036BB0F0E737B5002514460095FFF7C6FF2046D5
S214036BC003B030BD70B50E461546044608B900201E
S214036BD070BD0378042B18D02078F1F703FEB0B904
S214036BE023780E2BF3D10EB1FF233370CDB1FF23E1
S214036BF02B7016E020780130C0B203282070EBD843
S214036C00F1F7F0FD0028F5D0E6E70020F5E71EB122
S214036C102078F1F71BFE30701DB1207800F009F8DC
S214036C2028700120D4E7F0F7E1BE7047704770473D
S214036C30704710F0FD0F14BF4FF0FF300020C0B2B6
S214036C407047704700200021704708B5F2F754FAE2
S214036C50BDE80840F2F78EBA08B5F2F765FABDE864
S214036C600840F2F787BA10B50446F2F745FA8442AD
S214036C7088BF01F1FF312046BDE8104001F0030153
S214036C80F2F778BA38B50446FFF7DFFF0546FFF795
S214036C90DCFF431BA342FAD338BD08B521B19200EB
S214036CA000F0FAF9002008BD0120FCE70B0CB3F551
S214036CB0384FF7B506460D468FB216D04BF601028F
S214036CC0934214D04BF60202934212D0B3F5304FE0
S214036CD014BF04240324D6F8C4300BB1196851B981
S214036CE0D6F8C0309BB928680FE00024F3E70124E8
S214036CF0F1E70224EFE7234668463A46F2F792FAAC
S214036D009DF804300098002BEAD103B0F0BD196853
S214036D100029E8D0234668463A46F2F783FA9DF8F8
S214036D2004300098002BDED1EFE700F03003202B71
S214036D3010B513D110F4E02FC0F302440AD0C0F309
S214036D40C423B3FBF4F410F4C01F18BF6400052C6F
S214036D500ED86408F2F72EFD604310BD6FF01204E0
S214036D60C0F382131C4104F00104C4F10204F1E7EA
S214036D700424EFE74FF0384359699A6903F5005343
S214036D800A405A617047F7B505460F4668461146EE
S214036D90F2F706FE064698B197B1DDE900311B0A05
S214036DA043EA0163A5FB0343090A05FB0135F2F732
S214036DB06FFB0023024629462046F5F7ABF93860F9
S214036DC0304603B0F0BD03207047704730B14FF430
S214036DD07A735843A0F57A60F3F70EBD49F6404040
S214036DE0FAE7F4F7B3BCF4F7B1BCF4F7AFBCF4F7C7
S214036DF0ADBCF4F7ABBC00228A4202D14FF0FF30A1
S214036E00704750F8223093FAA3F30BB90132F3E735
S214036E10B3FA83F000EB421070470020704770B55A
S214036E20A1FB02543CB92946F5F750FB064628B9A0
S214036E300026304670BD0C220260F9E72A4621463A
S214036E4000F01FF9F5E72DE9F84307468846144690
S214036E500026D4E90195B9F1010905D52468002C6B
S214036E60F7D13046BDE8F883AB89012B07D9B5F9CE
S214036E700E30013303D029463846C04706436835EB
S214036E80E9E7036A70B505460E4684680BB9F5F75D
S214036E902DFC636EDB0705D4A389980502D4A06D89
S214036EA000F0F8F8A389190702D52369002B35D11A
S214036EB021462846F5F70AFD80B34FF0FF35636E8B
S214036EC0DA0705D4A3899B0502D4A06D00F0E3F886
S214036ED0284670BD002B15DB23685A1C22601970E8
S214036EE0A36816F8011F013BA3600029F2D1002B0B
S214036EF016DA22460A21284600F05BF80130DCD079
S214036F000A25DCE7A2699A4201DC0A29E4D1224673
S214036F10284600F04EF80130E2D1CEE7013EDFE727
S214036F2023685A1C22600A221A70E9E710B50C4639
S214036F30B1F90E10F5F742FD0028ABBF636DA389C8
S214036F401B1823F48053ACBF6365A38110BD2DE9E2
S214036F50F0411F468B8905460C46DB05164605D5CC
S214036F6002230022B1F90E10F5F716FDA389324667
S214036F70B4F90E10284623F48053A3813B46BDE89C
S214036F80F041F5F73DBD10B50C46B1F90E10F5F717
S214036F9003FD431CA38915BF606523F4805343F4A4
S214036FA08053A38118BFA38110BDB1F90E10F5F766
S214036FB0E3BCF8B50E461446054618B1036A0BB98A
S214036FC0F5F794FBA369A360A3891A0701D5236980
S214036FD043B921462846F5F779FC18B14FF0FF3739
S214036FE03846F8BD2368F6B222693746981A6369AD
S214036FF0834205DC2146284600F079F90028EDD1C6
S214037000A368013BA36023685A1C22601E70431CBE
S21403701062699A4204D0A389DB07E1D50A2EDFD141
S2140370202146284600F063F90028D9D0D6E701396F
S214037030024410B5904201D1002005E0037811F810
S214037040014FA34201D0181B10BD0130F2E788425E
S21403705010B501EB020402D98442234607D8431E27
S214037060A14208D011F8012B03F8012FF8E70244D8
S21403707001468A4200D110BD13F8014D02F8014DB6
S214037080F7E702440346934200D1704703F8011B17
S214037090F9E77047704770470A44431E914200D190
S2140370A0704710B511F8014B914203F8014FF9D11F
S2140370B010BD9368013B002B936010B408DA946903
S2140370C0A34201DB0A2903D15DF8044BFFF771BF26
S2140370D01368581C1060084619705DF8044B704717
S2140370E0F8B506460F461446D518AC4201D1002023
S2140370F007E03A4614F8011B3046FFF7DAFF431C55
S214037100F3D1F8BD2DE9F047164698468A68074638
S2140371100B690C46DDF820909342B8BF13463360E4
S21403712091F843200AB1013333602368990642BFBE
S214037130336802333360256815F0060506D104F17B
S214037140190AE36832689B1AAB422BDC94F8433087
S2140371502268003B18BF0123920630D404F1430291
S21403716041463846C847013023D023681A3454F8BA
S2140371700A2C03F00603042B0ABF54F80E5C002502
S21403718033684FF0000608BFED1A54F8123C08BFE8
S21403719025EAE5759342C4BF9B1AED18B5421AD18A
S2140371A0002008E00123524641463846C8470130CE
S2140371B003D14FF0FF30BDE8F0870135C1E7E11892
S2140371C05A1C30200233224481F8430094F84510B9
S2140371D082F84310C2E70123224641463846C84791
S2140371E00130E6D00136D9E7B1F90C202DE9F0419C
S2140371F0170705460C4656D44B68002B02DC0B6C6F
S214037200002B3DDDE66A002E3AD0002312F48052AE
S2140372102F68216A2B6025D0626DA389580705D590
S2140372206368D21A636B0BB1236CD21A216A0023EC
S214037230E66A2846B047411C24D0002363602369CE
S2140372402360A389DA0400D56065616B2F60B9B14A
S21403725004F14403994202D02846F5F707FC0023BD
S21403726063630DE001232846B047461C0246D4D18B
S2140372702B68002BD1D01D2B01D0162B2AD12F60C3
S21403728000202EE02A68B4F90C3042B11D2A01D042
S214037290162A21D10023636023692360D5E7626041
S2140372A022692260CEE70F69002FE9D093070E68A4
S2140372B00F600CBF4B690023A6EB07088B60B8F181
S2140372C0000FDDDD43463A46216A2846A66AB047E4
S2140372D0002808DCB4F90C3043F040034FF0FF30CD
S2140372E0A381BDE8F0810744A8EB0008E7E738B5BB
S2140372F00B6905460C4613B90025284638BD18B158
S214037300036A0BB9F5F7F2F9B4F90C30002BF3D096
S214037310626ED00704D4990502D4A06DFFF7BAFEB7
S21403732028462146FFF760FF636E0546DA07E4D476
S214037330A3899B05E1D4A06DFFF7ADFEDDE770B52D
S2140373400C46B1F90E1096B0154600291E460CDA07
S214037350A389002113F0800F14BF40234FF48063EA
S214037360002031602B6016B070BD6A46F5F70CFE40
S2140373700028EDDB019901F47041A1F50053594251
S21403738059414FF48063EBE78B89F7B59D070646B3
S2140373900C4607D504F14703236023610123636189
S2140373A003B0F0BD01AB6A46FFF7C9FF009F054671
S2140373B030463946F5F78AF848B9B4F90C309A05D9
S2140373C0EED423F0030343F00203A381E2E7A38989
S2140373D0206043F08003A381019BC4E904075BB1EB
S2140373E0B4F90E103046F5F7E1FD28B1A38923F072
S2140373F0030343F00103A381A3891D43A581CFE7BC
S214037400C9B20346024410B59342184601D1002080
S21403741003E0047801338C42F6D110BD430803F031
S2140374205533C01A00F03333800800F03330184465
S2140374304FF0013300EB101000F00F305843000EEE
S214037440704710B5044678B1036A41696BB180682A
S21403745098470023207E63611028636004D8214682
S214037460F6F7B0F81123237610BD0029F1D0836810
S214037470002BEEDB0846F6F795FAEAE707B5019127
S21403748001A9F5F7E5FE03B05DF804FB002307B595
S2140374901A46019101A9F5F7DBFE03B05DF804FB7C
S2140374A01FB5002402949DF81C400194069C00948A
S2140374B0F5F754FE04B010BD13B507240194049CDD
S2140374C00094FFF7EDFF02B010BD002307B500934D
S2140374D0FFF7F2FF03B05DF804FB03680B6001607F
S2140374E070472DE9F0410E4617460024054600680E
S2140374F008B9BDE8F081D0E90083B3420BD18368B5
S214037500BB4208D154B9C5F80080C368DB0701D570
S214037510F6F748FA204604464046E9E7C4F80080F2
S214037520F3E7D1E90112FFF7DCBF002370B51A4673
S214037530194605460468F5F78BFE0CB92C6070BD3A
S214037540E3682668DB0702D52046F6F72BFA3446AF
S214037550F3E72DE9F8430E461746054610B9002013
S214037560BDE8F8830468002CF9D0D4E900893B46CB
S21403757032462946A068C8470028F1D14446F2E7B8
S2140375802420704738B5054614460A460021FFF7FF
S21403759078FD24F01C046B7944F0100443F00403D4
S2140375A02C716B7138BD2DE9F74F1F469DF83030AF
S2140375B08A4680460093002850D0002967D00C687E
S2140375C0002C66D04FF0000BE679A179761AF6B256
S2140375D0BE4208D30C31394408EB02094546214420
S2140375E0F61BC84537E02068A346BF1B002835D0E6
S2140375F00446E9E7AB19994538BFA9EB05063246B9
S2140376002846FFF749FD009B002B3DD0E279A07981
S214037610F3B237BB1844A071E279A37927689A427C
S21403762032D1DAF80030A34208BFCAF80070BBF1C3
S214037630000F01D0CBF800702046F6F725F83C463D
S21403764035444CB10027A379E67903F10C01F61A09
S2140376502144F6B24D45CDD3A5EB080003B0BDE8F3
S214037660F08F121AD2B2F918914209DA0C3020447C
S214037670D21BD21A014438440193FFF7E8FC019B5E
S214037680E279D31AE371C7E7A3462468D8E7084626
S214037690E4E72046E2E710B5C4790246C4F14503A1
S2140376A0D8B2884228BF08460444D47110BD38B502
S2140376B00546C079C0F14504E4B2944288BFD4B20B
S2140376C00C3022462844FFF7E7FCEB792046234498
S2140376D0EB7138BD1FB503910021009103A9FFF795
S2140376E062FF05B05DF804FB38B50446206800B9B0
S2140376F038BD0568F5F7C8FF2560F7E7034610B5FC
S21403770001F0EC0103B910BD1A7902F013020A4323
S2140377101A711A1A544254415A7964F300025A7180
S2140377201B68EFE710B558B1016802685AB11368D1
S21403773023B15C79E40704D500241460036008468B
S21403774010BD0360F1E71346F8E7034658B100207F
S214037750DA7999791B68521A50FA82F01BB15A7972
S214037760D207F5D57047704770B50D460446E8B1A5
S21403777086798E4203D3751A8571012070BDC2794E
S21403778006F145039B1ADBB299420FD806F10C01AA
S2140377900144921BA81BD2B20844FFF758FC0023EF
S2140377A0A371E3791D44AD1BE571E6E70020E5E729
S2140377B010B50C4698B191B18979E279C379521A1A
S2140377C0C3F14503D2B2DBB2934208D30C31214452
S2140377D0FFF76DFF2046F5F757FF012010BD002089
S2140377E0FCE70346006818B102681A6000230360CA
S2140377F070470346002003B97047DA7999791B6806
S214037800521A50FA82F0F6E72DE9F84F89461446E5
S2140378108246FFF7EEFF05464846FFF7EAFFA54216
S214037820074601D3A04208D2BD4208D10024A3468E
S214037830A046264647B9384604E02746F6E738D238
S2140378404FF0FF30BDE8F88F5EB99AF806809AF8D5
S2140378500760A6EB080608F10C08D044DAF800A087
S214037860F6B2BBF1000F0BD199F8064099F807B0B2
S214037870ABEB040B0C344C44D9F800905FFA8BFB4B
S2140378805E45354628BF5D46BD4228BF3D46214678
S2140378902A464046FFF7CBFB0028D3D1A8442C4406
S2140378A07F1BEDB2761BABEB0505F6B25FFA85FBE5
S2140378B0C0E70120C6E703680BB9016070471A46A4
S2140378C01B68002BFBD111607047036803B10B6084
S2140378D00160704739B10B461A461B68002BFBD173
S2140378E0036813600160704770B5046806460D466A
S2140378F044B12046FFF77DFFA84211D8236813B989
S214037900E379A37170BD20463360F5F7BDFE346896
S214037910F4E7ED1A236820463360F5F7B5FE3468BE
S214037920002DEFD0A279E3799B1ADBB2AB42F0D9F4
S2140379302A44A271E6E7F8B5066805460C4646B142
S2140379403046FFF756FFA0421DD8336813B9F379C4
S214037950B371F8BD30462B60F5F796FE2E68F4E754
S214037960064638460768002FFAD1C2798379D31AB8
S214037970DBB2A34202D9121BC271EAE7E41AF5F797
S21403798083FE3EB13760002CE3D028680028E0D0A1
S2140379900026E7E72E60F6E7F8B504460F46BC4236
S2140379A000D1F8BDA179E5796D1AEDB2C5F14506AA
S2140379B0B6B20EB92468F2E749B10C312A4621441F
S2140379C004F10C00FFF743FB0023E571A371236862
S2140379D0BB42EFD05A79D207ECD49979DD79A079F6
S2140379E06D1AEDB2B54228BF3546E2790C30104425
S2140379F00C312A4619442044FFF74EFBE3792068EE
S214037A0053FA85F3E3718379761B53FA85F5C379C5
S214037A10EDB2AB42B6B2857103D103682360F5F7C6
S214037A2033FE002ED3D1C5E738B50C46016809B935
S214037A30046038BD0D4609680029FBD1236823B1CD
S214037A402046FFF7A9FF2C60F3E721462846FFF7F9
S214037A50AFFE0028EDD1F6E748B100230279436074
S214037A60036083604379027143F0040343717047F4
S214037A7000221146F5F764BE38B504460D46FFF7F7
S214037A8073FE98B984B12079FFF7F2FF58B1637992
S214037A904279C3F3400363F3410245235D1B04604D
S214037AA04271C371857138BD0120EDE72046FAE7C0
S214037AB038B5036804460D469BB11879FFF7D8FF1F
S214037AC088B12368427903605B79C3F3400363F3A9
S214037AD0410245235D1B4271C371857120600020FE
S214037AE038BD0120EAE71920FAE738B50C46054603
S214037AF040B3006830B309B9002038BD4AB9C9B2EB
S214037B00FFF732FE0028F7D12B689A799871A41AEA
S214037B1006E0452918D8C9B2FFF726FE0028EBD1A0
S214037B20442C07D8002CE7D02846E1B2BDE83840FD
S214037B30FFF7BEBF45212846FFF7BAFF0028DCD172
S214037B40453CEDE72220D8E72120D6E72DE9F84388
S214037B5090F8078090F806900446A8EB0907FFB252
S214037B60B9420D4602D30020BDE8F8830079FFF73B
S214037B707FFF06460028F6D0A17980790C317F1B5B
S214037B8029440C30BAB221443044FFF785FAF3791E
S214037B9001203B44F371E37999444D442368A5EBF4
S214037BA00805E57133602660DEE7F8B50768064624
S214037BB00D463C46002305B12CB90BB100221A60D2
S214037BC034603846F8BDE379A2799B1ADBB2AB4240
S214037BD007D8E379A2799B1ADBB2ED1A2346246809
S214037BE0E9E72046E9B2FFF7B1FF0028F1D10746DF
S214037BF0E7E75318452B02DCC9B2F5F7A1BD002011
S214037C007047F7B5002605460F4601960DB9019C49
S214037C1009E0002238461146F5F792FD044628B9D6
S214037C2001A8FFF761FD204603B0F0BDAB79837171
S214037C30EA79C27168796179D21A60F300016171D9
S214037C4069796079C1F3400161F34100607103F122
S214037C500C002918D2B22044FFF71EFA019B03B981
S214037C60019406B1346026462D68CFE72DE9F84324
S214037C700D461446064610B319B3DAB103469946C1
S214037C801B68002BFBD12746C8463A462946404682
S214037C90FFF70DFDC145A7EB0007054418BFC9F85C
S214037CA0008037B10022B1793079F5F749FDC14636
S214037CB018B9E41B2046BDE8F8838046E5E704468A
S214037CC0F8E70C46F6E737B51546C9B200221C4658
S214037CD0F5F736FD019040B122462946FFF7C6FF69
S214037CE0844202D901A8FFF7FFFC019803B030BD18
S214037CF0034610B501391A1A914200D810BD445CE8
S214037D001A7803F8014B42540139F4E7002301447F
S214037D10884200D1704700F8013BF9E738B50546BD
S214037D200C4604B938BD013C55F834305B68002B6B
S214037D30F7D09847F5E72DE9F0410446002654F8B6
S214037D4036302BB904F10408B34203D100250FE003
S214037D500136F4E754F833205F1C12685AB158F81A
S214037D6033009047054630B139462046FFF7D6FF25
S214037D702846BDE8F0813B46E6E770477047704704
S214037D8070477047F5F7F0BD38B50446FAF76BFC55
S214037D90054658B9C820E6F793FAC82202212846B2
S214037DA0E6F74EFA8442A8BF044624B22046E6F716
S214037DB087FAFAF758FCBDE83840C8220221E6F7EE
S214037DC03FBAB0F90020B1F900302DE9F0479A42E6
S214037DD004460D4648DCF6F736F88046E1F7AEFA79
S214037DE000283ED1E6F722FA8246FAF73CFCC82280
S214037DF00221E6F725FA47F6FF73B5F90020814618
S214037E009A4202D1E6F736FA288047F6FF73B4F9AA
S214037E1000209A4202D1E6F727FA2080B5F900003F
S214037E20FFF7B2FFB4F9003007468342C8BF20808D
S214037E30B4F90000E6F724FAF8F746F9064658B10F
S214037E405046E6F71DFA4846E6F73AFA4046F6F78E
S214037E5000F83046BDE8F087E6F7E8F920802F8083
S214037E60F4E741F20C06F1E72126F2E700000000F2
S214037E7000000000000000000000000000000000FA
S214037E80F8B500BFF8BC08BC9E467047F8B500BFFF
S214037E90F8BC08BC9E4670475FF800F0CD0D002086
S214037EA05FF800F0150D00205FF800F0750E002057
S214037EB000000000000000000000000000000000BA
S214037EC000000000000000000000000000000000AA
S214037ED0000000000000000000000000000000009A
S214037EE03E3E3E2052617720414443203D20257587
S214037EF00A004E6F74696679205241572041444305
S214037F00206661696C65643A203078253034580AF7
S214037F100052617720414443206E6F746966696539
S214037F20643A2025750A00566F6C74616765203ABB
S214037F3020256C75206D560A003E3E3E2042617435
S214037F4074657279204C6576656C203D2025752511
S214037F50250A00496E697469616C697A696E6720DF
S214037F6041444320776974682057696E646F7720AD
S214037F70436F6D70617261746F722E2E2E004144D2
S214037F804320776974682057696E646F7720436F60
S214037F906D70617261746F7220696E697469616C69
S214037FA0697A65642E00566F6C74616765203A20A3
S214037FB025646D560A00454E41424C4544004449EB
S214037FC05341424C454400426C7565746F6F746848
S214037FD02053797374656D20426F6F7465642E2029
S214037FE0496E697469616C697A696E672041647663
S214037FF06572746973696E672E2E2E00416476650A
S21403800072746973696E6720737461727465642130
S214038010004661696C656420746F207374617274C2
S214038020206164766572746973696E673A20307886
S214038030253034580A00424C4520436F6E6E656304
S2140380407465642E2053656E64696E6720696E6975
S2140380507469616C204144432076616C75652E2EED
S2140380602E00446973636F6E6E65637465642E00D9
S21403807052652D6164766572746973696E672073E1
S2140380807461727465642E004661696C656420745D
S2140380906F2072657374617274206164766572749E
S2140380A06973696E672E204572726F723A20307854
S2140380B0253034580A004E6F7469666963617469C3
S2140380C06F6E732025730A0041707020496E6974C1
S2140380D02E2E2E004661696C656420746F207374BF
S2140380E0617274204144432074696D65722E204585
S2140380F072726F723A203078253034580A000000C6
S214038100000002000000000000000000BA040000A7
S2140381100000000000000200000000000000000055
S214038120BA04000000000000342E342E36005B43F1
S2140381305D20002E2E2F736C5F676174745F73650A
S21403814072766963655F6465766963655F696E66A3
S2140381506F726D6174696F6E2E630025733A2564C2
S214038160203A25733A200073630053746174757361
S2140381703A202573203D203078253034782000417E
S2140381807373657274696F6E206661696C656400EB
S214038190736C5F676174745F736572766963655F3A
S2140381A06465766963655F696E666F726D6174692F
S2140381B06F6E5F6F6E5F6576656E7400DC810300BD
S2140381C0230023007284030010001000528403006F
S2140381D0020002000200FFFFFFFF00000100000094
S2140381E00108FFFF000000000C84030002000200E9
S2140381F00108FFFF0500000020000C0003000C0030
S2140382000008FFFF01000000680C002004000F00B8
S2140382100308FFFF03000000020000000500020041
S2140382200108FFFF0500000002000D0006000D0018
S2140382300108FFFF01000000720C00200700020087
S2140382400108FFFF050000000A000E0008000E00EC
S2140382500308FFFF01000000880C0020090000004F
S2140382600108FFFF00000000108403000A0002005C
S2140382700108FFFF050000000A0003000B000300CF
S2140382800308FFFF01000000900C00200C00020012
S2140382900108FFFF05000000020004000D000400B3
S2140382A00108FFFF00000000148403000E00000016
S2140382B00108FFFF00000000188403000F000200FF
S2140382C00108FFFF0500000002000500100005007E
S2140382D00108FFFF000000001C84030011000200D9
S2140382E00108FFFF0500000002000600120006005A
S2140382F00108FFFF01000000A40C00201300020089
S2140383000108FFFF05000000020007001400070035
S2140383100108FFFF01000000B20C00201500020058
S2140383200108FFFF05000000020008001600080011
S2140383300108FFFF01000000BC0C0020170002002C
S2140383400108FFFF050000000200090018000900ED
S2140383500108FFFF01000000C80C00201900000000
S2140383600108FFFF000000002A8403001A00020031
S2140383700108FFFF0500000002000A001B000A00B8
S2140383800108FFFF01000000D60C00201C000B00B4
S2140383900108FFFF07000000000000001D000000AA
S2140383A00188FFFF000000002E8403001E00020069
S2140383B00108FFFF05000000120000801F00008078
S2140383C00108FFFF070000000000000020000F0068
S2140383D00308FFFF03000000010100002100000066
S2140383E00108FFFF00000000408403002200020093
S2140383F00108FFFF0500000008000180230001803C
S2140384000208FFFF0700000000000000020001183A
S214038410020000180200000002000A180C0053694C
S2140384206C69636F6E204C61627302000F18100054
S21403843081E47C85288729A17B46BC1DA286FF464E
S2140384401000F01921B4478FA4BFA14F63FDEED6E9
S214038450141D861F1E89B999D7A9B742D5D7003AE6
S214038460C88C636032E0375EA488534E6DFB643578
S214038470BFF7002801280328002A012A292A242ACC
S214038480272A262A232A192A0429052A2A2B292BAE
S21403849002290000050000000000000000C20100E1
S2140384A000050000001000000000000000000000AF
S2140384B0433A2F55736572732F6A6167616E2F5344
S2140384C0696D706C696369747953747564696F2F29
S2140384D053444B732F6765636B6F5F73646B2F61D6
S2140384E070702F626C7565746F6F74682F636F6D31
S2140384F06D6F6E2F696E5F706C6163655F6F74611D
S2140385005F6466752F736C5F62745F696E5F706C11
S2140385106163655F6F74615F6466752E630064658F
S2140385206C61795F74696D65725F636200736C5F1B
S21403853062745F696E5F706C6163655F6F74615FC1
S2140385406466755F6F6E5F6576656E74003F0028C0
S2140385500029200013B779FAC925DDB7ADF3CFE0BC
S214038560F1B614B80102000000000000FFFFFFFF91
S21403857020000000010000000000000000000000D2
S21403858000000000000000000000000000000000E3
S21403859000000000000000000000000000000000D3
S2140385A0000000001E0000032BDC020027DC020094
S2140385B005DC020003DC02008137010035DC020023
S2140385C0453701002C000000020002010009007F6D
S2140385D0048603000100000FE4850300000000008A
S2140385E000000000E1FE59FF8FFFADFFC1FFD0FF83
S2140385F0DCFFE4FFEBFFF2FFF6FFFAFFFDFF0000F0
S214038600030005005500EDFEFF0064001E00000099
S2140386107F001B0DD063FDFF3600B7034DDAFFFF67
S2140386201C005901EC3600001100BD00C83B0000D9
S2140386300B0071001435000007004900352C0000BC
S214038640050037000526000003001400FF14000091
S21403865000000000000000000000004000000000D2
S2140386600100000078860300C00000000000000040
S2140386700000100020000000FFFFFFFF00000001C5
S214038680000000000000000000000000FFFFFFFFE6
S214038690FFFFFFFFFFFFFFFFFFFFFFFF00000000DE
S2140386A0FFFFFFFFFFFFFFFFBCE6FAADA7179E84A1
S2140386B0F3B9CAC2FC6325516B17D1F2E12C4247CA
S2140386C0F8BCE6E563A440F277037D812DEB33A087
S2140386D0F4A13945D898C2964FE342E2FE1A7F9B2F
S2140386E08EE7EB4A7C0F9E162BCE33576B315ECE4E
S2140386F0CBB6406837BF51F5FFFFFFFF0000000110
S214038700000000000000000000000000FFFFFFFF65
S214038710FFFFFFFFFFFFFFFC5AC635D8AA3A93E7D1
S214038720B3EBBD55769886BC651D06B0CC53B0F644
S2140387303BCE3C3E27D2604B6BC0BCE12A459991A9
S214038740E134741A7F9E1925AE2D8A571E03AC9CFE
S2140387509EB76FAC45AF8E5130C81C46A35CE41180
S214038760E5FBC1191A0A52EFF69F2445DF4F9B1704
S214038770AD2B417BE66C37103FF1CAA1681FAC09ED
S214038780120ECA307586E1A72B7E151628AED2A622
S214038790ABF7158809CF4F3C6C5C5854801024FF08
S2140387A0FFFFFFFFFFFFFFFFFFFFFFFFFFFFFF00D0
S2140387B00000000001200000002000000000000070
S2140387C07D5E01000040025C000000000000001017
S2140387D001030401010109030B0000000B00000064
S2140387E0020000000000202000000000030000003C
S2140387F08C8C3C000000000000000000000000001D
S2140388000104104001000000050002000003000000
S2140388107C8A0300588A0300CC890300EC89030092
S214038820008A0300A48A03003C8A0300288A030004
S21403883000000000908A0300000000006C8A03001A
S214038840000000006089030000000000148A030093
S214038850000000001C8A030000000000E0890300FB
S214038860A4880300B88A0300A6880300508A03007E
S21403887000000000000000000000000000000000F0
S2140388804E0C00000000000000000000BC81030046
S21403889000000000000000000400000000000000CC
S2140388A0E2FF500001000400FB00141400001C202B
S2140388B030401C2000001C203040505341004B45E4
S2140388C0590000010102010202030102070B0B0714
S2140388D001160C00000108080000050108FFFF024E
S2140388E0FFFF0808020204FF010022FFFFFFFFFF4D
S2140388F0FF030404FFFFFFFF2AFFFF1419191B01E0
S2140389001C15120400480C14131510801A801280CC
S21403891080000F0E0C080C080D181001020404004A
S214038920F4010000FA000000960000006400000056
S2140389304B000000320000001E0000001400000080
S2140389400000000001015000400008005000240011
S21403895004009001500240009001AE011000000098
S21403896031F10100000000000049725314497207F8
S214038970FF000102030405FF145300724907CDF6F6
S2140389808105020001050200511E0200B1330300F7
S214038990233403001D3403003D2202006954030000
S2140389A0D73303001F34030021340300CB33030003
S2140389B01934030019000200073203006D01020098
S2140389C001020C0000000400000008000400000080
S2140389D00000000000000000850402000000000004
S2140389E08733030000000000A001040156000000C6
S2140389F0000000000000000000000000000000006F
S214038A000500000000000000000000000000000059
S214038A10000000006D05020000000000B3330300F1
S214038A2000000000A01305000A000000000000007C
S214038A300000000000000000000000000900000025
S214038A40000000000000000000000000000000001E
S214038A50B9330300000000000F0000000000000010
S214038A60000000000000000000000000C333030005
S214038A7000000000000000000000000001000000ED
S214038A8000000000000000000000000000000000DE
S214038A90E507020000000000A0010107A000010492
S214038AA002040800060000000000000000000000AA
S214038AB09109020075090200D109020000000000B6
S214038AC0A0030601A0090609A0020608A0050607DA
S214038AD0A0050606A0070605A0020604A0010610C8
S214038AE0A00A0602A00D0600000004020503060104
S214038AF007010108090A0000A0015C02A0035C014B
S214038B00A0025C00A0020F09A0030F04A0030F033A
S214038B10A0050F02A0010F01A0050F00A004010885
S214038B20A0020105A0030106A01201000101020430
S214038B3020030409913B020020000401AD04020057
S214038B4020025602510502002002560125050200A6
S214038B5020010605210C020020030A11C1070200AA
S214038B6020040A048D07020020050A025D0702009E
S214038B70200A011ACD080200200001159108020000
S214038B8062676170692062756666657273000100CC
S214038B900200000000000000030000000D000300B8
S214038BA00200010005006761747420636F6E6E65D2
S214038BB06374696F6E00000000FB349B5F800000E7
S214038BC0800010000000000000000000D9520300DF
S214038BD0C139030013540300C3530300A0010A055D
S214038BE0A0030A04A0080A03A0070A02A0060A01B3
S214038BF0A0070A00A0030906A0060905A0070904A2
S214038C00A0040903A0050902A0060901A0030900A0
S214038C100202030000000000C157020009580200C8
S214038C20B557020015580200FD570200A966030057
S214038C30E56603000B6703002D6703004F67030019
S214038C40F16B0200A96B0200B56B0200896C02008F
S214038C50C5680300516403005564030061640300A0
S214038C60596403005D6403000000000088010000EF
S214038C70B80F0020E1FE000002000080FF7F000026
S214038C800080FF7F0E025241494C0000A000000006
S214038C904D63020050000000C562020000000001A0
S214038CA00000010100010101FD650200E16502000B
S214038CB0199B0200C19D0200F99C020001010203F8
S214038CC0000000011F150F15150F151FFFFFFFFFEF
S214038CD0FFFFFFFFFFFFFFFFFFFFFFFFFFFFFFFF9C
S214038CE0FFFFFFFFFFFFFFFFFFFFFFFF00A801A837
S214038CF002A8000000B801B802B800B010C0030014
S214038D0028C0030040C0030058C0030070C003001F
S214038D10030404080805000000000000000000002B
S214038D2000000000B8320000F8040000B03700006E
S214038D3004000000303E00000300000000000000B6
S214038D40B8320000343E000000000000343E00004D
S214038D504100000000000000303E000085320000A5
S214038D609D3200009D3200009D3200009D320000BF
S214038D709D3200000000000000000000000000001C
S214038D80000000009D3200009D3200009D3200006E
S214038D90112B00009D3200003B2C00004B2C0000E2
S214038DA0D12C0000192D00009B2D0000012F000080
S214038DB0BB2D0000912F0000072E0000452E00005B
S214038DC0B92E0000F1300000C53100000D2C000064
S214038DD071280000212400008F28000001290000CC
S214038DE09D320000D92900009D2900009D32000015
S214038DF09D320000212A00009D3200009D320000B3
S214038E009D320000F90F0000E90F00000310000078
S214038E100D100000171000008C488068000200D474
S214038E20704780B580208002A8490860CF2000F0F4
S214038E304BFA01BDF8B586480068864C802292033B
S214038E402260854E316809051DD5110BA02303400A
S214038E5001D0216017E002403FD180277F4A176088
S214038E607F4A1760084038D0784D287A400705D5E2
S214038E7001207C49086000027B49086028780028A6
S214038E8001D0062801DB0020F2BD00F057FB716815
S214038E9089684E682978052907D1B905A1606E60EF
S214038EA0B668CC218901704A116000F050FB012E90
S214038EB000DA0226BC2080058549086094208005D8
S214038EC08449086065480021C943016471424164CE
S214038ED081490F6040210160D5E7B1480160FFF783
S214038EE09BFF0120F2BD5A480168890504D5C06E70
S214038EF00004000F022801D00020704701207047AD
S214038F0038B580245548046000F018FB0500734804
S214038F10006800F065F9280000F019FBFFF77CFFF6
S214038F204A48007A000705D5A0004A49086000F0C1
S214038F30E6FB31BD60039A490860B048046031BD62
S214038F40FEB50500CC208001964948600126964868
S214038F500660FFF7C8FF002877D03C4C207800282F
S214038F6073D031020195052802D02A460A406CD1F7
S214038F70CC27BF018B4A1760A14A126853075B0FC1
S214038F80022805D1022B5ED3080137490860F7BDD6
S214038F904D01032804D1022B55D933480560F7BD8C
S214038FA0042802D111404ED0F7BD05284BD10198B5
S214038FB0002848D0C005C10F684641700198C00418
S214038FC0C10F6846017000F0B9FA029060686946FE
S214038FD04978002903D006688021214A11602C04B1
S214038FE088496A461278002A0CD0C2680B68D21ADF
S214038FF0A74B1B68234001D0066800E046689642EC
S21403900000DD1600684640786A461278024308D0A8
S21403901008684242B01E824202DA7042886000E06C
S2140390200026029800F093FA0198800501D5994826
S21403903004600198054001D097480460002E02D0D2
S21403904009480760F7BDFFF75BFFF7BD343E000036
S214039050400002A8402002A8C43E00000CC001A89D
S21403906090E001A894D000A8505201A838B58024F7
S2140390708A48046001204C490860894D28780528F1
S21403908002D0600087490860FFF72DFF002812D042
S21403909012480068000A80214140A868000EC9B241
S2140390A0814208D2564800684007400F022802D281
S2140390B0FFF726FF31BD7C480168C0220A4002D173
S2140390C0C06F204001D00448046031BD1C1002A8C4
S2140390D008E001A808D001A894D001A818C000A8E9
S2140390E0F1B582B00F008026B600A020384002D02B
S2140390F06E48066052E000F021FA00906C4804685F
S214039100F80202D5A0680069029000F045FBB102A0
S214039110606800F06FF9227820000021521C437823
S214039120934200D2002218235343C5180C352B78DC
S214039130082BF3DA1400027085602878584A1070FA
S2140391403E400CD000F0FAF9594909688968CE68A0
S21403915000F0FDF9F80201D403208643310050489D
S214039160816001260846304003D100F0D2FB00F0B0
S2140391707BFFF104686900F03DF93C2000F0A4F899
S214039180E0B200F0A1F8009800F0E1F93005474995
S2140391900860484806603002024908600298FEBD2F
S2140391A0401002A84C6201A894E000A810B54248FB
S2140391B00068800501D4FE2010BDC02080033F490F
S2140391C0086000F0BBF93A4909688A78D20702D5E5
S2140391D089688C7800E00C7800F0B9F9200010BD9F
S2140391E0334909688A688B78DB0704D59278182395
S2140391F05A438A180C32906070470000100002A889
S214039200084001A848C001A8F1B582B02C4F3C68BD
S2140392100026200F000702D1E00102902AE000F0AA
S21403922023FF00F08BF9019080210903606800F0AA
S214039230E1F825786D1C6078A84200D20025E80086
S21403924020180C30009000680290802109030098D3
S214039250406800F0CFF83D2000F036F8E8B200F0A2
S21403926033F825700098A060019800F070F902A802
S21403927000F05EFF13480068800407D5786901F0A4
S21403928026FC02990818029000D502960298FEBDA5
S214039290480002A8481002A8482002A894E001A8A3
S2140392A0343E0000506201A814C001A8402002A862
S2140392B0C83E000090E000A8400002A8401002A8A4
S2140392C0CC3E0000FC0302A841490968002901D5E9
S2140392D0404908607047F3B581B03F4FB9683F4CCB
S2140392E04A004CD50125090100D5212501003C4A39
S2140392F01068566822689206920E94463A6893005F
S2140393008022134062461343802252001A4300927F
S2140393100A0023D0890601D5012008E0F021014088
S21403932007D16946097A0C220A4002D0022000F0CF
S2140393303FF82C49096809040AD53968090701D595
S214039340022605E03968490301D5002600E0032616
S2140393504835009A24490968890003E0009A22499F
S214039360C96909094023194011439A00002E02D007
S2140393701643266608352166024322662566E06D97
S2140393804407640F00F0C4F8A0070BD0052C09D0DF
S214039390B868000406D400F0D1F80221134A11601D
S2140393A000F0D5F800F0BDF8002000F001F8F7BD96
S2140393B00B490A68F0239A43000110430860C0B2C1
S2140393C070478020C0020A4908607047000000000A
S2140393D04C0002A8884000A8440002A8284000A821
S2140393E0683F0000384101A8084001A87CD4035018
S2140393F0485000A880B55E4A116001F093FBFFF762
S214039400E0FF01BDFEB500F099F80290102059491F
S21403941008600023584803600220584908605848EB
S214039420C0684005C20DD52A01D2D52204E0D1205A
S2140394304000824200D9020010000100514C019402
S214039440883C246864011DD54F4C0094251D4F4E5F
S214039450367806277E43AA530024019D2D7CE540DB
S214039460ED070CD5009D06266643AD19AD888FB271
S214039470BD4200D2290086B2AE4200D22800641C48
S214039480022CEAD389B246310904414C0C404638D3
S214039490C005C00D20433A490860C02000063D4978
S2140394A008603848017D00290CD03B49D52A02D9EB
S2140394B08024E4050C60D1246400A24202D28024F6
S2140394C024060C601021354C216035490B60418819
S2140394D0002900D10280029800F039F8F7BD80B564
S2140394E03048314908603148C1680902090A19221F
S2140394F05143416005210160FFF784FF01BD2B48FE
S2140395000068C00300D4704780B5FFF77BFF01BD3A
S2140395108020C00216490860254800684007FBD42F
S21403952070478020C00223490860704701E0224943
S2140395300860224909680140F9D17047204800684D
S2140395402021204A116010211F4A116070473021E4
S214039550014002D110201B49086070471848006874
S21403956030210140102901D10120704700207047A7
S214039570401002A8F41302A8048002A8409002A890
S2140395807C400050743F0000603E00005C3E0000DC
S2140395900000FF01A0600050A4500050F42302A86E
S2140395A018E000E07F1A0601500002A810E000E071
S2140395B0400002A8402002A8282002A8280002A8EB
S2140395C05C0002A85C2002A85C1002A8FEB54E4808
S2140395D080214902816102214C4A516000214C4A94
S2140395E011604C4A11800321484A11600221016030
S2140395F04948046820204949086080204849086093
S214039600CC2080014749086001204749086040484C
S214039610806F01900F26000B30400090434800688F
S214039620C505ED0D103DC0202843C0B2FFF74CFE24
S214039630E00506D50098092803D001F0ABFB01F03E
S214039640C7F8019806403A480468032E04D0022E51
S21403965006D10098032833D000F0EAF9032E04D08D
S214039660009806282CD1062D2AD0324800680127F8
S214039670C00B384001D001F07FFD2F480068000181
S21403968008D5052D06D101252C4807606805FFF788
S2140396904DFF00E000252100009800F0CBF9040000
S2140396A0274E002D05D000F067FB376002202549C2
S2140396B008607805706580092349086001F04AFB55
S2140396C0124880214902C1610099002908D102216C
S2140396D0416000200E490861C020C0001B49086095
S2140396E02000FEBD80B5FFF713FF194800788006FB
S2140396F002D4022017490860FFF713FF01BD0220BA
S21403970015490860704700002C1002A8282002A8FC
S214039710340002A8703E0000B40002A894E001A83A
S2140397200CC001A8506201A894E000A804ED00E074
S214039730B44000A800E200E0EC3E0000645000A83D
S214039740646000A82C4000A880E200E02C6001A81A
S214039750C43E0000081002A8082002A87F4800683C
S214039760800700D4704730B57D4804218C4A012316
S214039770E024E4008568254002D01360D160D360FE
S2140397800068044002D013605160536030BD8548C2
S214039790012181600160704710B5012071498A6814
S2140397A00240FCD1804A0423D3600C680440FCD1F9
S2140397B05360106010BD7D4908680122104200D135
S2140397C0704710B5E023DB000340FF24A41CA3422C
S2140397D004D3774B1B689B0600D54868024001D02C
S2140397E000F0ABF810BDFEB50700C820714908604D
S2140397F0062071490860802040037049086070485D
S2140398000168704A0A4080210901114301606E4CC9
S214039810C020C00020600225A56168036B4908606C
S2140398206B4E6C48F0664C206B49C86638686B49CB
S2140398308968814201D2019100E001900199401AA2
S21403984038600121380000F040FB6946087038682C
S214039850019940183860FFF781FF5F4800685F4949
S21403986008605F480168490601D55E4900E05E4925
S214039870316769460978002908D10321E161006848
S2140398803068054002D08020800220616846007858
S214039890FEBDF8B50400554D8020C001286054482D
S2140398A001218162534A11601F23036056234366D6
S2140398B006230366504B1B68002B02D4082303665B
S2140398C043664E4B0365C023DB004D4E3668F827D0
S2140398D0FF01374001D1836700E05361E86B014025
S2140398E008D0286BC00705D446480078800701D403
S2140398F001F0E0FC444845490860FFF72FFF2000CD
S21403990001F084FD286B8001FCD4286AC8490860EE
S214039910F1BD3F4801214161C1603E4A3E4B53665B
S214039920364B13650323036000203C4B186011601D
S2140399309162C8032D4908607047F0210901384A2F
S21403994011600140374801602020374908603749D5
S21403995009680840B7490860704700004C0002A831
S2140399606C0102A8700102A880B5B3480821B34A67
S21403997013680B4001D0016141611178C90602D515
S214039980862109010160FFF716FF1420AC49086021
S214039990AC480168490701D0FF21416101BD0000C1
S2140399A0681102A86C2102A8682102A8783F00006B
S2140399B0400002A8548001A80C9001A8942002A895
S2140399C0680102A8FFF1FFFF441102A8A01002A835
S2140399D0E40002A8294E0600300002A8A03F0000BB
S2140399E0FC0302A8CC3F0000C43F0000100002A8FE
S2140399F0E01002A8442102A828C000A80C1E0000FC
S214039A00A88001A83C3E0000FFFF7F7FB46000A84B
S214039A10602102A8E02002A85E060000400102A81A
S214039A202C6001A82C5001A8442002A8084001A8D5
S214039A3070470000F8B586B005000C008248866AB9
S214039A40FFF77CFD0590B00503D580480068FFF757
S214039A50C7FB0020029001227306DB0F7C498E6849
S214039A608860B82040007B4F38606708B8203840CD
S214039A700978F0270F40402F02D101004020084309
S214039A800D2D02D1310004260E43710704D50100C3
S214039A901420084310218C43AC4909686D462A708C
S214039AA00493019605006C4FC80506D58020400038
S214039AB0A24908602800012505430498002811D10F
S214039AC00C20284008280DD028005F49496BCA0699
S214039AD001D410229043890601D420218843B12162
S214039AE001405AD068460078002859D0B86DC004A3
S214039AF0C00C792809D380250620534908606802DC
S214039B00A14908600020694608708120284049D092
S214039B1008200499002900D138620199084301906E
S214039B2010208443042003900005984908604008E9
S214039B30974908600120974908606846007800281E
S214039B402ED00398062833D39348806BC0062FD5B0
S214039B5092480068000E02908F480668B6B28F4897
S214039B60006A000603D0300080267601064301F023
S214039B7060F8002809D0FB2080010078C00604D0D6
S214039B8030008026F6010643B6B23E6130123861D5
S214039B906E480168C80587D40AE00820394608627B
S214039BA0009531E08FA06906C90E405C0390C4E7B8
S214039BB0009503982449CB6A784A12683D686E4636
S214039BC0B58128251D400543980CC00128431D0078
S214039BD01B0E2B4010252B400343900040221040C1
S214039BE0184303AA9070086B000A03A9C870FFF70E
S214039BF0DDFA03A908710298487169480068C880AD
S214039C000398F8660498F8660598FFF7A0FC082002
S214039C10610601D55D498860624908600198C1B252
S214039C200098C0B2FFF757FB200007B0F0BD000056
S214039C309C3F0000441002A8301102A8F84F000011
S214039C40703F00000C4000A8180002A81CC000A823
S214039C50683F0000B46000A8540000AAF8B5524F4D
S214039C60524C0F2501265249606BC00621D50120B0
S214039C7008705048006850490A68824204D28969CD
S214039C805118491C081A00E0101A4C490968401874
S214039C90012852DB01F05EFE49490968090B0D40B5
S214039CA0022D48D17105474A11601021F9632660D9
S214039CB041E0E06BC00026D543480068E0218905F3
S214039CC001403AD03E4C41480068C00504D42068A1
S214039CD0000B28400228F5D03D480668FFF72EFC07
S214039CE03C49F2B20A603204120E0A603202120EC5
S214039CF00A60320E0A60FFF72AFC2068000B284031
S214039D000228DFD0F1BD344C2068002815D00E7031
S214039D1001F07CFB002810D101F01CFE28490968DD
S214039D20090B0D40022D06D13104264A116002218B
S214039D3039600021216001F011FEF1BD1C2100AA4B
S214039D408020800425490860704700001C0100AA93
S214039D50802040042149086070478020C0041F49C2
S214039D6008607047802000051C4908607047802003
S214039D7040051A490860704719480168490701D029
S214039D80FF21416170470000141100AA401002A889
S214039D90205001A8006101A81C4000A8084001A8A3
S214039DA0448001A8845000A8082002A8100002A836
S214039DB0733E00001CC101A820C001A8DC3E0000C1
S214039DC0AC0002A81C1002A8204001A8084000A866
S214039DD0904000A8640000AA483E0000382002A86D
S214039DE00C4000A803010706030107060501060643
S214039DF00501060603020706030207060502060612
S214039E0005020606FF2807D0032805D2AC490978C1
S214039E10C140C807C00F704700207047F8B58020C0
S214039E20000200908E48038808208E4908600A22A4
S214039E3001200124944000990C43A249B6A5AD5CC9
S214039E4025438D60F025A04E3560864DB5A6B65CDD
S214039E50022737432F6004262E60814D9B4E3668BB
S214039E60064008D12E88F61AB6B2012E03D88E6C99
S214039E703603F3D401E00220F2BD8D6CCE6C6D0385
S214039E806D0BAE4200D20094521ED2D508228E4BE2
S214039E901A60009A8A608E4A1268520113D58D4B57
S214039EA05A78541C012525405D70140006256C4322
S214039EB01C190968A1800099E1801A7080490B7803
S214039EC09040184308700020F2BDF1B582B0FFF74A
S214039ED05EFC00247E480068400102D40120019005
S214039EE01DE07D48826B00207A49C3B206256B438A
S214039EF0CB189B8895B2AB4204D0401CC3B2022B4E
S214039F00F3D3FF20087001200190714800684001D8
S214039F1005D50878FFF776FF002800D001946F4830
S214039F2000686F4988616F4D02980068296D46186E
S214039F30002E15DD00F07FFD2860C001301A0028D2
S214039F400EDDFFF729FC00F08FF802980068296DF4
S214039F50401801F05BFA010002D002990C60FEBDC6
S214039F60614F8020800038605D4A1068022607280B
S214039F7029D005210840052805D011600C2001F0E2
S214039F8057FA01006AD1594D59482862FFF704FC75
S214039F902E60E020C0025749086000025649486018
S214039FA0300678603E60012001F042FAF001286234
S214039FB0022001F03DFA902040012862022001F0C1
S214039FC037FA700228624D4DE020400028600420D6
S214039FD001F02EFA07003BD147480660B002A8629C
S214039FE0C001A86210203C4908600126EE654025A2
S214039FF04348006828401BD135480068400113D504
S21403A000344800786946087068460078FFF7FAFE19
S21403A010002809D02F48694609780622514340187C
S21403A020C0882D49086403E0FFF7F8FE07000FD148
S21403A03029480660C467022001F0FAF9314C25600E
S21403A040A8002060022001F0F3F98120C002A0627C
S21403A0500198002801D0FFF752FA3800FEBD000031
S21403A060703E0000889001A870B5FFF790FBFFF7DD
S21403A07093FB022618480660234DF0022862C408A4
S21403A0802C62012001F0D4F9600828622E601F4874
S21403A0902862E02040001B490860174D2E60FFF73A
S21403A0A037FA1B4E3078002800D005200C4908608C
S21403A0B0FFF737FA2C6017480068706370BD00001E
S21403A0C0843F0000448001A888A001A8140002A8C9
S21403A0D0EC3E00005C3E00000C8001A8F80302A8DA
S21403A0E03C0102A88C3F0000941002A83C1102A871
S21403A0F0BD080000142102A8942002A82C9001A8F1
S21403A1004C0002A82CA001A83C2102A8FD68000070
S21403A110603F0000300002A80000000101020408AE
S21403A1201020200050505040404040302020200057
S21403A130F8B50400FFF730FB2948C021C900294AB7
S21403A1401268F823DB01134002D1274A116000E0AE
S21403A150016000942549AC2252008A640A220A60F0
S21403A1602349802252030A60224C626A224B134020
S21403A1708022D2001A436262802222600222426058
S21403A1805003C8601D48E0601D4E4C20F0661D4D10
S21403A19068699621C901471800980068874200D36A
S21403A1A00700C01B0099086000210098FFF78DFE8A
S21403A1B000990968C919009A116031682960124923
S21403A1C00968490601D5114900E011492161F2BD2C
S21403A1D0802000010F49086000010F49086070479E
S21403A1E0582102A8AC8001A8581102A80C8001A827
S21403A1F0941002A8440102A8FFF1FFFF286E060090
S21403A200300002A8903F0000FC0302A8CC3F0000E9
S21403A210C43F0000401002A8685000A8F1B584B0FF
S21403A220BD4800680290BD48006B9621C9014018DE
S21403A2300499884205D2081A01F0E8F8002800D0ED
S21403A24027E2B74C6068C00700D522E20420B54970
S21403A25088628003B4494862B44800680090606B23
S21403A2608607B60F1025032E02D0AE48856222E07D
S21403A270084669034162A26B920601D5012065E098
S21403A280009A12060FD5A36B022213400BD1A84BDC
S21403A29005271F60A76B2F403A431A6000221A60F7
S21403A2A0626B120A1A6004228262A06B002802D52F
S21403A2B09C4841620026606B400704D5606BC00073
S21403A2C02901084003E095488068C10701D5FFF7D8
S21403A2D034FBC149009805220240052A07D1BF482E
S21403A2E0B2018018006AC004C00C401E086000203B
S21403A2F0BB4AD26E12041AD5BA4A1268002A16D47A
S21403A300012201204969002911D0B7490A700021AA
S21403A310B64A1160B6498D62C106B64A91670722EE
S21403A320B44B1A600022B24B1A601A46D167B24980
S21403A330C02292000A603302002801D0100000E019
S21403A3401800AE4D28604A606B600020E16B9422D3
S21403A35092050A40150000D00125802636022843C0
S21403A360000637D071482821405CC02101404029AF
S21403A3700DD1FFF7B7F96948C06D00906846FFF73F
S21403A38032FA002876D10098FFF783FA01E0FFF748
S21403A390B6F9202020602D0600D17AE1944D606B3B
S21403A3A0400708D57008604948620220E86200F05A
S21403A3B05DFA002806D004205A49886240025A49AA
S21403A3C04862EE6259480078000600D461E1300125
S21403A3D05449FFE00125606828404BD1AE48006829
S21403A3E0C005400F022803D0032801D0062802D157
S21403A3F069464D7005E0002069464870A748A8499D
S21403A4004860680448498862FFF782F8E06B0640B4
S21403A41006D1FFF793F80221A24A1160FFF797F8D7
S21403A420FFF77FF8280320609F4EC0200006706069
S21403A43028049B490860606B4007C10F684601709B
S21403A440E027FF023020029949072FD54021A54A6D
S21403A45011624901924A11660321A24A91640021BE
S21403A460116030608E48456580207060062000F0DD
S21403A470DFFF002800D00CE1894D80204000E8660D
S21403A480022000F0D5FF80204000974988661820F8
S21403A4907060082000F0CCFF0028EBD12420706009
S21403A4A09148C765A020C002286672E0E16BC90226
S21403A4B049D5C04949680902090E0191490902298B
S21403A4C001DB8A4901E0B3218900019A302A3AD395
S21403A4D0124A1288E72A36D395235B009A4205D898
S21403A4E09A1A12095143890A4B4204E0804BD21848
S21403A4F0120951438B0A5BB20199C918074A126BBA
S21403A5009446064AD26B53436246D218034B1A63E9
S21403A5109F290FD39F2110E0FC0302A8743F00007D
S21403A520100002A81C2002A81C1002A8C43E0000AB
S21403A530E40000AA202900D821210A020A430904BC
S21403A5401143274A11606749AA020A629A4A8A6433
S21403A55014220A603060524845656348C765A803FD
S21403A5604F49886640027060062000F061FF0028AD
S21403A57031D12D064A48C566022000F059FF5A48D5
S21403A580856668097060082000F052FF002822D113
S21403A5907560032000F04CFF88481649886700F072
S21403A5A04AFA874D401DC001296B47188548406FFE
S21403A5B08021C90108400190084683490860049831
S21403A5C087421ED2296B401A00F020FF002817D0BE
S21403A5D001987E4908605CE0204000A80C0000AAB1
S21403A5E0CC4001A8784201A8723E00006C3E0000F1
S21403A5F03C5000A83C6000A8046100A8045100A8D1
S21403A600049F206AE8620298400701D5402003E0D1
S21403A610802080047060C0087060012000F008FF8E
S21403A620802040001E490860380000F0EFFE8B4E85
S21403A63068460078002806D162480068F0618020EA
S21403A640C0038749086001986049086085488649C1
S21403A6500860254880210901416669464978002932
S21403A66001D104210160206A6862684600780028E8
S21403A67009D0012000F0DCFE3078000603D58020E8
S21403A680000391490860E06BC00202D549480068A0
S21403A690286305B0F0BD0000204001A8040000FFB9
S21403A6A0B41002A87CE40350441102A810B5FEF7C8
S21403A6B045FF864900240C600A22CA61FEF747FF5D
S21403A6C08348C02189020160824941608248102183
S21403A6D00160C905416540208049086080480470D0
S21403A6E010BD0000400102A8B82002A833070000EE
S21403A6F0D6FEFFFF7B48406B800300D47047F8B557
S21403A700794804680027002000257849E20706D523
S21403A710C02080028025ED03EA0A0A6003E0A20750
S21403A72001D4032040252843C862012000F080FEA0
S21403A730802040006E49086708206E4908606E490D
S21403A7400968090203D46D4909680140FBD001205A
S21403A75000F06EFE6A4EE00702D580208004306467
S21403A7603564042000F064FE600702D5E020C002D2
S21403A770F06064483064012000F05AFE624830649A
S21403A780C320000630645A4880214902016710211D
S21403A790B163890271615D490F6001223260302224
S21403A7A0F2638F62802189014E4A116009010160BC
S21403A7B0F1BD0000F83F0000F3070000FFFF7F7FB6
S21403A7C0743F000020C001A894E001A894D001A81B
S21403A7D0F8B54F4800680D2707400424002F00D122
S21403A7E004274C481025660308214B4A4B4B1B682D
S21403A7F02340126814D04260394004D00220FEF78A
S21403A800D7FD474806603C4007D0464800680543E6
S21403A81044480560B008424908600220424915E0F2
S21403A8200260394005D00220FEF7C2FDA0023C4973
S21403A83008603C4006D03B4801680D43056070093C
S21403A8403749086038480660300329490860FFF72F
S21403A85051FF00210020FEF73EFDF1BDC43E00007F
S21403A8601C1002A803000300482102A810B580208C
S21403A8702E490A6802400AD02D4B1A680624144053
S21403A88005D15C6E2B4A22401B6D9C0101D500202E
S21403A89010BD096808400DD02748824203D1180529
S21403A8A001D5012010BD25480068C107C90F481E01
S21403A8B08041C00F10BD22480321C163A8218163D4
S21403A8C010210160704700001C2002A8D80000AACF
S21403A8D0402002A804000080646000A82C4000A862
S21403A8E0723E0000100002A8FC0302A81C1102A876
S21403A8F0442002A84C6201A8C44001A84C4201A807
S21403A900082102A82400000198008800600102A81C
S21403A910B44000A8E43E00001CC101A8440002A8FD
S21403A920401002A8683F0000685000A8400002A834
S21403A93014C001A81F1F0000010C000030C101A8AD
S21403A940082002A86C4800680121084209D16B4A16
S21403A95012686B4B000C1840F03291400B40984243
S21403A96001D00220704700207047F8B507000F3863
S21403A9706A461080604CA0680A0004D16B461B88A8
S21403A98082B29A423AD200226B461A8001250226E8
S21403A9903A0013D02268324007D000292ED05948F7
S21403A9A00088401C5749088000203900E16056495A
S21403A9B00E6080B2B84201D369460D8053484560A5
S21403A9C000E030BF2068304003D1FFF7BBFF00280C
S21403A9D0F7D04D484560390010D02168314005D086
S21403A9E048490A886B461B88D2180A8006600020EE
S21403A9F0E060A068B84201D244480660FFF7A2FFB1
S21403AA00F2BD38B5050000F0A5FF0400012199202A
S21403AA104543A8093E4A12688018123880B2FFF7E9
S21403AA20A4FF05008020C0013A490860200000F01A
S21403AA3095FF280032BD33480388354909680288E4
S21403AA409342F9D1100408187047FEB51238070C64
S21403AA506946088000F07EFF0190274C294D288820
S21403AA60B8421ADA01202C490860274E30BF02206C
S21403AA702168014006D030604003264908602888D4
S21403AA80401C2880FFF75EFF010002D12988B942E7
S21403AA90ECDB0121716000280DD12888B8420AD169
S21403AAA0A06869460988884205D20021684600885E
S21403AAB0FFF75BFF01E0FFF745FF04008020C001BE
S21403AAC014490860019800F049FF2000FEBD10B548
S21403AAD012490A680E4B1B680C689442FAD0DB01D5
S21403AAE04033141A02D288692418641C0C48006880
S21403AAF04443181B10BD0000280002A804ED00E024
S21403AB00FF3F0000703E0000282002A8281002A87D
S21403AB10300002A880E200E02C1002A820C001A8A2
S21403AB20B43F0000F0B502E00A601C602E607EC8E9
S21403AB304F1C07D05F1C04D06F1CF5D10A601C6045
S21403AB40F0BD0A60F0BD00000006800F70479D4907
S21403AB5009684143880B70478A4800680104C80F98
S21403AB60704788480168090407D587490A68964BE1
S21403AB701A604A6842618868C860704780B5FEF705
S21403AB80DDFC01208149087081480068022808D24C
S21403AB908E480068F02109050140C02080048142E8
S21403ABA0F2D08B480068C01C8A4901438A4801607A
S21403ABB001BD8A48884908600020894908608021C9
S21403ABC08902884A1160714908707047F1B582B0EE
S21403ABD00F001400C006000E00901038912827D2EC
S21403ABE0FFF7BAFF002823D0002501260298FFF7B7
S21403ABF0ABFF002802D0022804D004E07A4800689D
S21403AC00304000D001252600784C38000C30FFF782
S21403AC109EFF8019206000983818FFF798FF801968
S21403AC206060C0208001724908602803714908608B
S21403AC30F7BD6D4800780621014001D1002070471A
S21403AC40B848006802288041C00F7047F8B56A4CC0
S21403AC50634A0421C0239B04F0252D055B4E20691F
S21403AC60084204D0107C8006C10F490020E080070C
S21403AC7020D5D068042803D2306828409842F8D0FC
S21403AC80107C0007000F072814D1507C022811DD22
S21403AC90907C8006800E02280CDBD07C0090074652
S21403ACA00F4207D0C00700D50A21B80700D5891D73
S21403ACB0002904D1FFF77DFF0020A061F1BD481CE9
S21403ACC0D768874203D237682F409F42F8D096480A
S21403ACD0405CA061C300F821194002D08023DB0446
S21403ACE0136049005160A168002932D10102F8229D
S21403ACF052010A406168914200D20A0023681D1F70
S21403AD008A498B61AA184A61864A1368002B01D1C7
S21403AD10BF2600E09326304B1D686769BF00BF0B54
S21403AD20F6193603AD05AD0D35431D6080235B0173
S21403AD300B60810908D11168002901D1282200E09F
S21403AD4019220021FFF742FF207C000701D40120CF
S21403AD50A060F1BD80B5FFF76CFF002811D01A483C
S21403AD604168002903D0724A1160002141600748F8
S21403AD700078002805D0FFF71CFF1C486D490160CA
S21403AD80416001BD584201A8983E0000743E000091
S21403AD90D04000A880B5FFF74CFF002811D006204E
S21403ADA065490860002065490860F0200001644991
S21403ADB0086080204000634908600C485D490160D4
S21403ADC0416001BDBC3E0000403E00000C0002A8EE
S21403ADD0204000A800F0FF3F544201A8FFF3FF3FC6
S21403ADE0C44000A84C6201A8B83E00005C4201A81B
S21403ADF0586201A8585201A8A83E0000F0B581B0D9
S21403AE000400A0031CD547480068002800D081E052
S21403AE10474801684C4A5160CAB2FF239943D30797
S21403AE2002D5EC23DB02C91852080A4302600E203F
S21403AE3000F0FEFA082045490860C003444908604C
S21403AE4044480168444D09043FD569694161FEF7EA
S21403AE5075FB3D490A68531C6A68934200D32B6806
S21403AE601E78B706BF0E5B1C934200D32B68BC4606
S21403AE701E78B701FC2636013E4067463E435B1C00
S21403AE80934200D32B68B4461E783603FC27BF02D2
S21403AE903740664637435B1C934200D32B68BC4659
S21403AEA01E78B704FC2636043E4067463E435B1CCA
S21403AEB0934200D32B681A781706FC2292053A4071
S21403AEC032430B606A61FEF742FBA00727D580205A
S21403AED0C0021F490860FFF7ACFE00281FD0686A4F
S21403AEE0C0B2002802D006211C4A1160810916D080
S21403AEF01B490A68012AFBD949680905090D091D7A
S21403AF00C900084A1268012A00D14908002A03D159
S21403AF10282202E00C208BE71922FFF757FE01B028
S21403AF20F0BD00006C3F0000D44000A82C4000A8F1
S21403AF30EC4001A8FFFF0300846201A8504000A86C
S21403AF400C6000A80C5000A8403E0000846000A8D7
S21403AF504C6201A8584201A8903E0000845201A802
S21403AF601C4000A880B5FEF723FA01207E4908603E
S21403AF7001BD80B5EB2000F001F801BD30B57B497B
S21403AF800B6818401022134210D0794B794C246872
S21403AF90224008D0A94A14682402FF252D02254022
S21403AFA0DD6200241460802252031A60086030BDFC
S21403AFB0F3B5010016001C0000250095A048019A71
S21403AFC0330000270BE0BC464F5D4743AE009E5957
S21403AFD07E40575D47433740664637436D1CA54260
S21403AFE0F1D3390939438A080A4351081143084003
S21403AFF0C10901430F208A0B0A4302405040F6BDA5
S21403B000F1B582B00E0000208C4908608D4DEF7AB2
S21403B010A87A01900F21394000910ED00B468A4A38
S21403B0208A490298FFF7C4FF0199014083480160EB
S21403B030874841438748084001D1012400E0440182
S21403B040380915D032003B0929000298009E6D7A14
S21403B05075194019FFF7ACFF0199091101407748AC
S21403B06002680B0113430360002901D048004443E0
S21403B07079480068204001D10420FEBD0020FEBDB3
S21403B08080B50A0000211180744952888018FFF7A2
S21403B090B7FF02BD70B50F22714B5C7905780F20A0
S21403B0A02040C540200928409C79C440E40701D4C9
S21403B0B0032070BD2F4C2468A50705D59D68460060
S21403B0C0AD5B6D1E674E3560DD78DE79C640F007F2
S21403B0D011D5E0060FD5002D0DD0634848600888CB
S21403B0E0488008881C7800192A4080185A788018E7
S21403B0F02A09801800E000200880002070BD80B573
S21403B1005A4801685A4A0820014201D0506110612A
S21403B110C90602D58621090111605649564A1268A6
S21403B12012040CD5554A1268530401D5C00305E032
S21403B130C0239B0113404202934200D008600D488F
S21403B1400078C022024002D18020400508604C48A7
S21403B15000682022104008604A480068C00101D4F5
S21403B160FFF707FF01BD00002C4000A8703F00005A
S21403B1701C1002A8C43E0000F8B5434F38687E682A
S21403B180064042483040424908608024A403414DAB
S21403B190F00228D540480168080606D53F480068EF
S21403B1A0A86001202870022015E00120014202D089
S21403B1B03B49A9600FE00020C9060CD52A49A960BF
S21403B1C0384A91780B071B0F12789A1809095118F9
S21403B1D0A980E880A888A880A888002801D02643EC
S21403B1E001E0FFF7C6FE264026D0294E7460346081
S21403B1F0A88800280ED0F96981420BD3291D2A4856
S21403B200AA6890470100F3D0FEF7D2F80120274939
S21403B2100860F1BD01000CD0FC218902B16124490C
S21403B22002038A6134604C60FA69824204D30C607C
S21403B230F1BDEB20FFF7A2FEF1BD00004C3E00007F
S21403B240010101013C3F0000F43E0000343F0000D2
S21403B2501111000021840000F03E0000143F00009E
S21403B260443F0000204000A829230000F84F0000B8
S21403B270302102A8441002A8384101A8204201A8A0
S21403B280084001A8CC4000A8B44000A8FFFFDFFF99
S21403B290B46000A8503E0000C43E0000B037000073
S21403B2A03D230000453F0000D44000A82C4000A8E2
S21403B2B0B45000A8FEB5C020C0043649086036481E
S21403B2C03649C865102436480460102000F0B0F8EC
S21403B2D001005ED1FF200005324908603248334939
S21403B2E0086033482D49086025042E480560314818
S21403B2F00768082000F09CF801004AD108262E486B
S21403B3000660012000F094F82A48806802902B48D3
S21403B31006602B482149086022480560082000F093
S21403B32087F8010035D124480660012000F080F834
S21403B330204DA868019021480660184E21483060C9
S21403B3400299019800F046F80104FC2080030840A7
S21403B35000900298C10B0198C00B00F03BF8000662
S21403B360FC21890501400098014317480A0C424016
S21403B370FF239B1CD2181040084330602F60E00365
S21403B38008490860286828601048046010498164EA
S21403B3900020FEBD20E000A8F71700002C0102A83D
S21403B3A0401102A8B02002A80000380EB01002A870
S21403B3B010103030E04001A8E05001A8E06001A87A
S21403B3C030301010202020203F3F0000402102A8EC
S21403B3D0F7FFF00010B54904CA104004C310991AC9
S21403B3E000209A18D30F9A18521052188B115B0E1E
S21403B3F05B18DB11D2182023541A01D422001843F9
S21403B400CC0F611849105B08F6D110BD10B5C409FE
S21403B410FFF711FB201A312806DAC000183801D4CA
S21403B420C01EFDD5002010BD2000FFF70EFB10BD8B
S21403B430C32148436F3801D41E38FDD5002070471A
S21403B44010B5C20018231340FF249C40E24389072B
S21403B450090E9940030004D476489B089B00C01845
S21403B46006E0B04B0007000F083880088000181865
S21403B47003681A401143016010BD80B57B22542136
S21403B480002000F021FA01BD10B500F063FA012197
S21403B490694A1160694B6A4A13606A4A1360032358
S21403B4A0694C2360694C2360694B1960694B1960CA
S21403B4B080239D4C2360D16000F050FA10BD00F04D
S21403B4C049FA05000024012160B2FFF7B9FF641CA6
S21403B4D00E2CF8D301210F20FFF7B2FF0121112014
S21403B4E0FFF7AEFF01211320FFF7AAFF0121172064
S21403B4F0FFF7A6FF03210120C043FFF7A1FF0121A9
S21403B5001B20FFF79DFF01211C20FFF799FF012158
S21403B5101D20FFF795FF01211E20FFF791FF012154
S21403B5201F20FFF78DFF6E486E4908606E48C16A9C
S21403B530C1620168016002206C49086001208549E8
S21403B540086047046A4C20683840FCD0FDF7C7FF04
S21403B550280000F003FA754D0AE000281BD0FDF71B
S21403B560EDFF18E020683840FCD0300000F0F6F914
S21403B570206D0004000F022801D1FEF76FFB00F0D8
S21403B580E9F90600FDF7EAFF0028A878E5D00028C9
S21403B59001D1FDF7DCFF01206978002909D129785C
S21403B5A0002905D16C490968890601D44F4908600A
S21403B5B030BF0021697029780029D6D102214B4A71
S21403B5C0116064490860CDE76448016842680A4030
S21403B5D0634810401A490860800703D5A0480188CD
S21403B5E0491C0180704770B55E4801684068084092
S21403B5F0000E00065C4980221205104218D05B4BF1
S21403B6001C68641C1C605A4C5A4D2D682D0407D5C3
S21403B610A568002D04D007250D600125A74E3560CB
S21403B620402525601B68012B02D910238B62CA674D
S21403B630886770BD00E400E0040002A80000FF3F36
S21403B640282002A82C1002A840E002A844C002A8A2
S21403B65004C001A8044001A8F8B5824C206B616BB6
S21403B66001400091964D0846286000989549014090
S21403B67001D0FFF7C3FB8020009901401CD0F821BE
S21403B680C90123680B4017D0C0221201934213D876
S21403B69080231B06EB6226680E40944F3F683F04E8
S21403B6A03F0F022F01D0032F03D1002E01D0964265
S21403B6B0F1D38F490B6028608E48007806280DDA90
S21403B6C00098CC218901014008D000F043F904001A
S21403B6D00098FDF735FC200000F040F9F1BD0000AE
S21403B6E0FFFF9BF800E100E0E04001A85C2002A811
S21403B6F05C0002A810B58048016844680C407F4887
S21403B700046080210C4205D041607D480160002022
S21403B710FDF716FC600403D58020400579490860D0
S21403B72010BD00001CED00E0505201A8723E000060
S21403B73038B57548016844680C40E00707D500F043
S21403B74009F90500FDF792FC280000F007F96F4899
S21403B750046031BD5C1002A8F40302A8280002A806
S21403B760FFFF00C0B44000A83C6000A86C3E000089
S21403B7702C4000A8384101A8FEB5654C206C666CC9
S21403B780064001273E4216D03D0662480560206803
S21403B79061490F60002802D00021FDF72BFE5F48A9
S21403B7A00068A021C90188428041C043C00F5C499C
S21403B7B088705C480560FDF7C1FE029002210E40CA
S21403B7C049D06068C2B20192000A009008224B4B2F
S21403B7D04C03554D0020019E012E27D0022E38D152
S21403B7E0009E012E24D1EE790096504E2F780C2021
S21403B7F047430020F0512878400590277F04C71957
S21403B800032038434A4F38601C604A480460301DA2
S21403B8102B780C246343484C2468009FE419C450D7
S21403B82028780C2358433150444811E00091DCE754
S21403B830002E0ED1424E37603C4E361D2D780C2717
S21403B8407D4370515C601C60C8043E4B18603E48E4
S21403B8500260314801600298FDF779FEF7BD0000EB
S21403B860703E00001C4201A870B5FDF767FE040099
S21403B87000F070F82E490A68D20718D52B4A121D15
S21403B880FA239B015D790C26754356592A4D2D687C
S21403B8901E60CE689E604968D9808021C9041D4E0B
S21403B8A03160197B69185B790C256B43D15000F026
S21403B8B055F82000FDF74BFE70BD00003C5000A875
S21403B8C04C6201A802000600002800D0704710B59D
S21403B8D00C00FDF733FE1D490C6001221C4B1A6059
S21403B8E00B6C1340FCD1FDF732FE10BDAC0002A872
S21403B8F0785201A8343E000090C001A890E001A849
S21403B9000CC001A804ED00E090C000A890E000A8D9
S21403B91000C002A8401002A840E002A8404000A8C9
S21403B920723E0000402002A8853E0000300000A8BA
S21403B93060C101A894D001A8200000A8F42302A89F
S21403B94060E101A880E200E0F41302A8008002A8E8
S21403B950409002A8EFF3108072B67047002800D11B
S21403B96062B6704780B5FDF731FEB3480068000342
S21403B9700AD4FEF75DF8FEF7BDFEFDF7CAFF012009
S21403B980FEF794FEFEF770FB80208005FDF7CEFDE4
S21403B99001BD80B5FDF71AFE80204002FDF7C6FD07
S21403B9A001BDF8B5FDF7B4FD052098490860FDF71D
S21403B9B0B8FDFDF7ECFEFDF709FEA048016800910F
S21403B9C09F4B406818609F4801688A05D00F002285
S21403B9D0012421420FD000929B4D6E681E602E6894
S21403B9E09A4B1F68BD1BBE4202D39F69ED196D1C9F
S21403B9F0974FBD42F5D3974D2A60002803D0009891
S21403BA00FDF76EFB00902868204004D16846FDF7DA
S21403BA10EAFE002802D10098FDF73BFFAA4804601F
S21403BA206004FDF783FDF1BD38B5A84CE06BC00597
S21403BA3006D580200006206000BF00BF40082060B7
S21403BA40FDF792FFFDF7C2FDFDF7F4F90500A048E8
S21403BA50A0490860FFF785F88020C002FDF766FD61
S21403BA60002D01D08020206001209B49087031BD45
S21403BA70F8B5FDF7ABFDFDF74BFD02249348C06B0D
S21403BA80000405D4FDF75AFD94490C60FDF75FFDED
S21403BA90FDF747FD1020C0439149086000258B48F9
S21403BAA0856390480560FFF7C4F80700FB26B601D8
S21403BAB0002F02D0FFF762F800E035602C20305CE0
S21403BAC00521014002D0FDF70DFE01E0FDF717FE4C
S21403BAD0F06A044002D001207C490860FFF70FFBA0
S21403BAE0002F01D0FFF7B2F880200003FDF71EFDFC
S21403BAF0F1BD80B5FDF76AFD4F480068000303D427
S21403BB00FDF707FFFEF7B0FA80204003FDF70EFDB2
S21403BB1001BD38B5FDF75AFD6C4C2025FEF7A6FE91
S21403BB20002806D0206B000704D5FEF7C4FEFEF7F8
S21403BB304FFB2560FDF7EDFEFEF796FABD4800784D
S21403BB400C210140042902D1FDF7CCFD01E0FDF7ED
S21403BB50D6FD6804FDF7EAFC4020206031BD1CB525
S21403BB60FDF7D6FC052029490860FDF7DAFCFDF74A
S21403BB702DFDFEF7A0FEB048006800906846FEF76D
S21403BB80D7FA0400FEF7EDFF002C02D10098FEF76B
S21403BB9045FB80204004FDF7C9FC13BDF8B5FDF74F
S21403BBA015FDA64C256A5020284002D0FDF79AFDC5
S21403BBB001E0FDF7A4FD454FFEF758FE00281BD114
S21403BBC0786B40071DD4386BE0214901014018D13A
S21403BBD0A80611D4FDF79CFC256A994E354207D07A
S21403BBE0FF20C0432D182562802000059549086074
S21403BBF0FDF797FC2E4002D00120386001E00020BC
S21403BC00206080208004FDF791FCF1BD3C1102A862
S21403BC1080B5FDF7DBFCBC480068400601D5FDF7A0
S21403BC2078FE0120FEF742FDFEF71EFA8020C004D0
S21403BC30FDF77CFC01BD00000C0002A8B83F000025
S21403BC40483E0000400002A8D03E000020C001A8E5
S21403BC5001FF00003C3E000010B576480468FDF77F
S21403BC60B5FCAA490968090328D40321C00601D5EF
S21403BC70214001E0A0080140012902D1FDF732FD71
S21403BC800BE0200107D50E20FFF76CF9A04804212E
S21403BC90016008210160FDF732FD9E4C20699E4934
S21403BCA00860FEF75EFF2068002807D040001228D1
S21403BCB002D2FFF7BDFB01E0FEF7A3FE8020800360
S21403BCC0FDF734FC10BD0000402002A8100002A8B7
S21403BCD070012000B46000A8733E00007CE40350AB
S21403BCE0442002A84C3E0000F8B584B001266846FE
S21403BCF0067000270297FDF769FC0390834C2068C3
S21403BD00000300D58FE00320A449C863A448006855
S21403BD10A44D0F210F220240032A03D0000B01403B
S21403BD2006294DD1A0480068A0498E6DE16B8907AE
S21403BD3001D59E49CE6DFEF7CAFE8619FEF779FF3A
S21403BD4000280ED02879C1060BD02868090D414378
S21403BD50890B761895490968002902D10002400C20
S21403BD603618002E01D5019700E00196606B010797
S21403BD70C80F03212A6B0A40022A1BD1039AD20654
S21403BD8018D5AA68D30513D5A66B894B1E409E42C9
S21403BD9003D11021814AD1630CE092050AD4E26BE9
S21403BDA02823134006D16B461F70264A116001E014
S21403BDB06A461770029068460678002E03D10FE095
S21403BDC07A48406D0190FEF751FD002808D0FEF733
S21403BDD072FD0298002802D0FEF7FAF900E000266A
S21403BDE002206E490860002E10D03020285C0C21FB
S21403BDF00140042902D0A06BC00602D5FDF772FCF1
S21403BE0001E0FDF77CFC202060600CE0FDF781FD7F
S21403BE1001A8FEF78DF90400FEF7A3FE002C02D15D
S21403BE200198FEF7FBF980200004FDF77FFB05B0C1
S21403BE30F0BD0000EC3E0000CC3F0000CC3E00000E
S21403BE4000FFFF00441002A8FEB500240194FDF78E
S21403BE50BDFBFEF786FE574EF06E574D0007000FEC
S21403BE60072807D17068002804D40020FEF71EFCBC
S21403BE70286841E001210320504A73685B070BD40E
S21403BE804F4B1B680B4007D01368DF050BD55B05CC
S21403BE9002D43368DB0503D40191916A890904E06F
S21403BEA01021484B1960916A090908400090002048
S21403BEB0FEF7FCFB0098002805D17068C00602D484
S21403BEC0FDF71DFC01E0FDF70DFC0020019900299C
S21403BED003D13D480068FEF7FAFD6969401801D5AD
S21403BEE0009400E000906846FDF77DFC002805D12D
S21403BEF00098FDF7CEFCA869074908608020000576
S21403BF00FDF714FBF7BD0000440102A80C0002A8CD
S21403BF1080E200E0AC3F0000483E0000F8B5FDF7C5
S21403BF2055FB002400252948066B80277F0530062D
S21403BF3006D5300709D5FEF7BEFCFEF749F929E01A
S21403BF4001251F480068284019D00020FEF7AEFBE5
S21403BF500220064002D01E490C60C8611D480468D2
S21403BF60002D03D02000FDF74FF90400FEF7A3FCD5
S21403BF702000FEF753F93800FDF7D8FAF1BD16484E
S21403BF800078C0210140402902D1FDF7ABFB01E058
S21403BF90FDF7B5FB20200D490860ECE7082002A852
S21403BFA0AC0002A8BC3E00000CC101A86C3F000018
S21403BFB010000010400002A8BC3F0000C43E000072
S21403BFC0B44000A8441002A81CC101A8100002A88F
S21403BFD0180000AAD83F0000EC3E0000FFF754FA12
S21403BFE0024803494860FFF76AFA00BF6727000064
S21403BFF00000000080B5EFF305800B2801D23A213C
S21403C00000E029218C2252000020FFF75DFCFEE7AA
S21403C010D0C803000000000088C003000100000031
S21403C0200000000000F04902D0C803000000000032
S21403C030ACC00300010000000000000000F049024D
S21403C040D0C8030000000000D0C0030001000000B9
S21403C0500000000000F04902D0C803000000000002
S21403C060F4C00300060000000000000000F04902D0
S21403C070D0C8030000000000CCC10300010000008C
S21403C0800000000000F04902F0C10300809C2B8FE3
S21403C09080841E00000000002700FF7F040C0020A1
S21403C0A0000000007CCC03000000000050C3030027
S21403C0B0809C2B8F80841E00000000002700FF7FDB
S21403C0C0040C0020000000007CCC030000000000ED
S21403C0D0B0C40300809C2B8F80841E0000000000E9
S21403C0E02700FF7F040C0020000000007CCC030028
S21403C0F00000000010C60300809C2B8F80841E0067
S21403C1000000000022002C01040C002000000000A8
S21403C1107CCC03000000000010C60300809C2B8F1D
S21403C12080841E00000023002300B600040C0020B9
S21403C130000000007CCC03000000000010C60300D3
S21403C140809C2B8F80841E000000240024009D000A
S21403C150040C0020000000007CCC0300000000005C
S21403C16010C60300809C2B8F80841E0000002500D1
S21403C17025007D00040C0020000000007CCC03009A
S21403C1800000000010C60300809C2B8F80841E00D6
S21403C1900000260026003A00040C002000000000E1
S21403C1A07CCC03000000000010C60300809C2B8F8D
S21403C1B080841E000000270027002C01040C0020AA
S21403C1C0000000007CCC03000000000070C70300E2
S21403C1D0809C2B8F80841E00000000002700FF7FBA
S21403C1E0040C0020000000007CCC030000000000CC
S21403C1F0FC4F0103ECCA030010400100004100009D
S21403C2003C400100000000004840010020070400F5
S21403C21050400100000000005C4001000D0F0000CC
S21403C22004410100FF4C000020400301000000868B
S21403C2301FC001000020000038400101000000007C
S21403C24058400401180005004008000009000000DB
S21403C2509200040080400F018C002C0200000000B6
S21403C2601200120000808C19000000000002050E68
S21403C2701C2F4353626968615543320416100E0E31
S21403C2800D0C0A0807060504030302020201010156
S21403C29001010100EC40010180B0B18CFC400301B8
S21403C2A09C200B00055B60804737414A0C41030125
S21403C2B0B85512002A1949290908404028410101A6
S21403C2C0FFDD0000384107014CD4E83B04196F102A
S21403C2D0080E141A20262C32383E10325476980A4A
S21403C2E01D00000070410101C0030000344201013B
S21403C2F00008000E4842010158AA1EC078420101F8
S21403C3000000008038800101114910009C80030161
S21403C310EB40020070380300D0000000A880011133
S21403C320F0010000A8800131055AFD01AC8001111F
S21403C330F0010000AC800131053EFD00E40001027F
S21403C3406C2C511154010102C43F0000FFFFFFFF94
S21403C350FC4F01033CCB03001040010000410000EA
S21403C3603C40010010000000484001002017040074
S21403C37050400100010400005C4001000D0F000066
S21403C3800441010003C001002040030130000046C1
S21403C3901FC8010000200010384001010000000003
S21403C3A0584004011800050040080000090000007A
S21403C3B092000A0080400F018C002C02000000004F
S21403C3C0120012005B808C1B000000000002050EAA
S21403C3D01C2F4353626968615543320416100E0ED0
S21403C3E00D0C0A08070605040303020202010101F5
S21403C3F001010100EC40010180B0B18CFC40030157
S21403C4009C200A0001612080B75635120C410301B7
S21403C410B8551200A01B0429088840402841010192
S21403C42000000000384107014CD4E83B04196F3084
S21403C4300A10161C22282E343A4010325476980AD4
S21403C4401D5F80A470410101000000003442010119
S21403C4500008000E48420101F4811F0078420101E2
S21403C4600000000038800101114910009C80030180
S21403C470EB40020070380300D0000000A8800111D2
S21403C480F0010000A8800131055AFD01AC800111BE
S21403C490F0010000AC800131053EFD00E40001021E
S21403C4A06C2C511154010102C43F0000FFFFFFFF33
S21403C4B0FC4F01038CCB0300104001000041000039
S21403C4C03C40010010000000484001002007040023
S21403C4D050400100000400005C4001000D0F000006
S21403C4E00441010003C00100204003013000004660
S21403C4F01FC80100002000103840010100000000A2
S21403C5005840040118000500400800000900000018
S21403C51092000A0080400F018C002C0200000000ED
S21403C520120012005B808C1B000000000002050E48
S21403C5301C2F4353626968615543320416100E0E6E
S21403C5400D0C0A0807060504030302020201010193
S21403C55001010100EC40010180B0B18CFC400301F5
S21403C5609C200A0001612080B75635120C41030156
S21403C570B8551200A01B0429088840402841010131
S21403C58000000000384107014CD4E83B04196F3023
S21403C590080E141A20262C32383E10325476980A87
S21403C5A01D5F0000704101010000000034420101DC
S21403C5B00008000E48420101F4811F007842010181
S21403C5C00000000038800101114910009C8003011F
S21403C5D0EB40020070380300D0000000A880011171
S21403C5E0F0010000A8800131055AFD01AC8001115D
S21403C5F0F0010000AC800131053EFD00E4000102BD
S21403C6006C2C511154010102C43F0000FFFFFFFFD1
S21403C610FC4F0103DCCB0300104001000141000086
S21403C6203C4001000000000048400100A007040051
S21403C63050400100000000005C40010000000000C4
S21403C64004410100FF4C0000204003010000008667
S21403C6501FC00100006000003840010100000040D8
S21403C660584004016402FF00400800000100000077
S21403C6709200080080400F018C000C0200000000AE
S21403C680D703220000000000000000000002050D92
S21403C6901A2D3F506068696357463525150D0908FE
S21403C6A00706050504040403030303020202020249
S21403C6B001010101EC40010190382C8CFC40030180
S21403C6C09C200A00055B58804737414A0C4103010A
S21403C6D0B85552002A194929893B4040284101018F
S21403C6E0FFDD000038410701E853FA0000000000B0
S21403C6F00000000000000000000000000000000032
S21403C7000000000070410101C10300003442010132
S21403C7100000000E4842010158AA1EC078420101DB
S21403C7200000000038800101114910009C800301BD
S21403C7300000000070780300FFC00200A88001110B
S21403C740F0010000A88001310542CB01AC80011145
S21403C750F0010000AC800131050A0D00E40001027F
S21403C7606C2C511154010102C43F0000FFFFFFFF70
S21403C770FC4F01032CCC03001040010001410000D4
S21403C7803C4001000000000048400100A0070400F0
S21403C79050400100000000005C4001000000000063
S21403C7A004410100FF4C0000204003010000008606
S21403C7B01FC0010000600000384001010000004077
S21403C7C058400401C804FF004008000001000000B0
S21403C7D09200040080400F018C000C020000000051
S21403C7E0B603220000000000000000000002050E51
S21403C7F01C2F4353626968615543320416100E0EAC
S21403C8000D0C0A08070605040303020202010101D0
S21403C81001010100EC40010190E82B8CFC40030170
S21403C82090200A00055B58804737414A0C410301B4
S21403C830F56252002A194929893B404028410101E3
S21403C840FFDD000038410701E853FA00000000004E
S21403C85000000000000000000000000000000000D0
S21403C8600000000070410101C103000034420101D1
S21403C8700000000E4842010158AA1EC0784201017A
S21403C8800000000038800101552510009C8003013C
S21403C8900000000070780300D0000000A88001119B
S21403C8A0F0010000A88001310542CB01AC800111E4
S21403C8B0F0010000AC800131053EFD00E4000102FA
S21403C8C06E2C511354010102C43F0200FFFFFFFF09
S21403C8D00C4001000181010020400200000000001E
S21403C8E001000000304003000000000000000000CC
S21403C8F0000000004040020000000000004000006E
S21403C9006040010001010000A8400100070000008C
S21403C910BC4004000000000000000000000000000F
S21403C9200000000008410300FF4C0000FF4D00001C
S21403C930FF4D000020C0011000F8070020C00130A2
S21403C940F502080024C0080000130000EC80B3833F
S21403C95043754051A00F004830400000000000001F
S21403C960000000002E02000050C0040051113004E5
S21403C9700E2D09E654060708D1B6020064C00A0065
S21403C9800430001C403018090D647920EBFCFB01D1
S21403C9907FF6E803BD4B721511A3180510325476C3
S21403C9A0980A0000000000000800010108070000C4
S21403C9B018000101AAAAAA00200001010060DA00FB
S21403C9C01C400101100000002C4003010080000001
S21403C9D00000000300000000684002012941767150
S21403C9E000000000BC400201000000000000000040
S21403C9F0E04002013300000000000000F4400201A2
S21403CA00640483078813C83A244101010000000028
S21403CA10304102016406660C0C010000544101011A
S21403CA200101000068410201640483078813820041
S21403CA3030420101000000003842020100000000FD
S21403CA4000000000444201010000000054420901B6
S21403CA500000000000003C00000000000000000092
S21403CA605555555517000000000000000000000053
S21403CA70AAAA06007C420201000000000000000093
S21403CA8010800101030000003C800101010000004A
S21403CA90B080020100030002370000019800020282
S21403CAA0000C00044C000000A40001020004000077
S21403CAB0D0000202050040AA88010000F40002022A
S21403CAC0000000003D210811FC0001123F00000099
S21403CAD0FC000132005404003001010260005102E0
S21403CAE06801010200040000FFFFFFFF10000000C2
S21403CAF0000080000000000010CD0300D4CC03002B
S21403CB0000000000802596000048E80140420F0020
S21403CB100108F50011495002000000007ECC030016
S21403CB200000000000000000000000003D420F006F
S21403CB3000000000000000000000000010000000DD
S21403CB40000080000000000010CD0300E0CC0300CE
S21403CB5000000000802596000048E80140420F00D0
S21403CB600102F50011495002000000007ECC0300CC
S21403CB700000000000000000000000003D420F001F
S21403CB80000000000000000000000000100000008D
S21403CB90000080000000000010CD0300ECCC030072
S21403CBA000000000802596000048E80140420F0080
S21403CBB00108F50011495002000000007ECC030076
S21403CBC00000000000000000000000003D420F00CF
S21403CBD0000000000000000000000000100000003D
S21403CBE0000080000000000010CD0300F8CC030016
S21403CBF000000000004786000048E80180841E000D
S21403CC000101F50011495002000000007ECC03002C
S21403CC1000000000000000000000000054841E0016
S21403CC2000000000000000000000000010000000EC
S21403CC30000080000000000010CD030004CD0300B8
S21403CC4000000000841743000024F40040420F0055
S21403CC500101F50055255003000000007ECC0300BB
S21403CC6000000000000000000000000038420F0033
S21403CC7000000000000000000000000003000200A7
S21403CC80000000F049020614000000E09304053893
S21403CC900000A00800000000580901040706100A57
S21403CCA001040707C80A00040807800B00040808E5
S21403CCB0380C00040908610800000000680800003A
S21403CCC00000C709010404032C0B01040404920C9E
S21403CCD00104050450C30000E62D0000D007000041
S21403CCE0E5BF000010270000C2010000F5DA0200CD
S21403CCF0102700002C01000050C300005014000051
S21403CD00FA00000050C30000FC210000B30100003D
S21403CD10193F010604100100000101060010270058
S21403CD20000C0000000000000000232D302B200024
S21403CD30686C4C00656667454647003031323334CD
S21403CD40353637383941424344454600303132336D
S21403CD503435363738396162636465660062675F07
S21403CD606D65737361676520726563656976657261
S21403CD70730062676275660061636C006C6C5F6368
S21403CD806F6E6E656374696F6E006C6C5F6164765C
S21403CD905F736574006761705F636F6E7465787444
S21403CDA0006C6C5F76616C696461746F72006D65AC
S21403CDB073685F70726F765F64620062675F6D654B
S21403CDC0737361676500736F66745F74696D65720C
S21403CDD05F6D65737361676500666F756E64617416
S21403CDE0696F6E5F636D64006C6C5F6164765F731E
S21403CDF0796E63006C6C5F7363616E5F73796E63E9
S21403CE00006761705F706572696F6469635F616410
S21403CE1076006761705F706572696F6469635F73DC
S21403CE20796E63006C326361705F636F635F636820
S21403CE30616E6E656C006D6573685F70726F765FAA
S21403CE4064625F6170706B6579006D626564746CB3
S21403CE50735F636F6E7465787400000072CD0300B1
S21403CE6078CD03007CCD03008ACD030095CD030067
S21403CE70A1CD0300AECD0300BBCD0300C6CD03009A
S21403CE80D9CD0300E8CD0300F4CD030001CE0300A3
S21403CE9012CE030024CE030036CE03004ACE030090
S21403CEA062676275665F696E0062676275665F6F6A
S21403CEB075740062676275665F6E6F666C6F770087
S21003CEC062675F6D616C6C6F63000000BE
S20C03CECC2C54FD7F0100000059
S21003CED4E0CE0300C00A00200D010000A1
S21403CEE034120020F2000000E5290100E8030000E8
S21403CEF0C0EA2101C0EA21010080000000F04902D7
S21403CF00882A0020E80A002000C0040000A00000D1
S21403CF1024140020C8000000FE00000000000000EB
S21403CF20A8850300F80E00200200000021E9020095
S21403CF3083700300200000000000000000000000D3
S21403CF40000000000000000000000000B90C020012
S21403CF5000000000000000000000000075EB010068
S21403CF6000000000000000000000000031F5010092
S21403CF70000000000000000000000000DD030200C7
S21403CF80000000000000000000000000C73303009C
S21403CF90000000007108020000000000000000000E
S21403CFA0000000002108020000000000000000004E
S21403CFB000000000090A0200000000000000000054
S21403CFC0DD1202000000000000FFFFFFFF0000006C
S21403CFD0DD530300E1530300E5530300E953030065
S21403CFE0FFFFFFFF91640300688C0300FFFFFFFF52
S21403CFF0748C03008768030083680300FFFFFFFF4A
S21403D00093680300FFFFFFFF456C03009B6C030060
S21403D010FFFFFFFFFFFFFFFFFFFFFFFFFFFFFFFF18
S21403D02023270000FFFFFFFF0000000000000000B2
S21403D03003000000342700201C0C00200000000022
S21403D040342700209C27002004280020000000002E
S21403D05000000000000000000000000000000000C8
S21403D06000000000000000000000000000000000B8
S21403D07000000000000000000000000000000000A8
S21403D0800000000000000000200004000000000074
S21403D0900000020010000000000000000000000076
S21403D0A000000000000000000A000100000000006D
S21403D0B00A000D0000004144435F4D3100000000AC
S21403D0C0000000000200080000003030303030302E
S21403D0D0303002000300000030303000020005004C
S21403D0E00000302E302E3000020008000000000042
S21403D0F00000000000000200010000000000FFFF27
S21403D100FFFF0400E40C020002001700FFFF0E00FE
S21403D11000000000FFFF1F04010101BF8FAF7F87E0
S21403D12000370F10100004040F05140A0301FF0E46
S21403D130FF0F7F0082B030BF074BD3F8F030DB071A
S21403D14004D500230193019B052B01DD02B0704734
S21403D150019B0133F6E700BF00ED00E0F0B5114A8E
S21403D160114C124E00F00105E3695F0713D40DB9A5
S21403D170334213D103EA00078F4207D10B4A1A4002
S21403D180002A0CBF00206FF00100F0BD013AEBD17E
S21403D1906FF00200F9E74FF0FF30F6E76FF001009B
S21403D1A0F3E700BF809698000000035002000100DA
S21403D1B00B4B70B5D96911F480310DD101244FF4AE
S21403D1C08072084E084DF46020462C641A61FFF7FF
S21403D1D0C5FF3464EC6070BD6FF00100FBE700BF71
S21403D1E00000035000100350002003504FF4003299
S21403D1F038B50F4B0F4C9A6641F671330122E56939
S21403D200E3630D4B0021DA60022360612120236172
S21403D21005F48035FFF7A2FF10B92120FFF79EFF24
S21403D2200122064BDA600DB10023E36338BD00BF6D
S21403D23000900050000003500010035000200350DD
S21403D24070B5134C6061E3695B071ED40E4656F84F
S21403D250043B8D18A361AE420BD104230021212089
S21403D2602361FFF77BFF58B9BDE870402120FFF725
S21403D27075BF08210846FFF771FF10B10423236129
S21403D28070BD56F8043BA361E5E74FF0FF30F7E7C0
S21403D290000003502DE9F84315464FF40032184BAF
S21403D2A089469A6641F6713203F51C33DF69DA6301
S21403D2B00122064603F58053DFF84C8007F48037D7
S21403D2C0DA6055B9284601220E4BDA601FB10022F8
S21403D2D0A3F50053DA63BDE8F88306F5005404EAC1
S21403D2E00804A41BAC4228BF2C46494622463046B7
S21403D2F0FFF7A6FF0028E6D12644A1442D1BE0E74E
S21403D300009000500020035000E0FFFFD5220100EC
S20803D310AD22010041
S804012F8D3E
