S0190000424C455F4D6F64756C655F42617369635F322E73333771
S214012000C00A00205D310100C50F0300C50F0300A3
S214012010E3210300C50F0300C50F0300C50F03002E
S214012020C50F0300C50F0300C50F0300C50F03004E
S214012030C50F03004CC303007D0E0300C50F03004C
S214012040C50F0300C50F0300C50F0300C50F03002E
S214012050C50F0300C50F0300C50F0300C50F03001E
S214012060C50F0300C50F0300C50F0300C50F03000E
S214012070118101008D2B01002B0F0300C50F0300FA
S214012080C50F0300C50F0300C50F0300C50F0300EE
S214012090C50F03007D380100C50F0300C50F0300FF
S2140120A0C50F0300593A0100353A0100C50F030078
S2140120B0C50F03008DE90200C50F0300D5F302002A
S2140120C03FAD03003BAD0300C5EB02004BAD030083
S2140120D043AD0300ADF3020047AD030015F4020063
S2140120E0A1CD020065CF020085F40200C50F0300F2
S2140120F0C50F0300C50F0300C50F0300C50F03007E
S214012100C50F0300C50F0300C50F0300C50F03006D
S214012110C50F0300C50F0300C50F0300C50F03005D
S214012120C50F0300C50F0300C50F0300C50F03004D
S214012130C50F0300C50F0300C50F0300C50F03003D
S214012140002370B5404C05468AB0E36318B1008899
S21401215023600CF013F93D4828F050F93C4E3D4BF6
S214012160304633603C4B736023F06BFE00213046F3
S21401217016F09AFD32A3D3E90023A062C4E9062330
S21401218023F06AFED4E9062319431043C4E9060185
S214012190CDE900014FF0FF334FF0FF32A06A28F07F
S2140121A0A8F902224FF0FF31A06A28F0A7F9012012
S2140121B00BF066FE4FF4007300222849A06A28F04F
S2140121C0F0F9B0F5007F38D100239422CDE907332A
S2140121D009933C23CDE9033205939623A06A03A90C
S2140121E0069316F07FFE35B3287C0CF07FFA054681
S2140121F0F0B9A06A28F0B6FA0CF026FA0BF022FE27
S21401220020B14FF48070002108F0ACFD0BF02AFEDF
S21401221020B14FF40060002108F0A4FD23F0E0FE99
S214012220012016F095FD0E4A0E49A06A23F007FE1E
S21401223028460AB070BDFF20D7E70725F8E700BF9C
S2140122400DD5015520000000900F0020690345ECD4
S2140122508823002005DD0100982300208821002026
S214012260E75D0300275E03000348044B834202D068
S214012270034B03B118477047200F0020200F0020A2
S21401228000000000064B0749C91A891048BF0131F2
S214012290491003D0044B0BB101481847704700BFE3
S2140122A0200F0020200F00200000000010B5064C73
S2140122B0237843B9FFF7D8FF044B13B10448AFF3B3
S2140122C000800123237010BD482B00200000000071
S2140122D0AC0D040008B5054B1BB105490548AFF325
S2140122E00080BDE80840FFF7CDBF00BF000000003A
S2140122F0F0110020AC0D0400A3F5803A704700BF32
S214012300174B002B08BF134B9D46FFF7F5FF002127
S2140123108B460F461348144A121A28F0CBFD0E4B73
S214012320002B00D098470D4B002B00D0984700207B
S214012330002104000D000D48002802D00C48AFF320
S21401234000801DF03BFD200029001EF08BFD1DF0D6
S214012350B5FA00BF00000800000000000000000001
S214012360C00A0020200F0020802C00200000000062
S2140123700000000010B5042000F05CFD70B1084CB0
S214012380084920681FF075FD1EF01AFE1EF019FEA2
S21401239020680549BDE810401FF06BBD10BD00BFA9
S2140123A0C012002080BD030085BD030010B50420C7
S2140123B000F040FD70B1084C084920681FF059FD37
S2140123C01EF0FEFD1EF0FDFD20680549BDE810402B
S2140123D01FF04FBD10BD00BFC012002080BD03001E
S2140123E09BBD030070B56A4D04466B68834217D1E6
S2140123F01EF008FE00286AD166481EF079FE042009
S21401240000F018FD60B1644E644930681FF031FD7C
S2140124101EF0D6FD1EF0D5FD614930681FF029FD7E
S2140124202B68A34218D120461EF0ECFD002866D189
S2140124305C481EF05DFE042000F0FCFC60B1564EC8
S214012440564930681FF015FD1EF0BAFD1EF0B9FDA5
S214012450554930681FF00DFDEB68A34218D12046A0
S2140124601EF0D0FD002862D150481EF041FE042027
S21401247000F0E0FC60B1484E484930681FF0F9FCB6
S2140124801EF09EFD1EF09DFD494930681FF0F1FCCF
S214012490AB68A3427AD120461EF0B4FD00285ED177
S2140124A044481EF025FE042000F0C4FC00286DD030
S2140124B0394C3A4920681FF0DCFC1EF081FD1EF005
S2140124C080FD3D492068BDE870401FF0D2BC204623
S2140124D01EF098FD0128A3D12E481EF00CFE042004
S2140124E000F0A8FC00289BD02B4E2C4930681FF02A
S2140124F0C0FC1EF065FD1EF064FD30498DE72046E8
S2140125001EF080FD0128A7D126481EF0F4FD042008
S21401251000F090FC00289FD01F4E204930681FF025
S214012520A8FC1EF04DFD1EF04CFD254991E7204606
S2140125301EF068FD0128ABD11C481EF0DCFD04200E
S21401254000F078FC0028A3D0134E144930681FF021
S21401255090FC1EF035FD1EF034FD1A4995E7204625
S2140125601EF050FD012811D112481EF0C4FD0420B2
S21401257000F060FC50B1084C084920681FF079FC57
S2140125801EF01EFD1EF01DFD0F499BE770BD00BF2E
S214012590CC0A002088C20300C012002080BD0300C0
S2140125A0B1BD030070C20300FABD030058C20300A8
S2140125B04BBE030040C203009ABE0300D5BD030014
S2140125C022BE030072BE0300C1BE03000368864A32
S2140125D023F47F4323F00703934273B505D0834A60
S2140125E0934200F0AB8002B070BD814E30460EF0D3
S2140125F0F9FE054610B37F4C7F4920681FF039FC71
S2140126007E4920681FF035FC1EF0DAFC1EF0D9FC6E
S2140126107B4B7C4A00937C49952320681FF029FC5C
S2140126207A492B467A4A20681FF023FC284600F098
S21401263047FC784920681FF01CFCFEE70221307831
S2140126400EF00AFF044610B36A4D6B4928681FF066
S21401265010FC6A4928681FF00CFC1EF0B1FC1EF045
S214012660B0FC674B674A009367499A2328681FF0B6
S21401267000FC66492346664A28681FF0FAFB204696
S21401268000F01EFC634928681FF0F3FBFEE7A0225A
S21401269000900346114630780EF0BCFE054610B396
S2140126A0544C554920681FF0E4FB544920681FF03C
S2140126B0E0FB1EF085FC1EF084FC514B514A009352
S2140126C05149A32320681FF0D4FB50492B46504A9A
S2140126D020681FF0CEFB284600F0F2FB4D4920682B
S2140126E01FF0C7FBFEE7022130780EF0C9FE054653
S2140126F000283FF478AF3F4C3F4920681FF0B9FBF4
S2140127003E4920681FF0B5FB1EF05AFC1EF059FC2E
S2140127103B4B3C4A00933C49A72320681FF0A9FB8A
S2140127203A492B463A4A20681FF0A3FB284600F098
S214012730C7FB384920681FF09CFBFEE72C4C0221A2
S21401274020780EF089FE054610B32A4C2A492068E7
S2140127501FF08FFB294920681FF08BFB1EF030FC11
S2140127601EF02FFC264B274A00932749B5232068E5
S2140127701FF07FFB25492B46254A20681FF079FB71
S214012780284600F09DFB234920681FF072FBFEE7F8
S214012790022120780EF074FE054600283FF423AF90
S2140127A0144C154920681FF064FB144920681FF07B
S2140127B060FB1EF005FC1EF004FC114B114A009351
S2140127C01149BA2320681FF054FB10492B46104AC2
S2140127D020681FF04EFB284600F072FB0D4920686A
S2140127E01FF047FBFEE700BFA0000100A0000601A6
S2140127F0160D0020C012002099BD0300E9BE03009B
S2140128002CBF0300EEBE0300F7BE030006BF0300A5
S21401281003BF03001BBF030030B50368514A23F40E
S2140128207F4323F00703934289B040F09880052246
S214012830002116204C4B0EF049FE054610B34B4CBA
S2140128404B4920681FF015FB4A4920681FF011FB11
S2140128501EF0B6FB1EF0B5FB474B484A00934849AD
S214012860592320681FF005FB46492B46464A206837
S2140128701FF0FFFA284600F023FB444920681FF0AA
S214012880F8FAFEE70DF10F0104A80EF04DFE04461E
S21401289010B3364D364928681FF0EBFA35492868DB
S2140128A01FF0E7FA1EF08CFB1EF08BFB324B334A0F
S2140128B000933349642328681FF0DBFA3149234625
S2140128C0314A28681FF0D5FA204600F0F9FA2F4958
S2140128D028681FF0CEFAFEE7BDF8143001465BBA51
S2140128E0ADF818309DF8133008228DF81A30FF2302
S2140128F08DF81B30FE238DF81C309DF81230182001
S2140129008DF81D30BDF810305BBAADF81E3006AB41
S2140129100EF0DCFD054610B3144C154920681FF077
S214012920A8FA144920681FF0A4FA1EF049FB1EF00D
S21401293048FB114B114A00931149742320681FF07C
S21401294098FA10492B46104A20681FF092FA28463A
S21401295000F0B6FA0D4920681FF08BFAFEE709B0C1
S21401296030BD00BFA00001003BBF0300C012002025
S21401297099BD0300E9BE030069BF030041BF030020
S214012980F7BE030006BF030003BF03001BBF03001F
S21401299010B5234C01F042FB01F01EFD236F23F01E
S2140129A0070343F0030323671EF0FBFC1D4B0020C7
S2140129B09B6A9B075EBF01221B4B9A62D4F82031AB
S2140129C023F0030343F00203C4F82031D4F8243182
S2140129D023F0070343F00203C4F82431D4F840314E
S2140129E023F0030343F00103C4F84031D4F8603107
S2140129F023F0030343F00103C4F86031D4F84032F6
S214012A0023F0030343F00103C4F84032D4F8003244
S214012A1023F0070343F00103C4F8003210BD00BFE2
S214012A200080005000C0005000E0005008B502F0E1
S214012A301BF901280ED1114B04205A6E4FF4802346
S214012A400F49520358BF0F4A4B6601F51041086201
S214012A5058BF536603F06CFF03F010FF03F030FF1E
S214012A601FF0B6F9FFF794FF03F018FF00F030FCF3
S214012A7001F004F8BDE8084004F0C6BB0080005031
S214012A800090005000A0005030B51C4D95B00DAC24
S214012A900FCD0FC495E80700282384E80700184ADD
S214012AA00021CDE9022305230E24CDE904118DF87A
S214012AB01130062322460DF1260006918DF81330BB
S214012AC028F0F8F94FF480210E4B0DAACDE9071333
S214012AD00D238DF824300C4B07A90A9320230B9362
S214012AE001238DF83130094B0948009302AB8DF86C
S214012AF0254004F04BF915B030BD00BFC4C103003A
S214012B0000C0055024C00550492B002008120020A3
S214012B105C120020831E012B10B512D8012922D881
S214012B20114B04221B6905210020C3F3401301F059
S214012B309FFE0E4B1B681868A8B1BDE81040436A9B
S214012B4018478B1E012B0CD801280CD8BDE8104065
S214012B500022054B05211B691046C3F3401301F003
S214012B6087BE0129E5D910BD00C00350C00A002068
S214012B7008B50449044804F00DFCBDE80840FFF719
S214012B8083BF00BFC40A00208012002001481FF046
S214012B90DEBA00BF5C120020014B1A6A18681047A3
S214012BA05C12002008B507481EF027FA06481EF0FA
S214012BB024FA06481EF021FABDE8084004481EF033
S214012BC01CBA00BF28C2030010C20300F8C10300EC
S214012BD0E0C1030008B507481EF087FA06481EF054
S214012BE084FA06481EF081FABDE8084004481EF043
S214012BF07CBA00BF88C2030070C2030058C203003B
S214012C0040C20300184B37B583422AD1174B1B78B5
S214012C103BB3C8B20EF048FC054610B3144C154938
S214012C2020681FF026F9144920681FF022F91EF0CB
S214012C30C7F91EF0C6F9114B114A009311498523B5
S214012C4020681FF016F910492B46104A20681FF01D
S214012C5010F9284600F034F90D4920681FF009F9EB
S214012C60FEE703B030BD00BF88120020692B0020AC
S214012C70C012002099BD0300E9BE030013C3030080
S214012C80A0C20300F7BE030006BF030003BF030094
S214012C901BBF030030B500250368584A23F47F4361
S214012CA023F0070385B0934204460295ADF80C5015
S214012CB07ED002F5802293420ED0A2F18272934218
S214012CC040F09A804E4B1B78002B00F0958005B0A3
S214012CD0BDE830401FF06EBBB0F805301B2B40F04E
S214012CE08B80FF2304A91A4611E903001EF061F93F
S214012CF0012814BF41F2FC15414B05F0FC0208BF48
S214012D0018701B2120790EF0F7FB054610B33D4CD9
S214012D103D4920681FF0ADF83C4920681FF0A9F82E
S214012D201EF04EF91EF04DF9394B3A4A00933A49D6
S214012D30592320681FF09DF838492B46384A2068E9
S214012D401FF097F8284600F0BBF8364920681FF0B8
S214012D5090F8FEE7344900902379344A09683448EC
S214012D6000F008F90546002846D0264C264920687A
S214012D701FF07FF8254920681FF07BF81EF020F928
S214012D801EF01FF9224B234A009323496223206831
S214012D901FF06FF821492B46214A20681FF069F879
S214012DA0284600F08DF81F4920681FF062F8FEE7FC
S214012DB0B0F80530B7EE047A07EE903AF8EE677A87
S214012DC0B0F8073067EE877A013307EE103AB8EEAF
S214012DD0C77A67EE877AB1EE047A67EE877AFAFEEB
S214012DE0677AFCEEE77A17EE903AB3F57A7F38BF4A
S214012DF04FF47A730C4A136005B030BDA00006028A
S214012E00692B0020C012002099BD0300E9BE030013
S214012E1022C30300A0C20300F7BE030006BF0300DF
S214012E2003BF03001BBF0300DC0A0020052C0100C2
S214012E30881200200B4B02461B7883B10A4B1B7885
S214012E40834234BF00200120084B1B7833B1084B66
S214012E501B78134113F0010F08BF002070470120B3
S214012E60F2E700BF250D0020240D00206A2B00206C
S214012E70230D0020012208B5074B1A700022074BCC
S214012E801A700422064B1A701F22064B1A7003F0A2
S214012E9079FD054B186008BD250D00206A2B002022
S214012EA0240D0020230D0020C0120020024B0349F0
S214012EB018681EF0DEBF00BFC012002042C3030028
S214012EC070B50C4C0C49064620681EF0D2FF03F084
S214012ED059FD0546206803F049FD3046FFF7E6FF39
S214012EE0284603F043FD20680449BDE870401EF003
S214012EF0C0BF00BFC012002044C3030046C3030086
S214012F0038B505461EF069FA00230B4A14685CB111
S214012F10AC4206D1A96A6BB199621EF064FA01202F
S214012F2007E02346A46AF2E7002DF3D01EF05BFA11
S214012F30204638BD1160F0E7C412002010B50446E3
S214012F4098B104F091FE2046FFF7DAFF10B194F82D
S214012F502C300BB9002010BD1EF03FFA044A13684E
S214012F60013B13601EF03FFAF4E72220F3E700BFAF
S214012F70C81200202DE9F04385B0054691469846D3
S214012F800E469DF8307009B9002F5CD12846FFF730
S214012F90D5FF0446002836D185F82C00686304F076
S214012FA055FF864233D904F0F1FE2146844640F2AD
S214012FB0E7304FF47A720023E6FB0C011CF0E6FAC8
S214012FC04FF0FF3200231CF0E1FA2B46E88611464B
S214012FD02846CDE900441D4A1FF079F9044690B908
S214012FE0C5E9089885F82D702E631EF0F6F9184A83
S214012FF0136833B31A469B6A002BFBD195620023F4
S214013000AB621EF0F0F9204605B0BDE8F08347B18B
S2140130102B4631462846CDE900440C4A04F0DAFE38
S214013020DCE7304603A904F0B7FE04460028EAD1DF
S2140130302B462846CDE90077044A03991FF023F969
S214013040CCE71560DBE72124DDE700BF5530010042
S214013050C412002091F82C3013B50C4683B98B8E20
S214013060CA8E93420ED243B9CDE9003320460B46B1
S214013070104A4FF0FF311FF0EAF8A38E0133A38602
S21401308002B010BD52B191F82D307BB101230093EF
S214013090D1E908232046096BFFF76CFF0123064A96
S2140130A084F82C30136801331360E9E7084604F00E
S2140130B0DBFDF3E755300100C81200202DE9F04191
S2140130C0144E336823B34FF00008134F1EF085F9F2
S2140130D005463C6824B92846BDE8F0411EF083B990
S2140130E094F82C3093B1336884F82C80013B33601C
S2140130F094F82D3013B92046FFF702FF28461EF03C
S21401310072F9D4E9083120469847DFE7A46AE1E777
S214013110BDE8F081C8120020C4120020034B1B68D2
S214013120002B14BF04200120704700BFC8120020E6
S214013130024B1868B0FA80F040097047C8120020A8
S2140131400348044A0449121A92101DF03CBF00BFFE
S2140131502012040020120400802C002008B500F084
S2140131602FF8FFF7EDFF124B12498B4212D30020C6
S214013170114B12498B4218D3FFF7C2F8186850F862
S2140131802240586840F82240013298688242F5D3BE
S2140131900C33EAE70022F8E71C6844F82200013203
S2140131A05C68A242F8D30833E4E70022F8E700BFE0
S2140131B0B40D0400C00D0400C00D0400C00D0400D1
S2140131C04FF400414FF0FF30124B134A10B59A608E
S2140131D0D3F8882042F47002C3F888200F4A91661B
S2140131E001F1884101F5005210664FF6DF70506616
S2140131F00220C3F8D000BFF34F8FBFF36F8F0824B0
S2140132004FF440330648C0F88041D36004600B6138
S21401321010BD00BF00ED00E000200100009000504E
S21401322000E100E0014B1868704700BFE40A002087
S214013230084B1B6F03F00703022B04D0032B05D0AA
S214013240012B05D0FEE7044B18687047034BFBE7DC
S2140132500348704700800050E40A0020EC0A002072
S214013260002D310108B5FFF7E3FF054B1B6FC3F3D4
S21401327003330133B0FBF3F0024B186008BD00BF07
S21401328000800050E00A00200048704700B4C404E3
S214013290014B1868704700BFEC0A0020054B186008
S2140132A0054B1B6F03F00703032B01D1FFF7DABFB2
S2140132B0704700BFEC0A00200080005000487047AD
S2140132C0002D3101014B1868704700BFE80A002045
S2140132D000239B6A10B5B3F5903F11D219680A4ACC
S2140132E091420DD1094C227812F0FD0F01D0002039
S2140132F010BDDB6998470028FAD101232370F6E751
S2140133004FF48170F4E700BF07B0CD5E6B2B002051
S2140133104FF00053074A1A60BFF34F8F0649074B19
S214013320CA6802F4E0621343CB60BFF34F8F00BF5D
S214013330FDE700BF02020FF000ED00E00400FA0511
S2140133400346054A0549106803448B428CBF4FF07B
S214013350FF301360704700BFF00A00200080002095
S214013360F7B50468012105463A2000F07DFD0023EB
S21401337001226179207901F07BFA14233021227928
S21401338011FB023101F1A04101F570310968637941
S214013390D940C943A37901F00101022B217017D14D
S2140133A000F0C2FA164A2B466179207900F0E6FA57
S2140133B0FF28024660790ED12A46114900F008FB23
S2140133C00123024661792079CDE9003301F0F6F94F
S2140133D0002003B0F0BD01262779002301460096A0
S2140133E0384601F0ADFA2A460549607900F0F0FA50
S2140133F00023617902462079009301963346E5E77A
S2140134000F10030010B5012243780178847830202C
S2140134109A40054B00FB01331CB942F210015A5089
S21401342010BD41F21001FAE700C0035010B50122A9
S21401343043780178847830209A40054B00FB0133AD
S2140134401CB941F210015A5010BD42F21001FAE7C0
S21401345000C003502DE9F04F9A46564B85B01B78B5
S21401346006460F461546DDF83C909DF844B0DDF85B
S2140134705080002B00F09780072A00F296800E9B62
S214013480002B00F09280B9F1000F00F08E80129BA5
S214013490B3F5006F00F38980012803D1109B002B40
S2140134A000F08380444B03EB05131B7B002B7ED07F
S2140134B0424C10220021684627F0FCFC04EB451420
S2140134C01022A7BB3946204627F0F4FC43F210032E
S2140134D06380BBF1000F03D1E37843F00303E3708D
S2140134E0364A0E9B02EB451CCCE90193129B6901FF
S2140134F0581E9DF84C30C0F30A0003F003039B06E8
S21401350043EA001E53582E48012E00EA03004EEAF5
S2140135100003CDF800A0535017D0B8F1000F2ED1FC
S2140135209CF8023068F304138CF8023027E000217F
S214013530204627F0BFFC4FF444736380BBF1000FB5
S214013540CED1E37843F03003C9E713230CF1100E14
S214013550CCF80C309CE80F008EE80F006FF00301EA
S214013560DCF81C20109B61F39F02012FCCF81C2075
S214013570CCF8143003D1CCF81890CCF804300027DE
S2140135800D4A290102EB051342F80180159A2846D7
S2140135905A60694622469F605E7301F04DFA3846CE
S2140135A005B0BDE8F08F0748FAE70748F8E707488F
S2140135B0F6E700BF6C2B0020CC130020CC120020B5
S2140135C00F80FFF3028000F0018000F0078000F01A
S2140135D038B5124B05461B78DBB1E0B11DF0FDFE98
S2140135E00F4A00231146147B54B92B6001251A019A
S2140135F001EB03131D738C501DF0F5FE204638BDFC
S2140136000133082B02F11002EDD11DF0ECFE054846
S214013610F5E70548F3E70548F1E700BF6C2B002006
S214013620CC130020048000F0028000F0018000F03E
S21401363038B51DF0D2FE002305460B4A147B6CB943
S2140136400133082B02F11002F8D101F097F9074B6C
S21401365028461C701DF0C7FE204603E028461DF0D4
S214013660C2FE034838BD00BFCC1300206C2B0020DF
S214013670058000F00D4B10B51B78044693B1072862
S21401368012D81DF0AAFE0A4B03EB04131A7B2AB1CB
S21401369000241C731DF0A7FE204610BD1DF0A3FEDE
S2140136A00448FAE70448F8E70448F6E76C2B0020DC
S2140136B0CC130020068000F0028000F0018000F0AC
S2140136C0154B13B51868002301908DF804301DF0D2
S2140136D084FE124B1C7824B11DF085FE104802B002
S2140136E010BD01221A701DF07EFE0E4B01A81C7340
S2140136F01C7783F82C4083F83C4083F84C4083F8D1
S2140137005C4083F86C4083F87C4008238DF80730D2
S21401371001F060F92046E2E79CC303006C2B002011
S214013720038000F0CC1300200A4A08B512785AB17B
S21401373007280BD8084A02EB00131B7B43B1002174
S21401374001F03AF9002008BD0448FCE70448FAE70E
S2140137500448F8E76C2B0020CC130020028000F010
S214013760018000F0078000F00A4A08B512785AB1C5
S21401377007280BD8084A02EB00131B7B43B1012133
S21401378001F01AF9002008BD0448FCE70448FAE7EE
S2140137900448F8E76C2B0020CC130020028000F0D0
S2140137A0018000F0078000F00A4A08B5127852B18D
S2140137B007280AD8084A02EB00131B7B3BB101F02D
S2140137C087F9002008BD0548FCE70548FAE70548E3
S2140137D0F8E700BF6C2B0020CC130020028000F01D
S2140137E0018000F0078000F00D4B1B7893B107288D
S2140137F012D889B10B4B03EB00131B7B73B10A4B39
S2140138001A6D01238340134214BF012300230020B5
S2140138100B70704705487047054870470548704764
S2140138206C2B0020CC13002000000450028000F016
S214013830018000F0078000F00B4A10B512780C46A4
S21401384062B107280CD859B1084A02EB00131B7B5A
S21401385043B101F04FF92070002010BD0448FCE789
S2140138600448FAE70448F8E76C2B0020CC13002044
S214013870028000F0018000F0078000F0184B2DE96F
S214013880F0411F6D5B6D1F4000D5FEE70126002548
S214013890144CDFF85880374218D02368C8F85060B7
S2140138A0A3B1A168284601316268A1609847637B8D
S2140138B0012B0BD150B90C4B03EB45131A7B60F36C
S2140138C041021A731A7F60F341021A770135082DF7
S2140138D04FEA460604F11004DDD1BDE8F08100BFD1
S2140138E000000450CC130020CC120020002004500D
S2140138F070B5044601250B4E04B970BD94FAA4F0C8
S214013900B0FA80F005FA00F306EB001224EA03048D
S2140139105368002BF0D0117B11B191689847EBE703
S2140139209847E9E74C14002008B5192000F080FDFF
S21401393028B14FF00072074BC3F880211A601A2095
S21401394000F076FD28B14FF08062024BC3F880216B
S2140139501A6008BD00E100E038B505460C461DF0CA
S2140139603CFD0022044B03EB05135C601A73BDE8B3
S21401397038401DF038BD00BF4C140020F8B5044691
S2140139800D4617461E461DF028FD1CB9052D0DD007
S214013990FF2414E0012C03D1012DF9D1032405E005
S2140139A0022CF5D17DB1052DF2D10724074904F18A
S2140139B0100301EB03110123C1E901760B731DF01E
S2140139C012FD2046F8BD0624F0E700BF4C14002087
S2140139D0F8B505460E4617461DF0FFFC134B2C4660
S2140139E0D3F8242405F0FC0122FA05F3DB0712D5EF
S2140139F000230133DBB2042B04D1FF241DF0F3FCBA
S214013A002046F8BDEC1804F003040C4422FA04FC2A
S214013A101CF0010FEDD1FF2CF0D00122044B03EB7B
S214013A200413C3E901671A73E8E700BF00C0035037
S214013A304C140020074BD3F82404D3F8202403F5B4
S214013A400053104000F0553020F05020C3F82004F9
S214013A50FFF74EBF00C00350074BD3F82404D3F83A
S214013A60202403F50053104000F0AA3020F0A020D7
S214013A70C3F82004FFF73CBF00C00350024B19688F
S214013A80024B186814F022BDF40A0020140B002023
S214013A9070B59400224605460E4628F04DF9431CA3
S214013AA00AD058B922463146284627F0D9F90028C7
S214013AB0034808BF002070BD0248FCE70248FAE749
S214013AC010E000F021E000F024E000F010B504461C
S214013AD028F036F9431C10D088B901F0CDF82346FA
S214013AE020F003002044984201D1002010BD53F875
S214013AF0042B0132F7D00348F8E70348F6E70348FA
S214013B00F4E700BF0EE000F021E000F024E000F052
S214013B1008B51DF05BFC014B186008BD3C1D00207C
S214013B20014B18681DF056BC3C1D0020044BD3F811
S214013B308420D206FBD4D3F88400C0F381107047EA
S214013B400040005038B5104B0546D3F820310C46DE
S214013B5003F00303022B0BD0032B0DD0012B0FD147
S214013B60FFF760FB052305B1286004B1236038BD6B
S214013B70FFF78EFB0323F6E7FFF7A0FB0223F2E72E
S214013B8001230020EFE700BF0080005073B50D460B
S214013B9000210E4B0191D3F88041064604F0030440
S214013BA0012C09D0022C0CD00C460EB1019B3360BF
S214013BB005B12C6002B070BD01A8FFF7C3FF0F244A
S214013BC0F3E7FFF77BFB0190EFE700BF00800050B3
S214013BD038B5184B0546D3F824010C4600F007000B
S214013BE0062823D8DFE800F0040A121A1E0E160073
S214013BF0012305B1286004B1236038BDFFF712FB2D
S214013C000523F6E7FFF70EFB0623F2E7FFF740FB77
S214013C100323EEE7FFF73CFB0423EAE7FFF74EFB3F
S214013C200223E6E71DF0DAF90723E2E70023184648
S214013C30DFE700BF0080005038B5104B0546D3F8CB
S214013C4040310C4603F00303022B0BD0032B0DD09F
S214013C50012B0FD11DF0C4F9092305B1286004B169
S214013C60236038BDFFF72EFB0823F6E71DF0BBF9EE
S214013C700B23F2E701230020EFE700BF008000508E
S214013C8038B5144B0546D3F800020C4600F0070081
S214013C9004281BD8DFE800F003090D1115000123E5
S214013CA005B1286004B1236038BD1DF099F90923D8
S214013CB0F6E7FFF707FB0823F2E71DF094F90B235D
S214013CC0EEE7FFF7CFFA0E23800AE9E7002318464E
S214013CD0E6E700BF0080005038B5104B0546D3F824
S214013CE040320C4603F00303022B0BD0032B0DD0FE
S214013CF0012B0FD11DF074F9092305B1286004B119
S214013D00236038BDFFF7DEFA0823F6E71DF06BF9EE
S214013D100B23F2E700231846EFE700BF00800050B0
S214013D2038B5104B0546D3F860310C4603F0030353
S214013D30022B0BD0032B0DD0012B0FD11DF050F908
S214013D40092305B1286004B1236038BDFFF7BAFA2C
S214013D500823F6E71DF047F90B23F2E701230020BD
S214013D60EFE700BF0080005010B40D4C0B46D4F8AE
S214013D70204204F00304012C0AD0022C0CD008B116
S214013D80002101600BB100221A605DF8044B7047F8
S214013D905DF8044BFFF7D6BE5DF8044BFFF74CBF4A
S214013DA00080005038B50C4605461DF00FFB054B4C
S214013DB09A6A54402C4054409C62BDE838401DF03D
S214013DC009BB00BF00C00050B0F5207F1FD009D846
S214013DD0B0F5007F15D003D868B1B0F5C07F0AD022
S214013DE000200CE0B0F5607FFAD10B4BD3F88000D1
S214013DF0C0F3011003E0084B186FC0F30330013025
S214013E007047054BD3F89000C0F30460F7E7024B08
S214013E10186FC0F38020F2E7008000504FF40032A4
S214013E200E4B014610B500209A66FFF7CDFF4843BA
S214013E3041F671320A490B4B884294BF002001209B
S214013E40DC69DA639A6822F4401242EA00529A6008
S214013E50E20344BF0022DA6310BD00BF00900050A9
S214013E60005A620200000350420910B50FD0012A21
S214013E700FD00A4B0A4C022A18BF234600F01F0037
S214013E8049B103F58053012282401A6010BD1346E2
S214013E90F4E7044BF2E703F50053F4E768800050BB
S214013EA0608200506480005008B580201DF0B0F993
S214013EB0034B98429EBF4FF48032024B1A6708BDEF
S214013EC0005A620200A000501FB50023B0F5807FA3
S214013ED0019377D028D8382800F094800BD824385E
S214013EE0092810D809280ED8DFE800F06767676749
S214013EF00D0D620D377D52285FD008D83D283BD086
S214013F003E2800F08480019805B05DF804FB802807
S214013F10F9D1414B1B6F03F00703013B032BF2D88A
S214013F20DFE803F044413F6CB0F5D06F5BD019D8A1
S214013F30B0F5A06F66D00AD8B0F5806F3DD0B0F569
S214013F40906FE0D1002001A9FFF742FEDBE7B0F554
S214013F50B06F2DD0B0F5C06FD5D1002001A9FFF705
S214013F606BFED0E7B0F5006FECD00AD8B0F5E06F85
S214013F704DD0B0F5F06FC6D1002001A9FFF7D0FEF5
S214013F80C1E7B0F5086FBED1234BD3F8003103F07B
S214013F900303022B2CD0032B2ED0012B30D1FFF79D
S214013FA077F9032300E005230193ACE70223FBE73F
S214013FB0002001A9FFF7EAFDA5E7002001A9FFF708
S214013FC0C1FDA0E702934FF0E0231B695B0705D50F
S214013FD0FFF748F90C230393039BE5E703A902A81F
S214013FE0FFF72AFEF8E7002001A9FFF749FE8AE756
S214013FF0FFF768F90823D7E71CF0F0FF0723D3E79C
S2140140000123D1E7002001A9FFF7AEFE7BE70020E0
S21401401001A9FFF761FE76E7008000504FF4002209
S214014020034B5A66012203F580439A62704700BF2C
S2140140300090005008B5FFF747FF082811D009384F
S214014040012802D94FF6FF7008BD4FF40012064B47
S2140140505A6603F5D8335B6ADB07F3D54FF4FA707B
S214014060F2E7024B1888EFE700900050040D00209D
S214014070F8B504468020FFF727FF032800F0878065
S2140140804FF40022424B02215A6645F60E03414A7E
S214014090C2F88030404B9962012103F58053996242
S2140140A0936DD903FCD4D4E900131B0543EA0163DD
S2140140B0E17B94F820500B43217BE77E43EA0143E2
S2140140C0617B6D0143EA0133A17B43EA81131361EE
S2140140D09169D4E904031B0643EA806301F00041B9
S2140140E00B43A17E94F823000B43217E43EA014350
S2140140F0617E43EA01239361136AE66923F00D03A7
S21401410094F8221043EA8703002E2DD11362966A93
S21401411094F8213045EA031326F033052B4343F088
S214014120010393621D4D1B4B9A6D35EA0202FBD1CA
S2140141300222194DAA621A659A6D5200FCD41A69B8
S214014140A56822F4700242EA05521A614FF0004255
S214014150114B9A6119B9022203F580539A6278B914
S21401416001220F4B9A620BE0334343F008031362BC
S214014170936A23F0330303432B4343EA41039362D9
S21401418094F824301BB1034B064AC3F88020F8BDCF
S2140141900090005000C0005000D0005003000140C5
S2140141A000E00050F1A7FFFF1E4BFF2870B59E6A86
S2140141B035D89A6D12F4803F18BF01211A4A18BFEC
S2140141C09162022191629B6DDC0303D5154A936DC2
S2140141D09907FCD50222144B124D1A65AC6D14F0EA
S2140141E08044FBD1114AAB6992F9002023F47F0386
S2140141F0024423F47F4382F3080243EA002343EA9E
S2140142000243AB6131460220FFF7CCFDAB6DDB0309
S21401421003D531460120FFF7C5FD204670BD212498
S214014220FBE700BF00C0005000D000506D2B0020FF
S214014230014B93F9000070476D2B002001221548B1
S214014240154B816A9A62826D02F00302032AFAD143
S21401425002229A621A650F4A936D5B00FCD40F48DE
S214014260936D30EA0303FBD101220B4B1A65A3F5CC
S21401427080539A6D9007FCD49A6D9207FCD5022262
S214014280054B1A65034A936D9B07FCD50320FFF780
S21401429089BD00BF00C0005000D0005003000100DF
S2140142A0014B1880704700BF020D00204FF400122A
S2140142B008B5184B5A660223174A5360936813F4DD
S2140142C08033FBD1012822D1FEF7E2FF134B98423F
S2140142D015D003F5122303F5F863984213D0104B5B
S2140142E000EB8002400AB3FBF0F3520A0A49CA62A5
S2140142F00B6301234B620022074B5A6008BD45F64B
S2140143007A13084AF2E745F61A03074AEEE75362BC
S214014310F1E700BF009000500040025000F0490253
S21401432064666666D8B80500BBCF0500B0F5207F89
S21401433010B50C4642D008D8B0F5007F33D003D86C
S21401434088B1B0F5C07F0ED010BDB0F5607FFBD14F
S2140143501F4A4C1ED2F8803023F0300343EA041380
S214014360C2F88030F0E71CF04BFF1DF015F84FF453
S2140143708031184B164A1967136F013C23F47043BA
S21401438043EA04331367FEF76DFF0446FFF7CEFBDF
S214014390C0F1020120461CF0F9FF00F02DF8BDE83F
S2140143A01040FFF781BD0A4A4C1ED2F8903023F028
S2140143B0F85343EA0463C2F89030C5E7044A4C1E3A
S2140143C0136F23F4806343EA84231367BCE700BFBB
S2140143D0008000500090005008B50121022000F036
S2140143E0F5F81CF00DFF1CF0D7FF4FF48032014B9F
S2140143F01A6708BD0090005008B54FF4C0701CF055
S21401440007FFBDE808400449884294BF0121022104
S2140144104FF42070FFF78ABF80F0FA02034B58680A
S214014420C0F30800003818BF0120704700ED00E017
S214014430054B420953F8223000F01F0023FA00F022
S214014440C04300F00100704700E100E010B5224BC8
S21401445070B94FF40031214A1860516602F598325E
S2140144605268012A03D11E4AD2F800211A6010BDF3
S2140144701B68002BFBD01B4A5268012AF7D0184A4A
S2140144808020C2F80031FFF71FFD05281FD14FF429
S214014490C070FFF799FC0128044604D102214FF4AD
S2140144A0C070FFF743FF07220F4B1A610122A3F5E5
S2140144B080535A600B4A1369DB07FCD5012CD6D111
S2140144C02146BDE810404FF4C070FFF72FBF012210
S2140144D0064B5A60CBE700BF401D002000900050FD
S2140144E00080005000C0015000E0015000D0015093
S2140144F0044A4178536F23F4407343EA0123536718
S214014500704700BF0040005010B5044610B10020AF
S214014510FFF79CFF104A136943F00403136103F08D
S21401452075F91CF063FF0D4B0D4AC3F820241CF0EF
S2140145304DFF27F009FC1CF04DFF1CF058FF03F05F
S2140145408DF91CB9BDE81040FEF78CBE0120BDE810
S2140145501040FFF77BBF00BF00ED00E000E0035016
S2140145600000FF0F10B5044610B10020FFF76EFFE4
S2140145700E4A136943F0040313610D4B0D4AC3F849
S214014580202403F043F91CF021FF27F0DDFB1CF08B
S21401459021FF03F063F91CB9BDE81040FEF762BEC7
S2140145A00120BDE81040FFF751BF00BF00ED00E05D
S2140145B000E003500000FF0F034A0179D36E23F099
S2140145C030030B43D366704700400050F8B50446ED
S2140145D01C4BD3F88420D106FBD4D3F88430C3F324
S2140145E081139C422CD0FEF723FE012C064602D1F5
S2140145F021461CF0CBFE1CF0E9FE4FF00072124B78
S21401460007465A6620461CF0F9FE4FF480630D4DAE
S214014610621E93402B676B6E9A0103D4D5F88430E3
S2140146209B060AD538461CF0D5FE022C08D130462A
S214014630BDE8F84000211CF0A9BED5F88430EAE7B1
S214014640F8BD00BF004000500060005010B50C4699
S21401465008B9FEF7EDFD074B21461B783BB1064B2B
S214014660984204D80120BDE81040FFF7AFBF0220F2
S214014670F9E700BF6E2B0020005A62020278034B56
S214014680012100201A70FFF7E1BF00BF6E2B00204A
S2140146904FF0004238B5264B26495A6601224A6039
S2140146A04AF6CD3103F50B235D6C1964154030BB1A
S2140146B09968C9070BD4002401221F4B5A6015B113
S2140146C01E4B1F4A1A6425F02CFF204638BD1A4996
S2140146D08A601C4AD96ACC0705D4904201D10724C6
S2140146E0EAE70130F6E79042E5D1F8E70132DC6A05
S2140146F014F0080406D08A42F8D10724DFE7002226
S2140147001049F4E78A42F8D020220B4B0B495A6233
S2140147100122A3F580539A6023460A4A486A800616
S21401472003D49342E9D00133F8E79342C7D1E4E7D3
S2140147300090005000500950006009500040095098
S2140147403254FFFF40420F004FF0004238B5174B7E
S214014750174C5A66012203F50C235A604AF6CD33EC
S214014760656C2364437893401343124AD363C3783A
S2140147708178A2689B0043EA011322F07402134376
S214014780A3600279837943EA022323614279C379DC
S21401479043EA022363610078FFF77AFFEB0744BF21
S2140147A0054B236425F0BDFE012038BD0090005066
S2140147B000400950004000503254FFFF072A2DE9FF
S2140147C0F041154698464FF0030401F003072DD833
S2140147D09600B44000FA06F221461C481CF00FFE73
S2140147E021461B4807FA06F21CF009FE194B1A4926
S2140147F09DF81800B8F1000F18BF1946012303FAF7
S21401480005F50D60154B1649002818BF0B461D60AF
S214014810144B9DF81C00C3F82054103103F22443B6
S214014820002818BF0B461D60BDE8F081A2F10806FE
S214014830B600B44000FA06F221460B481CF0DFFD34
S21401484021460A4807FA06F2CEE700BF00C4035025
S21401485008C4035010D4035010E4035014E403506A
S21401486014D4035000E0035004C403500CC4035096
S214014870F8B504460D461F4616464AB101238B403D
S2140148803021184A01FB0022F7B141F210015350C2
S21401489004EB4403072D4FF00F014FEA031316D81C
S2140148A0A80006FA00F281400F4818441CF0A7FD44
S2140148B04EB9012330210B4AAB4001FB042277B1EC
S2140148C041F210015350F8BD42F21001DFE7A5F1A5
S2140148D00800800006FA00F281400448E5E742F24B
S2140148E01001EFE700C0035004C003500CC0035092
S2140148F0104B0140D3F8302422EA0002C3F83024DA
S214014900D3F830241143C3F83014D3F82C240243CF
S214014910C3F82C24084AD36E03F03003202B1FBFA4
S214014920D36E23F0300343F01003D366034BC3F872
S2140149302004704700C003500040005000E00350C0
S21401494038B514461D46032283F00103FFF790FF96
S214014950012004F11001884005FA01F1FFF7C8FFB4
S2140149609DF81010034B044A002918BF134618601F
S21401497038BD00BF24E4035024D403504FF4001282
S2140149800B4B10B5C3F88020BFF34F8FBFF36F8F6B
S2140149900024FF22074B21465C6520209A625C605A
S2140149A0FFF762FA2146BDE810402120FFF75CBA06
S2140149B000E100E000000450044A054B002908BF4E
S2140149C01346012282401A60704700BF401004500F
S2140149D04020045010B5012104462020FFF744FA78
S2140149E001212120FFF740FA0122114B5A6022785B
S2140149F012069A606178A27842EA01429A61FF2221
S214014A009A6200229A631A644FF000425A654FF088
S214014A10FF324FF4001103F500531A65054AC2F838
S214014A208011E3781B01DBB282F81533116010BDEB
S214014A300000045000E100E0F8B50125C3B2DFF83C
S214014A4088C0D1F800E09D408F7ACB7A0C46097B6E
S214014A50CCF850500CF5005C4CF820E04FF0300ECE
S214014A60184E1B050EFB006094F80DC043EA074381
S214014A7043EA415322F00302C0F860C0C3650267EF
S214014A801CF0ABFC736D2B437365237A13B1336C47
S214014A902B433364637A13B1B36B2B43B36322792D
S214014AA0A37943EA0243084A93616179E37943EAC9
S214014AB0014306498B61034B55639D64BDE8F8408D
S214014AC01CF091BC0000045000200450001004505B
S214014AD010B50124C0B284401CF07FFC044B5A6D13
S214014AE022EA04025A659C62BDE810401CF07BBCB9
S214014AF00000045010B50124C0B284401CF06DFCC7
S214014B00074BDA6A224208D15B6B9C430CBF012437
S214014B1000241CF068FC204610BD0024F9E700BF05
S214014B20000004504FF40032054B9A6641F671328C
S214014B3003F51C33DA63012203F50053DA6070478C
S214014B400090005041F671320121064BDA6303F5FD
S214014B500052D1600022DA634FF40032A3F5183315
S214014B609A66704700000350CB784A7810B55B010F
S214014B700C7843EA82030A79234343EA02130C22A0
S214014B80424302F1B0421363012C02BF8A78024B02
S214014B9043F8202010BD00BFE880035008B54FF051
S214014BA0B0435A686AB958B15B680BB11CF036FC61
S214014BB001210D4B59601CF031FC4FF0B043D96018
S214014BC008BD5B680BB11CF029FC0028F0D11CF075
S214014BD025FC4FF0B0430222DA601CF01FFC0122D4
S214014BE0024B5A60ECE700BF001000580020005846
S214014BF04FF0B0414B6810B50BB11CF00FFC012211
S214014C000B4BC4785A608378934043EA8403447814
S214014C102343047943EA0413447943EAC4038B60CB
S214014C20044B5A600378C3F10203CB6010BD00BF8A
S214014C3000200058001000584FF48032064B5A6688
S214014C4003F5E6235B69C3F38512827003F03F0226
S214014C501B0B42700370704700900050014B986C1C
S214014C60D96C70470080E00F024B1868C0F307400C
S214014C70704700BF0080E00F0120034B9B680A339A
S214014C8003F01F03984070470080E00F70B505469B
S214014C9016461C4621B94FF420701CF0B9FA01469D
S214014CA0402C1BD003D8DCB1202C1BD070BD602C4F
S214014CB0FCD1042303FB06F2530803EB4113B3FBB9
S214014CC0F2F3094A203B02EAC303AA6822F0600213
S214014CD0AA60AA681443AC60EB61E7E70623E9E73C
S214014CE01023E7E70823E5E7F8FF7F00012200F538
S214014CF080535A6040F6AA6341F2050243610023DD
S214014D000B498360C365C26000F500520361C3614D
S214014D10C364916407498365884203D10365002310
S214014D20436502E004498842F8D001235360704786
S214014D30FFFF010000C005500000065070B50D468B
S214014D40FFF7D4FF012300F580567360AB7C044661
S214014D501BB1836843F080438360EB7C5BB1354ACB
S214014D602B7D944245D1A2F51032C2F88C31E36D09
S214014D7043F08003E3652A8A6B7B20461343EA8966
S214014D801343E3602B7BD5E90112FFF77FFF6B7DB1
S214014D901BB1A36843F48033A360AB7D1BB1A3684A
S214014DA043F40043A360EB7D2A7E1B07120502F441
S214014DB0E00203F0E0431343A365697E1D4A8B1EA0
S214014DC0012B1D4B1FD894421BD002F58042944202
S214014DD00CBF01224FF0FF3203EB4213022041F2D7
S214014DE01C620329985020D10423F3652B78636154
S214014DF070BD124A944204BFA2F52032C2F89C311B
S214014E00B5E70022E8E794420DD00C4A94420CBF65
S214014E1001224FF0FF3203EB4213022042F21C62E2
S214014E2001299850DFE70022F5E7042204F5005334
S214014E30DA65DBE700C0055000C0035000000650ED
S214014E4038B50446054D25F090FB0FCC0FC594E808
S214014E50030085E80300002038BD00BF441D002084
S214014E6047F6FF739A42F0B56FD002296FD8394BD7
S214014E705B5C012B6BD8384DDF0005EBC30415F8DE
S214014E803330A178012B13D10025E078401AA842CF
S214014E9002D80844C0B2F0BD431B6668A0EB5303BA
S214014EA036F913609642D4BF1D4603F1FF30EEE794
S214014EB060680028EFD0B0F90040944204DBB0F9F6
S214014EC002409442B8BF144683883D44FF2B19BF65
S214014ED0C8224FF0280CB0F90620B0F908C0A2EBA2
S214014EE004030CBF0126002693FBFCF333446E78C3
S214014EF01BB29E4201DD002B01DA731E1BB24FF47A
S214014F007A7C01339BB2071D5D1E2DB24FEAC50E9A
S214014F1000EBC505EA88AD689E4214FB025222EA00
S214014F20E27202F15C02B2FBFCF204DD37F83350A8
S214014F3001339542E8D200EB0E039888904228BFD1
S214014F401046884238BF0846A4E7FF20A3E70020A2
S214014F50A1E700BFC1C30300441D00200229F0B52C
S214014F6055D82C4B585C012851D82B4C04EBC0016A
S214014F7014F830004B6801280FD1C8788C7890421D
S214014F8094BFC4EB0001C4EB0201001BCAB282420B
S214014F90C8BF002233F91200F0BD002B37D0887845
S214014FA0904202D3B3F90200F6E7CC78B3F90000D9
S214014FB09442F1D94C789988013CA1F1FF067142DF
S214014FC003F10405E4B2714103F10C07CEB2B44219
S214014FD016D805EBC1014FF47A756A43B1F9024060
S214014FE04968521A04EBD47102EB610292FBF4F2A7
S214014FF09042D1DBB3F902009042CDDC10B2CBE790
S21401500037F831C04E1C9445E3D33146DEE70348FA
S214015010C2E700BFC1C30300441D00200080FFFF9C
S21401502008B50448FFF70CFFBDE80840012025F04D
S214015030A0BA00BFC4C3030000487047060D002095
S2140150407FB51422002101A825F034FF044B01A9E5
S2140150504FF0FF30029325F0C1FA07B05DF804FB6C
S214015060006A18001B0603F0706300F00F000902C7
S214015070034301F47061120402F470220B431343DC
S214015080014A1360704700BF0020025C60B5054608
S21401509019B10139B1F5806F0FD2094EF06810F4DD
S2140150A08030FBD143EA012312072B4302F08052E2
S2140150B0134343F00043736060BD0120FCE700BF6B
S2140150C00020025C0122054B9A60DA68D203FCD408
S2140150D0D86820F00F000004000C70470020025C26
S2140150E0014B1868704700BF0040025C014B5868CE
S2140150F0704700BF0010025C014B186B704700BF81
S2140151000010025C014B1868704700BF0010025C7B
S214015110014B9860704700BF0010025C014B186499
S214015120704700BF0010025C014B5864704700BF17
S2140151300010025C014B5863704700BF0010025C10
S2140151400022014B1A6070470010025C024A136885
S21401515043F00103136070470010025C024A1368B3
S21401516023F00103136070470010025C43F204024F
S214015170014B1A60704700BF0010025C024A1368B8
S21401518043F03003136070470010025C044B1A684A
S21401519042F480721A601A6822F480721A607047AC
S2140151A00010025C024A136843F480631360704780
S2140151B00010025C034A136823F4702343EA004399
S2140151C0136070470010025C044B1A6902605A694A
S2140151D042609A698260DB69C36070470010025CB6
S2140151E00268044B1A6142685A6182689A61C26811
S2140151F0DA6170470010025C024B1A6BD207FCD4CE
S214015200186270470010025C0322024B1860196195
S2140152105A6370470000025C82B01FB507930A9B71
S21401522004AC8B4228BF0B4604E907001048D100A6
S214015230079948BF03330160099948BF23F0030368
S21401524023F0704301F0E041194341F000518160C1
S214015250002102F0E042019C1A4342F00052C16074
S21401526004618261416304B0BDE8104002B070473A
S2140152700000025C3F22034B1A631022DA6103220C
S2140152809A6370470000025C024AD36B9B07FCD40A
S214015290704700BF0000025C044B9B6A13F0240FAA
S2140152A014BF012000208000704700BF0000025C90
S2140152B008B5FFF7F1FF064BDB6B23F47F4323F0C2
S2140152C0EF0303431EBF0122024BC3F8FC2F08BDA8
S2140152D00000025C00F0FF3F4368182B0AD0202B29
S2140152E01DD0102B2BD1174BD3F80434DB010AD475
S2140152F001207047134BD3F804349A01F8D50B6894
S21401530043F008030B6003680F4A934210D10B6801
S21401531043F040030B600023436000207047094BB5
S214015320D3F804345B01E3D50B6843F00403E9E7E3
S214015330064A9342F1D10B6843F08003EAE707205F
S214015340704700BF0000025C702B00206F2B00200E
S2140153500B4607B50749D1F80414C90708D500213B
S21401536000920246084600F05BF803B05DF804FBC5
S2140153700120FAE70000025C1346064AD2F804242C
S214015380D20504D50A46014600201CF065BA012064
S214015390704700BF0000025C13B5084CD4F8044403
S2140153A0E40508D5009313460A460146002000F09E
S2140153B061F802B010BD0120FBE700BF0000025CEF
S2140153C013B5084CD4F80444E40508D500931346F5
S2140153D00A460146002000F071F802B010BD012017
S2140153E0FBE700BF0000025C70B504460D4616469A
S2140153F08CB00A4A09AB07CA83E807001A46214659
S214015400CDE90563CDE90333CDE9013300954FF4CA
S21401541080301CF04DF90CB070BD00BF48C40300CD
S214015420F0B51C465B6815468DB01A07129E1AD158
S214015430CBB17268934216D10C4B0D4A53F82170CA
S21401544009AB07CA83E807001A462946CDE90533A2
S214015450CDE90333CDE90163009447F480701CF075
S21401546027F90DB0F0BD0720FBE700BF54C40300C9
S21401547048C40300F0B516465A688DB0102A0D468A
S214015480129F15D17A68102A12D10A4A09AC07CAA6
S21401549084E8070022462946CDE90547CDE90344BD
S2140154A0CDE90144044800961CF002F90DB0F0BDA8
S2140154B00720FBE748C4030030000100F0B516469C
S2140154C05A688DB0102A0D46129F15D17A68102A97
S2140154D012D10A4A09AC07CA84E8070022462946BF
S2140154E0CDE90574CDE90344CDE9014404480096AD
S2140154F01CF0DEF80DB0F0BD0720FBE748C4030042
S2140155001000010082B070B586B0149D03AE202D48
S21401551086E807000B9359D805EB85038B4203D029
S21401552006236B438B4253D10C9BAB4250D10F9B4E
S214015530B3EB450F4CD1129A934249D10122294629
S2140155402220159BFFF7A2FD044630BB0346062228
S2140155500E210C20FFF786FD0123CDE900332B46F3
S21401556096E807001CF037F80E230BAA009307CA2B
S2140155702B461BF07BFF0C23164C00930EAA2B46E2
S21401558007CA1BF0A3FF636823F07F0343F02603DB
S2140155906360FFF797FD30B10624204606B0BDE8EC
S2140155A0704002B07047636823F07F0343F0220324
S2140155B06360FFF787FD04460028EDD1062311AA94
S2140155C0009307CA2B461BF0B4FFE6E70124E4E785
S2140155D00724E2E70020025C70B598B0002843D0AB
S2140155E02C4C08AD0FCC0FC50FCC0FC50FCC0FC57B
S2140155F094E80F0085E80F006D4604AE04F1100331
S21401560020340FCB85E80F0094E80F0086E80F00E2
S214015610FFF7BCFD0420FFF7CDFDFFF7A7FD3046E1
S214015620FFF7DEFD002408AE56F8040B0134FFF741
S214015630E3FD102CF8D1FFF759FD0328FBD9002410
S214015640FFF77EFD2646FFF74BFD55F8043B013676
S2140156505840042E44EA0004F5D12CB1012206205C
S2140156600D4B1A7018B070BDFFF790FD0820FFF7BC
S2140156704FFD0020FFF752FD0720FFF755FD4FF4C1
S2140156800070FFF757FD0820FFF794FDFFF75EFD5A
S2140156900020E7E730C50300722B002008B5FFF7AE
S2140156A075FD0122014B1A7008BD00BF712B002049
S2140156B01FB51CF050FA044630B1012206240D4BEA
S2140156C01A70204604B010BDFFF70AFD0090FFF7E0
S2140156D007FD0190FFF704FD0290FFF701FD03901F
S2140156E06846FFF77DFDFFF7D9FFFFF747FDFFF798
S2140156F059FDE6E7722B002006289ABF014B185C7D
S2140157000020704790C5030030B5154B87B0029353
S214015710144B0390049346F611030D46059300F0CF
S21401572077F91428044616D168461CF0BEFA4FF0E5
S214015730A843032202A95A6319601D619A63DA6BB2
S2140157409207FCD1142C02D168461CF0BCFA00F07A
S21401575093F9044601E00028E9D0204607B030BDA1
S2140157605C1D0020040000202DE9F04FB1B0054675
S2140157708C469E46E8466F4EDDF8EC90409C06F15E
S214015780100A474630687168083603C75645B8465A
S214015790F7D13E9B03EB0208C8F1000A0AF00F0A94
S2140157A0B9F1000F00F09D80C9F1000707F00F075F
S2140157B00121DDF8FCB044F00050C4F11006CDF82C
S2140157C010B005910690300200F4F85040F0210028
S2140157D00790B9F1000F40F08680CDF820D047F051
S2140157E00050002D00F08480099121210A9041EAA1
S2140157F007210B9142F00050CDF830C03D9B08A91F
S2140158004FEA0A2C0D910E904CF041000F90109328
S214015810002A75D13E9B119143F0005312933C9B95
S2140158201390149310AB1593434B444A169340F6CA
S21401583011031793424B0021002D08BF13461893FE
S21401584014AB19933F4B10221A9311231B931CABD5
S214015850184625F02FFB01221D92002246F08046B5
S21401586003461E96239205B9EB46102CCDF880B060
S21401587024AE4BD1012322460021304621932294A7
S21401588025F018FB20AB002125938F4218BF334625
S21401589047F0804226923A9A2CA828922993B2FA87
S2140158A082F35B0949EA837310222B912A9325F030
S2140158B001FBB9F1000F00D028AED04448F0804378
S2140158C02CA918A82D962E93FFF71EFF30B92DB9D7
S2140158D00346A34225D1002818BF2C2031B0BDE8CD
S2140158E0F08F102764E7CDF820E049F0005078E704
S2140158F0002C3FF479AF04A9099101210A9076E7BB
S2140159003E9B0CAA11924120129388E71022002197
S21401591030462193229425F0CDFA002CB2D10123F2
S214015920B1E703F1C0026A4412F8C02C01331043F8
S214015930CFE700BF97C5030010000020ACC50300E9
S214015940B0C5030004000020F0B5C0299FB0DDE912
S214015950244557D0B1F5807F04D0802948D029202E
S2140159601FB0F0BD01265CB140F23447029410240A
S21401597003960494212401970594069502AC0AE047
S21401598040F21447029410240396049421240594AB
S214015990012401970695079401251024089409957A
S2140159A00A9221220B950C940D92174A0AAD0E927B
S2140159B0164A0F95109242F6110211921293139500
S2140159C01494159201AA1692D3B112AB179304231D
S2140159D018931123199316AB1A901B9340F61103D3
S2140159E0C9081C911AA806A91D93FFF78DFEB7E7F3
S2140159F0012614B94FF48267C4E74FF48667B5E70A
S214015A000EABE3E70F20ABE7A8C5030010000010BC
S214015A1038B5164B5A6E42F004025A66D3F8802205
S214015A2042F00102C3F88022114B5B68C3F30803FE
S214015A3043B14FF0A842D36B13F0430FFBD11424AC
S214015A40204638BD4FF0A843DC6B14F04304FBD16D
S214015A50084D2B681BB90421284602F09FFD2B68D0
S214015A60013343F000432B60EAE700BF008000509B
S214015A7000ED00E05C1D0020014B00205B687047D4
S214015A8000ED00E04FF40052034B00209A6603221B
S214015A90C3F86022704700BF009000504FF40052D8
S214015AA0034B00209A660322C3F86022704700BFAA
S214015AB000A00050012300F01F02A0F506200949AE
S214015AC0A0F550604009934051F820201A4341F850
S214015AD02020054951F8202022EA030241F820201F
S214015AE0704700BF741D0020601D00200121A0F535
S214015AF006230E4AA3F550635B0900F01F008140A0
S214015B0052F82300014342F823100949D1E9003035
S214015B10034488680344C868096903445B1802BFE4
S214015B20C2E90033C2E9023313617047601D0020E9
S214015B30741D00202DE9F04FA9B003921D460446BE
S214015B400822339ECDE90401414021FA02F34B407D
S214015B50980702F1080218BF9B00202A1C44F4D1C2
S214015B608123B4FBF3F303EBC313E41A734B04F57D
S214015B7006241B7804F55064002B3ED1FDF77EFF0A
S214015B80074620B16FF0910029B0BDE8F08F0146BD
S214015B90402208A825F08EF94022394618A825F09B
S214015BA089F9DFF8B481DFF8B491C3460BF10F0A27
S214015BB0CDF800A0102208A95B46D9F8000024F011
S214015BC063FA0022014608F1100808AF914246D157
S214015BD0CDF800A05B461022D9F8000018A924F0E1
S214015BE05CFA4FF0000A834618AFD34541D1544BB7
S214015BF09845DAD10122514B1A704FF0810A4FF0C5
S214015C000008DFF85CB1A4F50627A7F550635B0929
S214015C105BF8232004F01F01CA40D2073DD4494A4D
S214015C2052F82330CB40DB072AD5B8F1000F08BF66
S214015C30A0468123A7F6FF47B7FBF3F303EBC31395
S214015C40FF1A07F50624BAF1010A04F55064DAD101
S214015C50039BBBB1B8F1000F14D0444619E057F8C6
S214015C60040BCDE90612FFF725FF079A06990132C4
S214015C70ACE757F8040BFFF739FF0AF1010AB4E75E
S214015C80039B13B96FF08B007EE7B8F1000F18BFC6
S214015C904446349B00201C6076E7329B13B10023F8
S214015CA0329A13600EB1002333601023DFF8AC90F4
S214015CB000932A4600232146D9F8000012F078FD09
S214015CC060BB32992A68204BC9B99A4206D0214650
S214015CD0D9F8000012F004FE0028D3D1D5E902233A
S214015CE0DDE90410834208BF8A42A2D1039B002B40
S214015CF0CFD06B68012BCCD16FF0840044E7102025
S214015D0032999A420860E2D1002EE7D03346214606
S214015D10D9F8000018AA12F09FFD48B10B4B984223
S214015D20D5D00B4B9842D2D00A4B9842D6D029E711
S214015D30329A336812689B1A3360CFE7732B0020C0
S214015D4000710800601D0020105D175EFFDF00F087
S214015D5011E000F0FEDF00F0006D0800140B0020DB
S214015D60741D00202DE9F04F87B08246894698467B
S214015D701646DDF840B02AB1002B4FD040F26C73C6
S214015D809A424ED8BBF1010F4ED8002406F11007F7
S214015D903946012005941CF028FB0546002846D00C
S214015DA021463A4625F086F805ABCDE90143009435
S214015DB02B46012250464946FFF7BCFE044680B1F9
S214015DC010F18C0F08BF6FF08D043A46002128466B
S214015DD025F070F828461CF018FB204607B0BDE8F1
S214015DE0F08F144BC5E902A92B60C5F804B02EB19B
S214015DF03246414605F1100025F067F8059E0E482B
S214015E003B462A463146006812F03AFC18B930463D
S214015E10FFF750FED9E76FF09104D6E76FF08604DE
S214015E20DBE76FF09104D8E76FF08504D5E76FF0F4
S214015E308C04D2E7105D175E140B00202DE9F043A9
S214015E408DB08146DDE914780E4615461C469BB199
S214015E50B8F1000F05D16FF0860630460DB0BDE8EB
S214015E60F083002FF7D0B7F1005FF4D3C3F10053EE
S214015E7003F500439F42EED81022002108A825F022
S214015E8019F8002207AB029305AB019306AB314626
S214015E900093484608ABCDE90522FFF74BFE0646C0
S214015EA00028DAD1059BA4B1AB4215D853EA050404
S214015EB0D1D1069B0B48C8F8004000943A46079992
S214015EC000682B4412F074FC002818BF6FF091068E
S214015ED0C3E7AB42EDD2BEE75B1B9C4228BF1C4624
S214015EE0E7E700BF140B002030B58DB00C46054621
S214015EF01022002108A824F0DDFF002207AB029340
S214015F0005AB019306AB21460093284608ABCDE9C5
S214015F100522FFF70FFE0446D8B9099B012B1BD0BB
S214015F20079D104B2946186812F0DAFCB8B9012211
S214015F30A5F506230C49A3F550635B0905F01F0080
S214015F40824051F823004240284641F82320FFF7BB
S214015F50CDFD20460DB030BD6FF08404F9E76FF03B
S214015F609104F6E7140B0020741D00202DE9F04F74
S214015F7089B007460E46FFF7C5F8C00709D40424C2
S214015F8001201BF0F5FD80B3013CF9D16FF09200C2
S214015F9028E0102200210DEB020024F08BFF04A85C
S214015FA0FFF712F9049B002BE9D0059B002BE6D0E6
S214015FB0069B002BE3D0079B002BE0D00025DFF8E3
S214015FC0808008F10409B54219D34FF48A74FFF7AB
S214015FD093F800F00E03062B2DD1C30501D5FFF76C
S214015FE0BDF8002009B0BDE8F08FFFF785F810F086
S214015FF00E03FAD0022BF8D04105DFD5C4E7FFF730
S21401600075F8A6EB050A8400544528BF544699E85E
S214016010030000238DE80300CDE9054307EB050BDC
S214016020CDF810B0029404AAD8F8003007CA1BF0C5
S21401603098FC2544C7E724FA03F3DA07A6D5C6E792
S214016040BCC503001FB504A800E90E00114601985F
S214016050FFF78CFF70B1FFF721FBBFF34F8F0749A6
S214016060074BCA6802F4E0621343CB60BFF34F8F5D
S21401607000BFFDE705B05DF804FB00BF00ED00E0E2
S2140160800400FA052DE9F0438BB01746DDE9154506
S214016090DDE913269C46DDE91738894621B96FF0FC
S2140160A086000BB0BDE8F083002FF8D00EB9002CA7
S2140160B0F5D1129909B9002AF1D10DB9002BEED10B
S2140160C0B8F1000FEBD0244A944541D10288B2F5CD
S2140160D0105F3DD14288B7EBD20FE0D322F04001EA
S2140160E0802902D0B2F5807FD9D16CB3AE421CD2E2
S2140160F03219954219D29C42D1D8314622462846B9
S21401610024F0BEFE2E4614F00F03C8D1CDE9019748
S214016110CDE90336CDE90543CDE907540993FFF7E9
S214016120B1FC38B16FF09200BBE79C42EBD96FF03F
S2140161308900B6E707AA04A901A8FFF709F90546E9
S214016140FFF7ACFC0543EDD10020C8F80040A8E7F6
S2140161506FF08500A5E700BF004440042DE9F04F2D
S214016160A9B0834617469A460E46DDF8C890DDF874
S214016170D88029B96FF08603184629B0BDE8F08F9C
S214016180002AF7D0B9F1000FF4D0349B002BF1D0E0
S214016190B8F1000FEED00024424B0CAD93E8070097
S2140161A085E807003C22214619A8189424F082FEAF
S2140161B03388728803F4E040B0F5804FDAD03A4E67
S2140161C03A480BEA060646F01066864263D1B2F5F7
S2140161D0807F60D147F2121293425CD10620344A86
S2140161E0BAF11F0FD3680E940B931369126800FB64
S2140161F003F3CDE90C23BDD9339B402BBAD9359B8C
S2140162001F2B4BD909F1010220261292402299F840
S21401621000300F97042B18AFCDE91324CDE9157282
S214016220109611941794A5D1FFF72CFC034600286D
S214016230A2D10B9B15AACDE9086305AB07CA83E873
S214016240070002AB12AA07CA83E80700DDE91001BE
S2140162508DE803000F9B95E80700FFF753F9054605
S214016260FFF71CFC55EA000384D13D46349A20AE64
S2140162702C4603CCB44210605160254602F1080258
S214016280F6D100221146B9540132402AFBD1202210
S214016290C8F8002070E76FF085036DE76FF089039B
S2140162A06AE700BF48C403000000FFF600000209C9
S2140162B05CC40300F0B50E461D468BB0002853D0D3
S2140162C0002951D0002A4FD0002B4DD0048804F469
S2140162D04F43B3F5824F03D06FF085000BB0F0BD8E
S2140162E0E3B224F0FF04B4F5E24FB0F802C0F3D1F4
S2140162F0122B01D0172BEFD10CF10701B2EBD10F06
S2140163004FEAD10733D31D4A04ACBCF5807F07CAD8
S21401631084E80700E0D1122B07D1194B1A691B68D4
S2140163201344CDE90432002306930023CDE9076721
S2140163300993FFF7A7FB0028D0D1124A02AB92E8D7
S214016340030083E803000AAB13E903008DE80300AA
S214016350079B94E807001BF089FA0446FFF79EFBAB
S214016360204307D12F60B9E76FF08600B6E76FF0DC
S2140163708900B3E76FF09200B0E700BF48C403009E
S2140163805CC40300B4C503002DE9F0438FB01D467D
S214016390DDE916C600285CD000295AD0002A58D05C
S2140163A0002B56D0BCF1000F53D0002E51D00388DD
S2140163B003F44F44B4F5824F51D1DCB223F0FF030E
S2140163C0B3F5824F40884AD0122C01D0172C46D103
S2140163D0C31DB2EBD30F4FEAD3083AD34FEA4802B4
S2140163E0571C674538D8B0F5807F38D1122C18BFB6
S2140163F04FF000094FF0000308BF1C4CCDE9081808
S21401640005F1010114BF4C46D4F80C90CDE90B12EE
S2140164100A930D93FFF736FBC0B9CDE9058902ABA8
S21401642008AA07CA83E807000EAB13E903008DE844
S21401643003000B9B94E807001BF037FA0446FFF7AE
S2140164402DFB20430ED104232B7037600FB0BDE81F
S214016450F0836FF08600F9E76FF08900F6E76FF0DA
S2140164608500F3E76FF09200F0E700BF5CC403001D
S2140164702DE9F04389B00E4615461F46DDF84880E3
S21401648020B96FF0860009B0BDE8F0830029F8D086
S214016490002AF6D0B8F1000FF3D0038803F44F4278
S2140164A0B2F5824F02D06FF08500ECE7DAB2122A1D
S2140164B001D0172AF7D123F0FF03B3F5E24F41D1FC
S2140164C04488C8F8004044B9EB00B3F5807FC8F8AB
S2140164D00030E8D1122A0DD108E0E31DB5EBD30F49
S2140164E0CFD1B4F5807FDED1122A29D1354B1C6875
S2140164F01B691C440023194670192C4414F801CD5D
S21401650010F8012D1143B2EB0C020CBF4FF0FF3C0B
S2140165104FF0000C86420CEA030343EA0203EDD176
S2140165200029AED0002BACDA109B9D4246D82A46F5
S2140165303146384624F0C9FC119B00201D60A2E7B5
S2140165400024D7E73378042B9BD16B1EDB005B0856
S214016550B3F5807FC8F80030A5D1122A06F10103F1
S21401656018BF4FF000094FF0400205934FF00003AB
S2140165700ABF144C4C46D4F80C90CDE90623FFF71D
S21401658081FA00287FF47FAFCDF80C90D8F8003060
S2140165900733DB08029308AB13E903008DE8030019
S2140165A0059B94E807001BF02DFA0446FFF776FAE0
S2140165B000287FF468AF002CB6D062E76FF0890040
S2140165C061E700BF5CC403000388B3F5105F0ED11A
S2140165D04388DB08103B102B0CD8084A22FA03F339
S2140165E013F0010F14BF00206FF0860070476FF0A4
S2140165F0850070476FF08600704700BF01010100FB
S2140166002DE9F04F8FB01546DDE918A91E46DDF8D5
S21401661068801C9F09B300B3B8F1000F1DD0E7B125
S214016620BAF1000F02D1B9F1000F16D1274B26F4AB
S2140166307E129A42B0F802B044D1FFF7C5FF044675
S214016640A8BBB5EBDB0F4FEADB0306D316F47C1FC2
S214016650C6F3054504D0102D03D96FF0860426E055
S21401666010251B9A95422AD8CDE901130023102242
S214016670CDE905930DF12809CDE9033ACDE90823C3
S214016680CDF81C90FFF7FEF9044680B907AA04A9C5
S21401669001A8FEF771FE0646FFF700FA044656B952
S2140166A058B92A464946404624F00FFC3D6020462C
S2140166B00FB0BDE8F08F6FF092040025F6E76FF09B
S2140166C08904F4E76FF08504F1E700BF0002C00318
S2140166D02DE9F041069F0C461646054610B309B350
S2140166E002B9FBB96288B3EBD20F4FEAD20819D3CD
S2140166F04C220021284624F0DDFB0D4B27F47E12A8
S2140167009A4212D12046FFF75FFF044638B9424647
S2140167103146281D24F0D9FBC5F824802F60204679
S214016720BDE8F0816FF08604F9E76FF08504F6E7BF
S2140167300002C0032DE9F0410E4614460546002826
S21401674040D000293ED092B10368214823F47E133D
S21401675083423AD1AF6BF7B1C7F1100807F12800B1
S2140167604245284406D2274424F0AFFBAF630020FD
S214016770BDE8F081424624F0A8FB1022103C3C19EB
S214016780AA63F4D0284605F128011BF0E4FA002894
S214016790EED14644A863102C0CD9671E27F00F07CC
S2140167A03A46314628461BF0D6FA0028E0D1E41BCB
S2140167B0DDD03E442246314605F1280024F085FB13
S2140167C0AC63D4E76FF08600D2E76FF08800CFE7BE
S2140167D00002C0032DE9F04388461F4605468BB0EC
S2140167E070B169B163B10368234923F47E1088420E
S2140167F03ED113F47C1FC3F3054604D0102E03D9F3
S2140168006FF086042AE0102696422BD8FFF73AF955
S214016810044618BBAB6B05F12802CDE901236B6A70
S2140168202A1DCDE904231023CDE9083007AB1A460B
S2140168300390069005F13C0901A904A8CDF81C9027
S214016840FEF7BEFD0546FFF729F904466DB928B9DE
S21401685032464946404624F038FB3E6020460BB09F
S214016860BDE8F0836FF08904F8E76FF09204F5E76E
S2140168706FF08504F2E700BF0002C00307B56B4660
S214016880054A1068516803C36846FDF75DFF00209E
S21401689003B05DF804FB00BFC8C5030013B50024B0
S2140168A0064A6846536F43F00103536700948DF818
S2140168B00440FDF781FE204602B010BD00400050A6
S2140168C030B58BB06C46174D0FCD0FC40FCD0FC42E
S2140168D095E8030084E80300134BD3F84C21120318
S2140168E01CD5A3F5FE431C884FF6FF739C4208BFD8
S2140168F08C248DF81940FDF79BFC204480F308009A
S2140169008DF818000948FCF7C9FC6846FDF7B0FB8E
S2140169103220FDF7C5FC00200BB030BDD3F8504146
S214016920E4B2E6E7D0C503000080E00F00F04902BC
S2140169306FF00403502110B50A480B4C13F0800F7A
S21401694003F1010207D12344402A83F800131346BA
S214016950F4D1002010BD03F00F03043B0344197665
S2140169601346EBE700ED00E000E100E010B5044659
S2140169701AF02CFD024B1C601AF02CFD002010BDF5
S214016980881D002010B51AF021FD034B1C681AF073
S21401699021FD204610BD00BF881D0020034B0222AA
S2140169A0186800238068194619F0F4B8200C0020F6
S2140169B030B51446054687B010461BF0A4FA636945
S2140169C0024683423CBFD4E903315B181B1A7BB1F4
S2140169D00F49049403910021CDE90131012300936D
S2140169E02846D4E900131AF0BCFB002007B030BDDE
S2140169F00122627694F82D20002AF6D084F83530EC
S214016A001321E369204698472046636A9847ECE7D6
S214016A10B16901002DE9F04788B004460F461646D5
S214016A2098461AF0DAFC8146002E7AD0237E03F0CF
S214016A30FF02002B00F0A28020461BF064FA656975
S214016A40A84205D1637ED4E9033213445D1B01E0FD
S214016A50F9D9451BB54228BF35461AF0BEFC94F855
S214016A602D308246002B6DD12A463846616924F0C6
S214016A702CFA63692E462B44636121E0037803F008
S214016A80FD0111295BD1216B814205D1A3F11101D1
S214016A904B424B4184F83430013E6369216B01322D
S214016AA08B4203F1010308BF23636361954260696A
S214016AB0E4D1D4E90323216B1344994200D1226324
S214016AC00025D4E9032361691344994208BF626132
S214016AD0207A6576FCF728FE20461BF014FA6369D7
S214016AE0834232D1257694F82D30E568656103B18D
S214016AF025632046636A9847214B04940393002339
S214016B00029323692A46019301230093636821684F
S214016B10207A1AF026FB207AFCF726FE50461AF059
S214016B2062FC4846C8F800601AF05DFCD8F80030F0
S214016B30002B0CBF1B20002008B0BDE8F08707F82B
S214016B40013BAAE72E460022B0E70123207A2376EE
S214016B500DF11E01FCF770FE9DF81E30002BDAD0F9
S214016B600DF11F01207AFCF73FFE9DF81F1000294A
S214016B70D1D12246207AFFF71BFFCCE71646D0E795
S214016B80B1690100002807DB01234109034A00F02F
S214016B901F00834042F82130704700BF00E100E04B
S214016BA0002808DB01224309034900F01F00824048
S214016BB0603341F82320704700E100E070B50446D9
S214016BC00568FFF7DFFE844202D10020FFF7CEFE04
S214016BD095F936603046FFF7E3FF002E0CDB012205
S214016BE01949730906F01F06B240203341F82320E5
S214016BF0BFF34F8FBFF36F8F95F937603046FFF7BE
S214016C00CFFF002E0CDB01220F49730906F01F0689
S214016C10B240203341F82320BFF34F8FBFF36F8F6D
S214016C20287AFCF7C1FD287AFCF724FDFCF700FD65
S214016C3000232846C4E90033C4E90433A360AB6AE1
S214016C40BDE87040184700BF00E100E02DE9F043C1
S214016C500C461546064687B04022002120461F46B0
S214016C6024F028F995E8030000232A692376EB68C7
S214016C7084E80300C4E904232A7DE36084F82C2019
S214016C80AA7D2363012384F8343084F835300E9BC3
S214016C9084F82D2023620F9BE7616362109BA36239
S214016CA02B7A84F836306B7A84F837302D4B346083
S214016CB073602D4BB3602D4B33612D4B73612D4BA0
S214016CC0F360FCF7FDFC38B12B4B984204D010243E
S214016CD0204607B0BDE8F083002104F10800FCF768
S214016CE077FC07460028F2D14FF00108234B3362A8
S214016CF0234B84F83C80B361224BF3619DF8483006
S214016D0084F8390084F83B309DF84430204684F8F6
S214016D103A30697D84F838801BF005F995F90990B9
S214016D204846FFF73DFF4846FFF72CFF164B0494F5
S214016D30CDE902732369CDE900836368E2682168BF
S214016D40207A1AF00EFA04460028C0D195F90850A8
S214016D502846FFF725FF2846FFF714FF3046FFF7C2
S214016D6005FEB5E7771F0300156A0100F51E03004F
S214016D70FB1E0300BD6B0100038000F0CF1E030065
S214016D80271F0300011F0300B16901002DE9F0412F
S214016D9001271C46584B86B00293584B0C9D019315
S214016DA0574B904600930A46CDE903772946554B43
S214016DB0FFF74CFF0646002840F0968023683946C8
S214016DC02B6463683A206B64637A85F84930237ACA
S214016DD085F84830E37A85F84B30A37A85F84A304F
S214016DE0637B85F84D30237B85F84C30E37B85F853
S214016DF04F30A37B85F84E30FDF736F83B4604222C
S214016E00617A207AFDF734FD3B460222E17AA07AC8
S214016E10FDF72EFD39466068FDF726F888F8006014
S214016E2041462068FDF78AFF1422637C5B0103F16B
S214016E30A04303F57033C3F81C26617A227A42EA2E
S214016E400142C3F83426E17AA27A42EA0142C3F843
S214016E502C2685F8506098F81930032B4AD8DFE8BD
S214016E6003F03447021C022385F850300023042225
S214016E70E17BA07BFDF7FCFC022741F21C61627CF2
S214016E80214B03EB42104750E07BA17BB13241EA34
S214016E90004103EB4213996017E0012785F8503053
S214016EA002220023617B207BFDF7E2FC637B227BD1
S214016EB0617C42EA0342154B49015A500422236879
S214016EC003F58053DA65002FD0D1237A2A6C85F832
S214016ED04830637A052185F84930D36C206843F041
S214016EE00403D3641AF0A2FA304606B0BDE8F08176
S214016EF00027D3E72326F7E7A52003009920030000
S214016F00312103002521030000C0035024D603507D
S214016F10BFF35F8F074B5A6A22F480325A62D3F866
S214016F20942022F00102C3F89420BFF34F8FBFF3E1
S214016F306F8F704700ED00E070B52948294CFFF7C8
S214016F40E7FF8442284D294919D1D5F8C03023F0EE
S214016F50FF0343F0A003C5F8C0304FF080430A6832
S214016F60214D234EC5F8982043F001030132844297
S214016F70C5F89C60C5F8A0300A601ED00DE0D5F8B3
S214016F80C02020F01F03203B22F0FF0242F0A002A7
S214016F90B3F1005FC5F8C020E1D2164B0A6812486B
S214016FA023F01F0343F00303C0F89820C0F89C3079
S214016FB0114B0132C0F8A0300A60BFF35F8F052283
S214016FC0094BC3F894205A6A42F480325A62BFF3DE
S214016FD04F8FBFF36F8FBFF34F8FBFF36F8F70BDB0
S214016FE0400D0020180F002000ED00E08C1D002051
S214016FF003000020370F0020E1FFFF3FF8B51446DD
S214017000FFF786FF1F2C27D90027C2062A4D1CBF73
S21401701020F01F0020302A68CB06284B18BF21F02D
S2140170201F01FCB2A2422BD8D3F8C04020F01F00AB
S21401703024F47F4444F4807421F01F01C3F8C04057
S21401704040F00300C3F8982041F003010132C3F871
S2140170509C00C3F8A0102A600020BFF35F8F0522B2
S214017060164BC3F894205A6A42F480325A62BFF330
S2140170704F8FBFF36F8FBFF34F8FBFF36F8FF8BD87
S214017080C3F89840D3F89C40D3F8A06024F01F04BE
S214017090A04226F01F0601D1B142DDD0B04201D890
S2140170A0A14207D2D3F89840013724F0FF04C3F871
S2140170B09840B6E72820D0E78C1D002000ED00E0C0
S2140170C0BFF34F8F0549064BCA6802F4E0621343CB
S2140170D0CB60BFF34F8F00BFFDE700BF00ED00E0C0
S2140170E00400FA05054B1A782AB95B78002B0CBF09
S2140170F00320022070470120704700BF7E2B00202E
S2140171000329F8B598BF124B05460E468CBF0024DE
S2140171105C5C032805D8DFE800F002080B0E44F09B
S21401712002040C4B1F684FB9F8BD44F00804F8E799
S21401713044F02004F5E744F08004F2E77B681A681F
S214017140144203D0314628465B6898473F68EAE711
S214017150F8C50300BC1D002038B5104D2B78ABB127
S2140171600F4C23781BB100F0B7FB002323700020DF
S2140171701BF047F80B4C50B100F000FC0023012136
S21401718020782B70FFF7BCFF0123237038BD012246
S214017190054B1A702278054B1A70F7E7792B0020F9
S2140171A0772B0020802B00207A2B00207B2B0020C1
S2140171B010B51AF00BF9064B04461B781BB1BDE857
S2140171C010401AF007B9FFF7C7FF2046F7E700BFE0
S2140171D0762B0020094A137830B101331370084B1F
S2140171E01B78012B03D87047013B13707047054B82
S2140171F01B780BB9FFF7B0BF704700BF7E2B00208E
S214017200802B00207A2B002070B51AF0DFF8124E82
S214017210054633789BB900F0EDFC044620B12846BC
S2140172201AF0D8F8204670BD0C4819F0DFFE00F0C1
S21401723089FF0B4B1C6000F0A9FD0A4B186000F09B
S2140172402BFA1AF0E0FF084B0024186001232846A9
S21401725033701AF0BFF8E5E7812B0020BC1D002033
S214017260901D0020B81D0020941D00202DE9F84334
S214017270284A0138135C39B1274F01333978135442
S214017280012904D8BDE8F883013B1354FAE7FFF758
S21401729029FF0128044635D81AF098F8DFF88480CB
S2140172A0054698F8003013B31C4E33781BB90122FB
S2140172B032701B4A1370DFF8709099F8003023B1D2
S2140172C000F00AFB002389F8003028461AF082F8FD
S2140172D001201AF096FF1AF079F8337805461BB1AB
S2140172E000F04CFB00233370002388F8003028465A
S2140172F01AF070F83878A042C4D02146FFF700FF94
S2140173003C70BFE70329F5D10228F3D11AF07FFFBD
S214017310F0E700BF7E2B0020802B0020762B00207C
S2140173207A2B0020792B0020772B002010B50446FD
S2140173301AF04CF8002C0CBFFF210121064A1378E5
S2140173400B44DBB21370B3FA83F3BDE81040034A73
S2140173505B0913701AF03EB87D2B00207C2B0020B1
S21401736038B51AF033F8094B05461B78012B04D8BB
S2140173701AF030F80024204638BD054B1C6800F092
S21401738047FB044428461AF025F8F4E7802B002032
S214017390901D002038B5416004461AF017F80546DE
S2140173A02146044819F025FE2846BDE838401AF063
S2140173B011B800BFBC1D0020054B1B685843054B88
S2140173C000F5742000F23F20B0FBF3F0704700BFD9
S2140173D0B81D002040420F002DE9F04F85B0EFF3B5
S2140173E0108772B6AFF3008019F0A5FD00286FD0A4
S2140173F0804EDFF82C82337823B10020FFF7EAFEB7
S21401740000233370FFF76EFE0446002867D0841E03
S214017410E4B2012C6AD9FFF765FE01280546764CD1
S214017420DFF8009200F28C802078854240F0C6801A
S214017430207800F0D7FA99F8003013B16F4B1B781B
S2140174402370AFF3008007B962B6EFF3108772B608
S2140174506B4B1A7852B100221A70684B20781B7851
S214017460984203D101212170FFF74AFE654800F0DA
S214017470FBFB19F06FFD05460028BCD1624BDFF817
S2140174809481187098F80030ABB189F80000DFF8E5
S2140174908C9199F800301BB100F01EFA89F8005063
S2140174A000201AF0AEFE002800F09B8000F066FA7D
S2140174B0002388F80030337823B10020FFF78AFED6
S2140174C00023337000212078FFF71AFE0023237073
S2140174D0AFF3008007B962B605B0BDE8F08F337828
S2140174E0002B98D0FFF776FE347094E7002003A9AE
S2140174F000F008FC044600288DD1D8F80030039A25
S2140175009A4205D80120FFF765FE0123337082E712
S2140175103E4B1D6800F07CFA039B05449D42F1D268
S21401752000F08EFA8200039942F0020292B2CDE98F
S21401753000422346364A491B32481AF069FE6AE77A
S214017540344BDFF8C4A093F800B0BBF1000F25D18F
S21401755000F046F92078854230D19AF800307BB9A0
S2140175602C4D2B78002B7FF463AF2B4B1B7823B964
S21401757000F0ACF90122294B1A7001232B7057E752
S214017580022DEDD18AF800B015E02378022B25D123
S21401759000238AF8003023F024F91FE02078854282
S2140175A00CD19AF80030002B3FF442AF022DD7D110
S2140175B000238AF8003023F014F9D1E70023DFF81E
S2140175C048A08AF8003099F8003013B92946FFF729
S2140175D097FD9AF800302570002BD6D1012DBFD823
S2140175E026E7012000F0FEF907B962B6EFF310872F
S2140175F072B655E7782B0020802B00207B2B0020CD
S214017600742B0020981D00207C2B0020901D00204C
S214017610B1710100792B00207D2B0020772B0020F3
S214017620941D00207A2B002010B519F0CFFE002201
S214017630044B1C781A7019F0CDFE00F0C9FC2043EB
S214017640C0B210BD752B002073B5114E04463378B9
S21401765083420FD04FF400730E4DADF8043058B18D
S21401766001A8FCF745FF4020FFF7A6FE2B68181A75
S2140176702860347002B070BD8DF8050001A8FCF7D3
S21401768037FF4020FFF798FE2B681844F0E700BF4D
S214017690260D0020F41D002073B5002401A88DF8E6
S2140176A00440FCF7EBFF2046FFF7CEFF404A414976
S2140176B0136F414803F007030B60D2F800113F4DEA
S2140176C001F0030101604FF400203D49032B486699
S2140176D04FF40030486601F598318969C1F34001DD
S2140176E029705DD0D2F8203103F00303981E43427F
S2140176F04341D2F82421334C02F00702022A08BF84
S21401770043F001034FF4C8702370FFF755FE0022C3
S2140177102D4B2E4918602E4E0B680132D2B20A2A22
S21401772046F8040BF9D1034400EBC00003440B6098
S2140177302B78284D63B323781D4A3BB9D2F8003124
S21401774003F00303591E4B424B412370D2F800311C
S21401775003F00303022B25D0032B26D0012B17D1D0
S214017760FBF796FD024698B11B4B1C4EDC680023C6
S2140177701946C4F30B04013404EB84040138E4FB1A
S214017780060117F003FFFFF717FE2B6803442B6073
S2140177901F20FFF711FE2B6803442B6002B070BD5B
S2140177A00123A6E7FBF78EFDDCE719F017FCD9E706
S2140177B000800050F81D0020FC1D0020852B0020B5
S2140177C000900050862B0020C01D0020C41D002004
S2140177D0C81D0020F41D002000C0015040420F00CB
S2140177E0074A0849D2F8203103F003030B60D2F8A8
S2140177F02431054A03F00703136019F0F9BD00BFF1
S21401780000800050041E0020001E002008B5104B0A
S2140178101A78C2B100221A700E4B1A6F22F00702B4
S21401782042F001021A67D3F8202142F00302C3F89E
S2140178302021D3F8242122F0070242F00302C3F8E4
S2140178402421FBF70FFD0122034B5A6708BD00BF39
S214017850842B00200080005000E000500122154BD0
S21401786010B55A67144B154C1B7813B302201AF047
S21401787074FDF0B100F076FAD8B1A36DD90302D544
S214017880E36D9A0715D40D4B9B6DDB0711D40122CE
S2140178900B4B1A701AF040FDBDE81040094B0A4A1E
S2140178A01860136F23F0070343F003031367FBF716
S2140178B0D9BC10BD00D00050862B002000C000505F
S2140178C0832B0020F01D0020008000500122014B78
S2140178D01A707047842B0020F8B51F4B1B78002BBD
S2140178E039D01E4C2378B3B91D4B9A6DD10302D5FE
S2140178F0DA6D92072FD49B6DDB072CD41AF00CFDA2
S214017900184B194A1860136F23F0070343F003035B
S2140179101367FBF7A7FC1AF0FFFC124B134D1B680D
S214017920134EC01A2B78134F56F8232046F823001F
S214017930111A3A681048521A0A213A600932B2FB03
S214017940F1F20133DBB20260B3FBF1F201FB123359
S2140179502B7000232370F8BD862B0020832B00207C
S21401796000C00050F01D002000800050822B002037
S214017970C81D0020C41D0020C01D002008B519F038
S2140179803AFD124B12491A6F096822F007020A43A0
S2140179901A671049D3F82021096822F003020A4326
S2140179A0C3F820210C49D3F82421096822F00702E4
S2140179B00A43C3F82421094B1B7813B10122084B53
S2140179C09A62BDE80840FBF74DBC00BF008000503E
S2140179D0F81D0020041E0020001E0020862B00201B
S2140179E000E0005002280AD003280BD001280CD151
S2140179F0064A136923F00403136130BF7047002061
S214017A00FCF782BD0020FCF7ADBD704700ED00E03D
S214017A10054B187818B1054B186800EBD000044BDD
S214017A201B681844704700BF862B0020C01D00202D
S214017A30F41D00200122014B1A707047862B00208E
S214017A40014B1878704700BF862B002038B51AF016
S214017A5071FC0025084B094C1A682368C31A2AB121
S214017A6023B15169994203D3C91A5161206038BDC7
S214017A7055615B1A9268F2E7101E00200C1E00206A
S214017A80C38870B504460D463BB9FFF769FC8542CD
S214017A90064602D21AF0A9FB35460E4965610B6807
S214017AA08BB90C60A3600DE0AD1A9A681846656143
S214017AB06AB113465A69AA42F6D930B18460521B9C
S214017AC0A3605A6170BD0020F4E70C60F7E79C6084
S214017AD0A260F7E7101E002038B5134D2B685B69CE
S214017AE093B1124A022014681C441AF02AFC20465C
S214017AF000F0BCFA00230E492A680B70D088800774
S214017B0009D501230B7038BD02201AF01AFC022099
S214017B1000F0F6FAEEE79268002AF4D050690344C2
S214017B20012BEBD9EFE700BF101E00200C1E002032
S214017B30882B002070B516469DF81420C0E9033640
S214017B400271049ABDF818300260002204460D4600
S214017B508260C380EEB91AF0EDFB2844A0619DB1A6
S214017B602E4619F033FC0546FFF770FF31462046D6
S214017B70FFF786FF104B1B68A34201D1FFF7ACFF4E
S214017B80284619F027FC02E0E36865617BB900200E
S214017B9070BD1AF0CFFB3044A061002DE0D1E36840
S214017BA06561002BDDD0204621689847D9E720463D
S214017BB021689847EBE700BF101E002000220C4901
S214017BC00B687BB183420AD183687AB1936083687C
S214017BD01BB15A6941690A445A61002070471A4626
S214017BE09B68EEE70028EFD0022070470B60EEE7B7
S214017BF0101E002070B519F0F0FB144E05463478BF
S214017C00FCB9134B1C60134B1C60134B1C8000F01B
S214017C10EBF901201AF095FB1AF0AEFB0F4B02466A
S214017C20186020B9284619F0DEFB232070BD2346D4
S214017C3040F2E7310A4817F0A9FC0A4B1860012305
S214017C403370284619F0CFFB0020EFE7892B002080
S214017C50101E00200C1E0020F42A0020141E0020F6
S214017C6018FCFFFF081E002070B5044640B319F04B
S214017C70ADFB144E0546FFF7E9FE3068A04209D079
S214017C802046FFF79BFF0446B0B1284619F0A2FB39
S214017C90204670BDFFF792FF04460028F5D13368F1
S214017CA03BB9022000F014FA284619F093FB002491
S214017CB0EEE7FFF711FFF7E73368002BF4D1F0E7A3
S214017CC02224E5E7101E002038B50C460546A8B16B
S214017CD0A1B100230B7019F080FB0121084B1B6832
S214017CE033B919F080FB002038BD9D4204D12170C4
S214017CF02278002AF9D0F4E79B68F1E72220F3E71F
S214017D00101E0020F8B506460F4619F066FB002542
S214017D100446124B1B6823B9204619F064FB1B204E
S214017D2011E05A691544DA88B2420DD11AF002FB05
S214017D300B4E3368C01AA8420AD3002320463B6084
S214017D4019F051FB0020F8BDFF2EEFD09B68E2E74B
S214017D501AF0F0FA33682B441B1AEFE7101E0020C6
S214017D600C1E002008B5074B187848B11AF0D4FA53
S214017D70054B1B689B69C01A02288CBF0020012096
S214017D8008BD00BF882B0020101E0020014B18687C
S214017D90704700BF141E0020F8B50C4B05461B6843
S214017DA00E4683420FD3002440F2E7302146084BAB
S214017DB04FF47A721F680023E5FB070117F0E6FB14
S214017DC030602046F8BD2120FCE700BF081E0020D9
S214017DD0141E0020F0B51F46002387B00C46164639
S214017DE005468DF8133050B30DF11301FFF76CFF04
S214017DF09DF813302BBB204605A9FFF7CDFFE0B950
S214017E00114BE8831B6828465C434FF47A73B4FB36
S214017E10F3F203FB1244191B89B2994208BF0021F1
S214017E20BDF83430A983059A02939DF83030114687
S214017E30CDE900733346FFF77DFE07B0F0BD222083
S214017E40FBE70220F9E700BF141E0020014B18686B
S214017E50704700BF081E00200F4B10B51A689AB174
S214017E604FF47A71531E1342A0FB01010ED1B2FAF0
S214017E7082F2C2F11F04531CD243E04001FA03F31D
S214017E80184321FA02F20243104610BD002317F0F0
S214017E907DFB0246F8E700BF141E0020C2072DE94D
S214017EA0F04704460BD5474A138801339BB213802B
S214017EB0FFF7CCFD444B1B680BB1FFF70DFEA30784
S214017EC07ED519F08AFA4FF0000905464E46FFF7AF
S214017ED0BDFDC8463C4F3C680CB163698BB10022BE
S214017EE03A4B012E1A7003D119F0020F18BF1E70FB
S214017EF0002C61D0FFF7F0FD2846BDE8F04719F0E9
S214017F0072BA23465A693AB91A792179914288BFD9
S214017F101C469B68002BF5D1284619F064FA2569A2
S214017F20DDB11AF007FAA269A0EB02094FEAE9737C
S214017F304D4578EB030311DA23691344A361E36823
S214017F40B4F80690013613B120462168984719F017
S214017F5044FA0546FFF77AFDBDE7A94619F03DFA52
S214017F6082462046FFF72AFE504619F03CFA23695E
S214017F70002BE4D0A38BB5EB090533B1E28B134498
S214017F809BB2B3F57A7F0FD2E38319F026FA8146C6
S214017F9029462046FFF774FDA36922694846134423
S214017FA0A36119F020FACAE7A3F57A73E383A369FC
S214017FB0013D013BA361E8E7022000F089F89BE759
S214017FC0BDE8F087F42A0020101E0020872B002031
S214017FD010B519F002FA034B1C7819F004FA204682
S214017FE010BD00BF872B00201FB500241C4B0121AC
S214017FF018689A880290D3F806009B7A00903E2073
S214018000ADF80C208DF80430FBF72EFF02A88DF892
S21401801008408DF80C40FCF7EBFD694601208DF811
S2140180200040FCF7A1FD4FF0B04240F2FF319369EA
S21401803023F47F7323F0030393610A4B5961936A18
S21401804013F00803FBD113620120FCF7A7FD4FF4E0
S2140180508052054BC3F880211A6004B010BD00BFE2
S214018060FCC503000020005800E100E010B50446FE
S21401807019F0ACF94FF0B042936A1907FCD4136AB1
S214018080116C5269520604D4CA1A032A01D89942BD
S2140180900ED1E21A022A98BFDC1CB4F1FF3F38BFAA
S2140180A0013C4FF0B0431C649A6942F040029A6169
S2140180B019F090F9054A13783BB14FF0B041CB6BFC
S2140180C043F00203CB630023137010BD270D00207D
S2140180D0820700F001030AD50121084A43F0400354
S2140180E011704FF0B041CA6B22F00302CA634FF021
S2140180F0B0418A6922EA03038B617047270D00208D
S214018100830742BF4022014B5A6170470010005856
S21401811010B519F062F94FF0B04304465B695A0690
S214018120074A03F0010003F0510348BF40F0020084
S2140181305361FFF7B3FE2046BDE8104019F053B96E
S214018140002000580A4B10B5D3F8403203F0030361
S214018150013B012B0BD819F039F904460121022005
S214018160FFF784F82046BDE8104019F033B910BD7A
S21401817000800050024A0349034806F0BDBD00BF17
S21401818008C603002CC6030074C6030010B50A46D1
S214018190044619B1024B00211B68984710BD00BF69
S2140181A0180B00200E4B0340B3F1607F06D1B1F5EA
S2140181B0885F14BF6FF0860000207047B3F1707FB0
S2140181C00BD101F4E043B3F5005F06D111F4E06F83
S2140181D00CBF6FF08600002070476FF08600704776
S2140181E00000C07F8A42F8B506460C4600F0DB80E8
S2140181F06F4922F4FF7323F001038B420ED06D4BBF
S21401820022F0FF01994209D06B4822F47F7323F0D4
S2140182100303834202D0694B994228D1684B24F06C
S214018220FF0199420FD114F0FF000BD0654B40F0CF
S2140182300070984240F0B98082EA0400FF288CBFA3
S21401824000200120F8BD5B4B9942ECD0A3F5885382
S2140182509942E8D024F4FF7323F00103B3F1062F0B
S214018260E1D056488142DED053498B42DBD004F040
S214018270FE43B3F1A06F14D102F0FE43B3F1A06F39
S21401828040F0938082EA040333F47E1340F08D803D
S21401829014F40040D6D0C4F30540C2F30542904220
S2140182A0CDE7B3F1407F6AD102F0FE43B3F1407FE0
S2140182B07BD182EA040535F47E1576D13146204617
S2140182C0FFF770FF002870D13F4B12F47C1703EACA
S2140182D002031BD0B3F1607FC2F305473FD13B4990
S2140182E0D3B243F000738B423DD003F17E43043B8F
S2140182F00F2B01D83649CD5C14F47C1FC4F305431B
S21401830033D1BD4214BF002001209BE7B3F1607F4B
S2140183100DD12E49D3B243F000738B421DD003F129
S2140183207E43043B0F2BDAD82A49CF5CD7E7B3F15B
S214018330707FE1D106F4E043B3F5005F03D1012776
S214018340C6F302239F4006F4E043B3F5005FD3D1A2
S2140183500125C6F302218D40CEE71027BFE7B3F112
S214018360707FC9D1EFE71025C6E712F47C1F01D153
S214018370AB4218D022047FF565AFBB425FE7B3F18D
S214018380106F12D124F01F6020F4702068B902F03B
S214018390FE43B3F1106F7FF455AF0F48104040F025
S2140183A01060A042AEE701204CE700204AE700BF7C
S2140183B0000200060013000600040006000900067D
S2140183C000030006FF0000020000C07F0300000259
S2140183D0A2C60300A2C603000000FFF62DE9F8437B
S2140183E01746002288461C4600F05AFA054688BB06
S2140183F0D8F80060B6F8009009F4E043B3F5804F72
S214018400F36808BF27F0010737EA03031AD10CB354
S214018410254B24F0FF029A421FD114F0FF0304D02B
S214018420224A43F00073934232D0224648463169CD
S214018430FFF7D8FE074668B9224648467169FFF736
S214018440D1FE70BB6FF0840500233046C8F80030BB
S2140184501AF052FE2846BDE8F883154B9A42DCD046
S214018460A3F588539A42D8D024F4FF7323F001036E
S214018470B3F1062FD1D00F498A42CED00E4A93428D
S214018480CBD004F0FE43B3F1407F04D12304CCD516
S2140184906FF08605D8E7B3F1A06FF7D0034B9C4287
S2140184A0C2E73D46D6E700BF00030006FF00000214
S2140184B000130006000900060004000638B500F0A7
S2140184C0FE43B3F1407F04460D4602D06FF08600AE
S2140184D038BDFFF767FE0028FAD114F47C1F12D0CE
S2140184E0C4F30543032B137022D9284A2240B2F164
S2140184F0607F3DD1264AE4B244F0007494422BD109
S214018500102BE5D9E2E7214B2340B3F1607F15D16B
S2140185101F49E3B243F000738B4202D1102313705C
S214018520D6E703F17E43043B0F2B04D900231370D7
S2140185306FF08500CCE71749CB5CD3E7B3F1707FCA
S214018540F4D101F4E043B3F5005FEFD10123C1F3A9
S21401855002218B40DBB2C5E704F17E44043C0F2CBC
S214018560B4D80D4A125D9342B0D8142BB0D9DFE7C8
S214018570B2F1707FAAD105F4E042B2F5005FA5D151
S2140185800122C5F30225AA40EDE700BF0000C07F27
S21401859003000002A2C60300A2C6030037B50B4DB6
S2140185A00C462B787BB100230A460193014601ABAA
S2140185B0281D19F001FC20B9019BA34218BF6FF0DA
S2140185C0930003B030BD6FF08800FAE7181E002054
S2140185D02DE9F04F9B460023924601F0FE4297B0EC
S2140185E0B2F1806F0E46DDE92078DDF888900893B9
S2140185F005D018461AF080FD6FF086043CE00B4665
S2140186004FF4807208A9FFF7E9FE044618B10898EE
S2140186101AF072FD30E0DDF820C00DAC6546CDE9FC
S21401862014000FCD0FC495E80700BCF8003084E8AD
S214018630070003F4E042B2F5005F20D113F4E06FC7
S214018640C3F302211BD0384826F4807282420AD036
S21401865000F50070864206D03448864203D0A0F565
S2140186603F4082420BD101258D40102D12D9604624
S2140186701AF042FD6FF083042646002548E042F2D8
S2140186800402934202D12A4B9E420BD0294B9E42B2
S21401869044D10D25A84507D260461AF02DFD6FF08E
S2140186A08904E9E70C25F5E7294609A8FFF776FFCF
S2140186B004460028ABD10898D0E9091287B307EB26
S2140186C0050C0E9CA8EB0503240A93D10DF1240892
S2140186D0CDE90539CDE903BC3346CDE9015ACDF8DC
S2140186E000800DA8FDF7CEFC044614F1860F08980D
S2140186F08ED01AF001FD0646002CBDD190B925B1E9
S2140187002A464146384622F0E0FBD9F800301D449F
S2140187103046C9F8005017B0BDE8F08F0025CAE70B
S214018720BC46CEE70446A7E70010C00400FF40049D
S214018730000180040013C00408B500F05FF8064B82
S2140187405A7812B10022C3E90122BDE808400C2183
S2140187500148FFF71BBD00BF181E002070B50C4D69
S2140187602B7873B919F026FB044668B90223012653
S214018770C5E90100AE706B7000F038F8044618B910
S2140187802E700024204670BDFFF7D6FFFAE700BF23
S214018790181E002000F100420332022A38B50446B2
S2140187A00D4609D82C21104B01FB02339A688242F0
S2140187B011D06FF08B0010E001211AF04FFC78B158
S2140187C0094B9A68944206D05A6B944206D01A6EA8
S2140187D09442EED1583300202B6038BD2C33FAE793
S2140187E06FF08700F9E700BF241E00200122024B2C
S2140187F0002083F884207047241E002070B5094CA1
S21401880000252646042120461AF039FC013520466B
S21401881019F0D7FF032D04F12C04F3D1002386F8B9
S214018820843070BD241E0020F8B51B4C064694F813
S21401883084300F464BB300252346294693F8200083
S2140188401A46B8B125B91A7912B1022808BF1D46D1
S2140188500131032903F12C03F0D115B96FF08C0017
S21401886015E0042128461AF00AFC68B9284619F0D2
S214018870A8FF2A460020094B141BA4105C4304F1F0
S2140188800044033C34603A60F8BD6FF08800002372
S2140188903B603360F8E700BF241E0020A38B2EBA8E
S2140188A02DE9FF4100230B60394B804693F8843055
S2140188B00D461646002B68D0FFF76CFF0446A0B99C
S2140188C02EB9286804B0BDE8F0411AF002BC012EAA
S2140188D004D00024204604B0BDE8F08105212868B4
S2140188E004B0BDE8F0411AF0CABB10F18C0FF1D10B
S2140188F0294601A8FFF798FF04460028EAD101237C
S2140189002F68CDE90200C7F8088038467B6003AAC5
S21401891002A91AF09CFC044688B1DDE902011AF0AE
S21401892094FC2D68042128461AF0A9FB284619F064
S21401893048FF14F18C0F08BF6FF08704CAE7DDE922
S2140189400212384619F0C8FE0446DDE902011AF0A3
S2140189507CFC002CE5D1022138461AF090FB044637
S2140189600028DED12868C368D90444BF43F4806375
S214018970C360C3689A0444BF43F40063C360002E17
S214018980A0D0012EA5D10521AAE76FF08804A1E7A2
S214018990241E002030B40D4D2C681C606C685C6091
S2140189A000249C605468DC6014881C8254885C82B5
S2140189B0D4685C6114699C61526930BCDA611962E1
S2140189C00A46014603F1240022F07FBAB2C603002C
S2140189D02DE9F843232904460F4691469846089EFA
S2140189E004D86FF098052846BDE8F883082219498F
S2140189F022F036FA05460028F3D1A368002BF0D101
S214018A00216A243F8F42C8F80010EAD3B1F5005F0F
S214018A10E7D271B9C9F80000E3687360238A33802E
S214018A20638A73806369F360A3693361E369736181
S214018A30D9E7012019F0D9FCC9F8000030B1D8F8FF
S214018A40002004F1240122F040FAE5E76FF08C05DE
S214018A50C9E700BFB2C60300F7B505466B46164622
S214018A60164A0C461068516803C395F82A30083335
S214018A706B4413F8087CAB8DDA0609D433462246DC
S214018A80394628461AF06DFC00F5FA7003B0F0BDC1
S214018A90204622F0FDFDAB8D00F10A049B074FEA4C
S214018AA0C40405D0304622F0F3FD04F50C740444EA
S214018AB0E823781E584304FB0700E5E7BAC603001F
S214018AC09022174B10B51C68002102FB004420467B
S214018AD022F0F0F9134B04F108001B680021DB7843
S214018AE063761BF0EFFC4FF40063E38423850723D2
S214018AF084F82A301323FF22A385236A84F82420CE
S214018B0043F01303236284F85420074B074A204698
S214018B10C4E91C32C4E92032BDE810401AF04CBC4E
S214018B20AC1E002080200020D6BE898E55555500EB
S214018B30F0B5104B02461E6893F804C035464FF058
S214018B40FF3400239C4508DC91B1631C10D09023B0
S214018B5003FB046080F82420F0BD95F824702846B5
S214018B609742F9D0FF2F08BF1C4690350133E9E73D
S214018B700020F1E7AC1E002070B50446234D002806
S214018B8042D0083001F02EFD0026FF2304F14000FC
S214018B9084F82430E66122F0F6FC04F1440022F069
S214018BA0F2FC04F1480022F0EEFC04F14C0022F045
S214018BB0EAFC04F1500022F0E6FC2868144B201A67
S214018BC000115843C0B21AF0C3FB014630461AF0F2
S214018BD0BAFBE06E10B100F037FEE666606E18B1C3
S214018BE01AF0C9FB00236366A06E1AF0C0FB0023CF
S214018BF0A36670BD286806FB0400FFF7BDFF0134BD
S214018C002B79A342F6DCF4E79026F9E7AC1E0020A8
S214018C10398EE338F7B504461DF0E5F8C0F30F23A7
S214018C20542B3ED9AA2B34BF01230223C0B27E287F
S214018C308CBF0222012203218DF804301344B3FBBA
S214018C40F1F000EB40001B1A8DF805301344B3FB1E
S214018C50F1F202EB42029B1A8DF806300023184609
S214018C601D461A46104901AF4B7517F8016B44FAB9
S214018C7006FC1CF0010F06D053009E400123304332
S214018C800132C0B2D2B20135EDB2032DEDD103B13E
S214018C9048754B7D43EA82134B75FF230B7503B072
S214018CA0F0BD0023C2E700BFAC1E0020064B1B68C8
S214018CB0D97ADA78437E5B1A9342A8BFDAB20021EA
S214018CC042761AF0B5BB00BF80200020B0F86230B3
S214018CD02BB9836813F4601F08BFA0F8623011B186
S214018CE0012911D070474369417E23F01003436187
S214018CF0064B1A68D37A92780B449342D8BFDAB2FD
S214018D00012142761AF094BBFFF7D0BF80200020E5
S214018D102DE9F0410025344E8AB03379AB4203DCAD
S214018D2001200AB0BDE8F0819023346803FB0544B6
S214018D3094F82430FF2B0DD0236A980106D504F150
S214018D405008404622F09CFC074628B9226A12F0D9
S214018D50A06F1ED10135E0E7BB7908A90C333B446F
S214018D60D8689A7A1B8AC2F38012ADF824300023A1
S214018D708DF81F2008901A460DF11F001AF002FB0D
S214018D8038469DF81F2094F8241008AB1BF02BFCE6
S214018D90D7E7A38D1D2B18D13C23FF210020CDE959
S214018DA00431CDE902000121CDE9000004F12E03D2
S214018DB0C2F380221BF0F2FE0028B2D04FF0A06171
S214018DC004F120001AF09DFAC4E712F0807F08BF74
S214018DD03C214FF0000218BF432194F8393094F833
S214018DE024001BF081FDE7E7AC1E00202DE9F041D1
S214018DF01F46C36904460D4616468BB169B918F07D
S214018E00ECFA06462946A06E1AF0ADFA2046294627
S214018E101AF0F7FA304618F0E6FA0020BDE8F081BD
S214018E200029FAD0036A03F01203022B00F0BA807D
S214018E30236ADD0700F1BE8094F82430FE2B0CD1A6
S214018E4004F1550001F0F2FE01F0E8FE28B14FF4FE
S214018E50800104F120001AF04CFA256A614B2B4080
S214018E60B3F5807F00F0B980A8052FD5C5F380251E
S214018E7004F12E080022414628461AF089FA0021FC
S214018E8084F854001AF095FA4146002228461AF052
S214018E9084FAA18D20B194F95400002880F29680BE
S214018EA04FF4007104F120001AF02BFAA28D02F0A3
S214018EB00302012A0AD1414628461AF06EFA28B161
S214018EC04FF4006104F120001AF013FA236AD90660
S214018ED000F18180D4E910122046FFF7BDFD012F75
S214018EE00ED040F27123E28C5A43904208D9228D6B
S214018EF05A43904273D800F51C70B0FBF3F0E0843F
S214018F00394BE361002384F83930236AE168B4F809
S214018F10625023F4803284F83870226221613DB9B0
S214018F2013F0100F0CBFC8253C25257605F2B315A6
S214018F304EB140F27121238D42F48032C3EB061309
S214018F404B432262E363236A43F400232362274BE5
S214018F501B68DB78637618F040FA6369074643F0CE
S214018F60100304F10800294663611BF0ABFA0120E7
S214018F7003F0AEFB28B963691A075CBF43F004032C
S214018F80636126B11CF06BFFE36B0344E363204689
S214018F9003F0A8FB384618F026FA0121A06E1AF055
S214018FA0E2F93AE7406C22F073FB00287FF440AF09
S214018FB00C2033E7E36E002B7FF43EAF00F0EEFBB0
S214018FC0E06600287FF438AF092027E701F00101A9
S214018FD01AF0EFF96AE7064B93E712201EE74520E1
S214018FE01CE700BF000140002B3303008020002057
S214018FF02991010070B500249026094D2B79A342D2
S21401900000DC70BD286806FB040090F82430FF2BB6
S21401901004D000231A461946FFF7E8FE0134EDE7AF
S214019020AC1E00202DE9F04F91F806B08DB00BF183
S2140190300C0B04460E46012201EB0B050DF1270031
S2140190400AA91AF0B0F9824668B19DF827100AAF4E
S214019050384600F041FC60B1304617F037FD00207D
S2140190600DB0BDE8F08FA97A05F10C07C1F38011A8
S214019070EEE7E36EE06695F807900793236A4846A5
S214019080298956F80BB003F0100804F08DFD8344CF
S214019090B8F1000F39D1A9F10303012B94BF0323C3
S2140190A0022340F271225B0002FB03B21D4B1B68D8
S2140190B05B79637605F11803BAF1000F27D09DF8A6
S2140190C0271094F824E0B8F1000F24D04FF0010CDB
S2140190D0A87AC0F3401095F90550CDE902E0CDE934
S2140190E00071CDE904C50121079800F06BFCB8F1C9
S2140190F0000F05D01CF05AFE012120461AF081F916
S214019100304617F0E3FC0120AAE70123C9E7A97A54
S214019110C1F38011D5E794F88FC001200CF00F0C35
S214019120D9E700BF80200020012810B50C461CD0CE
S214019130022822D030BB08461AF097FB40F2712174
S214019140E38C228D94F82A00D21AE36803F59C5327
S214019150083301FB02332361FFF75CFD0A4B20460F
S214019160BDE81040996803F011BD03F01FFC84426E
S21401917008D1BDE810401CF019BE0846BDE81040F5
S214019180FFF794BD10BD00BFAC1E002038B50A4DD8
S2140191900020FFF7F1FCAB6813B100221A60DA80F9
S2140191A01BF0A3FA00242B79A34200DC38BD20462D
S2140191B0FFF786FC0134F6E7AC1E002070B52A4C9A
S2140191C00546A06818B117F081FC0023A360FFF7DD
S2140191D0DDFF00201AF0C0F855B90320257125607F
S2140191E0E58217F0BFFB20791AF0B6F828B970BDF2
S2140191F0022022F08CFBA06048B90025A0682571EA
S214019200256060BB00201AF0A7F80720EFE70026CC
S214019210032025712660E68217F0A4FBB542E2DD45
S21401922005EBC501090133460122032089B217F077
S2140192304BFB06460028E0D1032017F0C3FB206055
S2140192400028DAD0902231466A4321F033FE237992
S214019250B342C8DD3046FFF733FC0136F7E717F0B7
S21401926035FCA560CEE700BFAC1E002030B5174B1D
S214019270826A1B681206597926D5028F1C79436BC0
S2140192801203B2FBF3F2631AB2FBF3F2B0F89C30AE
S21401929003B1013BD0F8A05005B15B101B02B3FB34
S2140192A0F2F35B180CD090F895200F2A08D9120912
S2140192B0B3EB820FB8BF00234FEA8201A8BF5B1A47
S2140192C09C42A8BF1C46E1B2417630BD80200020FA
S2140192D0084B9A7E82420AD94FF4A4721B6802FB9D
S2140192E00030836A13F0100F08BF0020704700207B
S2140192F0704700BFC41E0020084A09491368C31AF4
S214019300D810002B01FB00F005DB937E8342D8BF0B
S2140193104FF0FF3070474FF0FF307047C41E0020FB
S214019320199C8FC170B504460E4618F056F83146A2
S214019330054604F130001AF0DCFA2046FFF7DCFFA0
S2140193400121814005481AF0D4FA4FF4807005F0E7
S214019350BFFE2846BDE8704018F045B8E81E00205C
S214019360F329F8B504460D46724E25D1338D63B9FF
S214019370A36813F4601F00F0BA80238F626B1B0191
S214019380B3FBF2F3F32D9FB22DD120461AF052FB18
S214019390B4F89C70002F40F0B380A36A13F0800FDE
S2140193A00CBF3E23082384F877302046FFF75EFF84
S2140193B0F32D36D1012057E07369590640F18F80AD
S2140193C0836A1A0740F18B80336900F140014360DC
S2140193D01BF0BFFD338D002BCAD0238F626B1B01A0
S2140193E0B3FBF2F39FB2618FB4F89C209BB25B1A79
S2140193F09A427EDC736994F836019B074CBF0021C4
S21401940002211CF0A3FD40F2022372699343BCD1F2
S2140194102046A4F89C701AF00EFB2046FFF726FFA4
S2140194200127A36A1807C5D5628F002AC2D013F494
S214019430C05FBFD1726912F00C0FBBD140F202239C
S2140194409343B7D1D4F8A430002BB3D12046A18FD3
S2140194501BF02EFF002855DD638F0133984251DC47
S2140194600128A7D0013880B2236BA4F87C005904E8
S21401947009D54FF4804104F130001AF042FA002178
S2140194802046FFF74FFFB4F87C20A38F94F87010A6
S2140194901344A387B4F89C309B1AA4F89C3094F824
S2140194A06F3002FB01332522B3FBF2F102FB1133CD
S2140194B084F86F304FBBA36A1A0702D41E4B1B6891
S2140194C09847204608211BF0ADFD20460221FFF7F4
S2140194D029FF2046BDE8F840012103F051B9318D3E
S2140194E0238F626B00293FF443AF1B0178E7338576
S2140194F043E7737F002B86D0032194F8360180E77B
S214019500012752E7608F0130ADE7204619F014FFBE
S2140195102046A18F1BF056FDA36A05461B0702D401
S214019520054B1B689847002DCBD02046BDE8F84078
S2140195301AF003BBC41E0020F81E00200022074BB1
S21401954010B55A77202204465A611AF01EFA84F89A
S214019550360120461AF055FB10BD00BFC41E002080
S214019560012810B50C462AD0022830D000283DD15B
S21401957091F8953060F3071381F895300846FFF7A8
S214019580DDFFA36A20461B0716D503F093FD0420D2
S21401959001F0E2FB50B3164A937F3BB3D37F01330E
S2140195A0DBB2D37792F821209A421FD8BDE810404B
S2140195B04FF0806005F08CBD03F050FFE7E703F045
S2140195C0F5F9844212D1BDE8104003F067BD91F869
S2140195D095302046C3F30312013262F3071381F874
S2140195E09530BDE81040F321FFF7BABE10BD00BFAD
S2140195F0C41E002010B501F00FFCFB22114B10F029
S214019600020F1A770CBF012203224107197E48BFB9
S21401961042F0040262F3030119761A7EC2F30301D3
S21401962061F307121A764FF4417100221984DA7633
S214019630DA835A621A611A85034BBDE810401B682B
S214019640184700BFC41E0020F01E00202DE9F84375
S2140196504B4C0546A06818B117F038FA0023A360F2
S214019660022017F07FF95FFA85F8002019F072FEE4
S21401967040461AF0A6F90646002868D140461AF078
S214019680ABF90746002862D1002D75D005EB8501A0
S21401969005EBC101C90033460122022089B217F049
S2140196A013F9002850D14FF4A479022084F81A80C7
S2140196B017F088F909FB05F731463A46206021F094
S2140196C0F9FB32462368681E03EB0901824233DB4D
S2140196D0002DA7F5A4724FF00001D8BF00229950C3
S2140196E02846636019F036FE88BB40461AF05BF9DF
S2140196F068BB40461AF05DF9074640BB002D16DDF3
S214019700022022F004F90223A060C371837939464E
S214019710C3F102020C33D2B2184421F0CBFB012173
S214019720A3689A7913441A7B61F301021A73FFF74F
S21401973061FF3046BDE8F88309FB02FC013243F8BD
S2140197400C1001F5A471C1E7C4E90077A7760025DE
S21401975000201AF036F900201AF03EF92846C4E92E
S2140197600055A5761AF01FF9284619F0F3FD0220D8
S21401977017F0F8F80726DCE72B46A5762560AFE755
S214019780C41E0020014B987E704700BFC41E0020F7
S214019790014BD87E704700BFC41E0020F8B5284D87
S2140197A017F01BFE6C681CB917F01DFE2046F8BDAD
S2140197B04FF4A476012723686B60EB7E0133EB76CA
S2140197C017F011FE32460021204621F073FB04F10A
S2140197D02800402167611AF08CF82B8B0722A4F829
S2140197E0443194F83731002167F3030384F83731A5
S2140197F04FF6FF73A4F87A302B7FA4F8866084F8BE
S214019800423144F29023A4F8403194F8853004F1B3
S214019810080062F3030384F885300A4BC4F88830E5
S21401982003F1CE5303F59813C4F88C3041F61B337D
S214019830A4F890301B2384F892301AF043FEB5E763
S214019840C41E002048014801F8B5044600261BF056
S21401985098FD04F1A40021F096FE04F1A80021F081
S21401986092FE04F1AC0021F08EFE04F1080000F037
S214019870B9FE04F1A00021F086FE154B20461B68B8
S21401988098472046C4E90A66FFF736FDC5B2284662
S21401989019F05AFD0746284619F058FD0146384684
S2140198A019F051FD17F099FD05464FF4A4723146A3
S2140198B0204621F0FFFA074B28465A682260DA7ED6
S2140198C05C60013ADA76BDE8F84017F08CBD00BF5F
S2140198D0F41E0020C41E00202DE9F04106464FF478
S2140198E080400F4601F038FA044630B90E4B1D6829
S2140198F093F81A807135A04502D80020BDE8F081A2
S21401990055F8493CDA0609D5C3F38003BB4205D1B5
S21401991006222946304621F0A3FA18B1013405F58E
S214019920A475E8E70B20E9E7C41E002008B5B0F8E7
S21401993094305A1C62F30B03A0F89430042001F013
S2140199400BFA70B1074A937F0133DBB2937792F833
S21401995020209A4205D8BDE808404FF0806005F007
S214019960B7BB08BDC41E002038B58B7905460B442D
S2140199709B7D0C4603F00303032B09D101212C30F8
S21401998019F0B7FF4FF4006105F1280019F0B1FF97
S21401999021460548A56021F0DDFEBDE838404FF0C0
S2140199A0005005F095BB00BFD01E0020014B187774
S2140199B0704700BFC41E0020014B187F704700BFD0
S2140199C0C41E00202DE9F74F1D4616462A460446BA
S2140199D09DF838309DF83C8080F89B3052F8103B5B
S2140199E00F46C0F8283100F14401B8F1000018BF55
S2140199F00120DDF830A09DF840909DF834B005F0C8
S214019A0081F820461BF007FB204619F0E7FF1CF003
S214019A10A3FA49460246204619F0DAFFC823204633
S214019A200DF10601ADF8063019F0C5FF47F6FF73D4
S214019A30A4F83031AB88A4F82C31AB7984F82E31F8
S214019A40DAF80030C4F87130BAF8043004F1280AA4
S214019A50A4F87530BBF1000F03D00421504619F06D
S214019A6048FFB8F1000F04D04FF40051504619F0EA
S214019A7040FF4FF4607001F06FF9C0F3C018C305E2
S214019A804FEA881848BF48F08008810548BF48F467
S214019A90807817F0A2FC83464FF48261504619F095
S214019AA028FF414604F12C0019F023FF584617F011
S214019AB09AFCBB1E012B7AD84FF40021504619F0B0
S214019AC018FF01212046FFF72DFC042120461BF03C
S214019AD0A9FA6B7D2046C3F3040384F870306A89C3
S214019AE007F0FD0752006263697B2A7B42EA012286
S214019AF06287E97BAA7B42EA012222876A7D84F893
S214019B006F30C2F3421284F83E2000220523A2875A
S214019B100122A4F89C30A4F87C209DF9441019F089
S214019B2062FF01F073F920F40060C4E908012046E1
S214019B30FFF79CFB3A4A3B4BB2F82880B8F1000F7E
S214019B4068D1002F38D140F2C7186660E36120461D
S214019B50166119F0DFFEB9F1010FE0600AD094F842
S214019B603731204669F3030384F8373109F00F01D2
S214019B701AF0BFF804F1080041461AF0A3FC0120D0
S214019B8002F0A6FD28B963691A075CBF43F0040317
S214019B90636140F271216B892046013B594319F0FC
S214019BA0D8FE204602F09EFD03B0BDE8F08F012FDF
S214019BB087D140F2014185E74FF4D778E36140F25F
S214019BC071272B8940F608015B0007FB03665046A8
S214019BD0666004F1400619F08CFE314620461BF003
S214019BE0B8F92B89314601335B0020467B4304F1EB
S214019BF0340201F01FF9EB7931465B000122204661
S214019C007B431BF0ACF9236C20469E0819F082FEBC
S214019C103044A0E76660E361002FD0D197E700BF2C
S214019C20C41E00206195010070B51D46C36A044636
S214019C301B07164613D408212C3025F4105519F0AD
S214019C4058FE25F01005064B2D0433402D0C2046FA
S214019C50C4E90835BDE870404021FFF763BB70BD1D
S214019C602FCF87F72DE9F04F85B0044601910846BE
S214019C7089B34B799A071FD421F00AFD019D70B96B
S214019C806B79DB0705D54FF4803104F1280019F014
S214019C9030FE01A821F077FC05B0BDE8F08FA36A7D
S214019CA0DF0309D54FF4803104F1280019F029FEAD
S214019CB06B7943F001036B71019E17F08EFB73798C
S214019CC031469E0705461ED504F1AC0021F051FD34
S214019CD0284617F088FBDFF8909117F07EFBA36A01
S214019CE00746DD0514D5D4F8AC3043B19A79134450
S214019CF01B7B392B03D829FA03F3D80711D438462E
S214019D0017F071FBC8E704F1A80021F023FDDFE797
S214019D1094F94631022BF2DCD4E92A2372B9002BDE
S214019D20EDD004F1AC0021F04CFC0546384617F0A6
S214019D305AFB294620461AF08AF9CEE7002BF0D1C5
S214019D4094F89280039304F1A80BD4F8A86096F8CF
S214019D5007A0B379AAEB030A5FFA8AFAC24527DCA1
S214019D60584621F08DFC0546A8EB0A086B79294672
S214019D706FF3C3036B7103A821F0ECFCD4F8A83091
S214019D802BB15B79990702D1B8F1000FDDD1039BA6
S214019D90002BB4D09B79022B40D8002021F0B7FDD0
S214019DA0014670BB039904F1A80021F0E2FCA6E786
S214019DB0002021F0ACFD054630B9039904F1A80056
S214019DC021F0D7FC03959AE78079B1790C300C31F4
S214019DD042463144284421F078F8EB7953FA88F367
S214019DE0EB71B379727953FA88F3B3716B794FF0EB
S214019DF0000862F300036B7173796FF300037371EC
S214019E00B4E7039B4A79587960F300024A715A799C
S214019E1003A86FF300025A7121F0A6FCE36A9A05C3
S214019E2012D50398034600680028FBD1DB79C3F1FD
S214019E304503DBB2032B07D821F069FD0146002854
S214019E40B0D003A821F086FCD4F8A83013B15B7912
S214019E50DB0704D5039A537943F008035371384658
S214019E6017F0C1FA039965E77C2C020070B5036B05
S214019E700446DA0786B033D5866A330723D516F447
S214019E80002F14BF032501252046FFF735FA94F865
S214019E909B30294605930023049394F83E30C6F37D
S214019EA080020393238F80B20293638F0193636BC7
S214019EB0C3F34F03009304F171031AF06FFE30B938
S214019EC0002006B070BDB50C05F00205DCE70121E7
S214019ED004F1300019F015FD4FF4005119F009FD99
S214019EE0236B980410D52046FFF706FAA16AC0B284
S214019EF0C1F340311AF090FB0028E1D04FF4005135
S214019F0004F1300019F0FDFC236BD90409D50021BA
S214019F102046FFF7A7FE4FF4805104F1300019F0F8
S214019F20F0FC236B5A0512D52046FFF7E5F900230E
S214019F3094F89B50C2B2194628461AF0D5FC002860
S214019F40BED04FF4806104F1300019F0DAFC236BC7
S214019F505B0711D52046FFF7CFF9616B238F628F20
S214019F60C1F34F0180B21AF0F9FD0028A8D00421F0
S214019F7004F1300019F0C5FC236B1E0709D52046F5
S214019F801BF0DCFB00289BD0082104F1300019F0FF
S214019F90B8FC236BDD0618D52046FFF7ADF9E16A5C
S214019FA080B211F4805100F0C58000211AF06BFEDA
S214019FB0002885D04FF4805104F12C0019F0A1FC43
S214019FC0102104F1300019F09CFC236B580615D5BE
S214019FD02046FFF791F994F8773080B20093D4E9E0
S214019FE008231AF033FE00283FF46AAF002340210D
S214019FF084F8773004F1300019F083FC236B1905DF
S21401A00016D52046FFF778F900230093B4F8983068
S21401A010B4F8962094F89A1080B21AF0B0FA002894
S21401A0203FF44EAF4FF4006104F1300019F069FCC3
S21401A030236B13F4804532D19A0516D52046FFF7D7
S21401A0405BF994F8371194F8772001F00F0180B28C
S21401A05000F042FD00283FF433AF4FF4007184F85E
S21401A060775004F1300019F04CFC236B1B0616D513
S21401A0702046FFF741F9B4F88C3080B2009394F88B
S21401A0809130B4F88A2094F890101AF02EFE002829
S21401A0903FF416AF802104F1300019F032FC236B37
S21401A0A09E0612D52046FFF727F994F8771080B25E
S21401A0B01AF000FE00283FF403AF0023202184F8A5
S21401A0C0773004F1300019F01CFC236BDD0508D550
S21401A0D004F130004FF4807119F013FC20461BF098
S21401A0E06AF9236B180408D504F130004FF40041D7
S21401A0F019F007FC204619F0F8FD236BD90308D5A3
S21401A10004F130004FF4803119F0FBFB204619F0C2
S21401A1105AFC236B9A0308D504F130004FF4003142
S21401A12019F0EFFB204619F05CFC236B9B0704D467
S21401A1300120C6E61AF0BEFD3AE700222046114687
S21401A14019F04DFC204619F04CFC2046FFF7D4F8D8
S21401A15094F8771080B21AF063FE00283FF4B0AE90
S21401A160022104F1300019F0CCFB2046FFF76CFB0E
S21401A170014B1B689847DBE7F01E0020F8B500236B
S21401A180124A02F1240151E8004F41E80035002D42
S21401A190F7D1012734B9BDB10D48294619F0A9FBFD
S21401A1A02046F8BD94FAA4F0B0FA80F007FA00F65B
S21401A1B024EA0604FFF78CF80028EBD0FFF756FEDA
S21401A1C00028E7D13543E5E70120EAE7C41E002071
S21401A1D0E81E00202DE9F74F04460190002860D0C4
S21401A1E0C5794FF000080C35054417F0F6F84646D9
S21401A1F000904FF4A47A40462B4FBA7E5FFA88F956
S21401A2004A4517D90AFB09FB3A685A44916ACB06B4
S21401A21044D5B2F89420C2F30B02002A3ED0E2796C
S21401A220C2F14502D2B2032A15D8022021F06FFBF3
S21401A230044640B900230098FB8317F0D4F8304653
S21401A24003B0BDE8F08F014601A821F083FA002093
S21401A250E5790C35254404220123002112FB003345
S21401A26005F82090E9543B6802FB005C5B44B3F8B8
S21401A270943001368CF80230032312FB0032A954C5
S21401A2803B6801305B44B3F89420C0B261F30B0223
S21401A290A3F89420E379F6B20433E37108F10108D8
S21401A2A0ABE70646CBE700BFC41E0020F7B56846FD
S21401A2B004F01CFC00254FF4A477124EB37EAB428B
S21401A2C001DC03B0F0BD346807FB0544A36A03F064
S21401A2D01803102B13D10522694604F1450020F01E
S21401A2E0BFFD60B1012120461BF086F838B9012078
S21401A2F021F00DFB014610B1204601F06BF9013546
S21401A300DCE700BFC41E00202DE9F74F17F065F803
S21401A310424BDA6800920022DA6017F064F8009B7C
S21401A32013B903B0BDE8F08F684621F04AF9827987
S21401A330876802F10C04044401460190A07A0A32AF
S21401A34010F0200F14BF0320022002448A71FA6A1B
S21401A35052050FD5E07AA27A42EA002238461AF070
S21401A36064F838B901A821F00EF93D21384619F0F4
S21401A3704EFFD4E7BA6A94F80AB012F40072019953
S21401A3800BF0030013D003288A79EBD10A44127B21
S21401A390392AE7D8224B23FA02F2D307E2D54A79C3
S21401A3A0384642F002024A7100F01CFEB7E7032865
S21401A3B0F5D048790BF0030B62F34100487108466B
S21401A3C094F8069094F905A021F062F9019D0646DD
S21401A3D0AC793846063CE4B2AC71FEF78DFF0C341E
S21401A3E0C0F3032305EB040843EA0B1388F8033094
S21401A3F02B46F6B288F80200A8F8046005F804A017
S21401A40088F801905A796FF341025A711B68002B44
S21401A410F8D128461AF017F981E700BFC41E0020BC
S21401A4207C2C0200002370B50D46D1688AB009BAAB
S21401A4300291C178C66861F30703817836BA61F381
S21401A4400F23417806AC61F317439168069609BA63
S21401A4500391816809BA07915168126809BA12BA5C
S21401A460049105920178426861F31F6312BACDE93F
S21401A470082323468022012002A9009417F0B8FB86
S21401A4800028F6D1DDE90810DDE9063200BA09BA7E
S21401A49012BA1BBA28606960AA60EB600AB070BD88
S21401A4A0F8B504460026084F0CB90748F8BDA1794F
S21401A4B0E579B8196D1AEDB20C3121442A4620F01F
S21401A4C004FD2E442468EFE7001F0020F8B504467B
S21401A4D00026084F04B9F8BDA079E579B9192D1AF7
S21401A4E0EDB20C3020442A4620F0EFFC2E442468BE
S21401A4F0F0E700BF001F0020104B1A7842F0F00270
S21401A5001A701A7C42F0F0021A7493F8202042F076
S21401A510F00283F8202093F8302042F0F00283F80E
S21401A520302093F8402042F0F00283F8402093F860
S21401A530502042F0F00283F850207047102000208F
S21401A5400368054A23F07F6323F4002302EAC1422D
S21401A55013430360704700BF0000F80FF8B5448846
S21401A560054604F00704072C1C4E28D116F035FFCB
S21401A57000221101735C06EB02171B090F2B0AD090
S21401A5800132062AF5D1164A13880133138016F0D4
S21401A5902AFF1920F8BD2B6894B27B8011237354CF
S21401A5A016F021FF1BF05BFC06EB0413D8602B684A
S21401A5B0002023F4E02343EA04432B60EAE7230167
S21401A5C0F15CC1F30312013202F00F02052A28BF23
S21401A5D0002262F30711F154E4E700BF10200020C7
S21401A5E0F62A002038B54488054604F00704072CEF
S21401A5F00FD016F0F2FE074A2401135D43F0F00374
S21401A60013552B6843F4E0232B60BDE8384016F061
S21401A610EABE38BD102000202DE9F04745880746E0
S21401A62005F00705072D894637D01D4C4FEA05185A
S21401A63014F808601BF013FC04EB051ADAF80C306A
S21401A640360906EBC506C01A04EB4606708014F8F8
S21401A650083003F00F02042A9EBF013262F303039F
S21401A66004F80830B9F1030F14D114F8081004EBFC
S21401A6700514A01C01F00F011BF09EFA044616F00B
S21401A680ACFE3A68074B134023433B60BDE8F047F6
S21401A69016F0A9BE4FF6FF74F1E7BDE8F08700BFDC
S21401A6A0102000200000FF7F064A08B5926882420B
S21401A6B007D0427922F0030242F00302427104F00D
S21401A6C06FFD08BD7020002010B5064C204620F016
S21401A6D05AFF201D20F057FF04F10800BDE8104086
S21401A6E020F051BF7020002010B5022021F00FF994
S21401A6F0034C6060022021F00AF9A06010BD00BF83
S21401A7007020002008B5FFF7DFFF0022024BDA6059
S21401A710BDE80840FFF7E8BF70200020014B5868ED
S21401A720704700BF70200020014B9868704700BF3B
S21401A7307020002038B50C4CE3681BB1E3689847DD
S21401A7400023E36023686BB1074820F03AFF054613
S21401A75040B123681BB14FF0004004F0B9FC284615
S21401A7601AF077FB38BD00BF7020002010B5084CEA
S21401A770E0604FF0004004F0ABFC00BF00BF00BF3C
S21401A78000BFE3681BB1E36898470023E36010BD90
S21401A7907020002038B58379044603445B7B13F0B0
S21401A7A0300F437923F0030308BF43F001034371DD
S21401A7B016F013FE05462146054820F0CBFF4FF064
S21401A7C0004004F085FC2846BDE8384016F00BBE74
S21401A7D070200020F7B5144F7C68A3790C331C4415
S21401A7E000F01AFB6679E6B116F0020519D136EAD1
S21401A7F0000016D1E378B4F80920B4F80710A07960
S21401A80001962479009401F031FB002808BF0C253D
S21401A8102A4642F24101B86803B0BDE8F04019F09B
S21401A820A6BE1125F4E700BF7020002010B50D4C20
S21401A830626893790C331A441179D078003918BFBD
S21401A84001210038B2F8073018BF0120B2F8052000
S21401A85001F06AFC42F242010246A068BDE81040DF
S21401A86019F085BE7020002010B5084C6068837909
S21401A87018440F3000F09EF90023A0681A46BDE880
S21401A88010404FF6284119F030BE00BF702000205E
S21401A890242816D80F2805D802280CD8B0FA80F03C
S21401A8A040097047084B103880B2C34003F00103DB
S21401A8B083F0010070470538012894BF002001206D
S21401A8C070470120704700BF2D2011002DE9F04F81
S21401A8D095B0FFF723FF42F23603867905460C361C
S21401A8E030F80680841998450ED1FFF717FF02212C
S21401A8F020F020FE7F22A3780233A370AA550023FE
S21401A90020222377627063770121E078FEF710F941
S21401A91000230646002800F0D780CDE91233237ABB
S21401A920E2888DF84A30E37AADF848208DF84E304B
S21401A930A388B4F8092013F01000ADF84C2003F0FA
S21401A940050306D093B1E37D012B51D000251226D5
S21401A95014E07BB3E37D657E012B37D16B1EDBB242
S21401A960022B09D800F058FA012338E04FF480434F
S21401A970DDE91212914220D900251126FFF7D4FEF7
S21401A980012332464146ACB219F0AFFD002DCCBFD3
S21401A9900534053C24B2002E40F099800A2394FB2E
S21401A9A0F3F4E4B2FFF7C0FEC3791844C47215B0DD
S21401A9B0BDE8F08F4FF6FF73DAE71F29DCD99A421C
S21401A9C0DAD8E37D657E0028BED1C5E7032BD3D157
S21401A9D06B1EDBB2022BCFD800F01EFA0423034213
S21401A9E0CAD0032D08BF04252840C0B20028C3D012
S21401A9F0E07818F0B4FC20B1A088FFF749FF0028E2
S21401AA00A4D0344A237F1278002A54D0042B9DD830
S21401AA10637F042B9AD8A388DB0653D41BF09CFAD9
S21401AA200121C822084003F0DBFE94F91630B4F881
S21401AA3004E003EB8303B0EB430F4FEA4302637B6F
S21401AA40677E0F93A37BE188109304F10F031193A4
S21401AA50637F94F80C9094F815A094F818B0054606
S21401AA60E07DC8BF15B2B4F809200C93237F0328F4
S21401AA700B93E37E08BF0420032F08BF0427003B87
S21401AA8018BF01230A93A37E1FFA85FCCDE908733C
S21401AA90119BCDE9060B0293109BCDE904ACCDF8D2
S21401AAA00C9001930F9B304600935FFA8EF318F0DB
S21401AAB012FD064662E7002B7FF45EAF637F002B34
S21401AAC0A9D059E70020ABE70546072656E700243C
S21401AAD068E700BF8A2B0020F8B5074601200D461F
S21401AAE0164620F014FF0446C0B106220C2119F0C8
S21401AAF00FFD691EC9B2032988BF0022A37998BF3A
S21401AB00074A03F10C0398BF525C234420469F80FA
S21401AB10DE70DA719A71FFF7C7FD0120F8BD00BF3C
S21401AB20C2C60300F8B5FFF7F9FD83791844B0F8FB
S21401AB300F60B0B2FEF7CCFB0446C0B119F041FA83
S21401AB400138C0B2032814D800270B4B1C5CFFF752
S21401AB50EBFD054604233A4642F2300119F0C5FCE6
S21401AB60AB790C33E818C68004724472F8BD02272C
S21401AB70EDE700242746EAE7C2C603000B4610B5F8
S21401AB800649074C0622002808BF2146184620F031
S21401AB9067F9B0FA80F0400910BD00BF8C2B002089
S21401ABA0922B0020024B1A6802609B8883807047B4
S21401ABB0922B002013B50D4C28B1036823608388BF
S21401ABC0A38002B010BDFAF749F8CDE900019DF85F
S21401ABD00230BDF80020A370BDF805302280A4F82D
S21401ABE003309DF807306371EBE700BF922B00201E
S21401ABF010B5044616F0F1FB2268064B1A60A288CF
S21401AC009A80054A137843F00103137016F0EBFBA4
S21401AC10012010BD8C2B00208B2B0020024B1878B6
S21401AC20003818BF012070478B2B0020024B1A6892
S21401AC3002609B88838070478C2B0020024B18692A
S21401AC4008B104F045BA7047700F0020002310B514
S21401AC503C4A02F1100151E8001F02F1100C4CE8C9
S21401AC600034002CF5D140EA0104A10201D501F01F
S21401AC70A3FD220101D503F075FC002C01DAFFF7D4
S21401AC8059FD630001D501F0BFFCA00001D5FFF717
S21401AC903BFBE10007D5FEF73BF820B94FF08051AA
S21401ACA029481AF029F9620107D519F055FA20B991
S21401ACB04FF0806124481AF01FF9A30105D51BF057
S21401ACC044F9FFF7F3FA18F04FFBE00108D518F046
S21401ACD06EFE072804D14FF080711B481AF00CF95C
S21401ACE0610201D518F03AFB220201D518F02AFBC1
S21401ACF0E30207D518F059FE20B94FF48011124827
S21401AD001AF0FAF8A00507D500F03AF920B94FF481
S21401AD1000710D481AF0F0F8E10507D5FFF72EFA95
S21401AD2020B94FF4807108481AF0E6F8620503D599
S21401AD3019F0D9FB19F0D8FB230501D51AF0E4F870
S21401AD4010BD00BF700F0020800F00200146014893
S21401AD501AF0D2B8700F0020014B1B6818407047DC
S21401AD60700F002010B5044BD3E9064204430A4392
S21401AD70C3E9064210BD00BF700F002070B51E4D1E
S21401AD8004462B68002B03DAFFF7BCFC002031E0F9
S21401AD904CF20C000021FFF7E5FF0023174E33604D
S21401ADA024B163682B60A36803B133604FF00040A1
S21401ADB0FFF7CCFF33680BB9114B3360114B1248C8
S21401ADC0AB6000232B7315F0BDFEFFF795FB204605
S21401ADD0F7F7B6F970B92CB1B4F90E10B4F90C0046
S21401ADE002F010FF1BF0BCF803F04EFE03F0DCFD92
S21401ADF00028C9D070BD00BF700F00208020002041
S21401AE00280D00203DAC0100740F0020014BD3E952
S21401AE1006017047700F0020054B9B69DA054CBF91
S21401AE20032001201B0548BF40F00400704700BF07
S21401AE30700F0020F8B517461C460D46064603F06F
S21401AE4097FA1C4BBA7A1C4953F8222053F8203043
S21401AE508C421A4424D9194B9C4214D9184B013CF4
S21401AE6093FBF2F3002BB8BF03339A1004EBA30451
S21401AE70B4FBF2F371682A68A1EB930102EB43027B
S21401AE8071602A60F8BD0F4B0F49A3FB04435B09B1
S21401AE9002FB03F303F6C313A1FB0313DB0AE9E783
S21401AEA002FB04F3094A03F574338F33A2FB032331
S21401AEB01B0CDFE718C703004C621000136666061A
S21401AEC040420F001F85EB515917B7D183DE1B4354
S21401AED0024B1A6802601860704700BF8820002085
S21401AEE00022024B1A6000F0FBB900BF8820002048
S21401AEF02DE9F843064618F0BEFD0446002835D075
S21401AF0045784DB916F069FA237863701B4B1B68B8
S21401AF102570636016F067FA4FF00108677837B955
S21401AF2023781BB34FF4007004F0D2F81EE097FAB2
S21401AF30A7F5B5FA85F508FA05F55FFA85F96368A8
S21401AF4033B90E4B27EA050565701B686360E5E7B4
S21401AF509B681BB963681B686360F0E74946304627
S21401AF609847012805D163681B6863600120BDE826
S21401AF70F8830228EED10020F9E700BF88200020E0
S21401AF8070B500250D4EFEF7FDFBA84201D8012045
S21401AF9012E03068FEF79CF950B93468FEF7F2FB10
S21401AFA00134B4FBF0F303FB104401353460EAE7E7
S21401AFB0FFF79EFF0028F0D170BD00BF842000205F
S21401AFC010B50446837903441B7B392B96BF044A8C
S21401AFD0FF21D15C20F0AEFAA0790C30204410BDE0
S21401AFE0C6C603002DE9F34105460C46019118F04B
S21401AFF032FD830605D501A820F0C5FA02B0BDE8EA
S21401B000F081019FBE790C36BB5D392B18D8164AE4
S21401B01012F80380B8F1FF0F12D0384620F038FB43
S21401B020013840450CD1114B1E6896B92146284679
S21401B030A37923441A7B02B0BDE8F0411AF054B854
S21401B040019820F0A0FA2846BA5D01991AF04CF84A
S21401B050D4E773680BB93668E7E721462846984770
S21401B0600028F8D0CAE700BFC6C603008820002023
S21401B07037B504460D46202118F0EFFC2946204638
S21401B08018F058FD214601201AF0D5F82146002077
S21401B0901AF0D1F8012000232146034A00901AF045
S21401B0A05BF803B030BD00BFC14F030073B50C465B
S21401B0B0164605461AF031FA80F001002946C0B25C
S21401B0C018F0C0FCC368012C9A7907D03246214695
S21401B0D0284602B0BDE870401AF025BA1344102283
S21401B0E0DB8A294600920020024A1AF035F82046EB
S21401B0F002B070BD2755030037B504461AF04DFA65
S21401B1000321204618F0C7FC0025034621460120EE
S21401B110034A00951AF020F8284603B030BD00BF58
S21401B1200D5403002DE9F347074602200E4620F092
S21401B130EEFB0546002846D0B37900210C33334494
S21401B140B3F80480B3F806A0B3F8089019F082FFAC
S21401B1502846FFF735FF02210446384618F09BFCC7
S21401B160A4F804806081A4F806A0A4F808901AF058
S21401B1703AFE08F10108B0FBF8F303FB18000223BE
S21401B18060806370AB79B371EA7903F10C00F271F8
S21401B190D21AD2B2291830441FF097FE3946012040
S21401B1A018F050FC1022C6606389394601200092CF
S21401B1B0064A19F0D1FF3846294619F049FF002002
S21401B1C002B0BDE8F0870720FAE700BF2755030065
S21401B1D02DE9F34104460D460146012018F032FCE4
S21401B1E001210746284619F035FF2846FFF7E8FEF5
S21401B1F0064600F10108404603F078FCD6F8013017
S21401B2000221C7F8123073792046BB7518F043FC4B
S21401B21029460746F080204619F01AFF20232146CA
S21401B220009301203B46034A19F096FF002002B026
S21401B230BDE8F081F35403007FB504460D46014690
S21401B240012018F0FFFB50E8003F43F4806340E81C
S21401B2500036002EF7D120461AF05FF9D8B3204603
S21401B26018F001FC430715D53346324620460DF14A
S21401B2700F0118F08DFE9DF80F30062B0AD82846D0
S21401B28015F024FC012200232046FEF7CDFC002009
S21401B29004B070BD0E21284619F0DCFE2846FFF7E3
S21401B2A08FFE0646FFF7B2FDC6F80510FFF7AEFDA6
S21401B2B02946C6F80100204619F0CAFE0321204699
S21401B2C018F0E9FB00220346009221460120034ABA
S21401B2D019F042FFDBE70821DDE700BF1154030048
S21401B2E010B5054C054A204605491AF080F8204657
S21401B2F0BDE81040FFF7ECBD8C200020D9550300B7
S21401B3006DB40100F7B58B7904460C33CE18CB5CCF
S21401B3100D46023B0F2B00F2A080DFE803F0089EEB
S21401B3209E9E9E739E829E9E2C689E9E9E4F16F0AB
S21401B33054F871780746204618F0FCFB2021204679
S21401B34018F08BFB2146012019F075FF21460020DD
S21401B35019F071FF01230093002321461846404A45
S21401B36019F0FAFE284615F0B1FB384616F03BF800
S21401B370012003B0F0BDB3887288717818F0EEFD35
S21401B380204618F070FB830708D4294620461AF099
S21401B39004F90121204619F045FEE9E7214601207E
S21401B3A018F050FB2F4B82689A4203D121460120A8
S21401B3B019F011FF284615F089FBEAE77778084669
S21401B3C0B67815F083FB162F05D1324603212046A9
S21401B3D01AF0F3FACCE72146012018F033FB836814
S21401B3E0002BC5D03246032120469847C0E70146C8
S21401B3F0012018F027FB07462846767815F066FBED
S21401B400BB68EDE70146012018F01CFB07462846FD
S21401B410767815F05BFBBB68002BA9D03246042179
S21401B420E2E70146012018F00DFB0F4B82689A42B5
S21401B43003D0284615F04AFB9AE7D6F80120D6F83D
S21401B44005302046FEF7F0FB284615F03FFB214667
S21401B450012019F0C0FE02219CE7002089E700BF09
S21401B4608F5503000D540300115403002DE9F341D9
S21401B4700C4605461AF051F8A37900286BD00C3318
S21401B48014F80380E618B8F1010F41D0B8F1080F9F
S21401B49039D0B8F1000F51D17189284619F04AFE0A
S21401B4A0B188738872788B4294BF074600270929B2
S21401B4B00B4638BF0923013B9BB29A420FD8002A9C
S21401B4C008BF00270846F388328919F052FD40B9B3
S21401B4D0204615F0FBFA012002B0BDE8F081474690
S21401B4E0F0E7002FF4D02946002018F0ABFA10221E
S21401B4F0C46073890092013B1B4A9BB22946002017
S21401B50019F02AFEE7E72146284619F0A4FFE2E7EC
S21401B5102846F18819F00EFE0746701C1AF02EFD1B
S21401B5200028D5D0002FD3D02946002018F08AFA5B
S21401B5302023C4600093F3880C4ADFE7214628469F
S21401B5401AF028FB0028C6D12146284602B0BDE8DD
S21401B550F041FFF7D7BE23441B7B0E2BD3D02146E9
S21401B56028461AF006FBEDE7ADB00100AB54030028
S21401B57038B504460D4618F076FA42070BD4204635
S21401B58018F071FA830706D429462046BDE83840EC
S21401B590034A19F0C1BE284615F098FA002038BDB6
S21401B5A0F9B0010038B505460C4618F054FA00F01B
S21401B5B01800102806D121462846BDE83840044A1E
S21401B5C019F0AABE204615F081FA0C2038BD00BF3E
S21401B5D025B10100014A19F09FBE00BFD1B101009B
S21401B5E070B505460C460146012018F02BFA0646B2
S21401B5F0284618F038FA020704D5204615F066FAF0
S21401B600002070BD33685B05F7D4284619F085FF26
S21401B61040B121462846FFF7ABFF18B920F077F96D
S21401B620044630B121462846BDE87040024A19F06A
S21401B63073BE0720E5E700BF39B2010073B50446C3
S21401B6400E4618F008FA00F0300010284FF00200FD
S21401B65031D120F05CF9054678B34379022143F0F5
S21401B6600203437119F0F6FC2846FFF7A9FC2946A8
S21401B6704670204619F0ECFC1621204618F05AFABE
S21401B6802021204618F0E9F92146012019F0D3FDC2
S21401B6902146002019F0CFFD204619F072FE012147
S21401B6A0204618F0F8F90346012021460090044A86
S21401B6B019F052FD002002B070BD0720FBE700BF65
S21401B6C03B5403002DE9F04387B004460E4618F0BC
S21401B6D0CAF900F4C060B0F5C06F06D1022020F0B0
S21401B6E016F9054610B9072054E000252146012029
S21401B6F018F0A8F9814696F8068000F1120208F1C2
S21401B7000C08B04408F10F0308F11F0153F8040BAD
S21401B7108B4242F8040BF9D10321304619F09AFC0A
S21401B7203046FFF74DFC0A22074608F105010130B5
S21401B7301FF0A6FB0C210DEB010003F049F903AB4A
S21401B74003CBC7F80B00C7F80F10059B07F10B02D8
S21401B750C7F813300DB30A21284619F07BFC28469A
S21401B760FFF72EFC2946204619F072FC4FF4807133
S21401B7702046C9F80C6018F070F90321204618F02D
S21401B7808AF900250346214601200C4A009519F046
S21401B790E3FC284607B0BDE8F083204607F1130313
S21401B7A0012118F08AFD2046314619F051FC204649
S21401B7B0C9F80C5018F09DFDDFE700BF1B560300CB
S21401B7C0F0B589B00D46044619F021FFAB79002883
S21401B7D000F0A3800C33EA18EB5C033B082B00F265
S21401B7E03881DFE813F0090036013601840036019E
S21401B7F0360136015D007E00D2F80100D2F8051050
S21401B80003ABB2F8097003C302F1130301210B3233
S21401B810204618F052FD0421284619F01BFC284644
S21401B820FFF7CEFB06460C2105A803F0D1F805ABC1
S21401B83003CB3346C6F80100C6F80510079A002167
S21401B84043F8092F2046721C18F037FD21460020C8
S21401B85018F0F8F8034603AA478303CAC3F8120090
S21401B860C3F8161020460821FDF75CFD4FF4007161
S21401B870204618F0F2F8204618F03BFD29462046EF
S21401B88019F0E6FB0321204618F005F903460020CF
S21401B8902146714A009019F05FFC012009B0F0BD05
S21401B8A00B21284619F0D6FB2846FFF789FB2946C7
S21401B8B0204619F0CDFB15F090FD05464FF440717A
S21401B8C0204618F0CAF84FF48051204618F0CDF8FB
S21401B8D0284615F088FD4FF48061204618F0C8F818
S21401B8E0DBE7284615F0F2F84FF40071F5E706217C
S21401B8F0284619F0AFFB2846FFF762FB204618F0F2
S21401B90058FB2946204619F0A3FB204618F017FDE0
S21401B9102146002019F05FFCBFE72B441B7B043B4C
S21401B920072BBBD801A252F823F000BF4DB9010086
S21401B93073B90100D5B901009DB801009DB8010099
S21401B9409DB801009DB80100EBB9010020464FF4F7
S21401B950007118F082F8AA7920460C322A4402F1C6
S21401B96009030021013218F0A8FC284615F0AEF8AC
S21401B97093E74FF48060FFF7EFF9B0B100274FF47B
S21401B9800061204618F069F82046CDE90577FDF7F5
S21401B990B3FC0646204618F05CF839460346009587
S21401B9A005AAB0B219F0E4F977E72146012018F0AC
S21401B9B049F800F11201204618F0D6FC0621284667
S21401B9C019F048FB2846FFF7FBFA2946204619F0EE
S21401B9D03FFB62E7284615F079F82146012019F069
S21401B9E02AFC204618F0ABFC57E715F0F6FC064695
S21401B9F04FF40071204618F030F84FF4805120467D
S21401BA0018F033F8304615F0EEFC4FF4C0612046CE
S21401BA1018F02EF82946204619F01AFB2146012077
S21401BA2018F010F8C268054682B1937901210C33EB
S21401BA301A4402F1130320460B3218F03EFC20464E
S21401BA4018F057FC2046E96819F002FB0023EB606A
S21401BA5023E7002022E700BF1B56030010B5074C62
S21401BA6007492046002219F0C2FC2046FFF730FAAB
S21401BA70BDE8104001200021FFF774B9982000208E
S21401BA80C1B7010038B505460C4617F0E4FF00F0D3
S21401BA901800102806D121462846BDE83840044A39
S21401BAA019F03ABC204615F011F80C2038BD00BF3D
S21401BAB0C5B6010038B50C468B7905460C331944DA
S21401BAC0E35C142B03D0152B0FD0002038BD0131B9
S21401BAD019F075FE15212846224619F0B8FE2146B2
S21401BAE0284619F0B5FA0120F0E70146012017F0C3
S21401BAF0A9FF0B4B82689A4203D0204614F0E6FF5A
S21401BB00F1E7A179284621440D3119F058FE204667
S21401BB1014F0DCFF2946012019F05DFBE3E700BFC6
S21401BB20A358030037B504460D460A46142119F0FA
S21401BB308EFE2946204619F08BFA0321204617F07F
S21401BB40AAFF30220346009221460120024A19F03C
S21401BB5003FB002003B030BDA358030010B5074C0B
S21401BB6007492046074A19F042FC2046FFF7B0F97C
S21401BB70BDE8104020200021FFF7F4B8A4200020E3
S21401BB80B5BA0100A758030073B51E46ADF80020EC
S21401BB908DF80230009B044601A801930D4611461C
S21401BBA019F0F7FD9DF80630B34203D1BDF8043015
S21401BBB08B4205D0284614F089FF122002B070BDD2
S21401BBC0204618F094F89DF80230827A9A4209D1FC
S21401BBD08288BDF800309A4204D1284614F076FFD8
S21401BBE00020EBE76946204618F03DFB2946204633
S21401BBF0014A19F091FBE1E725BB01002DE9F0416F
S21401BC0016461A4307460C461D46BDF8188005D150
S21401BC102046BDE8F041114619F098BE414620463F
S21401BC2019F074FA78B12146384617F00BFF402315
S21401BC308674C5742146069338464346BDE8F041EE
S21401BC40024A19F089BABDE8F08100BF055A03001F
S21401BC50F7B505460E460146012017F0F3FE0368C8
S21401BC6013F0F00F03D02946012019F0E4FA284614
S21401BC7018F0A4F9B3790C3333445F789B781F40EE
S21401BC800378C3F3030000EA1310384019F038FEB6
S21401BC90044668B9284619F03CFE384019F030FED3
S21401BCA0044628B9284618F08CF901F0A1FF04468D
S21401BCB02846002118F01DF81721304619F0CAF958
S21401BCC03046FFF77DF9314644708470284619F0F6
S21401BCD0BFF90321284617F0DEFE402203460092F4
S21401BCE029460020024A19F037FA03B0F0BD00BF1A
S21401BCF0BB59030008B581B2074818F0E3FB0120E1
S21401BD0000F0E6FC30B9054A536919075CBF43F0F9
S21401BD100403536108BD00BFB8200020B0200020F6
S21401BD2001238340DB43064901F1240252E8002F38
S21401BD301A4001F1240C4CE800200028F4D1704789
S21401BD40B02000200123074A03FA00F002F1240381
S21401BD5053E8003F034302F1240C4CE8003100296C
S21401BD60F4D17047B0200020044A4FF08040536A57
S21401BD7043F40023536203F0ABB900BFB0200020A8
S21401BD8038B50E4D044601F085FBE86B18B114F08A
S21401BD909DFE0023EB6318F0A5FB0948FEF722FC85
S21401BDA0AB6B0BB1FFF7E0FF2146044800F0E8FC5F
S21401BDB0BDE8384003481FF0E6BB00BFB0200020B6
S21401BDC0B8200020D0200020034B586A10F0050050
S21401BDD001D1FFF7D5BF7047B020002038B54FF02E
S21401BDE010131D4C0122E3624FF4E063238647F6ED
S21401BDF0FF730025A4F8603094F86730656262F33B
S21401BE00030384F86730154A154BC4E91632FFF769
S21401BE1003F84FF48073A4F84830124B84F85600A8
S21401BE20E361114B65611A6829461378527804F16B
S21401BE30080013445B106376A4F8BC50A4F8B45011
S21401BE4018F040FB294604F1940018F03BFBBDE8CE
S21401BE5038401AF0A5B800BFB0200020555555004F
S21401BE60D6BE898E8B5C0300802000202DE9F04130
S21401BE701F4C9846636A0F46D90715469DF81C6005
S21401BE8033D460B30120FFF75DFF626A9DF8183076
S21401BE9022F4C07242EAC312052E626284F854602C
S21401BEA007D101F0E5FF68B96D00ADB2BD4228BF0C
S21401BEB03D4694F854309A0715D413F0040F14BF76
S21401BEC003260126012094F86730A78566F303034D
S21401BED084F86730E58584F83080BDE8F08101207C
S21401BEE0FFF71EFFD1E70226ECE70020F5E700BFCB
S21401BEF0B0200020024B586AC0F38000704700BF94
S21401BF00B020002010B51D4CFFF7F4FF636A13F054
S21401BF10010313D1A8B994F8663094F83110253B83
S21401BF20DBB20133DBB2032B28BF002341FA03F255
S21401BF30D207F6D5253384F8663018E094F85430E5
S21401BF4010B194F85520134303F00503052BE2D1F5
S21401BF5001F08EFF0028DED194F8673003F00F025F
S21401BF60012A05D1032262F3030384F8673010BD6A
S21401BF70012262F3030384F86730CCE7B020002087
S21401BF80024B586A00F00100704700BFB020002045
S21401BF90F8B5434C0546636923F01003636101F06D
S21401BFA079FAB4F8BC302BB9A36813F4601F08BF44
S21401BFB0A4F8BC303A48012100F0E2FB394BE361BA
S21401BFC0636A580429D41DB9636943F01003636199
S21401BFD019F045FF40F27121E28DE66C151F4D43C5
S21401BFE0AE42236DA78D2DD2A3F5967301FB0733C1
S21401BFF0E768181A23893B44834223DA514363696D
S21401C000891B43F0100363618142D4BF2161206123
S21401C0102348BDE8F84000F065BBA26A6168521A81
S21401C020002AD0DA23F0010343F400436362FFF7EA
S21401C030CBFE4FF0804003F04BF8FFF75BFF002884
S21401C040C1D1F8BD40F271277A43A2F5AF722261E1
S21401C050FFF758FF236DA28DAE4207FB02336360E4
S21401C06023654FF00003E3640F4B0CD31A68616A33
S21401C070137B4907617E4CBF927912780B44934239
S21401C0800CDC6376C4E7626A1B685207197B4CBFF7
S21401C090DA795A78637E5B1A9342F2DA6276B7E708
S21401C0A0B02000208B5C03008020002008B5FFF73D
S21401C0B021FFB0B10B4B586A20F0040210F00100CA
S21401C0C05A6203D1BDE80840FFF75ABE01F0E2F913
S21401C0D018F008FAFFF748FEBDE808400020FFF711
S21401C0E057BF08BDB020002038B505460D4C80B1BD
S21401C0F00320FFF715FE002384F845300123A4F83A
S21401C10046300420FFF70CFEBDE838401020FFF74C
S21401C11007BE0520FFF704FE012384F8B650A4F8F5
S21401C120B830EEE7B020002070B53B4C1646636A87
S21401C13003F0010270B95AB115F04FF9636A05466A
S21401C14023F001036362FFF73FFE284615F04BF923
S21401C150002070BD002AFBD19B0704D5E36BBBB161
S21401C1600120FFF7C1FF94F8303003F0FD03012BE7
S21401C17016D015F032F90546C6B10E20FFF7E2FDDE
S21401C18019F06DFE42F2107303FB0600A06210E088
S21401C19002201FF0BCFBE0630028E1D10720D8E7AE
S21401C1A0FEF73CFD0028E4D11220D2E70E20FFF76F
S21401C1B0B7FD0020FFF7C6FD636A13F00403C4D180
S21401C1C040F27122E364E38DE260023B5343236154
S21401C1D019F009FE0323B0FBF3F303EB4303C31A81
S21401C1E0253384F86630FFF78DFE19F038FE60605F
S21401C1F02065B4F8BC00002808BFF520FFF77AFDDB
S21401C200064B05481A681378527813445B10637618
S21401C21000F068FA99E700BFB020002080200020D7
S21401C220274B70B55A6A0D4609B3160747D503F171
S21401C230450603F1460428B3D1061FD52388012BF2
S21401C2401CD95B0804202380FFF76AFD1020FFF746
S21401C25067FD19F0C8FD2388B0FBF3F202FB13005B
S21401C260307055B30320BDE87040FFF759BD940602
S21401C27025D503F1B60603F1B804DCE70420FFF781
S21401C28061FDE3E7D20314D5B3F84610B3F84820AE
S21401C29091420ED222881020520092B22280B3F828
S21401C2A04830934228BF13462380FFF739FD042008
S21401C2B0CDE71020FFF746FDF9E70520D3E770BD6F
S21401C2C0B02000202DE9F04F002783468946304CE8
S21401C2D08BB0A56B636BAE79C4E90D770C3607930B
S21401C2E005EB0608D8F824A002F008F9AA5D08F1C3
S21401C2F00806C2F3C01231460DF127008DF827203B
S21401C30017F055F8CDE904B9636A5246C3F38023A2
S21401C3100393FF2302939DF827303946CDE9006346
S21401C320079808F10E03FDF74DFB284614F0CEFBE7
S21401C330636A23F02402D907626205D40120FFF75D
S21401C3401FFD0BB0BDE8F08F124B94F854501A68DD
S21401C350052D1378527813444FEA6303637602D1AE
S21401C36001F086FD40B994F854309A070ED413F0C4
S21401C370040F14BF0325012594F86730012065F3E7
S21401C380030384F86730FFF703FEDAE70225F3E7D5
S21401C390B02000208020002070B58AB005466B468C
S21401C3A0484AAC7910685168127A03C30C340820E5
S21401C3B01A702C44FEF7D0FC20B101222846A11D9C
S21401C3C01FF0C4F80021A379CDF821108DF80F30A5
S21401C3D0A37AADF8251003F00F0303F128026A448F
S21401C3E012F8282C8DF82010ADF81020062B08D84E
S21401C3F0DFE803F0044F07075F074B000D20FFF748
S21401C400A1FCA37A0DF11301C3F380138DF812304A
S21401C410E3680DF11200CDF81330238A09AEADF8AA
S21401C420173000231A4616F0ADFFE3791C218DF86C
S21401C43019304FF47F43ADF81A307F238DF81C3046
S21401C440637928468DF81D300023ADF81E30AB7990
S21401C45003AC1233AB711FF0D6F8AB792B440C3317
S21401C460224603CAB24218605960144603F1080313
S21401C470F6D110682946186013481FF06BF94FF083
S21401C480804002F025FE0AB070BD0D20FFF748FC83
S21401C490B7E7D4F81230CDF82130E38AADF825306D
S21401C4A0EB79063BEB71A37AC3F3C0138DF820300A
S21401C4B0A7E7064B5B6A9B0444BF42F00102ADF856
S21401C4C010209EE700C70300D0200020B0200020E7
S21401C4D070B583790C33C4182379DA0702D44FF088
S21401C4E0FF3070BDA37AE27A03F00F05082DF6D867
S21401C4F0062D01D92846F4E7911F1F29EFD8012DF3
S21401C5001FD10C2AEBD1244E736A13F0060F01D10A
S21401C510DB05EFD416F043FF20B916F037FF0028ED
S21401C520E8D1DCE7A37A96F83020C3F3C010B2EB6B
S21401C530D31FD4D104F1120100F00100FEF71EFB57
S21401C540EDE7042DD6D11449144A486A0240002A60
S21401C550C5D0C96B0029CDD08A79C3F380130C32BC
S21401C56088188A5CB3EBD21F08D016F018FF002893
S21401C570C0D116F002FF0028BCDBB0E704F10C01C5
S21401C580062208301EF06CFC044616F008FF002850
S21401C590B0D1002CAED0ECE7B0200020080004009B
S21401C5A0F0B5184C87B0606B00B3A76BBE79FCF78B
S21401C5B0A3FE0223FF210C36BA5DCDE90431BD1975
S21401C5C095F8233000215B090393AB8BD2090293C4
S21401C5D06B8B80B201932B8B009305F1080318F047
S21401C5E0DDFA606BFDF730F900236363A06B14F08E
S21401C5F06DFA0023A363636A23F00403636207B042
S21401C600F0BD00BFB020002013B5154C14F0E5FEB8
S21401C610236A01930023236214F0E5FE019BA3B96C
S21401C620636A1A0406D517F0D1FFA0B1636A23F432
S21401C63000436362636A1B0305D5FFF7B1FF636AB4
S21401C64023F40023636202B010BD01A81EF0B9FFF7
S21401C65018F027F8E2E74FF0804002F039FDE9E7ED
S21401C660B020002010B5074C2368DA0607D523F062
S21401C6701003236018B90120A16816F057FE0023A5
S21401C680A36010BD70210020014610B504460220AB
S21401C69016F04CFE054B1B68D90305D463691A07CF
S21401C6A05CBF43F00403636110BD00BF702100202E
S21401C6B0014BD868DC38704770210020034B10B559
S21401C6C0DC6819F0CCFBDC3C201A10BD7021002080
S21401C6D0034B1B6813EA004314BF01200020704778
S21401C6E07021002038B500230360436904465807CB
S21401C6F00DD5204650F8081FC90C01F4FC7141F015
S21401C7000501FDF71DFF636923F004036361636997
S21401C710D90602D519F0A3FB60601848024652F804
S21401C720043F8BB92360146083684BB1617E5A7EE7
S21401C730914219D26269D2060ED50020FFF792FF08
S21401C740BDE8384018F0FDBB59686568491B0029EB
S21401C750E8DA1A461B68E4E75A681B6913446268FC
S21401C7609B1A002BECDBE8E71A895B68D31A626830
S21401C7701344E268D342E3D5DFE700BF702100200F
S21401C78038B504460A4D0846AB68A34201D1FFF707
S21401C79069FF6B68074A1BB1A342196804D111608F
S21401C7A0BDE8384018F0CDBB1A460B46F3E700BF8C
S21401C7B070210020742100202DE9F047754D2B686B
S21401C7C05B0700F1AF80AB68002B40F0AB8055E80B
S21401C7D0003F43F0040345E80032002AF7D16C68B5
S21401C7E09CB119F03CFBD4E9043717F0100F06464C
S21401C7F0A26819D010FA82F262602068D4F8048028
S21401C80038BBDC334344C5E9024355E8003F23F017
S21401C810040345E80037002FF7D1AC68002C74D12B
S21401C820BDE8F04701F0BEBC606892B2811AFF070E
S21401C830A1EB060109D40029DFDAE768DF1BCF4246
S21401C84005D432441844831AD6E70029D5DA20469F
S21401C8504FE041690289CF06D0F804E048BF06EBF5
S21401C860020EAEEB020211F0010C11BF1146D0E927
S21401C8700371C91B891808EB03077F1A002F28DDEF
S21401C880BB4205D9E768A1EB0801DC378F423AD9EC
S21401C890D4F814A01AF0010F1DD12169D0F80C901C
S21401C8A027894144A1EB0901C91BE768A1EB0E01E9
S21401C8B0DC37B9420FDD971BBCF1000F03D10169CC
S21401C8C0A1EB09010F44002F05DB4B46C0F804E03D
S21401C8D00446006892E7477E617E8F42F9D2921B3A
S21401C8E0BCF1000F03D1D0E903135B1A1A44002AE6
S21401C8F002DAFFF7C9FE72E71AF0100FA7D0C36875
S21401C900C0F804E0E4E70B46E3E7A36813F4601F0E
S21401C910C3F3C24008D121462B6843F010032B60B5
S21401C92016F004FDBDE8F08704F108063046FDF771
S21401C93015FE2B68214643F010032B60F8B916F05C
S21401C940F5FCA36813F4601F4FEAD341C3F3C24555
S21401C95017D0013DEDB201F4FC7130462943FDF7D5
S21401C960EFFD03213046FDF757FE75B1A268237E21
S21401C9701344120C9BB212041343A360D2E7384649
S21401C980CEE703213046FDF747FE3046FDF72AFE87
S21401C990ECE700BF7021002008B5034B996809B188
S21401C9A016F0C4FC08BD00BF70210020014B98683A
S21401C9B0704700BF702100200A4B70B59C68844206
S21401C9C00FD12146012016F0B1FC6668258919F0C1
S21401C9D046FAAD1BC54221464CBF0020022016F088
S21401C9E0A5FC70BD70210020054B1B681B6A13F067
S21401C9F0100003D013F0030018BF0120704700BFDA
S21401CA008021002006222DE9F341344B06469C681E
S21401CA108846A5790C35635D671903F04F036355A6
S21401CA20838D7A70103B0D2B31D8DFE803F053303D
S21401CA304F07300C303030303030300C635D6FF3E0
S21401CA400303635523E00123625D006A63F3030277
S21401CA5062550C2210F4006F7A7006F12E0107F170
S21401CA6008020CD001924FF0FF32C0F380200092F2
S21401CA701A4616F090FC635D43F08003E1E7D6F8B2
S21401CA802E30BB608B889380336A5B05F3D4B28DFE
S21401CA90635D304662F345136355B91C19F02CFAF1
S21401CAA0635D60F386136355A3797A780233134482
S21401CAB0E371B38D03F01403142B04D0B8F1000F07
S21401CAC0C4BF42447A7002B0BDE8F081635D62F390
S21401CAD00303B6E70222635DF9E700BFAC1E002040
S21401CAE038B5294904460B7D4A7D0133DBB2B3EBE9
S21401CAF0921F0B7503D3032300200B7538BD016A03
S21401CB00C90234D5032390F87E20243A92FBF3F32E
S21401CB1003EB4303D21A2532D2B2A18D94F87F30AB
S21401CB2011F01001B4F9340084F87E2003F00F03ED
S21401CB3023D119F00CFA01F07DF8B4F9782004F14C
S21401CB407005824204D0A4F8780001F04BFD68819C
S21401CB50284601F071FB00221146104616F0E8FB4C
S21401CB6094F87E00002119F0F1F90120C6E75B0078
S21401CB701A4102F003022532CFE702461946002089
S21401CB8001F02EFED7E700BFAC1E00201F4B2DE99B
S21401CB90F04104461860006C1EF07AFD01462046FE
S21401CBA0FFF730FFA38D1A4E03F01403142B0CBFAE
S21401CBB00022226CB36820461A60FFF791FFFFF748
S21401CBC013FF144B051E144808BF184601F004FD58
S21401CBD06369676803F0100819F041F96D000346B0
S21401CBE0627EE8B2B8F1000F03D1FF1AB7F59B7F5A
S21401CBF007D5114601F086FBB068BDE8F04101F0AB
S21401CC0055BB616819F031F9F6E700BF80210020B5
S21401CC10AC1E0020A9CC0100F5CE010070B505467A
S21401CC20FFF7E2FE104B041E104808BF184601F03D
S21401CC30D3FC2846FFF754FF0D4E054660B1336816
S21401CC406000597E00F0FE0001F05CFBBDE870401C
S21401CC50084B986801F02ABB01F0BEFC29463068F3
S21401CC60BDE87040FCF732B8A9CC0100F5CE010052
S21401CC7080210020AC1E0020034610B5094C052B70
S21401CC8020680AD0062B0CD1002001F0A5FC2068F4
S21401CC900121BDE81040FCF719B8BDE81040FFF7C8
S21401CCA0BDBF10BD80210020032803D1024B1868A8
S21401CCB0FFF7B4BFFFF7E0BF802100200C4B03282D
S21401CCC010B51C680FD1206C1EF0E2FC0146204610
S21401CCD0FFF798FE074B226C9B682046BDE8104084
S21401CCE01A60FFF79BBFBDE81040FFF7C5BF00BF46
S21401CCF080210020AC1E00202DE9F8438B790646E2
S21401CD000C33CC182379DA0703D44FF0FF30BDE893
S21401CD10F883E77A252FF8D83C4B9A6893790C3339
S21401CD20D118D35CA27AC3F38013B3EBD21FECD134
S21401CD30056A0622EB064CBF0231043104F11200EB
S21401CD401EF08EF80028E0D194F80A9016F027FB22
S21401CD5005F4C04580F001032A1EC9F3801904F1C9
S21401CD600C08414618BF01224846DBB219F087F885
S21401CD70014658B1A37A03F00F03032B16D1336A89
S21401CD809807C2D50C2FC0D10320C0E716F00DFBC3
S21401CD900028BAD1A37A03F00F03002DEDD0032BA0
S21401CDA085F4C04513D1A904AFD5E8E7052BACD16E
S21401CDB0306AC207A9D500F01403142B0CD004F175
S21401CDC0180018F0CAFF00289FD005209FE7052B02
S21401CDD09BD16B04ECD498E706F12E052946C0F3E7
S21401CDE0802016F0D1FA0028E9D1A27A336AC2F37C
S21401CDF08012C3F380239A4287D1062229464046F1
S21401CE001EF02EF80028DAD07FE700BFAC1E002007
S21401CE102DE9F74F00244FF0FF31074601A8019492
S21401CE2001F048F8019949B13846FFF765FF032834
S21401CE3006D005284BD001A81EF0A5FB01203FE037
S21401CE40DFF8A880284801F0C7FBD8F80030204654
S21401CE50597E01F079FAD8F800B0DFF89490DBF843
S21401CE604400D9F808601EF013FCB47905460C346A
S21401CE70335D06EB040A03F0400343F00403335525
S21401CE800AF10201584619F037F8335D002D60F3B8
S21401CE9086133355D8F80030D9F808005B6CA4BF68
S21401CEA006358AF80150036001F000FAD8F8003020
S21401CEB01B6ADB0407D53846019916F00EFD0020E3
S21401CEC003B0BDE8F08F01A81EF05DFBF7E70198FF
S21401CED001F0A6F83846019916F0A8FC0028ADD056
S21401CEE0204601F079FBEAE7BDCC01008021002055
S21401CEF0AC1E00200E4A032810B5146805D004287D
S21401CF0009D0BDE81040FFF7B7BE617E0120BDE83D
S21401CF10104001F0B5B92046FFF77AFF30B101F0B5
S21401CF20EDFA2046BDE81040FFF778BE10BD00BF01
S21401CF308021002038B50D460446002001F04CFB48
S21401CF4001F0DCFA29462046FCF70AFA0022014BDA
S21401CF501A6038BD842100200123074A03FA00F035
S21401CF6002F1140353E8003F034302F1140C4CE8AA
S21401CF7000310029F4D17047C41E0020F8B5244FB3
S21401CF8005467B690C4613F4C07F03D099063BD453
S21401CF9001200CE039B15A0705D4D5F8A43013B9ED
S21401CFA00820FFF7D9FF7B699B0601D50020F8BD55
S21401CFB07B7FAE6A022B06F0080604D916B114B9B7
S21401CFC00220F4E7E4B995F8921095F83701063196
S21401CFD000F00F0000F0E8FD85B20EB904B16D0057
S21401CFE0FFF76CFBA8420DDB7B6913F01C0FDDD14C
S21401CFF01EB1002CDAD10520D9E7002CFBD1D5E7EC
S21401D0000320D4E70420D2E7002CCFD0C3E700BF2B
S21401D010C41E002038B50446114D4FF480616B697B
S21401D020283043F400736B6118F0C8FE01212046D6
S21401D03016F01EFD00212046FFF7A0FF014620B195
S21401D0402046BDE83840FFF775BF6869617E80F409
S21401D0508070C0F30020BDE8384001F011B900BF70
S21401D060C41E002038B504460B4B186000F59470BA
S21401D07001F0E2F82046FCF73FF9C4B2204616F06C
S21401D08063F90546204616F061F929460246022054
S21401D09016F04EF938BD00BF8421002008B50020E7
S21401D0A001F09AFA01F02AFA0022014B1A6008BD33
S21401D0B08421002010B50446FFF7D4FF064801F08E
S21401D0C08BFA6168226C637E1120BDE8104001EB8B
S21401D0D0920201F0B7B900BFA5D301003F4B37B5A7
S21401D0E01C680023A26A01935005D4F8A03012D51B
S21401D0F004F1A40001931EF064FAC4F8A00050B134
S21401D10094F846314FF48061013B84F8463104F1CE
S21401D110280018F053FED4F8A0500DB9304B9D6886
S21401D12094F94631022B0DDCD4F8A83013B1A36A6A
S21401D130D90502D5D4F8AC3023B14FF4805120463E
S21401D140FCF7F0F8D4F8A410A36A002914BF012153
S21401D1500021AA794FEA830302F10C0203F00C03C3
S21401D16043EA0113A95C21F01C0143EA0103AB5415
S21401D1700DD11B4A02F1140353E8003F23F00803C4
S21401D18002F1140040E800310029F3D102E0032047
S21401D190FFF7E2FE284601F089F8019B53B15B795F
S21401D1A003F00A03082B02D12046FCF7BFFB01A8B7
S21401D1B01EF0E9F96B799A070ED5A36A1B040BD505
S21401D1C00820FFF7C9FE4FF4004104F1280003B020
S21401D1D0BDE8304018F0F2BD03B030BD8421002018
S21401D1E0C41E002000232DE9F04385B00446032128
S21401D1F003A8039300F05EFE039D35B9F421204693
S21401D200FFF798FE05B0BDE8F083AB79644F0C33A9
S21401D2101D442A797B69D6074ED4DD064CBF07200C
S21401D2200420FFF799FE002601212046FFF7A6FEFF
S21401D230054650B97869617E80F48070C0F300209D
S21401D240400001F081F8FFF749FF039800F0E8FE7F
S21401D250DDF80C807A6998F80630510603F10C0364
S21401D26008EB030915D458F8033006203B61FFF795
S21401D27073FEA36A1A060CD404F1280252E8003F92
S21401D28043F0800342E800310029F7D10120FFF77F
S21401D29063FE4946204616F0F1FB99F80430DB0799
S21401D2A07BD5002E52D11DB129462046FFF742FEFE
S21401D2B003A800F0D9FCA5E7012023F010037B6149
S21401D2C0FFF74AFEAE7AF0062FD50220FFF744FE9E
S21401D2D0A36AAA7A83F00203C2F38002C3F340036F
S21401D2E09A422FD14FF4006104F1280018F066FD30
S21401D2F050E8002F42F4806240E80023002BF7D16B
S21401D300A26A82F00202A2627B77AA7AA36AC2F3B9
S21401D310C00203F001018A4285D183F0010316F0B1
S21401D320030618BF0126A3627EE707F1140353E83C
S21401D330003F23F0040307F1140141E80032002AFC
S21401D340F3D1C5E77B7F0133DBB2DDE72046FBF790
S21401D350D3FFC0B215F0F8FF06462046FBF7CCFF18
S21401D360CDF80480A38F82B20093314600230220B9
S21401D37015F0E6FF4FF0FF3103A800F09BFD03997F
S21401D3808B790B44DB7D002B8DD02046FCF7ECFA25
S21401D390002D3FF437AF294631E7002E83D0E9E769
S21401D3A0C41E002008B50346114A042B10680BD092
S21401D3B002D8032B18D008BD053B012BFBD8BDE8CE
S21401D3C00840F121FFF7B6BDFFF70CFF094A02F14D
S21401D3D0140353E8003F23F0200302F1140040E851
S21401D3E000310029F3D1E6E7BDE80840FFF712BE99
S21401D3F084210020C41E0020164B033810B51C687B
S21401D400032818D8DFE800F00702181E2046BDE8FA
S21401D4101040FFF7E7BE2046FFF7FCFD0E4A02F17B
S21401D420140353E8003F23F0200302F1140040E800
S21401D43000310029F3D110BDF1212046BDE810408E
S21401D440FFF778BD4FF4806104F1280018F0B6FCB0
S21401D450F221F2E784210020C41E002010B5044604
S21401D460FFF700FE054801F0B7F8FFF737FE627ECA
S21401D47061680220BDE8104018F0F7BCF9D301003E
S21401D480034B5B6A13F0060F0CBFE220F1207047D6
S21401D490B020002008B5FFF789FA054B834206D174
S21401D4A001F02CF8BDE80840002001F095B808BD51
S21401D4B0B020002070B5214C214801F08DF894F879
S21401D4C0673094F86620002103F00F03C82018F097
S21401D4D03EFD00F0AFFBB4F96020824205D0A4F80F
S21401D4E0600001F07FF8A4F86200164800F0A4FE80
S21401D4F000221146104615F01BFF666818F0AFFCB7
S21401D5000246FFF7BDFFB61AB6F5FA6F054609DC07
S21401D510FFF7CEF8627EA0F5AF712846BDE87040F1
S21401D52000F056BF6668FFF7C3F83146637EA0F584
S21401D530AF722846BDE8704000F084BFB0200020DE
S21401D540DDD901000821002038B500F0D7FFFFF72C
S21401D550B5F8B0F5967F0D4C0CDDFFF791FF05464B
S21401D560FFF7A6F8627EA0F5AF712846BDE8384001
S21401D57000F02EBF18F073FCE36C62689B1A03443C
S21401D580E3640020BDE8384018F08CBBB0200020D2
S21401D590F7B5104C064694F845500F462DB10020BD
S21401D5A0013D84F8455003B0F0BD0B4B02201B68CB
S21401D5B0597800F0C9FE94F830303A46CDE9005368
S21401D5C031460323E06B18F09EFBE06B00F06EFE25
S21401D5D00120E8E7B020002080200020094A02F15F
S21401D5E0240353E8003F43F0080302F1240040E817
S21401D5F000310029F3D1044B01201B68597800F053
S21401D6003FBE00BFB0200020802000200289438951
S21401D61040F271205B004343D0B25B1A4343120AC7
S21401D620B3FBF2F3024A126811445818704700BF60
S21401D630B423002030B58C1AE41A002C08DA124CF8
S21401D640551A64681D44B5FBF4F505FB04442144F2
S21401D650134440F2E242CB1AB3FBF2F39BB2428987
S21401D6602BB940F27124530004FB03111346013217
S21401D670B3FBF2F402FB1432028140F2E2409B1A41
S21401D68000FB131030BD00BFB42300202DE970430A
S21401D690064618469DF8183089461446E3B9C31E57
S21401D6A0012B8CBF02250325222100F07DFA40F2D2
S21401D6B07128154B6D005B6808FB05F581446BB15D
S21401D6C021463046FFF7A2FF4A460146ABB2304636
S21401D6D0BDE87043FFF7AEBF0125E5E773893489DE
S21401D6E00133B4FBF3F203FB1244F37934815B009C
S21401D6F0640008FB03F308FB04F404EB530404EB97
S21401D70009002844BDE87083B42300202DE9F041C8
S21401D710134E8046736A5B071BD58B790C33CF1883
S21401D720C8B9FD79CC582846398900F03DFA044439
S21401D730B8F1000F11D1033D012D94BF032302233D
S21401D74040F271225B0002FB034434647B7986F865
S21401D7504430BDE8F0810125E4E70123F0E700BF8E
S21401D760B02000202DE9F04F16468DB0021E06911E
S21401D77008BF00211F46954B05929D6B5B6AAC79ED
S21401D78038460C342A5DC3F3801A61F345122A55D4
S21401D790314603F04002039215F003FE05EB040840
S21401D7A00790285D08F1080B5946C00915F0F9FDE8
S21401D7B0039B8146002B44D1002844D115F0EFFD90
S21401D7C080F00103DBB252463146384603F00103CE
S21401D7D018F055FB0490002800F08A80039B002B6C
S21401D7E033D1B9F1000F75D1079B002B72D015F01C
S21401D7F0C7FD00286ED001220AA90DF1270015F0F9
S21401D800D2FD002874D09DF827302A5D591E4B4260
S21401D8104B41B3EBD21F6BD1062258460AA91DF025
S21401D8201FFB002864D13368C8F80830B388ABF80A
S21401D83004302B5D67F3C7132B554FF00009CA461A
S21401D84019E00123BFE7039BBDE7604B5B6A13F456
S21401D85000791CD115F804A0CAF3801A484615F0C1
S21401D860A7FD3368C8F80830B388ABF804302B5DE1
S21401D87067F3C7132B55059B544E002B3ED196F8E4
S21401D880B630002B3AD0013B86F8B63030E015F0C2
S21401D89074FD002806DA15F804A04FF00009CAF353
S21401D8A0801ADBE700221146104615F076FD15F8C2
S21401D8B004A08146CAF3801A0028CFD00023022193
S21401D8C01A4608EB010018F0F6F92B5D60F3861393
S21401D8D02B55C3E77A1E57422B5D5741B7EBD31F33
S21401D8E006D10622314658461DF0BAFA0028A4D0C1
S21401D8F00023049304980DB0BDE8F08F18F0AFFA3A
S21401D900074616F09BF8059B02463946009308F138
S21401D9100E009DF85830FFF7B9FE2D4B059A0746C5
S21401D9201B68A2B95978022000F00EFDB06B00F01A
S21401D930BDFCB36B9A7913441F63FFF737F8254B89
S21401D940C361069BBBB9736A23F4806316E0D97979
S21401D950002000F0F9FCB06B00F0A8FCB36B1E4889
S21401D9609A7913441F6300F037FE069BC3B9736AA6
S21401D97023F4806317E0736A43F480637362039B46
S21401D9809BB1B9F1000FB5D0002351461A4608F1F4
S21401D990020018F090F92B5D60F386132B55A9E76A
S21401D9A0736A43F480637362EBE72B5D0022C3F373
S21401D9B0C01359460AA88DF8283015F0F4FC2B5DE3
S21401D9C09DF8282062F3C7132B55DAE7B020002014
S21401D9D080200020E34403007DDB010004282DE9BC
S21401D9E0FF471ED005D8032800F0B98004B0BDE873
S21401D9F0F087431F012BF9D805384FF0010118BFF6
S21401DA000120FEF70DFC18F02AFA5A4AD36C516829
S21401DA105B1A03440020D36404B0BDE8F04718F055
S21401DA2041B9002403A84FF0FF31039400F042FAF5
S21401DA30039858B1FEF74CFD0828074603D84E4B0D
S21401DA401E5C31070AD403A81DF09DFD494B5B6A95
S21401DA5013F0060F0DD0FFF777FD0AE00728039DA8
S21401DA600ED122462946434816F032FD0446002CC4
S21401DA70ECD00121084604B0BDE8F047FEF7D0BB64
S21401DA80DFF8F080D8F8244014F0040410D016F023
S21401DA9002040DD00120AA790C322A44917A009012
S21401DAA0C1F380130C32C1F34011FFF75BFE04464D
S21401DAB0284600F0B5FA29460120FFF727FED8F8D8
S21401DAC02430DA072DD503F0800A95F8069015F074
S21401DAD066FC09F10C09A94480F0010399F80A00D3
S21401DAE0BAF1000218BF0122DBB209F10C01C0F342
S21401DAF0801018F0C4F960B12CBBD8F82430284641
S21401DB009B0731D5F40710D473072FD5FEF744FCD5
S21401DB109CE7BAF1000F04D1514615F046FC0028E7
S21401DB20EAD0284612F0D2FFA1E718F05AFA0446C6
S21401DB3048B1A8790C302844817A0C30C1F38011A1
S21401DB40FFF726FD0446042F03D1D8F824309907A1
S21401DB50E7D57207E5D52846FEF71EFC87E704B031
S21401DB60BDE8F047FFF73ABD042FCDD112F0AEFF66
S21401DB706CE700BFB02000200AC70300032808B5E1
S21401DB800AD1074800F028FD064B012093F94410FE
S21401DB90BDE80840FEF796BBBDE80840FFF71EBF8C
S21401DBA0DDD90100B0200020064B10B55B690C469C
S21401DBB010B101F065F8034618795B8804FB003064
S21401DBC010BD00BF900F0020084B10B55B690C46D6
S21401DBD010B101F055F803465A88A2423DBF1B79A1
S21401DBE0A41AB4FBF3F0002010BD00BF900F002074
S21401DBF00138C0B203289ABF014B185C0020704759
S21401DC0013C703008BB200294FF00A01B4BF053BCE
S21401DC1005331BB293FBF1F3014A108093707047F2
S21401DC20FE2A0020024B9B78C01A40B2704700BF04
S21401DC30FE2A0020024B1B88C01A00B2704700BFA4
S21401DC40FE2A0020074B186840F20D1338B9002B46
S21401DC50C1BF45224433B3FBF2F0C0B2704700683F
S21401DC60453BF3E7900F00202DE9F041064613F0FF
S21401DC70B4FB0746FFF7E6FF35460446286818B1A9
S21401DC806CB928461DF07FFC31680A481DF062FD1C
S21401DC90384613F0A8FB00233360BDE8F081D0F8C6
S21401DCA000801DF028FE2B68013CC3F800802D681B
S21401DCB0E4B2E3E7900F0020024BDB6B03B1184799
S21401DCC0FEF76ABE900F0020C04310B5054A131D2B
S21401DCD053E8003F0340141D44E800310029F6D103
S21401DCE010BD00BF900F002010B5054A131D53E864
S21401DCF0003F0343141D44E800310029F6D110BD4E
S21401DD00900F0020F8B516461C46074619461046E1
S21401DD1018F09AF832462346384618F09AF8434DDA
S21401DD20D5E9062300EA020401EA030654EA0603DB
S21401DD3013D0670104F0806010D56B68180623D4F1
S21401DD403B4B234093BB3B4B06F02002234013433F
S21401DD5056D12046314618F073F8F8BDA4F10803F1
S21401DD6033431CD1EB7A012B42D16B68D90743D5DB
S21401DD700323EB7204206B8C01336B84FFF79CFF4B
S21401DD80012018F062F8E4E72B1D53E8003F23F06A
S21401DD908003291D41E80032002AF5D1DDE7A4F110
S21401DDA00C03334317D118F050F8DBE724F00113C6
S21401DDB023F4A0433343C6D1EB7A012B18D140F2AA
S21401DDC001436A680520934314BF00230323EB72C3
S21401DDD0FFF772FFBDE7231F334302D118F036F871
S21401DDE0B7E704F17F433343AAD1EB7A022B0FD076
S21401DDF0042018F00FF8ACE713F40063BAD1B8E7C3
S21401DE000420FFF771FF4FF0006001F061F9A0E711
S21401DE106B689A0706D50423EB722B8C032001331B
S21401DE202B84ABE713F02003F7D1F5E7900F002022
S21401DE30015001000DD50155014B986A704700BF8E
S21401DE40900F002010B5064CA06A1CF051FC28B9B2
S21401DE50A06A1CF04FFC00F0010010BD0120FAE79B
S21401DE60900F0020014B986A1CF046BC900F0020D2
S21401DE70024B5868C0F34020704700BF900F002047
S21401DE8010B504464FF40070FFF71EFF084B986A62
S21401DE901CF034FC38B10CB9002010BD4FF40070F2
S21401DEA0FFF722FFF8E7002CF6D00C20F5E700BFBD
S21401DEB0900F00202DE9F04F046806468846574D1E
S21401DEC089B0002C48D02046A7791DF0E1FB0C371D
S21401DED027443C890A38B8F1FF3FA4EB000402D07E
S21401DEE04445A8BF4446B5F83890B0EB090713D4AB
S21401DEF0002C0EDD6D6B36683D44FF2C224629460C
S21401DF003046A8BFFF221DF021FB241A36680544BF
S21401DF10F3D109B0BDE8F08FA9EB0009A145A8BF70
S21401DF20A146296BC846D6F800A001EB000BB9F153
S21401DF30000F0DD04246FF2A59465046A8BFFF2281
S21401DF401DF004FBB8EB0008DAF800A08344F1D119
S21401DF50A4EB09044F44CBE70321A86A03AA1CF0EB
S21401DF6024FBBDF80E70A14602940A3702ACE862A3
S21401DF7009E023601B682B602368C3F800902368C0
S21401DF80002F1C4611DD2B68453F002BF1D10120E7
S21401DF901DF0BDFC034620600028F1D1019002A8C7
S21401DFA01DF0F1FA019B3360B3E72B1D53E8003FE8
S21401DFB043F008032A1D42E80034002CF5D14FF047
S21401DFC0006001F085F80298BDF8102043790A2117
S21401DFD043F001034371069B30606B63059B2A8700
S21401DFE02B638379BDF80E200C3303441C711A8110
S21401DFF02A7ADC719A719DF80C20072A0BBF012240
S21401E000AB8C1A7101331FBFAB846B8C03F1FF33EA
S21401E0106B841DF08FFA346855E700BF900F00201F
S21401E0202DE9F041877905460C37C419237986B066
S21401E03013F002081BD1174E43F0020323716A4600
S21401E040D6E90A011CF0B5FA238969460333B06A9A
S21401E050ADF804301CF0AFFA009B9DF90E00EB51B1
S21401E060FFF7E0FD6071B37A022B03D8E37106B0C7
S21401E070BDE8F0819DF81130012B04D0022B04D0AD
S21401E0802BB90423F2E70323F0E70123EEE784F834
S21401E0900780ECE7900F002037B5124B00F00F0415
S21401E0A01B88012CADF8043015D0022C15D18DF843
S21401E0B0044042F222000C4D6B680340A3420ED08E
S21401E0C0FFF702FE2046FFF70FFEA86A01A91CF023
S21401E0D0F8F903B030BD2024EBE70024E9E700207F
S21401E0E0F7E700BF3CC70300900F00202DE9FF4172
S21401E0F01746022300250E46124C8046A06AE3729C
S21401E100CDE902550AF01CFE384602968DF80C50F1
S21401E11017F098FE0090617AA06A2A4602AB0AF0D0
S21401E1204BFE044648B94046FFF7B6FF3B46044659
S21401E1302A460121304617F081FE204604B0BDE88C
S21401E140F08100BF900F002037B5144B00F00F048C
S21401E1501B88012CADF8043014D0022C16D00024F4
S21401E16041F601000E4D6B680340A34213D0FFF742
S21401E170ABFD2046FFF7B8FDA86A01A91CF0B7F968
S21401E18003B030BD04238DF80430E9E78DF8044070
S21401E1904FF40064E4E70020F2E700BF3CC7030049
S21401E1A0900F0020002210B5084C1046114617F0BB
S21401E1B044FEA06A0AF0C4FD17F04AFE20461DF090
S21401E1C0E2F9BDE810400820FFF77EBD900F002061
S21401E1D0014B986A1CF0CEBA900F002038B5154C4A
S21401E1E00546A37A834210D0431E042B08D8DFE8E5
S21401E1F003F0030D11161800A06A0BF0EBF920B915
S21401E2002846A57200F03CFD606138BDA06A17F093
S21401E21028FEF4E70121A06A17F025FEEFE70321A7
S21401E220F9E7FFF725FE0028EAD0A06AFFF7D0FF3E
S21401E230E5E700BF900F002073B50446408900F063
S21401E2402FFB0E4DA07B0026287217F0CEFD6872BC
S21401E250E07B00F00F00FFF7C1FF0096A37BD4E937
S21401E2600021A86A1CF0AAFA32463146304615F05B
S21401E2705FF8206817F0EBFD02B070BD900F00202C
S21401E2800122094B10B50C46DA72FFF75DFF10B19B
S21401E290042017F0BFFD22460021012017F0CDFD16
S21401E2A015F047F810BD00BF900F0020F8B50446E2
S21401E2B015F040F80746A179E279114E521A0C3151
S21401E2C00123B06AD2B221441CF069F9E579A37939
S21401E2D0ED1A57FA85F524680CB93561F8BDA179B0
S21401E2E0E2790023521A0C31D2B2B06A21441CF0F2
S21401E2F056F9E379A2799B1A55FA83F5EBE700BF45
S21401E300900F0020F8B502230E4E0D46F372FFF76C
S21401E310C3FE044620B1BDE8F840042017F07ABDDC
S21401E320284617F08FFD07462A462146012017F09A
S21401E33084FD3B462246717AB06A0AF02FFD00281A
S21401E340E9D1F8BD900F00200222084B10B50C460B
S21401E350DA72FFF7A1FE10B1042017F05BFD22462A
S21401E3600021012017F069FD10BD00BF900F0020AD
S21401E370014B187B704700BF900F002068B1084B17
S21401E380194653F8042F0AB18242FAD25B1A9B103F
S21401E390013BDBB2034A137370470123FAE700BF60
S21401E3A018C70300900F002010B5084C606810F4E1
S21401E3B080700AD0A06A1CF00FF930B90121A06A5A
S21401E3C01CF008F980F00100C0B210BD900F0020CB
S21401E3D00023F0B5012785B0194E00938DF80C3057
S21401E3E0C0F340138DF80E30C0F3001304461546F3
S21401E3F0F7728DF8047002918DF80D30FFF7A4FEC8
S21401E40020B1042017F006FD05B0F0BD284617F030
S21401E41019FD717A03466A46B06A0AF0D9FC2A46A3
S21401E420C4F380110646384617F007FD14F081FF45
S21401E430230601D5FFF7B8FF002EE2D1E4E700BFBF
S21401E440900F00202DE9F0434FF0010985B0244DCF
S21401E45004460E4690460021102268461F4685F85F
S21401E4600B901CF027FDA86A0AF06AFC0023E2065E
S21401E47000968DF80430CDF8088005D56B691B88A9
S21401E4808DF80D9043440293002338468DF80C30E6
S21401E490C4F340138DF80E3017F0D4FC6A460346D9
S21401E4A0697AA86A0AF094FC28B1042017F0B2FC35
S21401E4B005B0BDE8F0832046FFF746FE3B46012146
S21401E4C0C4F380120546304617F0B8FC14F031FF4D
S21401E4D0230601D5FFF768FF002DE6D1E8E700BF68
S21401E4E0900F0020044B5A68D20503D50021986A84
S21401E4F01CF070B8704700BF900F002038B5114C63
S21401E500E37A23B100221146104617F096FC002547
S21401E5102846E57217F099FCA06A012203211BF038
S21401E5205FFF2A46A06A01211CF047F8FFF7DAFFD1
S21401E5308020FFF7C9FBBDE838404FF44050FFF795
S21401E540D3BB00BF900F002008B5FFF7D7FF044AE2
S21401E5500620D38C0133D384BDE80840FFF7ACBB5B
S21401E560900F0020F8B51B4D6B68590704D50420A1
S21401E570FFF7AAFBFFF7E8FF6B681A070FD512F043
S21401E5802CFF0646FFF75EFB0446124F24B101201E
S21401E5901DF0BDF90146A8B9304612F024FF6B689C
S21401E5A0DB0615D51020FFF78FFB00F07BFB78B15B
S21401E5B012F013FF0446FFF7C7FF2046BDE8F840F8
S21401E5C012F011BF3846013C1DF0CEF8E4B2DDE78B
S21401E5D0F8BD00BF900F0020014BD863704700BF05
S21401E5E0900F002073B50F4B04469B7D0E4EFF2BFC
S21401E5F015D10023ADF804000DF10302B06A01A99C
S21401E6008DF803300AF0B0FF9DF8035022462946E4
S21401E610B06AF6F725FC40EA052002B070BD034B50
S21401E6201D78F3E7FE2A0020900F0020F82A00202C
S21401E630044BC2B2C0F30721986A82B002B0F6F763
S21401E6408DBC00BF900F002010B50D4C0021A06AB4
S21401E6501BF01DFF0B49A06A1BF076FFFE21A06A86
S21401E6601BF061FFA06A0AF099FD074BB3F9102071
S21401E6708242C8BF18821A8A9A805A8ADA8010BDE6
S21401E680900F0020F82A0020FE2A0020F0B585B061
S21401E690ADF80210ADF8042069464FF0C812ADF887
S21401E6A006304FF08213ADF80000CDE902230420B6
S21401E6B00B460C4C02ADB4F91070B1F9002035F9D7
S21401E6C0026BBA42A8BF3A46B242A8BF32460138E8
S21401E6D021F8022BF1D103CB034BA060596005B0A2
S21401E6E0F0BD00BFFE2A0020062B002073B50546AC
S21401E6F0F6F7A2FC314E0368314C33608388FF2D58
S21401E700B3804FF00003A3702380337818BF1D46F3
S21401E710A5752C4D8DF801300DF10303A86A0DF196
S21401E72002020DF101011BF0DEFF9DF8013040B938
S21401E7300133DBB20D2B8DF80130EDD9012002B08B
S21401E74070BDA27DFF2A00D0A3758DF80530337009
S21401E7509DF802308DF804300198FFF769FFC8284C
S21401E760A8BFC8209DF8033020828DF80430019898
S21401E770FFF75EFF144B9842B8BF18466082B4F9A3
S21401E7801000FFF72FFFADF804000198FFF750FFC8
S21401E7902082B4F91200FFF725FFADF804000198B6
S21401E7A0FFF746FF4FF6FF73A382642360821A4683
S21401E7B018461946FFF76AFF0020C0E7F82A00202E
S21401E7C0FE2A0020900F00200CFEFFFF0346034A9E
S21401E7D0B2F906000BB1FFF72DBA7047FE2A0020EA
S21401E7E0084B10B5B3F9044030B903EB4103B3F954
S21401E7F006309C42A8BF1C46A242A8BF224610462D
S21401E80010BD00BFFE2A0020014BB3F9120070476D
S21401E810FE2A0020014BB3F910007047FE2A0020A3
S21401E82073B5064612F0D9FD0C4D0446B5F9120033
S21401E830B5F91030B042B8BF30469842A8BF184666
S21401E840FFF7D0FEADF804000198FFF7F1FEE8806F
S21401E850204602B0BDE8704012F0C5BDFE2A002079
S21401E86073B5064612F0B9FD0C4D0446B5F9100015
S21401E870B5F91230B042A8BF30469842B8BF184624
S21401E880FFF7B0FEADF804000198FFF7D1FEA880AF
S21401E890204602B0BDE8704012F0A5BDFE2A002059
S21401E8A0F0B5C0F3072585B0FE2DADF8040027D0DE
S21401E8B09DF8047012F091FD124C0646637DAB4242
S21401E8C00ED0114B02A918689B880290ADF80C3047
S21401E8D00E4B8DF80850986A1BF036FEFF23237501
S21401E8E0237DBB4206D0094B3946986A1BF01BFEB6
S21401E8F027756575304605B0BDE8F04012F073BD6A
S21401E90005B0F0BDFE2A0020F82A0020900F002056
S21401E9102DE9F04707460E461446DFF8409086B0CC
S21401E9200DF10808A9F1100A3A4680215046CDE9B2
S21401E93000980A4BF7F708F80028F5D1102C254661
S21401E94028BF102530462A4641461CF0BEFA641BF5
S21401E9502F442E44E8D106B0BDE8F087A82B00204E
S21401E96030B589B020226946FFF7D2FF6A460C4DC2
S21401E97004AB144603CC9C4228606960224605F12C
S21401E9800805F6D1074C08AD1A4603CAAA4220600C
S21401E9906160134604F10804F6D109B030BD00BF2A
S21401E9A0982B0020A82B002010B588B0694620209F
S21401E9B012F03AFA044630B96846FFF7D1FF012251
S21401E9C0024B83F82020204608B010BD982B00206B
S21401E9D070B5134B054693F820300C468CB00BB936
S21401E9E0FFF7E2FF0023CDE90033CDE9023354B946
S21401E9F01C22214605A804941CF05CFA04A8FFF723
S21401EA00AFFF0CB070BD102C264628BF1026294635
S21401EA1032466846FFF77CFF3544A41BE7E700BF94
S21401EA20982B0020174B2DE9F047D3F8048098FA6D
S21401EA30A8F4B4FA84F406460F464FF0010A1D689E
S21401EA4004EB440293F8089005EB82054C4504DB81
S21401EA504FF0FF342046BDE8F0870AFA04F313EAC4
S21401EA60080F0BD0AB6803F00103B34206D10622B0
S21401EA70294638461CF0F4F90028EBD001340C3551
S21401EA80E4E700BFA82300200022014B5A6070472C
S21401EA90A8230020F8B5044624EAE47412F09DFC8D
S21401EAA0202CA8BF2024104D06462B7AA34205D160
S21401EAB00024304612F097FC2046F8BD002728684F
S21401EAC02C726F6010B112F08FF92F602B7A002B29
S21401EAD0EED00C20604312F069F928600028E7D1D7
S21401EAE007242872E5E700BFA8230020044BD3F8CB
S21401EAF0012002605B7903F01F030371704700BFBA
S21401EB00B92B0020244BF0B5002918BF0B4614463C
S21401EB100021012512688BB0C3F8012022791970F3
S21401EB205A71C1F3C402A65C01F0070205FA02F2AB
S21401EB301642CFB207D01A7802F128066E44013287
S21401EB4006F8287C1A7001312529EAD11A7828B1ED
S21401EB506946981D1CF0B9F90BB0F0BD002AFBD030
S21401EB6001260533C0F3C405675D00F0070506FA04
S21401EB7005F52F42C1B208D1B1FBF2F502FB151122
S21401EB800AAD55FA81F111F8281C0130252803F841
S21401EB90011FE7D1E0E700BFB92B0020034B002897
S21401EBA018BF03460B449879704700BFB92B002065
S21401EBB0224B10B5002814BF84469C464FF0010E28
S21401EBC082EA124290B280EA010393FAA3F31BBAD7
S21401EBD09BB203EB031303449BB293FAA3F31BBA52
S21401EBE09BB203EB031303449BB293FAA3F31BBA42
S21401EBF09BB203EB031303445840114C82B2A4FBAF
S21401EC000234131B04EB5304630903EBC30103EB48
S21401EC108103D31AC3F3C401D8B2614403F00703D6
S21401EC200EFA03FE4B7813EA0E0F01BF9CF8003074
S21401EC3053430CEB134C9CF8060010BDB92B002077
S21401EC404D91CFBA064B074A01201A60064B074A78
S21401EC501A60074B074A1A60074B084A1A60704742
S21401EC60FC1E0020A55F0300F81E0020DD5F0300E8
S21401EC70F41E0020A35F0300F01E0020DF5F0300E8
S21401EC80052808BF03200622024B013802FB00308C
S21401EC90704700BF3EC70300014B186E80B2704735
S21401ECA000C001B80A4BD86800F07060B0F1106F70
S21401ECB00CD008D8B0F1E06F08D0B0F1006F14BFE7
S21401ECC0002001207047B0F1406FF8E7012070473F
S21401ECD0000002B8431C07B5014606D00023044ACB
S21401ECE0CDE90033034813F093FA03B05DF804FB53
S21401ECF08B600300DC24002070B50E4615460446E2
S21401ED0018B302F06BFD10B3236813F4807F18BFAD
S21401ED100122104B18BF1A700F4A1B7814600F4A55
S21401ED2016600F4A15601BB918F09AF902F040FDFB
S21401ED3012F030F802F022FC0A4B0B48197802F068
S21401ED4029FCBDE8704002F0E9B9212070BD40F20F
S21401ED500440FBE7E52B0020C8230020C423002045
S21401ED60C02300207E2C0020AD0D03002DE9F041CC
S21401ED7086B011F0E3FF8A4B8A4D1A7811208A4932
S21401ED8011F00CFE2B6851215A685423B2FBF3F2A2
S21401ED90002392B2184611F097FD0446002840F071
S21401EDA0F18011F055FE814B1968814B186809F006
S21401EDB08DFB00F059F90446002840F0E3802B68EB
S21401EDC01C7F002C00F0B080102C28BF10241CF0F3
S21401EDD026FB621C81B200230820D2B211F074FD1A
S21401EDE00446002840F0CE800A20724A724911F08B
S21401EDF09FFC0446002840F0C58011F01FFB02214D
S21401EE00322004AA00F006FA28B94FF0FF30BDF808
S21401EE1010101BF0C2FB6E460023324606212C2042
S21401EE208DF8063000F0F6F958B9304617F0CAFEEC
S21401EE3008B130287AD13C2000F00AFA2C2000F0E4
S21401EE4007FA9DF80630190740F1818096E803001D
S21401EE50ADF80C10090C02908DF80E109DF80630D6
S21401EE6013F0280F07D1DDE90201ADF80410090CF3
S21401EE7000908DF806102B68186900287CD12B6845
S21401EE80586900F037F92B6893F82220D2077DD411
S21401EE9013F04EFA02A902460746286817F0F9F859
S21401EEA0044600286ED10AF037FD13F085FA0446B1
S21401EEB0002867D1012000F039FE404B18681CF08D
S21401EEC089FE044600285DD118F0E9FB044602F0ED
S21401EED045FF804617F049FF41460246204616F098
S21401EEE014F8044600284DD12B681B689B050CD4EA
S21401EEF0B7F5FA7F09D912F069FA012107460846E3
S21401EF00F8F7B4F9384612F065FA2B689A692C4B73
S21401EF101A6017F008F92B4B1860304600F09EFE79
S21401EF20294811F0FFFB2DE0042450E701213C2085
S21401EF3004AA00F06FF940B99DF81030012B14BFF8
S21401EF40492372238DF806307BE74923FAE7F5F764
S21401EF5085FECDE90401030C8DF80A30BDF81530A5
S21401EF60ADF80800ADF80B309DF817308DF80D3070
S21401EF7049238DF80E3071E717F06FFD044600281F
S21401EF803FF47DAF204606B0BDE8F08193F823003C
S21401EF9018F067F800283FF47BAF40F20C44F1E725
S21401EFA07E2C0020C8230020AD0D0300F40A0020AB
S21401EFB0140B00202B61030027610300C4230020EB
S21401EFC000250020FC240020D5EC010000220321AE
S21401EFD001481CF0C9B900BF94250020F8B51148B6
S21401EFE017F047FFE0B917F09EF80F4D0D4E286059
S21401EFF006F10C07286817F09BFD11F05BFA044632
S21401F000304617F032FF10B938461CF0BCFA02F051
S21401F01075FB08B9002CEDD1BDE8F84017F0A4BE89
S21401F020F8BD00BF1C0B0020FC24002008B5054BD2
S21401F0301B782BB917F00FF8B0FA80F0400908BD1D
S21401F0400020FCE7E42B0020012310B5044C2370BC
S21401F050044B1B6803B198470023237010BD00BF03
S21401F060E42B0020002500200D4B98420DD8023BD2
S21401F070984210D870B1023B98420ED020F07040F2
S21401F08020F4604000F590607047064B9842F5D139
S21401F09040F21C4070472120704740F21B407047E9
S21401F0A00AE000F00BE000F04FF08052014B5A608E
S21401F0B0704700BF00ED00E00023044A52E8000F4D
S21401F0C042E800310029F9D1FBF7C0BD0825002030
S21401F0D0064A52E8003F034342E800310029F8D1CE
S21401F0E0034B1B6803B11847704700BF0825002073
S21401F0F004250020034B002814BF02461A46024B83
S21401F1001A607047A9F001000425002037B51C6875
S21401F110E10705D517F0FFFC164917481CF02CF936
S21401F120A20723D501F08AFCD0B9144D019012F044
S21401F13054F9044628461CF044FA0190204612F081
S21401F14052F9019890B143799B070CD401A802218A
S21401F1501CF019FB019801F061FC17F08BFCE6E747
S21401F16017F088FCDEE701F04DFCF6E7002003B05F
S21401F17030BD00BF300B0020942500200C25002058
S21401F18008B5054811F066F9044B01211870BDE871
S21401F190084011F06FB900BF400B0020E62B00209D
S21401F1A038B5044648B112F018F905462146084814
S21401F1B01CF0D0FA284612F016F9064B022193F9F4
S21401F1C0000011F057F9BDE83840FFF73DBF00BF1A
S21401F1D00C250020E62B0020F8B50C4B0C4F0446FE
S21401F1E00E4638681968154609F070F9FFF73CFFB6
S21401F1F050B933462A46386844F4802109F040FA6B
S21401F200BDE8F840FFF730BFF8BD00BFF40A0020A4
S21401F210140B0020F8B50C4B0C4F04460E4638680C
S21401F2201968154609F052F9FFF71EFF50B9334623
S21401F2302A46386844F4802109F06CFABDE8F840A3
S21401F240FFF712BFF8BD00BFF40A0020140B002020
S21401F25038B50A4B0A4D04461968286809F036F98C
S21401F260FFF702FF40B9286844F4802109F038FB13
S21401F270BDE83840FFF7F8BE38BD00BFF40A0020ED
S21401F280140B00202DE9F043134B0E461968134B5F
S21401F29005468DB01868174609F018F980B9334647
S21401F2A00A222846009702A91AF0EEFE4FF000083F
S21401F2B004460DF10809444505D1002CEFD120463E
S21401F2C00DB0BDE8F083284659F8041B09F008FB89
S21401F2D008F10108EFE700BFF40A0020140B002034
S21401F2E0F8B50C4B0C4F06460C463868196809F001
S21401F2F0EDF8FFF7B9FE054648B9E24316FA82F281
S21401F300386842F4802246F48021FFF7BBFF284686
S21401F310F8BD00BFF40A0020140B00200022034BA6
S21401F3201A609A80FF229A71704700BF092C00204C
S21401F330064A1379834207D9012312688340134290
S21401F34014BF0120002070470020704710250020C0
S21401F350054A03461068002208B91A607047C107BB
S21401F36048BF01324008F7E710250020014B187905
S21401F370704700BF10250020F0B541EA002087B095
S21401F38040F4902606200F461546F6F7B5F91CF010
S21401F39048FC044640B901461A2004F0E1FA6FF031
S21401F3A08C05284607B0F0BD43688660DAB222B9FC
S21401F3B023F0FF0343F001034360062F204B0CBFED
S21401F3C040F201114FF48071204616F0B0FE236121
S21401F3D0E3696BBB4FF4105323808023638002AB39
S21401F3E02A461E4605F110071D4610685168083268
S21401F3F003C5BA422B46F7D1102130461CF0C7FB95
S21401F40010223146204601AB13F020FB054620B101
S21401F410014640F2074004F0A3FA102130461CF0E2
S21401F420C4FB204613F070FD204611F0DDFCB8E762
S21401F43000234FF410511A4613F072FDCDE700BFBA
S21401F44000444004102A2DE9FF4706460F4615469C
S21401F45023D800244FF00109DFF84480DFF844A0E8
S21401F460D8F8002009FA04F3134213D046EA042020
S21401F47040EA0A006A46E9B280B2FFF7CBFE48B915
S21401F4802A46394668461BF0EBFC18B960B204B050
S21401F490BDE8F0870134202CE2D14FF0FF30F6E7CB
S21401F4A0102500200080FFFF2DE9F3411D4E054683
S21401F4B00146062230461BF0D3FC20B996F9060019
S21401F4C002B0BDE8F0810024A046EF1C2046FFF7FD
S21401F4D02FFFD8B13B88CDF80080ADF80330BB785C
S21401F4E06946E0B28DF8053019F0D7FC21280DD019
S21401F4F0A8B90322294668461BF0B2FC30B92B682E
S21401F50060B23360AB88B071B380D9E70134202C88
S21401F510DCD12B683360AB88B380FF23B3714FF027
S21401F520FF30CDE7092C0020034B93F90630013359
S21401F53001D1FFF7F3BE7047092C0020F7B504464A
S21401F54017F037FC631C5AD117F049FB0024FFF76C
S21401F550E5FE634E3379A3422CD84FF400410024D4
S21401F5600846FFF7BDFE20224FF0FF315D483460AC
S21401F5701BF0A0FC204602F097F9FF2604465A4DE0
S21401F5805CBB5A4813F063F9014630B110F1880F9D
S21401F59003D040F2074004F0E3F90C21504A43F649
S21401F5A0FF70FFF719FE202138204E4AFFF714FEA0
S21401F5B000202AE02046FFF7BBFE60B165B20521B8
S21401F5C0284616F0B6FD0321284616F0B2FD0621A0
S21401F5D0284616F0AEFD0134BCE794F975300133C8
S21401F5E005D02B7843B91321204618F05AF8204647
S21401F5F002F05AF90446C3E784F87560F7E7204637
S21401F600FFF796FE18B940F2064003B0F0BD6B4610
S21401F61006220021204616F0CFFD002848D04923B7
S21401F62068468DF8063017F0DEFA4FF47F41304811
S21401F63040EA04200840FFF753FE0521204616F055
S21401F64078FD0321204616F074FD0621204616F0AB
S21401F65070FD01222249E3B29A400B6823EA0203B5
S21401F6600B60244B93F90630A34201D1FFF756FEF7
S21401F670002005460B791B4A013BC1B2994221DBAA
S21401F680FF260020D65402F00FF90546164F002D2E
S21401F69083D095F97530A34205D13B78EBB9132198
S21401F6A0284617F0FEFF284602F0FEF80546EEE76C
S21401F6B06B4606220121204616F07EFD0028B4D0B6
S21401F6C07223ADE75656A64200D025B1551895F9D6
S21401F6D00150555401250130CFE785F87560E2E702
S21401F6E010250020E92B0020E72B0020370004001E
S21401F6F00080FFFF092C00202DE9FF41354C06460E
S21401F70001A8FFF725FE2379019A93421ED8627954
S21401F710012A40D100274FF0FF383D4610E023680C
S21401F720EB40D9070BD5082202AB114668B216F09A
S21401F73043FD20B1039B43453CBF2F469846013508
S21401F74023799D42EBD378B2FFF7F8FE236813F0D6
S21401F750010529D0002501220135202D18D002FAF5
S21401F76005F71F42F8D13B432360A3680C21013300
S21401F77043F6FF70174A7361A360FFF72DFDA8B12A
S21401F780236823EA07032360A368013BA360736130
S21401F7904FF0FF3519E0022AFAD10F4A134413F944
S21401F7A0010D421CFBD0CFE70127DCE722790A4C8A
S21401F7B0013A2146D2B2601C1BF062FB6DB22246B2
S21401F7C0202138202570FFF707FD284604B0BDE844
S21401F7D0F08100BF10250020E92B00202DE9F04321
S21401F7E0002489B0B34D04213F2001AA2C70FFF7F5
S21401F7F011FD00B10194019F002F4FD000267A1E03
S21401F8005742574100242C70AB4D0C212A4643F633
S21401F810FF70FFF7FFFCC0B10D23AB80019B2C608E
S21401F820032BAC6011D803AC2246142143F6FF70BB
S21401F830FFF7F0FC48B994E8070085E807002A4678
S21401F8400C2143F6FF70FFF7C7FC019B042B06D083
S21401F85004213F200DEB01020191FFF7BDFC2021A1
S21401F8603820964AFFF7D6FC28B120224FF0FF3108
S21401F87092481BF01FFB03222B795B00B3FBF2F3CC
S21401F8808F4A1370FFF74AFDF8F768FF014618B173
S21401F89040F2074004F064F8002413E001263746DE
S21401F8A0B0E72B68E340DB070BD508224FFA84F854
S21401F8B01146404603AB16F07FFC10B94046FFF7F1
S21401F8C03DFE01342B799C42EBD38EB110213720BB
S21401F8D003AAFFF79FFC002853D10620F5F70CFF7B
S21401F8E01CF09FF9044690B901461A2004F038F836
S21401F8F03FB13D20FFF7ACFC00242B799C42C0F0C1
S21401F900B38017F072F9002009B0BDE8F0836D4AA4
S21401F91043688260DAB222B923F0FF0343F00103A1
S21401F9204360694B40F20111204616F000FC23614A
S21401F930E36943BB4FF41053238080231021638077
S21401F94003A81CF024F9102202AB03A9204613F0E9
S21401F9507DF80646102103A81CF027F9204613F06F
S21401F960D3FA204611F040FA3720FFF771FC46B172
S21401F97040F20740314603F0F3FF4FF0FF30FFF748
S21401F980DDFD00262AE000234FF410511A4613F03D
S21401F990C7FAD2E73046FFF7CBFCF0B174B21022BB
S21401F9A00321204603AB16F007FC1028814620D120
S21401F9B00321204603AAFFF7DFFC8046494603A839
S21401F9C01CF0F3F8B8F1000F0CD040F207404146A6
S21401F9D003F0C6FF2046FFF7B1FD01362B799E42A4
S21401F9E0D8D385E748F2030040EA062080B2FFF745
S21401F9F02FFC10220521204603AB16F0DDFB102854
S21401FA00814613D10521204603AAFFF7B5FC80469F
S21401FA10494603A81CF0C9F8B8F1000FD5D148F241
S21401FA20050040EA062080B2FFF712FC10220621EC
S21401FA30204603AB16F0C0FB10288146CDD1062127
S21401FA40204603AAFFF798FC8046494603A81CF007
S21401FA50ACF8B8F1000FB8D148F2060040EA06202B
S21401FA6080B2FFF7F5FBB8E72046FFF761FCF0B17F
S21401FA7066B204220C21304602AB16F09DFB042828
S21401FA800AD1029B0122C3F300238DF80C300C210E
S21401FA90304603AB16F062FB00231022CDE9033398
S21401FAA0CDE905330D21304603AB16F057FB013483
S21401FAB023E700BFE72B002010250020E92B0020BC
S21401FAC0E82B00203700040000444004F8B5104B32
S21401FAD0044618790F4B00221D46D1B2884204D93C
S21401FAE013F9017B561CA74204D10B4B1B788B42A2
S21401FAF002D9F8BD3246F0E70649481C1BF0C0F9AA
S21401FB002C702021BDE8F8403820024AFFF764BB7C
S21401FB1010250020E92B0020E82B0020014902488F
S21401FB201BF02ABC500B00209425002010220A4B03
S21401FB302821DA826422C3E906124FF6FF721A847C
S21401FB4002225A60002283F82B200F2283F82D0010
S21401FB5083F82C20704700BF1C25002038B502F022
S21401FB604FFC40B9094B48241A6893F82A100346FB
S21401FB702432994200DC38BD04FB03F55559ED06E5
S21401FB8001D40133F5E70120F5E700BF1C2500206D
S21401FB9038B5104C94F82B30D3B1626812F00105D9
S21401FBA016D104F1080003F05FFFFFF7D7FF78B125
S21401FBB04EF6602294F82C304FF482715343064877
S21401FBC02A4610F0D9FD18B9636843F00103636053
S21401FBD038BD00BF1C2500209425002022F00042DD
S21401FBE0052A10B50DD0B2F5827F13D0032A06D1AF
S21401FBF0114A536823F00203536002F009FC002007
S21401FC0010BD0D4A1B88118D9942F8D1002313852A
S21401FC100120F5E7084B5A6893F82B4022F00102C1
S21401FC20012C5A60F4D102F047F9FFF7B1FF2046E4
S21401FC3002F038FCECE700BF1C25002000487047A6
S21401FC402B250020044890F82B1000F10F020830F5
S21401FC50012918BF104670471C250020F0B4827990
S21401FC60034612F0280F26D00025144A016892F8A0
S21401FC702A60C2F80F108188A2F813108179517595
S21401FC801168AE4207DCF0BC5368032043F004035E
S21401FC90536002F007BC4C6A14F4404F08D1186850
S21401FCA044F0080408609F8898798F8088714C62B8
S21401FCB001354831E5E72120F0BC70471C250020BE
S21401FCC04379024A9B09D05C704700BF70C70300A6
S21401FCD00B6810B503608B88FF2A0446838002D127
S21401FCE00723A37109E0032A08D8054B9B5C072B61
S21401FCF0837102D1FFF7E4FFA07110BD0023F0E786
S21401FD0074C703008379024A03F00703D05C704787
S21401FD1068C7030010B582798B79094C02F0070297
S21401FD2003F00703A25CE35C9A4206D106221BF0AD
S21401FD3097F8B0FA80F0400910BD0020FCE700BF3C
S21401FD4060C703007FB5134B0E4605460446039372
S21401FD50A0B117F0AEFD78B900223146204617F063
S21401FD60DDFE022807D101233146009320460423F5
S21401FD7003AA16F0F8FA0DB104B070BD204617F0CC
S21401FD8067FD04460028F7D017F093FD0028F5D14B
S21401FD90E2E700BF0100FFFF2DE9F04F97B0834671
S21401FDA0099117F0CCFC099883790C33C45CC5180B
S21401FDB01BF06EFC1E2C0646099F24D8012C26D962
S21401FDC0C54BE340DA0722D5384697F806801BF084
S21401FDD05FFCBBF80A2083B29A4228D214F00102D3
S21401FDE040F0A18004F07F03522B00F09C801E2C73
S21401FDF000F09980099B214600935846042317F08A
S21401FE00E1F921240CE004F07F03522BDCD02146DB
S21401FE10062300225846009717F0D4F941F206143B
S21401FE20584617F091FC204617B0BDE8F08F4744BE
S21401FE303A7B013B1E2A9BB242D8012ACED9023A0E
S21401FE401C2ACBD801A151F822F000BFDDFE01002B
S21401FE50DDFD0100E1FE0100DDFD0100D7FE010030
S21401FE60DDFD0100CDFE0100DDFD0100DDFE01002E
S21401FE70DDFD0100E1FE0100DDFD0100E5FE010002
S21401FE80DDFD0100CDFE0100DDFD010013FF0100D7
S21401FE90DDFD0100DDFD0100DDFD010017FF0100B4
S21401FEA0DDFD01001BFF0100DDFD0100DDFD0100A0
S21401FEB0DDFD0100DDFD0100DDFD01001FFF01008C
S21401FEC0522A26D0D22A89D10D2B05E0062B0FD037
S21401FED0142B83D10CE0052B80D909E0022BF8E71F
S21401FEE0042BF6E7032B7FF679AFDB073FF576AFFA
S21401FEF0022C00F0F380DBF800309B689F0516D4D7
S21401FF000BF144001BF03FFB099BCBF84430002467
S21401FF1086E7012BE0E7032BDEE7012BD9E7002B71
S21401FF207FF45CAFE4E709A81BF02DFB69E71E2C04
S21401FF30584600F0918317F0BCFC0746002840F0B5
S21401FF408280584617F0B0FC00287CD004F07F036E
S21401FF50522B00F0BC80082C68D1B6B2152E14BF07
S21401FF6002201020691D17F08AFC00285ED0DBF8FD
S21401FF701430D8074BBF23F0010343F00103394681
S21401FF80012158464CBFCBF81430CBF8143017F08B
S21401FF90A7FC09980D9017F083F80446B0F8018085
S21401FFA0B0F803900D981BF073FB152814BF0225BB
S21401FFB0102505342146284602F066FF21460390A7
S21401FFC0284617F05CFC0490B8F1000F00F043815E
S21401FFD0C84500F24081022109200D9A17F083F8E6
S21401FFE0BBF80A708246023FBFB23E4640464FF01B
S21401FFF0FF354946039A17F043FF0446002800F0F0
S2140200006C8117F010FD002800F084810122214641
S214020010584617F0B2FD03468DF82E00002800F071
S2140200201F810D9A009222460821A3E0DBF81430C5
S21402003013F001063CD023F0010300215846CBF80A
S214020040143017F04DFC1E2C63D8032C66D9231FE0
S214020050142B63D801A252F823F000BF2B03020030
S2140200601D0102001B0402001D01020093FF010095
S2140200701D010200010502001D0102001F0502000B
S2140200801D010200350502001D01020029010200C1
S2140200901D010200290602001D0102001D010200C8
S2140200A01D010200450602001D0102004F06020065
S2140200B043F0010301215846CBF8143017F010FC28
S2140200C01223324621465846009617F07BF809A8B6
S2140200D01BF059FA1BE700BF54554541099DBA4C1F
S2140200E0284616F0DDFF2188B0F801602A465846F9
S2140200F017F07DF82388BBF80A10B34228BF3346B0
S214020100172BB8BF17235846ABF80A3017F003FB75
S214020110FDE6522C00F08F82D22CD8D0099B00220A
S21402012000932146062325E0099F384616F0B8FFBD
S2140201300546B0F80180B0F803A038461BF0A8FACE
S21402014015280CBF20460220691D02F09DFEB5F858
S214020150053004900793B8F1000F07D0D04505D8B4
S21402016017F0E5FF50B91023009701E0012300972E
S21402017042461021584617F025F8C8E63A460221AC
S214020180112016F0B0FF44464FF0FF35BBF80A3098
S21402019005909E1E0393063B9BB2B6B20893514649
S2140201A02046049A17F06CFE814668B35146079AB9
S2140201B017F0B3FE0446484617F035FC40B94FF632
S2140201C0FF739C4201D00134A4B25445E7D91BE028
S2140201D04FF000030DAAADF8343049460CAB584632
S2140201E017F068FD039ABDF83430053A9A42089A29
S2140201F00690D8BF1346002DADF8343009DB9D4279
S21402020002D1EB1CB34208DB691C1CD10A230097FF
S214020210AEE7351F9D42A8BF1D46042211A93846E7
S214020220ADF84490ADF846401BF06FFC2A463846BF
S21402023006991BF06AFC4FF6FF73043E761B9C423F
S214020240B6B2C0D1E0E73946059B04355D70584624
S21402025001F01EFC5BE60D9B009301234246E3E69B
S214020260049B13B1204617F0C2FB204617F0F3FB9F
S214020270D8B1002D54DC0DA81BF085F9082358468A
S2140202808BF81C3050F80C2B40F2025192F870207A
S2140202908DF8483000238DF8442011AAADF8464068
S2140202A0ADF84A301BF0A4F831E6ADF844000DF183
S2140202B02E032146584611AA17F0FCFCBDF844301E
S2140202C00590BB4228BF3B46002DADF844300ADB02
S2140202D0AB4202D16B1CB34209DB6A1C0D9B1FD1D9
S2140202E000930A23BAE7B51E9D42A8BF1D46022206
S2140202F00CA90D98ADF830401BF007FC2A4605996C
S2140203000D981BF002FC4FF6FF73023E761B9C42D2
S214020310B6B2E2D0601C80B28145BFF46AAEDCE7BA
S21402032002350D998AF8015091E7DDF82490484687
S21402033016F0B6FEB0F80330B0F801800493B8F1B8
S214020340000F43D0984541D84FF6FF774A46022120
S214020350052016F0C8FE4546BA46BBF80A40059088
S214020360023CA4B22946584617F065FE504506469A
S2140203704BD04FF400622946584617F0FEFB002881
S2140203803ED1304617F0EFFE00280CBF02231023A2
S2140203905745039320D0304617F0E5FE06903846C0
S2140203A017F0E1FE069B834203D1039B0133A3426F
S2140203B013DB384617F0D7FE059B013019465870F6
S2140203C0584616F0E8FEA2E50C0D00200123CDF8F3
S2140203D0009042460421CDE637460DF146013046EE
S2140203E0ADF8445002F0A6FD039B48469A1C11A99C
S2140203F01BF08BFB039B023CE41A5545A4B2D8D0F3
S214020400049B0135ADB2AB42ACD24FF6FF739F42AE
S214020410CFD10A23CDF80090DBE7DDF82490002444
S214020420484616F03DFEB0F80530B0F803A0B0F826
S21402043001600746484603931BF02AF9C51FADB272
S214020440102D0C9458D82A46F91D0DA81AF03DFD19
S214020450002E53D0564551D84A460121072016F0A1
S21402046042FEA046074633460A249A45049307D915
S2140204703946BBF80A0016F019FE0328049B04D876
S214020480B8F1000F1AD039469AE7ADF84430039B0C
S2140204905846ADF848300DAB13930BAA0DF12E0358
S2140204A011A9ADF846A0ADF8505017F062FD0A2823
S2140204B00446E5D0BDF82C3030B11E4623463246FF
S2140204C00621CDF8009055E6ADF83030BDF82E3056
S2140204D00CAAADF8323039460423BBF80A0016F0EF
S2140204E0F0FD4FF6FF72BDF82E309342CBD00133AB
S2140204F04FF001089BB2B8E70424DFE70124DDE7EA
S2140205000A23099C8BF81C30204616F0C9FD2346A8
S2140205100022B0F80110584615F0F5FFF7E4099CE2
S214020520204616F0BDFD0C238BF81C30B0F80320D5
S2140205302346EEE7DDF82480404616F0B1FD054678
S21402054040461BF0A5F80023441EBBF80AA08DF80F
S214020550343061D014F001075ED1204610F026FC3C
S214020560064600285ED00AF1FF332246691C039332
S2140205701AF0ABFC424601210F2016F0B4FDB1463C
S2140205800490002C04DC304610F02EFC049917E789
S21402059039F8025B01222946584617F0EEFA023C69
S2140205A08DF8340068B9284617F05FF910B128466E
S2140205B017F01DFA284617F04EFA60B180238DF820
S2140205C03430304610F010FC2A460E219DF83430A6
S2140205D0CDF80080CEE529460DAB584611AA17F095
S2140205E069FB9DF834300146002BEAD1039BBDF827
S2140205F04420DB1B9A42C2BF0AF1FF33DB1BADF875
S21402060044304046BDF844201BF07FFABDF8443023
S2140206109842B8D31F44B4E7042300258DF834303B
S2140206202E46CEE71123F8E75846099AB5F8011088
S21402063016F007F86BE45846099AB5F8011016F05A
S2140206405BF864E45846099916F095F85FE4584654
S214020650697816F0FBF83AE516F018F937E500BFA8
S2140206607FB5174A0646136842F6052023F00803AC
S214020670136017F040FC054650B1684602F0BCFA1B
S214020680002017F0E5F8044620B92946FFF75AFB82
S21402069004B070BD1022684604F121011AF0E0FB96
S2140206A038B10121204617F01BF9636923F00103D4
S2140206B063611EB13146204617F0EEFC2046E0E7A5
S2140206C00026002007B5837801916A46082104486F
S2140206D08DF800301AF08CFE03B05DF804FB00BF04
S2140206E0942500200022054BC3E90322C3E9052214
S2140206F01A70DA614FF6FF725A847047702500202E
S214020700014B1860704700BF6C25002082780D4BA5
S21402071013B55A60B0F8032091B2102910D040F6F3
S2140207200344A1420CD041795B8C8DF80210ADF8DF
S214020730042005216A460448ADF800301AF058FE37
S21402074002B010BD702500209425002073B5837971
S21402075001900C33C418C35C132B0ED8042B10D98B
S214020760053B0E2B0DD8DFE803F01E0C0C1E0C0CFE
S2140207700C0C0C161A0C0C0C2300302B13D03E2B30
S2140207801BD0F9F7D1FF019B834202D001A81AF0D1
S214020790FAFE02B070BD2046FFF7B8FFF1E7E27836
S2140207A00E4B5A60EDE7204601A901F05DFFE8E72F
S2140207B0204601A916F0DCFAE3E70025084E019B65
S2140207C03BB1204656F8043B01A9013598470E2D49
S2140207D0F5D101A81AF0D7FED3E700BF7025002096
S2140207E078C7030007B500F013F920B103B05DF82F
S2140207F004EBFFF7ABBF00F017F9019018B1054BF9
S2140208001B681BB1984703B05DF804FB01A81AF0F9
S214020810BAFEF8E76C250020024610B1022804D082
S2140208207047032102481AF09FBDFFF7DBBF00BFE7
S21402083094250020024B1A78024B53F822301847B0
S21402084070250020B0C7030010B504460120FFF74C
S214020850F1FF034B00201C70BDE81040FFF7EABF13
S2140208607025002010B50446062142F2050016F057
S21402087007F92368C0F80330A388A0F807300648B3
S214020880F9F774FF16F040F9407920B116F03CF9FA
S214020890407940F4805010BD4D47030010B5044621
S2140208A006214FF6284016F0EBF82368C0F803300E
S2140208B0A388A0F807300648F9F758FF16F024F97F
S2140208C0407920B116F020F9407940F4805010BDEE
S2140208D069A8010038B505460C4669B9022142F2FC
S2140208E01B0016F0CDF8B5F86E30A0F803300D48B0
S2140208F0BDE83840F9F73ABF122142F21A0016F064
S214020900BFF82146B5F86E30053020F8023C04F1F7
S214020910100351F8042B994240F8042BF9D10248EF
S214020920E6E700BF97490300D349030001481AF0DF
S21402093048BE00BF8025002040F6FF732DE9F34134
S2140209400D46B0F86E100192994205D101A81AF030
S2140209501AFE02B0BDE8F0811146134601229BBB87
S2140209601E481AF0F7FEFFF7E1FF04460028F0D013
S2140209701AF08EFE6379074603F001086FF3000350
S214020980637104212046A6681AF0C5FF437904461F
S21402099068F300034371DB438179B6F86E200C31AD
S2140209A0866003F001036254C2F30322084442EA5B
S2140209B003124270478022463046294616F0DDF979
S2140209C02046F9F7E7FECEE75C79986024F0030448
S2140209D014435C7100221B68C1E700BF802500201B
S2140209E070B50546064C206800B970BD8368AB42F8
S2140209F004D1066810F06AF82660F4E70446F2E7C7
S214020A0080250020014601481AF0A4BE8425002055
S214020A1001481AF0D6BD00BF8425002001460148D1
S214020A201AF098BE7C250020034BD86818B103F153
S214020A300C001AF0C6BD704770250020044BDA6819
S214020A4022B95869003818BF012070470120704744
S214020A50702500200138C0B20A289ABF014B185CE4
S214020A6000207047B8C7030007B506481AF0A9FD6C
S214020A70042101900DEB01001AF085FE019803B0E7
S214020A805DF804FB98250020F7B5186810F0020000
S214020A9003D0164E316811B9012003B0F0BD002410
S214020AA0042223460DEB020001941AF062FDBDF803
S214020AB00630DB0702D4FFF7D7FF044600250C4FAB
S214020AC057F8043B23B12146BDF80400984748B1C5
S214020AD03368002BE0D0074B022193F900000FF099
S214020AE0C9FCD9E70135062DEAD1F1E798250020A1
S214020AF09C250020102C002010B509480FF0AAFCF7
S214020B000024084B0849187020200C6010F028F8C2
S214020B10064BC3E90044C3E90244C3E9044410BDDA
S214020B20600B0020102C0020982500209C25002019
S214020B3013B5C37A0093B0F80930D0F80520D0F880
S214020B400110007801F00AFB0446034800F0E4FDB9
S214020B50848002B010BD00BF20020403FF2337B515
S214020B600DF107008DF8073001F066FB04460448D5
S214020B709DF8075000F0D0FD8480857103B030BD2B
S214020B802003040138B54B7905465B070C460CD4A6
S214020B9014212046054A16F0F1F82046217916F06F
S214020BA09EF910B9A3791C44257438BDE0C703002A
S214020BB0837810B5132B0C4608D1054B1B6803B17E
S214020BC098472046BDE810401AF0DDBC10BD00BFB5
S214020BD0B425002010B500210446007816F00AF865
S214020BE048B16178207816F08CFC0446034800F081
S214020BF093FD848010BD0224F8E700BF2002560150
S214020C0010B54178007801F0E7FA0446024800F091
S214020C1083FD848010BD00BF200256022DE9F74FE7
S214020C20B0F802C006461CF0100F1C460C9F9DF939
S214020C3034A0DDF838B033D05FFA8CF51CF0080F1C
S214020C40184614BF05F0080505F00F0516F045FD19
S214020C508146384616F041FD96F90F3080465A46D0
S214020C60042113480193767816F0CDF9019BA0B1C2
S214020C7005712268C0F80520A28880F80B90A0F8BB
S214020C80092080F80CA0437386733B68C0F80F30C7
S214020C90BB8880F81580A0F8133003B0BDE8F08F4B
S214020CA0CDE90DAB0C9703B0BDE8F04F16F04FB888
S214020CB01CC80300002110B5421D037904460846ED
S214020CC01AF050FF024648B16188208815F074FC7D
S214020CD00446034800F020FD848010BD1A24F8E77D
S214020CE020020A0213B50446007816F0ABFD70B176
S214020CF00023CDE90033E278B4F8011015F0F2FDD6
S214020D000446044800F008FD848002B010BD252485
S214020D10F7E700BF20020A0408B5064906481AF09B
S214020D202BFB064906481AF027FB064810F00CF87B
S214020D30002008BD780B0020BC250020880B002070
S214020D40B8250020700B0020014816F08EB800BFB0
S214020D501C0B002030B5114B0D469942144685B047
S214020D6019D193000FD503A902A80FF099FD082305
S214020D700193039BE1B2009300222846029B41F0B6
S214020D8000511AF0DCFA064816F007F900B10471B1
S214020D90012005B030BD0020FBE700BFB8250020CB
S214020DA090C8030022F00042B2F1A04F08B504D169
S214020DB0034816F0F2F8012008BD0020FCE700BF49
S214020DC094C8030070B5FFF7BFFF90B1FEF736FF79
S214020DD0002604462046FEF795FF0546064800F024
S214020DE09BFC86802268C0F80620A2880573428192
S214020DF070BD0226014CEDE7200901156CC8030000
S214020E0000200A4B10B5187100F04EFD04463CB99E
S214020E1001F062FBBDE81040054906481AF0D0BA58
S214020E20204616F042FC6468F1E700BF162B00204D
S214020E30980B00209425002070B5002000F034FDA9
S214020E4001260446074D04B970BD94F8723033B1DA
S214020E502E7115F087FF1321204616F022FC6468D7
S214020E60F1E700BF162B002038B50023094C23609B
S214020E70A38003682360207816F00FFC054630B97D
S214020E80054806491AF078FA608801F03BFB2846C6
S214020E9038BD00BF162B002094250020980B00209A
S214020EA022F00042B2F5887F2DE9F0471C4600F09A
S214020EB0E5800ED840F203139A423CD040F2091362
S214020EC09A4200F0C5800E2A00F0B6800020BDE8E7
S214020ED0F08740F207239A424AD0B2F5037F59D0F0
S214020EE040F206239A42F1D120684C30FEF70AFF00
S214020EF025680746664895F8736095F870A095F9D8
S214020F00759095F87680A48816F047F80028DDD00C
S214020F10EB6C4360B5F8503087720381731E5E42F5
S214020F205E41C67280F80CA080F80D9080F80E80A4
S214020F30A0F80F40CAE7207800F0A8FC0028C5D029
S214020F40544894F80090B4F80280A788E688257A78
S214020F50648916F022F80028B8D080F80490A0F829
S214020F600580A0F80770A0F80960C5728481ADE715
S214020F70207800F08BFC0028A8D060782578FFF750
S214020F8069FD0446444816F008F800289ED005710C
S214020F9044719BE7A578012D1ED0022D2DD0CDB928
S214020FA0E37894F80080023BDBB2022B8CBF01256B
S214020FB03A4A94F90470667998BFD55C94F906406B
S214020FC0374815F0EAFF28B180F80480457187712A
S214020FD0C671047201207AE7E37894F80080023B37
S214020FE0DBB2022B98BF2D4A94F90470667998BF3B
S214020FF0D55C94F906402B48E3E7E3782A48023B9F
S214021000DBB2022B94BF254A012594F8018027788B
S21402101098BFD55C94F90490667994F9064015F069
S214021020BCFF0028D6D0A0F804808771C57180F86E
S214021030089046728472CDE723460822002113F8F0
S214021040014B1A4815F0BAFF0028C3D00471C1E755
S214021050174894F800806788A688E588248915F0E2
S2140210609CFF0028B6D080F80480A0F80570A0F88F
S2140210700760A0F80950A0F80B40ABE70D481C78B3
S21402108015F08BFF00283FF421AF04711EE700BF66
S214021090DCC80300D8C80300D0C8030098C8030001
S2140210A0C8C80300C4C80300CCC80300C0C80300F5
S2140210B0BCC80300D4C8030010B5007800F0E6FBF5
S2140210C040B1132116F0EDFA0446034800F024FB63
S2140210D0848010BD2524F8E72002060570B5144664
S2140210E006460D46204614210A4A15F047FE2046BB
S2140210F0217915F0F4FE58B9A3790C331C44064B3B
S214021100A6711B79A5801BB1BDE8704015F02BBEF9
S21402111070BD00BFB8C80300162B0020024B00208B
S2140211201A68024B5A607047C02300201C0B00202E
S21402113010B5FDF71BFE044630B9044815F06BFEE9
S214021140044608B9FDF742FF204610BD1C0B0020DE
S21402115073B51C4640F20A6322F000429A4208D84F
S214021160B2F5C06F08D8042A49D00D2A4FD0032AF8
S2140211701ED0002002B070BD6FF4C0631A44092A64
S214021180F7D801A353F822F07312020021120200CC
S21402119045120200551202006B1202007311020081
S2140211A08B120200A1120200C11202000D130200ED
S2140211B001A8F3F741FD5748BDF8044015F0EDFECF
S2140211C00028D6D000234371C3714372C3720373DF
S2140211D043738373C3732623072283746FF0480313
S2140211E00271C37401226FF04003827102720375AA
S2140211F06FF00B025123827204824375B9E74648A8
S214021200246815F0CAFE0028B3D08480B1E72346CE
S2140212100422002153F8044B404815F0CFFEF2E7B3
S214021220207800F033FB0028A3D03D48267894F9B6
S2140212300150A47815F0B1FE00289AD006714571C7
S214021240847196E72478374815F0A7FE002890D0D8
S21402125004718EE725783448646815F09EFE0028EF
S21402126087D00571C0F8054083E725782F48646863
S214021270F3E72F482578646815F08FFE00283FF4C0
S21402128078AF0571A0F8054073E72A4825786468A8
S21402129015F083FE00283FF46CAF0571447168E7D1
S2140212A0637825480D2B96BF244A0125D55C247801
S2140212B015F073FE00283FF45CAF0471457158E7E1
S2140212C0637800210D2B98BF1C4A1D4898BFD55C39
S2140212D06368A27888BF0125267815F06FFE08B1EC
S2140212E0067145716378012B3FF643AF8DF80430E3
S2140212F001220021124801AB247815F05FFE002877
S2140213003FF437AF01230471437132E724780D4866
S2140213109AE700BF20C9030018C903001CC90300CE
S21402132004C903000CC9030010C9030008C903005E
S21402133000C90300FCC80300F8C80300E0C80300A5
S214021340F4C80300F0C8030014220021014819F073
S214021350B1BD00BFC025002070B5054610F03DF8AF
S2140213601A4C064663795B070ED414212046184AA7
S21402137015F004FD2046217915F0B1FD20B1304666
S214021380BDE8704010F02FB8A3790C3323442DB972
S2140213901A79FF2AF3D001321A71F0E7012D05D12E
S2140213A05A79FF2AEBD001325A71E8E7022D05D1AD
S2140213B09A79FF2AE3D001329A71E0E7032DDED153
S2140213C0DA79FF2A1CBF0132DA71D8E7C02500207D
S2140213D014C90300042828BF0020014B185C70477C
S2140213E024C9030038B50546084800F011F904463A
S2140213F048B900F063F904461DB1054B1B689B799A
S2140214002B7000F073F9204638BD00BF30C90300C8
S214021410DC2500202DE9F84380460D480F46164687
S2140214201D469DF8209000F0F3F878B9094B1C6829
S21402143084F80480C4F80570C4F80960A4F80D5056
S21402144084F80F90BDE8F84315F01ABDBDE8F8839E
S21402145028C90300E025002038B5054606480C4694
S21402146000F0D6F838B9054B1B681D715C71BDE8F3
S214021470384015F005BD38BD40C90300E025002000
S21402148038B5054606480C4600F0C2F838B9054B92
S2140214901B681D715C71BDE8384015F0F1BC38BDA3
S2140214A038C90300E025002010B50446054800F0C0
S2140214B0AFF830B9044B1B681C71BDE8104015F03C
S2140214C0DFBC10BD48C90300E025002038B505463C
S2140214D00C460748012100F0ABF838B9054B1B68EB
S2140214E09D80DC80BDE8384015F0CABC38BD00BF20
S2140214F058C90300E025002070B5064608480D4688
S214021500144600F085F848B9064B1B681E71A3F80E
S2140215100550DC71BDE8704015F0B2BC70BD00BF6E
S21402152050C90300E025002070B505460B480E465C
S21402153000F06EF8044678B900F0C0F8084B04468E
S2140215401B6825B1D3F806202A605A89AA800EB1F4
S2140215501B7B337000F0CAF8204670BD60C90300DA
S214021560DC250020044A0346106810B102789A422D
S21402157000D170470069F8E7D825002008B515F0B5
S21402158048FCFFF7E1FE0022014B1A6008BD00BFCF
S214021590D825002038B5104D0446104A28461AF0C1
S2140215A03BFB4FF48270A0470D4B0146186028782B
S2140215B018B14FF482721AF032FB4FF48270A047D1
S2140215C0084B01461860287828B1BDE838404FF429
S2140215D082721AF024BB38BD112C002068C90300A1
S2140215E0E0250020DC250020084A136833B941783C
S2140215F0036141F00101417010607047197802786A
S2140216009142FAD003F110021B69EFE7D8250020B9
S21402161010B5044618F0CBF828B9034B22681C60B4
S214021620024B1B681A6010BDD4250020E02500205E
S2140216302DE9F84F046898464FEA042A0AF4E06A4D
S214021640C4F307234AEA030A0AEB0209B9F5807FC4
S21402165083460F46154603D91D263046BDE8F88F49
S21402166018F0A5F806460028F7D1124B24F47F445A
S214021670C3F800B024F0C7040F4B44EA19244FEA1B
S21402168009291B681FFA89F944EA090443F8044B3E
S21402169053442A464146184619F017FC012F04D136
S2140216A0FF2DD9D800F8015CD7E7022F08BF20F833
S2140216B0025CD2E7D4250020E025002008B5074BBF
S2140216C01A68074B52F8040B1968064B49681B68E0
S2140216D09847054B1B68988808BD00BFE025002088
S2140216E0D4250020A80B0020DC2500200022024B77
S2140216F01A6018F05EB800BFD4250020054B1868A3
S21402170008B1C3681BB1003818BF012070470069D2
S214021710F6E700BFD825002010B5034C23681860F2
S214021720FDF792FC206810BDDC250020F8B50446C3
S2140217300D4601460020174615F06CFBF2F76EFECA
S214021740194E78BB194B1B681C60336818705870AA
S2140217509870D870204615F037FB18B165B9436803
S214021760220E2BB90F250DE05979914204D0083389
S2140217701D68002DF8D1F5E73846A84733681B6880
S2140217804BB9012524F47F4020F0C70040F40070D6
S214021790FFF7C2FF85803268012052F8041B15F05D
S2140217A039FBF8BD1425EDE7DC250020E0250020F6
S2140217B04022094B83F8212383F8222383F823232C
S2140217C083F8262383F8252383F8202383F824230B
S2140217D0502283F8222C704700E100E0044BD869BF
S2140217E010F480501CBF186A00F00100704700BF5A
S2140217F00080E00F70B504460D461B4A13686BB3B3
S21402180093F87D10586811F0040129D110608C22DB
S214021810184693F8706019F04DFB034680F8706026
S2140218202268C0F85A20A288A0F85E20A27980F822
S21402183060202868D864AA79A98883F85220FF22F3
S21402184083F8752083F8762040F6FF72A3F86E20A0
S214021850064AA3F85010116813605960184670BD06
S2140218601A1D0346CBE700BFE8250020E42500202A
S214021870054A0346106800B97047B0F86E209A42CF
S214021880FAD04068F7E700BFE4250020054A034681
S214021890106800B9704790F870209A42FAD04068F3
S2140218A0F7E700BFE425002010B9024B186870471E
S2140218B040687047E42500200023114A2DE9F041D4
S2140218C08C2113608046024601200EF0FDFF04467E
S2140218D020B905460B4E3060A84502D82046BDE822
S2140218E0F08101200FF06EF807468C2200210135A8
S2140218F019F0E0FA87F8705037603E1DECE700BF3B
S214021900E4250020E8250020012310B58B4090F83E
S2140219107110044621EA030149B280F871100029C9
S21402192049D115F029FA204617F0E2FA102104F1FF
S21402193018001AF03AF92046FFF752F804F1380078
S21402194019F021FE204617F038FA214A13681BB117
S2140219509C42596830D11160A36859050BD51A0507
S21402196009D443F40063A18994F87000A36004F1DB
S2140219707802FFF7B3FB00232046636019F024FDCC
S21402198015F088FB4FF48072B2FBF0F2424394F8F3
S21402199070300344B3FBF2F102FB1133DBB2591E83
S2140219A0C9B2FD29F5D884F8703000236360094B6C
S2140219B01A6852B91C6010BD1A465B68002BCBD061
S2140219C09C42F9D163685360C6E7131D5268F0E77C
S2140219D0E4250020E825002010B5084C206830B920
S2140219E0BDE81040064B186001200EF0BBBF4368EE
S2140219F090F871102360FFF787FFEFE7E4250020D9
S214021A00E825002090F8743003F00B03013BDBB2AC
S214021A100A2B9ABF014AD05C0020704776C90300A1
S214021A201FB5014690F870308DF80430FFF7EAFFD4
S214021A30B1F862308DF80C00ADF80630B1F86430BB
S214021A4001AAADF80A30B1F866300748ADF808309A
S214021A50B1F86C3040F20311ADF80E3019F0C8FC44
S214021A6005B05DF804FB00BF9425002007B590F88A
S214021A7070308DF8051001AA40F2072103488DF850
S214021A80043019F0B5FC03B05DF804FB9425002081
S214021A9038B50A4B04461B680D462BB143699B07B3
S214021AA002D515F056FE30B12A4620680421BDE85C
S214021AB0384017F030B9A3699D6138BDEC25002087
S214021AC0014B1860704700BFEC250020024B1868D7
S214021AD0003818BF01207047EC25002013B50446D5
S214021AE0019120B901A819F04EFD212012E0084606
S214021AF00029FAD019F0CCFD80B20028F2D0094BAA
S214021B0020461B6801994BB1984728B9204601998F
S214021B10FEF742F902B010BD0020FBE716F03AFBD2
S214021B20F3E700BFEC25002038B5436A04465904A3
S214021B3015D4134A03F4004392F82B20012A0FD13E
S214021B40826A92040CD4002B01460CBF5320142048
S214021B5014F067FB18B9636A43F00803636238BD82
S214021B60002BFCD1074D20462946FEF7D3F8002865
S214021B70F5D12868AA88AB792060A280A371EAE72B
S214021B801C2500202B2500202DE9F041164D85F856
S214021B902A0038B300EBC000C10000230122042053
S214021BA00EF092FE044650B904200EF00BFF4827B2
S214021BB0A046286095F82A30A34203DC002420467B
S214021BC0BDE8F0812E68142207FB04660021C6F8E1
S214021BD0188006F1340019F06DF9304615F0D3FB83
S214021BE00134E7E72860E9E71C250020074B93F855
S214021BF02A20824281BF1B6800EBC00003EBC003B1
S214021C00586A8CBF00F00100002070471C25002097
S214021C1008B50146FFF7EAFF40B1054B01EBC101EB
S214021C201B6803EBC103586AC0F3C02008BD00BF9F
S214021C301C2500202DE9F04F0746384A93B010685D
S214021C4051680FAB03C39068354A1860146807EBF7
S214021C50C70304EBC304E37B12AA02EB430333F885
S214021C600C1C636A94F82E80DA0494F82F6047D42A
S214021C700126B04641F0100194F80D90C3F3404A95
S214021C805B0348BF4AF0020A8BB289F00809B8F132
S214021C90010F94F831500B9304F1070BD4E9072394
S214021CA0C9F3C00994F9324009D0B8F1020F06D040
S214021CB0B8F1040F14BF4FF000084FF00308012ECE
S214021CC005D0022E03D0042E14BF00260326384663
S214021CD0CDE90C23FFF79CFFDDE90C230121CDE9BA
S214021CE00760CDE900513846CDE90548CDE903BA8B
S214021CF00B99CDF8089001F05BFB13B0BDE8F08FAE
S214021D00A26A950648BF41F02001500648BF41F03E
S214021D104001DA0348BF41F00401ADE782C903007F
S214021D201C250020002170B50B4B93F82A601C6816
S214021D308E4202DCFF25284670BDCDB22846FFF74C
S214021D4055FF28B1E37B012B02D1636ADB06F2D48E
S214021D5001314834ECE700BF1C250020014B93F804
S214021D602A0070471C25002070B504461546FFF76A
S214021D703DFFB8B10E4A04EBC4041368E60003EB59
S214021D80C4035B6A13F010040FD0C3F300330B7066
S214021D9013683344DB7B5A1E042A04D8033B18BF5D
S214021DA001232B7070BD0023FBE72046FAE700BF35
S214021DB01C2500203F4A70B5146800EBC00304EBF4
S214021DC0C304636A06465B0704D500231A4619460F
S214021DD001F0D0FB636A9D0706D53046FFF72AFF5F
S214021DE0636A23F002036362636A18070CD5A2795A
S214021DF021463046C2F3C00201F05AFB0546E8B956
S214021E00636A23F008036362304615F071FC0546E8
S214021E10A0B9626AD10611D5D30404D5304614F0AF
S214021E20FEF940B11BE01206E37B09D4E37B626A4B
S214021E30023B012B15D9616A48071FD4284670BD9C
S214021E4003F0FB03012BF6D03046216901F056FB66
S214021E50636A256123F0800363620028E6D00546A4
S214021E60ECE7D305E7D53046616901F065FB002350
S214021E706361636A23F480736362D2E7E37BA28DB5
S214021E80012B03D1A2B1802A28BF802211F0400F75
S214021E9094F830304FF0010118BF0123304601F0AC
S214021EA069FB0028DBD1636A23F004036362C5E79B
S214021EB04022EBE71C2500202DE9F04100244827AC
S214021EC0104D95F82A30A34201DCBDE8F081E6B257
S214021ED03046FFF78BFE98B107FB04F828684044AB
S214021EE0436ADA060CD55B040AD4FFF71DFE2B689C
S214021EF0304643445A6A42F006025A62FFF75AFFD5
S214021F000134DEE71C2500202DE9F04FDFF8489269
S214021F1000EBC003D9F8004089B004EBC30404F117
S214021F20100A804650460E46174619F02CFB04F15E
S214021F3014031846029319F026FB002019F0E7FC5A
S214021F400546002800F00381012F40F2726718BF91
S214021F501F27012EA6735CD0022E0CBF062604266F
S214021F600221284615F033FA0121284615F02FFAE9
S214021F703146284615F02BFA284619F089FB01232C
S214021F8086B2B91B0A22009389B242F60723284674
S214021F9015F06DFA04230644B6B2B91B009312225A
S214021FA042F60423284689B215F061FA0644B6B210
S214021FB0BB1B012B069503932DDC002399F82B20DF
S214021FC0002A00F0A480504619F0DDFA636A256103
S214021FD043F080026262DB0400F1AB8099F82B00CA
S214021FE0002840F0A68019F092FC0790002800F026
S214021FF0A080394615F0F6F9002800F0A480029871
S214022000079D19F0C0FA636A656143F480736362E0
S2140220108FE00526A4E7002019F079FC0790002837
S214022020CBD0BB1E9B1B02211FFA83FB01F01CF8C0
S2140220308345064611D22BF001018AB2411A07A83F
S214022040049219F0C7FB049A164602223EB9079874
S214022050F0B907A819F097FAAFE70322F6E7711C62
S2140220600698C9B2049215F0B2F9049A0698114677
S21402207015F0ADF9079906A819F025FC002019F00D
S21402208046FC0790002836D0ABEB06031FFA83FB0C
S2140220905B46022B38BF02239A1E92B20F2A31D910
S2140220A01021049200F0E0FF049A034682421FD2F7
S2140220B022F00F018AB29346411A07A819F08AFB4A
S2140220C05B460622591C0698C9B20493059215F07F
S2140220D07EF9059A0698114615F079F9079906A829
S2140220E019F0F1FB049BB21C13449BB23EB965E7A0
S2140220F040B10722E6E707A819F045FA334602334D
S2140221009BB25BE707A819F03EFA3346EEE7039A5E
S2140221102846D11A89B215F065F90646504619F0D6
S21402212032FA636A256143F080026262002E3FF44F
S21402213052AF606A10F010000AD0404609B0BDE8FF
S214022140F04FFFF737BE07A819F01DFAF1E71A207D
S21402215009B0BDE8F08F00BF1C25002070B505460B
S21402216014461E46FFF742FD30B3144B05EBC50579
S214022170186800EBC500426A93050BD44FF6DF736E
S214022180A1F120059D4217D8A4F120059D4213D83F
S214022190A14211D8C3698B4202D1036AA34204D07A
S2140221A0C0E9071442F0020242629DF810308685AA
S2140221B080F83030002070BD2120FCE71C2500206E
S2140221C0044A00EBC003116801EBC301CA7B15F099
S2140221D0A7B900BF1C250020F8B505460C46FFF738
S2140221E005FD28B3052923D8124E05EBC502336830
S2140221F0D70003EBC203186919F04AFA1F2817D84A
S21402220033683B44586919F043FA1F2810D8012C4A
S2140222100ED0231F012B0BD93168224639444B6A54
S214022220284623F482534B62BDE8F84015F078B98D
S2140222302120F8BD1C250020002270B50546114855
S21402224090F82A400368944201DC1A2016E0596A84
S214022250CE0714D493F83960760710D4D0F80F005E
S214022260094C1860A688A07941F00901D4B2987189
S2140222709E8020465962FFF7DDFC2C7070BD01324D
S2140222804833E0E71C2500202B25002070B5FFF719
S21402229049FDFF28044615D00B4D03B2286803EB10
S2140222A0C30300EBC300DE00436A23F0100343625D
S2140222B015F05FF82968204631443431BDE8704095
S2140222C0FEF760BC70BD00BF1C25002083782DE998
S2140222D0F041122B0F464BD10B689A790C321344FD
S2140222E0DD781E790DB145F480553046FFF77EFC49
S2140222F048B3DFF8808006EBC604D8F80020E10079
S21402230002EBC404636A23F01003636205BB40F267
S2140223100320A369A56183F87660A3F8720050587B
S214022320A188A279C3F85A00A3F85E10184683F86B
S214022330602008F12E0100F009F92222294608F150
S2140223402E0018F0B7FD3846BDE8F04119F01BB96B
S214022350204615F00EF8636A5A0603D523F04003AA
S2140223606362F0E7304604F13401FEF70BFCEAE75D
S214022370BDE8F0811C25002073B5144D144C6A6824
S214022380236802F0800103F002030B431BD05306BE
S2140223904CBF0126A67AFDF755FC0196837983F099
S2140223A00803C3F3C0030093E388A288217A607A05
S2140223B000F0BAFF40B9236823F0020323606B687B
S2140223C023F080036B60002002B070BD1C25002045
S2140223D0F025002001210020054BA3F10802C3E9E5
S2140223E0000043F8081C4FF01013517253607047F8
S2140223F0F8250020014B187B704700BFF02500200F
S214022400024BD87A003818BF01207047F02500200A
S21402241070B5224E716811F002013AD1204D2B6838
S214022420580706D5084600F0A5FF2B6823F00403DC
S2140224302B602B68726803F0080302F00402134351
S21402244010D0FDF7FFFB83791A071FD5FEF726FA91
S2140224500446C8B92B6823F008032B60736823F080
S21402246004037360FFF788FF044668B9EB7A5BB132
S2140224702B685B0708D40121084600F07BFF50B9A1
S2140224802B6843F004032B60204670BDFEF7EAF982
S214022490DEE71124F8E70446F6E700BF1C25002015
S2140224A0F0250020032805D10A4A136843F00803E2
S2140224B0136008E0012808D1064BDA7A42B11A689E
S2140224C042F008021A60FFF7A3BF10F0FD0FEBD030
S2140224D000207047F02500200020094B10B55862F6
S2140224E0FFF7E2F904461CB9BDE81040FFF774BADC
S2140224F0204641F2160115F04DF86468F3E700BF76
S2140225001C250020A0F11B03E02B10B5044618D8AA
S214022510042142F2240014F0B3FA6FF06F03437101
S2140225204223A0F8034083710748F8F71FF914F016
S214022530EBFA407920B114F0E7FA407940F4805083
S21402254010BD2120FCE700BF354B030037B504461B
S2140225500D4615F046F86988204614F090FD6A7E0E
S2140225602B7E204643EA0223A4F862306A7F2B7F42
S21402257043EA0223A4F86430EA7EAB7E43EA0223EF
S214022580A4F866301B23A4F86C302D4BDA8B1B8C18
S214022590A4F86820A4F86A30022384F8723014F093
S2140225A0EAFB204616F07FFC94F87330022B15D116
S2140225B001F032F970B194F9753001330AD1052170
S2140225C02046A36843F48053A36003B0BDE83040BE
S2140225D015F067B80021204614F054FD002120466D
S2140225E000F00CFA4FF6FF73288C984225D000F0C4
S2140225F0A5F9009400F090F96A46ADF8040040F29E
S2140226000621104818F0F4FE002240F2022120466D
S21402261018F0AAFE2046FFF703FA204616F04FFCF3
S214022620204600F055FEA368012123F4804320468D
S214022630A36015F03EF803B030BD0020D9E700BF16
S2140226401C2500209425002007B590F870304FF422
S214022650887101AA03488DF8043018F0C9FE03B049
S2140226605DF804FB942500202DE9FF41037804461B
S214022670302B0E4639D006D8052B25D0082B41D054
S21402268004B0BDE8F0813E2BFAD183780C2B4BD8F0
S214022690022BF5D9033B092BF2D801A252F823F0FC
S2140226A0392702009D2802008126020081260200A8
S2140226B035280200812602008126020081260200B9
S2140226C08126020089280200B0F80300FFF7D0F83E
S2140226D028B1617909B141F4805114F05BFF3046AC
S2140226E004B0BDE8F04118F04EBFB0F80300FFF7A3
S2140226F0BFF80028F3D0A17809B141F4805114F054
S214022700A2FFECE7B0F80300FFF7B2F80028E6D025
S214022710627990F8743022B143F0010380F8743085
S214022720E9E703F0FE03F9E7212B00F0CC80292B22
S2140227301FD0202BD3D0A3E78088FFF799F8002874
S214022740CDD0E278002ACAD1E179A27942EA012202
S214022750A0F86220E17AA27A42EA0122A0F8642076
S214022760227A617A42EA0122A0F86620FFF758F937
S214022770B5E7C778851C3C2F02D1FFF787FDAEE789
S21402278090F80680B8F1000F23D15F4A546AC2F867
S2140227902480CFB12946204647F4805714F021FF03
S2140227A0E76084F8728040F20121204601AACDE952
S2140227B0014718F01DFEA368414643F48063204695
S2140227C0A360FFF7A1F88AE729462046FFF7BEFE78
S2140227D085E74FF6FF73408C984220D000F0AEF8A3
S2140227E0E8B101A8E27904F10801FDF771FA01A83F
S2140227F014F04AFF28B140F203222946A0F87220BC
S214022800E4E7032140F2064014F03AF9A388A0F860
S21402281003300D2343713D48F7F7A8FF5FE73C4BB3
S214022820223455F8042BA54243F8042BF9D12A8802
S2140228301A8054E7B0F80300FFF71AF800283FF4AE
S2140228404EAF40F20911B4F8053090F87020A0F8A7
S2140228506C308DF80420ADF80630227AE37943EA2C
S2140228600223ADF80830A27A637A43EA0223ADF86F
S2140228700A30227BE37A43EA0223ADF80C3001AA3F
S214022880244818F0B5FD2AE78088FEF7F1FF0028F5
S2140228903FF425AFA179FFF7E9F820E78088FEF735
S2140228A0E7FF00283FF41BAF90F870300E218DF83A
S2140228B00430D4F8063001AACDF80530D4F80A3030
S2140228C0CDF80930DCE78088FEF7D2FF00283FF417
S2140228D006AF90F870304FF403718DF80430E37849
S2140228E001AA8DF80530A3798DF80630E3798DF8C4
S2140228F00730237A8DF80830637A8DF80930A37A88
S2140229008DF80A30BCE700BF1C250020194A0300D8
S2140229104A2500209425002050B10C22064B1B6845
S214022920C31AB3FBF2F3807A40EA032080B2704700
S2140229304FF6FF70704700BFAC0B002002460949F5
S2140229400B7A0968FF2B01D10020704703EB430383
S21402295001EB830031F82330C3F30B039342F4D028
S214022960C37AEFE7AC0B002008B5054B054A197889
S214022970054819F051F9F722044B1A8008BD00BF2A
S2140229807E2C00208EC90300122C00200C0D002085
S21402299010B5044670B30068836CA34222D1636804
S2140229A083642246144918F0EBFC04F10C0018F07C
S2140229B00BFD04F1440018F0E6FDFFF787F858B166
S2140229C0A06948B1143018F0DEFDA069183018F07E
S2140229D0DAFDA0690EF008FA2046BDE810400EF0B7
S2140229E003BA1346002BDCD05A68A242F9D16268B9
S2140229F05A60D6E710BD00BFE3770300F8B5054678
S214022A0048200E4619F00DF9294F0446387818B1B9
S214022A104822214619F003F98CB1FFF757F898B10E
S214022A201C2019F0FEF80146A061387810B11C226D
S214022A3019F0F5F8A3692BB920460EF0D5F9002453
S214022A402046F8BD00221A700321284614F01AFB0D
S214022A50AB6C22466360AC64172326810026638132
S214022A60144928462560267766640DF0A1FE04F018
S214022A70F3FB3246014604F10C000DF099FE0223E8
S214022A802374FFF723F80028DAD00B4B198817298E
S214022A90D6D9204614F085FB0028D1D11221204633
S214022AA014F064FE636943F002036361C8E700BF83
S214022AB0122C0020E37703000C0D0020F8B5054623
S214022AC010B3002920DB114C2468247E8C421BDDC7
S214022AD03F2919DC032701F0030600EBA10191F858
S214022AE031407600B74002F0030224EA0704B240FF
S214022AF0224381F8312013B1002114F0F1FE28465A
S214022B00BDE8F84014F049BFF8BD00BF0826002013
S214022B1070B5164600221A7032800A7A0D46072AC7
S214022B204DD8DFE802F004090D111A1E304AE86893
S214022B3030F8023B338043E0EB68981D5B88F9E788
S214022B40EB68981D9B88F5E7697B14F016FF022256
S214022B501C4B18801846328032E002231A48338013
S214022B602EE01A4C2B7BE88923702B88E11C01335C
S214022B7063702B8801331B12A37000F0DBF903305D
S214022B80308020461CE0124CA889EB89020AA3700A
S214022B901B0A20706270E37000F040FA58B1C368F6
S214022BA01A88022A07D19A782271DB786371062383
S214022BB00748338004E00423FAE780221A700020D4
S214022BC070BD00BF2C2C00209EC90300192C0020CB
S214022BD0132C0020054A064B1860136843F00103C5
S214022BE01360828B034B1A80704700BF00260020BA
S214022BF0082600201C2B002000232DE9F04FDFF8CA
S214022C00C09191B0D9F80070054617F00807CDE9D3
S214022C100633CDE908330AD0664B03F1100253F8A7
S214022C20041B934245F8041BF9D1002011E003204F
S214022C30F2F762FD18F0F5FF804648B10620F2F77B
S214022C405BFD18F0EEFF064630B940460EF0CCF8B3
S214022C501A2011B0BDE8F08FCDE90477F5F77EFDB6
S214022C60044668B140460EF0BFF830460EF0BCF897
S214022C7040F20740214600F073FE40F20740E8E7C4
S214022C804FF4A0524C4BC6E90323F369002B42D102
S214022C904FF410533380802310227380304604ABE7
S214022CA006A90FF0D3FE0446A0B94046424A04994C
S214022CB00FF0AAFF044668B98346404BBAB21B68B7
S214022CC0D98891422FD810222946404605AB0FF0EC
S214022CD0B9FF044640460FF021FF40460EF084F846
S214022CE0304610F011F930460EF07EF804980FF0D8
S214022CF0AEFD002CBCD12F4B05F1100255F8041B7B
S214022D00954243F8041BF9D1D9F8003043F0080382
S214022D10C9F8003089E73B463A464FF41051304630
S214022D2010F0FEF8B7E71A68BCB2210102EB0414F1
S214022D302046ADF80EB00191009215F016FA8246C2
S214022D40204600F03FF930B3DDE90021AAF5205015
S214022D5080B2032802D9BAF5245F1ED1525A002047
S214022D602146ADF828200DF10D030DF10E02ADF847
S214022D702AA0FFF7CDFEBDF80E2001460BA818F0DC
S214022D80A4F8BDF80E20404604320AA90FF03FFF11
S214022D90044600289ED101378FE70AF55640FF30D9
S214022DA080B20428F7D8525AADF82AA0ADF82820E7
S214022DB0E7E700BF2E2C00200002C00308260020F2
S214022DC000260020134B01461B6870B513F004035F
S214022DD006D00022104B1C68E38990B2834209D8C1
S214022DE00E4A14680022E58990B2854209D84FF649
S214022DF0FF7005E0A56835F8125001328D42ECD11D
S214022E0070BDA66836F8126001328E42ECD10344D9
S214022E1098B2F5E7002600200426002008260020A7
S214022E20094B1B685B070AD5084B1A68D38983428D
S214022E3003D9936833F810007047C01A80B2044B67
S214022E401B689B68F6E700BF0026002004260020C9
S214022E500826002038B5046805460C222046084994
S214022E6017F0FEFF50B90222064904F10E0017F0D1
S214022E70F7FF18B902200C342C6038BD1020FCE78E
S214022E80A1C90300AFC903002DE9F7431028019139
S214022E900BD0022804D04FF6FF7003B0BDE8F083D3
S214022EA0019B1888FFF78EFFF7E701A8FFF7D2FF0E
S214022EB00228F5D01028EED11B4B019F1E6816F093
S214022EC0040608D00024194BD3F80080B8F8166020
S214022ED0A5B2AE421AD80025154BD3F80080B8F832
S214022EE01690ACB24C45D6D2D8F81000102200EBA1
S214022EF00510394617F0B4FF01350028F1D1A019A4
S214022F006FEA40406FEA504080B2C6E7D8F8100039
S214022F10102200EB0410394617F0A2FF01340028F5
S214022F20D6D145F40040B8E700260020042600204B
S214022F3008260020020408B51DD5124BC0F30E0069
S214022F401B685B0713D5104B1A68D38A98420CD2BB
S214022F50136903EB001000F1100350F8042B98429B
S214022F6041F8042BF9D1102008BDC01A80B2074BD5
S214022F701B681B69EDE7FFF753FF0870000A4870ED
S214022F800220F1E700260020042600200826002062
S214022F9070B5044642F60306094B1B681D68A54237
S214022FA00AD2204629B915F0E0F8B04206D110340C
S214022FB002E015F0E4F808B1204670BD103CEEE7DA
S214022FC008260020437ADA0702D5C3F3800070474A
S214022FD0034BC2881B881A4214BF01200020704788
S214022FE01C2B00200A4B1B68DB0708D570B1094B67
S214022FF01B68DB88834234BF00200120704728B15B
S214023000054B1B88834294BF00200120704700BFF7
S21402301000260020082600201E2B002070B502463F
S214023020FFF7E0FFE8B10F4B1968CD88954209D348
S21402303002F180500B680138040103EB00101B5BA1
S21402304093420ED0002398B2854201D8002008E0B1
S2140230500E681C01345B06EB0310944203F1010375
S214023060F1D170BD082600202DE9F34100250E4659
S214023070A846174F01903A68ABB2D18899421DD93B
S2140230801468ABB204EB0314B4F90430002B1CDA58
S2140230902046FFF797FFC0B1E1680B889E4214D125
S2140230A032460198023118F030FDE36882B21B887E
S2140230B0934207D0114601A818F08CFB404602B096
S2140230C0BDE8F08143441FFA83F80135D3E700BF19
S2140230D00826002038B5124B04461B8842898B42CC
S2140230E028BF0B46172BB8BF17231146438114F08F
S2140230F012FB636923F002036361A3699D693DB114
S2140231000022294620469A61BDE83840FEF7C0BC38
S21402311040F20941204614F026FBA3691D7038BD13
S2140231200C0D00200148FEF7CBBC00BF6172020006
S21402313008B5002142F20E0013F0A2FCBDE80840DA
S2140231400148F7F713BB00BF054B030038B590F8EC
S21402315072300446032B154606D1FFF7E9FF01231A
S214023160002084F8723019E0C9B9012B2DD9032149
S21402317040F2064013F084FCB4F86E304571A0F8B5
S21402318003301348F7F7F2FA13F0BEFC8378002BED
S214023190E5D013F0B9FC807840F4805038BDA3B176
S2140231A002214FF6044013F06BFCB4F86E30A0F820
S2140231B003300848F7F7DAFA13F0A6FC4379002B37
S2140231C0CDD013F0A1FC4079E6E70220E6E700BF87
S2140231D0194A03004F4A0300F8B507460E4642F264
S2140231E013000E2115461C4613F04AFCB7F86E3043
S2140231F0A0F80560A0F80330BDF81830A0F8075014
S214023200A0F80B30BDF81C30A0F80940A0F80D302D
S214023210BDF82030A0F80F300648F7F7A7FA13F0EB
S21402322073FC807820B113F06FFC807840F48050F5
S214023230F8BD00BF914A0300F8B507460D4642F2B4
S21402324019001C211C46164613F01AFCB7F86E30FD
S2140232500F3020F80C3C2B6804F1100240F80A3CB0
S2140232606B6820F8026C40F8063C234653F8041BB1
S214023270934240F8041BF9D10648F7F777FA13F0A1
S21402328043FC807820B113F03FFC807840F48050F5
S214023290F8BD00BF4149030070B506460D4642F22E
S2140232A07A000421144613F0EBFBA0F80360457184
S2140232B084710648F7F75AFA13F026FC407920B1D3
S2140232C013F022FC407940F4805070BD914E03000A
S2140232D010B50446022142F2300013F0D1FBB4F8D6
S2140232E06E30A0F803300F48F7F740FA13F00CFCE4
S2140232F0437963B913F008FCC088FEF7B9FA0446AE
S21402330028B113F001FC017A2046FEF7AFFB13F05A
S214023310FBFB407920B113F0F7FB407940F4805074
S21402332010BD00BF25AB0100F8B507460E4642F2B7
S2140233304100082115461C4613F0A2FB9DF81830E2
S2140233404771C3709DF81C3086710371A0F8075050
S214023350A0F809400648F7F709FA13F0D5FB4079BA
S21402336020B113F0D1FB407940F48050F8BD00BF85
S214023370D5A7010038B505460C4642F242000621A2
S21402338013F07EFB0023C57043718371C371037211
S21402339004710648F7F7EAF913F0B6FB407920B154
S2140233A013F0B2FB407940F4805038BD2DA80100DE
S2140233B02DE9F041154606460F4642F2360019211F
S2140233C01C46DDF8248013F05BFB2B0AC371230A2C
S2140233D083729DF81830857103739DF81C30447211
S2140233E043739DF820302D0C240CC670878005721E
S2140233F0C4728373D8F80030C0F80F30B8F80430BF
S2140234008676A0F813309DF8283043759DF92C3047
S21402341083759DF83030C375002303769DF83430EB
S21402342043769DF83830C3760648F7F79FF913F0CF
S2140234306BFB407920B113F067FB407940F4805073
S214023440BDE8F081CDA8010038B505460C464FF61A
S2140234501940052113F014FBC57044600648F7F7BF
S21402346085F913F051FB407920B113F04DFB4079FA
S21402347040F4805038BD00BFED46030038B505461F
S2140234800C464FF61A40052113F0FAFAC57044604E
S2140234900648F7F76BF913F037FB407920B113F0C3
S2140234A033FB407940F4805038BD00BF1D4703000F
S2140234B070B50D4606460121DAB1FFF7C5FF044690
S2140234C0A8B9072142F2350013F0DAFAC6702B6863
S2140234D04360AB8803810848F7F748F913F014FBFA
S2140234E0437923B113F010FB447944F48054204608
S2140234F070BDFFF7C3FFE2E7AD4803000A4610B50A
S2140235000421044642F2370013F0CFFA0323037174
S2140235100023C470437183710648F7F727F913F046
S214023520F3FA407920B113F0EFFA407940F4805074
S21402353010BD00BFA14703000A4610B50421044689
S21402354042F2380013F0B1FA032303710023C47069
S214023550437183710648F7F709F913F0D5FA4079F3
S21402356020B113F0D1FA407940F4805010BD00BF6C
S214023570ED470300F8B506460F4642F2390006212B
S21402358014461D4613F07CFA01238471240A037143
S214023590C7704671C47105720648F7F7E7F813F06C
S2140235A0B3FA407920B113F0AFFA407940F4805074
S2140235B0F8BD00BF394803000148FDF7A1B800BFB7
S2140235C0C53502002DE9F04F867987B00C36059096
S2140235D00546805BC0F30B00FEF74AF9044618B9AD
S2140235E005A817F0D0FF4EE090F87230022BF7D104
S2140235F0AB5B059AC3F30B0103F44053B3F5805F4C
S2140236009060A95342D153796FF300035371836BD1
S214023610002BE5D0042105A804F1380618F0B3F80B
S2140236203046059918F096F8A06B002301465A1CFE
S214023630A9BBDBB2012B01D918F0FDF8A06B18F07C
S21402364027F803281FD9D4F83890484699F8067008
S21402365018F01EF80C3709EB070539F80770A0F1C9
S2140236600408474522D9524FD4F838A007F110096A
S21402367057F804BB5346424629462046D8474F458C
S21402368010D00028F4D007B0BDE8F08F383017F01D
S2140236907AFF059A537943F001035371BAE713464A
S2140236A00968C4E70028EED130469AE7A06B17F007
S2140236B0EFFF04378742F7D36988A1F140033F2B17
S2140236C00BD80421304618F05EF82046A26B6988B3
S2140236D015F06BFB0023A363D5E705290BD006295B
S2140236E061D00429E0D1304618F04DF8A16BA06CE9
S2140236F0FEF7F4F9EEE72946204615F054FB02469B
S2140237000028D1D12B79122B06D0132B36D0204687
S214023710697915F020FBC7E794F87330022BF6D0D0
S21402372040F67A4029898B1F9BB2834224D86A8945
S214023730931F9BB283421FD891421DD8AB89B3F523
S214023740FA7F19D240F6764CEF89A7F10A0080B2CA
S214023750604511D8B4F86A000290B4F86800CDE962
S21402376000702046FFF738FD021E18BF01222046D1
S214023770697915F0ACFA97E70122F8E794F8733006
S214023780012B03D12046697915F0E5FAA3681A04DD
S2140237908AD523F40043A3602B89012B84D12046CB
S2140237A0FEF752FF80E72046A16B15F07AFB91E701
S2140237B0B4C903000C4B01461A789AB95B689B079A
S2140237C010D490F97520013218BF012291F85230B8
S2140237D013F0400005D091F8600010F0400018BFCA
S2140237E0D0B270470122F1E70C260020024B58683F
S2140237F000F00200704700BF0C260020024B5868FB
S21402380000F00800704700BF0C260020014B1B6822
S214023810184700BFB80B002008B512F09DFC02281E
S21402382017BF034B0020586800F0100008BD00BF09
S2140238300C26002007B502460846042802F00101BD
S21402384013D9B1B903200C4B5A6002F080030193DE
S21402385002F04003009302F0200302F0040200F09C
S2140238607FFB002003B05DF804FB0029EBD00328A1
S214023870E9D12120F6E700BF0C26002038B50D4915
S2140238800D480DF0C1FA0446054688B90B4B0C4AA2
S2140238901A600C4A5A600C4A9A600C4ADA6000F0C7
S2140238A09DFB032104462846FFF7C4FF084B1D7004
S2140238B0204638BDEFBEADDEBEBAFECAB80B00204B
S2140238C0553F02001F920300A13F0200814A0200F8
S2140238D00C26002038B5044603200DF067FA05468C
S2140238E0D0B194F87030037094F875304370204667
S2140238F0FEF788F82A46A87040F20261074817F0D9
S21402390033FD074B2046DB680121984794F9750082
S214023910BDE83840FBF708BE38BD00BF942500203E
S214023920B80B002070B5054608200E460DF03EFA8C
S214023930044680B195F8703000210370064B46604D
S214023940DB68284698472246BDE8704040F201618F
S214023950024817F009BD70BDB80B00209425002060
S21402396038B5054608200C460DF020FA024638B156
S214023970C0E90054BDE838400D21024817F0F4BCF7
S21402398038BD00BF9425002038B5054608200C46F1
S2140239900DF00CFA024650B195F8703040F205610F
S2140239A0037044600248BDE8384017F0DDBC38BDFD
S2140239B09425002013B504460191114612B301A9BD
S2140239C004200DF031FA019B104A2046B3FBF2F1B7
S2140239D002FB113345F218020021019301AB15F0E8
S2140239E07DFB08200DF0E2F9024648B194F87030EB
S2140239F040F204610370019B4360054817F0B4FC73
S214023A0002B010BD45F2180201ABE8E740420F00D3
S214023A109425002010B5044601200DF0C7F9024691
S214023A2048B194F8703040F203610370BDE810406C
S214023A30014817F099BC10BD9425002038B50546FC
S214023A4008200C460DF0B2F9024650B195F87030D7
S214023A5040F20761037044600248BDE8384017F040
S214023A6083BC38BD94250020014B5B68184700BF15
S214023A70B80B002010B50446006C30B94FF4B07095
S214023A8018F0CFF8206420B910BD4FF4B07118F0CA
S214023A908CF8FF23226C82F85E31A3681B0603D5DE
S214023AA0054B01201360EFE794F87300034B0449BB
S214023AB0012808BF0B46F4E7D1960300954F020093
S214023AC00D4B020010B50F4C2368D3B10022D3F879
S214023AD0A0001A7783F83D2083F85E200EF0B7FE2A
S214023AE020684421603018F060F8206821211D30DB
S214023AF018F05BF820682121BDE810403E3018F02F
S214023B0054B810BD14260020036C53B983681B06F4
S214023B1009D490F87320054B0548012A08BF1846B9
S214023B207047186870470348704700BF0D4B020085
S214023B30954F0200D19603002DE9F0438BB006ACF8
S214023B40884615460346264600F1100722461868A0
S214023B505968083303C2BB421446F7D110213046D7
S214023B6018F015F8002306200593F1F7C5FD18F0A6
S214023B7058F8044648B3DFF880904FF4807115F089
S214023B80E2F94FF41051C0F8109015F0B2FA802303
S214023B901027638005AB2846029332463B464946C9
S214023BA0CDE90087F4F714FD0546F0B939464046DC
S214023BB017F0EDFF3946304617F0F7FF20460FF0B4
S214023BC0A3F920460DF010F90BE06FF08C0140F2DD
S214023BD00740FFF7C5FE1021304617F0E6FF6FF0EC
S214023BE08C0528460BB0BDE8F083014640F207403C
S214023BF0FFF7B6FEDEE700BF0044400470B50E468F
S214023C000446154692B020223046434917F028F95A
S214023C1068B920222846414917F022F938B9404BA4
S214023C201B681B7D002B63D040F203401BE0246C14
S214023C302022304604F1540117F012F938B9202236
S214023C40284604F1740117F00BF90028ECD0062080
S214023C50F1F752FD17F0E5FF044630B901461A2087
S214023C60FFF77EFE1A2012B070BD00234FF480418B
S214023C70009315F068F92B4B44F21211036115F00C
S214023C8038FA4FF480736380042330468DF804308C
S214023C9006F120020DF1050350F8041B904243F88A
S214023CA0041BF9D10DF10500202117F070FF2846FC
S214023CB00DF1250305F1200250F8041B904243F84B
S214023CC0041BF9D120210DF1250017F060FF01A990
S214023CD06B46412220460EF0B9FE014650B92046F8
S214023CE00FF012F920460DF07FF800980EF0AFFDA7
S214023CF00020B8E710F1870F03D040F20740FFF725
S214023D002FFE20460FF000F920460DF06DF80098C1
S214023D100EF09DFD88E700BF79CA030059CA03006A
S214023D2014260020000002092DE9F04398460023DD
S214023D3087B0044606200E461746CDE90433F1F74F
S214023D40DBFC17F06EFF054660B3DFF884904FF495
S214023D50805115F0F8F84FF41051C0F8109015F095
S214023D60C8F9802321466B801022284604AB0EF049
S214023D706DFE044628BB05AB029310233246CDE9FE
S214023D80008349463B4604980EF08DFF0446C0B9B0
S214023D9004980EF05CFD28460FF0B6F828460DF0A3
S214023DA023F80AE06FF08C0140F20740FFF7D8FDD7
S214023DB004980EF04CFD6FF08C04204607B0BDE868
S214023DC0F083214640F20740FFF7CAFDE0E700BF56
S214023DD00002C0032DE9FF41044606208846F1F79B
S214023DE08BFC17F01EFF054648B901461A20FFF75E
S214023DF0B7FD6FF08C04204604B0BDE8F0814FF4A6
S214023E00807115F0A0F8184B4FF41051036115F0AD
S214023E1070F922466C46802327466B8002F1100317
S214023E20264610685168083203C69A423446F7D1CD
S214023E301021384617F0ABFE434610223946284674
S214023E400EF004FE044620B1014640F20740FFF79A
S214023E5087FD1021384617F0A8FE28460FF054F8C2
S214023E6028460CF0C1FFC6E700444004FF282DE9AF
S214023E70F74318BF344C814618BF44EA00244FF07B
S214023E8006000F46164608BF304CF1F735FC17F011
S214023E90C8FE8046002852D0014620460EF0EBFCB3
S214023EA0054640460FF030F840460CF09DFF15F1EF
S214023EB0880F40D1B9F1FF0F3FD10620F1F71CFC65
S214023EC017F0AFFE044658B901461A20FFF748FD20
S214023ED0002005463C6006B1356003B0BDE8F083BD
S214023EE000231A4A019343688260DAB222B923F0A9
S214023EF0FF0343F001034360204640F2011115F030
S214023F0022F8134B4FF41051236115F0F2F8802378
S214023F1001A9204663800EF035FF014618B140F233
S214023F200740FFF71DFD20460EF0EEFF20460CF080
S214023F305BFF019CCCE7002DCAD02120CBE71A20DC
S214023F406FF08C05C7E700BF068004003700040048
S214023F5000444004014B1B68187A70471426002060
S214023F60003918BF0121003B18BF012310B50B4CC6
S214023F70003A246818BF0122A3749DF80830207006
S214023F80003B18BF0123E3749DF80C302174003BFC
S214023F9018BF01236274237510BD00BF14260020CB
S214023FA001280AD002280ED098B90B4B1A689369DA
S214023FB043F00103002093617047074B1A68936928
S214023FC043F00203F6E7044B1A68936943F00403CE
S214023FD0F0E72120704700BF1426002010B5194CC8
S214023FE0236833B9A42017F01CFE206038B91A24BF
S214023FF026E0FFF767FDA421206817F0D6FD03220E
S2140240004FF0FF31236810481A70D9600022102141
S2140240101A77197283F83D200C4983F85E201A82BB
S2140240209A749A610CF0C4FB044648B9F4F796FBFE
S21402403030B122460549044817F0A2F940F2074477
S214024040204610BD14260020182600207B90030070
S2140240502DE9F04383680446590687B040F1B480E0
S21402406023F040038360FFF74FFD734EB04203D048
S214024070724B984240F0AB8094F9758004F1340993
S214024080B8F1FF3F1DD112F067F8022872D0636BB9
S21402409004201A888DF808201A4632F8021B090AEC
S2140240A08DF80910D3F8023002A9CDF80A30536809
S2140240B00A22CDF80E30FBF7C5F9B0F1FF3F804675
S2140240C058D0A56815F4807554D10620F1F714FB74
S2140240D017F0A7FD074698B901461A20FFF740FCDD
S2140240E0204641F20601FFF71DFC20460021FCF7A0
S2140240F0F1FB04F1340007B0BDE8F04315F010B848
S2140241002046FFF701FD864228D14D4D394645EA45
S214024110082528460EF0AFFB064638460EF0F4FE9B
S21402412016F1880F1BD1474D394645EA0825284621
S2140241300EF0A1FB064638460EF0E6FE38460CF0B8
S21402414053FE9EB9606B2A4602A90A30FFF7F4FCBA
S21402415078B3102102A817F028FDC1E72E462046A4
S214024160FFF7D2FC354B8342E8D1DCE7314640F21A
S2140241700740B3E794F87430DA0702D4A368DB0585
S214024180AED5002301A904F118000193FFF722FE21
S21402419018B101980EF05BFBA2E7606B019A02A9C8
S2140241A00A30FFF7C9FC054601980EF050FB002DB9
S2140241B0CFD1204602A9FCF78DFB02A8102117F0EA
S2140241C0F4FC484614F0ACFF07B0BDE8F083636B1E
S2140241D01A88002A84D11C4A904203D01B4A904275
S2140241E07FF47EAF0022013313F8011F00297FF40B
S2140241F077AF0132082AF7D1206C019100F598704A
S21402420001A9FFF7E7FD0028C3D1606B019A02A956
S2140242100A30FFF791FC054601980EF018FB002DB8
S21402422097D1204602A9FCF755FB02A8102117F0E9
S214024230BCFC04F13400C5E7954F02000D4B0200AA
S21402424005800400038004007D5C0200AD6B020062
S21402425038B504460D460520022114F08AFE0246B1
S214024260C0B18379062103445D73204614F053FDE2
S214024270204645F49051FFF755FB94F87310064B11
S214024280064A2046012914BF11461946BDE83840A1
S21402429014F000BF38BD00BF0D4B0200954F020060
S2140242A02DE9F043804693B006200F4616469946FF
S2140242B0F1F722FA17F0B5FC054648B901461A206E
S2140242C0FFF74EFB6FF08C04204613B0BDE8F08378
S2140242D04FF4804114F037FE5D4B47F21211036132
S2140242E014F007FF4FF480736B805A4B1A68137FE3
S2140242F0022B21D102F1600302F1800153F8040B74
S2140243008B4247F8040BF9D102F1A00153F8040BD3
S2140243108B4246F8040BF9D1D2F8A0302846C9F8E9
S21402432000300EF0F1FD28460CF05EFDB8F1000FED
S21402433040F086800024C7E79369DB072DD5464BFD
S21402434003F1200253F8041B934247F8041BF9D1E9
S214024350424B03F1200253F8041B934246F8041B17
S214024360F9D14B4620223E4928460EF06FFB044602
S21402437028460EF0C9FD28460CF036FD002CD5D096
S214024380214640F20740FFF7EBFAB8F1000F9BD048
S21402439008214046FFF75CFF96E7494628460EF09E
S2140243A0F1FC044690B1014640F20740FFF7D8FA06
S2140243B0B8F1000F03D008214046FFF749FF284610
S2140243C00EF0A2FD28460CF00FFD7DE76B4641225B
S2140243D001A9D9F800000EF0FFFA044628460EF0AE
S2140243E093FD28460CF000FD4CB1214640F20740F2
S2140243F0FFF7B6FAD9F800000EF029FAC5E73A46F2
S2140244000DF105030DF1250153F8040B8B4242F81A
S214024410040BF9D132460DF1450153F8040B8B42D9
S21402442042F8040BF9D101A8412117F0BEFB384629
S214024430202117F0ACFB2021304617F0A8FB75E7C9
S214024440002245F21601404614F03AFE72E700BF1B
S2140244500000020914260020C4C90300E5C90300AF
S21402446099CA03002DE9F74390F873700446012FAA
S214024470056C04D195F85031002B40F0578195F821
S2140244805C3195F85181032B00F2F180DFE803F0EE
S2140244900287AFD418F0010F7CD01121062014F049
S2140244A068FD8146002800F0418186791021064485
S2140244B00D36304614F02AFE014658B12046082131
S2140244C0FFF7C6FE002140F2074003B0BDE8F04306
S2140244D0FFF746BAA07CC0F11002304416F0EAFCA0
S2140244E011F03AFE022895F95E010BD032460521FC
S2140244F0FAF742FF90B10821204603B0BDE8F04328
S214024500FFF7A6BE33461022052111F027FE28B17A
S214024510002140F21B40FFF723FAECE711F01CFEE5
S21402452002280FD1012F0DD004F1180306F1100254
S21402453056F8041B964243F8041BF9D1A36843F4C9
S2140245408073A3604A460621204614F0E4FB0B2142
S214024550072014F00EFD8146002800F0E7808679D9
S21402456095F95E310C36064443F43F430821A6F81B
S2140245700130F01C14F0CAFD0A22042195F95E01EE
S214024580731C11F0EBFD0028C2D14A4606212046D4
S21402459014F0C1FB95F85C31013385F85C3118F0F4
S2140245A0020F1FD01121082014F0E3FC0646002853
S2140245B000F0BC800023817901AA01440D31FF205E
S2140245C0019314F00DFE40B108212046FFF740FE8D
S2140245D040F207400199FFF7C3F93246062120460A
S2140245E014F099FB95F85C31013385F85C3118F0CC
S2140245F0020F1CD00821092014F0BBFC81460028BB
S21402460000F0948086790C360644FBF717FB837914
S2140246104A4683F00803C3F3C00373700368062197
S214024620C6F8023083882046F38014F074FB95F8AF
S2140246305C31013385F85C3118F0040F12D0112179
S2140246400A2014F096FC064600286FD080791022C5
S2140246503044AB210D3016F02DFC324606212046A2
S21402466014F059FB95F85C31013385F85C31012F63
S21402467008D0236C93F85031002B57D195F85C3153
S214024680042B53D1A36C10220B2195F95E01313312
S21402469011F064FD78B140F21B412046FFF742F963
S2140246A0244B25492046012F08BF194603B0BDE812
S2140246B0F04314F0EFBCA36C01220C2195F95E01C5
S2140246C0203311F04BFD0028E5D1A36C10220D21FA
S2140246D095F95E01213311F041FD0028DBD1082255
S2140246E095F95E01114604F1100311F037FD00281A
S2140246F0D1D1236C93F85E2184F87520FF2283F8CB
S2140247005E21D3F858315B0603D404F14C0012F054
S21402471068FA11F021FD022808BFA368204604BFEC
S21402472043F48073A360FFF7D5F8B9E703B0BDE89A
S214024730F08300BF0D4B0200954F02002DE9F04FAB
S21402474097B01546DDE9209804AA06468C4692469E
S2140247501C46524B229F03F1100B96461868596866
S2140247600833AEE803005B457246F6D16B4620225C
S21402477061465046FFF7D8FA8346002871D1484B67
S21402478005F11002089365238DF824300DF12503F8
S214024790184655F8041B954243F8041BF9D110211C
S2140247A017F0F5F90DF13503184604F1100254F826
S2140247B0041B944243F8041BF9D1102117F0E7F9C1
S2140247C099F80630062183F00803C3F3C0038DF878
S2140247D04530D9F800300DF14600CDF84630B9F82C
S2140247E004300124ADF84A3017F0D1F998F80630B3
S2140247F0062183F00803C3F3C0038DF84C30D8F8C3
S21402480000300DF14D00CDF84D30B8F80430ADF85B
S214024810513017F0BCF9002335228DF85430684623
S214024820239B08A98DF85340FFF77EFA8346C0B94A
S2140248301021239817F0ABF93B463522684608A9A3
S2140248408DF82040FFF770FA834650B9B27C0146D5
S214024850C2F11002384616F02DFB1021384617F02A
S21402486096F91021684617F0A0F9352108A817F026
S2140248709CF91021504617F098F9BBF1000F06D0AC
S21402488008213046FFF7E4FC17B0BDE8F08F5A4621
S21402489045F21201304614F013FCF5E706CA03008F
S2140248A00062746C70B51E460423054696B0144624
S2140248B08DF8143001F120020DF1150351F8040BA6
S2140248C0914243F8040BF9D120210DF1150017F09F
S2140248D05EF922460DF1350304F1200152F8040B6D
S2140248E08A4243F8040BF9D120210DF1350017F066
S2140248F04EF904AB0293202301931A9B3146009390
S2140249000E48412305AA0EF0DBF90446412105A80C
S21402491017F04BF954B1214640F20740FFF720F852
S21402492008212846FFF794FC16B070BD224645F2D1
S2140249301501284614F0C4FBF6E700BF0000020982
S214024940F8B50446FEF736FF266C054628B394F9FA
S21402495075305F1C0BD086F85E31FEF747FF0721E5
S214024960012014F006FB024618BB1A2111E020466D
S214024970FAF7C2FE86F85E01236C93F95E310133C4
S214024980EBD1FEF733FF90B1A3685D0709D441F27D
S21402499005212046FEF7C6FF07E0FF2386F85E31B4
S2140249A0EFE705212046FFF753FC0020F8BD00255F
S2140249B0D5E73249867909680C3691F800C0831922
S2140249C083F801C091F81CE0281E18BF0120BEF132
S2140249D0010F0DD183F802E0D870487C00B3D87876
S2140249E000071DD4A3685B07DBD441F20321D0E79E
S2140249F08F69BEF1020F07F002070ED191F85EE052
S214024A00BEF1000F09D04FF0010E83F802E0D87015
S214024A10002FE2D140F00800DEE74FF0000EF4E788
S214024A20BCF1030F07D0096911F0FF1F1EBFD9782A
S214024A3041F00401D97094F874108F0708D5D9781C
S214024A40480705D4BCF1030FCFD041F00401D9705A
S214024A50002D18BF032510215D7119719D71216CFF
S214024A609059C1F80600988848819B7920460B73B6
S214024A70062114F050F9012098E700BF1426002002
S214024A80204B10B51B6804469B6913F0040310D133
S214024A9041B180F8773090F87010BDE810401A489F
S214024AA016F043BC90F87330012B03D18368580785
S214024AB005D410BD022B02D183685907F9D494F9A4
S214024AC0772094F87730002AF3DBB3B9012384F811
S214024AD0773094F877305B08EBD04FF47A7294F81C
S214024AE070105343084800220BF046FE94F87730C5
S214024AF063F07F0384F87730DBE75A06E9D45B007D
S214024B00E5E700BF142600201826002045F21E0303
S214024B1030B599420446154689B010D845F21603B8
S214024B20994213D845F20103994200F0B18145F249
S214024B300C03994222D0B1F5A04F00F0AF812A466D
S214024B40204609B0BDE8304000F0D2B9A1F5A04336
S214024B50173B072BF3D801A252F823F0454C02006C
S214024B603F4B02003F4B02003F4B02004D4E0200FD
S214024B703F4B0200214E02002F4C020090F9773084
S214024B80002B02DB8268530707D520460921FFF770
S214024B905FFB41F2092009B030BDAB792B449D4D35
S214024BA05B7C2D6803F008016D7CD5B121B9032129
S214024BB0FFF74EFB2120EEE713F0040F03F001038C
S214024BC008D042F00802826093B9A36843F020033B
S214024BD0A36013E0002BF8D0836843F010038360D1
S214024BE0F3E7580744BF42F00802A260DB0703D58A
S214024BF0A36843F01003A3600029E6D1A368224607
S214024C0043F00403A360844920460BF0D1FD022141
S214024C10204612F037FA47F23053002245F21A01C4
S214024C2020460BF0A9FDA3689D0540F18980A36884
S214024C30580740F1858094F8700009B0BDE830400E
S214024C4014F0C3B890F87430D9074DD590F9753082
S214024C50013342D094F9131001291DDCA268930691
S214024C600DD56C4B15071B6801D4187C38B1187F1C
S214024C7010B91878032802D09B69980734D5012901
S214024C800AD0644B11071B6801D41A7C22B11A7F22
S214024C9052BB1B78032B27D10023CDE90433CDE981
S214024CA0063311F059FA022801AB35D1A06AE16A3F
S214024CB0228E03C31A8094F97500BDF80450421C74
S214024CC037D011F091FA002833D1204641F206017E
S214024CD0FEF728FE41F206005DE78368DA0616D480
S214024CE0FEF784FD0028B5D04A4B1B68197F0229BF
S214024CF032D1DA7C82B393F85E306BBBA3685B0773
S214024D0020D52046FFF7A4FA41F2022043E7FEF739
S214024D1051FD0028E4D0E7E70A22022194F9750043
S214024D2011F04AFA0028C6D1CDE90100ADF80C0010
S214024D30C1E72A46204604AB0DF10601FEF77CFACF
S214024D40002028E7204641F20221FEF7EBFD012172
S214024D502046FFF795FED7E72046FEF78BFEA568AE
S214024D6060B96D0705D508212046FFF771FA1A20AB
S214024D7011E71A212046FEF7D5FDF8E715F00405DF
S214024D8008D0FEF73BFDC8B1204694F97510FEF731
S214024D9055FED5E72246204920460BF009FD0221A2
S214024DA0204612F06FF947F230532A4645F21A01AE
S214024DB020460BF0E1FCA3685807E2D494F975305C
S214024DC0591C15D048F2080040EA032080B2FAF7D0
S214024DD03FFA052194F9750011F0ABF9032194F915
S214024DE0750011F0A6F9062194F9750011F0A1F9E3
S214024DF0226C2046D2F8583143F02003C2F85831CC
S214024E00FFF79EFD00289BD02046044914F042F985
S214024E1096E700BF14260020DD900300DD62020044
S214024E20FEF7ECFC00285BD0236C002B58D0A2685F
S214024E30520755D5D3F85831980651D42B78002B03
S214024E40BCD105212046FFF703FA79E790F87430C3
S214024E50D90706D4234914F01DF929462046FEF741
S214024E6061FDA3685A077FF56BAF204645F21A012B
S214024E7016F05BFA204622461B4916F081FAA36812
S214024E80022123F03C032046A360FCF73DFD57E7D2
S214024E900246154915480BF08BFC51E745F21A01FC
S214024EA016F043FAA36823F03E03A360236C2BB1EB
S214024EB093F95E01431C01D0FAF740FB22462046D6
S214024EC0094916F05DFA22460749084816F058FACC
S214024ED020460221FCF718FD204614F05FF92FE762
S214024EE0022058E60D4B0200DD90030094250020B8
S214024EF045F21703994210B5044640D01AD845F237
S214024F000603994228D019D840F2012321F0020163
S214024F10994213D190F870101A4816F006FA94F8CF
S214024F2073300022012B4FF4A041204608D1FFF730
S214024F30EDFD03E045F21A03994204D048200AE048
S214024F4000F028F8FAE7104914F0A4F807212046E2
S214024F50FEF7E8FC002010BD93791A44517C41F418
S214024F609051FEF7DFFC94F87310084A084B20466F
S214024F70012914BF1146194614F08CF8EAE70220FC
S214024F80E9E700BF18260020D1960300954F0200DD
S214024F900D4B020045F21E0399422DE9F3410446E9
S214024FA0154611D845F21603994214D845F2010364
S214024FB0994200F0458345F20203994200F0988038
S214024FC0B1F5A04F00F042832A46204602B0BDE863
S214024FD0F041FFF78DBFA1F5A043173B072BF3D88F
S214024FE001A252F823F000BF09500200C94F020086
S214024FF0C94F0200C94F0200FD550200C94F020008
S214025000AB51020085510200A74E33681A7F022A6E
S21402501011D1DA7C7AB193F85E3063B941F202219B
S214025020FEF780FC20460121FFF72AFD41F202200E
S21402503002B0BDE8F081A3685D0701D50220F7E75C
S2140250402046FEF7B7FB3368051E1A7818BF0125FF
S214025050032A07D019696AB211F0FF1F24D042F062
S214025060040503E094F87420900725D49A69920701
S2140250701FD41A7F012A1CD045F0080502210B20F6
S21402508013F077FF0246E0B18379062103445D738D
S21402509094F975302046013302BFA36843F0020339
S2140250A0A36013F038FE0CE094F874108907D6D487
S2140250B0DCE75B7C002BE1D041F203212046FEF7C1
S2140250C031FCA368224643F00403A36077492046D6
S2140250D00BF06EFB0221204611F0D4FF47F230534C
S2140250E0002245F21A0120460BF046FB00209FE7FD
S2140250F083685F0703D490F97730002B05DB236CB7
S21402510053B1D3F85831DE0606D520460921FFF7FB
S2140251109FF841F209208BE72046FEF7ABFC28B940
S21402512008212046FFF794F8212081E7206CD0F86A
S214025130583143F01003C0F85831AB790C332B4486
S2140251405A68C0F806201A89428101229B7A0373A4
S214025150236C9A71A26812F0040610D122465349B3
S21402516020460BF025FB0221204611F08BFF47F26A
S2140251703053324645F21A0120460BF0FDFAA36878
S2140251809805B3D5236C002BB0D0D3F85831D90686
S214025190ACD594F97530013320D094F87430DA0720
S2140251A01CD5A36843F00203A360236C002B3FF4D4
S2140251B045AFD3F85831DA067FF540AF9F063FF584
S2140251C03DAFFEF71BFB20B3A3689E0721D42B78C6
S2140251D0FBB905212046FFF73BF887E7FEF70EFBF3
S2140251E094F9751040B14B1C02D1A3689F07DCD41A
S2140251F02046FEF723FC79E74E1CD6D094F874308E
S214025200D807D2D4084610F0EFFF0028CDD00521EB
S21402521087E794F97530581C33D048F2080040EA04
S214025220032080B2FAF714F8052194F9750010F0FD
S21402523080FF032194F9750010F07BFF062194F994
S214025240750010F076FF94F8745015F0010518D129
S21402525048F20B0394F8750043EA0020F9F7F8FFCA
S21402526048F20C0394F8750043EA0020F9F7F0FFC1
S214025270A06C10222946313015F01CFEA36C83F870
S2140252802050A368256C23F00203A360D5F858319A
S214025290054F43F02003C5F858313B68AA7A1B7ABB
S2140252A0934205D906213CE714260020DD90030030
S2140252B094F9521094F852300029B2BF012383F0B9
S2140252C00803C3F3C003102A28BF10222B7194F8D8
S2140252D06030204683F00803C3F3C0036B71A274E8
S2140252E06E7AFEF767FA002836D0F10734D594F9BD
S2140252F07530D4F840805A1C24D088F85E3106F007
S2140253000D063B689A69900704D41A7F012A01D0D9
S214025310310701D406F0F7061A78032A1FD01B6954
S21402532013F0FF1F01D046F0040694F874309A0773
S2140253301BD5730719D403212046FEF789FF40F2D6
S214025340034075E62046FAF7D7F988F85E01236C23
S21402535093F95E310133D2D106F00C06D1E71B7FFA
S214025360002BE2D106F0FB06DFE70721022013F04E
S21402537000FE01900028E2D090F806C03A680CF1D0
S2140253800C0C137800EB0C014B70137F012B06D02C
S214025390022B46D192F85E30003B18BF01238B7079
S2140253A01023CE7016F0010608BF32460B711FBFDF
S2140253B0EB7A2A7B03F003034B71236C14BF02F0D3
S2140253C003024E718A7183F851214A7983F850217B
S2140253D050F80C20C3F80D208A88A3F811208A7989
S2140253E0DA7406B3206C90F8501111F002061AD146
S2140253F094F85210062281F0080190F95E0104F139
S2140254004C03C1F3C00110F0A9FE60B13146FEF7AD
S214025410A7FA20460821FEF71BFF01A816F0B3F8EC
S2140254208DE70023BBE7019E002E88D0FEF7DEF94B
S21402543095F809C078B11CF0010F04D0236C93F9DB
S2140254405E31013307D105212046FEF701FF3046C3
S2140254500BF03CFB68E63B680CF00802597C29B16D
S21402546012B12A7C100703D40321EDE7002A75D077
S2140254702A7C110772D5D5F8581141F00401C5F8F7
S2140254805811B5F8501121F4807121F00101A5F8E8
S2140254905011187F297A02280BD071B942EA0C0201
S2140254A012F0040248D185F85D211B7C002BDBD16B
S2140254B00DE021B993F85E209ABB0221C4E70122CF
S2140254C083F83D20DA7C92BB042385F85D313246B0
S2140254D00621204613F01FFC95F85D31206C042B44
S2140254E052D13B6800F5987003F11D022D3352F835
S2140254F0041B9A4240F8041BF9D1D5F8583195F8A6
S2140255005D2103F00401002A45D123F00203C5F809
S2140255105831E27400294AD05B49204613F0BAFD9E
S214025520E4E583F83D10DB7C002BC6D1CCE793F88C
S2140255305E30002BC8D1C0E7EA791978052A28BF61
S2140255400322524801EB810101448A5C85F85D2101
S2140255501B7C002BBBD0002AB9D185E71A7F012A13
S21402556002D12A7A002AAFD11CF0040F03D12A7C7A
S21402557012F0040297D0EA791978052A28BF032286
S214025580434801EB8101DFE71022002100F5987005
S21402559015F090FCB1E743F00203C5F8583141B963
S2140255A00123032AE37412D9042A7FF49FAD3949F2
S2140255B0B3E7A37C0F2B89BF94F87430012343F022
S2140255C0080384F8743088BF0223E374A4E7012A30
S2140255D007D02046304913F05DFD2046FEF71AFA42
S2140255E084E520462C4913F055FD3B68D968481CD3
S2140255F0424242412046FEF7DDF977E590F87430E4
S214025600D90706D4254913F045FD29462046FEF75C
S21402561089F9A3685A077FF569AD45F21A01204653
S21402562015F083FE224620461D4915F0A9FEA36802
S21402563023F00403A36002212046FCF765F955E532
S2140256400246174917480BF0B3F84FE545F21A0120
S21402565015F06BFEA36823F03E03A360236C2BB108
S21402566093F95E01431C01D0F9F768FF22462046F3
S2140256700B4915F085FE224609490A4815F080FEB8
S214025680204613F08BFDD6E7C961020017CA030055
S21402569030CA0300A9560200396102000D4B02000F
S2140256A0DD9003009425002073B545F20406B1424E
S2140256B0044615460DD045F21006B14222D0B1F589
S2140256C0A04F38D113F045FC236CD3F85831D907D4
S2140256D020D5236CD3F85821D2070BD4AA79983355
S2140256E00C3215446A1D153552F8041BAA4243F8BB
S2140256F0041BF9D1216CD1F8583113F004030CD0F5
S2140257000F4904E0016CA83113F077FC0D492046DE
S21402571013F0C0FC002002B070BD81F85C3101239A
S21402572001F1B8020093204601F1A80301F5987131
S21402573013F0E9FEEEE702B0BDE87040FFF7D8BB13
S21402574049570200E1570200B1F5A04FF7B50446EB
S21402575008D045F21105A94236D003B0BDE8F040A4
S214025760FFF7C6BB006C1021B83013F0CFFC60B157
S21402577008212046FEF76CFD40F207400021FEF7A6
S214025780EFF840F2074003B0F0BD256C95F85D6176
S21402579005F1A807013E022E01979CBFD5F82C0101
S2140257A095F85C6105F154019EBFF04000F00100DF
S2140257B040F08000009005F11402204605F1B8037F
S2140257C013F014FF0020DEE7016CA83113F015FC7D
S2140257D02046024913F05EFCF4E700BFE1570200E0
S2140257E045F2100330B59942044685B000F0A68013
S2140257F00CD8B1F5A04F27D045F20503994228D020
S214025800204605B0BDE83040FFF772BB45F21103F3
S214025810994200F0B08045F212039942F0D1016C31
S21402582091F85D3113B1043B012B03D82046B83101
S21402583013F0C7FB236C93F85D31042B40F2DF8034
S214025840052B03D16F4992E013F083FB002005B0CD
S21402585030BD9179036C0C310A44511DC8331532A0
S21402586051F8040B914243F8040BF9D1206CD0F89E
S214025870583113F0040354D090F85D31042B22D132
S214025880614B1B6893F85E5065B1002100F114026B
S2140258900091114600F5A07001903E33204613F0A9
S2140258A0A5FED3E71021B83013F030FC58B108211A
S2140258B02046FEF7CDFC40F207402946FEF750F898
S2140258C040F20740C3E7216C91F85D3101F1C8024E
S2140258D013B1043B012B12D801F1F803039301F52F
S2140258E09873029304F15A03019304F1530300934D
S2140258F001F1B8032046D831FEF720FFA6E701F5EE
S214025900A073019391F85C01D1F82C31C34003F0E7
S214025910010343F080030093134601F1540214314D
S214025920BCE780F85C3100F1C802009300F598717C
S21402593000F5A073204613F0E6FD87E7056C1022FB
S21402594005F1980105F5A07015F08AFA20B1042138
S2140259502046FEF77DFC79E7D5F858312B499B07A0
S21402596042BF94F8743043F0020384F87430204641
S21402597013F090FB6AE7056C95F85D3105F5A070AB
S214025980042B1ED1204B102219684E3115F068FAEE
S2140259900028DCD1102105F1B80013F0B7FB216C0A
S2140259A001F1F803039301F59873029304F15A0385
S2140259B0019304F15303009301F1C80201F1B80305
S2140259C098E70146102205F1980015F049FA0028DA
S2140259D0BDD105F1B801204613F0F3FA216C91F817
S2140259E05C310133DBB2142B81F85C31D8D0D1F8AC
S2140259F0583123F00103C1F858310549B7E7054984
S214025A00B5E700BF195A0200142600207D5C02008A
S214025A10A9560200D15A020045F21403994213B560
S214025A2004462BD00CD8B1F5A04F13D045F20E0386
S214025A30994232D0204602B0BDE81040FFF758BA6D
S214025A4045F219039942F5D1137813BB0C21FEF7E0
S214025A50FFFB10E013F07DFA216C204601F59473EB
S214025A60019301F1B803009301F1540201F1C80356
S214025A70143113F033FC002002B010BD036CD3F8CF
S214025A802821114BB2FBF3F103FB1121FDF77CFF3A
S214025A90F1E70E4913F0FEFAEDE79179036C0C314B
S214025AA00A44511D03F58473153251F8040B9142D2
S214025AB043F8040BF9D1226CD2F8583143F00803AC
S214025AC0C2F85831D7E700BF40420F00D15A020051
S214025AD0F0B545F20E06B142044615468DB00ED01C
S214025AE045F21306B1425CD0B1F5A04F40F0BD803E
S214025AF013F02FFA236CD3F85831190757D5236CB5
S214025B00D3F8582112070CD4AA7903F584730C3201
S214025B1015446A1D153552F8041BAA4243F8041BA5
S214025B20F9D10023256CCDE90833CDE90A3385F88F
S214025B305C3195F85D310DF1200C042B2AD14D4BCA
S214025B401B6893F83D205AB1674603F11D022D33B8
S214025B503E4610685168083203C69A423746F7D165
S214025B6005F5A073069304F15A03059304F1530353
S214025B700493EB7905F1C80203932B7A02936B7AAE
S214025B80CDE900C305F1B803204605F1F80113F08C
S214025B9019FC0CE0013B022B9CBFD5F82C31089374
S214025BA0DEE7056C95F85C3123B1012B54D000205A
S214025BB00DB0F0BD102205F5A07105F5847015F044
S214025BC04FF920B10B212046FEF742FBEFE7D5F84E
S214025BD058310DF1200C9B0742BF94F8743043F005
S214025BE0020384F87430012385F85C310023CDE982
S214025BF00833CDE90A3395F85D31042B25D11D4BC8
S214025C001B6893F85E205AB1674603F13E024E3394
S214025C103E4610685168083203C69A423746F7D1A4
S214025C2005F58C73069304F15303059304F15A03A6
S214025C300493AB7B05F1B8020393EB7B02932B7CB8
S214025C40CDE900C305F1C8039EE7013B022B9CBFCA
S214025C50D5F82C310893E3E705F58C7113F095F926
S214025C602046054913F016FAA1E70DB0BDE8F0404C
S214025C70FFF73EB9142600207D5C0200B1F5A04F66
S214025C8073B5044615467BD045F21B06B14240F07A
S214025C90FA8090F87430DB076AD5056CB5F8503197
S214025CA02BB17B4913F0F6F9002002B070BDD5F88F
S214025CB058315E074BD56B7AD80748D52B7CD90767
S214025CC045D5A36C10220B2195F95E01313310F0F5
S214025CD045FA38B140F21B412046FDF723FE40F25A
S214025CE01B40E2E7A36C206C01220C2190F95E01B6
S214025CF0203310F033FA0028ECD1A36C206C10226B
S214025D000D2190F95E01213310F028FA0028E1D126
S214025D100822206C114690F95E0104F1100310F07F
S214025D201DFA0028D6D104F14C0010F05AFF236C5D
S214025D3093F85E2184F87520FF2283F85E212046C0
S214025D40544913F0A7F92046FDF7C4FDACE705F564
S214025D50987304F1180205F5A07553F8041BAB42BC
S214025D6042F8041BF9D1A36843F48073A360E6E704
S214025D70484913F08FF929462046FDF7D3FD93E7ED
S214025D80036CD3F8582112F0040245D05A7AD2078F
S214025D908AD51B7CDB0787D510F0DEF90228206C3B
S214025DA00ED000F59872032190F95E01F9F7E4FA35
S214025DB000283FF479AF08212046FEF749FA8EE71D
S214025DC000F598731022032190F95E0110F0C6F9CF
S214025DD028B1002140F21B40FDF7C2FDEBE7206C24
S214025DE0102200F59873052190F95E0110F0B6F9BD
S214025DF00028EED1236C04F1180103F5987203F51E
S214025E00A07352F8040B9A4241F8040BF9D1A36826
S214025E1043F48073A36047E7D3F8B810C3F8D010F2
S214025E20D3F8BC100192C3F8D410006C01A900F597
S214025E309870FDF7CFFF48B101980CF008FD204698
S214025E400821FEF705FA40F207402EE7206C019A79
S214025E5000F59871C830FDF76FFE05460198002DD3
S214025E60EBD10CF0F4FC236CA07C03F59873294666
S214025E70C0F11002184415F01DF8216C2046B83106
S214025E8013F09FF810E702B0BDE87040FFF730B895
S214025E90995E0200954F0200B1F5A04F2DE9F3413D
S214025EA00546144600F03681A1F5A043DE1F042EF7
S214025EB000F237819279083B0C321444026C92F855
S214025EC05021032B05D8DFE813F047009400C500E5
S214025ED02201D10740F1BC800534102221469348A6
S214025EE014F0BEFF002800F09D8010F035F902285D
S214025EF0286C27D02246032190F95E01F9F73CFA76
S214025F000026074610F028F9022812D195F87330B9
S214025F10012B0ED1234605F1180204F1100153F8A5
S214025F20040B8B4242F8040BF9D1AB6843F480733E
S214025F30AB601021204615F038FE002E6DD00021F1
S214025F4030462FE023461022032190F95E0110F01E
S214025F5005F900270646D5E712F0010778D010F0BB
S214025F60FBF8022821D02B6C062093F95E81EFF70E
S214025F70C3FB15F056FE064608B91A26DFE70146A9
S214025F806B4840EA08200CF076FC804630460CF05F
S214025F90BBFF30460AF028FFB8F1000F05D0414695
S214025FA040F20740FDF7DCFC38E0286C04F10508F7
S214025FB043460A22022190F95E0110F0CFF8D4F887
S214025FC005300646AB62D4F80930EB62B4F80D3001
S214025FD02B860028B3D12A6C92F8503123EA0703A5
S214025FE082F850312846FEF73DFA002002B0BDE89E
S214025FF0F08192072CD510F0AFF8022804F10504C0
S214026000286C16D00621224690F95E01F9F7B4F9FB
S21402601010210746204615F0C8FDCFB108212846B4
S214026020FEF716F928460821FEF712F940F2034059
S214026030DCE706212346102290F95E0110F08EF866
S21402604006461021204615F0B0FD002E7FF477AFED
S2140260500027C0E79307FBD510F07EF802281AD077
S2140260602B6C062093F95E71EFF746FB15F0D9FD0F
S2140260700646002881D001462E4840EA07200CF04A
S214026080FAFB074630460CF03FFF30460AF0ACFEFD
S2140260900FB1394684E7617989B90A46631D13F858
S2140260A0010F60B90132062AF9D195F85210286C10
S2140260B081F0080105F14C03C1F3C00106E0003986
S2140260C04FF0060218BF0121286CA31D90F95E014D
S2140260D010F044F82A6C0646D2F8583143F04003D2
S2140260E0C2F858316389D4F80600ADF804306379F3
S2140260F00090002B0CBF4923722368468DF80630A9
S21402610010F06FFD002E7FF41AAF022763E702F04D
S214026110040760E712F01DFF00222B6C83F85C2157
S21402612060E702B0BDE8F041FEF7E2BE49CA0300EE
S214026130038004000680040070B545F20406B142EE
S2140261400446134624D045F21806B14206D0B1F5ED
S214026150A04F32D112F0FDFE002070BD11684D1C1A
S21402616003D10121FEF774F8F6E7026CD2F8580163
S214026170400743BF002182F85C111B68C2F8301149
S2140261802046104948BFC2F82C3112F083FFE3E7DD
S2140261909979026C0C310B44591D9832153351F81B
S2140261A0040B994242F8040BF9D1226CD2F858310A
S2140261B043F00103C2F85831CEE7BDE87040FEF75F
S2140261C097BE00BFA956020045F215039942F7B5DD
S2140261D0044651D00CD8B1F5A04F19D045F20D03A4
S2140261E099421BD0204603B0BDE8F040FEF780BEC1
S2140261F045F216039942F5D1016C01F1D8030093DA
S214026200D1F8943001F134021431FEF74BFB01E071
S21402621012F09FFE0027384603B0F0BD93790C3388
S2140262201A44551D02F1250632462946FDF7E6FCBC
S214026230074620B10B212046FEF70AF8EBE729466F
S214026240236C143351F8042BB14243F8042BF9D1D2
S214026250236C01F12002343351F8040B914243F8C7
S214026260040BF9D1216C204601F1940301F174026A
S2140262705431FEF715F8CDE712F0DBFE236C93F8E7
S2140262805D31052BC6D8DFE803F0190311111E197C
S21402629020460E4912F0FEFE0D4B20461B68D968BA
S2140262A04B1C5A425A41FDF785FBB3E72046074985
S2140262B012F0F0FE2046FDF7ADFBABE7054920469F
S2140262C012F0E8FEA6E70449F9E700BF39610200CA
S2140262D01426002049570200E1570200F8B545F29D
S2140262E016039942044600F061810BD8B1F5A04F1F
S2140262F00ED045F2030399420ED02046BDE8F84080
S214026300FEF7F6BD45F217039942F6D1022002E0E7
S21402631012F01FFE0020F8BD9379056C0C33D618D8
S214026320F379DF0708D4FDF761FA28B10521204684
S214026330FDF78EFF2120EEE79E4F327A3B681B7AEE
S2140263409A4201D20621F2E7D6F80530C5F80E3099
S214026350B6F809306B8202236B7394F9523094F8C4
S2140263605210002BB2BF012381F00803C3F3C0030F
S2140263706B7194F8603083F00803C3F3C0032B718B
S214026380337A102B28BF1023A374F379D8072BD5A2
S2140263906B7ADA0728D5737AEA7A134085F8513190
S2140263A0B37A2A7B134085F8503195F95E31013372
S2140263B01ED0206C90F850319B0719D481F008014A
S2140263C0062290F95E0104F14C03C1F3C0010FF0FE
S2140263D0C5FE68B140F21B412046FDF7A3FAA3684A
S2140263E05907A7D50821A2E7002385F85131DAE735
S2140263F03B68F079597C00F0080229B112B16A7A3A
S214026400120703D4032192E7002A79D06A7A110789
S21402641076D5D5F8581141F00401C5F85811B5F8EB
S214026420501121F4807121F00101A5F8501193F862
S2140264301CC0B179BCF1020F02D019B3022176E773
S21402644089B1012283F83D20DA7CB2B9042285F8AC
S2140264505D21A27C0F2A27D994F8742042F0080204
S21402646084F8742020E093F85E20002AE6D0DA7CD6
S21402647083F83D10002AE1D1E8E793F85E20002A6F
S214026480E4D1DBE7024312F004023FD072794A49B4
S214026490052A28BF0322187802EB82020A44125CFD
S2140264A085F85D21002AD4D1197C95F85D2109B1C1
S2140264B0002AA7D0206C042A00F598703AD103F17E
S2140264C01D022D3352F8041B9A4240F8041BF9D1E0
S2140264D0D5F8583195F85D2103F004017ABB23F014
S2140264E00203C5F85831E27400295AD0216C2046BE
S2140264F001F1940301F174025431FDF7D1FE09E76C
S2140265001A7F012A05D1B2791AB1042285F85D21D3
S214026510CAE7420703D46A7A12F00402F6D0727906
S2140265202649052A28BF0322187802EB82020A446B
S214026530125CEBE71022002114F0BCFCC8E743F023
S2140265400203C5F8583149B90123013AE374032A14
S2140265503FF6E0AEDFE802F010181025A37C0F2B02
S21402656089BF94F87430012343F0080384F874302A
S21402657088BF0223E374B9E72046114912F08AFD68
S2140265802046FDF747FAC5E620460D4912F082FD81
S2140265903B682046D9684B1C5A425A41FDF70AFA14
S2140265A0B8E60849204612F075FDB3E612F041FD42
S2140265B00549F7E71426002017CA030030CA03006D
S2140265C0C16F02009D6E0200CD65020045F20D030A
S2140265D09942F7B5044627D00DD8B1F5A04F1DD085
S2140265E045F20403994200F08F80204603B0BDE8CE
S2140265F0F040FEF77DBC45F21103994200F0A680FA
S21402660045F215039942F0D1006C90F85D31052BE6
S21402661006D8DFE803F0503A423A555012F099FC99
S2140266200027384603B0F0BD93790C331A44561D42
S21402663002F125052A463146FDF7E0FA074620B163
S2140266400B212046FDF704FEEBE73146236C14339C
S21402665051F8042BA94243F8042BF9D1236C01F11B
S2140266602002343351F8040B914243F8040BF9D15B
S214026670216C204601F1D8030093D1F8943001F141
S21402668034021431FEF70EF9CAE720463B4912F0EF
S21402669001FD2046FDF7BEF9C2E72046374912F053
S2140266A0F9FC374B20461B68D9684B1C5A425A41A4
S2140266B0FDF780F9B4E73349204612F0EBFCAFE76A
S2140266C02F4B1B6893F85E5065B1002100F114024F
S2140266D000F5A07001900091204611463E3312F05C
S2140266E085FF9DE71021C83012F010FD00283DD02E
S2140266F008212046FDF7ACFD294640F20740FDF78B
S2140267002FF940F207478CE79179036C0C310A4463
S214026710511DA833153251F8040B914243F8040B6D
S214026720F9D1256C102205F1A80105F1980014F0A4
S21402673097FB20B904212046FDF78AFD70E7D5F8BD
S214026740583143F00103C5F8583169E70C4B056C24
S214026750196810224E3105F5A07014F081FB00284E
S214026760E8D1102105F1C80012F0D0FC216C2046B9
S214026770C83112F026FC04499EE700BFC16F020032
S21402678014260020F56D02008D67020045F2100304
S214026790F0B59942044685B000F087800CD8B1F572
S2140267A0A04F1CD045F2050399421DD0204605B0E5
S2140267B0BDE8F040FEF79CBB45F21103994200F09B
S2140267C08D8045F212039942F0D1036C93F85D3145
S2140267D0042B40F2B380052B03D159497BE012F01B
S2140267E0B8FB002005B0F0BD9179036C0C310A4469
S2140267F0511DB833153251F8040B914243F8040B7D
S214026800F9D1256C102205F1C80705F1B806314604
S214026810384614F025FB20B904212046FDF718FD62
S214026820DFE7D5F8583113F0040332D095F85D311E
S214026830042B13D105F1F803039305F5987302931D
S21402684004F15303019304F15A0300933A46334684
S214026850204605F1D801FDF771FFC2E705F5A070E5
S21402686005F1140105F1540201900BB1052B06D176
S214026870002300932046334612F0B8FEB1E795F89F
S2140268805C01D5F82C31C34003F0010343F08003CA
S214026890EFE785F85C3132460093204605F5A07393
S2140268A005F5987112F02FFE9BE7056C102205F194
S2140268B0A80105F5A07014F0D3FA0028ACD1D5F8DB
S2140268C0583120499B0742BF94F8743043F00203C4
S2140268D084F87430204612F0DDFB82E7056C102245
S2140268E005F1A80105F5A07014F0BAFA002893D1B4
S2140268F095F85D31013B022B0FD895F85C310133D8
S214026900DBB2142B85F85C3107D0D5F858310E4926
S21402691023F00103C5F85831DCE705F1F8030393C9
S21402692005F59873029304F15303019304F15A0395
S214026930009305F1C80205F1B80389E70349CAE7DF
S21402694051690200AD6B02009D6E0200D169020021
S21402695073B545F21406B14204461AD045F219063A
S214026960B14221D0B1F5A04F28D112F0F2FA216C33
S214026970204601F59473019301F1B803009301F1E7
S214026980140201F1C803543112F0A8FC002002B030
S21402699070BD036CD3F828210B4BB2FBF3F103FB5B
S2140269A01121FCF7F1FFF1E713781BB90C21FDF773
S2140269B04FFCEBE7054912F06DFBE7E702B0BDE8D6
S2140269C07040FEF795BA00BF40420F00D169020040
S2140269D0F0B5B1F5A04F05468DB008D045F21304C8
S2140269E0A14244D00DB0BDE8F040FEF781BA0023C4
S2140269F0046CCDE90833CDE90A3394F85D310DF124
S214026A00200C042B2CD11F4B1B6893F85E205AB126
S214026A10674603F13E024E333E461068516808321E
S214026A2003C69A423746F7D104F58473069305F1F6
S214026A305303059305F15A030493E3792846039317
S214026A40237A04F1C8020293637A04F1F801CDE9CD
S214026A5000C304F1B80312F0B5FC00200DB0F0BD7F
S214026A60013B022B9CBFD4F82C310893DCE7016C67
S214026A7001F5847112F089FA2846034912F00AFBDE
S214026A80EBE700BF142600208D6A0200F0B545F23F
S214026A900E06B142044613468DB00BD045F21303E0
S214026AA0994260D0B1F5A04F77D112F052FA002089
S214026AB00DB0F0BD9979026C0C310B44591D02F5EC
S214026AC08C72153351F8040B994242F8040BF9D133
S214026AD0256C102205F58C7105F5847014F0C0F94A
S214026AE020B90B212046FDF7B3FBE0E70023CDE9F2
S214026AF00833CDE90A3395F85D310DF1200C042BED
S214026B002AD1284B1B6893F83D205AB1674603F1F9
S214026B101D022D333E4610685168083203C69A425B
S214026B203746F7D105F5A073069304F15A03059389
S214026B3004F153030493AB7B20460393EB7B05F1EE
S214026B40B80202932B7C05F1F801CDE900C305F1EA
S214026B50C80312F037FCAAE7013B022B9CBFD5F80C
S214026B602C310893DEE7056C102205F5A07105F5B9
S214026B708C7014F075F90028B3D1D5F85831204638
S214026B809B0748BF94F87430074944BF43F002039A
S214026B9084F8743012F07EFA89E70DB0BDE8F04052
S214026BA0FEF7A6B914260020AD6B020070B5B1F54B
S214026BB0A04F0446154688B07BD045F21B06B1426C
S214026BC040F00E8190F87430DB076AD5056CB5F894
S214026BD050312BB1854912F05DFA002008B070BD25
S214026BE0D5F858315E074BD56B7AD80748D52B7C3B
S214026BF0D90745D5A36C10220B2195F95E013133D6
S214026C000FF0ACFA38B140F21B412046FCF78AFE80
S214026C1040F21B40E2E7A36C206C01220C2190F9A3
S214026C205E0120330FF09AFA0028ECD1A36C206C98
S214026C3010220D2190F95E0121330FF08FFA002801
S214026C40E1D10822206C114690F95E0104F110038E
S214026C500FF084FA0028D6D104F14C000FF0C1FFE1
S214026C60236C93F85E2184F87520FF2283F85E2158
S214026C7020465F4912F00EFA2046FCF72BFEACE7E0
S214026C8005F5987304F1180205F5A07553F8041B70
S214026C90AB4242F8041BF9D1A36843F48073A360A5
S214026CA0E6E7534912F0F6F929462046FCF73AFE83
S214026CB093E7036CD3F8582112F0040255D0002251
S214026CC0CDE90122ADF80C205A7AD2073FD51B7CBB
S214026CD0DB073CD50FF040FA0228206C0CD000F5FA
S214026CE09872032190F95E01F8F746FB78B3082103
S214026CF02046FDF7ADFA8BE700F5987310220321C4
S214026D0090F95E010FF02AFA28B1002140F21B40EA
S214026D10FCF726FEEBE7206C102200F5987305219F
S214026D2090F95E010FF01AFA0028EED1236C04F1F6
S214026D30180103F5987203F5A07352F8040B9A42F1
S214026D4041F8040BF9D1A36843F48073A3600023CF
S214026D50BDF80420CDE90433CDE906330DF1060172
S214026D6004AB2046FCF768FA37E7D3F8B810C3F846
S214026D70D010D3F8BC100092C3F8D410006C694649
S214026D8000F59870FDF726F848B100980BF05FFD05
S214026D9020460821FDF75CFA40F207401EE7206C09
S214026DA0009A00F59871C830FCF7C6FE0546002822
S214026DB0EBD100980BF04BFD236CA07C03F5987387
S214026DC0C0F110022946184414F074F82A46CDE998
S214026DD00155CDE90455CDE9065504AB01A9C0E736
S214026DE008B0BDE87040FEF783B800BFCD9603003A
S214026DF00D4B0200B1F5A04F70B50446154607D0FC
S214026E0045F20406B1420CD0BDE87040FEF770B8F9
S214026E1012F09FF8236CD3F85831D90701D400201A
S214026E2070BD236CD3F85821D20718D4AA79A83398
S214026E300C3215446A1D153552F8041BAA4243F853
S214026E40041BF9D1206C102200F1A801983014F02E
S214026E5007F820B904212046FDF7FAF9DFE7206C8F
S214026E601021C83012F052F958B108212046FDF719
S214026E70EFF940F207400021FCF772FD40F20740AE
S214026E80CEE7216C2046C83112F09BF82046024914
S214026E9012F000F9C3E700BF8D670200B1F5A04FFC
S214026EA013B504460ED0A1F5A043103B012B45D8DE
S214026EB0016C983112F0A1F82046234912F0EAF844
S214026EC0002017E0016CD1F8583101F1C80213F026
S214026ED0040328D01021104612F018F960B10821D8
S214026EE02046FDF7B5F940F207400021FCF738FDD1
S214026EF040F2074002B010BD216C204601F1980313
S214026F00019391F85C21D1F82C31D34003F00103B0
S214026F1043F08003009301F1140201F1C8035431D7
S214026F2012F064FBCCE781F85C310123009301F197
S214026F30980301F5987112F0E6FAC1E702B0BDE8CF
S214026F401040FDF7D5BF00BF4D6F0200B1F5A04F50
S214026F5070B51346044607D045F20406B14207D080
S214026F60BDE87040FDF7C4BF11F0F3FF002070BD0E
S214026F709979026C0C310B44591DA832153351F81D
S214026F80040B994242F8040BF9D1256C102205F144
S214026F90A80105F1980013F063FF20B904212046EA
S214026FA0FDF756F9E2E7204605F1C80112F009F8A6
S214026FB02046024912F06EF8D8E700BF8D6702003D
S214026FC0B1F5A04F70B50346144607D045F2180631
S214026FD0B14207D0BDE87040FDF78ABF11F0B9FF95
S214026FE0002070BD1268551C03D10121FDF730F94F
S214026FF0F6E7016CD1F85801400743BF002281F83A
S2140270005C212268C1F8302148BFC1F82C211846FD
S214027010014912F03FF8E3E79D6E0200184640F27F
S2140270200A4322F000429A422DE9F04120D8B2F5F6
S214027030806F01D800203EE06FF480642244092A63
S214027040F8D801A353F822F08F7002009B7002005A
S214027050BB70020009710200DD7002002571020099
S214027060477102004F71020035700200677102001C
S2140270706FF4A0615318042BDCD8A2F20252032A42
S21402708079D8DFE812F08A009200B700CB000578C4
S214027090448864480FF081FF3EE0057844688269C0
S2140270A000F10803002160480FF088FF10B1057157
S2140270B0C0F805400120BDE8F081067845880479CD
S2140270C0826900F10803002158480FF077FF002874
S2140270D0F0D00671A0F80550C471EBE70479077882
S2140270E0A4F11B03594259414688C58800F108029B
S2140270F089004F480FF087FF0028DBD00771A0F801
S2140271000560C4710581D5E7057844884269031D88
S214027110002148480FF052FF0028CBD00571A0F896
S2140271200540C7E706784588848800F108020021F2
S21402713041480FF068FF0028BCD00671A0F8055041
S214027140A0F80740B6E7057844683C48A2E704780A
S2140271503A480FF022FF0028ACD0072343710023E1
S21402716004718371A6E7047835480FF016FF0028ED
S214027170A0D004719EE7077846880579C48800F196
S214027180080200212F480FF03EFF002892D0077118
S214027190A0F80560C57104818CE7077846880579F2
S2140271A0C48829480FF0F9FEEFE787684588047916
S2140271B006787FB1C78800F10802002123480FF045
S2140271C022FF00283FF476AF0671A0F80550C4717E
S2140271D007816FE73B463A4639461C480FF0EEFEFB
S2140271E000283FF467AF0671A0F80550C471077215
S2140271F047725FE790F8008047880679C588048959
S21402720013480FF0CAFE00283FF454AF80F80480FB
S214027210A0F80570C671058144814BE7057844687D
S2140272200C4837E7ECCA0300E8CA0300E4CA0300C6
S214027230DCCA0300E0CA0300D8CA0300D4CA0300AB
S214027240BCCA0300D0CA0300CCCA0300C8CA0300E3
S214027250C4CA0300C0CA0300004870471D7002007B
S21402726030B5044685B00846039112F08EFB8307BC
S21402727008D410F0010003D003A814F084F901200A
S21402728005B030BD03998B7903F10C0288188A5C2D
S214027290013A1C2A00F2E880DFE802F00FE689E6EF
S2140272A08CE695E69CE6A4E6ACE6B3E6BAE6C2E66B
S2140272B0E6E6C4E6D2E6D4E6DD0003790BB103F5D2
S2140272C088534278023A162AD6D801A151F822F0FB
S2140272D02D7302007972020037730200797202007F
S2140272E043730200797202004F7302007972020041
S2140272F05B730200797202007373020079720200F5
S21402730067730200797202007F73020079720200CC
S2140273108B7302007972020079720200797202009F
S2140273209573020079720200A573020017212046A7
S214027330FBF7D0FEA0E700222046114611F0B3F874
S2140273409AE71A460021204611F05AF994E70022DD
S2140273502046114611F0C5FA8EE700222046114655
S21402736011F0ADF988E71A460021204611F09AFA84
S21402737082E71A460021204611F077FA7CE70022BF
S2140273802046114611F0A0FB76E71946204611F07A
S21402739004FC71E70093002320461A46194611F0B2
S2140273A006FC69E71946204611F053FC64E7B0F87C
S2140273B00110BCE702338B710A460023417820464F
S2140273C011F071F85BE70133002220468B7111F051
S2140273D017F954E702338B7142780023204611F0E6
S2140273E080FA4CE701338B71002320461A4611F0CF
S2140273F066F944E70133002220468B7111F035FA14
S2140274003DE70133002220468B7111F04BFA36E736
S21402741002338B7142780023204611F055FB2EE78B
S2140274200021B3E705338B710023B0F80320B0F8D0
S214027430010000930B460146204611F0B8FB1EE7FA
S2140274400021B0E703338B710A46B0F801102046DC
S21402745011F01EFC13E703338B710A46B0F80110D5
S214027460204611F01EFC0AE7002009E72DE9F04F3E
S214027470144687B09B46C36B06460D465B690122DF
S21402748002A960689847F36B012203A95B69284644
S214027490984702A812F083FE074648B10023A37558
S2140274A063754FF0FF33A360002007B0BDE8F08F8E
S2140274B003A812F081FE0123A375237E04EBC30307
S2140274C0DD611F846368AB420ED1206003A812F010
S2140274D095FE4FF0FF332075A360237D043B022BFD
S2140274E025D80023A375DFE723681A1A03A8534298
S2140274F05341A37512F082FE237D834203A818BF70
S214027500A77512F05DFE074602A812F059FE8742E2
S21402751003A81CBF0023A37512F05AFE074602A852
S21402752012F056FE87421CBF0023A375D5E703A8B8
S21402753012F046FE80B1F36B022204A928465B696C
S214027540984704A812F04BFE0346207D032839D83C
S214027550DFE800F03838040903A8F3E7237ECC22DC
S21402756004EBC3031A8401F0C9FA109B187003A82F
S214027570277E12F019FE04EBC70787F8220003A83D
S214027580237E04EBC303B3F8209093F8227012F024
S21402759017FE804603A812F01BFE8246B8F1000FC3
S2140275A015D0F36B022204A928465B69984704A803
S2140275B012F0DAFD6075637D6BB90023A3754FF098
S2140275C0000838E0227E04EBC2021384CBE703A84D
S2140275D012F0B5FDEEE794F81680B8F1000FEED083
S2140275E0B9F1000F09D1DFB10123627EE375002AEB
S2140275F044D19F4218D1677614E0736C05EB0A02F9
S214027600594285EA020008421CBF0021A175591E94
S2140276100A409B1A9945D0D8A37D002BE3D1CEE72A
S214027620E37D43B94FF000084B46524629463046A2
S21402763012F031FBA060A27D12B123694B44236194
S2140276401349237E097899421ED901332376BBF16A
S214027650000F1BD0D2B1E37DC3B1B8F1000F15D134
S214027660032F13D0A1684B1C10D0109B2246304625
S21402767000930123FFF7FAFEA07507E0012FDAD088
S214027680032F08BFA376CDE70023A375A07D0CE7E2
S214027690C0C303002DE9F04F0E468BB09846002378
S2140276A004464FF0FF31104617468DF8133001F0AE
S2140276B00FFAB6F5801F3BD3B21C53D1E56A6B1C9A
S2140276C057D1616A204612F02CFA0546B31CDFF841
S2140276D0189118BF01230193636A05A9626C4FF0E3
S2140276E0000B0293236802FB053AE36B05225B69F3
S2140276F05046984705A812F00BFE12F02EFE504692
S21402770012F036FE824601464B1C05D0636C81EAB7
S2140277100A025B42134232D02946204612F001FA90
S214027720029BAB424DD0BBF1000F4DD10546D3E7CD
S214027730314605AA04F1080012F0E7FC0146481C8F
S21402774010D0384601F0C4F90DF113030122394670
S214027750204612F01CFB28B19DF8133088F8003042
S214027760002003E0237C002BA8D11D480BB0BDE807
S214027770F08F2368ED1A636CB5FBF3F5A6E748466F
S21402778001F0A6F90DF11303019A4946204612F0BC
S214027790FEFA034690B1B21C03D0D9F80020B242DA
S2140277A00CD19DF813204946039338460D4B88F8B2
S2140277B000201A6813F089FB039B9B46D9F8081031
S2140277C0A2E7BBF1000FD0D0B6F5801FC8D298F85A
S2140277D0003031467A6804F1080001F0BDF8BFE7D0
S2140277E00BE000F0BCC30300B81C00202DE9F341F7
S2140277F00E46044617469846816A194DE36A8B423E
S2140278002AD04B1C18E0284601F062F90DF1070356
S21402781001222946204612F0BAFA30B143469DF8B4
S214027820072029462046B847B0B1A9684A1C05D0A9
S214027830012E0AD0E36A9942E5D10DE06968204636
S21402784012F0FCF9012E0146D8D16B6881EA0302D8
S214027850636C5B421A42D1D002B0BDE8F08100BF31
S2140278608C1C00202DE9F041036B9046826B90B091
S21402787007680E469A42426C01A9044688BF836393
S214027880436A02FB0377C36B05225B693846984757
S21402789001A812F03DFD01280146307056D0656CF5
S2140278A006A9E26B2368606AD2F814C0052205FBBB
S2140278B000300025E04706A812F02AFD012823D052
S2140278C001218DF834800E958DF83C10D4E90A32E9
S2140278D0CDE90B4593422AD11946204612F0AEF95D
S2140278E0236B626C1433E0629B1A23630C9B53B9BE
S2140278F09DF83C303BB1626A616C2368E06B01FB29
S214027900023112F0BDFC0C9DE36B052201A938463C
S2140279105B69984701A812F0FBFC3070236B28467F
S214027920A26B9A4288BFA36310B0BDE8F081237CA5
S21402793033B90BAA1C4904F1080001F05DF8D5E73B
S2140279400BAB1A4A2046FFF751FFCFE7237C23BB37
S2140279502246174904F1080001F04EF8616A2046F3
S21402796012F000F9616A421C204612F0C9F8054678
S21402797020B9236B626C1344143B2363A16A20462E
S21402798012F05CF92368A062C01A636CB0FBF3F0D5
S2140279906062204612F096F9B6E70023054A2046B2
S2140279A0FFF724FFDAE700BF998102001581020083
S2140279B0179E0300B39D030073B50D46D11E1C46E9
S2140279C01B7E4A424A419A4226D129682368994236
S2140279D022D3636899421FD8114E0DF1070332462F
S2140279E0FFF758FEC0B972686B689A4214D19DF8C8
S2140279F00730DA1E53425341227E93420CD163690A
S214027A0001336361D4E90323934205D22968A2684D
S214027A1042F8231001332361012002B070BD00BF7B
S214027A20E41C00202DE9F04F8BB09A46DFF854B1E3
S214027A3080469DF850300D4616460293DBF810300D
S214027A405345C0F09880DBF80430D1460193B9F173
S214027A50000F00F08C80D8F83C30012207A901986C
S214027A605B69984707A812F0A7FBDBF8003098423C
S214027A7040F0848007A812F0ABFB0428074614D116
S214027A8007A812F0ACFB019B029A04463B44002A6C
S214027A903ED1864212D9361A14460199404612F051
S214027AA0CDF8A9EB04090190D1E7D8F83C300222C0
S214027AB008A901985B69984708A8E2E7841B9F1902
S214027AC0544528BF5446032CAAEB040A4FEA9402F4
S214027AD01CD9D8F83C302946384604F003065B69C0
S214027AE0984724F003031F441D44002ED5D0D8F82F
S214027AF03C30012208A938465B6998473246284638
S214027B0008A9354413F0E1F90026C6E72646ECE755
S214027B1000F003020344074603922A1805930492D0
S214027B20049BDD1B059BD81B039B9F420FD1002F96
S214027B30B3D0D8F83C30012208A95B6998473A4688
S214027B4008A9284613F08CF978B93D44A5E7D8F879
S214027B503C30012208A95B699847042208A92846F6
S214027B6013F07EF908B9043FDAE7DFF81C904846BE
S214027B700BB0BDE8F08FDFF81490F8E7DFF810904E
S214027B80F5E700BF101D002012E000F011E000F043
S214027B9022E000F02DE9F0410F4688B016469846DE
S214027BA0044660B390F83450FDB1012111F07EFF17
S214027BB00E9B0021CDF804800496CDE902379DF88D
S214027BC03C308DF81C30237CCDE905118BB901AA17
S214027BD00C4904F1080000F00FFFE06BDDE90553E5
S214027BE0002E08BF1D4612F024F9284608B0BDE84C
S214027BF0F08101AB044A2046FFF7F8FDEDE70546A3
S214027C00F3E700BFE19D0300B97902002DE9F04FCA
S214027C1099B00F46044609920A69416C0E93D31D29
S214027C201439B3FBF1F3013302EBC302036B934245
S214027C30C0F00F820023DFF824940D93E36A4846CF
S214027C401946079300F044FFD7E9033604930E9BC8
S214027C50022B4ED1CC2E40F08C81099B002B42D0B9
S214027C603946204612F043F9656C079A6B1E14904B
S214027C701340ED1AE36B012216A978685B699847F0
S214027C8016A812F09DFA00280CBF04230823782EAB
S214027C9006933FD9012300254FF0080A05933B6857
S214027CA005990E98C9F80030C9F8106012F0AAFAC1
S214027CB04FEA9A03DDF81CB089F8140010930023EB
S214027CC00B930F9308930C93616C4A1E0BEA020205
S214027CD08B1A002E3AD05544AB4242D8236B5B1A1D
S214027CE013442363ADE0049B1B6814930823069396
S214027CF0D0E7656C782E079A05F1FF3303EA020394
S214027D00A5EB030516D8FB7D7BB9099B002BB1D1E9
S214027D1004230693331DAB4210D9A6B1082DB9D859
S214027D2004250023AA460593B9E7099B002BA1D197
S214027D300823EEE7099B002B9CD1D7E70025059583
S214027D404FF0040AABE704250596F9E75345C5D379
S214027D500BEB0A03B0460393089B002B18BF0323C2
S214027D6013E0A3EB0A03B0460BEB0A029E42039211
S214027D7028BF98469E42EFD9D9F810200123964292
S214027D8089F8173071D1C9F804B0089399F81730FA
S214027D90002B6CD099F818200899D31C013209EBF5
S214027DA0C30389F81820C3F804B0A3F808809972B0
S214027DB0B8F1000F14D00E9B022B5BD10B9B7BB944
S214027DC00F9B4344032B0BD9E36B012214A90398A0
S214027DD09B6998470546002840F03D8101230B9396
S214027DE0089B16A80193059B0093434699F8142016
S214027DF0396800F023FEE36B109A16A99B69584671
S214027E009847051E0D9B18BF5B4652460D93594672
S214027E104346204611F03FFF236B08F10302C9F8E0
S214027E200800A3EB0A0322F003029B1A2363002D29
S214027E3040F011810F9BA6EB0806DDF80CB0434418
S214027E400F935946204611F0F9FE00258346002E70
S214027E507FF43AAF814A04F10800396893685268A1
S214027E60E3620E9B00F078FDDEE002238DE7C9F8A0
S214027E7004B09DE7099B002B30D1049BB8F1030F99
S214027E8043440A9327D9E36B4FEA98029B69DDE9DC
S214027E90030198470546002865D118F003025FD013
S214027EA028F00305049B2B440493039B1D444FF0C8
S214027EB0FF33049915A8159313F007F8E36B2846C9
S214027EC0012215A99B6998470A9B05460493002D33
S214027ED086D0039B99E7039D4246E8E7039B0A93F5
S214027EE007F120031193FB7D78689BB13D7E00234A
S214027EF00C9AD9B28D4211D9119903F1010C31F8BD
S214027F003310914226D907EBC3030699D8690A446F
S214027F10104403E00C9B069A13441844E36B0122B8
S214027F2015A95B699847159B012213A913930C9B0D
S214027F300A9804330C93E36B9B699847039B0A9A4F
S214027F40054643449B1A042B07D978B913460433D3
S214027F500A93C8E7521A6346CBE70A9B0393B6E72F
S214027F600A9B04933CE70A9B0493B2E70A9B03939B
S214027F70AFE73B4E04F1080303932368079A606C4D
S214027F80A2EB030ABAFBF0FA00FB0A3012F0F0F991
S214027F90E16A8046204611F051FEA26A82424AD029
S214027FA0626CD9F80830511E2568E0620B40216BDE
S214027FB0891A0B4423630D9B5D1BB5FBF2F5AA459C
S214027FC036D1079BB3EB080A12D0E36B4FEA9A024C
S214027FD041469B699847E36A079A83465344039847
S214027FE0DA46E362236B9B1A4344236312F05EF87D
S214027FF02368616CE06B01FB053112F02EF9204616
S21402800011F05FFD204611F05DFE2063BAF1000F0D
S21402801011D03A69616CD31D1439B3FBF1F3013305
S21402802002EBC3029042A8D2304619B0BDE8F08FE8
S2140280304FF0000ADCE73A69616CD31D1439B3FBD2
S214028040F1F3013302EBC302236B9342BFF4F6ADA6
S214028050EAE7044EE8E72E468CE700BFB81C00208D
S21402806023E000F006E000F02DE9F3471E464369E0
S21402807004468846B34217469DF828903DD300250D
S2140280808DF80750D4F830A0204611F0E6FC824561
S2140280900AD2236AB5EB430F06D200220DF107017E
S2140280A02046FFF7DFFB30B39DF80730012B05D1E2
S2140280B000220DF107012046FFF7D4FBB9F1030FAA
S2140280C006D0256B3146204611F0B2FC854218D305
S2140280D00D4D4FF0FF31284600F0FAFC4B460022C9
S2140280E029462046C5F80080C5E9037602B0BDE8F9
S2140280F0F047FFF78BBD0135C4E7044802B0BDE880
S214028100F0870348FAE700BFE41C00200FE000F007
S21402811006E000F0032A2DE9F34106460D4617460F
S2140281201C4606D1237A012B23D0012002B0BDE8DB
S214028130F081DFF860800DF1070309684246FFF719
S214028140A9FA60600028EDD19DF80720237A032A59
S214028150E8D0D8F804106A689142E3D1012B296965
S214028160D4F80CC007D10CEB01037269934202D912
S2140281702074207CDAE708313B460122304661440F
S214028180E1602946FFF742FD60600028CAD0002061
S214028190CCE700BFE41C00202DE9F341089C032A2B
S2140281A01746266806D1237A012B24D0012002B076
S2140281B0BDE8F081DFF890800DF1070330464246B5
S2140281C0FFF768FA60600028EDD12568D8F8040049
S2140281D0A96AD5F844C04840227ACCF10003184078
S2140281E0E1D1012A09D1E268D8F810301344726945
S2140281F0934202D92074207CD9E72868EB6A1B1ABE
S214028200081AB3FBFCF3B0FBFCF083420BD1706C94
S214028210F36A421E1340326B121A28461344336323
S21402822011F00CFDE862D8F81020E368083206491F
S214028230206813440122E3603B46FFF7E7FC6060D8
S2140282400028B0D00020B2E7E41C00202DE9F04F51
S2140282504FF0FF334FF6FF72002500F10806044682
S21402826087B0C3620F4605620563C0E9092330463C
S21402827011F01CFF204611F024FC28BB204639468C
S21402828011F09FFC204611F01CFC28BB8A4D2046AC
S21402829011F04BFDECE0E26B01A92368606CD2F8AA
S2140282A014C0052200FB0530E04701A812F030F8A2
S2140282B0012828D12946204611F054FC421C2946A2
S2140282C0204611F01DFC0135E3699D42E3D32046AA
S2140282D011F0F7FB0028D1D000254FF0FF394FF6FA
S2140282E0FF73CA46A846C4E90853E369984514D3FF
S2140282F0A5EB0905012D37D8636A4FF6FF72934244
S21402830047D16E4DC3E712F02DF80028DBD0294680
S214028310204611F027FC0246D1E7236801A9E26B4A
S214028320606C5769052200FB0830B84701A811F0B7
S214028330EFFF834601A811F0C2FF0746584612F027
S2140283400CF870B15745236ABA4638BFC4F8248081
S214028350B94503F1010328BFB946BD42236238BFBF
S2140283603D4608F10108C0E74FF6FF730025636239
S214028370E3699D42C0D2676C0522206801A9E36BBF
S21402838007FB050001355B69984701A811F097FFC6
S214028390EEE7E26B01A9676C20685569052207FBC8
S2140283A00300A84701A811F08AFF626A2368606C7E
S2140283B0434D00FB023011F0DBFF4FF0FF33A062AB
S2140283C02A46E3626FF001010DF103032046FFF730
S2140283D061F9002850D1AD6829462046E56211F0C1
S2140283E04CFB206320B9E16A204611F027FCE062CC
S2140283F02946204611F022FC0546A36A9D423DD13D
S21402840065692046626CE91C143AB1FBF2F105EB91
S214028410C1050335B5FBF2F5023511F086FC804640
S214028420A8423DD2616A204611F07BFB0027064631
S21402843004F1400A474512D3626C01A9236802FB85
S2140284400639E36B05225B694846984701A811F096
S21402845036FF534602464946E06B11F08BFF013762
S2140284603146204611F05DFBAF420646E2D3154D7B
S214028470284607B0BDE8F08FA56AADE72946204634
S21402848011F0FBFA236B0746294603442046236372
S21402849011F0D4FB0546002FAFD1C4E90B07ACE7B9
S2140284A03046002511F002FE0023074A20461946F0
S2140284B0FFF79CF9EBE600BF03E000F016E000F0E1
S2140284C0E41C002013E000F07D9D0300634A0023B5
S2140284D02DE9F04117680E460446136018B9604D40
S2140284E02846BDE8F08190F834500DB3096802685A
S2140284F0914240F0AA8071684268914240F0A5809D
S214028500B1688268914240F0A080F168C2689142E8
S21402851040F09B8031694269914240F09680B16991
S214028520C26B914240F0918072691D468261D7E724
S21402853050222946D0F8388012F0BCFC336804F189
S2140285400800C4F838802360736863603369636127
S2140285507369D6E90212A36111F0BAFDB36904F198
S2140285604000E3639B68984794F8432020B1E56196
S214028570002AB4D03B4DB3E7656C002DF7D0666891
S214028580B6FBF5F3E361002AA9D0B542F2D8226819
S214028590B2FBF5F105FB1122002A58D105FB136345
S2140285A0002B54D1204611F058FAA3690433034431
S2140285B09E424ED3636940F63472CC3B93424AD80D
S2140285C0B5F5007FD6D30321204611F06FFAE36B90
S2140285D0D4E900011B689847E36B05460220DB6876
S2140285E098471DB1002384F834301EE039462046F1
S2140285F0FFF72CFE1C4B0546984204D1394620460E
S214028600FFF724FE0546636C143B002DEAD1226A6E
S214028610204602FB03F611F020FAA3690433034452
S2140286209E4206D284F83450104DE06B11F001FCE5
S21402863056E70F4A012384F8343013680133D4E92D
S2140286400001136008F0D7FDEFE70A4D48E70A4D30
S21402865046E7064D44E7094D42E700BF20260020C4
S21402866009E000F004E000F013E000F002E000F0A1
S2140286701C26002008E000F001E000F005E000F013
S2140286802DE9FF410F4690461E46054698B390F8E0
S214028690343093B3B1F5801F31D21A4C022111F057
S2140286A005FA0DF10F03224639462846FEF7F2FF79
S2140286B0024678B10123424639462846009333469D
S2140286C0FFF7D2FC0446E86B11F0B3FB204604B079
S2140286D0BDE8F0819DF80F30012BEBD12169B14244
S2140286E0E8D10093414633462846FFF79BF90446F5
S2140286F00028DFD1E7E7044CE8E7044CE6E7044C41
S214028700E4E700BF101D002009E000F007E000F0DB
S2140287100AE000F02DE9FF410C4616461F460546C4
S21402872088B390F8343083B3B1F5801F2FD2DFF8C8
S2140287307C80012111F0BAF921460DF10F03424661
S2140287402846FEF7A7FF044670B99DF80F30012BA6
S21402875011D1D8F81030BB4213D1024600903146F0
S2140287602846FFF75FF90446E86B11F062FB2046E5
S21402877004B0BDE8F081074C074A022B08BF144636
S214028780F2E7064CF0E7064CF1E7064CEFE7064C3C
S214028790EDE700BF0BE000F00CE000F011E000F0A7
S2140287A009E000F007E000F00AE000F0101D0020EB
S2140287B02DE9F04385B00C4617461E46DDF830809C
S2140287C00546A0B390F834309BB3B1F5801F32D281
S2140287D0DFF88090012111F069F921460DF10F03AF
S2140287E04A462846FEF756FF044688B99DF80F30DB
S2140287F0012B14D106EB0803D9F810209A4214D3A1
S21402880000904346324639462846FFF70BF904469F
S214028810E86B11F00EFB204605B0BDE8F083074C6E
S214028820074A022B08BF1446F2E7064CF0E7064C4E
S214028830F1E7064CEFE7064CEDE700BF0BE000F071
S2140288400CE000F011E000F009E000F007E000F0B4
S2140288500AE000F0101D00202DE9F3411F46002318
S2140288600C46164605463B6050B390F834304BB380
S214028870B1F5801F28D2DFF86480012111F016F9C5
S21402888021460DF1070342462846FEF703FF04463B
S214028890A0B99DF80730032B10D0022B0AD1012372
S2140288A0336004233B60E86B11F0C3FA204602B043
S2140288B0BDE8F081D8F810303060F3E7034CF2E7F9
S2140288C0034CF3E7034CF1E7034CEFE70BE000F051
S2140288D009E000F007E000F00AE000F0101D0020BA
S2140288E030B50C4685B0054628B390F8343023B32D
S2140288F0B1F5801F23D2022111F0D8F80DF10F0333
S214028900104A21462846FEF7C5FE034688B99DF85A
S2140289100F20032A0DD00322214600920246284643
S214028920FFF7A2FB0446E86B11F083FA204605B077
S21402893030BD054CF7E7054CF8E7054CF6E7054C65
S214028940F4E700BF101D00200BE000F009E000F085
S21402895007E000F00AE000F02DE9F0414668002E3C
S21402896046D005684FF0000CA846AE4655F83C4087
S2140289700CF1010CC4F31307013401D0B94218D02C
S214028980B4450EF1080EF1D12F46002403E0B4429E
S21402899007F1080713D055F834C00134BCF1FF3F85
S2140289A0F5D1C1F313017A6041EA03513960BDE89B
S2140289B0F08141EA0353CEE90032BDE8F081032B91
S2140289C016D0002403E0B44208F1080810D055F887
S2140289D034700134C7F30757032FF4D1C1F31301E0
S2140289E0C8F8042041EA0353C8F80030BDE8F08115
S2140289F001230372BDE8F0812DE9F043476883B096
S214028A00C7B106468846914600243368304653F876
S214028A10345003EBC4030134C5F30752C5F3130104
S214028A20013505D05B68CDF80090C04710B1776875
S214028A30BC42EAD303B0BDE8F08300BF73B5012A97
S214028A40044622489DF8185000EAC11123F07C40E3
S214028A5007D9961E012E28D9073303F07F03194340
S214028A6008E09DF81C300A43DB0603F0C0531343AC
S214028A7043F060410023C4E900108DF80730B5B119
S214028A80202221460DF1070011F0C9FB1A220DF132
S214028A900700211D11F0C3FB63689DF8072008201C
S214028AA043EA8263636002B070BD1143E2E71B22B1
S214028AB00DF10700214611F0B2FB23689DF807204E
S214028AC0042043EAC2632360EDE700BF80FFFF078E
S214028AD038B5094B0D46002104461A6812F0EAF929
S214028AE000234FF0FF322361A260E3822383A37642
S214028AF0C4E9002538BD00BFBCC303000138C0B2BC
S214028B0005289ABF014B185C01207047F0CA030083
S214028B102DE9F0410E46596888B007461546490ABF
S214028B200024012922464FEA510104F10104F8D833
S214028B30DC78520399784FF0000824031B88C90298
S214028B400DF1070004F48054C3F30A0301F4006134
S214028B5092B28DF807800C4302A923449C18254B39
S214028B601B22039325F07843ED436FEA04440293F5
S214028B7011F055FB9DF8072025F07845029B02A9C7
S214028B800DF10700029543EAC2631B228DF80780A7
S214028B906FEA1444049311F042FB9DF8072007A9DC
S214028BA0029B06F11000079443EAC2630122059372
S214028BB04FF0FF330693BB6998470446BB6905A985
S214028BC0012206F108009847404518BF0446BB69D3
S214028BD004A90122301D9847404518BF0446BB69C8
S214028BE0012203A930469847404508BF204608B0F0
S214028BF0BDE8F08101009AB21046044A1368591E75
S214028C00033102D80021116018477047C80B0020B4
S214028C10034B1868034B002808BF1846704700BF6E
S214028C202426002020CB0300014811F007BD00BF18
S214028C302C26002013B50B4C0229226005D10A48C7
S214028C4011F0FCFC002002B010BD0A46009301465B
S214028C50064B054811F0D4FC003818BF012040002E
S214028C60F1E700BFC80B00202C260020F98B02007B
S214028C70014811F0F6BC00BF2C2600200021014856
S214028C8011F011BD2C26002008B5064B1B680133D7
S214028C9005D0FFF7EDFF80F00100C0B208BD00204E
S214028CA0FCE700BFC80B0020F8B50D4610B900243B
S214028CB02046F8BD0E4F3E68002EF8D100F0A2F80E
S214028CC004460028F3D0386000F0E8F8204611F099
S214028CD09CFB38B130463E6000F0E0F8204611F0CA
S214028CE08FFBE4E7002DE3D02046A847E0E700BF6D
S214028CF028260020024B1868003818BF012070474B
S214028D002826002038B50C4601F088FFA3780B4AC7
S214028D1013705A1E55425541A8420CD0012B04D05E
S214028D202846BDE8384001F05BBF204601F02AFF26
S214028D300028F5D038BD0020FCE700BF3E2C0020FE
S214028D400021024B08465B68184700BFDC0B002078
S214028D5010B50446FFF75CFF0C4B1A1A53425341F8
S214028D60A34201D1012010BD094B1B683BB9094A39
S214028D70064B002C08BF1346074A1360F2E711F0B1
S214028D804DFD0028F3D00020EDE700BFF8CA03002F
S214028D902826002020CB03002426002010B511F040
S214028DA02EFE044618B9034B01215B6898472046FD
S214028DB010BD00BFDC0B002010B511F029FE20B953
S214028DC0BDE81040014B1B68184710BDDC0B0020A5
S214028DD010B511F095FB20B9BDE81040014B1B6899
S214028DE0184710BDDC0B0020431E033306D8044B85
S214028DF0984228BF1846642838BF6420704700BFD0
S214028E0040420F00F8B5054608F0E0FA07460F4B59
S214028E101E6826B9384608F0DDFA344611E0B46812
S214028E208CB194F810C01CF0010F0CD14CF0010C60
S214028E3095E80F0084F810C084E80F00384608F062
S214028E40C9FA2046F8BD3668E3E700BFD00B00201B
S214028E5038B505460C4641B10B6833B11B68013381
S214028E6003D0CB680BB18B684BB911F088FEBDE816
S214028E7038404FF492724121002000F0C9B90846EA
S214028E8002F09CFE0023044A85F81031C5E93043FF
S214028E90C2E9003338BD00BFD00F002010B504462B
S214028EA018B9054B054A136010BD00F0E5FED4F86C
S214028EB0CC30002BF6D1F4E7E9A30300CC0B00205C
S214028EC010B50C4600F016FF054B002103205B6828
S214028ED098471CB102F02EF80128FBD110BD00BF46
S214028EE0DC0B002008B502460868FFF77DFF086025
S214028EF04868FFF779FF48608868FFF775FF886063
S214028F00C868FFF771FF0B69C860581C03D00B488E
S214028F10834228BF03460B614B69581C03D007489F
S214028F20834228BF034688694B61FFF75DFFBDE8B1
S214028F3008408861104601F0A9BD00BF40420F00FC
S214028F402DE9F84FD0F8C43006460F4613B1038B0E
S214028F508B4244D0D6F8C0B0BBF1000F42D0DBF84B
S214028F600830002B3ED0DBF80C1000293AD0D6F899
S214028F70D4A0BAF1000F38D04FF000094D46C846CB
S214028F8001E0DBF8083005EBC50203EB8204E38957
S214028F900135BB4214D8238ABB4211D3B4F912203E
S214028FA0B6F92430934250DD304696F80411EBF7BA
S214028FB057FF737D81468342A04606D9DBF80C1024
S214028FC08D42DED3B8F1000F39D000234246304638
S214028FD01946D0473783C6F8C48086F80D9100201C
S214028FE0BDE8F88F0320BDE8F88FD14647F6FF7537
S214028FF05446524604EBC40803EB8808B8F80E3011
S214029000BB4216D8B8F81030BB4212D3B8F91220B9
S214029010AA4202D14FF0FF09DCE7304696F8041167
S214029020EBF71EFF737D81468342D3D94246DBF8B7
S2140290300C100134A14204D9DBF80830DAE701202B
S214029040CEE7002AFBD09046C4E7A046BDE700BFA5
S2140290502DE9F04782B004468946164601F018FF0D
S214029060002847D13B4D2B68D4F8C0A0D4F8C47072
S2140290700BB153454FD04FF00008C5F8089001F0E9
S21402908059FF01283AD12B68DAF800103A6813B172
S214029090186888424AD0204611F07EFCC5E900A72F
S2140290A0D4F8D4508DF80760002D46D00022204612
S2140290B011460DF10703A847204601F0A3F905461D
S2140290C0B8F1000F00D08EB1B5FA85F040F2DE326C
S2140290D03321400900F09CF83146204601F09AFB05
S2140290E01D4B0546394620461B689847284602B05F
S2140290F0BDE8F0870023174D6B60B4E7012000F04F
S214029100F9FD164B002103205B68984701F012FF19
S2140291100128FBD1B7E76B68002BACD0BB42AAD1C3
S214029120AB68994514D04FF00108A6E7696811B1FB
S21402913009689142B2D05968ADE7617D94F80D3165
S2140291403246994228BF1946204601F0E1F8B3E7B5
S2140291500025CBE7D00F0020CC0B0020DC0B002034
S214029160F8B50E46054608F031F931460746284658
S214029170FFF7E6FE044620B1384608F02BF92046F3
S214029180F8BD01F06DFE224631462846FFF760FF25
S2140291900446384608F01EF92046F8BD13B50446C4
S2140291A0694611F0E4F9204611F06BFBFF280246EF
S2140291B006D020469DF80010EBF7D0FE02B010BD98
S2140291C00048FBE70080FFFF4FF4007307B50A492B
S2140291D00DF10602ADF8063011F0E5F9BDF80630DD
S2140291E0B3F5007F05D1022808BF002003B05DF862
S2140291F004FB0120FAE700BF44260020024B196058
S214029200024B1860FEE700BFD40B00204428002063
S21402921008B550B90548064B01601A60054B1A6836
S214029220054B1A601868FFF7E9FF08BDD40B00204B
S214029230482800202826002044280020054B1B68CA
S2140292400BB918467047834201D01B69F8E7012024
S214029250704700BF50280020094A13680BB9184609
S2140292607047834207D11B6901201360054A1368C1
S214029270013B1360704703F110021B69EEE700BF63
S214029280502800204C2800202DE9F74F064608F00B
S214029290A4F8DFF82881012398F800B0DFF82091BF
S2140292A00190BBF1000F06D089F8003003B0BDE88C
S2140292B0F04F08F098B83F4F88F8003089F800B0B1
S2140292C011F03FFA08B111F03AFA3D683A495DB931
S2140292D0DFF8F0A0DAF800200024AA423B682FD874
S2140292E04FF0FF3134483BE06B7D8BB12B68B342C5
S2140292F002D09A1B8A420BD96A6813442B60AB6869
S214029300003A18BF0122003B18BF01236A75AB75ED
S2140293102D69DCE7907D20B1107D88429CBF014616
S21402932014461269002AF5D1002CD9D0D4E90001DE
S214029330A275411AD4E90232204698470135C9E798
S2140293401A46FF21EEE75A7D4AB11A68B24224D085
S214029350921B824221D8914201D311461C461B69B8
S214029360002BF0D15CB12046FFF776FF38B13B68A0
S2140293703C602361DAF800300133CAF800303B68FB
S2140293805A7D6AB911F0D9F9064699F80030002BD1
S21402939094D1019888F8003088E71C460021DEE761
S2140293A0186800F0D3F8044611F0C7F90646002CF8
S2140293B084D1EAE750280020FCFFFFBF402C0020A3
S2140293C03F2C00204C28002038B5054608B318224A
S2140293D0002111F06FFD08F000F802462846FFF75C
S2140293E02DFF20B1104607F0FEFF022038BD0A4BC3
S2140293F01C6854B909491D600B68104601332C617C
S2140294000B6007F0F0FF2046F0E704F11003246932
S214029410EFE70120EAE700BF502800204C28002092
S21402942038B50446FFF70AFF07F0D7FF0546204681
S214029430FFF704FF637D23B9284607F0D4FF032015
S21402944038BD00236375064B1B68A34203D111F097
S21402945074F9FFF719FF284607F0C5FF0020EFE76B
S214029460502800202DE9F84FDDF82890984604464B
S2140294700D469246FFF7E2FEDDF830B007F0ADFF8C
S214029480074611F05AF906462046FFF7D7FE637DD7
S21402949023B12046FFF7C4FF0023A375BAF1010FDC
S2140294A023D175B9B8F1000F21D1B9F1000F03D05D
S2140294B05A4631462046C847384607F094FF0020F1
S2140294C019E035440D4BAA1B9A4210D80123637546
S2140294D09DF82C303046C4E90058C4F8089023752D
S2140294E0C4F80CB0FFF7D0FEE6E7AE42EAD1384643
S2140294F007F079FF0120BDE8F88F00BFFCFFFFBF31
S2140295002DE9F04107468846FFF798FE07F065FF0B
S2140295103D68064611F011F97B7D7BB185420DD080
S214029520094B2C1A9C4209D8304607F05CFFB8F16A
S214029530010F08BF25462846BDE8F081304607F0F1
S21402954052FF0025F7E700BFFCFFFFBF08B5002368
S214029550044A194600F086FD10B1012818BF032000
S21402956008BD00BF05A703000E232DE9F74F0646E8
S2140295700F46144600254FF00609DFF85480137094
S214029580EBB209FB03F3D8F80010CA185079012889
S21402959007D92078A0F10E035842584103B0BDE81F
S2140295A0F08F31F903B01179B2F902A030460022E9
S2140295B0019111F08BF8019908B90135E0E72170A5
S2140295C0B7F900305B45F8DB5345F6DC0020E5E7EB
S2140295D0D80B0020014911F0B6B800BF45B1020011
S2140295E0014911F0B0B800BF19B1020070B5164EAD
S2140295F0032804460D4633781ED023FA04F202F0FE
S2140296000102AA421DD053B10122A240A54023EA7C
S21402961002032B43DBB233704BB1012070BD2DB178
S2140296200A4B01201B6898473378EDE73570074BE5
S21402963000201B689847F0E79A07DED003F0FC0389
S214029640E9E7002070BD00BF422C002090280020D1
S214029650F8B505460C4607F0B9FE104F06463B78AD
S21402966033B1012D04D01CB90D48EEF7FDFA3C705B
S21402967021462846FFF7BAFF0A4B04461B783BB939
S2140296803B782BB911F0B9F910B1074B1B68984714
S214029690304607F09FFE2046F8BD00BF432C002050
S2140296A064280020422C0020DC0B0020054A0B46D2
S2140296B0117831B100211170034A012152681878DD
S2140296C010477047432C0020DC0B002038B5074DAE
S2140296D004462B78834207D001F016FC20462C70F5
S2140296E0BDE83840EDF722BE38BD00BF412C002051
S2140296F038B5044680B107F069FE012104460846E3
S214029700EDF7B4FD01210B4A084608F079FD204624
S214029710BDE8384007F05EBE07F058FE0546214613
S2140297200120EDF7A3FD01202146024A08F068FD5C
S2140297302846EDE766CB03001B4B022910B51870CE
S21402974002D0032904D010BD184B1B78002BFAD187
S214029750FFF7D0FA0028F6D04FF00052144BC3F8A9
S2140297608020BFF34F8FBFF36F8F01F0A5FB002859
S214029770E9D001F017FA0028E5D10E4B1C6834B187
S21402978023689847BDE81040002001F0B1BB10F0F6
S21402979033FF094B186008F0BFFD084B18602046DF
S2140297A001F092FBEEE700BF3A0D0020412C0020AC
S2140297B000E100E0B02800208C2800208828002045
S2140297C038B504460D46FFF795FA80B14FF00052C1
S2140297D0124B1A6001F070FB48B9012D07D8012020
S2140297E001F086FB0E4B1B6823B15B6898470D4B56
S2140297F01C7038BD08F090FD0B4B1A68801A186072
S214029800EEF72AFB4FF47A72084B1B6802FB003015
S21402981010F0F4FE012001F057FBE8E700E100E05B
S214029820B02800203A0D0020882800208C2800202E
S214029830F0B585B007F0CAFD304D04462B7823B14B
S2140298402F48EEF711FA00284BD1EEF79FFA02AA3C
S21402985003A911F0BCF80346002833D011F0CBF868
S214029860029B98421ED10020264B03991B68264E67
S2140298709942307022D90027C91A012320482B703A
S214029880224A3346CDE9007708F0FDFC002830D1A5
S2140298901F4A1378D90718D4204607F09BFD0020EC
S2140298A005B0F0BD11F0A5F8029B98421FD0002328
S2140298B018461449144A0968137003910121FFF7E8
S2140298C095FEE9E720462B70E7E731780029E3D1D9
S2140298D003F0FE031370002BDED10E4B1B68984775
S2140298E0DAE7204607F076FD032005B0F0BD022039
S2140298F0BAE7032320462F703370F3E7432C002089
S2140299006428002084280020390D0020AD9602002D
S214029910422C00209028002070B507F057FD164D07
S21402992004462B780BBB154A15491370154B164A7D
S21402993016481A60164A174E5A60EDF72BFD16495E
S2140299401648EDF727FD164B80203360EAF7BCFA7F
S214029950052804BF134B3360134B5B6F9B0542BF56
S2140299600222124B1A6001232B70EEF763F8204690
S21402997007F030FD002070BD442C0020432C002050
S2140299806CCB0300DC0B0020319802005428002028
S214029990519602009028002074CB03005C28002019
S2140299A0CD960200F1960200004000508428002066
S2140299B037B50C46234D59B90A46072105F080FDF6
S2140299C0214BAC645C6003B0BDE8304005F096BD48
S2140299D00722114605F074FD07221C4B0121DA60AE
S2140299E0237901A885F848306379019311F0AFF91D
S2140299F0019BC2B2D34000F00F0040EA031085F884
S214029A004900A27985F84A20E27985F84B20206839
S214029A10E86401939BB1012102888B4208D823791E
S214029A20013B13440A4A136205F068FD03B030BDD9
S214029A3030F811500131AA4228BF2A46EDE71A46ED
S214029A40EDE700BF003F00B0483F00B0006000B83E
S214029A50004000B810B5054C237823B103F086FB0E
S214029A600020207010BD0320FCE700BF462C00201B
S214029A7008B503F049FB0122014B00201A7008BD0D
S214029A80462C0020431C07D06FF0FF02034B104009
S214029A905A62A3F580535862704700BF00E000B8D0
S214029AA010B504234FF03A4101240A4AD1F81801AE
S214029AB0C2F81831C2F814314C634FF400511163E6
S214029AC0410742BFC2F81431A2F58052C2F81831DB
S214029AD010BD00BF002000BA00F01803182B0AD0F1
S214029AE003070AD440F2011310F0100018BF1846FC
S214029AF0034BD86770470020FAE70120F8E700BF5B
S214029B00003F00B0344B2DE9F7431E6801F400799C
S214029B1000F00103174653EA090205460C462ED00A
S214029B204FF0000803B30023002201200021CDE9F4
S214029B30008804F003FB4146304603F09DF8414698
S214029B4070830120FFF7BCF9716B06F1D80003F0B1
S214029B500DF922490868FFF795FF4FF0FF330B60B7
S214029B60337C43F004033374B9F1000F07D00121AC
S214029B70304610F000FD24F4007405430C43D6E989
S214029B804A232A40234052EA030103D014493046AE
S214029B9009688847FB070FD51249134A086800214F
S214029BA0136811600121114A117003B19847104BD6
S214029BB0002102205B68984717F00E0F08D040F28B
S214029BC0F3123B21002003B0BDE8F043FFF720BBB1
S214029BD003B0BDE8F08300BF28260020E40B002077
S214029BE0E80B0020A4280020A8280020482C0020EB
S214029BF0DC0B0020F7B504461046D4E94AC7DDE977
S214029C0008268CEA020587EA06010540194085EA1D
S214029C100C057940C4E94A51002523F4004106EABE
S214029C20010320F0010043F40073024043F00203F4
S214029C30CDE9005504F082FA237C9A0717D5D4F8AA
S214029C402C319B0513D54FF48811204610F093FC57
S214029C50237C65F341032374D4E94A2302400B4074
S214029C6052EA030103D003492046096888470020C8
S214029C7003B0F0BDE80B002038B10368044A002B9D
S214029C8008BF1346034A13607047014BFAE700BF4A
S214029C90EBA70300E80B0020024B986E00F00F00C3
S214029CA0704700BF003F00B00F2938B505460C4686
S214029CB00ED801F03FF901280CD1074A2846936EC8
S214029CC023F00F032343936610F0B2FE002038BD44
S214029CD00120FCE70220FAE7003F00B0014BD86EF5
S214029CE0704700BF003F00B0014B0020D9667047A6
S214029CF0003F00B003282DE9F7434CD8274B13F852
S214029D000080274B1E5C274B13F8009007F05EFB83
S214029D10074604F0E1FB054640B100230022CDE9E8
S214029D20003301200023002104F008FA04F0DCFBD3
S214029D3048B100230022CDE90033002000234FF46F
S214029D40004104F0FBF926B3174BDC6C04F0080460
S214029D50164B3146DC64404604F0D4FD4A46314692
S214029D60404604F05BFE124BDC6465B1114B18688A
S214029D70416BD83002F0FAFF0F490868FFF782FEFF
S214029D804FF0FF330B60384603B0BDE8F04307F0F0
S214029D9021BB3446DCE703B0BDE8F08384CB030086
S214029DA080CB03007CCB0300004000B8006000B804
S214029DB0005000B828260020E40B00200F4A136C3F
S214029DC013F0A00F15D1506C10F0040013D10C4BF9
S214029DD0D3F8EC3E23F07F4323F0FF035BB1D36856
S214029DE0C3F30362092A07D0B2F10C0018BF0120A0
S214029DF07047002070470120704700BF000002B87D
S214029E00003000B070B504460D4616462BB1FFF77B
S214029E1047FE2946204601F087FA4FF03A420124CF
S214029E20D368D26A03F0070306339C40C2F30C03DE
S214029E30E41AA4B2B44228BF34462946224602484F
S214029E4001F0BCFB204670BD0C0000BA70B50D4692
S214029E50064620B9194B1B68A3B1032011E001F096
S214029E6069F8012828D1164B93F90040C4F127045B
S214029E70641BC4F11C03002BB8BF5B42232B0CDD12
S214029E80012070BDA1F10B03002BB8BF5B42232B50
S214029E90F6DC0B4B19700020F3E7B57407F096FA60
S214029EA0084AE402136A04F4FF2423F4FF231C4343
S214029EB0146207F08FFAEEE70220E2E72826002077
S214029EC0452C002000C000B8094B08465A6A910289
S214029ED00BD4D3F80021D20708D4D3F8803013F479
S214029EE0706F14BF0120002070470120704700BF2A
S214029EF0004001B8F8B50D46436B02EA010423EAB6
S214029F000103234343633D4A01F00B0323EA0401A2
S214029F10D1642340A2F580526F070646D36410D55B
S214029F200121FFF7D1FF60B104F08EFC4FF40073FD
S214029F3014F0040F14BF324A324A53620422324BE0
S214029F401A64E90606D514F0100F14BF00221B226D
S214029F502E4B5A652A061DD5230616D54FF4001237
S214029F60274B1A62012203F58053C3F8002107F03B
S214029F702DFA0E210746032002F044FE40F201228B
S214029F80224B3846DA6207F025FA214606F1D80057
S214029F9002F0ECFEEF0503D5E00529D502F002FE3D
S214029FA0A90503D5A20526D502F008FE15F0600F16
S214029FB009D0D6F8C810304610F018FC8022144B90
S214029FC09867144B1A612B0510D504F03DFC124A13
S214029FD014F4006FD2F8EC3E14BF43F0006323F093
S214029FE00063C2F8EC3E0422074B1A640020F8BD58
S214029FF002F0D2FDD4E702F0DBFDD7E7006000B83E
S21402A000005001B8006001B8002002B8004000B855
S21402A010003F00B0000002B8003000B0014B1868E4
S21402A020704700BFA028002037B501230024002275
S21402A030CDE9003400231046194604F07FF80220CA
S21402A04002F05AF9054D064B21461C6002206B6849
S21402A05098472B6803B0BDE830401847DC0B002059
S21402A060A82800202DE9FF4102290C4615469846ED
S21402A070039005D1FFF7D8FF002004B0BDE8F081B9
S21402A08007F0A4F9184E074633683BB1AB4205D039
S21402A09007F0A0F9002301203360EEE7134B0022FD
S21402A0A0C3F8008001233560CDE900330023002584
S21402A0B01046194604F042F80D4B02201D7002F0BD
S21402A0C01BF922462B4603A9022002F033F9044666
S21402A0D0084B039A1A60084B1B689847384607F0E5
S21402A0E079F9002CC8D1D5E7A8280020A42800209A
S21402A0F0482C0020A0280020DC0B0020044B5B6EBE
S21402A1005B054EBF0120034B187800F00100704734
S21402A11000C001B8482C0020014B186A02F084BD2A
S21402A120004001B8014B186A10F0ABBD004001B800
S21402A130437C5A1F012A01D9082B05D14B7C2BB12F
S21402A140012B05D0022B05D010F07BBB02487047CE
S21402A150024870470248704720A1070048E80100FD
S21402A16040420F0070B50E4607F030F9054600F083
S21402A17005FF044620B1284607F02CF9204670BD9C
S21402A18004F062FB104B3278D3F8EC3E022A23F03E
S21402A190F00315D0101F42424241520043EA021316
S21402A1A07278022A0ED0111F4A424A41520043EAEE
S21402A1B08213054AC2F8EC3E0422044B1A64DAE71C
S21402A1C00122EBE70122F2E7003000B0002002B8DD
S21402A1D070B50E4607F0FAF8054600F0E5FE0446AE
S21402A1E020B1284607F0F6F8204670BD04F02CFB96
S21402A1F0104B3278D3F8EC3E022A23F00F0314D029
S21402A200101F42424241520013437278022A0ED075
S21402A210111F4A424A41520043EA8203054AC2F8E3
S21402A220EC3E0422044B1A64DBE70122ECE701222F
S21402A230F2E700BF003000B0002002B82DE9F84374
S21402A2400E780446042E0D4690F804810BD10027A2
S21402A2505FFA87F9484601F0FFFC08B14E4602E075
S21402A2600137042FF4D1304601F0F6FC002845D021
S21402A27094F80431B34208D1AA88A36C9A4204D156
S21402A2806A88B4F806319A4235D084F80461AB88FD
S21402A2903046A4F808316B88A4F80631AB8804F57A
S21402A2A08275A364FF23A37510F06FFC60752846C1
S21402A2B001F092FC18BB284601F0C4FCF8B9D4F8A9
S21402A2C0C43053B194F80411414506D02046B3F980
S21402A2D01220EAF7C5FD84F80D01204601F0FEFCC7
S21402A2E00949A4F808010123084AD1F8FC1004F130
S21402A2F0D80003F011FD0020BDE8F88301200E23EC
S21402A30084F80431F8E700BF004F00B0A43F00B065
S21402A31070B5054690F804010C460E281DD0FF299C
S21402A3201DD01AB14FF0FF320E4B1A6010F02DFC02
S21402A330064695F8040101F0C3FC844228BF044691
S21402A340E4B2B44238BF3446E0B2A87501F0BAFDB2
S21402A350A0F1FF035842584170BD0220FCE70120DD
S21402A360FAE700BFEC0B002010B590F80431044663
S21402A3700E2B3ED0D0F8C4304175BBB3D0F8D420F3
S21402A380DAB990F80D318B421DD300222046FFF732
S21402A390BFFF88B9184B1B7813F0FD0F0BD1204670
S21402A3A001F09CFC15490123154AD1F8FC1004F172
S21402A3B0D80003F0B1FC002010BDB0F92420B3F998
S21402A3C012309A42E1DD0022204694F80D11FFF782
S21402A3D09FFF0028F0D1C4F8C400204610F059F8B8
S21402A3E001462046BDE81040FEF7BABEFF2383753D
S21402A3F0E1E70220E0E700BF100D0020004F00B0AA
S21402A400A43F00B0C36B012B01D10020704770B58A
S21402A41005464D498EB010F0F5FBD5F8C4600146EE
S21402A4202C8BC5F8C80026B1336813B15B68002BC5
S21402A4305CD106F0CBFF06F0CDFF0123D5F8C8109D
S21402A4408DF80E30B389D6E90120E31A9BB200FBE1
S21402A45003223E48ADF80C3003680292994207D0B8
S21402A460284610F0C3F9802239493A4B88671A61A8
S21402A470394C384E00F05EFD0128FBD1236CDA071A
S21402A480F8D4336CDB01F5D4D5F8C81028460D9104
S21402A4909DF80E20029908AB03F032F918BB08A902
S21402A4A001A803F045FBF0B92A8B2C4B5A642B7C8F
S21402A4B060F341032B7410F0F2FAD5F8C43002466A
S21402A4C05B691968431EDBB2FD2B049114D9CC1CC0
S21402A4D012D9234B01311B6815D0D81C10D8284638
S21402A4E004A904930AE002200EB070BD1A68032A7B
S21402A4F09FD99B6A5B0EA3E7284604A910F0B9FA17
S21402A50000200EB070BDD91C04D8284604A90493B6
S21402A51010F0AFFAD5F82C319B0504D42B7C43F00F
S21402A52002032B74ECE74FF48031284610F023F830
S21402A530D5E94A2302400B4052EA0301E0D009491A
S21402A540284609688847DBE7FC4F00B094280020BD
S21402A550003F00B0000002B800C002B8008001B898
S21402A560F80B0020E80B002038B590F8105104468E
S21402A5703DB306F02BFF1F22124B013D5A621540D7
S21402A580114A12495562D4F814518D66D4F81851FE
S21402A590CD66D1F80011C9070FD54FF0FF31C3F8C9
S21402A5A00411216CC2F804114FF0F041C3F81011E7
S21402A5B0E37CDB060B40C2F81031BDE8384006F0FB
S21402A5C009BF38BD006001B8005001B8004001B8AC
S21402A5D02DE9F74F06461546084619B9012003B07D
S21402A5E0BDE8F08F002AF9D0032904D8002101F033
S21402A5F02DFA0028F2D0B0F90010837800290488DA
S21402A600077990F805B0B0F806C003F00702C0F26A
S21402A610CE80A2F10708D8F1000141EB0801052A15
S21402A620297394BF0021C3F30011C3F3801069732A
S21402A6309909287401F00201C3F3C0000143C3F371
S21402A64040136974AB74EF74736BA5F814C0D80624
S21402A65000F19980063A012A00F29580554B4FF098
S21402A66001095B6D4FF03A431A6DDB6C083C03F050
S21402A6700703063309FA03F9002309F1FF3942F00A
S21402A680005804EA090418F804A0013404EA09048C
S21402A690AB60631D03EA09035A1C02EA090218F8B2
S21402A6A0037018F80220BAF1800F737C18BFAAF163
S21402A6B0320A47EA02270CBF6FF07F0A4FFA8AFA7D
S21402A6C03FB2A3B30020D6F8D0300BB1514698471C
S21402A6D00134E87385F80EA004EA090418F8041099
S21402A6E0013404EA090418F80430013404EA0904BF
S21402A6F041EA032118F80430013404EA090441EA65
S21402A700034118F8043041EA036117F4804305D088
S21402A710294BDB6EB3FA83F35B095B0030466A7C37
S21402A72003F0BCFB06232860AB71002057E7F90450
S21402A73025D5D6F8C830ABB11A68022A12D993F8D2
S21402A7402400C7F30B03DB0008B1B3FBF0F39B4511
S21402A750B8D8002BB6D0CBEB0B20B0FBF3F0C0433F
S21402A760C0B2B0E729463046FFF7E2FC0190304619
S21402A77010F057F8019BB3FBF0F0C0B2E1E718F80F
S21402A78004004000ECE700230020EB730B4BDA6971
S21402A790C2F30723120448BF63F0FF035AB212F152
S21402A7A0800F1CBF323B5AB2AA730346BBE7022095
S21402A7B015E700BF004000B8003F00B000C000B878
S21402A7C070B54FF03A434FF480640A4DD3F81861DF
S21402A7D00020C5F81841C5F8144104F0FBF84FF400
S21402A7E000532B67730542BF034BC5F81441C3F8E9
S21402A7F0184170BD002000BA001000BA082310B13C
S21402A800024A13647047024AFBE700BF001002B810
S21402A810002002B8F8B504460E4611B9037C5A0663
S21402A82047D44FF6FF73A18BD4F8C870994204D070
S21402A830344B1B680BB120469847334D2B68BB42FE
S21402A84054D0324B1B683BB11FB13A68002A4FD036
S21402A850BF683946204698470727204601F03EFA49
S21402A860002E39D004F04AFE0620294B94F9122015
S21402A87093F900302749C3F127039B1A0A6ADB02C1
S21402A88022F4FF2203F4FF2313430B62D4F8C820FA
S21402A890214B2A60986701F07DFB002501211F4AA3
S21402A8A01F4B1170204683F8845010F0C1F82846DA
S21402A8B0F8BD4FF6FF71144DD0F8C8702A6866F3DB
S21402A8C0861397428183037417D0104B1B68002BA4
S21402A8D0BAD101F003FA072712493B46124AD1F8C9
S21402A8E0FC1004F1D80003F017FABBE70127B4E71F
S21402A8F01746204639469847AEE701F0EFF901279A
S21402A900EAE700BF9C280020942800209828002010
S21402A910452C002000C000B8006000B8472C00207C
S21402A920003F00B0004F00B0A43F00B02DE9F8434E
S21402A9300D4600F0FFFA0128044630D1194F3B7845
S21402A94083B92846E9F730FC054610B9E9F776FCE4
S21402A9502C463B781BB10121022003F055F9204614
S21402A960BDE8F8830021022003F04EF910F019F931
S21402A9700646DFF83490DFF83480D9F8F4331B0744
S21402A980DFD410F00EF9801B404541F6A2224FF0AC
S21402A99045018CBF00200120FEF73AFCEDE70224B9
S21402A9A0DDE700BF492C0020000002B83F420F003E
S21402A9B008B558220021064810F07CFA1022FF2122
S21402A9C0044810F077FABDE8084004F097BD00BFCF
S21402A9D0F03E00B0343F00B0002373B583746923A1
S21402A9E0C0F8E03074234FF0FF350E26A0F8F4309E
S21402A9F064230446C0E93933C0E93B33C0E907554E
S21402AA0080F8046185644575C58203F075FD2046AD
S21402AA10FFF7CEFF94F912102046FFF717FA6023CD
S21402AA20114A40F6FF71D3644FF03A421163116740
S21402AA300E4A2946D36440220D4B20461A64626BA6
S21402AA40FFF758FA002240F2022310461946CDE9D3
S21402AA50006603F073FB01F013F9204602B0BDE86E
S21402AA607040FEF7B1BB00BF004000B8005000B80F
S21402AA70002002B8044BD3F8EC3E13F0806F14BFEC
S21402AA8023200020704700BF003000B00246F8B511
S21402AA90B0F8084100F1D805FFF7ECFF0B688E68A6
S21402AAA0013304BFD2F8E0300B604B68013304BFB9
S21402AAB0D2F8EC304B60771C37D1D2F8E830CF684A
S21402AAC08B607E1C38D1D2F8E4600F69CE60013705
S21402AAD004BFD2F8D8700F614F69013704BFD2F8AD
S21402AAE0DC704F618F69013704BFD2F8F0708F6156
S21402AAF08F6947BBC0F1640408688C61C2F8E8300D
S21402AB004B68C2E93806C2E93B340B692846C2F8EC
S21402AB10D8304B690F49C2F8DC30D1F8FC10072355
S21402AB200D4A03F0F9F80020F8BD04F169031B1A78
S21402AB30B34238BF3346C2E704F17406361ABE4241
S21402AB4038BF3E46C1E76934241ABC4238BF3C4689
S21402AB50D2E700BF004F00B0A43F00B038B50446AD
S21402AB60074D21462868621C003818BF012002F0F3
S21402AB70BBFA2B680020003B18BF0123A37038BD28
S21402AB80AC28002038B5054C054B4178007825687E
S21402AB90236002F0FBF900B1256038BDAC28002026
S21402ABA090CB030070B506F011FC05460B4E00F084
S21402ABB0C1F9012804D0284606F00CFC022070BD1C
S21402ABC0F36813F0706FF2D1F46814F08054EED18B
S21402ABD0284606F0FFFB2046F1E700BF000002B859
S21402ABE00A4B10B51B68044673B1094B48B10121E4
S21402ABF0084A1A60022003F007F80020064B1C7071
S21402AC0010BD01461860F5E70220F9E7AC280020DF
S21402AC10B028002088CB0300492C0020014B18786E
S21402AC20704700BF492C002038B506F0CFFB4FF620
S21402AC30FF710A4A13888B4203D106F0CBFB03202E
S21402AC4038BD074C074D1B046566A4F58054636641
S21402AC50118006F0BFFB0020F2E700BF0E0D0020B9
S21402AC60006001B80000FFFF2DE9F34105460F46DC
S21402AC701446FFF7A3F890B1DFF8E08102F0B0FFC8
S21402AC80D8F81430DE0740F1CE8006F09FFB064669
S21402AC90032001F055FC38B1304606F09BFB022635
S21402ACA0304602B0BDE8F081D8F8143013F0060F33
S21402ACB0F2D1304606F08EFB5C4B4FF4006128461C
S21402ACC0D3F8EC8ED3F8CC6E04F00EFC38B14FF409
S21402ACD000720121564B08461A64FEF7F1F839460F
S21402ACE02846FEF73DFA514BC3F8CC6EC3F8EC8EFD
S21402ACF006460028D4D12B7CD80601D4002C55D089
S21402AD00C4F3400003F066FD022314F4807F1FBFE5
S21402AD10484A002113644FF03A420BBF444A9161FD
S21402AD201364536303F090FD4FF4806314F0040F32
S21402AD3014BF414A414A14F0400F53624FF00402D6
S21402AD403B4B20461A644FF0400314BF3C4A3D4A30
S21402AD50C2F88830FEF7C0FE28460FF099FD38B1DB
S21402AD604FF4807314F0010F14BF324A304A136452
S21402AD70A10642D54FF6FF726B8C93420FD0324A31
S21402AD803249526E100CC2F301120132B3FBF2F3D7
S21402AD900880294A29492E481B0448665366003C07
S21402ADA018BF01242B7C64F304132B7428460FF07F
S21402ADB03CFEF0B128460FF06BFDD0B14FF40031E7
S21402ADC0284604F091FB431C03229BB2214801A9AA
S21402ADD00FF09BFE9DF8042002F00703052B9DF85A
S21402ADE0053013D112070BD443F480731A4AC2F803
S21402ADF0D43000200FF0C6FE52E7FFF715FFCEE76D
S21402AE0013F0040F09D19DF80630EDE703F0300287
S21402AE10202A05D113F0010FF4E74FF48073E5E71B
S21402AE209DF80630E2E703263AE700BF003000B09E
S21402AE30002002B8001002B8005001B8006001B845
S21402AE4000D000B800E000B8004001B80E0D0020A7
S21402AE500000FFFF0C0000BA003E00B000C001B8C0
S21402AE6008B5094BD3F84C315A1C0CD05B000AD4F7
S21402AE700320FEF73FFF4FF08062044BDA640122A4
S21402AE805A6102229A6208BD0080E00F001002B8E2
S21402AE904FF40022034B186C03F500531A64C0F3F8
S21402AEA0C0407047000002B8014B024A1A60704761
S21402AEB098280020B1990200024B586900F0010060
S21402AEC0704700BF00C001B8084B5A69D10707D5C2
S21402AED008B901F0EDB95B69DA0706D401F0DAB910
S21402AEE05B69DB0701D40028F8D1704700C001B8BF
S21402AEF04FF0806310B1024A53617047014AFBE784
S21402AF00001002B8002002B8202350B1064AC2F848
S21402AF10F433064B196C11F0020104D1032002F03F
S21402AF2073BE034AF3E77047001002B800C002B8C7
S21402AF30002002B80F4BDB68C3F30363013B0B2B05
S21402AF400FD8DFE803F006060C06060606080A080F
S21402AF500808022070470420704705207047032027
S21402AF607047054B5B6913F0060F0CBF01200420E7
S21402AF70704700BF000002B800C001B8094AD36893
S21402AF80C3F303630B2B08D06FF49050184100F004
S21402AF90010080F0010040007047106C10F4803011
S21402AFA0EDD17047000002B80C4AD368C3F30363BE
S21402AFB0062B07D8042BD8B20BD8C31E58425841CA
S21402AFC040007047072B06D1D2F844010028ECD186
S21402AFD07047022070470020704700BF000002B88A
S21402AFE0F0B5CF072BD5002A14BFAA2555250E4645
S21402AFF01E24154F01F0030383F001033B449B78A4
S21402B00006F0070C17F80CC0013C63444FEA5606DC
S21402B010F6D10E4E73436FF481769B0C334482B99D
S21402B02091FAA1F195FAA5F54A082D0F490042EAD0
S21402B030C57201F00204C474C0E91023F0BDAA254B
S21402B040D5E7034AF7E700BFA4CB030036FC10009F
S21402B050B756351230B547F6FE74164BC3F8304273
S21402B060456C04EA4504144DC5F830420F245C666C
S21402B070CC071CD5DAB901246C664FF0FF34C3F84E
S21402B0800441056C0C4CC4F804514FF0F045C3F86B
S21402B0901051C37CDB062B40C4F8103132B14FF09E
S21402B0A03A430222C0F88010C3F8F42030BD0224CE
S21402B0B0E2E700BF006001B8005001B813B5437C58
S21402B0C00446033BDBB2072B96BF104A0021D15C35
S21402B0D0FEF70AFE012001F057F84FF4F0620C4B1F
S21402B0E0DA644FF40072A3F58053DA64637C053B9E
S21402B0F0012B08D80421074B01229B6E0DEB0100A1
S21402B100019300F021FB02B010BD00BF9CCB0300F0
S21402B110006000B8004001B8012310B580F8F63090
S21402B1202823C0F8DC30042304464374044B196811
S21402B1300FF079F92046FFF7C1FF002010BD00BFCF
S21402B140E8CB0300012310B580F8F6302823C0F8B8
S21402B150DC30022304464374044B19680FF063F98B
S21402B1602046FFF7ABFF002010BD00BFECCB03006C
S21402B170012910B5044604D90239012914D903203D
S21402B18011E00B4B19680523012284F8F6204FF4D0
S21402B190BC726374C4F8DC2020460FF044F92046E3
S21402B1A0FFF78CFF002010BD024B19680623EBE761
S21402B1B0E4CB0300E0CB0300012310B580F8F630A1
S21402B1C04FF4BC73C0F8DC30082304464374044BC7
S21402B1D019680FF028F92046FFF770FF002010BD0F
S21402B1E0DCCB030038B5184B04461D6845B1EB6846
S21402B1F033B1286801F016FCAB68186801F012FC3F
S21402B200124B1B682BB1DA681AB19B68186801F0FA
S21402B21009FC0F4B1B682BB1DA681AB19B681868D9
S21402B22001F000FC0B4B1B682BB1DA681AB19B6865
S21402B230186801F0F7FB2046FFF784FF2046BDE8BA
S21402B2403840FFF73BBF00BFECCB0300E8CB030060
S21402B250E4CB0300E0CB0300F8B5D0F81431044683
S21402B2608B420D46164603D190F81031202B0ED095
S21402B270324629462046FFF7B3FE202384F81031D3
S21402B2800023C4F81451C4F81831FFF76DF94FF0D3
S21402B2900077074B32461F6429462046FFF7DAFE40
S21402B2A08022044B1A6103F500531F64F8BD00BFE9
S21402B2B0001002B8000002B8072330B5124D134C36
S21402B2C0EB63134B69B1442140F040005963986325
S21402B2D00123E3634FF4804392B1C4F804310A4A6F
S21402B2E007E0596399634FF48043084AE163C4F860
S21402B2F00431C2F80831C2F80C31C2F8103130BD40
S21402B300C5F80431EBE700BF006000B8005000B893
S21402B310004000B8034BD3F8F80780F00070C0F383
S21402B32040607047000002B810B5407CA0B1304BB8
S21402B330D3F8B82012F0060F01D004280DD94FF426
S21402B34070622C4BDA604FF48072A3F58053DA6099
S21402B3500022274BC3F8B42010BD02F0020412F0FC
S21402B360040202D00B789B0637D4002C39D00B7817
S21402B37003F00F03072B34D14B78022B31D98B788D
S21402B38013F03E0F2DD0CC7814F0040F29D014F011
S21402B390010F0CBF04230A23A40748BF0633CB5C65
S21402B3A0FBB1002A14BF02220122042840F6FF70D5
S21402B3B003F01F0108BF4900013940EA01310E4877
S21402B3C001654FF470600B491202C860A1F5805106
S21402B3D0CA60074AC2F8B430BEE7002CC7D18B78E1
S21402B3E023B90023044A13650122EAE70222DCE7B6
S21402B3F0003E00B0006000B8004000B80A68064B85
S21402B40012F0802F1CBF42F20101C3F82812C3F8C3
S21402B4108822C3F88C227047004001B8F0B585B088
S21402B4206C460E460B4B074615460FCB84E80F00BC
S21402B430094BD3F84822009226B16B1EDBB2FD2BD5
S21402B44088BF32602A46214638460FF012FB05B006
S21402B450F0BD00BFACCB03000080E00F30B5082380
S21402B460054685B080B9094AC2F8FC3351B96C4624
S21402B470074B0FCB84E80F00064B2A462146186876
S21402B480FFF7CCFF05B030BD034AEDE7001002B867
S21402B490BCCB030028260020002002B838B504469C
S21402B4A001F0D6F901213A20E8F7DEFCE0782179AE
S21402B4B0154A40EA0143C2F8DC34E579A37943EA47
S21402B4C00543C2F8E03423781BB100230422E9F7CF
S21402B4D0CFF963782BB100230422E179A079E9F74A
S21402B4E0C7F92278012352B1084AC2F8D8346278E2
S21402B4F0022332B1054A0020C2F8D83438BD044AC5
S21402B500F3E7034AF7E700BF00C0035000D003503A
S21402B51000E003504FF03A43D3F81421D2031ED56D
S21402B5204FF480320E49C1F81421A1F58051C1F8BA
S21402B53018215A6DD1B2C2F30722C3F8A410C3F879
S21402B540A4200422C3F8A4200022C3F8A420C3F82F
S21402B550A420C3F8A420C3F8A420C3F8A4207047EC
S21402B560002000BAF8B50D464FF03A441746064694
S21402B57005F02CFF01230421074A6363E760266176
S21402B5806561C2F81411054AC2F8843105F022FF3B
S21402B5900DB102236363F8BD002000BA00E100E0AB
S21402B5A0054B012218604FF03A435A6740F6FF7285
S21402B5B0D96418651A677047B82800202DE9F0414B
S21402B5C005460124006800F00700063004FA00F37E
S21402B5D0A868EC685E1EA04262D000EA060E6C689E
S21402B5E010441E430640A3EB0E000EEB040C8242F0
S21402B5F0644618D9D31A0EEB030298B1431E052BE4
S21402B60004D94B1CACEB0303022B59D80B46084457
S21402B610ACEB010E03EB0E0113F8014B83420C70E8
S21402B620F8D101466C688AB1531E052B01F101035D
S21402B63002D9E01A022812D80A44611E00E0013339
S21402B64013F8010C934201F8010FF8D105F0BEFE83
S21402B6500223AE60AB62BDE8F04105F0BBBE0B460E
S21402B660204622F0030E8E4453F804CB734540F86E
S21402B67004CBF9D122F00303D01A920701EB030C94
S21402B68004EB0307E2D0CA5C0128E254DED09CF841
S21402B690013002287B70D9D09CF80230BB70D5E707
S21402B6A0042A35D90878043AA86148780431A86192
S21402B6B011F8020CA86111F8010CA861A8688CE7C1
S21402B6C00B4620F003070F44ACEB010E1C684EF845
S21402B6D003400433BB42F9D120F0030310F0030FFA
S21402B6E001EB030EA0EB03040CEB030728D011F8C2
S21402B6F00380012C0CF8038022D09EF80130022C25
S21402B7007B7018BF9EF80230084418BFBB7088E7EB
S21402B710013A032A12D8DFE802F00F1507020B4699
S21402B72013F8012B1946AA610A4612F8013BAB61CF
S21402B730114611F8013BAB610B78AB61BDE8F081B5
S21402B74008446EE70A46F3E738B50B461546014647
S21402B7504FF03A4470B101221048C4F8F4201A4659
S21402B760FFF72CFF25B14FF03A430422C3F8F4202A
S21402B770002038BD73B1D4F8D8209A4284BF012283
S21402B780C4F8F4204FF03A42C2F8D4300223C2F88A
S21402B790F430E7E70123C4F8F430E3E7CC0000BA5C
S21402B7A010B505F013FE4FF03A4301225A67C3F86C
S21402B7B0B420C3F88C20154A1549C3F890200722F6
S21402B7C0C3F8B020134B04461A800023124A138093
S21402B7D04FF4A022C1F81421A1F58051C1F8182116
S21402B7E00E4A13600E4B1B6C5B020AD54FF48002A6
S21402B7F00C4B18680C4BD8301A6450F8A41C01F095
S21402B800B5FA2046BDE8104005F0E4BD68110020F8
S21402B810002000BA222B0020202B0020B428002073
S21402B820000002B828260020002002B807220D4B8E
S21402B83001211A8000220C4B1A804FF03A43C3F8BB
S21402B840F410C3F8CC204FF40052C3F8D000C3F86B
S21402B850F020F022054B9A64A022A3F580539A6446
S21402B860FFF79EBF222B0020202B0020006000B88E
S21402B8702DE9F041044688B105F0A8FD3D4E3E4A4A
S21402B8803388032C03F0780105463C4F03F07F0C07
S21402B89011445DD13C6824B905F09CFD0320BDE847
S21402B8A0F08124F00104386820F00100A04254D14F
S21402B8B000223A6022888C426FEA42426FEA524283
S21402B8C0228040D12E4CDFF8D0C02788ACF1800809
S21402B8D03A46083A92B201F10800604528BF40464F
S21402B8E0082A04D9B0F900E0BEF1000F40DB22803E
S21402B8F088780C884FF03A413B449B1ADBB2C4F37B
S21402B9000C048C653380C1F89830C1F8B0204FF42F
S21402B91080221C4B00F00700C3F8142101221A4BA8
S21402B920C3F88421FFF7F6FD04280CD14FF48002F9
S21402B930164B1B6C164B1868164BD8301A6450F808
S21402B940A41C01F013FA284605F044FD0020A6E7E1
S21402B950601E012898BF0C46A5E709486244008885
S21402B960A21A48BF803208389042A3DC284693E7E2
S21402B9700146AEE7202B002068110020B4280020E4
S21402B980222B0020002000BA00E100E0000002B8EE
S21402B99028260020002002B8E81100201249134B86
S21402B9A00A881B8812481344083292B20A804FF063
S21402B9B03A41C1F8B0204FF480210E4A073BC2F844
S21402B9C01411012103F07803034498780A4A00F020
S21402B9D007000428C2F8841103D10849CA68120372
S21402B9E0FCD4074A13607047222B0020202B00202D
S21402B9F068110020002000BA00E100E0000002B852
S21402BA00B428002010B5054C206828B1C30701D41D
S21402BA10FFF72EFF0023236010BD00BFB4280020CE
S21402BA204FF48033084AC2F81831A2F58052C2F8A1
S21402BA3014314FF03A43D3F8AC30C3F30C03782BEF
S21402BA4001D8FFF767BD7047002000BA2DE9F8431A
S21402BA5004460E4605F0BAFC514B81461A885148F8
S21402BA60514D02F07801032C2D8802F07F03014429
S21402BA7017D14E4C24688CB92A44073A02F0780251
S21402BA8084180344E31A48BF8033AB4210DB4846AF
S21402BA9005F0A0FC00242046BDE8F88324F001044B
S21402BAA0EFE7012C02D0022CEBD1083D0C46E8E76A
S21402BAB0002E44D08C4246D14FF03A42D2F85880FB
S21402BAC04FF03A410127CA6C02F00702063297404D
S21402BAD0D1F8AC20C2F30C029A4247DDB4F900302A
S21402BAE02588002BD3DBA378C5F30C0503F00703E8
S21402BAF07A1EA5EB08053A43052B337005EA0205C4
S21402BB002CD82DB2E84340F236420421C00FFDF78E
S21402BB107FFB7580E378264A337412687B1E03EA3D
S21402BB200803D118B160A9B213FA85F5BD4291BFD8
S21402BB300023FF1AB780F2609CBFB180F3604846CC
S21402BB4005F048FCA7E7A4F10802824238BF04F1D8
S21402BB507802B2F80080C8F30C08B1E7154B5B6DAB
S21402BB60003B18BF0123A5EBC305CAE74B6D7A1E3F
S21402BB70A3EB08033A431A400F4B15B2DB6862B9CF
S21402BB80C3F30363D91E4B424B41DB0033700A4BAF
S21402BB9072809B6CC3F30723BDE70823F6E700BF5A
S21402BBA0202B002068110020222B0020B428002021
S21402BBB0B8280020004000B8000002B8054BA622B4
S21402BBC0D3F84C013121431C0CBF0120C0F3807016
S21402BBD0FDF71EBB0080E00F38B5134D04462978EA
S21402BBE019B9202211480FF065F96188104A2378A6
S21402BBF05180002113700F4A022BC2F8CC104FF06E
S21402BC00FF010D4A0D4B11704FF007010C4A4FF021
S21402BC100000C2F8FC130CBF04220122C3F8FC2366
S21402BC2001232B7038BD00BF4A2C0020E03F00B035
S21402BC30100D0020004001B83D0D0020001002B893
S21402BC40002002B8034B1A6802609B88838000209B
S21402BC50704700BF100D002010B5044600F0F8FD36
S21402BC60064BD3F8F83724B983F40033C3F34040C5
S21402BC7010BDA31E58425841FAE700BF000002B8A2
S21402BC804FF63F7208B50A4BD3F8FC37934206D0FC
S21402BC90084AC3F301131370E022074B1A7000F030
S21402BCA031FE41F66A03B0FBF3F0044B186008BDA0
S21402BCB0000002B83E0D00203F0D0020BC280020E8
S21402BCC020B1022804D1034B18787047024BFBE7D9
S21402BCD0002070473E0D00203F0D00202DE9F74F53
S21402BCE0846C4C22022C38BF02246A49013C0B6A3F
S21402BCF0D1F8CC506849C3F38213DA400B68064683
S21402BD00A34290F804B1654BDFF8ACA1DFF8AC9122
S21402BD10DFF8AC8102F0010214D11878904211D1FA
S21402BD209AF8000058450DD1F06C58B1A84209D1D6
S21402BD30B57D99F80000854204D1B8F8040003B036
S21402BD40BDE8F08F0C6098F800101A700846FFF7EE
S21402BD50B7FF002A00F0868004234FF07F410025BB
S21402BD604F4AC2F8B8304F4BC3F8B810B37D1B0623
S21402BD70C2F8B8304FF08052494BC3F8B42000F0F6
S21402BD80C1FD40F27123B0FBF3F01921604318287D
S21402BD90B0FBF1F14FEA054470D8002C78D0B4FA23
S21402BDA084F2C2F12002C2F10F03012B38BF012335
S21402BDB0D440A14201D2013B64086A1C03F01F0171
S21402BDC052008A40384F121B9208C7F8B0201A0257
S21402BDD042EA03121343019305EB052305EB032501
S21402BDE0324B40F6C70218682B21003818BF0120D4
S21402BDF0FDF70EFAFA222D4B02FB04F01B6840F602
S21402BE00FF72B0FBF3F00A235843294B00F57A740D
S21402BE10C3F8C420019AA3F58053C3F8C420A3F53F
S21402BE208053C3F8CC50D3F8CC3000F58C50C7F80A
S21402BE30FC30F5641F4D14302C6001F017FF4FF4F0
S21402BE407A72C7F8A400C7F8F8002B68B4FBF2F0C1
S21402BE50B3FBF2F3A8F80430B37D8AF800B089F891
S21402BE6000306CE7002914BF10252025B37D8342DD
S21402BE7094BFED182D1805F0FF057BE7B1FA81F2A5
S21402BE8034B1B4FA84F3D21A002A8CDC0F2390E77A
S21402BE900F2392E7004001B8EC0B00204B2C002049
S21402BEA0001002B8002002B8003F00B0BC280020F4
S21402BEB0006001B8C02800203C0D00203B0D002089
S21402BEC0100D002010B5114B01461B78104C0E2B9E
S21402BED002D1FF20207010BD18460EF056FE024614
S21402BEE01846FFF7EDFE884228BF0846C0B29042C9
S21402BEF038BF10462378C0B28342ECD0054B207080
S21402BF001868FFF7EBFE2078E5E700BF100D00206B
S21402BF103D0D00202826002010B50446FCF7EAFE58
S21402BF2078B1154B1B786BB964B1144B1B784BB1C7
S21402BF30134B1B78013B012B04D84FF40042114BE4
S21402BF40DA6410BD104BDB6C1B04FAD405F03EFA23
S21402BF50044602F079FC4FF400420C4B2046BDE842
S21402BF601040DA6402220A4BC3F87C240422054BF2
S21402BF701A6405F02FBA00BF4C2C00204D2C00206E
S21402BF80C4280020002002B8000002B8001002B840
S21402BF9000D003504FF48022014B9A64704700BFD2
S21402BFA0005000B870B5054600F052FC01213A2058
S21402BFB0E7F75AFF424C434B00201D70FFF7ACFFD9
S21402BFC02378013B012B0CD80122217CE37B8A409B
S21402BFD030214B4342F2100103F1A04303F57033C4
S21402BFE05A500022384BC3F87C24ADB94FF6FF7185
S21402BFF0364AC2F88410F821A2F58052C2F884109C
S21402C000C3F87C54324B4FF08042DA644FF48022FD
S21402C010304B00209A6470BD636883B300F072FCF4
S21402C020626800EB5203B3FBF2F3013B1B0243F0E0
S21402C030F80326782549022E264A22D0032E4FF6EA
S21402C040FF7521482AD0012E33D143F00203C1F8EE
S21402C0508450C2F884300723C0F87C343021E37B56
S21402C06001204B4341F21001227C03F1A04300FA67
S21402C07002F203F570335A50FFF74EFF17E0F8232B
S21402C080D7E74FF6FF7043F00103C1F88400C2F809
S21402C090843006220C4BC3F87C24DFE743F005030A
S21402C0A0C1F88450C2F884300423C0F87C340A4BAA
S21402C0B0A9E7C1F88450C2F884300023F5E700BF30
S21402C0C0C42800204D2C002000C00350006000B899
S21402C0D0002002B8005000B8001002B8F8B5214F90
S21402C0E006463D4604460FCE0FC533682B6000F069
S21402C0F0AFFB01213A20E7F7B7FE00221A4BC3F83E
S21402C1007C24A17A627A42EA0142C3F88824217C1E
S21402C110E27B42EA0142C3F88424207B617B40EA48
S21402C1200142C3F880243B78032B19D8DFE803F0DA
S21402C1301202060C00230422E8F79AFB00230422CC
S21402C140217CE07BE8F794FB01230422A17A607A43
S21402C150E8F78EFB054B1878BDE8F840FFF722BFDC
S21402C1600120F8BDC428002000C003504D2C00203A
S21402C170034BDB6C002BBCBF024BC3F88800704736
S21402C180000002B8004000B84FF0006338B1064A1B
S21402C190D364064B4FF40032C3F884207047044A37
S21402C1A0D364044BF6E700BF001002B8005000B894
S21402C1B0002002B8006000B82DE9F0472D4B2E4C47
S21402C1C04FF47A76A36000F09DFB4FF4FA73B0FB4F
S21402C1D0F6F6734307462948190E1B021818284A12
S21402C1E04FF0000341F1000103F0D0F9A0F580738F
S21402C1F00546236320B966222B21FDF709F801259F
S21402C2004FF47A724FF0000A6A43534650083102DE
S21402C21003F0BCF91B4BB7F57A7F19601A4B4FEA4D
S21402C22005688946044618604FEA152505D2762227
S21402C2302B215046FCF7ECFF01264FF47A73A8FB3D
S21402C240030103FB05117308C01841F10001002326
S21402C250324603F09BF90D4B023419600C4B49F140
S21402C2600009A408186044EA8974034B013C9C63E5
S21402C270BDE8F0870211010000C001B820A1070046
S21402C28040420F00E4280020E0280020DC2800209E
S21402C290D82800201022044BC3F884215A600122B9
S21402C2A0024BDA60704700BF00E100E000C001B850
S21402C2B01022064BC3F88421C3F88420BFF34F8FA5
S21402C2C0BFF36F8F0422024BDA60704700E100E092
S21402C2D000C001B810B50446A242A2EB0000A3EBD0
S21402C2E0010104D2034B01399B6B0133184401F060
S21402C2F0030110BD00C001B838B501250A4B020182
S21402C3009D504FF480730446084A8340536605F0F6
S21402C3105DF8074AA540137823EA05031370BDE8C3
S21402C320384005F057B800BF00E101B800E001B898
S21402C3304E2C00202DE9F84F164605468A461F4623
S21402C34005F044F8022E00F0B080804605F045F86D
S21402C350694B6A4AD3F8209092F88D405A6EE4B23E
S21402C360520744BFD3F82090013405F03CF8644BE2
S21402C370644A1B681168A3FB093213F100434FEAB3
S21402C380847301FB093343EB020304F00302DAF879
S21402C3900040012E04BF0134E418A3EB040308BFD7
S21402C3A0CAF80040B3F1804FC0F093804FF00040CF
S21402C3B000235549D1F800C024F04041ECFB0103AC
S21402C3C05248A40F006800FB01334B495048896B62
S21402C3D08B4281BF013401315B1A04F00304A41AB4
S21402C3E0994584BF444A04F1FF3404F0030488BF2D
S21402C3F0926BA3EB090C4455A4B1FC0742BF41F66D
S21402C4001F71444A5167B90742BF424A42495167BF
S21402C4107A0742BF0021384A91673C0742BF002193
S21402C420354A91654FF0110A4FF0010E324A05F176
S21402C4301004240102EB051BCBF80C3142F804A0D1
S21402C440136A3649A3EB09030EFA05F4D2F8649090
S21402C4500A78E4B2224363450A7025D34FF4807308
S21402C460AB4019EA030F1FD1425D002A40D10EB33A
S21402C4702B4AF807536607D541F61F7140F20110A2
S21402C480244B596750675967B90706D5214B224A8C
S21402C490234924485A6748675A677A0742BF0122E7
S21402C4A0214B1A613B071AD4404604F093FF012041
S21402C4B0BDE8F88F1D4A2D0142F805E042F89C3C83
S21402C4C004F084FF15490B7823EA04030B7004F08A
S21402C4D081FF404604F07EFF0020BDE8F88F212051
S21402C4E0FFF746FE4FF48032034B4046DA60DCE745
S21402C4F00B4A40465366D8E700C001B8003E00B07B
S21402C500D8280020DC280020E0280020E42800208C
S21402C5104F2C002000E001B800001F1F4E2C002008
S21402C52000D001B800000101000002B800E101B825
S21402C530024B1878003818BF012070474E2C002096
S21402C540034B10300001185800F00100704700BF7E
S21402C55000C001B8044B01F0F071103041F0030145
S21402C56000011950704700BF00C001B838B504F08A
S21402C57034FF084B084A1D6A92F88D405A6EE4B2A0
S21402C580520744BF1D6A013404F02DFF284604F00A
S21402C590030138BD00C001B8003E00B038B50B4BF1
S21402C5A003EB001210300001D2F80C411D58FFF7C1
S21402C5B0DDFFAB0706D5844200D90139204601F0DB
S21402C5C0030138BD844238BF0131F7E700C001B825
S21402C5D008B52220FFF7CCFD4FF48022014BDA602B
S21402C5E008BD00BF00C001B8064B1B68434303EBFF
S21402C5F08171054B1B68A3FB003013F1004341EB2E
S21402C60000007047DC280020D82800200C4A20F0C2
S21402C6104043014610B5002014684FF00042E4FB88
S21402C6200320084A890F126802FB0300064B9B6B25
S21402C630984204D901330131C01A01F0030110BD3A
S21402C640E0280020E428002000C001B8F8B506461D
S21402C650FEF732FC044608B1FFF72AFE00230B4D14
S21402C6600B4FAB613046EB612B6287F88D30FFF7DC
S21402C670CDFFC9B287F88D1028622CB1FFF70AFEEB
S21402C6804FF08062034B1A640020F8BD00C001B868
S21402C690003E00B0002002B870B50C68651C15D0CC
S21402C6A0C4F302669E42C4F3074530D1A4B2944254
S21402C6B02DD804EB8506B24229D2141BA50824F015
S21402C6C003040E59340F04D0012C09D00022012392
S21402C6D003E06B1C51F8232000230260037170BD37
S21402C6E00D4C34F8133042EA03431A686B1C51F8B7
S21402C6F0234001EB83014B6822405E4036F07044D3
S21402C700EAD11B0F032B04BF8B681A43E4E70135FB
S21402C71001EB8501C1E700BFD4CB030070B5164616
S21402C720054610B90124204670BD0029FAD0426899
S21402C730104B006803321B68920800F1304098479D
S21402C74004460028EFD1002EECD0EA68A86803322F
S21402C7503146920800F130400EF04BFA04460028AB
S21402C760E1D1D5E90402214600F130400EF0A2FBE9
S21402C770D9E700BFF40B002007B501A8E8F75CFA7A
S21402C7809DF80530022B02BF40220B4BC3F8FC2358
S21402C790C8220A4B5A650A4B0A4AD3F86032DBB201
S21402C7A0FF2B08BF03239B0043F47F53C2F8F833E2
S21402C7B003B05DF804FB00BF001002B8008001B8A9
S21402C7C00080E00F000002B8002310B5194C0121CA
S21402C7D023643A206364A364E7F746FB0122164B00
S21402C7E05A6102229A62E368C3F303630D2B01D0F7
S21402C7F0002BF8D11123114AA36311491148FFF700
S21402C8008DFF01F069FB104A936843B94FF08062CE
S21402C810094B5A61012203F580535A6110BD0B4938
S21402C820D268096803F13043032AEFD943F8041BA0
S21402C830043AF9E7000002B8001002B834CC03004C
S21402C84038CC03001CCC030004CC0300080C0020E8
S21402C850012341F6FF710D4AC2F8803291660C4AF6
S21402C86053600C4A53600C4A5360A2F580425360F0
S21402C870A2F54042536002F5C032536002F5804290
S21402C8805360A2F500425360704700BF009000500C
S21402C89000D000B8001000BA005001B838B5032422
S21402C8A0FFF7D6FF114A124B124DDA64FFF764FF08
S21402C8B0114BC3F8E0400123EB6401F091F94FF409
S21402C8C060736B614FF40073EB640EF0E8F80021BE
S21402C8D0FEF7C4FD8022094B1C64A3F580535C64FA
S21402C8E0074BC3F884215A6038BD00BF0048F000E9
S21402C8F0000002B8001002B8005001B800A002B84A
S21402C90000E100E008B5E6F793FC044B1B6FC3F3A7
S21402C91000430133B0FBF3F008BD00BF00800050B7
S21402C9202DE9F04F044687B003908A465AF8046B06
S21402C930731C06D1039B2660E01A801007B0BDE880
S21402C940F08FC6F30745012D38BF0125324BC6F3DB
S21402C950016233F81230B7B247EA0347EB002F49B9
S21402C9600493043323448B424FEA167602D92C4BA7
S21402C9709C424ED907234FF00109D346D34003F019
S21402C980010309FA06F9029309F0940304F1080870
S21402C99001950593059B0BF1040B53B919F0420F51
S21402C9A019D119F0280F0BD148F8087C5BF8042C33
S21402C9B020E040F2AA7232210020FCF729FCF3E7BD
S21402C9C040F2AF7232210298FCF722FC07F5805241
S21402C9D048F8082CEAE74FF4F76232210298FCF78F
S21402C9E017FC07F50052012E48F8082CDED15BF83A
S21402C9F0042CD243019B48F8042C013B07F10407A0
S21402CA0008F108080193C5D1049B0AEB85011C4472
S21402CA108BE7002092E700BFCCCB0300DF4F00B0CD
S21402CA20E04F00B0F8B50646E0B10024144B2546A8
S21402CA301F46144953F8042BAAB91348314600EB93
S21402CA408500FFF76DFF30B940F661023621BDE87A
S21402CA50F840FCF7DDBB0D4B0135281847F824607B
S21402CA6023F81400F8BDB242FCD001340C2C02D0DC
S21402CA7031F81450DEE740F66F0236210020E6E772
S21402CA80E8280020222B0020404000B0242B002063
S21402CA9070B5044690B1A9B13A4A52F8043B8342B3
S21402CAA012D10023384A116CC907FCD49B0003F547
S21402CAB0804340331360354B01221A6470BD013344
S21402CAC00C2B02D1324D2CE0012352F8041BA1425A
S21402CAD0F5D1304A32F81330E4E7C2F3016335F891
S21402CAE01300110C93B211F0FE0F43EA0043606884
S21402CAF020D00434CAB2022A216808D9D4E90160D7
S21402CB00033AC3E9001698600C340C33F3E704D1F9
S21402CB106268C3E90012083403E0012A01D1043432
S21402CB2019602268531CD8D10022174B1A6003F5ED
S21402CB308053C1E7120F072AEDD8DFE802F0070498
S21402CB40090D1013181DC04303F500531860E2E7E1
S21402CB501A6842401A60DEE703F58053F6E70EF0E5
S21402CB603DF8D8E7012203F580538240F2E701221E
S21402CB7003F500538240EDE71A6830EA0202FBD161
S21402CB80C9E700BFE828002000C002B800D002B8FB
S21402CB90D4CB0300222B00200122014BDA6470471B
S21402CBA0001002B80122014BDA647047002002B876
S21402CBB04022014BDA647047002002B84022014B43
S21402CBC0DA647047001002B808B50C4B1B68D3F83D
S21402CBD0C83023B11A68022A01D9186A08BDFFF7BD
S21402CBE091FE074B02469B6D98B20028F6D0C3F31F
S21402CBF00743D2085343B3FBF0F0EFE728260020A2
S21402CC00004001B8064BDB68C3F30363984206D1C3
S21402CC10044A936E23F0F00343EA011191667047CB
S21402CC20000002B8003F00B010B50446FFF7CCFF84
S21402CC300F4AD2F838311B040E4B48BF40089B6C93
S21402CC4003F4C053B3F5805F0ABF936BC4F30113BA
S21402CC50C3F34163012B02D0022B02D010BD400861
S21402CC60FCE7C4F3C4240134B0FBF4F0F6E700BFDB
S21402CC70004001B8004000B82DE9F0470E460DF01E
S21402CC8090FF00248046DFF8B4A0DFF8B49004F0EA
S21402CC909DFBDAF80C300746C3F30363012B0BD176
S21402CCA0711C35D00DF07DFFA0EB0804384604F069
S21402CCB091FBA642EBD80DE0052BF1D00B2BEFD063
S21402CCC0023B012B09D9013602D00DF06AFF384625
S21402CCD004F080FB1848BDE8F087D9F80C3013F44E
S21402CCE0603FDDD0D9F818301A04C3F3891512D480
S21402CCF0013602D00DF055FF384604F06BFB2DB21C
S21402CD006FF4FF73A5F1C8009842B8BF1846E2E771
S21402CD1004F060FBBBE7731C03D00DF042FFA0EBF0
S21402CD2008046FEA85556FEA9555384604F052FBBB
S21402CD3015F5007FBDD0E3E700FEFFFF000002B856
S21402CD4000C000B80122024B98611A61704700BF0A
S21402CD50000001B8044BD3F8AC3010B1C3F3033271
S21402CD60027003F00F007047000002B8094B01F092
S21402CD7080011B6C03F480030B4309D14FF40012AD
S21402CD80054B1A62837F1BB10122044BC3F80021B4
S21402CD90704700BF000002B8006001B8005001B83A
S21402CDA010B504F013FB084B04461B683BB19847CA
S21402CDB028B1002200204FF4806101F0A7F9204636
S21402CDC0BDE8104004F006BB182900204FF6040107
S21402CDD04FF60502044B01201B6C9BB28B4208BF28
S21402CDE01346024A136670470080E00F00C001B87F
S21402CDF0074BD3F8483203F00303012B03D0022B70
S21402CE0003D00020704704F0EBB8E6F75BBA00BF29
S21402CE10008000502DE9F74FDFF8ECB081460F4650
S21402CE20DBF808A0FFF7A2FB4FF0FF35CDE90001C3
S21402CE3000202C46064606F110031B015BF8033061
S21402CE4003F00308B8F1010F15D13046FFF7A6FB31
S21402CE5002460B46DDE90001FFF73CFADBF86430D8
S21402CE6006F10802D340DB0737D5002F3ED0002557
S21402CE702C463E6040460136082EDCD150B3224F87
S21402CE800AF44033B96B00220131A4FB0141641954
S21402CE9041F10001B3F5003F30D17B6B0AF4405AF2
S21402CEA0013342F10006BAF5805F22D13D6B15F5DB
S21402CEB0807505FB06F642F1000203FB0266A5FB3F
S21402CEC003323244594304FB0212A3FB04341444D3
S21402CED0C9E9003403B0BDE8F08FA84271EB040341
S21402CEE0C8D207B13E6005460C46C3E73D463C46FF
S21402CEF0C0E7320242EA13621B02E3E73B6B13F51A
S21402CF00807342F10002DDE700C001B8F8B50620E2
S21402CF100DF04EFE04460DF044FE42F21073041B62
S21402CF209C42054618D94FF080624F240B4B1A6478
S21402CF3041F26F770A4E0BE00DF033FE401BB8420B
S21402CF404FF0F70221468CBF00200120FCF760F963
S21402CF50336C5B01F0D5F8BD1A24E9E7002002B86D
S21402CF60000002B808B50DF0B1FE0122054B93F899
S21402CF70853002335B00DBB202FA03F3024A5361E6
S21402CF8008BD00BF003E00B0002000B80B2870B5F8
S21402CF9000F29580012900F292804A4B83F88400C1
S21402CFA083F88510484B5B689D05C3F3402227D45F
S21402CFB04FF038435A60454A506E44026BD5444B94
S21402CFC05B6803F00303022B65D00223C2F84832E3
S21402CFD00122404B9A604FF038435A60DA60996AF1
S21402CFE00807FCD11969C907F8D540F2FF323A4B57
S21402CFF09A615A614FF40072334BC3F884215A6027
S21402D000304C01213B20E6F72FFF94F8853094F848
S21402D0108420324943F4402343F41063063241F835
S21402D0202230FFF76FFC4608C507FFF7E1FE002334
S21402D03002463146284602F0A9FA090241EA106180
S21402D040C0F3C05040EA4100254BA067186B10F5AC
S21402D050807005D14FF4E1722B21FCF7D9F802203B
S21402D060024600230020012102F090FAE067FFF753
S21402D070BFFE40F649435843000DFF2828BFFF2055
S21402D080022838BF0220002184F88C00012000F01C
S21402D090BBFD002070BD10F4001006D0114B58687E
S21402D0A000F00300023818BF01204FF4A9721B21BA
S21402D0B0FCF7AEF80122054BC3F8482288E70120A8
S21402D0C0E8E700BF003E00B000E100E0008000504C
S21402D0D000000250001000B8002000B80080035084
S21402D0E000C001B80040025038B1064B93F88400E5
S21402D0F0087093F885301370704707230B7001236E
S21402D100F9E700BF003E00B070B5FFF7FFFE002152
S21402D110022000F079FD0DF044FD04460F4D104E3E
S21402D120D5F8F4331B070BD504F050F9BDE8704070
S21402D13002220C4BDA6001220B4B1A7004F04AB939
S21402D1400DF02FFD001BB04240F22A224FF045019F
S21402D1508CBF00200120FCF75BF8E1E7000002B874
S21402D1603F420F0000C001B8572C0020224910B5DC
S21402D1700B78002B3FD00122204C94F885300233E6
S21402D1805B0002FA03F31E4A93614FF400721D4BD2
S21402D190C3F8842100230B701B4B4FF43072186CBB
S21402D1A03921C0F38060FCF733F84FF48041174B07
S21402D1B0174AC3F894100C2194F885304B4303F1B8
S21402D1C038435B6BD4F88010994202BFD2F86C31B8
S21402D1D0C4F88830D2F86431D4F8880008BFA4F8BE
S21402D1E08630B4F8861000F0A7F8BDE8104001219A
S21402D1F0022000F009BD10BD572C0020003E00B0F2
S21402D200002000B800E100E0000002B800E001B82B
S21402D21000C001B810B50446FFF7EAFD6043044BB0
S21402D22000F5F42000F59070B0FBF3F010BD00BFDF
S21402D23040420F002DE9F74FFFF7ECFF0546FFF7D8
S21402D24065FE04F0C3F800214FF0384ADFF8E49098
S21402D2500646684689F80010FFF7DCFD304BDAF820
S21402D2602070DB6813F0706F1DD12E4B5B6913F0D4
S21402D270060818D100284CD0FFF744FB691DA1FB15
S21402D28000B4FFF7B5FD214602464346584602F073
S21402D2907DF9DDE9004B090241EA10610002A04275
S21402D2A071EB0B0105D3304603B0BDE8F04F04F036
S21402D2B091B8FFF79DFD220A42EA0B624FEA1B2352
S21402D2C0A0FB02B200FB0324FFF71CFB4346024608
S21402D2D02146584602F05AF90C220121124B01351A
S21402D2E093F885307F1B5A4302335B00074402F1F2
S21402D2F03842DCB2576301FA04F40C4F99400C4BE7
S21402D3007C619961DAF82030526B2D1A9B1AAB4277
S21402D310C9D30222034BDA60012389F80030C2E740
S21402D320000002B800C001B8003E00B0002000B8FD
S21402D330001000B8572C00202DE9F04F4FF00C0AD1
S21402D3400027B54A054692F8854088460AFB04F34C
S21402D35003F138431F6392F88420B04B87B0C3F8BA
S21402D360B4204FF40032AE4B46461A610222A3F5B1
S21402D3708053DA604FF03843AA4A1B6A92F82413A5
S21402D380AB46C9B2059192F829130134C9B2049189
S21402D390012104F0010482F8247382F82973A21C86
S21402D3A00AFB04F4500001FA00F003F1FF39029080
S21402D3B0019004F13844A3EB0903002B40F3FF80ED
S21402D3C00137022F65D9DB220D210020FBF720FF53
S21402D3D04FF080539449934A4B66059B934C03F057
S21402D3E0F00382F82433049B03F0F00382F8293317
S21402D3F0894A4FF40033C4F86CB1C4F86461A2F8E9
S21402D40086600026C2F88090C2F888B00B61834B13
S21402D410C3F8B4600C2392F885205A4302F13842CE
S21402D420166303F0D3FF334632464FF4807E276AF4
S21402D430D4F864C003F110010901615801F0030138
S21402D440012910D10EFA03F111EA0C0F0BD104EBED
S21402D4500316AF42D6F80C61C0F0D880B54202D2AD
S21402D460B74280F0D6800133082BE3D1704D2C688A
S21402D470012C40F2E3803AB16749B1F88E3013438B
S21402D480A1F88E30664B5A6607B0BDE8F04F03F03F
S21402D490A1BF4FF0000B604E96F885300AFB03F3EF
S21402D4A003F13843C3F830B003F090FF4FF08051D9
S21402D4B05D4B039059664FF0384396F885201B6AF9
S21402D4C000920AFB02F203F1010902F13842C2F8A5
S21402D4D03490534A02331167C4F830B0029A636339
S21402D4E0544B52485A61019AA3F580539A61836855
S21402D4F0DB0340F18880D6F88030B26FA9EB0303D5
S21402D500A3FB0221036B03F5807CF36FA1FB036090
S21402D510A2FB03E39B19ACFB03E640F100000CFB05
S21402D5200066B2EB0E0261EB0606120A42EA0662D9
S21402D5304244B2EB1C2F4FEA1C2603D3013340F1C0
S21402D5400000921B043E964228BF16463749324ACE
S21402D5508E6192F88D20D1F820C0EB18D2B2896B7A
S21402D56040F10000654584BF02F1FF32D2B2B1F14C
S21402D570FF3F0ED04FF0000E01F1010C99427EEBF8
S21402D580000B08D20132B3EB0C03D2B260F10000FA
S21402D590F4E70244D2B29B461F49244B02F0030230
S21402D5A081F88D20C3F820B00222009B03980AFB64
S21402D5B003F303F138431A63226303F00BFF4FF0C1
S21402D5C038431B6A009303F001FF1B490A6922F0E5
S21402D5D004020A6130BF4FF08051019B154A9361E5
S21402D5E002F5E03211670022102122630D4AC2F8CA
S21402D5F0841103F0EFFE0D4A009B526E12F0805F1C
S21402D6003FF4D9AEE4E64646AB46CDE7B542BFF4B4
S21402D61027AF11438AB226E7003E00B000800350CF
S21402D62000D001B800E100E000E001B800C001B897
S21402D63084280020002000B800ED00E011490B7895
S21402D640142B01BF0023104E0B7033700B7801337E
S21402D6500B70002A3FF418AF0C4EB6F88E30134308
S21402D660A6F88E300A4B5A66074A13780133DBB2A5
S21402D670022B13707FF408AF002301342C600B706A
S21402D680137001E7592C0020582C0020003E00B0F1
S21402D69000D001B8F8B50B46002213F8044B9442AA
S21402D6A025D91D68854224D106245A791D79124B44
S21402D6B088181E6804FB0503104F33F8063C7B43AC
S21402D6C0B3420ED900238A5A7A43964202D804FB02
S21402D6D00300F8BD9D42FAD9013304FB03F2825AD5
S21402D6E0F2E740F25F423D210020FBF791FD002069
S21402D6F0EFE708330132D2E71C29002040420F0030
S21402D70000202DE9F84FA2FB018BBD4EBD4F18EB52
S21402D710060699466BF10003B74270EB030307D285
S21402D72040F259220E21FBF773FD0220BDE8F88F66
S21402D730D9F814A00C461546BAF1000F04D0DAF850
S21402D7400030032B00F21D81AF4BB04A9F6BA3F54E
S21402D7508043D3F8EC30C7F314075900AC4B48BFEC
S21402D76047F400171B6ED2F8FCA05A074EBF4FF4C0
S21402D77040039B0503F0E0731F43A64BD3F8E43047
S21402D7809E0748BF47F0807747EA4567E5F780FD82
S21402D790012D0646C9D10028C7D09F4B984200F0FB
S21402D7A0FF8003F5122303F5F863984200F0FE802B
S21402D7B09A4B984200F07581002502462B460020BF
S21402D7C04FF0007101F0E2FE2B46013008FB03F336
S21402D7D0C7F3130100FB0B33A1FB0662A8FB008014
S21402D7E001FB0522034420339B09C9F80030F60CDE
S21402D7F08B4B46EA4236F8021C6058BF7642894B8B
S21402D800894D34441E602C60BAF1000F00F0B780D8
S21402D8100023F9018549C7F381528A5C194648BF3D
S21402D8206408002EB8BF764292066008C2FB060164
S21402D830224601F0ABFEDAF800600E2E08D9744BD1
S21402D840714A916BDA69D3F80C31D20600F1CF80B7
S21402D85017F4001714BFC42240F207127449C0F32B
S21402D8601300A1FB04C14FEA511102FB01F1C9F8F2
S21402D8700400DAF818004FF4FA73B1FBF0F118BF9F
S21402D880002701FB03F3A4FB02C2FA33A3FB00301A
S21402D89004FB07226345904138BF0131C9B241F407
S21402D8A0006CC9F808C000297ED0DAF81C00A1FB7B
S21402D8B000371CB1B4FA84F20E2A7EDDE203002F92
S21402D8C078D1B2FBF3F2530003FB0113A3FB0087EC
S21402D8D04FEA044EC6454FEA144474EB070709D3D1
S21402D8E04F003B44A0FB0381C64574EB010102F1E5
S21402D8F00102F6D2C2F30E024CEA023C4CF000637E
S21402D900062EC9F8083040F29980DAF83030002B3B
S21402D91000F094800023C9F80C30C9F81030E5F7FF
S21402D920B7FCDAF83010FFF7B5FE044618B1837874
S21402D930002B40F0D580E5F775FCDAF83010FFF7DB
S21402D940A9FE0446D8B18378CBB1407940F28B5217
S21402D950003818BF01203D21FBF75AFC207940F21F
S21402D9608C5200384FF03D0118BF0120FBF750FCE7
S21402D970237962791B0243EA0213C9F810300020A9
S21402D980D4E6042BDAF828707FF400AFF8014CBF17
S21402D9904FF4400307F0E07327F0E0771F43F5E605
S21402D9A0002324481D4611E70120BFE60023224833
S21402D9B01D460BE70B46002288E7C2F10F0E02F166
S21402D9C0110807FA08F823FA0EF343EA0803AEF141
S21402D9D0200827FA08F843EA080327FA0EFE01335E
S21402D9E04EF1000704FA02F2002FE3D169E701F4D0
S21402D9F0801103F40013194308BFC0F5801027E70F
S21402DA00006CCA88807C814A008001B8004F00B052
S21402DA10004001B8000002B800F04902005A620253
S21402DA2024290020202900201C290020F0CB0300F6
S21402DA30D34D62100A3BB2DF313641DCE5F728FCF3
S21402DA402C6894B3B4FA84F3D3F1020358BFDC40D3
S21402DA50354B9C4288BF6408C8B3B4FBF0F364211C
S21402DA6000FB134201FB02F2904203F1FF3253D84D
S21402DA705D085308013D1B0243EA0515C9F80C5020
S21402DA80E5F7D6FBE0B1B4FBF0F2642100FB1244EA
S21402DA9001FB04F4A0423DD8531E52085B08013A2B
S21402DAA068E7002321481D4690E66FF01F05002810
S21402DAB0E4D140F2DD422B210020FBF7A9FBDDE793
S21402DAC04FF4A0622B21FBF7A3FB621EE4E7631E62
S21402DAD0A51E5B086D08013B2D0245EA0315E8E723
S21402DAE040794FF4AE62003818BF01203D21FBF7A3
S21402DAF08FFB207940F27152003818BF01203D2179
S21402DB00FBF786FB237962791B0243EA0213C9F804
S21402DB100C3010E71446D8E79D1E6D085308013BEB
S21402DB202D0245EA0315A9E73FBE4025D694BFD687
S21402DB3010B5044686B059B9214B4168D3F8FC307B
S21402DB40827A2048059300686B46FFF7D9FD69463E
S21402DB501D4B0A685A631A4BD3F8FC3033B34B6832
S21402DB6043B11A4B1A4AC3F80C214A68A3F58053EC
S21402DB70C3F80C218B6843B1144B164AC3F8EC2049
S21402DB808A68A3F58053C3F8EC20134AC868D2F813
S21402DB90743123F4EE630343C2F87431D2F86C3165
S21402DBA0096923F4EE630B43C2F86C310020228924
S21402DBB00A4B9A6203F5A033186406B010BD00BF84
S21402DBC0004F00B028260020008001B8006001B88F
S21402DBD0FFFF0F00FFF8FF0F000002B8004000B87A
S21402DBE0064B9A6E920607D55B6E002B4FF4804367
S21402DBF0B4BF034A034AD364002070470080005033
S21402DC00002002B8001002B8064B1A6C9207FCD429
S21402DC10022240EA01205860034B1A640122034B99
S21402DC201A70704700C002B800D002B85A2C002002
S21402DC3040B10368012B05D90069034B002808BFD1
S21402DC401846704700487047F8CB0300064B586EDC
S21402DC505B6AC0F30112000C02FB000003F01F0314
S21402DC6001331844704700BF004001B8084BC11783
S21402DC701A68A2FB000302FB013310F1807043F125
S21402DC800003400E40EAC310803820EAE070704776
S21402DC902C2900200722194B70B5DA63FEF732FEF4
S21402DCA0174BC408010B0546E005C018154A41F19A
S21402DCB00001002301F06AFC134B144E186014484E
S21402DCC0FFF7D4FF4042C6F8DC0049F65800FFF7DB
S21402DCD0CDFFC6F8A8000F48FEF798FC024660B1D2
S21402DCE0E301500818184FEA15714FF0000341F18E
S21402DCF0000101F04BFCC6F8B40070BD000002B88B
S21402DD00B2E60E0065CD1D002C290020003F00B0B3
S21402DD107011010040420F002DE9F0470646084602
S21402DD209846FFF785FF1546074616B308F0020920
S21402DD3018F004081FD1B9F1000F1AD04FF47A7008
S21402DD4073685843002B40F08680FFF78FFF2863E6
S21402DD507369002B00F085804FF47A72B86802FB74
S21402DD600300A0F5FA50FFF781FFE862B8F1000F52
S21402DD7053D1BDE8F0873069002863D04FF47A7338
S21402DD805843BB68A0F57A60C01AFFF76FFFA86217
S21402DD90B08B002859D04FF47A735843BB68A0F56D
S21402DDA07A60C01AFFF762FFE861324BF468D3F874
S21402DDB000A0002C4CD04FF47A735C43BB68A4F5E9
S21402DDC07A64E41A7B68E41A2B4BE1171A68A2FB02
S21402DDD0044302FB013314F1807443F10003640E22
S21402DDE044EAC314803C254B2C62D3F8C430244C3E
S21402DDF06B6223684BB150460CF017FE28B12A46D8
S21402DE0039462368DAF87C009847B06900210CF09E
S21402DE1089FF6863B9F1000F90D1B06820BB47F262
S21402DE203050FFF723FF68614FF47A703368584327
S21402DE3023B13B6803F51C5310331844FFF716FF53
S21402DE40A86196E749F640409FE749F64040A9E7B1
S21402DE5049F64044B8E73B6803F51C5310331844B0
S21402DE6073E747F230507EE74FF47A735843A0F5D3
S21402DE70FA50D6E7282600202C290020003F00B0C2
S21402DE802829002008B9FFF7E1BE034881420CBFEB
S21402DE902F20BC20704700BF48E8010010B5084696
S21402DEA01C460CF08CFE094B0246D3F8FC00FFF72A
S21402DEB0BFFE4368A018002B054AA8BF4FF4FA72AB
S21402DEC01A44044B92FBF3F2104410BD004F00B00C
S21402DED00CFEFFFF18FCFFFF70B588B06D46124CB3
S21402DEE00FCC0FC594E80F0085E80F00B022002182
S21402DEF00E480CF0DFFF202200210D480CF0DAFF5E
S21402DF00D82200210B480CF0D5FF0CF00AFF0A4B72
S21402DF101B783BB16D46044E0FCD0FC695E80F0039
S21402DF2084E80F0008B070BDE03F00B0503F00B07C
S21402DF30E04F00B0783E00B04A2C00200A4B197819
S21402DF4001F0FF0229B10021197008499202C1F8B6
S21402DF500421597801F0FF0229B100215970930279
S21402DF60024AC2F8083170475B2C0020005000B805
S21402DF70064BD3F8EC0E064B5B6C1A0103D4054B2A
S21402DF809B6E1B0401D500F580707047003000B010
S21402DF90000002B8004000B808B503F017FA0E4BAE
S21402DFA01A78A2B90D4A126812F4843F0FD10C4AAD
S21402DFB01021D1641B7863B9084B1B68DB0508D4B3
S21402DFC0074B2022DA64BDE8084003F003BA054A8C
S21402DFD0EEE7044BF5E700BF5F2C0020E8110020B7
S21402DFE0002002B8001002B810B503F0EFF90E21B7
S21402DFF004460320FEF706FE40F20122034B2046AB
S21402E000BDE81040DA6203F0E5B900BF004000B890
S21402E0100022044B1A70044B197811B11A70FFF7DC
S21402E020BBBF70475E2C00205F2C002008B503F0B3
S21402E030CDF94FF00042264BC3F88020BFF34F8F36
S21402E040BFF36F8F0122C3F88420BFF34F8FBFF355
S21402E0506F8F0222C3F88420BFF34F8FBFF36F8FF8
S21402E0600422C3F88420BFF34F8FBFF36F8F0822BA
S21402E070C3F88420BFF34F8FBFF36F8F4FF0005269
S21402E080C3F88020BFF34F8FBFF36F8F1022C3F801
S21402E0908420BFF34F8FBFF36F8F2022C3F88420F4
S21402E0A0BFF34F8FBFF36F8F4022C3F88420BFF3B6
S21402E0B04F8FBFF36F8F4FF48062C3F88420BFF395
S21402E0C04F8FBFF36F8FBDE8084003F083B900BFE0
S21402E0D000E100E008B503F079F94FF000420A4B80
S21402E0E01A6001225A6004225A6008225A604FF0CF
S21402E0F000521A6010225A6020225A6040225A6049
S21402E100BDE8084003F066B900E100E0012370B5FF
S21402E110074C2370074B1E68074B3240D3E9005367
S21402E12019402840FBF7EEFC0023237070BD00BFA9
S21402E1305D2C002034290020E81100202DE9F0474C
S21402E140DDF820A003EA0108099B06460D4602EA0E
S21402E150000703EA0A09BAF1000F40F05C81031FC8
S21402E1600B4300F01C81052871F1000380F0F28059
S21402E17050EA010300F07281431E0B4300F0328125
S21402E180FFF754FFB64AD2E9004323EA050324EA1E
S21402E19006043C4343EA0807B24BC2E900471E683E
S21402E1A026EA0A0646EA09061E60FFF7F5FE14F09E
S21402E1B02A4F14BF48F202034FF40043AA4AB0079C
S21402E1C0D26EAA4848BF43F4005383EA020122EA09
S21402E1D00302C266A64A0B408166D366C4F3804237
S21402E1E01203210348BF42F48072E30648BF42F49A
S21402E1F00052A04BA50648BF42F400726006D3F850
S21402E2000C3248BF42F48062210648BF42F40062E4
S21402E210994882EA030123EA0203C0F80C32974BBC
S21402E2200A40C0F80812C3F80C22BA0507F40073B5
S21402E23000F11081924A1D46D2F8A41002F500524F
S21402E240C2F8A410C2F8A0104FF05022C2F8A430B0
S21402E2508C4ADFF86C8282F88830E30448BF45F4C3
S21402E2608035A00348BF45F48015A10748BF45F492
S21402E270001514F4001F06D0D8F800000CF079FD43
S21402E28008B945F40025E20248BF45F40035FB060E
S21402E2907D4B48BF45F480051A6A7C4985EA02032D
S21402E2A023F001031A400A621D40CB61784B16F038
S21402E2B0010F1D62774B784A18BF1A46774B7D07C7
S21402E2C01B6F48BF42F00062754882EA030123EAE8
S21402E2D002030367734B0A4041661A67724A04F0E8
S21402E2E00103916CA0F5803081EA030221EA030162
S21402E2F0816442641A406D4B20029A64D8F800206A
S21402E30048BF6B4B92F81D2158BF6A4B610748BF46
S21402E31043F4806322B114F4C06F18BF43F48073D1
S21402E32032074FF03A42BDE8F047D2F8181148BF1C
S21402E33043F0004383EA010222F4A0225E48114021
S21402E340C0F818111340C0F814215C4AC2F81831FC
S21402E350FFF7C0BEA0F580630B4306D020F48063AF
S21402E360A3F500730B437FF40BAF03F02FF83C4981
S21402E370D1E9003223EA060322EA050242EA08024B
S21402E3803B43C1E900324E4A126892F81D114A4ACE
S21402E39009B313F4C06F1ED04FF4807311E003F07C
S21402E3A015F82F4AD2E9003123F004033B4341EA31
S21402E3B0080157EA0807C2E900314FF480633E4A73
S21402E3C00BD0C2F81431A2F58052C2F81831BDE85B
S21402E3D0F04702F0FFBF4FF48073C2F81831C2F85C
S21402E3E01431F4E702F0F2FF1D4AD2E9003123F0BD
S21402E3F001033B4341EA0801C2E900310123314AE5
S21402E40057EA08071BBF5364A2F5805293649364CD
S21402E41008BF5364DBE750EA01037FF4B1AEBAF1FA
S21402E420010F7FF4ADAE02F0D1FF0E4A136823F05F
S21402E430010343EA090313604FF48063184AB9F1F3
S21402E440000F04D05366A2F580521367BFE7136726
S21402E4505366BCE701234FF48025F9E6BDE8F08752
S21402E460E811002034290020004000B8006000B8FF
S21402E470005000B8004001B8006001B8005001B872
S21402E48000400050003F00B0000002B8002002B872
S21402E490001002B8041C00030418000300C001B8F0
S21402E4A000E001B800D001B800C000B800D000B843
S21402E4B00D0A0A09090A0A09002000BA001000BA61
S21402E4C02826002000E000B8024B5868C0F3C000BF
S21402E4D0704700BFE8110020024B186800F00100E8
S21402E4E0704700BFE8110020024B5868C0F3C030E6
S21402E4F0704700BFE811002010B50446FEF7CEF9BB
S21402E500FFF794FD04F18000FDF790F9FEF75CF941
S21402E510FDF752FEFDF7BEFEFFF7BCFB13490723CD
S21402E520134AD1F8FC1004F1D800FFF7F5FB4FF0C0
S21402E53080710020FEF70EF84FF000720D4B4FF47C
S21402E54000110120C3F80021FEF704F8FEF73EFC96
S21402E55020B940F2E7221421FAF75AFE0CF0DFFB4C
S21402E560BDE810400120FDF71DBD00BF004F00B002
S21402E570A43F00B000D001B88022074B1A640822DC
S21402E58003F580531A64054AD2F8C43E23F02003EA
S21402E590C2F8C43E704700BF001002B8003000B098
S21402E5A008B502F013FFFFF7E7FF0122024B1A61DC
S21402E5B0BDE8084002F00EBF000002B8F0B583B016
S21402E5C014460646FFF70CFBFCF776FC002800F024
S21402E5D09780524B5D6915F0060540F0918002F077
S21402E5E0F5FE23790746022B00953ED1237B022BAC
S21402E5F035D00320FDF7A4FF18B9494BDB685B044E
S21402E6007BD5A37B257B003B18BF0123A268454927
S21402E610012D01920B705ED00023434A434C1370C7
S21402E6202278002A62D10420FDF766FE04203B4EC3
S21402E6302A46736F0DEB000123F0F85323F4F81308
S21402E64043F0506343F4803373670223FDF772FE90
S21402E65000285CD001213022354B2170DA6438461E
S21402E66002F0B8FE002003B0F0BD0320FDF768FFFD
S21402E670002842D12279D6F8E030012A226839D021
S21402E680D51A0021254B2B4A00955A679967637B5A
S21402E690294A8B4214BF0B4601231370274B274A85
S21402E6A0D3F8C43E4FF003000CBF43F0200323F020
S21402E6B02003C2F8C43EFDF71FFE184B204A032073
S21402E6C05A67694601232279FDF734FED0B101224A
S21402E6D01C4B1A708AE72379022B9DD0009BD6F832
S21402E6E0E01000250B441344019395E72370FFF7CF
S21402E6F053FC98E79A42C4D3C2E7384602F06AFE51
S21402E7000320B0E7384602F065FE0120ABE703209F
S21402E710FDF7F2FD074B38467367EFE700C001B816
S21402E720000002B8612C00205E2C00205F2C002026
S21402E730001002B800000101602C0020003000B07A
S21402E740010C0100622C00202DE9F34100240D4645
S21402E750074602F03BFE1B4BDFF874801C70FFF787
S21402E7600BFF194B0646C8F87430C8F8784068792B
S21402E770431E58425841FCF741F840F60143C8F898
S21402E78078302A792968012AD7F8E83001D19942E7
S21402E79000D3CC1A042303200DEB03010194FDF7EA
S21402E7A0C9FD48B98822094B30461A6402F012FEA7
S21402E7B0012002B0BDE8F081304602F00BFE0020D8
S21402E7C0F7E700BF622C002000000101002002B81B
S21402E7D000C001B8F8B5194C0546207840F206424A
S21402E7E0B0FA80F03E214009FAF712FD55B960787A
S21402E7F040F20642BDE8F840B0FA80F03E214009F9
S21402E800FAF706BD4FF440660D4F0E4DD7F80431A9
S21402E81040F20642C3F381232370C5F80461607890
S21402E8203E21B0FA80F04009FAF7F2FCD7F8083138
S21402E830C3F381236370C5F80861F8BD5B2C002022
S21402E840004000B8006000B8F8B5084C084D236CCC
S21402E8500423084F2B64236C5B0300D4F8BD042604
S21402E86002203E640CF0BAF92E64F4E7000002B807
S21402E870001002B8002002B8A82238B51A4B1D6C48
S21402E88003F500531A6410229A60A3F5804302F13E
S21402E89000521A675A66FFF751FB144B1B7813B9DE
S21402E8A00320FDF729FD0024114B9C67FFF7CCFFE0
S21402E8B0104A114BD2F8EC1E0B40C2F8EC3E042272
S21402E8C00E4B1A640E4BAA06C3F8CC4008D503F5C5
S21402E8D080739B6FB3F5817F22BF8022024B1A6141
S21402E8E0BDE83840FCF7A0B9000002B8622C002050
S21402E8F000C001B8003000B0DF0000FF002002B800
S21402E900003E00B010B528B979B94FF4C062154B75
S21402E910DA6210BD49B9144BDB681B0E13F00E0FFA
S21402E920F3D1124B1B6CD907EFD4FFF75DFB0E4CED
S21402E9300020FEF70FFA032801D0092805D1A36AA2
S21402E940DA07F5D4636CDB03F2D4FFF77DFF01220E
S21402E950074B5A6102229A62042203F580531A6414
S21402E960D3E700BF006001B8000002B800C002B8DA
S21402E970001002B808B503210920FEF743F9202249
S21402E980014B1A6108BD00BF000002B80D4A10B55F
S21402E990D2F8A030D2F8A4100B40B3F1804F0CD3BB
S21402E9A04FF040400849094CC1F8A400D467C1F8AA
S21402E9B0A0004FF48021064AD161034AC2F8A03073
S21402E9C010BD00BF00400050006000500000FF0174
S21402E9D0001002B838B5054602F0F8FC0446FCF70B
S21402E9E0DFFE35B1FFF714FB2046BDE8384002F0E3
S21402E9F0F1BC084B1B78002BF6D0074B1D78002D78
S21402EA00F2D1FFF705FB2A464FF480400021FFF7BC
S21402EA107DFBE9E75E2C00205D2C00202DE9F84FF7
S21402EA205A4B06460D4614461B6C002A40F0AB8035
S21402EA3013F0A00F14BF4FF001094FF00009FCF7C6
S21402EA40F3F8A0234FF0000ADFF85C810320C8F831
S21402EA504030FDF751FC0420FDF74EFC4C4FFFF70B
S21402EA60D7FA4C4B4FF0040B7B67C7F878A0FFF73A
S21402EA70EBFE494B4FF48071D3F8C42E42F02002CD
S21402EA80C3F8C42EFF22C8F80820404A1161D3F802
S21402EA90EC2E42491140C3F8EC1EC8F840B0C3F849
S21402EAA0CCAE7B6913F0060F04D0FDF791FD5846F5
S21402EAB0FDF722FCB9F1000F08D04FF40062384B84
S21402EAC01A644FF40042A3F5E0339A6666B1354BFA
S21402EAD0DB6C180701D4FFF787FAFFF74BFF042019
S21402EAE0FDF70AFCFFF72AFA284B5A69D10748D5E0
S21402EAF0DA6812F0706FFBD12B4B2C4A1A642C4A40
S21402EB00936E23F0F003936615B12046FFF762FF7B
S21402EB10284BD3F84C315A1C01D05B0002D5012297
S21402EB20214B5A616CB31F4BDA6E03F500539A669B
S21402EB3003F5D0331B6A1C4A23F00103D3611E4B34
S21402EB40D3F80C1203F50053C3F8081203F500536A
S21402EB50D3F8841003F5005399674FF03A43D3F87D
S21402EB60181103F50053C3F81411144B996C03F5EE
S21402EB7000535964124903F5803359664FF6084329
S21402EB801364BDE8F88F4FF0000958E7000002B89A
S21402EB9000C001B800000101003000B0DF0000FF35
S21402EBA0001002B8004000B8002002B81000300082
S21402EBB0003F00B00080E00F004001B800C000B87F
S21402EBC05000002F9D4B2DE9F04F9F6EDB6E85B0F7
S21402EBD01F409B4B9F664FF03A43D3F81451D3F82D
S21402EBE018311D40974BC3F81451974BD3F808229F
S21402EBF0D3F80C3202EA0309944BC3F8089203F5E1
S21402EC002043DA691B6A02EA0308914B914A08EA32
S21402EC100303D361904BD3F80422D20605D4D3F86B
S21402EC200431C3F30016DB0652D502F0CFFB8B4B42
S21402EC305A695E6E1B6F12F0060F06EA0306884AD2
S21402EC4026F0007314BF4FF0010A4FF0000A23F4B7
S21402EC5000637407536606D5824A92F88D300133F4
S21402EC60DBB282F88D3002F0B5FB002F00F0E380B5
S21402EC7017F4004300F0D48002F0A8FB0146FFF729
S21402EC8077F90446DFF8D4B1DBF82020DBF8203031
S21402EC909A42FBD0DBF820209342FBD0FFF768F9BC
S21402ECA0A04217D1084602F095FB6F4B1C606F4BD3
S21402ECB0D3F840B01BF4E0520ED124F07F4424F087
S21402ECC0DF040CB9FFF7D8FD4FF0807B002414E078
S21402ECD0B246CAE70446D7E70192FFF7CDFD5D4B81
S21402ECE0019A1BF480541A6440F09C801BF4806FD7
S21402ECF00CBF4FF0805B4FF0806BB80715D55B4AB0
S21402ED005448126C02F460410164002900F08D80C0
S21402ED10110400F18D8012F4005F0CBF4FF0005218
S21402ED204FF0006200244BEA020BC7F340377F0025
S21402ED304F4A2A40002A4BD015F4206F0AD040F6DC
S21402ED40050206210020FAF763FA0020FFF742FECA
S21402ED5025F48025EB0506D5FF213E4A4BF4C06B11
S21402ED609160FFF741F915F0090F0BD040F61A0231
S21402ED7008210020FAF74CFAFFF7FCFD4FF03A4262
S21402ED800121516315F0106F0CD040F623020921C1
S21402ED900020FAF73DFAFFF7EDFD00221146104675
S21402EDA0FCF7D2FC15F4202F0AD040F62B020721DE
S21402EDB00020FAF72DFA0020FFF70CFE25F4802536
S21402EDC0E80301D5FCF72CFE002DB8BF47F0080774
S21402EDD069070ED54FF03A42126B12F4005F4FF4F9
S21402EDE0005217BF174923490A634BF4000B08BFAA
S21402EDF00A636A0548BF4BF0040B15F4802301939F
S21402EE0000F0A180FCF7CAFD0138062834D8DFE8F6
S21402EE1010F017011A0117011D0120012301230119
S21402EE209B4653E74FF0804B50E74FF0007279E76E
S21402EE304FF0004276E7BB463C4679E7004000B812
S21402EE40006000B8002000BA004001B8006001B8B7
S21402EE500000F7FF002002B800E100E000C001B8A1
S21402EE6000E001B8003E00B030290020000002B8E1
S21402EE70090B0B89001000BA40F65C020321002041
S21402EE80FAF7C6F94FF03A400121D0F88C20D0F8B4
S21402EE90AC3002F00702063201FA02F2C3F30C0C9F
S21402EEA0A2EB0C0292B2072A12D9754A126C5302CE
S21402EEB00ED4744BC26CC06E5B6D5BB102F007027F
S21402EEC006329140C0F30C00091A89B2072901D80C
S21402EED04BF4007B6C4A1278002A34D04FF03A4248
S21402EEE0D2F8142112F4A02F2DD1684A684912785C
S21402EEF09AB9F20411D40A787AB14FEADB0265486D
S21402EF0042EA447282F00102D0F8EC0E02F00102EC
S21402EF10520020FA02F2930715D10420FDF7ECF90D
S21402EF205D4A5E485067FFF773F859490A7832B966
S21402EF305B4A5C4912680BEA02020A4201D14BF4B0
S21402EF40804B26F48056B9F1000F1DD019F4805F6D
S21402EF5018BF4BF4802B19F4807F18BF4BF4002B9C
S21402EF6019F4005F18BF4BF0100B19F4007F18BF9E
S21402EF704BF0200B19F4806F18BF4BF0400B19F4BE
S21402EF80006F18BF4BF0800BB8F1000F3AD018F4A0
S21402EF90802F18BF44F4007418F4803F18BF4BF457
S21402EFA0805B18F4801F18BF4BF4003B18F4001F58
S21402EFB018BF4BF0020B18F4003F18BF4BF4801B2F
S21402EFC018F4800F18BF44F0100418F4002F19D05C
S21402EFD0304AD2F8C42E12F0C00F13D02849CA689D
S21402EFE0C2F30362032A01D0072A05D14A6CD0066F
S21402EFF002D48A6C110732D54FF400212A4A28F42B
S21402F0000028D161002E00F01581320540F187807C
S21402F0102648DFF88490C2782549002A4ED04FF45D
S21402F0200063013AD2B24B66C27032B9214A1278F4
S21402F030C2B140F60141204A5167002200216BE02E
S21402F0404BF4803B1EE74BF4006B1BE74BF4806BE4
S21402F05018E74BF4807B15E74BF0080B12E74BF4EE
S21402F060001BCFE7D9F8782012F4A05F15BF4FF443
S21402F070807240F60142C9F85820C9F87820DCE7C9
S21402F080000002B8004000B85F2C00205E2C002072
S21402F090602C0020003000B000C001B80000010162
S21402F0A0E8110020088D0100002002B84F2C002035
S21402F0B000E001B8622C002000D001B80320FDF762
S21402F0C01BF9D9F81420A34B12F0060F04BF41F621
S21402F0D01F72A149A14808BF4A674FF400619E4AC1
S21402F0E05166D9F8142012F0060208BFC9F8782033
S21402F0F0B3F88E2012F400615DD022F40062A3F809
S21402F1008E20027802F0FF09002A58D1FDF760FA35
S21402F110FFF7B2FB4A4620214BEA020B0C43B30030
S21402F12009D52E20FDF724F84FF000518A4A44F004
S21402F130080411675166F00606D52B20FDF718F86D
S21402F1401021854A1167516616F0306F05D1F10419
S21402F1505DD5BAF1000F00F0A780320111D5292043
S21402F160FDF706F8FFF7B0F948B17D4A7D487A49BF
S21402F1704A66026700F54050C068430422D444F051
S21402F180040416F0007A28D00420FDF7B5F82720EC
S21402F190FCF7EEFFFFF770FB4FF000716E4A516608
S21402F1A0714AD2F8EC1E490678D4704A0221916060
S21402F1B044F0020428E002784FF40052ACE74FF421
S21402F1C000423BE70A6720204A66FCF7D1FF2D2063
S21402F1D044F00C04FCF7CCFFD3E716F0807FDFF890
S21402F1E0909146D00420FDF787F82820FCF7C0FF50
S21402F1F0D9F87820002A39D1FFF73EFB564A5849FB
S21402F20044F00104116751660021594A916532049F
S21402F21005D5584A126890474BEA000B0C43730513
S21402F22008D555498A78002A00F08E80013A8A70FD
S21402F230002217433A4658462146FEF767FF019BCF
S21402F2400BB1FCF7DFFB01224C4B05F00435C3F88B
S21402F25014514B4B18F4002FC3F884211EBF4FF4F1
S21402F2600022424BDA6105B0BDE8F08FC9F878A0FB
S21402F270C4E7F004C8D50420FDF73EF8414AC9F8B1
S21402F2807420FDF7A5F9D9F8642012F0407FBBD1AF
S21402F2902A20FCF76DFFFFF7EFFA81E7D2F8C42EBB
S21402F2A0930685D4384A81E733490A7952B1013A3E
S21402F2B0D2B20A7112B92B4A3449516700224BEA7C
S21402F2C0020BA4E70420FDF717F80320FDF714F855
S21402F2D0274A2C49516702F079F881460DF10F0052
S21402F2E0FDF738FD2A4A824612780AB1FEF77CFEFE
S21402F2F0BAF1030F0ED1DFF8A0A00020FDF72AFD19
S21402F300032807D1DAF82820D007F6D4DAF8442002
S21402F310D103F2D49DF80F20032A06D101211D4AFB
S21402F3204846117002F056F8C8E74FF03A42D2F853
S21402F330142112F4A02FF1D1FEF76AFE484602F01D
S21402F34049F84FF48042BAE70220FCF7D5FF0122C3
S21402F3506FE700BF003E00B000E001B8622C00205C
S21402F3601000002000D001B8003000B0002002B823
S21402F37000C001B8F00B00204F2C0020002000BA7D
S21402F38000E100E000000101001002B80000010DDB
S21402F390612C00205E2C0020000002B80122024BE5
S21402F3A01A62DA61704700BF002002B8074A08B541
S21402F3B0D369116A0B40064998B2DB07C86104D5C7
S21402F3C0D068C0F30360FFF7E9FF08BD000002B88B
S21402F3D0002002B80C4A08B5536C926C13400B4AD4
S21402F3E05364DB070FD50A4B4FF42A6218781221B2
S21402F3F000F00100F9F70CFFBDE8084000220120EA
S21402F4000021FEF783BE08BD00C000B800E000B8C9
S21402F410E8110020184B70B51C6C5A6C1440174A41
S21402F42024F002011164E10705D540F6E722002028
S21402F4301968F9F7EDFEA2071CD502220F4B1A64D3
S21402F440A3F500535B68DBB2A3B9FDF78FF8044659
S21402F4500D460B4ED6F8F433DB060BD5FDF786F8D1
S21402F46002460B4620462946FCF734FF652871F112
S21402F4700001EFD370BD00BF008002B800A002B842
S21402F480000002B870B580260A4C0B4DD4F88430C2
S21402F490DB070AD4A36FD4F884201340074A936785
S21402F4A070BDFFF7B7FFC5F88461D5F804311A06B8
S21402F4B0F7D4EBE7008001B800E100E000A001B855
S21402F4C070B514460D4601F081FF064BD3F8C46EA4
S21402F4D074402C407440C3F8C44E01F07BFF06EA29
S21402F4E0050070BD003000B0034BD3F8C43E99430C
S21402F4F00CBF012000207047003000B01E4BD3F82E
S21402F500C43E13F001001ED01C4B93F848001C4A60
S21402F51040F08073C2F8CC304FF480131949C1F81A
S21402F520B430A1F58051C1F8B830D2F80C31DBB254
S21402F530FF2B1FD0984294BF0020012040F6D33202
S21402F5403C21F9F765BE1A06E1D40F4A92F8471134
S21402F55021B1DB0602D592F84401D8E74FF48012B7
S21402F5600020084B0649C3F8B820C1F8CC00C3F8FF
S21402F570B42070470120E1E7003000B0003F00B041
S21402F580004000B8006000B8003E00B053B94AB967
S21402F590002908BF00281CBF4FF0FF314FF0FF3094
S21402F5A000F082B9ADF1080C6DE904CE00F006F861
S21402F5B0DDF804E0DDE9022304B070472DE9F04FE0
S21402F5C0099D0C46002B4DD18A420F46844696462C
S21402F5D0B2FA82F360D94BB102FA03FEC3F12002FB
S21402F5E09F4000FA03FC20FA02F217434FEA1E4637
S21402F5F01FFA8EF44FEA1C42B7FBF6F106FB1177B0
S21402F60001FB04F042EA0742904208D91EEB0202CE
S21402F61001F1FF3702D2904200F231813946121AC6
S21402F6201FFA8CFCB2FBF6F006FB102200FB04F479
S21402F6304CEA024C644508D91EEB0C0C00F1FF3272
S21402F64002D2644500F21E81104640EA0140ACEB4D
S21402F650040C002125B12CFA03F30022C5E900327E
S21402F660BDE8F08F8B4205D90DB1C5E90001002136
S21402F6700846F5E7B3FA83F100294DD1A342C0F05C
S21402F680F380904280F0F080064623460846002D1E
S21402F690E6D0C5E90063E3E7002B40F0A3808A1AB0
S21402F6A04FEA1E471FFA8EF60121B2FBF7F407FB5C
S21402F6B014204FEA1C4242EA004206FB04F0904243
S21402F6C00FD91EEB020204F1FF382CBF4FF00109DE
S21402F6D04FF00009904203D9B9F1000F00F0CC8038
S21402F6E04446121A1FFA8CFCB2FBF7F007FB1022F4
S21402F6F000FB06F64CEA024C664508D91EEB0C0CDB
S21402F70000F1FF3202D2664500F2B3801046ACEB3F
S21402F710060C40EA04409DE7C1F120068B4004FA3D
S21402F72001FE22FA06F720FA06FCF4408A401F433E
S21402F7304EEA0C0300FA01FE4FEA17484FEA134955
S21402F7401FFA87FCB4FBF8F008FB104449EA0444AD
S21402F75000FB0CF9A1450ED93C1900F1FF3A2CBF6B
S21402F7604FF0010B4FF0000BA14503D9BBF1000F80
S21402F77000F08B805046A4EB09041FFA83F9B4FB11
S21402F780F8F308FB134403FB0CFC49EA0444A445C3
S21402F79006D93C1903F1FF3801D2A4457BD843466B
S21402F7A043EA0040A4EB0C04A0FB02984445CC4676
S21402F7B0434602D306D1CE4504D20138B9EB020C39
S21402F7C068EB0703002D6CD0BEEB0C0264EB03045F
S21402F7D022FA01F304FA06F6CC4000211E43C5E9DC
S21402F7E000643DE702FA03FEC3F1200104FA03F2C5
S21402F7F000FA03FCCC404FEA1E4720FA01F11FFA3A
S21402F8008EF6B4FBF7F00A4307FB1044110C41EAEC
S21402F810044100FB06F48C420ED91EEB010100F1F6
S21402F820FF382CBF4FF001094FF000098C4202D975
S21402F830B9F1000F2CD04046091B92B2B1FBF7F487
S21402F84007FB141142EA014204FB06F1914207D972
S21402F8501EEB020204F1FF3801D291421ED8444642
S21402F860521A44EA004120E7861A64EB0303012099
S21402F8700DE7F44402384AE7023C724431E70239A3
S21402F8807244CCE6F4440238DFE602383C4472E7BF
S21402F89002387144D0E7023B3C4481E7023C7244A2
S21402F8A0DEE72946DCE600BF704700BF024B0A4689
S21402F8B0014618680BF05FBA200C002008B5064B0C
S21402F8C0044613B10021AFF30080044B1B6803B15A
S21402F8D09847204602F0DCFA00000000782A002052
S21402F8E0024B0146186800F02DB800BF200C00201D
S21402F8F0024B0146186800F085BA00BF200C0020B3
S21402F90070B50F4E0C460546316811B900F034FA50
S21402F91030602146284600F02FFA431C03D14FF0F0
S21402F920FF34204670BDC41C24F00304A042F8D065
S21402F930211A284600F020FA0130F2D1EFE700BF84
S21402F940382900202DE9F041CD1C064625F0030596
S21402F95008350C2D38BF0C25002D01DBA94204D931
S21402F9600C2333600020BDE8F081314F00F062F8CE
S21402F9703B681C4644BB29463046FFF7C1FF431C82
S21402F980044650D13C682146002941D1002C44D07F
S21402F9902368304604EB030800F0EEF980453CD1BC
S21402F9A0216830466D1A2946FFF7AAFF013034D087
S21402F9B023682B4423603B68002B36D05A68A24249
S21402F9C029D100225A600EE02268521B1DD40B2A4F
S21402F9D016D96119A342256018BF5960636808BF2B
S21402F9E0396062514B60304600F02AF804F10B0091
S21402F9F0231D20F00700C21AB5D01B1AA350B2E787
S21402FA00A3426268DED13A60EDE723466468B1E756
S21402FA100C464968B8E71346CEE70C2330463360F7
S21402FA2000F00EF89EE70560DDE75B60FFDE00BFD4
S21402FA303C29002001480BF046BA00BF632C002088
S21402FA4001480BF041BA00BF632C0020002310B51A
S21402FA5004468360818119464366C2810822836117
S21402FA60C0E90033C0E904335C300BF023FA0D4BD7
S21402FA70246263620C4BA3620C4BE3620C4B23635F
S21402FA800C4B9C4206D003F16802944202D0D0335B
S21402FA909C4205D104F15800BDE810400BF012BAA2
S21402FAA010BD00BFDBAD0300FDAD030035AE0300A5
S21402FAB059AE030040290020024A034903480BF0CE
S21402FAC06EB900BF140C002021B10300240C0020E4
S21402FAD041680C4B994210B5044601D00BF020FB4E
S21402FAE0A168094B994202D020460BF019FBE16847
S21402FAF0064B994204D02046BDE810400BF010BBDE
S21402FB0010BD00BF40290020A8290020102A00208E
S21402FB1010B50B4B04210B4C0B4A20461A600022F0
S21402FB20FFF794FF04F1680001220921FFF78EFF18
S21402FB3004F1D00002221221BDE81040FFF786BF72
S21402FB40782A002040290020B9FA020001480BF06A
S21402FB50BAB900BF642C002001480BF0B5B900BF4B
S21402FB60642C002010B50446FFF7F0FF236A1BB191
S21402FB70BDE81040FFF7F0BF044B2362044B1B683E
S21402FB80002BF5D1FFF7C4FFF2E700BFD1FA02005F
S21402FB90782A00202DE9F7431D46574B04460E46A9
S21402FBA01F68904627B13B6A13B93846FFF7DAFF5B
S21402FBB0B8F1020F06D0B8F1010F00F29980002DBD
S21402FBC0C0F29680636ED90705D4A3899A0502D43B
S21402FBD0A06D0BF078F9214638460BF0A1FA616B5E
S21402FBE041B104F14403994202D0384600F00AF9C2
S21402FBF0002363630023A3616360A3891B0603D506
S21402FC002169384600F0FEF8A389B8F1020F23F402
S21402FC104A6323F00303A38160D001AB6A46214600
S21402FC2038460BF0A5FAA3891843A0812DBB009D88
S21402FC302846FFF755FE0646002851D1DDF800900B
S21402FC40A9453FD14FF0FF35B4F90C3043F002021C
S21402FC50A2810022A26004F14702226022610122F0
S21402FC606261626ED60704D4980502D4A06D0BF0CA
S21402FC702BF9284603B0BDE8F083002ED8D03B6AA5
S21402FC8013B93846FFF76EFFB8F1010F266002BFC0
S21402FC90A38943F00103A381B4F90C3013F00802E0
S21402FCA0C4E904651ED0D90745BF00226D42A5608F
S21402FCB0A26048BFA561626ED20701D49B0513D528
S21402FCC00025D6E74846FFF70BFE06460028B9D0C1
S21402FCD0A3894D4643F08003A381D0E70025B3E70E
S21402FCE0A946F5E7A260E6E7A06D0BF0EDF8E7E7B8
S21402FCF04FF0FF35BDE700BF200C00200B4603493E
S21402FD0002460868816800F0C7B800BF200C0020D1
S21402FD1038B50023054D044608462B6002F0B6F8B7
S21402FD20431C02D12B6803B1236038BD7C2A002015
S21402FD3038B50446064D0846114600222A601A4681
S21402FD4002F0AEF8431C02D12B6803B1236038BD23
S21402FD507C2A002038B50446064D08461146002285
S21402FD602A601A4602F09EF8431C02D12B6803B1A1
S21402FD70236038BD7C2A002038B50023054D044692
S21402FD8008462B60E3F7DCFA431C02D12B6803B16A
S21402FD90236038BD7C2A002038B50446064D084646
S21402FDA0114600222A601A4602F08AF8431C02D143
S21402FDB02B6803B1236038BD7C2A002070B50D4D38
S21402FDC000260D4C641BA410A64209D10B4D00263A
S21402FDD00B4C0BF0A5FF641BA410A64205D170BD08
S21402FDE055F8043B01369847EEE755F8043B0136D2
S21402FDF09847F2E7180F0020180F0020180F00206F
S21402FE001C0F002038B50546002941D051F8043CA5
S21402FE100C1F002BB8BFE418FFF70CFE1D4A136830
S21402FE2033B9636014602846BDE83840FFF708BE61
S21402FE30A34208D9206821188B4201BF19685B6863
S21402FE4009182160EDE71A465B680BB1A342FAD99E
S21402FE5011685018A0420BD1206801445018116056
S21402FE608342E0D118685B68084453601060DAE7A2
S21402FE7002D90C232B60D6E7206821188B4202BFDA
S21402FE8019685B680918636008BF21605460CAE796
S21402FE9038BD00BF3C2900202DE9F04F0D469DB02D
S21402FEA014469846064618B1036A0BB9FFF75AFE7F
S21402FEB06B6ED90705D4AB899A0502D4A86D0BF0F0
S21402FEC002F8AB891B0701D52B699BB92946304638
S21402FED000F026FA70B16B6EDC0704D54FF0FF30E7
S21402FEE01DB0BDE8F08FAB899805F7D4A86D0AF06F
S21402FEF0EBFFF3E70023CDF80C804FF00109DFF8A3
S21402FF00B481099320238DF8293030238DF82A30C6
S21402FF1023469A4613F8012B0AB1252AF9D1BAEBE1
S21402FF20040B0BD05B462246294630460AF0F1FF08
S21402FF30013000F0A780099A5A4409929AF80030D4
S21402FF40002B00F09F8000234FF0FF320AF1010AD7
S21402FF50049307938DF853301A93CDE9052354463C
S21402FF600522544814F8011B0BF0A1F9049AD8B9DB
S21402FF70D10644BF20238DF85330130744BF2B23EA
S21402FF808DF853309AF800302A2B15D0079A54462B
S21402FF9000204FF00A0C214611F8013B303B092B9A
S21402FFA04BD9B0B1079214E0A0EB0803A24609FAB7
S21402FFB003F313430493D2E7039B191D1B68002B1C
S21402FFC00391BBBF5B4242F0020207930793B8BF9E
S21402FFD0049223782E2B0AD163782A2B32D1039BE4
S21402FFE002341A1D1B6843EAE37303920593DFF893
S21402FFF0D4A00322217850460BF059F938B1A0EB71
S2140300000A004022049B013482401343049314F8ED
S214030010011B062228488DF828100BF048F9002803
S2140300203FD0264B1BBB039B073323F00703083342
S2140300300393099B3B4409936AE70CFB02320C4685
S2140300400120A8E7002301344FF00A0C1946059354
S214030050204610F8012B303A092A03D9002BC6D0C4
S2140300600591C4E70CFB012104460123F0E703AB2B
S2140300702A4604A930460093114BAFF30080074687
S214030080781CD6D16B6ED90705D4AB899A0502D4F2
S214030090A86D0AF019FFAB895B063FF51FAF0998F9
S2140300A01EE703AB2A4604A930460093044B00F030
S2140300B00BF8E4E70A0C0400140C0400000000002C
S2140300C013AF0300100C04002DE9FF470F7E914683
S2140300D080460C46782F9A460C9E01F1430207D8B9
S2140300E0622F0AD8002F00F0DD80582F00F0C3805F
S2140300F004F1420684F842703AE0A7F16303152B35
S214030100F6D801A151F823F061010300750103003D
S214030110F1000300F1000300F1000300F100030007
S21403012075010300F1000300F1000300F100030072
S214030130F10003008B0203000302030043020300E3
S214030140F1000300F1000300AD020300F100030019
S21403015003020300F1000300F10003004B02030057
S21403016033681A1D1B68326004F1420684F8423075
S2140301700123A8E031682368081D30601E0601D5F8
S2140301800D6803E05D06FBD5B1F90050002D6168EC
S21403019078DA2D200029A16084F843002DDA6D4219
S2140301A05D480A231646B5FBF3F103FB1157C75DFB
S2140301B006F8017D2F460D46BB42F4D9082B0BD11A
S2140301C02368DF0708D5236961689942DEBF3023B9
S2140301D006F8013C06F1FF36921B22614B4603AA42
S2140301E021464046CDF800A00AF0A5FE01306FD1A7
S2140301F04FF0FF3004B0BDE8F08723F0040323601C
S214030200CDE721683368080653F8045B02D4490631
S21403021048BFADB26F2F33603F4814BF0A2308238D
S214030220002184F843106668002EA660BADB2168B6
S21403023021F004012160002DB4D1002EB2D1164660
S214030240BCE7236843F020032360782733482368FA
S21403025084F845701F06316851F8045B02D45F06C4
S21403026048BFADB23160D90744BF43F020032360D3
S2140302701DB11023D4E72848E9E7236823F02003B9
S2140302802360F6E724480A23CDE733682568181D5C
S214030290616930602E061B6801D5196002E06806A6
S2140302A0FBD5198000231646236197E733680021A0
S2140302B01A1D32601E68626830460AF0F8FF08B1FD
S2140302C0801B606063682361002384F8433085E7FE
S2140302D02369324649464046D047013088D02368D2
S2140302E09B0714D4E068039B9842B8BF184681E77F
S2140302F00123324649464046D04701303FF478AFA3
S2140303000135E36803995B1AAB42F1DCEAE70025A3
S21403031004F11906F5E700BF1B0C04002C0C0400BF
S21403032038B5294B05460C46186818B1036A0BB94D
S214030330FFF718FCB4F90C30190722D4DA0607D4F1
S21403034009222A6043F040034FF0FF30A38133E0D5
S214030350580712D5616B41B104F14403994202D0A8
S2140303602846FFF74FFD00236363A38923F0240386
S214030370A3810023636023692360A38943F00803F2
S214030380A38123694BB9A38903F42073B3F5007FD4
S21403039003D0214628460AF010FFB4F90C3013F0B8
S2140303A001020AD00022A26062695242A261226957
S2140303B042B913F08000C5D138BD990758BF6269AA
S2140303C0A260F4E70020F7E7200C002038B50023EE
S2140303D0064D0446084611462B6001F05AFD431CA1
S2140303E002D12B6803B1236038BD00BF7C2A0020EE
S2140303F038B50023054D044608462B6001F04EFD34
S214030400431C02D12B6803B1236038BD7C2A00202D
S214030410094A5168C84390FAA0F048B1B0FA80F090
S214030420042805DC012383400B43536040B2704726
S2140304304FF0FF30704700BFA82A00200021034B6F
S21403044028220348C3E900110AF034BDA82A002075
S214030450802A002038B50546FFF7DAFF044604482D
S214030460294600EBC4000AF087FF204638BD00BFCC
S214030470802A0020C3B2042B10B515D804230B4AD8
S21403048003EBC003134453E8002F0A4343E8002456
S214030490002CF8D101220649824051E8003F13435D
S2140304A041E800300028F8D110BD00BF802A0020A4
S2140304B0A82A0020F7B54FF0040C01260827184A8F
S2140304C01849194D106800B30B7806FA03F4204256
S2140304D01DD0E04352E8004F044042E8004EBEF110
S2140304E0000FF7D117FB03C32B4453E8000F43E871
S2140304F000E4002CF9D1019048B1087801AA0B4911
S21403050005EBC0000AF074FF012003B0F0BD0B78C2
S214030510506883422EBF00230133DBB20B70D1E752
S214030520A82A0020652C0020802A00207856341242
S214030530024B1868003818BF01207047A82A00200D
S21403054010B5044600F049FF074B1B684BB1DB6848
S2140305501B1B002BCCBF0024012400F044FF2046C5
S21403056010BD1C46F9E700BFC02A002038B54FF07F
S214030570FF34054600F031FF084B1A681AB900F03D
S21403058032FF204638BDD2E903310B445B1B23F010
S21403059000439C4228BF1C465268EFE7C02A00204F
S2140305A02DE9F84F0C9F0E461546994680469DF852
S2140305B02CA008B103687BB937B129463046B84743
S2140305C040F20340BDE8F88F002DF9D0002EF7DB8C
S2140305D0284600F009FCF3E700F0FFFE834650468A
S2140305E000F0F0F90446584600F0FDFE8CB947B11A
S2140305F029463046B8470320314600F0BBFB1A2095
S214030600E0E7002DF7D0002EF5DB284600F0ECFBE4
S214030610F1E7656100250A9BC4F80080DFF8708067
S214030620C4E90797A660236184F818A0D8F80030B9
S2140306306560984709EB000600F0CFFE07461248B0
S214030640E6600268114631B1CB689B1B002B13DBB7
S214030650CB689E4210D09DB90C4B626004601C6848
S2140306602CB1D8F800309847FFF780FFA0473846EC
S21403067000F0B9FE0020A5E74B680D461946E2E7F1
S2140306806B6863606C60F2E7C02A0020B02A002023
S214030690B82A00202DE9F74F81460D4692461E469E
S2140306A000F09BFE4FF00008DFF874B00190DBF813
S2140306B000402CB9019803B0BDE8F04F00F093BE9C
S2140306C023684B451CD12DB1A3682A6823F0004349
S2140306D0934215D17EB96368B8F1000F13D1CBF8F6
S2140306E000300D4B1F6887B10C4A12689047FFF71E
S2140306F03DFFB84709E051466069B0470028EAD095
S214030700A0466468D5E7C8F80430676820460AF050
S214030710EFFD3C46CDE700BFB02A0020B82A0020F4
S214030720C02A0020014B1860704700BFB02A002083
S21403073070B50B4B04460E4615461978094A0A4807
S2140307400BF06AFA0023094A24211360084A07209B
S2140307501660084A15602246BDE8704000F0B4B83B
S2140307607E2C00203D0C0400662C0020C02A0020AE
S214030770B82A0020B42A00207FB504461846002372
S21403078003930A4B0D461B68164613B9212004B083
S21403079070BD03A998470028F8D100903246294631
S2140307A02046039B0AF0D7FDF1E700BFB42A0020DA
S2140307B0F8B5054610200F46164600F0F7FA0A4B22
S2140307C00446187818B1102221460BF028FA44B1D3
S2140307D001230020E3602B68C4E9017623602C60C4
S2140307E0F8BD1A20FCE700BF662C00202DE9F8436D
S2140307F0264FDFF8A880264D38603868FFF7A0FE3E
S21403080030B9244B1B689847BDE8F843FFF7AEBEE4
S21403081000F0E3FDD8F800400646ECB16368C8F87C
S21403082000301D4BD3F80090B9F1000F0CD100F047
S214030830DAFDA3682C6033F0004311D128680AF070
S21403084057FD00232B60D8E7124B1B689847FFF72A
S2140308508DFEC8473046EAE700F0C5FD2C60CCE7BE
S2140308602368002BEAD018680028E7D0A26832F085
S2140308700043E3D0D0E90069636921688068C8470C
S2140308800028DBD1002ED9D03046EFE7C42A00205B
S214030890BC2A0020B82A0020B02A0020C02A002044
S2140308A038B504460D4600F098FD064B1B683BB171
S2140308B0DA6922601B692B60BDE8384000F093BDFF
S2140308C02360F8E7BC2A00202DE9F74F4FF6FC77A4
S2140308D000241646DFF884900331DFF884B009EB72
S2140308E000150F404FEA001ADBF800306A80804696
S2140308F029F80A7002FB07F0EC60984717FB06F22C
S21403090092B2034668602A8108B300921148124ADD
S2140309109BF8041052F8282040440BF07EF9214639
S2140309202A8968680AF0C6FA214623469E4206DCF0
S2140309300020D144A9F8026003B0BDE8F08F6A68CE
S214030940E868541850500133EC603944EEE71A2037
S214030950F2E700BF672C00203C0D0400CC230020E8
S214030960C82A002070B50B4E044606EB00156968CE
S21403097039B1094B2A89185C0BF050F9686800F006
S21403098033FA06EB04101022BDE8704000210AF08B
S21403099091BA00BFCC230020672C0020044B1960BB
S2140309A01A7198600201002102480AF083BA00BF58
S2140309B0C82A0020CC230020014B185C704700BFD8
S2140309C0672C002070B50A4C060104EB0013DD68A3
S2140309D0084B185C18B12946A25B0BF020F92DB121
S2140309E02B683444E3606388013B6380284670BD0C
S2140309F0CC230020672C0020024B03EB00139878CF
S214030A00704700BFCC230020094B10B403EB001340
S214030A105A88DC6801320C60D9605A80054B185C32
S214030A2018B15DF8044B0BF0FBB85DF8044B704748
S214030A30CC230020672C0020044A010102EB00139C
S214030A40505A10B11B89B3FBF0F07047CC2300203B
S214030A5038B50024154B164D1C70164B20461C60EB
S214030A60154B2C601C706C60AC60FFF7E5FF80B222
S214030A70A0F10E036B80A0F11403013068812046B9
S214030A80EB80FFF799FF04460C4D01460C4A2846B7
S214030A900BF0C2F82146681E0A4A0BF0BDF8214641
S214030AA0681C094ABDE838400BF0B6B87C2C002019
S214030AB03C2B0020EC2A00207B2C0020792C0020E5
S214030AC0800D0400890D0400930D040070B50446E0
S214030AD080B300F082FC637905466FF3820363718B
S214030AE0237913F0100605D010232371BDE8704058
S214030AF000F079BC104903F0030331F82320304695
S214030B00013A21F823202146FFF77EFF0B4B0C4EBC
S214030B101C681CB90A4B28461C70E7E7237A1BB9E6
S214030B2033781BB92468F4E7012BFBD120466368AE
S214030B309847F7E770BD00BF3C2B0020EC2A002047
S214030B407C2C002010B5044600F047FC034B1A68C3
S214030B5022601C60BDE8104000F045BCEC2A002073
S214030B6010B5064B00F0E0001A78541C1C70044BBA
S214030B7003F8320003EBC203596010BD7B2C002040
S214030B80D42A00202DE9F04F0446460789B048BF13
S214030B9000F0F7040492029100F01FFC614F04F08A
S214030BA0030607EB860337F826205B8881469A42BE
S214030BB004F0EF0A4FEA860831D20020FFF702FF5F
S214030BC0054640B337F826304846013327F8263023
S214030BD000F009FC28460AF08EFE029B029AAB71CF
S214030BE0049B85F804A01344EB7100F0F6FB07465C
S214030BF04D4B1C68002C40F08C80384600F0F3FB0D
S214030C004A4B985D18B1452229460BF008F828464A
S214030C1009B0BDE8F08F01224846454B1A7000F034
S214030C20E2FB25071DD51F2C1BD904F0E003039315
S214030C3000F0D3FB07EB08035B8837F826804FF0FA
S214030C40000B98452CBF00230123DFF8EC9001939B
S214030C5000F0C9FB07EB86030593364B1B789B45D1
S214030C6008D384F004005146C0F3800000F082F8F5
S214030C700025C5E799F80030039A1A4204D0D9F83C
S214030C800480D8F8003023B90BF1010B09F10809E9
S214030C90E3E707935A79D00708D51A79510705D59C
S214030CA0019941B98AEA0202920704D098461B6862
S214030CB0002BEFD1E5E740460AF083FC0579079061
S214030CC007A80AF060FC2946002000F053F800F05D
S214030CD084FB059B37F826205B8805469A4234BF7B
S214030CE001230023019309D20020FFF76BFE079030
S214030CF058B137F82630013327F82630284600F057
S214030D0072FB079D002DBCD064E70122084B1A70C6
S214030D10F4E7237A012B02D12046636898472468B8
S214030D2068E700BF3C2B0020EC2A0020782C00202C
S214030D307C2C00207B2C0020D42A00200022014B90
S214030D401A607047F02A002010B5044600F045FBF1
S214030D50074A13682BB914602360BDE8104000F0FF
S214030D6042BBA34202D01A461B68F3E710BD00BF7E
S214030D70F02A002070B505460E46054B1C6804B9DC
S214030D8070BD63683146284698472468F7E700BF76
S214030D90F02A0020024B034A197803480AF03CBFA6
S214030DA07D2C0020A00D04007E2C002038B5C41C2A
S214030DB024F00304204601F00AFB0A4B0546187884
S214030DC018B1224629460AF02AFF2DB921460220E9
S214030DD0FFF7D0FF284638BD2246002128460AF0F2
S214030DE069F8F7E77E2C002010B5044628B1054BBA
S214030DF0187810B121460AF013FF2046BDE81040CC
S214030E0001F003BB7E2C002010B5064C237823B9D3
S214030E10E7F7A4FC18B901232370002010BD40F2A5
S214030E200740FBE77F2C002038B50B4B04461B78A6
S214030E300D464BB121462846E7F7B0FB002840F2A3
S214030E40074008BF002038BD04490548FFF7DCFF0C
S214030E500028EFD0F7E700BF7F2C0020EFBEADDE03
S214030E60BEBAFECA08B501F08DFAE1F783FA01F0BF
S214030E7096FAE1F79BFAE6F7AFFAF8E7EEF71CB94E
S214030E8008B5E7F777F9BDE80840F0F751B910B5AC
S214030E900446E1F7FFFE2046E1F7BEFC2046E1F7F5
S214030EA095FB10BD0120704700B5C3B0EEF796F86A
S214030EB005F0A1F848B1FFF7F5FF30B101A805F03A
S214030EC07DFF10B901A8FFF7E2FF43B05DF804FB0E
S214030ED008B5E2F729FDE1F765FEBDE80840E1F74E
S214030EE079BE08B5E6F786FEE5F758FD00F04DFE39
S214030EF0E6F722F8E7F732FC00F0D0FEBDE808403C
S214030F00E1F736BE08B5E4F78BF800F0A3FAE4F78A
S214030F1097F8BDE80840FFF7B3BFE1F7ABBF7047EC
S214030F20E2F7CCB8FFF7C0BF7047E1F72FBE01204A
S214030F3070470120704738B5E2F7FAF80546EEF732
S214030F4075F8041E18BF2C46FFF7F1FF002818BFDC
S214030F50204638BD38B5E6F767FB0446E2F7DEF809
S214030F6004281ED002284FF0000508BF012405F010
S214030F7084F8042817D0022808BF0124E1F70CFEE2
S214030F80042812D0022808BF0124FFF7D2FF042842
S214030F900DD0022808BF0124002D18BF00242046C8
S214030FA038BD0125E3E70125E8E70125EDE7002441
S214030FB0F5E782B002AB03E90300012002B07047F5
S214030FC070477047FEE710B53AB1002350F8234048
S214030FD041F8234001339A42F8D110BD00207047F0
S214030FE04FF4004070474FF47A7070470023036055
S214030FF0704703680B6001607047436803B1184786
S21403100022207047436903B11847FF20704710B486
S2140310100A6808461378022B13D014213023147958
S21403102013FB041303F1A04303F570331B685179D4
S214031030CB40DB4303F0010313705DF8044BE1F789
S214031040D1B95DF8044B7047036818787047026897
S2140310501378022B27D014213023107913FB0013A7
S21403106003F1A04303F5703351791B68CB409179A4
S21403107003F00103012912D1508843EA40034FF6D7
S214031080E07063F03F039BB2834202D1117053803A
S21403109070474FF6DF718B42F9D10021F6E711B99D
S2140310A083F001031370704703681A78022A03D18A
S2140310B000225A80E2F754B9704713B504682378C0
S2140310C0022B10D0A379022B0BD100216079E2F713
S2140310D043FC0023627920791146CDE90033E3F718
S2140310E06DFB0223237002B010BDD0E9000318473E
S2140310F0836800681847C3680068184710B5044635
S21403110001213A20E2F7B0FEA3782078B3FA83F3FE
S214031110042261785B09E3F7ABFB002010BD0122D4
S214031120417803788A4030214B4343F2100103F1A0
S214031130A04303F570335A507047102130230246FC
S214031140007813FB001303F1A04303F570331B6809
S2140311505178CB4003F0010093780BB980F001007F
S214031160704710B588B004460E98009207900D9805
S214031170224606909DF8300005900B9804909DF843
S214031180280003900020CDE901300B460121E2F749
S21403119061F908B010BD704713B5044601A8E3F71C
S2140311A04BFD9DF8063023804FF480736380E3F78E
S2140311B063FD6060002002B010BDE3F7C3BC08B552
S2140311C0E3F7B0FC002008BD10B5044644EA01036B
S2140311D013F00303084609D1934201D1002010BD42
S2140311E054F8231040F823100133F5E72146920004
S2140311F009F06BFEF2E70A4601390144E5F7FEBE45
S21403120008B5E2F741F8BDE808400021E2F706BE5C
S2140312101FB5002380280446019371D02AD80028DE
S21403122072D0A0F12004412C32D8412C30D8DFE80C
S21403123004F06B6E6B6E7E7E7E7E6E6E883C9E6268
S2140312403C6E6E6E2F2F2F2F2F2F83546E6E6EA82D
S214031250A36E2F2F2F2F2F2F2F2F2F2F2F2F2F6BA7
S2140312602F6B6B6B7E2F2F2F2F2F2F2F2F2F2F2F83
S2140312702F2F6B6BB0F5806F59D021D8B0F5007F58
S21403128050D008D8B0F5807F60D0B0F5C07F3BD093
S214031290019804B010BDB0F5607F43D0F8D8B0F520
S2140312A0207F34D0B0F5407FF2D1E1F7DBFF024672
S2140312B04FF42070E2F788FDB2FBF0F252082FE0FD
S2140312C0B0F5C06F53D00DD8B0F5A06F34D0B0F5DD
S2140312D0B06F36D0B0F5906FDAD1002101A8E2F7EF
S2140312E077FCD5E7B0F5E06F46D0B0F5F06F48D0A1
S2140312F0B0F5D06FCCD1002101A8E2F7C1FCC7E757
S214031300E1F796FF0190C3E7E1F7ACFFFAE7E1F7F1
S214031310A9FF02464FF42070E2F756FDB2FBF0F247
S2140313200192B5E7E1F784FF02462046F4E7002181
S21403133001A8E2F707FCABE7002101A8E2F714FDDA
S214031340A6E7002101A8E2F721FCA1E702934FF0EC
S214031350E0231B695B0705D5E1F784FF0290029B38
S214031360019395E703A902A8E2F766FCF7E70021D5
S21403137001A8E2F761FC8BE7002101A8E2F7ACFCC9
S21403138086E7002101A8E2F7CBFC81E70029CCBF62
S21403139001210021E2F742BD02214FF42070E2F75B
S2140313A0C5BF10B5E1F75EFF0446E2F7BFFBC0F129
S2140313B002012046FFF7EAFF01210020E3F746F982
S2140313C0E3F71AF8BDE81040E2F76EBDEFF31080BE
S2140313D072B6704700B962B67047EFF311803023D8
S2140313E083F31188704780F31188704770477047FE
S2140313F00020E3F72BB80120E3F728B8704770B551
S214031400054614460E46FFF7E1FF2B685C40344062
S2140314105C402C60BDE87040FFF7DCBF4FF0B04384
S2140314205A6812B19A6A002AFAD17047012200F567
S21403143080535A60CB43934003F00A0343614161F0
S21403144011B900F500504260704783695B06FCD50E
S214031450C1637047F8F760BA0020704713B51AB136
S2140314600024009400F0F4F802B010BDF0B58DB07F
S21403147005AC84E807001C46A1420D4628BF254656
S214031480129B0DB304B311462846002603F5381302
S214031490CDE90A468DE8030003F241135F02C5EB6C
S2140314A04323099302950CAA059B12E907000695A8
S2140314B000F057FAA54207D23146621B381B0DB01F
S2140314C0BDE8F04000F04BBA0DB0F0BD30B591B0BA
S2140314D001AC84E807001C461346DA0049BF029AAB
S2140314E06200033222F00302014604A8FFF7B6FFA8
S2140314F004A800F0C2F81499224601F5381101F247
S21403150041114D0208A8C4EB41210023FFF7A6FFB3
S21403151005F5007100232246091B0CA8FFF79EFF62
S2140315200CA800F0AAF808A904A800F086F811B0E1
S21403153030BD70B590B001AC84E807001C46149922
S214031540164601F5381101F2411122464D0208A84C
S214031550C4EB41210023FFF781FF05F50071224606
S2140315600023091B0CA8FFF779FF0CA800F085F8E9
S214031570F30048BF029A334648BF033201994CBF73
S21403158022F00302620004A8FFF768FF04A800F035
S21403159074F804A908A800F050F810B070BD10B590
S2140315A08CB005AC84E807000E9ADDE9060102F567
S2140315B0381202F5A0725202CDE9092300228DE803
S2140315C003000B9202930CAA059B12E9070000F096
S2140315D0C8F90CB010BD2DE9F04B4FF00008994642
S2140315E00746164645468AB003AC84E8070002F071
S2140315F0805B07AC049A424502D80AB0BDE8F08B7C
S214031600139B13B9AA1E012A0AD9129BCDE907799F
S214031610099600955BB194E807004B46FFF726FF53
S214031620BBF1000F00D14F440135C844E2E74B46F7
S21403163094E80700FFF7B3FFF2E708B5E3F7E4FD26
S214031640E3F718FEE3F720FEBDE80840E3F730BEF5
S21403165010B5044622F07042103060602160A2602C
S21403166039B1A26803F070431343A360029BE3609F
S21403167010BDA36843F08043F7E701234360C368C4
S21403168043F02003C360836843F0005383607047CE
S21403169037B515464A6804463AB18C68009309681C
S2140316A045EA0403FFF7D4FF0446204603B030BDE3
S2140316B02DE9F04FD3B0CDE90123DDE95D7BDDE90C
S2140316C05FA900230390042003ACCDE9050307C9F3
S2140316D007AB83E8070021461846619E0494E3F7A8
S2140316E0FBFD8046002840F0B3805C9A0AAB07CA2D
S2140316F0DBF8045083E80700DAF804304C421D4454
S214031700D9F804306D425B420093BB6805F00F05C1
S214031710DA0048BF7B6804F00F0442BF033323F0AC
S21403172003037B60B368DB0041BF7368033323F0B6
S214031730030373600023DBF80400DAF80420CDE922
S214031740153381182944CDE90E1379680D93494260
S21403175001F00F01CDE9103171681293494201F08F
S2140317600F01CDE91331CDE9173319935C9B5B6801
S2140317704BB9D9F804301343184301BF1024CDE9FD
S2140317800B4016AB0A9311234FF0005204A932A85C
S214031790FFF77EFF40F611034FF0005207A9FFF74D
S2140317A077FF42F611034FF000520299FFF770FFDE
S2140317B044F611034FF000520199FFF769FF4123E6
S2140317C000225946FFF764FF2B024FF000525146A2
S2140317D043F04103FFF75CFF23024FF0005243F050
S2140317E001030AA9FFF754FF009B4FF000521B02A8
S2140317F003F47063494643F00103FFF749FF1038CB
S214031800FFF73BFF00230DA91A461AA8FFF740FF70
S214031810002339461A46FFF73BFF002310A91A4652
S214031820FFF736FF002331461A46FFF731FF002342
S21403183013A91A46FFF72CFF002362991A46FFF7EF
S21403184027FF1038FFF719FF1AA932A8FFF7F5FE8E
S214031850404653B0BDE8F08F084611461A465B680B
S214031860102B01D1E3F7C0BD0720704782B000B547
S21403187089B00DF1200C20290CE907000B9312D830
S214031880DDE90E0102AB83E803005CE902018DE8A3
S21403189003000BAA059B07CA00F0EAF809B05DF837
S2140318A004EB02B070470120F8E782B070B586B04B
S2140318B00B93119B03AD202B85E807003CD80C9AAD
S2140318C0B2EB430F3AD10F9EB34237D106225A43A7
S2140318D08A4203D003EB83038B422FD10122314686
S2140318E02220129BE3F7D2FB0446F8B90123CDE985
S2140318F0003395E807000E253346FFF76CFE009588
S2140319000EAA07CA3346FFF7B1FD23460622294629
S2140319100220E3F7A7FBE3F7D5FB0623044678B9D3
S21403192000930BAA334607CAFFF703FE204606B00A
S214031930BDE8704002B070470124F7E70724F5E7D7
S2140319401C46F3E7034610461944CA1A012A00D573
S214031950704711F8012D02440A701012F5E709F0DA
S214031960A9BA82B02DE9F0438BB005AE86E807002E
S214031970079D1F4615F0804513938046DDE9143214
S2140319808946169C16D18C4228BF0C46D20016D523
S21403199084B10F2C1AD8A9EB0502042A3B6828BF8A
S2140319A0042208EB050009A90435099309F08DFA0A
S2140319B0AC42F0D80BB0BDE8F04302B070479C428F
S2140319C028BF1C46002CF5D00F2C13D9DDE91401D3
S2140319D08DE803000294139B96E80700E3F71CFCCC
S2140319E0E3F748FCE3F750FC0BB0BDE8F04302B066
S2140319F0E3F75EBC224639460BB0BDE8F04302B0BF
S214031A0009F063BA82B070B586B00E9E0B930C9B3A
S214031A1003ADB3EB460F85E8070027D10122314615
S214031A2026200F9BE3F732FB0446C8B90123CDE912
S214031A30003395E8070006253346FFF7CCFD0095EF
S214031A400BAA07CA3346FFF741FD23462246214623
S214031A502846E3F707FBE3F735FB041E18BF052408
S214031A60204606B0BDE8704002B070470724F7E78B
S214031A7082B02DE9F04F89B01D461393149B01AC39
S214031A808B4284E8070006460C4605D0072009B0BB
S214031A90BDE8F04F02B070476B1813F8013CDB0744
S214031AA0F4D50027EB5DB3B34FF0FF084FEA4801C8
S214031AB011EA030A5FFA81F8F8D13A46514606EB73
S214031AC007093046E71B09F0F5F904F1FF3BCDE9BA
S214031AD0067ACDF814900DF1140A9AE80E00DDE9A3
S214031AE01607B847002101278C46084699F80030A8
S214031AF023EA080389F80030A1420ED1BCF1000F97
S214031B00C4D00028E9D1002FE7D101223046FFF7E1
S214031B1019FF3846BBE70137C4E76A5C735C8B453D
S214031B2008BF02F0FE02A2EB030E5FEA1E2E07F0CA
S214031B30010E08BF4FF0000E5340013B1B0A07F08F
S214031B40010740EA0E0008BF00270131002A18BF2C
S214031B504CF0010CD0E708B5E3F7CEFA10F00E030D
S214031B60FAD0022BF8D010F4806018BF062008BD08
S214031B7010B50446E3F7E4FA2046E3F72DFD18B95B
S214031B80BDE81040E3F794BD10BDFFF765BCF0B5A4
S214031B90154649228FB0149C8DF8242004F10C06B8
S214031BA00DF1250254F8047BB44242F8047BF9D1C4
S214031BB0247814704FF48074ADF834409DF8544084
S214031BC000228DF8364004240694169CCDE90015B1
S214031BD005941324049409ACCDE902340B4611464C
S214031BE08DF832208DF83350E3F7BEFD0FB0F0BD0D
S214031BF030B5C02A93B02FD0B2F5807F29D0802A83
S214031C002CD14FF4807480F0010020430190169885
S214031C100125029010242120039504940590069331
S214031C2001AB0795089409900A9306AB0B9304231C
S214031C300C9311230D930AAB0E910F9340F61103E9
S214031C40D20802A90EA810921193E3F75DFD13B014
S214031C5030BD4FF48274D6E70F20F8E72920F6E765
S214031C601FB5079C02949DF81840CDE9003413462F
S214031C700A4601460020FFF78AFF04B010BD1FB5D1
S214031C80079C02949DF81840CDE9003413460A4693
S214031C9001460120FFF77BFF04B010BD08B5E3F74C
S214031CA0B7FEBDE80840E3F7E7BE10B50446FFF706
S214031CB08DFB4FF0A8431A6822601B696360FFF729
S214031CC089FB002010BD10B50446FFF77FFB4FF0DD
S214031CD0A84322681A6062681A61FFF77BFB00203C
S214031CE010BD70B506460D4614468CB0CAB1102218
S214031CF0002108A809F0DEF8002207AB029305AB23
S214031D00019306AB00933046294608ABCDE905227E
S214031D10E3F710FF18B9099B6360059B23600CB0BB
S214031D2070BD6FF08600FAE770B505460E46E3F71A
S214031D30A9FE044648B931462846E4F717F904468F
S214031D4028B1E3F7ABFCE3F7A9FE204670BDBDE878
S214031D507040E3F7A3BE10B5436A8AB0041DCDE90D
S214031D6001430023CDE9052310223C30CDE903319E
S214031D70CDE908230790E3F785FE60B907AB1A465B
S214031D8004A901A8E3F708FB0446E3F787FE002C43
S214031D9018BF6FF092000AB010BDE4F799BC08B5FF
S214031DA028B14C22002109F085F8002008BD6FF009
S214031DB08600FBE70020704738B51C46002308461C
S214031DC0236011461546FFF7AFFF00B9256038BDFF
S214031DD008B50120E2F76AFA002008BD70B50C4684
S214031DE0154610B9E4F7CEFD38B143682BB12A4641
S214031DF02146BDE8704000681847232070BDF7B53C
S214031E000D4616461C4648B103B901AC87685FB158
S214031E102346324629460068B84706E0E4F7B2FD93
S214031E2004B901AC0028F1D1232003B0F0BDF8B506
S214031E300C461546064658B9E4F7A4FD204629463F
S214031E40FDF75CFF0446002CD4BF37200020F8BD06
S214031E50E4F798FD86420746F0D03046E4F786FD61
S214031E6029462046FDF74AFF04463846E4F77EFD3A
S214031E70E9E70EB403B503AA52F8041B0192FFF771
S214031E80D6FF02B05DF804EB03B07047002070473E
S214031E90FEE74FF4005300204B6070470120704765
S214031EA00020704707B5002001AB0190FFF7A7FF9E
S214031EB00198002808BF4FF0FF3003B05DF804FB1D
S214031EC010B514460020FFF789FF204610BD0346D1
S214031ED070B190F8382090F83C002AB1022803D15C
S214031EE0012283F83C20704704284FF00102F8D003
S214031EF00120704780F82C10704790F82C0070472C
S214031F0090F8390070473022037A534303F1A04315
S214031F1003F58023D96ED0E903231344994214BFF3
S214031F20084610467047F8B504460D4690F8393013
S214031F3081B173B990F83A60FFF748FA0546012174
S214031F403046E5F793F92846FFF744FA012384F869
S214031F503930F8BD002BFCD090F83A70FFF736FA0C
S214031F60064629463846E5F781F93046FFF732FA42
S214031F7084F83950EDE72DE9F843044616460D4636
S214031F8090F82C80FFF729FA94F8382003469AB184
S214031F90FFF729FA94F83B90FFF718FA0746012152
S214031FA04846E5F763F93846FFF714FAFFF715FADC
S214031FB00022034684F838201846FFF714FA2E4406
S214031FC0B54204D101212046236A98473DE094F8A0
S214031FD02D302BB3FFF701FA237E0746EBB12046DD
S214031FE0FFF791FFE1680138884238BF2069D4F8CB
S214031FF030C03CBF00F1FF30401803469C450BD071
S21403200013F80129112A01D0132A21D1A2F11103B1
S2140320105A425A4184F8342020633846FFF7E3F9DE
S21403202094F83430002BCBD0B8F1000F06D02B78C1
S2140320300A2B03D10D212046E36998472046E3691E
S21403204015F8011B98470028BAD00020BDE8F8838E
S214032050994282BF236903F1FF335B18CEE7F8B5D5
S21403206090F83830044603F0FF06A3B93146036AF6
S2140320709847012384F8383094F83B70FFF7A6F9A5
S214032080054631463846E5F7F1F82846FFF7A2F944
S214032090022384F83C30F8BD026CD36C43F004038F
S2140320A0D364704710B50446026C93695906FCD591
S2140320B0002394F849101A4694F84800E2F7D8FB30
S2140320C0002394F84B101A4694F84A00E2F7D0FB24
S2140320D094F85030DA0707D5002394F84D101A46C3
S2140320E094F84C00E2F7C4FB94F850309B0707D5EE
S2140320F0002394F84F101A4694F84E00E2F7B8FB04
S214032100206C0021C36C23F00103C364C36C23F06B
S2140321100403C364FFF78AF9606C0021E1F7A4FEA9
S214032120002010BD08B5006CFFF78FF9002008BD2E
S214032130036CDA6C19B142F00102DA64704722F0DC
S2140321400102DA64012203F500539A64704738B536
S2140321500468206C856C15F001050BD0012200F590
S21403216000539A6483699B060FD52046BDE8384022
S214032170FFF775BF042384F83C30237E33B9C36C62
S21403218023F00403C3640123237638BD637E1BB3A5
S21403219094F82D3003B3132184F83550FFF755F91F
S2140321A0236CDA6C42F00402DA645B6ADBB2112B4E
S2140321B00DD1012384F834303022237A534303F1BC
S2140321C0A04303F58023DB6E013B2363DDE7132B7C
S2140321D0DBD184F83450EFE7C36C23F00403C36405
S2140321E0D3E708B5E4F76CFF08BD10B5FFF7EEF8C4
S2140321F00446E4F7B1FF2046BDE81040FFF7EAB80F
S2140322007047012070474FF4C870E5F7D5B870479C
S2140322102DE9FF410D4616461F460446A8B14FF06A
S2140322200008C0F81C80E5F71FFDBDF82C304246B9
S21403223002939DF828302946CDE90073204633469D
S214032240E5F778FC04B0BDE8F0812220FAE7F0B5A4
S2140322500D4616461F46044685B090B10023C3615B
S214032260E5F702FDBDF82C302A4602939DF8283088
S2140322702946CDE9007320463346E5F75BFC05B0F7
S214032280F0BD2220FBE7F0B51F46002387B00D46BE
S214032290164604468DF81730A8B1C3610DF1170131
S2140322A0E5F712FD9DF817207AB9BDF834302946B4
S2140322B002939DF830302046CDE900733346E5F7A8
S2140322C039FC07B0F0BD2220FBE70320F9E7F0B5A1
S2140322D01F46002387B00D46164604468DF8173072
S2140322E0B0B1C3610DF11701E5F7EEFC9DF81730A9
S2140322F083B9BDF834302A4602939DF83030294618
S214032300CDE9007320463346E5F714FC07B0F0BD6D
S2140323102220FBE70220F9E738B5FFF75EF805460B
S21403232000F008F804462846FFF75DF8204638BD57
S21403233000F025B84FF0B0439A6A1207FCD4186A27
S214032340704782074FF0B04200F00103916948BF1F
S21403235043F040030B43936170474FF0B0430128AB
S2140323605B6904D0022805D1C3F38010704703F0DD
S21403237001007047002070473E20FEF749BF3E200D
S214032380E1F758BE08B5E0F751FBFEF7A1FDFEF7EF
S214032390A8FDFEF7B7FDBDE80840FEF7BEBD08B5CD
S2140323A0FEF7BDFDFEF7BCFDFEF7BCFDBDE808402D
S2140323B0FEF7BABDE0F7ACBF08B500F0FBFFE9F7E0
S2140323C00DFD01F068FF02F095FD002008BD38B54D
S2140323D00446FEF7FBFF05462046FDF781FA044652
S2140323E02846FEF7F7FF204638BD70B504460E466E
S2140323F0FEF7ECFF314605462046FDF757FA04463E
S2140324002846FEF7E7FF204670BD38B50546FEF7BB
S214032410DDFF04462846FDF76BFA2046BDE8384044
S214032420FEF7D8BF10B5044608B1E5F7AFFE204661
S214032430BDE81040FFF7E9BF00F4E040B0F5805F69
S21403244004D0A0F500535842584170470120704706
S214032450F0B59E4600F0FE43B3F1106F06460F46F6
S214032460944691B003D06FF0850011B0F0BD20F014
S2140324701F6121F470210029F5D13D4607ACCDE953
S2140324800E110FCD0FC495E8070084E80700D7E9BF
S21403249009230899090AE6D1189930460491179931
S2140324A0CDF800C003911699CDE901E107A9E3F73A
S2140324B055FEDAE73AB1002918BF00232121D21AC4
S2140324C0184408F0F7BC704738B5037904460D4640
S2140324D03BB9A368022120462B6000F0D0FD38B933
S2140324E038BDD0E9091200F060FE0028F1D0F7E706
S2140324F000232B60F4E72DE9F04F9946002393B0B1
S2140325008DF81F301F9B9046DDE91CA6002B0D4659
S2140325100B460CBF4FF400624FF4806208A91E9F5F
S214032520E5F75CFF044668BBDDF820B009ACDC4683
S214032530CDE91000BCE80F000FC49CE8070084E850
S21403254007002846BDF824100DF11F02E5F7B6FF75
S2140325500446B8B99DF81F30B34223D8DBE9091205
S2140325600A98000A21D1CDE90337CDE9019A2B4613
S214032570CDF8008009A8E4F743F810F1860F044667
S21403258000D000B13E603246214650463B68FFF716
S21403259091FF089800F0B0FD002C18BF204613B03A
S2140325A0BDE8F08F6FF08904ECE76FF08604E9E787
S2140325B000232DE9F341D0E9016804460F4630466F
S2140325C01146136000F0C2FD054688B9304600F098
S2140325D0BFFD054660B9F6B276B9B8F1000F05D16E
S2140325E0E36823F47F4323F0030363B16FF08605A8
S2140325F0284602B0BDE8F0810146A06800F02EFD33
S2140326000028EDD1F2E74FF6F87362889A421ED897
S214032610238B012BEAD8394601A8E6F705F90546C8
S2140326200028E5D10FCC3F683E460FC694E8070066
S2140326303B7986E807000BB9019BBB603B8B012106
S21403264023F0010338463B8300F019FDD0E76FF013
S2140326508505CDE741F2052398421AD8B0F5905F79
S21403266009D241F2010398420CD0B0F5885F09D035
S2140326706FF0850070472923A0F5905080B2C340C1
S214032680DB07F5D511F0070F0CBF00206FF08600AF
S2140326907047B0F5105FEBD121F04003802B06D0D6
S2140326A0B1F5807F0CBF00206FF0860070470020D6
S2140326B0704770B5446A05460E463CB90120FFF7DD
S2140326C094FE686228B12046AE6270BD6FF08A0041
S2140326D0FBE76FF08C00F8E7F8B50F4611460646A1
S2140326E01546FFF7E6FF044620B92A463946706AC0
S2140326F008F0EBFB2046F8BD2DE9F041089D88461F
S2140327001F46048802B32046FFF796FEE0B12B6807
S2140327100BB9D3002B6020462968FFF79BFF0446BE
S21403272078B9CE1DB2EBD60F11D1069B9A4211D8BB
S2140327304146384608F0C9FB2B68079A0733DB087F
S21403274013602046BDE8F0816FF08504F9E76FF06B
S2140327508604F6E76FF08904F3E72DE9F04F476840
S21403276085B03F0A0446DDE90E9A0D46164698469E
S214032770DDF840B015D1CDE901ABCDF80090E3F715
S21403278077FE10F1860F0ED1434632462946204681
S214032790CDE90FABCDF8389005B0BDE8F04FFFF7A5
S2140327A0ABBF6FF0860005B0BDE8F08F10B50446EA
S2140327B0406A10B1A16AFFF735FE0020C4E909009C
S2140327C010BD38B50546FFF7F1FF95F820300446EF
S2140327D0043B012B0CD8EB69002B0CBF04466FF0AF
S2140327E096042C220021284608F064FB204638BDB8
S2140327F06FF09604F5E710B5044638B1042100F0EF
S2140328003EFC2046BDE81040FFF7DBBF10BD38B5E1
S21403281090F820300546052B16D10479FF2C07D1F6
S214032820FFF7CFFF041E08BF6FF08404204638BDB1
S2140328301CB1806800F09EFC04462846FFF7C1FFE3
S214032840002818BF0446F1E76FF08804EEE707B5E3
S21403285058B1012201A9E6F723F830B9019800F030
S21403286046FC28B10198FFF7D2FF03B05DF804FBDE
S2140328706FF09900F9E7F7B5044608460E4600F0F0
S21403288043FB002320461A4601A9E5F7A7FD78B9BE
S214032890019F34463D460FCD0FC495E8070084E8F4
S2140328A00700338B384603F00103338300F024FC20
S2140328B003B0F0BD70B5144602881D461046049E4C
S2140328C0FFF7BAFD68B944F2010322F44050984278
S2140328D007D002F44F42B2F5824F02D0B2F5844FCE
S2140328E00ED1B4420FD82246284608F0EEFA00214D
S2140328F0321B281908F0DEFA0020059B1C6070BD09
S2140329006FF08500FBE76FF08900F8E72DE9F043E9
S2140329108946984617468DB07AB300230122C8F835
S214032920003002A9E5F75AFD0446A0B9029E03AC9F
S2140329303546CDE90A000FCD0FC495E80700049B82
S21403294084E80700D6E909121B0A08D0304600F0CF
S214032950D3FB6FF0860420460DB0BDE8F0834B46EC
S214032960CDE9007803A8FFF7A5FF0446304600F03C
S214032970C3FB002C08BF0446EDE76FF08904EAE7C3
S21403298070B514460288049D02F4E040B0F5804F0B
S2140329901CD144F2010022F44056864207D002F4CA
S2140329A04F42B2F5824F02D0B2F5844F0ED1AC42FD
S2140329B00FD81846224608F088FA00212A1B20441E
S2140329C008F078FA0020059B1C6070BD6FF0850048
S2140329D0FBE76FF08900F8E72DE9F0438946984650
S2140329E017468DB07AB3002302A91A46C8F80030FA
S2140329F0E5F7F4FC044640B9029E33885B0408D42A
S214032A00304600F079FB6FF0860420460DB0BDE833
S214032A10F083354603ACCDE90A000FCD0FC495E825
S214032A20070084E80700CDE900784B46D6E909128B
S214032A3003A800F0F1FA0446029800F05DFB002CB0
S214032A4008BF0446E1E76FF08904DEE72DE9F041AD
S214032A501F46002388B0054688461646CDE905334B
S214032A603B60002A54D0B2F1005F54D206AA05A9EF
S214032A70FFF79EFD0446A0B90598436AABB1059BD4
S214032A8041465A882846079207AA029203F128026B
S214032A9001929A6A00925B6A3246FFF75EFE04462C
S214032AA080B10598FFF7A7FE28E06B681B0A02D0E3
S214032AB06FF08604F5E73146FFF7FBFD0446002872
S214032AC0DDD0EEE70598079B4288DAB943804FF6D8
S214032AD0F872934219D82B8813B102889A42E7D129
S214032AE02B6A002BE4D16B8813B142889A42DFD15C
S214032AF03946FFF7E9FC04460028D2D1204608B041
S214032B00BDE8F0819A42D3D1E1E76FF08504C8E7C8
S214032B106FF08604F2E76FF08504EFE710B504461E
S214032B20006868B106280CD104F10800FFF737F9EE
S214032B3000232360A38823F4FF7323F00103A380F9
S214032B4010BD6FF08600F3E72DE9F043054698467F
S214032B5000238DB002932B6808461746002B47D1F7
S214032B60B8F1000F134602A914BF4FF480624FF466
S214032B700062E5F733FC044600283BD1DDF80890F5
S214032B8003AC4E46CDE90A000FCE0FC496E8070005
S214032B9084E807003846BDF80C102A1DE5F78EFCBE
S214032BA0044638BB6B79049968F300036B71090A12
S214032BB0D9E90923B8F1000F12D011BB009703A976
S214032BC005F10800E3F784FD044698B90623029846
S214032BD02B6000F091FA044620460DB0BDE8F08362
S214032BE079B9009703A905F10800FFF7D6F8EBE7D4
S214032BF06FF088042846FFF791FF029800F07CFAEE
S214032C00EAE76FF08604F5E70123FFF79DBF38B5C3
S214032C100546006898B112B90024204638BD062838
S214032C200AD105F10800E3F785FD04460028F3D032
S214032C302846FFF773FFF0E76FF08604F8E76FF0B8
S214032C408804EAE72DE9F0410546006888461646FB
S214032C501F46F8B16A79D2071CD52A79D2B1B24297
S214032C601BD806281CD105F10800E3F7B3FD04467C
S214032C7010B100233E602B713246214640463B6826
S214032C80FFF718FC2846FFF749FF002C18BF20461D
S214032C90BDE8F0816FF08804EBE76FF08904E8E79E
S214032CA06FF08604E5E71FB501240394089C02949D
S214032CB0079C0194069C0094FFF71DFC04B010BD0E
S214032CC02DE9F04705469A46002386B0059305F09E
S214032CD0FE43B3F1106F0846DDE90E961746DDF89E
S214032CE0408029D12B464FF4804205A9E5F776FBB1
S214032CF0044618BB05990B8823F0FF03B3F5E24F90
S214032D0002D0B3F5E44F04D14B880733B6EBD30FA9
S214032D101ED353463A462846CDE90168CDF80090BF
S214032D20FFF796FB044648B9059800F0E5F9044614
S214032D30204606B0BDE8F0876FF086043146484665
S214032D40E5F72CFC0598C8F8006000F0D5F9EFE726
S214032D506FF08904F2E7034610B50C461146DA69AC
S214032D6000880AB91B6A3BB9FFF766FB38B12046F1
S214032D70BDE81040E5F712BC6FF0860010BD6FF09B
S214032D808500FBE700232DE9F04385B0CDE9013349
S214032D900B60438806460D46002B00F0B28003887E
S214032DA003F4E043B3F5804F00F0AB8002AA01A919
S214032DB0FFF7FEFB044600287CD1019A7768526A27
S214032DC06AB17368019F1B0AD7F8248057F8289FB7
S214032DD074D06FF086040198FFF7E8FC6AE03F0AB8
S214032DE061D1B6F8008071884046FFF725FB80B1B5
S214032DF04046FFF72FFC044600285BD108F4E04367
S214032E00B3F5805F02D0B3F5005F0AD10731CF0870
S214032E1017E028F0FF03B3F5E24F37D06FF08504D1
S214032E2048E008F44F43B3F5844FEFD047F201036D
S214032E3098450FD149080131C90801EBC10101F1D9
S214032E403B07039703990198FFF733FC04460028D2
S214032E50B7D02FE044F20103984503D1C90801F126
S214032E601007EEE747F20202904505D1C90801EBC9
S214032E70410101F15A07E4E744F20202904505D105
S214032E80C90801EB410101F14A07DAE728F0FF0020
S214032E90B0F5E24FBAD0B0F5824F01BF0731C9088B
S214032EA049004F1CCDE7304603A900F059F8044605
S214032EB00028C7D00198FFF79EFC13E033885B0415
S214032EC014D43B464A4641463046FFF744FF044681
S214032ED00198002C7FF47FAF2946FFF7F5FA0446E6
S214032EE00028E7D1204605B0BDE8F0833B464A46B6
S214032EF041463046E3F7DEF910F1860F0446E7D184
S214032F00DFE76FF08604EDE710B50446C069FFF708
S214032F107CFA2046BDE810402422002107F0CABFF1
S214032F202DE9F04105460F4690461C469BB11946CF
S214032F300120FFF75AFA064678B12246414607F0C3
S214032F40C4FFE86908B1FFF760FA0020C5E9076423
S214032F502F80BDE8F0811E46F3E76FF08C00F8E79C
S214032F60028843884068000A51D102F4E040B0F575
S214032F70805F02D0B0F5005F05D10733DB0840D190
S214032F806FF08500704702F44F40B0F5844F03D1CD
S214032F900733DB080AD1F3E747F20100824208D180
S214032FA05B080133DB0803EBC3033B3300200B60F2
S214032FB0704744F20100824202D1DB081033F5E782
S214032FC047F20200824204D1DB0803EB43035A3381
S214032FD0ECE744F20200824204D1DB0803EB43032E
S214032FE04A33E3E722F0FF02B2F5E24FD0D0B2F560
S214032FF0824FC5D10733DB085B000133012BD5D1E4
S214033000BEE722F0FF02B2F5824FCFD1F6E70023E8
S2140330106FF086000B6070472DE9F3474768044658
S214033020DDE90A9A3F0A0D461646984611D1CDE9C0
S214033030009AE3F7A9F910F1860F0CD143463246FE
S21403304029462046CDE90A9A02B0BDE8F047FFF7C5
S21403305097BC6FF0860002B0BDE8F08703466FF0BA
S21403306040420846591E914207D338B103F1404304
S21403307093428CBF0020012070470120704790F8D0
S2140330802030052B11D8DFE803F0030B16141F219D
S2140330904B1E012B09D9042907D06FF08700704710
S2140330A0022902D00B1F012B0BD880F8201000201A
S2140330B07047022902D0CB1E022BF5E7C369002B0B
S2140330C0F3D06FF0880070470529EED00029ECD0C6
S2140330D0F7E710B503210446FFF7D1FF30B9E369DC
S2140330E05A1C0EBF6FF096000133E36110BDC06932
S2140330F0B0FA80F04009704708B90020704790F88E
S2140331002020032A08D1C269EAB1013AC261002A23
S214033110F3D10221FFF7B3BF052A09D0042A0FD142
S214033120C26982B1013AC261002AE6D1FFF749BB00
S214033130C26942B1013AC261002ADED1FFF767BB1A
S2140331406FF0880070476FF0960070470020704756
S214033150C0B2FF280CBF6FF086000020704707B58B
S21403316000216A46FEF7BDFD8C3018BF012003B070
S2140331705DF804FB13B500216A460446FEF7B1FD6D
S2140331808C3002D1002002B010BD00212046E2F7A9
S214033190ABFE014610B16FF09800F4E76A4620468E
S2140331A0FEF79FFD8C30EDD0F5E72DE9FF4107468E
S2140331B01446884600293FD0002A3DD0B2F5005F6A
S2140331C03DD202F1240631460120FFF70EF90546EB
S2140331D0C0B303463A4621464046E5F7DBFBBF68E5
S2140331E000243846FFF7BBFF01281FD021462B4695
S2140331F0324638460094E2F7B5FD0146C8B938466C
S21403320002AAFEF76EFD044620B9029B9E4205D035
S2140332106FF0980438460021E2F766FE31462846EA
S214033220FFF700F9204604B0BDE8F0816FF08A048A
S214033230F4E76FF09804F1E76FF08604F2E76FF0B7
S2140332408D04EFE76FF08C04ECE7FFF7EBB82DE99E
S214033250F047D0F808A086B0814688461746504601
S214033260002104AAFEF73DFD044610BB049E012080
S2140332703146FFF7BAF80546002837D021465046B0
S21403328004AA0394FEF72DFD044670B903AB024669
S2140332902146CDE9005350463346E2F7CFFD039B64
S2140332A004469E4209D06FF0980431462846FFF73D
S2140332B0B9F8204606B0BDE8F0870028F5D13B46AE
S2140332C0424631462846CDF80090E5F781FB044692
S2140332D00028EAD1D8F800302BB13B68002B08BF92
S2140332E06FF09104E1E76FF09104DEE76FF08C0472
S2140332F0DFE750E8003F0B4340E80032002AF8D1EE
S2140333007047C94350E8003F0B4040E80032002AAC
S214033310F8D17047431E032B06D8DFE803F00204F8
S214033320020403207047042070477047CB69184790
S214033330704770470020704770474FF00000704793
S2140333400020704770477047002070470020704782
S2140333500020704700207047002070477047002009
S21403336070470020704770477047002070477047CB
S214033370704711207047002070474FF0FF307047AA
S2140333800020704770477047002070470020704742
S2140333904FF0FF3070471120704700207047012020
S2140333A07047002070470020704700207047704722
S2140333B07047704701F099B938B50446FEF70DF823
S2140333C0D4E9101205462046E5F746FBE18C228D2C
S2140333D0E060521A40F2712101FB020303F59C538D
S2140333E0083328462361BDE83840FDF7FCBF08B51F
S2140333F02030FFF77EFFBDE808404FF08050EBF724
S21403340067BE38B50D4604460830E7F7EBF829469D
S21403341000252046E9F7B4F9E06EE56110B1E6F75A
S21403342013FAE56604F15000BDE8384008F0ABB87F
S21403343038B5044619B390F838208AB190F8393075
S2140334400133DBB29A4280F8393009D10121FFF704
S214033450D8FF4FF080712046BDE83840FFF7C7BF5E
S214033460236ADA030BD5E36B62689B1A002B06DA32
S21403347001212046FFF7C5FF4FF08061EBE7236A83
S2140334801B0426D402F0AFFC1123B0FBF3F303EBCB
S2140334900313C01A94F9613085B213FA80F010282A
S2140334A088BFC5F110056DB2083B2B4484F8613024
S2140334B020460121E9F764F940F27121E28C636842
S2140334C02A4401FB023320466360BDE83840E9F72F
S2140334D009B90025ECE72DE9F84F1D46C3690F46E9
S2140334E004461646DDF830809DF838909DF840B0C7
S2140334F09DF848109DF850A0002B40F0D180EB06B5
S21403350000F1BE8005F00303032B08BF05F0FD059D
S21403351005F0F705BDF83C30A806A3869DF85400D1
S21403352048BF05F0FC05FFF7F5FE47F6FF731BF0F3
S214033530020F84F83600A4F8783040F0A4801BF01D
S214033540040F00F0A28000F0FD00012814BF03233F
S214033550042394F87F209DF8580063F3030284F84D
S2140335607F20FFF7D7FE47F6FF738A0784F83700F6
S214033570A4F8883000F18B804B0740F18A8000F076
S214033580FD00012814BF0321042194F88F30606ED8
S21403359061F3030384F88F30FFF7EAFE0022204628
S2140335A0216CE5F759FA40F271237343984279D8B0
S2140335B049F6FF7104F12000FFF7A3FEFF2384F80A
S2140335C05430BAF1000F03D0236A43F480532362C6
S2140335D0290705D506263746236A43F48413236250
S2140335E0236A6A0723F4C04323620CD419F0010F3D
S2140335F01CBF43F400532362236A19F0020F1CBF57
S21403360043F480432362236AA5852B43236204F194
S2140336102E03B8F1000F3ED0D8F80020C4F82E20B1
S214033620B8F804209A809DF82C30012B03D14FF470
S2140336308061FFF75EFE236A9DF8282023F440731B
S21403364043EA0223236202F0CEFB94F860309DF82F
S2140336504C2084F85F0023F00F03C0F303200343DA
S21403366062F3071384F860309DF834302046E7840D
S214033670268584F82A30FFF79FFE0020BDE8F88FE2
S21403368001218B4646E7022363E7012361E7022114
S2140336907BE7012179E7C4F82E80A3F80480CAE704
S2140336A00C20EBE74520E9E72DE9F7438946174663
S2140336B00446019330B901A807F065FF422003B022
S2140336C0BDE8F083012920D0022910D089B9C36947
S2140336D0C3B900F140054FF40036236AD9061ED558
S2140336E05A0726D501A807F04EFF0020E7E7406EED
S2140336F020B901A807F047FF0C20E0E71946FFF7BB
S21403370038FEDCE700F14805E5E7C36923B900F1B5
S21403371044054FF48026E0E700F14C05F9E79B07E4
S21403372007D5B9F1000F04D101A807F02CFF12202A
S214033730C5E704F1200840463146FFF7E2FDF807E7
S21403374002D5284607F01FFF019921B1284608F045
S21403375001F800230193286807F09AFF236AD90625
S21403376005D51F2801DC032F16D02846DDE740F2D7
S2140337707262904204DD284607F005FF07209EE7A5
S214033780B9F1000F08D1BF2806DD9A0704D02846F2
S21403379007F0F9FE452092E72046D4E91212E5F732
S2140337A05BF9E3696BB140F27122E38C53439842B1
S2140337B007D9238D8342EAD300F51C70B0FBF2F0E1
S2140337C0E084FDF70AFEE36905467BB1BB070DD52A
S2140337D031464046FFF78DFD6368C3F57A7602F0FF
S2140337E03EFBF04202D52046E9F7E6F82846FDF709
S2140337F0FAFD7AE708B548B1CB0701D4002008BD27
S2140338004FF400112030FFF774FDF7E74220F6E788
S21403381008B548B1CB0701D4002008BD4FF400110A
S2140338202030FFF76EFDF7E74220F6E7E5F7FABB31
S21403383038B5C36904460D463BB1036A13F001006D
S21403384011D194F82430FE2B0CD004F120004FF451
S2140338508001FFF74EFD01202B68C4F85530AB8876
S214033860A4F8593038BD0020FCE7036A10B50446B7
S21403387013F4602030D09A0307D504F1400007F014
S21403388082FEA36C23640023A364236A5B0307D529
S21403389004F1440007F077FEE36C63640023E364FB
S2140338A04FF4602104F12000FFF72BFD2046FFF7BD
S2140338B083FD012094F8602094F85F3002F00F0136
S2140338C043EA0123013384F85F3022F00F02C3F387
S2140338D003231A4384F8602010BD10B50446503005
S2140338E007F038FF2046BDE810404FF00071FFF7A1
S2140338F07EBD50E8003F0B4340E80032002AF8D173
S2140339007047C94350E8003F0B4040E80032002AA6
S214033910F8D1704738B50446D0F8A00010B9D4F8EB
S214033920A40058B194F8375107F05EFE05F00F0572
S21403393081B206312846EAF737F980B240F271229F
S214033940B4F8783000F5487053439842B8BF184629
S21403395038BD38B505460C4602F000FB20B149F6E3
S21403396040439C4228BF1C46EA68A2420BD240F260
S2140339707121B5F87A304B43934238BF1346A342BE
S21403398028BF23461A462A6138BD03469A6A44303E
S214033990920404D5D3F82821998FEBF709B993F845
S2140339A06F10EBF7FBB8002070470120704700202C
S2140339B070470020704701207047C82070470020DA
S2140339C07047002070477047704711207047704754
S2140339D070470020704770470020704770470120EB
S2140339E070477047704790F8852010B5531C03F056
S2140339F00F03072B28BF0023044663F30302034485
S214033A0080F8852083F87E1090F885306F2B4FEA78
S214033A1013129EBF013262F3071380F88530FFF757
S214033A20E1FF94F83711204601F00F01FFF7CCFFB2
S214033A3010BD7047704770470020704700207047DE
S214033A400020704710B101F1B000704701F1D400B7
S214033A507047F8307047806A70472830FFF749BFD1
S214033A602830FFF74EBFC06A70472C30FFF741BFC0
S214033A702C30FFF746BF00F59C70704708B50B79EE
S214033A80DB0702D4FFF7D5FF08BD91F90510BDE8A3
S214033A900840FFF7A8BF02290346808F11D00329E9
S214033AA009D0012906D11A8F5B6B1201B2FBF3F31F
S214033AB0184480B270475A6B4FF47A43B3FBF2F361
S214033AC0F6E75B8F073000EB4300F2E770B540F292
S214033AD0712606FB01F345685643826A1D441207A6
S214033AE0044645600ED500F14005294600F1340230
S214033AF0E7F7A0F9334629462046BDE87040012281
S214033B0001F02DBA05EB5605456070BD836A59056D
S214033B1005D4D0F8A03013B15B799A0708D4D0F84F
S214033B20A40000B9704743799B0701D40068F8E7FF
S214033B300120704780F87710704738B5836A0446CB
S214033B401B0713D50246B0F87C3052F8341F4B439C
S214033B5040F271214B4300F14001E7F76BF9236C08
S214033B6020469D08FFF7D6FE2844E06040F2712504
S214033B70616B204601396943FFF7EBFE20460121BE
S214033B80E8F7FEFD636BB4F87C2020465A4363686F
S214033B9005FB02336360BDE83840E8F7A3BDB0F821
S214033BA0303110B5A0F834310446E5F7A5FBC0B2B2
S214033BB0FFF703FF94F8373194F8362103F00F0329
S214033BC004F1440102F0C3F9EAF734F8B4F93021FA
S214033BD0824205D0A4F83001EAF704FDA4F83201C6
S214033BE0B4F93421B4F930319A4209D0A36A9B035D
S214033BF006D52046BDE810404FF40041E5F792BBDA
S214033C0010BDFFF7CCBF836A0A4600F14401C3F335
S214033C104030EAF777BF10B5A0F87810A0F87A20FE
S214033C200446FFF777FE2169E0602046BDE81040B2
S214033C30FFF78FBE38B504460D463AB94FF4C02198
S214033C402830FFF75EFE9DB9002038BDFFF7C1FEA2
S214033C5098B128344FF4C0212046FFF752FE1DB119
S214033C604FF40031FFF745FE4FF48021204601E074
S214033C704FF40031FFF73DFEE6E71120E5E72DE9B7
S214033C80FF41836A04469B032CD5B0F93081B0F913
S214033C9034710020EAF79AFD8045CCBF0025012544
S214033CA002F05AF994F83711C82201F00F01EAF727
S214033CB097FD06462046E5F71FFBB045B4BF002632
S214033CC00126002394F83711A8EB07073FB245EA0D
S214033CD046051A46CDE90085029701F00F0180B22A
S214033CE000F0B5FC04B0BDE8F081FFF7C8BF86302E
S214033CF07047F8B504460E4600295AD040F27123A1
S214033D00476B30465F43A7F28A277F083946E9F7B1
S214033D105BFF94F88E30851FADB29D423946304620
S214033D20A8BF1D46E9F750FF94F88F20831F9BB268
S214033D309342A8BF1346F21E012AB4F88610B4F8BD
S214033D4088202BD8B1F5296F44F29020B8BF4FF4E2
S214033D5029618142A8BF0146B2F5296FB8BF4FF467
S214033D6029628242A8BF02461B2DB8BF1B251B2B08
S214033D70B8BF1B23304684F8913084F89050A4F8DB
S214033D808A10A4F88C20E9F71FFF831F9BB2AB426F
S214033D90A8BF2B46DBB284F89230F8BDB1F5A47FFA
S214033DA0B8BF4FF4A471B2F5A47FB8BF4FF4A472A2
S214033DB0DAE71B23EFE770B54900466B89B28E42FC
S214033DC018BF40F27125044617BF4068002105FB63
S214033DD0060005FB1100658F1EBF6060616301214D
S214033DE09542208F17D08342628700D02387238F84
S214033DF0626B1B01B3FBF2F394F837112046A4F869
S214033E009C3001F00F01FFF774FF2046BDE87040B9
S214033E100421E5F787BA8342E8D1A36A1B07E6D5F0
S214033E200029E4D170BDF0B585B004460E466A4657
S214033E3000F1860300F18E071546186859680833A3
S214033E4003C5BB422A46F7D11868314628609B88CB
S214033E502046AB80FFF74DFF9DF80B2094F891307A
S214033E609A4211D1BDF80620B4F88C309A420BD191
S214033E709DF80A2094F890309A4205D1BDF80420A4
S214033E80B4F88A309A4207D04FF48141204605B0F1
S214033E90BDE8F040E5F746BA05B0F0BD37B50446D1
S214033EA094F88E50BDF818008D420BD1B4F88650A6
S214033EB0954207D194F88F509D4203D1B4F88850A9
S214033EC085421DD08DF80610ADF80420019D84F8B8
S214033ED08E1094F8371184F88F30A4F88800C4F84D
S214033EE040512046A4F8862001F00F01FFF79BFF00
S214033EF0B4F88A30A4F88630B4F88C30A4F8883046
S214033F0003B030BD90F8373170B503F00F030446A5
S214033F1016460D46D9B18B4219D00122FFF757FD3D
S214033F20294600222046FFF750FD94F837312046F5
S214033F3065F3030384F8373105F00F01FFF773FFCA
S214033F402046BDE870404FF48441E5F7EBB91946C7
S214033F502046FFF768FF002EF2D170BDF8B51D4668
S214033F60C36A04465B070F46164610D404212C305A
S214033F70FFF7BFFC84F89A702046A4F89660A4F86E
S214033F8098504FF40061BDE8F840E5F7CBB9F8BDAB
S214033F9010B511B190F89A400C7012B1B0F89610A3
S214033FA0118013B1B0F898201A80C06AC0F380005D
S214033FB010BD4FF400412830FFF79BBC00F5A270FC
S214033FC0704790F8370100F00F00704770B504464D
S214033FD0FDF703FA6568064601F041FF2D1AB5F5AD
S214033FE0FA7504D53046BDE87040FDF7FCB940F2DB
S214033FF07122636B94F870105343B5FBF3F5A38FEC
S214034000AAB29B1AA38794F86F30154602FB1133A6
S214034010252193FBF1F001FB1033002BB8BF5B188F
S21403402084F86F30B4F89C3020469B1AA4F89C3072
S2140340300021E8F7A5FB40F27122636B20465D433F
S214034040636802FB15336360E8F74CFBCAE700239B
S2140340502DE9F3474E790446B00758BF06F001062C
S21403406008460D4648BF0326ADF8043058BF013650
S214034070FFF763F9074607F01F03002BE36A15BF34
S2140340804FF001084FF000084FF003094FF0020904
S21403409099050CD59DF80430294666F3010368F3A9
S2140340A045138DF804302046019A00F08EF9284611
S2140340B007F0EEFA82464946284607F0A4FA9DF82A
S2140340C00430AA7966F3010368F345138DF80430C8
S2140340D08DF805A0BDF804300C32AB529DF80430C1
S2140340E0A9189A066B7948BF8F7043F001036B716A
S2140340F0FDF773F906462046294650F8A48F07F0C5
S21403410029FB94F84631013384F84631A36A1B072A
S2140341100CD5B4F87C30012B02D92046FFF756FFA6
S214034120304602B0BDE8F047FDF75DB9656801F0BB
S21403413096FE0746E8F73AFC8442F1D1ED1BB5F547
S2140341407A7FEDDDB8F1000F03D0D4F8A030002B52
S214034150E6D1E8F7C3FFE3E708B5022007F0D7FB8D
S21403416010B100F043FE012008BD10B504464FF41D
S21403417040712830FFF7C5FB2046BDE810400021FC
S214034180E5F770BD012310B5A1F12002C1F12004AB
S21403419023FA04F403FA02F222438B40D0E90841DF
S2140341A023400A40134314BF0120002010BDC36AF6
S2140341B010B5044613F0080012D00123A1F1200223
S2140341C0C1F1200023FA00F003FA02F202438B4007
S2140341D0D4E9080103400A40134314BF012000201A
S2140341E010BD10B50C46C9B2FFF7E1FF70B1E6F794
S2140341F00DFEC4F12002A4F12003E04001FA02F20E
S214034200104321FA03F3184300F0010010BD70B504
S21403421004460E46E6F72CFFFDF7DFF805460221B7
S214034220204684F87760E5F77DF820460021E8F716
S214034230A7FA2846BDE87040FDF7D5B870B5044622
S2140342400D46FDF7CAF80646E8F7B0FB844201D1EF
S214034250E8F724FF3046FDF7C6F829462046BDE8B2
S2140342607040FFF7D4BF0B68C0F84031704738B5CD
S21403427040F64805D0F840310C460B609BB2AB4283
S21403428004D90B21FFF7ADFF08B9258038BD44F2EA
S21403429090232380FAE708B500F0FBF8E5F7AAF9C0
S2140342A000F044FB00F008F8E6F71AFEE7F7D6FB43
S2140342B0BDE80840E7F752BC704770B515460E4692
S2140342C01C46FFF7C6FB2B684EB103606B68436062
S2140342D02368C0F825302368C0F8153070BD8360A6
S2140342E06B68C3602368C0F829302368C0F81930A8
S2140342F0F4E770B50546FFF7ACFB0446FDF76DF82B
S21403430006464FF480712846FFF7A7FB4FF400617B
S2140343102846FFF7AAFB3046FDF765F80023284634
S21403432023612375236284F82430FFF794FB8023EC
S21403433010F0080F14BF237584F8243070BD10B531
S2140343400446FFF712FF2046BDE810401021E4F7AD
S214034350E9BF10B504464FF46061FFF789FB2046BA
S214034360BDE81040FFF701BF7FB506460C46FFF7D2
S21403437070FB4FF4C06105463046FFF776FB4FF4FB
S21403438000613046FFF774FB4FF48060E6F7E4FC09
S214034390224670B969462846E6F744F86B4605F1A7
S2140343A0100213F8011B02F8011DAA42F9D104B04A
S2140343B070BD6C4602F11006234610685168083239
S2140343C003C3B2421C46F7D1E8E7F0B587B00D4603
S2140343D0ADF80C20FFF73DFB0446284607F058F9D6
S2140343E0064600B32846E6F75BF89DF80C3005AFA3
S2140343F003F02303224631460093019704F120037A
S214034400FDF73DFC2846E6F761F8042239462846C0
S21403441007F07BFB236A0133236223B994F8243025
S214034420013384F8243007B0F0BD30B585B003916E
S214034430ADF80820FFF70DFB0446039807F028F9AC
S214034440051F002D02DC002005B030BD0398E6F7FB
S21403445027F8431901939DF80830224603F02303F7
S2140344600093294604F11003FDF7FAFB0028EAD16E
S2140344700398E6F72BF8042103A807F0ABF92369A2
S214034480013323610BB10120DEE7237D013323755E
S214034490F9E708B54FF40060E6F75EFC40B94FF461
S2140344A08050E6F759FC40B9BDE80840EAF7CABBB6
S2140344B0FFF7C2FA0028F2D008BDFFF7C1FA0028BA
S2140344C0F2D0F9E741F0004141F4E0210160704782
S2140344D007B501A8019107F056F8002003B05DF870
S2140344E004FB704770477047704710B5DC1D0433F4
S2140344F083734379C47123F0030343F003030E2449
S2140345004371012344738371C3730182827410BDA4
S214034510D31CC3713E2343734379827323F003038F
S21403452043F0030343710123C173837170470F2361
S2140345304373042383734379A0F8111023F0030312
S21403454043F00303437140F20173C3800123C27334
S21403455003747047D31CC3714379417323F0030379
S21403456043F003034371012382738371704708B5D5
S2140345700023FFF7BAFFBDE80840E6F795B82DE934
S214034580F84380460220894617461E4607F0BFF9C1
S214034590D0B10C2343730823837340F60133457964
S2140345A0C38025F003059DF8203045F003054571CB
S2140345B0A0F8108080F81290A0F81370A0F8156089
S2140345C0C373E6F771F80120BDE8F88308B5022047
S2140345D007F09DF930B101221121FFF799FFE6F7A5
S2140345E063F8012008BDF8B504460F4616461321A6
S2140345F01D460922FFF78CFF83790C331C44A170F8
S214034600E77026712B68C4F80530AB88A4F8093028
S214034610BDE8F840E6F748B870B5064602200D46F2
S21403462007F075F9044668B114210422FFF770FFFA
S21403463083790C331C44A170A4F803606571E6F714
S21403464033F8012070BD08B501F06BFD08BD2DE9F8
S214034650F041074602200D4690461E4607F057F9DE
S2140346600446E0B109222121FFF752FF0A2283798B
S2140346700C331C44BDF9183084F8038093FBF2F323
S21403468023729DF81C30A7806372BDF92030A67193
S21403469093FBF2F3E571A372E6F706F80120BDE893
S2140346A0F08137B5044606F0F3FF3E22A379C0B285
S2140346B00C33E518E254831E6B700D23AB70AB7995
S2140346C01C38012BE8768DF8073009D10023E91D45
S2140346D01A460DF10700FEF755FE9DF80730AB713D
S2140346E02046E5F7E1FF03B030BD704710B5E6F7A7
S2140346F015F8837900210C33C418E078E4F718FA28
S2140347006168FFF777F80446E6F70EF82246BDE839
S214034710104000234FF61941FFF7E7BE10B5E5F743
S214034720FDFF837900210C33C418E078E4F700FA20
S2140347306168FFF76DF80446E5F7F6FF2246BDE825
S214034740104000234FF61A41FFF7CFBE70B5E5F7CA
S214034750E5FF002186790446FE20E4F7E9F90546DD
S214034760E7F7C8FB50B10C24E5F7DEFF2246BDE8A9
S2140347707040002342F20501FFF7B7BEE7F700FCDF
S2140347800028F0D134440F342DB121462846FFF7D4
S2140347904FF80028E7D02046E6F72AFA0024E3E796
S2140347A02DE9F041E5F7BAFF837900250C33C418E9
S2140347B0E678E5F7B3FF0768E5F7B0FFA6F1FE0373
S2140347C05942594105603046E4F7B2F93B4629465B
S2140347D02279FEF769FF0446E5F7A6FF2B46224635
S2140347E0BDE8F04142F23701FFF77FBE2DE9F04105
S2140347F0E5F794FF837900250C33C418E678E5F7CC
S2140348008DFF0768E5F78AFFA6F1FE035942594173
S21403481005603046E4F78CF93B4622790121FEF722
S21403482043FF0446E5F780FF2B462246BDE8F041EA
S21403483042F23801FFF759BE2DE9F047E5F76EFF60
S21403484083790C33C418277994F8038027B9B8F111
S214034850010F27D0E4F7CEFB00260534BE420ADB61
S2140348600025E5F761FF2A46BDE8F047002342F23C
S2140348703901FFF73ABE2078B4F80150A0F1FE03E1
S2140348805942594194F803900434E4F751F958B166
S2140348902A464B464146E4F7A9FA05460028E0D1E6
S2140348A00136DBE71225DCE74225DAE710B5E5F744
S2140348B035FF837900210C33C418E078E4F738F920
S2140348C080B1211DFEF7B4FF00280CBF0C24002482
S2140348D0E5F72AFF2246BDE81040002342F23501E1
S2140348E0FFF703BE4224F3E7FE282DE9F843064606
S2140348F0894690461F4616D0022007F008F804465D
S21403490090B106221221FFF703FE1223A579204653
S2140349100C352544AB7085F803902E71A5F80580F9
S214034920EF71E5F7C1FE0120BDE8F883704710B5C7
S214034930E7F7E0FA0446FEF718FD2043C0B210BDC1
S21403494038B5E5F7EBFE8379C17903F10C0202442F
S214034950CB1A02200021B2F8035007F003F90446ED
S21403496040B9E5F7E1FE0722BDE8384042F21901F7
S214034970FFF7DDBD2846E4F7ABFC38B12146E7F781
S21403498081F80446E5F7D0FE2246EDE72046FCF71D
S2140349909DF80224F6E770B5E5F7C0FE8379184460
S2140349A0B0F80F60B0B2E4F793FC80B1002100F0DA
S2140349B06DFE0546E5F7B8FE044602232A4642F294
S2140349C01B01FFF792FDA3791C44668270BD022586
S2140349D0F0E770B5E5F7A2FE83790C33C418B4F894
S2140349E003502846E4F774FCA0B1611D00F04EFEA8
S2140349F00646E5F799FE04460223324642F21A01BA
S214034A00FFF773FDE37923449D72E3792D0A1C4473
S214034A10E57270BD0226ECE710B5E5F77FFE8379F5
S214034A200C3318444479B0F80300E4F751FC60B142
S214034A302146E6F703FE0446E5F776FEE2B240F2C9
S214034A400641BDE81040FFF772BD0224F4E770B5D7
S214034A50E5F764FE83791844B0F80F50FCF7BDFC05
S214034A6004462846E4F734FC80B11621FFF7E6FB3C
S214034A7000252046FCF7B7FCE5F756FE2A46BDE8B8
S214034A80704000234FF60441FFF72FBD0225F0E7E1
S214034A90F8B5E5F743FE847905460C340444B4F8C8
S214034AA00300E4F715FC064640B9E5F73DFE02228F
S214034AB0BDE8F84042F21301FFF739BDAB79E97957
S214034AC003F10C020220CB1A2A44002107F04AF80D
S214034AD0014618B9E5F728FE0722E9E78379033389
S214034AE083713046B4F80D50B4F80F70E6F75AFDEC
S214034AF004463A4629463046FFF78DF8E5F714FE96
S214034B002246D5E738B5FCF768FC0446FFF70FFFE7
S214034B1000280CBF0C250025E5F706FE2A4642F2C0
S214034B200E01FFF724FDE7F7C1FA2046BDE838403B
S214034B30FCF759BC10B5E5F7F1FD83791844B0F8D6
S214034B400F00C0B2E4F732FFE5F7EEFDBDE8104014
S214034B50002342F224011A46FFF7C7BC2DE9F843A7
S214034B6081460220884617461E4606F0D0FE0446B7
S214034B7090B10A220321FFF7CBFC0023A579204638
S214034B800C352544EB70A5F80490A5F806802F8114
S214034B906E81E5F789FD0120BDE8F8832DE9F04332
S214034BA0814685B002200E461F469DF844808DF848
S214034BB00F2006F0ACFE0546002844D02222292109
S214034BC0FFF7A6FC0022AC7930460C342C4404F1E3
S214034BD00E0304F11401C4F80E209A806261228346
S214034BE000913A460DF10F01FEF7CDFB9DF84030DC
S214034BF0A4F80490E37006F00103A3719DF80F3048
S214034C0016F0FD0FE3713B68A360BB88A3814FF6E4
S214034C10FF7304D0032E08BF43464FF0FF08BDF8CA
S214034C20302028466283BDF8342084F82180A2838E
S214034C30BDF838206384E2839DF83C2084F8202066
S214034C40E5F732FD012005B0BDE8F083F8B5074669
S214034C50022016461D4606F05AFE044690B10C2264
S214034C600421FFF755FCA1799DF818300C31214437
S214034C7020468F80C1F80660C1F80A50CB70E5F76E
S214034C8013FD0120F8BD70B5064602200D4606F05A
S214034C903EFE044668B103223021FFF75BFCA3798E
S214034CA020460C332344A3F803609D70E5F7FCFC11
S214034CB0012070BD70B5064602200D4606F027FE9D
S214034CC0044688B104220821FFF744FCB5FA85F2AE
S214034CD0A37952090C3323442046A3F803605A7180
S214034CE09D70E5F7E1FC012070BD2DE9F843814690
S214034CF00220884617461E4606F009FE0446B0B153
S214034D000B220721FFF704FCA579BDF820300C35EC
S214034D1025442046A5F80390A5F80580A5F8077056
S214034D20A5F80960A5F80B30E5F7BEFC0120BDE841
S214034D30F883F8B5074602200E46154606F0E7FD4B
S214034D400446A0B10D220521FFF7E2FBA379204616
S214034D500C332344A3F80370A3F80D602A68C3F842
S214034D6005206A68C3F80920E5F79EFC0120F8BD14
S214034D702DE9FF4116466A4680460F4615460A9CAD
S214034D8003F1100E9446186859680833ACE803001C
S214034D9073456246F6D124B9022006F0B8FD0446F0
S214034DA008B31D22ED212046FFF7B2FBA3790C338F
S214034DB02344A3F80380A3F80D702EB13268C3F81A
S214034DC005207268C3F809200F3304AE2A4603CAC7
S214034DD0B24218605960154603F10803F6D120461F
S214034DE0E5F762FC012004B0BDE8F08113B513219A
S214034DF0827901900C32841881544FF44072C28039
S214034E00E5F7E8F9A07020B901A806F0BCFB02B0EC
S214034E1010BD8000013060700198E5F745FCF6E7A9
S214034E2070B5064602200D4606F071FD044678B1BD
S214034E3004220521FFF78EFB0022A37920460C33BC
S214034E402344A3F803605D719A70E5F72DFC0120F7
S214034E5070BD13B5837901900C33C418C05CE4F7B6
S214034E6037FA20B901A806F08EFB02B010BD6378AE
S214034E70019913F0300F0CBF012200228B79043303
S214034E808B714B7962F300034B71E4F7EBFEECE7AF
S214034E902DE9F041E5F742FC83790C33C418B4F8E6
S214034EA003801FFA88F0E4F713FA054600B3A279E5
S214034EB06179FEF7BFFE0646E5F736FC0746022392
S214034EC0324642F27A01FFF710FBBB7938463B4481
S214034ED0A3F81280E5F7E8FB46B9A37933B1284671
S214034EE0FFF76FF801462846FEF775FDBDE8F0812B
S214034EF00226E1E700F05FBE50E8003F0B4340E8C0
S214034F000032002AF8D17047704770B50E46154632
S214034F10E4F79CFB044648B93046E4F74FF90446E9
S214034F2020B92846E9F7B6FD044640B10020E4F769
S214034F308DFB0020E4F742F90020E9F7ABFD20469D
S214034F4070BD4FF40010EAF7C3B8E8F775BFE5F78E
S214034F5031BE4368143B4360A0230B6070471AB905
S214034F604268A2EB530242600A6802EB83020A60BD
S214034F707047884210B518D8052816D9B1F5486F7A
S214034F8013D8B3F5FA7F10D240F67644A2F10A009E
S214034F9080B2A04209D801339BB24B435B00B3EB0C
S214034FA0C20F94BF0120002010BD0020FCE7C943B8
S214034FB050E8003F0B4040E80032002AF8D1704723
S214034FC0002070472DE9F04104460F4600264FF0B7
S214034FD00108214686F00100FEF734FD4FF48051A8
S214034FE0FFF7E5FF836833B940460EB1BDE8F081AD
S214034FF001268046EDE7028ABA4206D10022012145
S214035000204698470028EFD1EFE70268D205EBD594
S21403501000221146F4E708B5FEF72DFD00230380B2
S214035020436008BD70B506460C46FCF7D6F9054640
S2140350303046FEF720FD30B103781C4304704FF46E
S2140350400070EAF745F82846BDE87040FCF7CBB990
S214035050E4F708BE07B542798DF8071022F003027D
S21403506042F00302427140F203320DF10701C2809F
S214035070012206F06BFA03B05DF804FBF8B5174699
S21403508006460C461D46FEF7EEFC020713D5022124
S2140350903046FFF777F870B111212046FFF7DAFFA5
S2140350A02046E5F78DFF4570877021463046BDE8FC
S2140350B0F840E4F7D7BD28204FF08861C5F12002F9
S2140350C0A5F12003E94000FA02F220FA03F31143A4
S2140350D01943CB07E0D40D212046FFF7BBFF20463C
S2140350E0E5F76EFF4770E0E770B50C460546072107
S2140350F020461646FFF7AEFF2046E5F761FF21463A
S21403510046702846BDE87040E4F7ACBD38B50C469B
S21403511000210546FEF7BFFC47F6FE73241AA4B229
S2140351209C4205D928462821FFF771F8002038BD90
S2140351300120FCE738B504460D4601460020FEF77D
S21403514081FC03689B0505D429462046BDE8384004
S214035150FFF7DCBF002038BD2DE9F04115461F469A
S2140351609DF81880FEF76EFC0446FCF736F9B8F196
S214035170010F064623D154E8003F43F4807344E806
S2140351800032002AF7D105B354E8002F42F4007228
S21403519044E80023002BF7D1FF212046FFF707FF43
S2140351A054E8002F48EA020244E80023002BF7D114
S2140351B03046A5602782BDE8F041FCF714B94FF4EA
S2140351C080712046FFF7F3FEDDE74FF400712046BB
S2140351D0FFF7EDFEE0E773B5064601200C46FEF743
S2140351E031FC002305461A46009321463046FFF756
S2140351F0B3FF6B6863B14FF480712046E4F792F80F
S21403520055E8003F43F4007345E80032002AF7D11F
S214035210FCF7E3F805462046FEF72DFC28B1038885
S2140352201BB14FF40070E9F753FF284602B0BDE800
S2140352307040FCF7D8B838B505460C46FEF702FCB6
S21403524083684BB102212046002298472146284610
S214035250BDE83840FFF7BFBF38BD012938B505465E
S2140352600C4608D0CC1E012C03D801460120FFF7BC
S214035270E2FF012038BD2221FEF75CFC20462946CA
S214035280FFF7D9FF0020F5E708B5FEF7DBFB00685C
S21403529000F0F00008BD10B5014604460120FFF7F4
S2140352A0F3FF20B92146BDE81040FFF7EDBF10BD60
S2140352B070B506460C4601460120FEF7C3FB314691
S2140352C005460020FEF7BEFB2B680268014643EA4C
S2140352D00200C0051ED49B0502F4007203D49AB9DB
S2140352E04FF0FF3070BD2B8A1B1B98B27AB1098A28
S2140352F0091B89B28842A8BF08464FF6FF73984237
S21403530008BF4FF0FF30EDE74FF6FF70EFE74FF6BD
S214035310FF71EFE70120E5E72DE9F341044601912C
S214035320014601201546FEF78DFB21460646002062
S214035330FEF788FB80462046FEF78DFB810606D5E2
S21403534001A806F020F90C2002B0BDE8F081FCF7B6
S21403535044F8336807469A0503D4D8F800309B050B
S21403536009D50199301D8D6006F0F4F93846FCF72F
S2140353703AF80020E8E7FCF736F820460199A847F4
S214035380E2E738B5014604460120FEF75BFB054617
S2140353900C3006F0F8F8281D06F0F5F82146002034
S2140353A0FEF750FB04460C3006F0EDF8201DBDE872
S2140353B0384006F0E8B870B5014605460120FEF70A
S2140353C041FB0646043006F05BF9044670B14FF421
S2140353D000713046FFF7EBFD21462846A368984741
S2140353E020B12046BDE87040FBF770BB70BD0023BC
S2140353F08260C0E90031704708B50B46014618467F
S214035400FEF720FB0068C0F3402008BDFFF725BF6A
S214035410CB1E012B70B504460D46164606D81A2138
S214035420FEF788FB40212046E3F77CFF32462946F9
S2140354302046BDE87040FFF710BF38B504460D465A
S214035440FEF764FB28B1012D04D122212046FEF786
S21403545071FB002038BDF8B50C468B7907460B4424
S214035460D3F80D60D3F811303246E4F7DDFB09219B
S2140354702046FFF7EFFD2046E5F7A2FDA579E5F701
S214035480C5FC0C3566F0FF0625440640C5F80160EA
S214035490E5F7BCFC3846C5F805102146FFF7D8FDEE
S2140354A002213846FFF7BEFDF8BD70B50E46054629
S2140354B001460020FEF7C6FA012E044603D0022E4C
S2140354C011D0012070BDC16828468B7919440D316F
S2140354D0FEF799FBE068FBF7F9FA00202946E0603F
S2140354E0FFF779FEEDE7C068FBF7F0FA0023E36009
S2140354F0E7E738B50D46044601460120FEF7A2FA53
S214035500012D08D100F112012046FEF77CFB21464F
S2140355102846FFF760FE012038BD08B5FEF79BFA64
S214035520C0F3C00008BDF8B50C460746FFF7F5FF05
S21403553080F00106F6B239463046FEF783FA054692
S214035540C068012C837903D0022C1BD00120F8BD40
S2140355500C33C41823893846E288A188FEF72BFC4F
S214035560618862784900384689B25200FEF7AEFA7F
S214035570E868FBF7ABFA002339463046EB60FFF7E3
S2140355802AFEE3E7FBF7A2FA0023EB60DEE708B5A3
S214035590FEF769FA00F0010008BD38B50C46022193
S2140355A00546FEF762FA0C212046FFF753FD204618
S2140355B0E5F706FD4FF0FF3383700223C3700D2318
S2140355C043706FF02F03037105232146437128466A
S2140355D0BDE83840FFF73CBD042910B5044601D0AA
S2140355E0002010BDFFF799FFC0F10200E5F7B4FBFA
S2140355F00028F5D106F08BF9014608B90220F0E73A
S2140356002046E5F7EDFF0028F8D10120E9E708B5C5
S214035610FEF721FAC0F3C00008BD2DE9F0410F469E
S21403562004469046FFF7F3FF80F00105EDB22146EE
S2140356302846FEF707FA012F064603D0032F0FD09E
S21403564001200BE02046FEF784FE22212046FEF7CB
S21403565071FA28462146FFF7EEFD0020BDE8F081EB
S214035660C068FBF733FA00232046F360FEF771FEAB
S21403567020465FFA88F1FEF75DFA20462021E3F71D
S21403568051FE21462846FFF7D6FDD9E737B504462F
S2140356900D46FEF7E8F903054CD5022006F037F968
S2140356A00190002848D0204645B3FFF7B0FF50B11D
S2140356B005210198FFF7CEFC0198E5F781FC20460B
S2140356C00199FFF7C5FC20462946FEF74DFE204606
S2140356D0FFF79DFF78B94FF400612046FEF7C0F947
S2140356E006210198FFF7B6FC0198E5F769FC20460A
S2140356F00199FFF7ADFC002003B030BDFFF787FF2D
S21403570068B10199032306222046FFF7B7FC20461B
S214035710FEF71FFE21462846FFF78DFDEBE701A89F
S21403572005F031FF20463D21FEF771FD2046FEF7CA
S21403573010FEE0E70C20DFE70720DDE7F7B50146BC
S21403574004460020FEF77EF9054600F112074FF4E3
S2140357508060E5F701FB50B92046E3F7CDFD3A46F6
S214035760698B80B203B0BDE8F040FFF7E2BA20468B
S214035770E3F7C2FD064620466D8BFEF76AF9002264
S2140357800346009229463A46B0B2FFF7F1FA03B051
S214035790F0BD83781A2B09D81B2383700288B2F5D1
S2140357A0A47F07D24FF4A473038007E0FB2BF5D93D
S2140357B0FB23F2E744F290239A42F5D87047F0B5FC
S2140357C00446CA798B7987B043EA0223ADF80C30D6
S2140357D08B8803A88DF80E30CA788B7840F6480578
S2140357E043EA0223ADF810300B8805A98DF8123072
S2140357F0FFF7CFFF04A8FFF7CCFF2046FEF737FDE1
S2140358000B212046FEF7EDFC44F29023002818BF38
S2140358101D46BDF80C709DF80E30BDF81460BDF83B
S21403582010209DF816009DF81210AF42D4BF0097C3
S2140358300095FB2BA8BFFB23B242A8BF324681428A
S214035840A8BF01462046FEF729FB07B0F0BD37B5D3
S214035850144605461046FFF7FDFB2046E5F7B0FB6A
S21403586001A904462846FEF702FD0B212846FEF74B
S214035870B8FC6FF004036370002344F29022A37015
S21403588040F64803002818BF1346A4F803309DF8D3
S2140358900630A4F80530BDF80430A4F8073003B08A
S2140358A030BDFFF7DABC022973B505460C4603D0B4
S2140358B00024204602B070BD0521FEF763FC0028D5
S2140358C0F6D0E4F779F81B28F2D94FF40040E5F751
S2140358D043FA0028ECD106F01AF806460028E8D06A
S2140358E0284601A9FEF7C3FC314628469DF8063034
S2140358F0BDF80420E6F748F90028D9D10124D8E7F3
S21403590030B190FAA0F00123B0FA80F08340D8B209
S214035910704770B50646FEF7A6F880F04004020608
S2140359200546C4F3801406D408213046FEF73FFC30
S21403593008B144F00204EB0506D40B213046FEF70B
S21403594036FC08B144F00404204670BD2DE9F84344
S214035950044691460F46FEF786F8C0F340152046E8
S214035960FEF72CFB214680462846FEF76BF8494691
S21403597006462046FEF7DEF898F80110384601F092
S2140359800F0100F024FA062814BF014600212A4618
S2140359902046FEF7B7FA21462846FFF71CFC2021CF
S2140359A02046FEF765F856E8003F43F4805346E882
S2140359B00032002AF7D1BDE8F883F8B50E46044650
S2140359C01546FEF750F8032EC0F340170DD0042EED
S2140359D016D0012E12D122212046FEF7ABF8384608
S2140359E02146FFF728FC0020F8BDEAB20021204636
S2140359F0FFF7ACFF21463846FFF71DFC0120F3E70F
S214035A000C22F3E7012910B504460BD1FEF72BF859
S214035A102146C0F34010FEF715F80022817C20468D
S214035A20FFF794FF012010BD2DE9F7430F46054607
S214035A30FEF719F800F02009C0F340182846FEF7D1
S214035A40BDFABB790C333B445E789B781E400378E3
S214035A50C3F3030000EA13103040FFF751FF044678
S214035A6048B9B9F1000F06D12846FFF752FF304078
S214035A70FFF746FF04462846FEF7A3FAE8F7B8F80A
S214035A80A04223D01CB302212846FEF704F80021C7
S214035A9006462846FEF72DF918213846FFF7DAFAA8
S214035AA03846E5F78DFAB6B2394644708470A0F8E6
S214035AB003602846FFF7CCFA23462246294640468B
S214035AC00096E6F79BF803B0BDE8F083002426466D
S214035AD0E2E770B504460D46FFF7DDFB28B9294615
S214035AE02046BDE87040FFF79FBF40282946204662
S214035AF0BDE870404FF0160314BF2A222322FFF797
S214035B00BDBA38B505460C46FDF7ADFF830604D48B
S214035B102046BDE83840FAF7D9BF21462846BDE8F7
S214035B203840FFF781BF73B58C7906460C340C44B6
S214035B300D46FDF798FFA278C0F34010032A14D051
S214035B40052A28BF00226378032B10D0052B28BF15
S214035B500023B4F8031000913146E6F74FF82846C1
S214035B6002B0BDE87040FAF7B1BF0022EBE70023AE
S214035B70EFE708B58B790B441B7B162B03D0172B4B
S214035B8005D0002008BDFFF7A4FF0120FAE7FFF7C2
S214035B90B8FFFAE708B58B790B441B7B162B03D0AB
S214035BA0182B05D0002008BDE6F752F80120FAE7C7
S214035BB0FFF7B9FFFAE770471FB54A1E042A0346E4
S214035BC00C465FD8012902D1008804B010BD022913
S214035BD005D100885B88984238BF1846F5E74A0027
S214035BE0014601A805F071F9032C07D10023ADF88F
S214035BF00A304FF6FF73ADF80C3001E0042CF8D0F2
S214035C00BDF80620BDF80430934284BFADF80630D5
S214035C10ADF80420BDF80A30BDF80C20934288BFC7
S214035C20ADF80A20BDF80A2088BFADF80C30BDF8E1
S214035C300430934288BFADF80A30BDF80620BDF89D
S214035C400C309A4288BFADF80630BDF80820BDF880
S214035C500630934284BFADF80830ADF80620BDF891
S214035C600A30BDF808209A4288BFADF80830BDF860
S214035C700820BDF806309A4238BFADF80830BDF8A4
S214035C800800A2E74FF6FF709FE7012804D002281A
S214035C9004D030B9E7F70EBCE7F7FCBB0020E6F705
S214035CA077B9704710B1012803D070470120E6F793
S214035CB06FB90020FBE7F7B51F468B1E012B054681
S214035CC00C46164613D8FDF758FB0023CDE900050E
S214035CD0F01A18BF01201A463946FDF75CFB80B15F
S214035CE0022C0BD12846E4F75DFF002004E00029D0
S214035CF0F8D0012902D0FF2003B0F0BD2846E4F710
S214035D0095FF0120F8E770B50D4600219DF8106059
S214035D100446817106F10C014173111E18BF01215F
S214035D2003F00F00237B40EAC11003F0400318433F
S214035D3020732B469DF8141004F10E00FFF7BBFFEB
S214035D40237B0E3660F3861323732B686361AB885D
S214035D502383A3793344E37170BD10B541890446A8
S214035D608389C2890846FFF704F9E0B1E279531E36
S214035D70072B19D86389934216D922899A4213D8D6
S214035D80237C43B9637C33B9A37C23B9E07C10B985
S214035D90237D0F2B07D9607D1B3000F01F000B28D7
S214035DA08CBF0020012010BD0020FCE708B5E8F7F3
S214035DB0A5FBBDE808400020E8F70EBCC94350E841
S214035DC0003F0B4040E80032002AF8D17047022813
S214035DD008D0042803D0012818BF0620704701F016
S214035DE00101C81C7047E8F757BF0A2802D80130DC
S214035DF0C0B27047242801D80230F9E7252805D019
S214035E00262805D0272818BFFF2070470020704794
S214035E100C20704708B5E7F767FFBDE808404FF06A
S214035E200060E9F755B908B5E8F73CFF20B1BDE8CF
S214035E3008401020FFF7EEBF08BD70477047704755
S214035E407047704700207047704770477047704729
S214035E50704710461946704700200021704704F02B
S214035E60CBBBF3F7BDBB04F07FBC08B5E8F73EF940
S214035E7020B1BDE808400420FFF7CCBF08BDF0B54D
S214035E8085B00D4616468DF8070002B983B329463A
S214035E909DF80700FDF785FA044690B929469DF854
S214035EA00700FDF782FA20BBF6B19DF8070000381D
S214035EB018BF01202946E8F7B5FD441C18BF012486
S214035EC017E002AF012239460DF10700FDF76BFA22
S214035ED0024604464EB19DF80730181E18BF01202F
S214035EE0002A18BF3D46E5E70124FDF749FA00B945
S214035EF00124204605B0F0BD37B50246136A0846AE
S214035F0003F4007403F40015DB0505D47CB9E4F749
S214035F1049FE204603B030BD4CB9B5FA85F4D2F835
S214035F20551064090160B2F859208280F1E70190A8
S214035F3092F95430B5FA85F4009300231A461946AD
S214035F401846FDF728FA6409E3E7704770470246E8
S214035F5019460020E8F744BC00207047002070472D
S214035F6007B500214FF0FF336A46084600938DF8C5
S214035F700430E8F7C7FD03B05DF804FB38B5054603
S214035F80006805F0A2F90446287900F01F0005F022
S214035F909CF92044C0B2012894BF0020012038BDDC
S214035FA070477047914270B50D4614461E4609D297
S214035FB0FFF719FF641B013490FBF4F303FB140093
S214035FC00544ACB23480FFF70EFF33880133B0FBD1
S214035FD0F3F202FB1300049B188070BD70477047F2
S214035FE070470120704708B5202000F054FF0038A2
S214035FF018BF012008BD08B5FFF7F5FF20B1BDE8BF
S2140360000840202000F04FBF08BD73B506460D4676
S2140360101446D2B100F03CFFA84218D8304600F030
S2140360204CFF01460190A0B100232A46204605F006
S214036030A0FA01A805F0A7FA2246022052F8041B8C
S21403604000F0E8FE002002B070BD2220FBE721200E
S214036050F9E72D20F7E708B5FAF76AFA08B1012041
S21403606008BD00F060F8FAF76BFA0028F7D1EBF7F3
S21403607045FB003818BF0120F2E708B5E8F7D6FF5E
S21403608000280CBF0420012008BDE8F7DDBF002070
S214036090704730B50446154687B00846FEF757FFE7
S2140360A0122200210DF1060004F004FFA368ADF8E8
S2140360B004500293E3680393E38BADF81030238C0C
S2140360C0ADF81230FFF7E3FF029B8DF8140043F49C
S2140360D01053029300F04DFE18B1029B43F00403E5
S2140360E0029301A8E4F74AFE10F0FF0516D1A38C2D
S2140360F00DF10201ADF80030E38C6846ADF80230CE
S21403610000F026FDE9F73CF8FEF71FFF012104F037
S21403611056F9EAF7F1FC284607B030BD40F20C40CA
S214036120FAE7E9F73DB8FCF7F7B8E1F735BEC16023
S214036130704741EA002008B540F49020FCF787FB3F
S214036140014640B110F1880F05D0BDE8084040F283
S2140361500740EDF705BC08BD0120704770B50C4637
S214036160064611461D46E9F7E3F858B144EA062009
S2140361706FEA40406FEA50402A46BDE8704080B25E
S214036180E9F72AB840F2064070BD837901461A073C
S21403619003D506220020E9F755B99B0602D5062249
S2140361A00120F8E74FF0FF3070478379532B01D176
S2140361B0E9F77AB9FFF7E9BF70B5064614461D46F8
S2140361C0E9F7B6F810B90024204670BD41EA062068
S2140361D06FEA40406FEA50402A46214680B2E9F70C
S2140361E019F80028F0D0EEE713B50446E9F7A0F84F
S2140361F010B9002002B010BD08226B461146204697
S214036200FFF7DAFF0828F4D19DF80230002BF0D010
S2140362109DF90300013018BF0120EBE7704700200B
S2140362207047532838B505460C4604D1BDE83840B8
S2140362300846EDF719BC0620FAF7F6FD68B9637948
S214036240142D03F03F03637104D0722D08D163F05D
S2140362503F0363710020A57138BD40F20740FBE79A
S2140362602120F9E71FB550F80C4BADF80A3094F827
S2140362707040069BADF806108DF8082040F20351D7
S21403628001AA8DF80440039305F0B2F810B906A8E6
S21403629005F079F904B010BD2DE9F0414FF0000880
S2140362A086B004460E461546CDF80C8000F144072A
S2140362B012B303A805F067F9384605F064F984F8C5
S2140362C01C8000233246009318212B46204600F0FC
S2140362D079FF05F58855204650F80C3B40F20551EA
S2140362E093F8703004AA8DF81030059505F080F801
S2140362F0002006B0BDE8F08143691A0710D4A8460B
S214036300384605F05EF903460390C0B903A805F0C6
S2140363103AF9384605F037F90023237755B1D0E725
S21403632023F00803436103A805F02DF9384605F06A
S2140363302AF92577204600F0C1FF0025CBE7997997
S214036340204601F10C021A44B2F801600531B2F896
S21403635003209971314601F0DBFCCDF80C80002850
S214036360CED00546D2E72DE9F84F0E4691469A461B
S21403637005469DF828B010B1037C012B60D0284653
S21403638001F0DDF9304601F056FB00223146804627
S214036390284601F0C3FB0746304601F045FE42F6A9
S2140363A0052398421CD118F0300F26D1BBF1000FFD
S2140363B033D018F0200F3FD0BA073FD5EB8B002B16
S2140363C038D153464A463146284600F0A9FF0446CC
S2140363D0E8B940F20A412846EE8301F0BEF916E01A
S2140363E0284601F061FA0028DDD0284601F071FA4C
S2140363F00028D8D041F2121409E0B907D6D03146A6
S214036400284601F027FC0028D0D000F588542846FB
S21403641001F09AF92046BDE8F88F18F0100F0BD05C
S214036420FB070BD553464A463146284600F055FF30
S2140364300446ECE70524EAE72124E8E70224E6E736
S2140364400724E7E72DE9F047002586B09DF8389046
S21403645090F81CA004460F4690460F9E0577B9F1A8
S214036460000F09D00A464B465146009600F0AAFE96
S214036470284606B0BDE8F087BAF1080FADF81690C7
S21403648026D145893246043DADB29D424FF0020106
S2140364904FF00900A8BF1D4600F025FE02228146E4
S2140364A005A93046ADF8147005F02FFB2A46414681
S2140364B0304605F02AFB0546831C3146204689F8FC
S2140364C00130EBF7E5FAADF81650BDF81600D0E745
S2140364D0BAF10A0F0DF116020CBF0B210D21CDE9FF
S2140364E0016200930122434600F090FE1A28ECD185
S2140364F011233A4651462046CDF80090ADF8169043
S21403650000F060FEE1E7F0B5002589B017460122EA
S21403651004460E460393ADF8165001F02EFB8DF895
S2140365201500002846D1304601F09FF910B13046D9
S21403653001F05DFA304601F08EFAB8B103A805F013
S21403654022F8204650F80C2B237F92F8702040F256
S21403655002518DF8182006AAADF81A608DF81C3083
S214036560ADF81E7004F044FF09B0F0BD0DF115033D
S2140365700DF116023146204601F09CFB9DF81530BE
S21403658002465BB9BDF81630BB4235BF0723DB1B9B
S2140365908DF81530D21928BFADF81630039B314657
S2140365A001939DF8153020460093BDF81630FFF78B
S2140365B049FFD9E72A46F1E770B504460D46164665
S2140365C001F053F940B933462A46214601F0A0FBB1
S2140365D008B100F5885070BD41F20310FBE71FB504
S2140365E050F80C4BADF80A3094F87040069BADF8A3
S2140365F006108DF8082040F2015101AA8DF80440D8
S214036600039304F0F5FE10B906A804F0BCFF04B02B
S21403661010BD1FB550F80C4BADF80A3094F8704017
S214036620BDF81830ADF806108DF8082040F2045176
S21403663001AA8DF80440ADF80C3004F0D9FE04B07E
S21403664010BDF0B5122785B00392077702220546E0
S2140366500E4601F092FA044668B103A804F093FFCD
S21403666000232B7700233246009312212346284625
S21403667000F0A8FD0FE0039A304693790333937135
S21403668001F0E9F948B1039B3A46009331462346A5
S2140366902846FFF7E7FD05B0F0BD42F6293001F0C6
S2140366A02AFCB04220D1039830B903A804F06BFF4C
S2140366B000230D242B77D5E704F0EAFF80B20128E8
S2140366C0F3D1039B28469A791344197B01F027F9E3
S2140366D0044603A804F057FF00232B77002CC1D1F0
S2140366E0284600F0B2FDD6E7224631462846039BED
S2140366F001F00EFB0446EFE72DE9FF410392042267
S21403670004460D4601F039FA074628B103A804F0FB
S2140367103AFF04B0BDE8F0814FF05208039A2846CA
S21403672093790333937184F81C8001F094F9064639
S21403673040B1039B4246009329463B462046FFF75B
S21403674091FDE6E742F6293001F0D5FBA842039B0C
S2140367500BD19A7920461344197B01F0E0F803A87D
S21403676004F011FF00232377D3E732462946204659
S21403677001F0CEFAF6E72DE9FF418B7904460C3398
S2140367800B44B3F801700E463846B3F8038001F0A5
S2140367904AF9002858D002223946204601F0EDF97E
S2140367A00546E8B9384601F056F968B1162222774D
S2140367B0B37939460533B371204643460096FFF74F
S2140367C051FD04B0BDE8F081FAF716F933461B68AD
S2140367D00135EDB2002BFAD10635A8421DDC09259A
S2140367E004F1440004F0CFFE2B463A461621204619
S2140367F0009600F0E7FC092DE3D1204650F80C3B49
S21403680040F2055193F8703002AA8DF8083041F231
S2140368100913039304F0ECFDD3E70121304605F09A
S2140368203FF901460028DAD004F1440004F092FF51
S214036830B37942460533B37139463346204604B02E
S214036840BDE8F04100F010BD0125C9E713B50446C5
S21403685041B9443004F097FE204602B0BDE810402C
S21403686000F02CBD18224369027713F0080306D004
S214036870002319460093FFF7F5FC02B010BD1A4635
S214036880194602B0BDE81040FFF706BD7FB5C58BBD
S21403689004462DB342F6052001F02DFBA84207D18E
S2140368A00021204601F01CF8636923F001036361AD
S2140368B0002640F20A41204600F055FF29460DF116
S2140368C00E022046ADF80E6001F028F9BDF80E2042
S2140368D003460092294602222046FFF79AFEE683E5
S2140368E004B070BDF7B504461F460E46154600F0C5
S2140368F026FF237C012B58D0237F182B2CD06369CB
S2140369001B0713D5217F16292DD008D8122914D09A
S2140369100225204600F018FF284603B0F0BD1829CC
S2140369201AD05229F4D10023237713E0304601F01E
S21403693092F80028E6D12125EBE70023237735B12B
S214036940009332462B46204600F03CFC02E02046ED
S21403695000F07BFC0025DCE72A4631462046FFF79D
S2140369609BFC0546D5E700232377002DE8D10521B8
S2140369701720BDF82430089A009500F0D8FB20B9FC
S2140369801123324612210095DDE700F08DFB626984
S214036990034642F00802626182793146053282710B
S2140369A03A46204600F060FCD4E70725B1E72DE918
S2140369B0F041054688B042F6052001F09CFA0646EB
S2140369C004A8ECF719F9102205F121010DEB0200DA
S2140369D004F046FA50B10121284600F081FF28460C
S2140369E001F03BFB6B6923F001036B6142F6030383
S2140369F0022003A9ADF80C30ECF746FA012407464B
S214036A004FF0000820463A464FF6FF7101F038FA79
S214036A10044610B908B0BDE8F08101F004F801346B
S214036A20A4B20028EED0A64203D131462846E9F7A1
S214036A3089F9214628460DF10E02ADF80E8001F0C5
S214036A406DF803460028DDD0BDF80E2021460092DF
S214036A5028460122FFF7DDFDD4E708B5ECF7BAF8C0
S214036A600020E9F7FDFD002008BD10B90120E9F775
S214036A70EBBE70470220E9F7DDBE0020E9F7DABE79
S214036A8038B50C460546E3F749FE4379C47523F04B
S214036A90030343F0030343710923837104F10C03D7
S214036AA0C371A0F81550153038BD2DE9F3410D46D6
S214036AB016468046E3F732FE05F10C03C3714379AD
S214036AC0044623F0030343F00303437109230190B1
S214036AD08371A0F8158000F11507304604F0D8FD41
S214036AE033460544E5753BB901A8314604F032FE4A
S214036AF0384602B0BDE8F0815A7922F0030242F02C
S214036B0002025A711B68EEE708B5E3F70DFE8379B8
S214036B100C33184408BD08B5E9F7E4FDECF74CFD63
S214036B20E8F7FCFFEBF720FFBDE80840FFF7A5BF3B
S214036B3010B50446E9F782FF20B92046BDE81040A9
S214036B40F9F754BE2046F9F751FEFFF793FFF1E736
S214036B5073B50E4605F084F8044600BB42F60720DC
S214036B6001F0C9F90546D0B10A22B6F90030002172
S214036B70002BCBBF0533053BB3FBF2F393FBF2F3DA
S214036B805BB28DF8073001230DF10702184604F0B7
S214036B90E9FF002203462946104601F0B9F82046CD
S214036BA002B070BD430803F05503C01A00F0330368
S214036BB0C0F3850000F03300184400EB101000F01B
S214036BC00F007047002110B5421D441E14F8010F34
S214036BD0FFF7E8FF94420144F8D1084610BD0E20A3
S214036BE070470E2070470E2070470E2070470078BF
S214036BF0EAF7CABF13B50C460DF107020DF10601FD
S214036C00EBF7B2F830B19DF80600031B5842584123
S214036C1002B010BD0120FBE770472DE9F0438378EF
S214036C200D460D2B91B04FD109AC2646821C00F1C0
S214036C301A03274610685168083203C79A423C462F
S214036C40F7D113881C213B80284604F09CFDBDF831
S214036C5026402F6814F00C043ED1384604F018FD85
S214036C60A0F10208A0450DDA4FF0FF3400239C4242
S214036C708DF81C301EDB01223946A31C07A804F03E
S214036C8078FC17E0631C0122394605A804F071FC62
S214036C909DF81430012BE9D023460122394607A874
S214036CA004F067FC9DF81C3013B101331C44D9E78C
S214036CB08DF81C30EBF79EFB012808D002283FD046
S214036CC050B9284604F05FFC11B0BDE8F0839DF888
S214036CD01C3013F0010FF4D09DF82F00EAF77AFB6F
S214036CE080469DF83000EAF775FB0DF11C09044653
S214036CF09DF828200DF1290105A8E8F7E9FF9DF87E
S214036D0036200DF137014846E8F7E2FF05A8FFF7FE
S214036D104CFA05ABCDE90105074622464146304607
S214036D20CDF80090E9F77AFF2B68002BC9D02246EE
S214036D3041463046CDE9007505AB02F037FDC0E7A6
S214036D409DF81C3013F0030FC5E7EBF743BB704702
S214036D5008B5ECF7E7F9002008BDECF78FBDEAF7B6
S214036D60FBBA7047704770477047E8F7FFBA70473B
S214036D70704700207047704770477047F8B5044661
S214036D800F46164613680A461D0A0021043504F00A
S214036D9091F8EDB221222046394604F042FB204604
S214036DA0294604F0C7FBA27933681444E360F8BDB0
S214036DB070477047704770477047704702464FF4F6
S214036DC082712020FFF721B9014608B500F038008C
S214036DD0EAF7C8FB78B1D0E901324078C1F307413E
S214036DE010F0020F08BF1346043B53F8040F10B10C
S214036DF002788A42F9D108BD38B505460C4604B96F
S214036E0038BD013C55F824301B69002BF7D0984752
S214036E10F5E770477047F8B543780546DB0701D4B6
S214036E20EAF7E2FB00266B786F6823F00C0343F067
S214036E3002036B7057F826402CB9202005F10C018D
S214036E40F9F78EFE0FE0A3680136002BF2D09847C1
S214036E5004460028EED031463846FFF7CDFF6B7860
S214036E6023F002036B702046F8BD4078C0F3400061
S214036E707047437813F00E0F0CBF012000207047B5
S214036E8010B5EAF71BFC0446EAF730FC204610BDB3
S214036E904FF48270704708B5EAF764FBC0680038A1
S214036EA018BF012008BD08B5EAF75CFB20B1BDE8B2
S214036EB00840C06804F098BB08BD38B5EAF752FB33
S214036EC0044650B1FAF789FA054604F10C0004F0BB
S214036ED078FB04462846FAF786FA204638BD37B5C7
S214036EE08379019003440446D86800F03800EAF733
S214036EF039FB054628B901A804F045FB022003B078
S214036F0030BD204604F049FBFAF767FA04460199B8
S214036F1005F10C0004F01EFC2046FAF764FAE8F7C5
S214036F2093F80020EBE72DE9F04104461F462502BF
S214036F30C4F3072305F4E06524F47F441D4324F0DB
S214036F40C704EE1944F080048B7944EA162436020B
S214036F50B6B20C333443084601EB0308CC50114653
S214036F60FFF7BDFF20B94544EF704046BDE8F0810A
S214036F704FF00008F9E7427810B50432044601F0F2
S214036F800400D2B2002140F0290004F081FD18B1BC
S214036F90837922680344DA6010BD10B50021FFF739
S214036FA0EAFF044608B9002010BD0179FFF797FFF2
S214036FB00028F8D1A3790C33E018F5E72DE9F04162
S214036FC017461A46036801F004011C0204F4E06441
S214036FD0C3F307231C4341F02905043406463B4606
S214036FE02146284604F0BEFD804650B1E1B204F0C7
S214036FF00AFB3B462A4641463068BDE8F041FFF7A8
S21403700092BFBDE8F0812DE9F341002401F00401AD
S2140370100768064641F02905106829461460019062
S21403702004F0BBFA019804F033FB390201F4E06183
S214037030C7F30727394380460122043101A804F029
S214037040A3FC30B101A804F09EFA204602B0BDE8C6
S214037050F08143462A4601993068FFF764FFF5E757
S2140370607047002307B5CDE9003369468DF8020063
S2140370704FF0FF3003F03FFA03B05DF804FBA0F8CF
S2140370806E10704701238B4090F87110194380F8F7
S2140370907110704708B50120F9F7CEFCC0B208BDE1
S2140370A083790C33184470471438704710B5044678
S2140370B0A1F1140004F0ECFA201A20EAE07080B282
S2140370C010BD70B51C460D461646FFF7EFFFA042EF
S2140370D007D322463146A5F1140004F016FD01201D
S2140370E070BD0020FCE770B506460D4614467AB917
S2140370F00A462046082104F0CBFC044690B92A46EB
S2140371000821292004F0C4FC044658B9204670BD63
S214037110104604F038FA204604F0EDFB08231D441D
S214037120A371E571A3790C331C442670EEE72DE9B1
S214037130F0411646069A074688461D46FFF7D3FFD4
S2140371400446F0B114382A463146069004F0DDFCB6
S214037150854217D9069B06A81C7904F0200404F080
S21403716012FA74B942460821292004F091FC2A46F3
S2140371703146069004F0C9FC854206D906A804F0F9
S21403718002FA00242046BDE8F081069A93790C3370
S214037190D418D754F6E711B11439EAF779BC1A2094
S2140371A0704738B5002204460D4602200321FFF738
S2140371B09AFF014608B1A0F801502046BDE83840C2
S2140371C0FFF7E9BFF8B504460F461646052101202A
S2140371D0069A1D46FFF787FF014638B1477046807B
S2140371E005712046BDE8F840FFF7D5BFF8BD38B5B2
S2140371F00D46032104460846FFF775FFA0F8015025
S21403720001462046BDE83840FFF7C5BF73B50546BF
S214037210084611466C891A46641ABDF81830A4B29B
S2140372209C4228BF1C46079B089E00932346FFF7F5
S2140372307EFF014630B12846348002B0BDE8704078
S214037240FFF7A9BF1A2002B070BD012110B50022B6
S21403725004461320FFF747FF014620B12046BDE84A
S2140372601040FFF798BF10BDF7B54489054618468A
S2140372700F461646019304F00BFA053CA4B284426B
S21403728003DA011B01A804F0A5FA0521019804F00E
S21403729042FB014628B901A804F075F91A2003B089
S2140372A0F0BD83790C33C2181720C8542846A2F8B9
S2140372B00170A2F80360EAF7EBFBF0E7012110B5D3
S2140372C0002204461920FFF70EFF014620B1204690
S2140372D0BDE81040FFF75FBF10BD73B50E46002133
S2140372E044890546033CA4B2A342009128BF234623
S2140372F003211B20FFF71BFF014670B1012210F884
S2140373000F3CA0F8016062F3071300F80F3C284611
S21403731002B0BDE87040FFF73EBF1A2002B070BD52
S21403732073B50E46002144890546033CA4B2A34226
S214037330009128BF234603211D20FFF7F8FE0146D0
S21403734038B1A0F80160284602B0BDE87040FFF7E8
S21403735022BF1A2002B070BD4B88042B07D1836C62
S21403736008885B8998428CBF002001207047002064
S214037370704710B50446806920B10021EAF7C4FAC5
S2140373800023A36110BD38B5A0224FF4A0730025D7
S214037390C0E907230723044680F83130C581857189
S2140373A0103004F0F0F804F1140004F0ECF8204672
S2140373B0FFF7DFFF40F20113E3857F2384F83230C3
S2140373C02046A5626562BDE83840FEF727BF07B5CD
S2140373D001228DF807100DF1070104F096FB03B0A8
S2140373E05DF804FBF7B505464FF428500C4600F04D
S2140373F082FD064600F017FBB0B3022C02D800202D
S21403740003B0F0BD002731460DF105030DF106026A
S2140374103846ADF8067000F04DFCBDF80620631E36
S214037420934206461EDC072C1AD9023CADF80640EA
S2140374300824BDF80630002BE1D00133D9B2284624
S214037440FFF7C5FF21462846FFF7C1FF314628460A
S214037450BDF8062004F059FBBDF806000230CFE75E
S214037460ADF806700924E4E74FF0FF30C8E70229B9
S2140374702DE9F34104460D461746184603D8002067
S21403748002B0BDE8F08100F036FD064600F0CBFA08
S2140374900028F4D04FF0000831460DF105030DF136
S2140374A006024046ADF8068000F004FCBDF8063040
S2140374B0BDF820200646934228BF1346AB4228BF9A
S2140374C02B469DF80500ADF80630C0B9002BD7D083
S2140374D001339AB29542D3D9D9B22046FFF777FF44
S2140374E039462046FFF773FF31462046BDF806208F
S2140374F004F00BFBBDF806000230C0B2C0E74046FE
S214037500BEE738B50446EAF771FB38B1022905D859
S2140375102046BDE838400022EAF7F6BC212038BDF5
S21403752091F8393073B55B0706460C4615462DD4DD
S2140375300846EAF7F9FA6B1E042B16D8032D14D067
S214037540A379142B24D0A3697BB90093ADF8043038
S2140375508DF80630E8F776FB6946EAF74BF918B973
S2140375601A25284602B070BDA061636AE57343F02E
S21403757016036362E8F70CFB3046EAF71BFC054686
S2140375800028EED02046FFF7F4FEEAE70225E8E7F8
S2140375902125E6E7002337B580F8723040F6FF73FF
S2140375A0A0F86E3083680446DA040D46C16010D432
S2140375B043F480636A46A36040F203212046CDE984
S2140375C0004503F015FF00212046EAF79DF903B0B6
S2140375D030BD90F87600EAF7F3FDA36823F48053F2
S2140375E0E8E773B56E4604464A7930460D460631DB
S2140375F0E8F76EFB96E80300A4F85010090C11F0A8
S214037600800FE06484F8521004F1530312D0012271
S214037610184605F11201E8F75BFB0C352846FFF721
S214037620D1FA28B10122294604F15A00E8F750FBA3
S21403763002B070BDB4F8501094F85220C4F853004A
S21403764099809A71E9E71FB590F87420044602F012
S214037650010301908DF808300BB102F002038DF898
S214037660093094F8753020468DF80A30039101F0FE
S21403767002FC4FF4017101AA204603F0B9FE20462E
S214037680EAF7CEF904B010BD10B50446E8F7DAFA07
S2140376902146BDE81040EAF7ADB8EAF70DB9FFF7A3
S2140376A0F9BC0A460021EBF751BD13220121EBF783
S2140376B04DBD826838B5C2F380320446B0F86E001A
S2140376C00D46EBF7E9FD20B9A3681DB143F400535B
S2140376D0A36038BD23F40053FAE783791A0705D469
S2140376E013F0100F0CBFFF200120704700207047D7
S2140376F00020704710B5044660B1806C50B1EBF7BC
S21403770047F9A06C0028FAD12046BDE810400321B3
S214037710EAF7FAB810BD438907B58B420CD050F888
S2140377200C2B40F2014192F87020ADF806308DF82C
S214037730042001AA03F05CFE03B05DF804FB436972
S21403774043F0040343617047436923F00403436132
S21403775070474069C0F38000704747F230530022F9
S2140377600068F9F709B8006803F0DFBD38B5436968
S21403777004469B070D4603D540F20941FFF7F3FF86
S214037780EAF7A4F908B1A3691D702046BDE838409E
S21403779040F20941FFF7E1BF07B5027C012A09D091
S2140377A00122027440F20942914206D040F20A4294
S2140377B091420ED003B05DF804FB4FF4816150F89C
S2140377C00C3B01AA93F870308DF8043003F010FEDA
S2140377D0F0E750F80C3B01AA93F870308DF80430AC
S2140377E0F4E738B522F000430D46114640F2032273
S2140377F0934204461AD0B3F5017F09D240F2012220
S214037800934213D040F20222934209D0002038BD9F
S2140378106FF481621344012BF8D8FFF7BDFFF5E739
S21403782000F022F92046FFF7C2F8EFE763699B07EB
S21403783004D540F209412046FFF795FF2846FFF797
S21403784059FFE3E708B5EAF721F800B1806C08BDF5
S21403785008B500B10068EAF727F808B9034602E05E
S214037860836C002BF7D0184608BD10B5044642F6C5
S2140378702A3000F040FB031B5842584110BD022833
S21403788006D142F62A330888C31A5842584170472D
S2140378900020704710B5044642F6293000F02BFB53
S2140378A0031B5842584110BD90F8200000F0010019
S2140378B070471FB504466846EBF79EF910226946E3
S2140378C004F1210003F0CCFAB0FA80F0400904B0CA
S2140378D010BD08B5FFF7EDFFB0FA80F0400908BD0C
S2140378E070B5044600F1210591B92846EBF784F9F3
S2140378F0236893F97500FEF777FC78B120682B466A
S214037900BDE8704010220D2190F97500FEF726BCE5
S21403791010220021284603F0CDFAE9E770BD38B5FA
S2140379200446002390F8202041FA03F0C50703D449
S21403793042FA03F0C0071ED40133082BF4D101F03A
S214037940010523682A4384F8202093F97500FEF77F
S2140379504BFC40B1234653F8200B01220C2190F92F
S2140379607500FEF7FBFB0DB9002038BD002120464D
S214037970FFF7B6FFF8E71320F7E768B13F290AD801
S21403798000EBA10090F8310001F003014900084123
S21403799000F0030070470020704710B503680446E4
S2140379A093F97500431C0DD0FEF71EFC50B1234619
S2140379B0BDE8104053F8310B10220B2190F97500E7
S2140379C0FEF7CCBB10BD10B590F87430DB0706D4B9
S2140379D090F97530013314BF0F20052010BD847C49
S2140379E0EBF714FF844234BF0C200020F6E730B5D3
S2140379F0044685B06846EBF7FFF81021684604F0A6
S214037A00C6F82046EBF70AFB6B46C26804AD06329F
S214037A101C4603CCAC4210605160234602F10802B8
S214037A20F6D105B030BD08B5EBF7F8FA08B1EBF7B9
S214037A30C9FAC0B208BD013810B580B2EBF7EEFA4A
S214037A40044608B9002010BD408800F07FFB0028DC
S214037A50F8D0207BF7E708B5EBF7E0FA18B1007A21
S214037A60C31F5842584108BD70B5054655F8213B1B
S214037A70044693F97500431C04D12846BDE87040BC
S214037A80EBF7BAB8FEF7B0FB0028F6D0234653F858
S214037A90310B10220B2190F97500FEF78DFB234660
S214037AA053F8200B01220C2190F97500FEF784FB96
S214037AB020682B46BDE8704010220D2190F9750012
S214037AC0FEF77ABB01302DE9F04185B228460E4613
S214037AD0EBF7A4FA42F60217044642F603089CB1F3
S214037AE02046EBF76FFA78B1204600F03EFBB8422B
S214037AF005D10EB123883380607BBDE8F081204634
S214037B0000F033FB404502D14FF0FF30F5E7013577
S214037B10ADB22846EBF782FA0446E0E72DE9F047D4
S214037B2007460E4690460D4642F6021942F6030AEB
S214037B300135ADB22846EBF771FA044678B1EBF798
S214037B4041FA60B1204600F010FB484505D1237A80
S214037B50072B04D10320BDE8F0875045E8D1414602
S214037B603046FFF7AFFF431C014604D03846BDE856
S214037B70F047FFF702BF0020EDE770B5054608465D
S214037B801646EBF74BFA044608B9012070BDEBF72F
S214037B9019FA0028F9D0F00713D4B10734D47207C2
S214037BA002D5A3885B0732D516F0060F31D116F43B
S214037BB00060EBD0A38813F4006F14BF00200620E8
S214037BC0E4E7A388DA0743D513F0700F0AD19806C3
S214037BD010D45806E1D52B6893F975300133DCD100
S214037BE00820D3E72868FFF7EEFEA388990608D592
S214037BF00028CBD12A6892F874209207E9D405208E
S214037C00C4E70028C2D1E4E7A3889907C7D40320B2
S214037C10BCE7A38813F4E06F09D198050FD45B057E
S214037C20C5D52B6893F975300133C0D1D8E72868DA
S214037C30FFF7C9FEA388990507D50028A6D12A68A9
S214037C4092F874209207EAD4D9E700289ED1E6E793
S214037C5002209BE738B504460846EBF7DFF90546EE
S214037C6008B9012038BDEBF7ADF90028F9D0AB8889
S214037C7013F4E04F0CD1980412D413F48040F1D0DF
S214037C80236893F97500431C58425841C000E9E73E
S214037C902068FFF798FEAB88990408D50028E1D141
S214037CA0226892F874209207E7D40520DAE70028C2
S214037CB0D8D1E2E72DE9F0474FF00009044683F8F0
S214037CC000900846A2F80090884616461D46EBF735
S214037CD0A5F9074620B9012300202B70BDE8F087DD
S214037CE074B1EBF76FF90028F5D04046FFF7D2FDE5
S214037CF030B1012385F8009004F120003380EDE7CE
S214037D002B46324639462046BDE8F047EAF700BF21
S214037D102DE9FF4107460846884616460393EBF7C8
S214037D207DF9044638B903A803F02DFC012528463F
S214037D3004B0BDE8F0811FB1EBF744F90028F2D098
S214037D40237A072B05D8DFE803F017262F381C17EE
S214037D50172126BB0398002835D13246257A022DF3
S214037D6062D0032D64D0012D3BD0002F7FD1002598
S214037D7003A803F008FCDAE703A803F004FC0325D2
S214037D80D5E703A803F0FFFB0625D0E703A803F017
S214037D90FAFB8025CBE7E3685D88B54209DA03A8DA
S214037DA003F0F1FB0725C2E7E3689A88B242F6D3ED
S214037DB05D88039840B9024609E0022EEFDC03987B
S214037DC068B90246CAE7354603F062FC82B29319E5
S214037DD0AB42C3DD03A803F0D6FB0D25A7E70225B8
S214037DE0F2E7E068063000230399304403F0C1FB52
S214037DF0002FBCD0237A032B39D103A803F0C3FB8F
S214037E0000212046EBF7C4F868B30588617B384643
S214037E10FFF7B3FD0122034629463846CDF8008016
S214037E20FEF7F7FB002582E7E068B3188380D9E7FF
S214037E30039B9A79D979891AC9B2481E012810D8A2
S214037E40134402291A7B04BF5B7B42EA0322237B8B
S214037E5032EA03038CD101233846617BEAF72EFE10
S214037E60C6E70D2584E708F1FF35ADB2CEE7039BE1
S214037E7041460093384633463A7FFEF7B0FBD1E7D8
S214037E80884270B504460D46164611D8012838BFF9
S214037E9001242046EBF7C2F810B14388B34208D05A
S214037EA00134A4B22046EBF79DF808B1A542F0D200
S214037EB00024204670BD70B50C4616461D46014686
S214037EC0B8B1B3B1022C01D0102C12D1E0B2EAF74C
S214037ED0DBFF4FF6FF718842024602D141F20A10D9
S214037EE070BD3046FFF7CCFF0028F7D0288000206F
S214037EF0F6E72120F4E7002307B50122ADF80400D6
S214037F00ADF8063002210DF1060301A8FFF7D3FFF3
S214037F10BDF8060003B05DF804FBF8B50F46164639
S214037F20441CA4B22046EBF779F810B9013CA0B282
S214037F30F8BD00F01AF90546304600F0F2F820B115
S214037F40284600F0EEF80028F0D1304600F0E2F8BC
S214037F5020B1284600F0DEF80028E7D10134A4B2A9
S214037F602046EBF73FF808B1BC42DBD94FF6FF706B
S214037F70DEE72DE9F04F9A4687B08B880D460C88CE
S214037F80814604A90220ADF810309046EAF77CFF3C
S214037F90AB680090A888AF89059300F0BBF838B1AA
S214037FA0102F05D105A8EAF755FF022808BF0227B8
S214037FB04FF6FF7B33E02046009AFFF761FF064645
S214037FC080B3AA886988FFF7A8FF04463046FFF700
S214037FD02AFD00B30DF10F03314648460DF1120298
S214037FE0FFF768FE9DF80F302BB1A8F8006018461F
S214037FF007B0BDE8F08FBDF81220BA420BD13A465F
S2140380000599019302F02CFF019B20B9A8F80060A4
S214038010AAF80040EBE75C4504D00134A4B26988B3
S214038020A142C8D80A23E2E708B5EAF7F7FFBDE896
S214038030084000F09AB838B505460846EAF7EEFF5A
S214038040044610B94FF6FF7038BD0DB96088FBE7DC
S214038050EAF7B8FF0028F9D1F4E770B5044642F60C
S2140380600520FFF748FFB0B10021FFF72BFD0546BB
S21403807001462046FFF781FC06461022002104F144
S214038080310002F017FF324629462046BDE870400D
S2140380900023EAF713BD70BD7FB504460D461022D4
S2140380A00021684602F006FF0026AB575A1C1BD079
S2140380B031462046FFF761FC1946002BB8BFD91C92
S2140380C004AA02EBA10100F00302584200F00300E9
S2140380D003F0030358BF43425B0002FA03F311F8AD
S2140380E0102C134301F8103C0136402EDDD16B46AD
S2140380F004F1310504AE1A4603CAB2422860696029
S214038100134605F10805F6D1204604B0BDE87040D5
S214038110FFF743BCA0F5205001288CBF00200120A8
S214038120704742F60303C31A58425841704708B5CE
S214038130030409D4EAF774FEA0F5205080B20128A0
S2140381408CBF0020012008BD0020FCE7020408B510
S21403815007D4EAF765FE42F60303C31A58425841AA
S21403816008BD0020FCE7C00B70470346B3F9023096
S2140381704088002B01DBEAF753BE0020704708B5A2
S214038180FFF7F3FFA0F5205080B201288CBF002034
S214038190012008BD13B58B7904460B441B7B0A46A6
S2140381A013F0010001910AD01D2B0AD101211E20D4
S2140381B0FEF799FF01462046FEF7EDFF012002B0C9
S2140381C010BD01A803F0DFF9F8E710B5044680698F
S2140381D0143003F0D8F9A069BDE81040183003F056
S2140381E0D2B92DE9F0410F46144605461E46FFF761
S2140381F0ECFF23463A4608210020D5F8188003F002
S214038200B1FCAA69C8F81400536923B1002054814D
S2140382101682BDE8F0811A20FBE770B504460846CF
S21403822003F036FAA16986B28A894D8912B1521BC8
S21403823096420CDA6389581E80B225B90A78082A52
S21403824004BF043B98B2831B5842584170BD0020BC
S214038250FCE730B5044654F80C0B8DB09DF840503F
S21403826090F8700042EA01428DF804001946029223
S21403827003A82A46079502F028FE40F2024120464C
S21403828001AA03F0B5F80DB030BD10B550F80C4B8D
S21403829086B094F87040ADF80E10ADF8102040F29A
S2140382A0064103AA01938DF80C40059303F0A0F84A
S2140382B010B901A803F067F906B010BD37B5044638
S2140382C00D46FFF782FF204640F20941FFF74BFABF
S2140382D000222046A36940F207411A7050F80C3B6F
S2140382E06A4693F8703001958DF8003003F080F8F5
S2140382F003B030BD13B501910021044601F035FBF0
S2140383000422002320460DEB0201FFF76AFF02B0AA
S21403831010BDF0B504460F461E46154685B052B945
S21403832083691B78072B30D0082B14BF1546092505
S214038330002E18BF0D250A9803F0AAF9A3699A8997
S2140383404AB15B8981B2D21A914204DD92B2891A8C
S2140383500AA803F03FFA204650F80C3B40F20541CA
S21403836093F8703001AA8DF804300A9BADF80670B6
S2140383708DF80850ADF80A60039303F039F810B986
S2140383800AA803F000F905B0F0BD0B25D0E7B0F856
S2140383900AC02DE9F041ACF1020C9C4505460E4699
S2140383A017461C4603DDBDE8F04101F08BBA83692E
S2140383B02246198100233946FFF713FF044658B9AE
S2140383C0AB690246314628460E3301F094FA04465A
S2140383D010B12846FFF7F9FE2046BDE8F0812DE9E7
S2140383E0F043202A8FB0054617461C4603910BD947
S2140383F041F2041421462846FFF760FF03A803F062
S214038400C2F80FB0BDE8F083002B46D10846A2F1B0
S214038410060803F03DF94FF6FF765FFA88F81FFA71
S21403842080F94C4510D3AB69DA88B24239D942F6A3
S2140384300203ADF814300223711C0093284605ABE3
S21403844089B201F0E8F925E023463A46039906A8DF
S21403845003F08FF8AB69BDF818609A88B242C7D8A4
S214038460DA88B242C4D3BDF81A10BDF81C20B8F19E
S214038470000F09D02846CDF800800DF11E033C44BA
S214038480FFF7E7FEA4B2CCE728469E8019815A81FF
S21403849001F0DAF904460028B0D041F20A139C42F0
S2140384A0A8D10024A6E72DE9F0471C4696B08369B9
S2140384B001921B780646062B03D0102B60D001A82A
S2140384C01CE00129104614BF4FF010084FF00208B5
S2140384D00392002C4CD103F0DBF84FF6FF7508F13E
S2140384E0020987B2A7420ED8B369DA88AA4237D8F8
S2140384F0002421463046FFF7E1FE03A803F043F8C5
S21403850016B0BDE8F08723464A46039904A803F04D
S21403851030F8B369BDF810509A88AA422DD8DB8884
S214038520AB422AD39DF81330282BE1D0B2465AF833
S2140385300C3B424693F870300DF112010DA88DF8EE
S2140385403030ADF83250CDF844804C4402F0BDFCD8
S21403855040F2044150460CAA02F04AFFA4B2C1E717
S214038560691C304689B201F026F904460028C4D0B7
S21403857041F20A139C42BBD0BBE741F20414B8E7AE
S2140385800129104614BF12270427049284BB03F064
S2140385907FF842F602184FF6FF7185B2A5420DD852
S2140385A0B369DB888B4221D901314FF6FF7230461F
S2140385B089B201F000F90446A0B119E023463A4611
S2140385C004990CA802F0D5FFBDF83220BDF8301090
S2140385D042459DF8333007D1B269022330460A324A
S2140385E0FFF7D5FE04A889E7282B06D141F20A1423
S2140385F021463046FFF762FEF4E73C44A4B2CDE7DB
S214038600F0B5836987B003911B780546022B1446A1
S21403861053D108460491002A47D103F039F84FF6A0
S214038620FF7687B2A7420DD8A869C288B2422BD874
S214038630002421462846FFF741FE04A802F0A3FFC4
S21403864007B0F0BD04220499234605A802F091FF63
S214038650AA69BDF814109088BDF81660814229D324
S214038660D388994226D8864224D39E4222D850697C
S214038670927A837904340C330092034432462846B4
S214038680FFF7E7FDA4B2CDE743694089711C01906B
S214038690987989B20C300344009328464FF420534C
S2140386A001F09DF804460028C7D041F20A139C4205
S2140386B0BFD1BDE741F20414BBE703A8BEE7F0B59C
S2140386C087B0054617461C46039153B9FFF7A5FD29
S2140386D038B1012322462846039900F084F807B0F0
S2140386E0F0BDA9690B78082B05D8062B44D8032BB5
S2140386F00FD003A83DE00E2BFBD1039B0593002C64
S2140387006DD1002B6BD0224628460989FFF7BDFDA5
S21403871059E00398059018B3ECB9102683794A8973
S2140387200C330989034400962846FFF792FDAB698C
S2140387309988DA88914217D242F60203ADF81030D0
S21403874002230131009328460DEB060389B201F09C
S21403875062F8044660B141F20A139C4204D101E078
S214038760002CF8D141F21F0421462846FFF7A6FD48
S21403877005A802F008FFB2E7039805907CBB70B328
S21403878002F086FF0FB386B2B7421ED2394605A85B
S21403879003F05AF938B905A802F0F5FE1A2128465F
S2140387A0FFF78CFD9BE78379F61BC218023391898A
S2140387B08371AB6900225B89B6B200902846FFF747
S2140387C0A8FDB742E2D92146E9E7AA6928465389B4
S2140387D01189059A00920022FFF79BFDF3E705A88F
S2140387E002F0D1FEEFE7F0B585B006461F46144605
S2140387F0039132BB084602F04BFF054608B3B16946
S2140388000B784A89082B0BD8062B0BD9039B0989AF
S2140388103046009313462246FFF77BFD039401E0A0
S2140388200E2B19D0B1694B89EA1892B2B2F5007FC4
S2140388304A8117D82FB13046098901F016F8044645
S21403884028B10022234611463046FFF738FF03A817
S21403885002F099FE05B0F0BD3046039B0989FFF789
S21403886014FDDBE741F20414EBE773B5836901916A
S2140388701B780446082B15460ED8062B0ED9019EE8
S21403888020463146FFF7C9FC2A46034631462046B2
S214038890FFF7A9FF02B070BD0E2BF0D001A802F0BF
S2140388A072FEF7E730B5836987B003911B780546F8
S2140388B0092B144611D105915AB9134600910F227C
S2140388C02146FFF726FD21462846FFF7F7FC07B0AB
S2140388D030BD05A802F057FEF5E703A802F053FEE5
S2140388E0F5E72DE9F04F87699FB003913F7805467A
S2140388F0052F16461C4604D8032F16D810D003A8F7
S21403890067E0082FFBD108461391002B00F0C280C6
S21403891013A802F038FE21462846FFF7CFFC01E0F5
S214038920FFF75DFD1FB0BDE8F08F202A08460491CF
S21403893048D8002B40F0A880571F02F0A9FE4FF638
S214038940FF78FFB21FFA80FA0DF11C0BA24506D87A
S214038950AB69DA88424500F28780002434E0234678
S214038960324604990BA802F004FEAB69BDF82C80CE
S2140389709A88424526D8DA88424523D35969F1B9FD
S214038980A94659F80C1BBDF82F2091F870109DF8D6
S2140389902E308DF84C10ADF84E200DF131013A46CD
S2140389A015A88DF85030199702F08FFA40F203415C
S2140389B0484613AA02F01CFD3444A4B2C6E75A89FB
S2140389C0102A09D941F2041421462846FFF776FCFB
S2140389D004A802F0D8FDA5E70023584602F0C9FD17
S2140389E0AB690DF13101102FCDE9051B93F80A9001
S2140389F02BD1B9F1020F34D105A8EAF72BFA0228D6
S214038A00DAD14A46DDE9051002F02AFA0028D3D166
S214038A102B4653F80C0BBDF82F1090F870009DF8FA
S214038A202E208DF84C00ADF84E108DF85020594688
S214038A304A4615A80293CDF8649002F046FA029BC4
S214038A4040F20341184613AAB4E7022F09D1B9F13D
S214038A50100F06D106A8EAF7FDF90228ACD13A466C
S214038A60D0E73A465846CFE742F60303ADF84C3014
S214038A70022308F101010093284613AB89B200F0E4
S214038A80CAFE04460028A3D041F20A139C423FF4D0
S214038A9064AF99E759B900210023AA692846938150
S214038AA05381118113993246FFF709FE3AE702F024
S214038AB0EFFD16B180B28642EDD1139A9379D118A1
S214038AC0023389899371E7E72DE9F0431C468FB09B
S214038AD0836903911B780546012B17465BD108462D
S214038AE0059102F0D5FD202F0BD941F2041421463F
S214038AF02846FFF7E3FB05A802F045FD0FB0BDE8E7
S214038B00F083002C42D1059802F0C2FD4FF6FF76A3
S214038B10A7F104081FFA88F81FFA80F95FFA88F8A5
S214038B20A14505D8AB69DA88B24220D80024DEE72F
S214038B3023463A46059906A802F01BFDAB69BDF825
S214038B4018109A88BDF81A609142CED3DB889942F2
S214038B50CBD89642C9D39E42C7D832462846CDF8CC
S214038B60008007AB3C44FFF774FBA4B2D8E74FF48E
S214038B702053ADF810300223711C0093284604AB33
S214038B8089B200F086FE04460028B4D041F20A13E8
S214038B909C42CBD0ABE703A8AEE783691B780A2BCE
S214038BA002D00F3B012B01D8FFF788BB7047F0B507
S214038BB085B00193836917461A7804460A3A0A9ED3
S214038BC0072A42D8DFE802F0044130414104412934
S214038BD00198039002F05CFD85B203A802F0D3FC73
S214038BE026B131462046FFF785FB0FE0A1697A19C7
S214038BF04B8992B293420BD90A8201F10E032046A7
S214038C00098900F078FE01460028EBD105B0F0BDD7
S214038C100121204600F0A9FEF5E72EB91A8A01982D
S214038C20BA420BD04FF48166019B03A8039302F06C
S214038C30AAFC31462046FFF741FBE7E7DA89596984
S214038C4002F031FD0028EDD1EEE701A802F09BFC0F
S214038C50DCE738B58269044613780D460D2B12D02F
S214038C600F2B01D00A2B12D1536933B1997902F134
S214038C7014000B44DD6802F086FC29462046BDE856
S214038C803840FFF78ABFBDE83840FFF717BB38BD4B
S214038C9007B5002300921B22FFF73BFB03B05DF8EA
S214038CA004FB07B583695980009200231D22FFF752
S214038CB030FB03B05DF804FB4B88052B05D1088811
S214038CC00E288CBF00200120704700207047F8B59F
S214038CD005460F46164604210A22002002F0D8FE57
S214038CE00246B8B1847905210C3403194FF0060CFB
S214038CF000209970D87002F804C013241C71022453
S214038D005F715870D8719C7128461E81BDE8F84083
S214038D10E7F712BEF8BD73B50546104601920C463A
S214038D2002F0B6FC042186B2019802F0F4FD024676
S214038D3028B901A802F027FC1A2002B070BD837977
S214038D4001900C33C1184C80C65221462846E7F7DB
S214038D50F3FD0020F1E72DE9F04106468846174665
S214038D6004210A22002002F093FE0246B8B1857958
S214038D7000240C354319052106209970DC705055E4
S214038D800120187102205C70987183F805803046C4
S214038D90DC711F81E7F7D0FD2046BDE8F0811A207D
S214038DA0FBE7002070470020704707B501A8019233
S214038DB002F0E9FB03B05DF804FB70470020704740
S214038DC00F2070470F207047704710B588B0E8F73C
S214038DD05DFD044600284AD090F87200022848D168
S214038DE0A36813F4407F2AD094F87320012A32D163
S214038DF094F97500421C01D1D9052CD594F874302A
S214038E0013F0010327D1CDE90133CDE90433CDE9CE
S214038E100633ADF80C30FDF7E7F9A36888B9DA0531
S214038E2019D5A06AE16A01AB03C3228E1A802046D5
S214038E30BDF8042004AB0DF10601EAF7FDF908B00E
S214038E4010BDDB05EDD40A22022194F9750001ABAF
S214038E50FDF7B2F9EBE7002345F217021946204661
S214038E6000F03CF9B0FA80F040094000E7E7212023
S214038E70E5E70220E3E738B545F21B020C460B464E
S214038E800021054600F02AF930B92CB121462846C0
S214038E90BDE83840EAF746BD38BD00F04EB900F0ED
S214038EA066BC00F06FBC10B504464C30FDF77DF988
S214038EB084F875002046BDE8104000F033BC10B5BA
S214038EC00446FDF749F902280DD194F8733094F956
S214038ED07000012B14BF0521032184F83210BDE86E
S214038EE0104000F067BCA36843F40073A36010BD92
S214038EF000F054B938B5037804463E2B0D4604D12A
S214038F008378052B02D0ED2B0FD038BDB0F80300C5
S214038F10E8F7AEFC20B1B4F80D10621D00F0A4F91A
S214038F202846BDE8384002F02EBBB0F80300E8F749
S214038F309FFC0028F4D0B4F80D1004F10F03621D53
S214038F4000F095F9ECE7CB0448BF41F48061C160BB
S214038F50704710B5044645F21A0102F0E6F92046BA
S214038F60BDE8104047F23053002245F21A01F7F7E6
S214038F7003BC10B50A4604460821002002F088FD0B
S214038F8010B1837903441C7310BD38B505460C46EF
S214038F900D201121FFF7EDFF024688B121468379A4
S214038FA003440D3304F1100051F8044B814243F897
S214038FB0044BF9D12846BDE838400621FFF7ABBE7F
S214038FC038BD38B505460C4604201121FFF7D1FFFE
S214038FD0024688B12146837903440D3304F1100019
S214038FE051F8044B814243F8044BF9D12846BDE8B7
S214038FF038400621FFF78FBE38BD38B505460C4608
S21403900003201121FFF7B5FF024688B12146837975
S21403901003440D3304F1100051F8044B814243F826
S214039020044BF9D12846BDE838400621FFF773BE46
S21403903038BD37B5002205460821104602F028FD44
S2140390400446C0B10C2301220DF107018DF8073049
S21403905002F05BFD296C20225431204602F055FDB8
S214039060296C20227431204602F04FFD2246062149
S2140390702846FFF750FE03B030BD08B5D0B2E8F778
S21403908005FC28B190F8773003F07F0380F877303B
S214039090012008BD70B50546EAF736FD0C460646C0
S2140390A00A46284645F20101B0472B6C03B11C6003
S2140390B0324628462346BDE870404FF4A041184781
S2140390C070B51546044638B1EAF71EFD2A46034630
S2140390D02046BDE870401847022070BD114608B50B
S2140390E01A4621F00041FFF7EBFFB0FA80F0400983
S2140390F008BD10B4C4691CB95DF8044B0180704701
S21403910000235DF8044B1A46F9F70ABF08B50B4669
S21403911001461846F7F788FE003818BF012008BD39
S21403912010B50446006838B11A2102F03EFD2068E7
S214039130F7F75AFE0023236010BD30B58BB00D46FB
S214039140002201A9EAF792FE044620BB01460D223F
S2140391500DF10B0001F0AEFEB5F803206B79ADF808
S214039160082006A9019A02A88DF80A30EAF7E4FC5B
S21403917040F20343BDF81820002818BF1C469DF88C
S2140391801A30102102A82A80AB7002F00EFD1021BF
S21403919006A802F00AFD20460BB030BD10B5044603
S2140391A0EAF790FC04F13400FFF7BAFFA3685A0607
S2140391B006D523F0400300212046A360E7F78AFB89
S2140391C0236C63B1D3F89400F9F741FB0421206CB8
S2140391D002F0EBFC206CF7F707FE0023236410BDB8
S2140391E0F7B50D4669461646EAF740FE044698B9B3
S2140391F029461022009801ABF9F788FB0746102191
S214039200284602F0C4FC2FB11021284602F0CDFCFC
S21403921040F2074406B13760204603B0F0BD38B5C8
S2140392200446C51C03212846FFF770FFC8B9E27839
S21403923063797AB922791A43F4D003F07F0343F0B3
S214039240400363715323A3712146BDE83840FF20D2
S214039250FFF773BFFF2AF0D122791A40FF2AE1D025
S214039260EBE740F2074038BD0021E7F733BBF8B51C
S2140392701D46836804465B060F4616462DD41A2001
S21403928002F0CFFC0146606320B92046BDE8F840F3
S214039290E7F720BB034623F8027B326805F110018B
S2140392A0C0F8022072685A602A46636B0A3352F883
S2140392B0040B8A4243F8040BF9D11021284602F026
S2140392C074FCA36843F0400213F4407FA26004D00A
S2140392D02046BDE8F840EAF7BBBEF8BD2DE9F041ED
S2140392E09CB0154608AA1C4606460B469046239F86
S2140392F001F1200E9446186859680833ACE8030059
S21403930073456246F6D12021404602F040FC10AB7E
S2140393102A469C4605F1200E1D4610685168083201
S21403932003C572452B46F7D16046202102F02FFC79
S21403933018AA9446229B03F1100E1546186859681E
S214039340083303C573452A46F7D16046102102F059
S2140393501EFC04AA2346154604F1100C144618688E
S2140393605968083303C463452246F7D110212846BB
S21403937002F00DFC6B46502241462846EAF7D4FC21
S21403938004461021284602F010FC5021404602F005
S2140393900CFC34B108213046EAF75AFF1CB0BDE88E
S2140393A0F081039B38463B60042102F0F0FB6846DD
S2140393B0102102F0FAFB224645F214013046FFF76D
S2140393C07FFEEBE72DE9F04796B01D46DDE92297D1
S2140393D005AB06460C469E46DDF8908002F1100A61
S2140393E09C46106851680832ACE803005245634651
S2140393F0F6D17046102102F0CAFB09AA2B46944602
S21403940005F1100E154618685968083303C57345E9
S2140394102A46F7D16046102102F0B9FB0DAA9446FE
S2140394201E9B03F1100E154618685968083303C5CA
S21403943073452A46F7D16046102102F0A8FB9DF833
S2140394407C30D9F800008DF844309DF88030062132
S2140394508DF845309DF8843012908DF8463099F893
S214039460063012A883F00803C3F3C0038DF8473011
S214039470B9F80430ADF84C3002F089FBBB7906210D
S21403948083F00803C3F3C0038DF84E303B680DF139
S2140394904F00CDF84F30BB8804F11007ADF85330BA
S2140394A002F075FB01AA2346154614461868596848
S2140394B0083303C4BB422246F7D11021284602F0E4
S2140394C066FB4346412205A92846EAF72DFC0446D7
S2140394D01021284602F069FB412105A802F065FB2E
S2140394E034B108213046EAF7B3FE16B0BDE8F0877C
S2140394F04046102102F04BFB224645F2130130464C
S214039500FFF7DEFDF1E72DE9F3411D46089B044610
S2140395108846164690F873705BB110211046FFF725
S214039520F5FD30B10821204602B0BDE8F041EAF768
S2140395308FBE236C013EDA1C681E133312F8011F1C
S21403954016F801CF9A4281EA0C0100F8011FF5D103
S2140395500023404601A90193EAF73CFC48B1019871
S214039560F9F775F908212046EAF772FE02B0BDE85E
S214039570F08129462846019AEAF7DEFA0028EED15A
S214039580022F0CBF0023062304F159022B4404F1D7
S2140395905F0012F8016F1978904281EA060103F81A
S2140395A0011BF6D1022F14BF0023062304F1520237
S2140395B02B4404F1580012F8016F1978904281EA9F
S2140395C0060103F8011BF6D129462846019AEAF755
S2140395D0B3FA05460198002DC2D1F9F738F92A46A1
S2140395E045F210012046FFF76BFDBFE72DE9F0417A
S2140395F096B0154605AA1C4606460B4690461D9F82
S21403960001F1200E9446186859680833ACE8030045
S21403961073456246F6D12021404602F0B8FA0DABF8
S2140396202A469C4605F1200E1D46106851680832EE
S21403963003C572452B46F7D12021604602F0A7FAF0
S214039640AEB3336C93F85D31013B022B2FD89DF8F4
S214039650703043F0800301AA8DF854301546234634
S21403966004F1100C144618685968083303C463459C
S2140396702246F7D11021284602F089FA3B464122BA
S21403968041462846EAF750FB04461021284602F0D6
S2140396908CFA4121404602F088FA54B11EB10821E3
S2140396A03046EAF7D5FD204616B0BDE8F081002324
S2140396B0D1E71021384602F06AFA002EF3D022468C
S2140396C045F211013046FFF7FBFCECE7ECF7E4BB91
S2140396D0B1F5A04F70B504460D4616460AD045F2BE
S2140396E00603994216D0324629462046BDE8704006
S2140396F0EBF7FEBB836843F08003836090F8733018
S214039700012B03D1BDE87040EBF700BABDE870400B
S214039710EBF740BC93791344597C41F49051EAF734
S21403972001F9E0E7002310B50364044690F97500D9
S214039730431C13D0E6F7CAF9082204F110031146B6
S21403974094F97500FCF738FD94F91330012B07D113
S21403975094F8743043F0020384F87430002010BD8C
S214039760022BFBD194F8743043F00A03F4E74B88DA
S214039770062B05D1088841288CBF0020012070479E
S2140397800020704707B58B790A460B440191197C74
S2140397904B1E0D2B04D801F5A0410131FFF790FCB9
S2140397A001A801F0F0FE03B05DF804FB704700204B
S2140397B070477047704770B504460E461546052138
S2140397C000220420FDF78FFC014618B1A0F80160C3
S2140397D0A0F803502046BDE87040FDF7DCBCF7B5A3
S2140397E01D460023044600930F461646072106200F
S2140397F0BDF82430089AFDF79AFC014628B1A0F874
S2140398000170A0F80360A0F80550204603B0BDE839
S214039810F040FDF7C0BC73B515461A460023044650
S21403982000930E46082005219DF81830FDF77FFCAF
S214039830014618B1A0F80160A0F80350204602B014
S214039840BDE87040FDF7A7BC38B5002204460D46B8
S2140398500A200321FDF747FC014608B1A0F8015092
S2140398602046BDE83840FDF796BC70B504460E4664
S2140398701546052100220C20FDF735FC014618B1DC
S214039880A0F80160A0F803502046BDE87040FDF73D
S21403989082BC73B515461A460023044600930E464B
S2140398A0102005219DF81830FDF741FC014618B13C
S2140398B0A0F80160A0F80350204602B0BDE870404F
S2140398C0FDF769BC73B50E46002144890546033C83
S2140398D0A4B2A342009128BF234603211220FDF71A
S2140398E026FC014608B1A0F80160284602B0BDE890
S2140398F07040FDF750BC2DE9F34105469846836951
S2140399000F465869164601F0C3FE6C8980B2053CC3
S214039910A4B2844228BF0446A8692146143002F044
S21403992093F8009048B105220821002002F0B0F811
S214039930019030B9684601F026FE1A2002B0BDE851
S214039940F081009901A801F005FF1620019A93798A
S2140399500C33D118D054A8F800402846A1F801705B
S214039960A1F80360FDF717FCE8E738B500220446C4
S2140399700D4618200221FDF7B6FB014600B14570DF
S2140399802046BDE83840FDF706BC70B58579044629
S2140399900C35461901F07CFE625D431E013A9BB20C
S2140399A01C2A10D8DFE802F0110F160F180F290F24
S2140399B02F0F400F400F400F330F250F0F0F390F98
S2140399C0250F3E0F3E00002070BD042B14BF012060
S2140399D00320F9E7022BF9E743B37278022A0AD089
S2140399E0012A23D10222013B0232B3FBF2F102FB2E
S2140399F01133002BEAE71022F5E713F0030F14BF29
S214039A0001200320E0E78BB17278013BEDE76BB1F1
S214039A107278032A0AD9013BE7E7042B34BF0120F7
S214039A200320D1E7022BF9E70320CDE70120CBE79C
S214039A304369406CDA1C1438B2FBF0F203EBC20342
S214039A40CA1D0333B2FBF0F2B3FBF0F30132023369
S214039A5001EBC20100FB0310704738B544690546A5
S214039A602146FFF7E5FF6A6CE31D143AB3FBF2F3F6
S214039A70013304EBC304204438BD73B506460D46D4
S214039A800024F36B012201A928195B699847019BFF
S214039A90013309D10434736C62195B426A401A427B
S214039AA0EFD0204602B070BD0024FAE770B5054635
S214039AB00C46DAF72DF8EB6B2046DB68BDE8704002
S214039AC0184770B5002586B004460562E369AB42C5
S214039AD002D8206A06B070BD666C0522206801A90C
S214039AE0E36B06FB05005B69984701A800F010FCD2
S214039AF000F033FC10B1236A013323620135E5E736
S214039B0038B50446456C006804F1400305FB0101C3
S214039B10E06B00F02FFC05462046FFF7D2FF2846F1
S214039B2038BDF0B5054687B00026EC69013CB44263
S214039B3003D80C46204607B0F0BD01B14C1E6F6C2F
S214039B400522286801A9EB6B07FB04005B699847AD
S214039B5001A800F0DDFB00F000FC0028EAD1013686
S214039B602146E2E7F0B5044687B0466C0D4600682A
S214039B700522E36B01A906FB05005B69984701A86C
S214039B8000F0C6FB00F0E9FB20B101A800F097FB4C
S214039B9007B0F0BD29462046FFF7C3FF676C0646AD
S214039BA0E36B206805225B6901A907FB060098475B
S214039BB001A800F084FB431CEAD0B54238BF01304D
S214039BC0E6E72DE9F043D0F824804FF6FF7987B017
S214039BD004460E46C84514BF454600250027E369DC
S214039BE0BB4202D807B0BDE8F083E26B01A9236845
S214039BF0606CD2F814C0052200FB0530E04701A8CC
S214039C0000F086FB022806D0C8450CD1721C2946F4
S214039C102046FFF775FF0135E3690137B5FBF3F21D
S214039C2003FB1255DBE729462046FFF79BFFB0F1FF
S214039C30FF3F14BF024632460132E8E70368F0B539
S214039C40CC1A436C87B006460025B4FBF3F4F369DD
S214039C5037685A1E706C954208D3706C336800FBE5
S214039C60043007B0BDE8F04000F082BB013401A920
S214039C70B4FBF3F203FB1244F36B05225B6900FBB0
S214039C800470984701A800F043FB00F066FB002829
S214039C90E3D10135DBE710B423F003049B07436CE1
S214039CA02244C3F100030A4418BF043282EA0104C3
S214039CB0234203D05DF8044BFFF7C0BF10465DF8A0
S214039CC0044B70472DE9F041D0E90A3686B00446C6
S214039CD09E4228D1C3691422456802FB13552846C1
S214039CE006B0BDE8F081206801A9676C331AE26B01
S214039CF0B3FBF7F3D2F8148007FB03000522C04733
S214039D0001A800F005FB012804D0636C1D44013B49
S214039D103340ED1A31462046FFF790FF0646A36A06
S214039D20B342E0D1DBE70025F9E7F0B5002587B0BD
S214039D3004462E46E369B34202D8284607B0F0BD70
S214039D40636C0522276801A903FB0677E36B384695
S214039D505B69984701A800F0DBFA00F0FEFA58B1F9
S214039D60384600F005FB01462046FFF786FE636C87
S214039D70143B834208BF01350136DBE708B50830DC
S214039D801346D1E90012EEF7E7FD012008BD13B52F
S214039D900C46002121760093134661682246EDF7B0
S214039DA065FB18B1E37D03B1A07EA075A07D02B06C
S214039DB010BD73B500F1080516460C460DF10702F3
S214039DC00968284600F0A1F9032E06D1636883428A
S214039DD003D12168284600F07FF9012002B070BD48
S214039DE0D01E009B42424241187E824211D11A681D
S214039DF08A420ED85A688A420BD35A6901325A618C
S214039E00D3E9030282423FBF986840F8221001322A
S214039E101A6101207047032A10B5029C07D1A26A73
S214039E205340626C5242134201D100F055F90120AF
S214039E3010BD08B5C36800209847BDE80840D9F7A9
S214039E406FBE012870B514BF0420022000244243CD
S214039E501C70CC7D101D02F002024CB91AB101220F
S214039E6020F003001A7000F108034868184470BD18
S214039E701AB1012220F003001A700C7E002301F1B0
S214039E802005DAB2944201D80020F0E735F83320F3
S214039E905E1C824206D901EBC30300F10802D869AF
S214039EA01044E4E7801A3346EBE773B590F8426054
S214039EB005461C460DF103033046FFF7C2FFEB6B66
S214039EC0012E5B690DD1324601A998479DF80330F0
S214039ED013B1BDF806300193BDF80430236002B019
S214039EE070BD0122214602B0BDE870401847F0B5A8
S214039EF00546002487B04868EB6B27460E460122CA
S214039F005B6902A908300294984795F84230012B02
S214039F1040F08480632C02D9029807B0F0BD612C10
S214039F2008D805AB224631462846FFF7BEFF9DF804
S214039F3014301BB305AB2246314628468DF8107005
S214039F40FFF7B3FF95F84230012B059B55D14FF62B
S214039F50FF72934200F09680082205A904A800F039
S214039F605EF9059B9DF81010C3F30722914240F05B
S214039F708980DBB2029A1A44029283E095F8423053
S214039F80012B30D103AB224631462846FFF78DFF1F
S214039F9004AB621C31462846FFF787FF05ABA21CBD
S214039FA031462846FFF781FF102208230DF10700EC
S214039FB00DEB02018DF8073000F031F9102205A9E8
S214039FC00DF1070000F02BF9039BDAB2002A52D1F9
S214039FD09DF80720B2EB132F4DD1DDE9043203EBD6
S214039FE00243029347E0302C2BD944E09DF8072028
S214039FF0B2EB134F3FD1049BF3E7013342D0102259
S21403A00005A90DEB020000F00AF9059B9DF8101058
S21403A010C3F30742914235D19BB2ABE7312C3FF6EF
S21403A0207BAF87D005AB224631462846FFF73DFF78
S21403A030BDF81430002B7FF47DAF95F84230012B2A
S21403A040A0D003AB224631462846FFF72EFF04ABCB
S21403A050621C31462846FFF728FF102320220DF105
S21403A06007000DEB03018DF8073000F0D8F8039BCB
S21403A0709AB2002ABAD095F84230012B14BF0123B6
S21403A08002231C44013440E713B500240194049CC6
S21403A0900094EDF77FFD02B010BD13B501240194C3
S21403A0A0049C0094EDF776FD02B010BD30B5002396
S21403A0B044684FF0FF329C4202D10023037230BD46
S21403A0C0016801EBC30541F8332001336A60F2E708
S21403A0D0C0E90012FFF7EABFF0B5002345689D42CA
S21403A0E010D00468DF0054F8332004EBC306B2F143
S21403A0F0FF3F08D0C2F31302914204D14FF0FF335F
S21403A100E3517360F0BD0133E9E7F0B5002345681A
S21403A1109D4202D14FF0FF300EE00468DE0054F893
S21403A1203340671C09D0C4F31307B94205D1240D85
S21403A1301470036833445868F0BD0133E8E713B579
S21403A1400023044601461B220DF107008DF8073055
S21403A15000F065F822689DF80730B3EBD26F0CBFAA
S21403A1600120002002B010BD13B5002304460146AB
S21403A17020220DF107008DF8073000F050F80DF19E
S21403A18007001A22211D00F04AF862689DF807307E
S21403A190B3EB926F0CBF0120002002B010BD006825
S21403A1A0431C584258417047006810F07E0F0CBF9E
S21403A1B0C0F3C160002070470068C0F3D310704737
S21403A1C0006800F07F0001288CBF00200120704744
S21403A1D0036813F07E0F14BF04200820704703683B
S21403A1E013F07E0F03D1406820F07C40704713F0D5
S21403A1F078001CBF03F07F03D81F7047006800F089
S21403A2007F007047032809D0022803D1C1F1020159
S21403A210C8B2704700290CBF0720002070471F2ACA
S21403A2200B689EBF4FF0FF3191408B43590801F0F6
S21403A23055315B1A03F033319B0803F033330B4479
S21403A240017803EB13130A444FF0013103F00F3385
S21403A2504B43A2EB13620270704737B501F10C044F
S21403A260054643696946012220469847BDF80030F3
S21403A270012201A901932046AB69984703B030BD7C
S21403A28037B501F10C0443690122694605462046A9
S21403A2909847009B4FF6FF7299B291420DD11B0C63
S21403A2A0012201A920461B0443F4254343F0A503DA
S21403A2B00193AB69984703B030BD0020FBE737B581
S21403A2C0044600251B22011D0DF107008DF80750DB
S21403A2D0FFF7A5FF60689DF80720B2EBD06F03D1A8
S21403A2E020F0784003B030BD0DF107001B2204F1C7
S21403A2F008018DF80750FFF792FFA0689DF8073016
S21403A300B3EBD06F01D1C043EAE74FF0FF30E9E784
S21403A31003684BF29A22B2EB134F10B5044613D1DF
S21403A3209BB2012B13D1FFF7CAFF01300CD0E068B4
S21403A3304FF6FF72B2EB104F4FEA104309D180B2CB
S21403A340C01A18BF012010BD2368013303D00420B0
S21403A350F9E70220F7E70320F5E701288CBF002082
S21403A36001207047033801288CBF00200120704766
S21403A370143070472DE9F0410546984603690846B0
S21403A3800E4617469847044638B943463A4631467A
S21403A3902846EEF7BDFB044618B131462846FFF7BC
S21403A3A05CFF2046BDE8F08102207047002070471E
S21403A3B0012070470020704700207047704737B56C
S21403A3C004460D4601A8F0F7C9FB01A8FFF7F6FF00
S21403A3D0204601A98DF80650EEF794FC03B030BD75
S21403A3E008461146EEF76CBD7047431E012B03D992
S21403A3F0031F5842584170470120704700F0C1BB05
S21403A4004FF4C472002100F055BD10B50446002178
S21403A41000F085F82046BDE81040F0F7DDBAEFF708
S21403A4207BBEEFF77FBEF8B505460E46EEF710FD8A
S21403A430D5F8C03073B15B6963B1F2F763FAD5F848
S21403A440C03040F26B125B6942211B1A58425841D6
S21403A450EEF7DEFE00224FF6FF734FF0240CF7688C
S21403A460D0B2B84208D31C4621462846EEF778FEFB
S21403A47000F08AFB2046F8BDB1680CFB0011CC89BE
S21403A4809C4202D2002CEFD023460132E8E7EEF7D7
S21403A49067BE008B70470A7838B505461046FFF747
S21403A4A0A4FF60B14C782046FFF79FFF38B12243E4
S21403A4B0530704D42846BDE83840EFF753BE0120BF
S21403A4C038BDFFF7E8BF10B504460878FFF78DFFE1
S21403A4D058B14A781046FFF788FF30B1042A04D0F3
S21403A4E02046BDE81040EFF773BE012010BDFFF70E
S21403A4F0EABFEFF77FBB0846F0F7D0BFEFF7FABC2B
S21403A50070B504460D461646EEF72AFE30B93246B7
S21403A51029462046BDE87040F4F750B870BDF0F702
S21403A520C3BCF3F75DBB38B5044600200D4600F008
S21403A53029FBD4F8D4302BB929462046BDE8384049
S21403A540EFF712BF022038BD38B5044648880D46DB
S21403A55000F018FBD4F8D4302BB929462046BDE8C2
S21403A5603840EFF76BBE022038BD00F00CBB00F09E
S21403A5707FB900F012BB38B505460C46F6F726FF42
S21403A5802B6B1C40EB6A2343EB62F6F723FF211E7B
S21403A59018BF01210020490238BDF0F7C7B9EFF70D
S21403A5A031BC00F0B3B900F0D5B908461146F1F74F
S21403A5B04DBAF0F70DB800F06FB938B50446154636
S21403A5C009B100F0E7F925B12046BDE83840F0F7B9
S21403A5D0F7B838BD00F0ECB900F0F6B90846F1F765
S21403A5E07DBD10B5044600F08BF820B92046BDE8C3
S21403A5F01040EEF7E9BE10BD00F0D3BAF2F726B866
S21403A6002DE9FF41984604460E461746F6F7E5FE43
S21403A61005462046FFF7E5FF0A9B3A4602930023CA
S21403A6203146CDE900832046EEF71CFF0446284654
S21403A630F6F7D9FE204604B0BDE8F08138B50446E7
S21403A640F6F7CBFE05462046FFF7CBFF2046EEF790
S21403A650E7FE04462846F6F7C6FEB4FA84F0400939
S21403A66038BD38B50446F6F7B8FE05462046FFF76C
S21403A670B8FF204600F053F804462846F6F7B3FE24
S21403A680204638BD38B50446F6F7A7FE05462046ED
S21403A690FFF7A7FF204600F048F804462846F6F7DB
S21403A6A0A2FE204638BD70B504460E46F6F795FE64
S21403A6B005462046FFF795FF31462046EEF720FF76
S21403A6C004462846F6F78FFE204670BD134607B5A8
S21403A6D000228DF807100DF10700194600F01EFA48
S21403A6E003B05DF804FB084611461A4600F016BA96
S21403A6F00020704701207047F0F70CBE00F0B7B992
S21403A700EEF79CBD10B5F6F768FE044600F015F8A4
S21403A710EEF7BAFD2046BDE81040F6F764BE0246E3
S21403A72008B5EEF78BFD507D08BD024608B5EEF77B
S21403A73085FD507D80F0010008BD00F032BAEFF7CA
S21403A74073BC00F06BB8437C03B108470220704724
S21403A75010B50446F0F746FD2046BDE81040032139
S21403A760EFF7A2BAFFF7F4BF437C0BB1F0F700BDD7
S21403A77002207047437C0BB1F0F71EBD02207047E2
S21403A78038B5447C0D46BCB1053C012C8CBF002477
S21403A790012449682246F0F75FFD286890FAA0F086
S21403A7A0000AF2F7CFFAA97A2889224681F0010136
S21403A7B0F0F782FD002038BD0220FCE71FB5ADF898
S21403A7C008309DF81830CDE9001269468DF80A3036
S21403A7D0FFF7D6FF05B05DF804FB002070470020A6
S21403A7E0704702210120EEF7A7BF7047436B03F0C3
S21403A7F06003402B0DD0602B03D0203B58425841BA
S21403A800704749B10B68012B06D9486940F001002F
S21403A810704740F201107047002070470220F1F79E
S21403A8208FBED0F8C8304BB11A68022A06D993F8FF
S21403A830250028B11B6AB3FBF0F07047FFF7EFBDA6
S21403A8407047D0F8C8207AB11368022B0CD9536A24
S21403A85013F47F4FC3F3072106D0126ADBB25343C8
S21403A8608B42B3FBF1F201D2FFF7DBBD1046704714
S21403A8700346D0F804010860B3F8083100208B8043
S21403A880704790F804310E2B14BF807DFF2070476D
S21403A8904FF48071F4F728BEF8B507460E468D8848
S21403A8A0EFF746FC7F7C0446082F737C4FEAC5050A
S21403A8B01ED1012B014604D80120F3F7E3FA033532
S21403A8C002E00020F3F7DEFA03230544B371DCB19C
S21403A8D0B5F5803F18D84FF22442630902FB0533CF
S21403A8E02409B3FBF4F300203268D21A3260F8BDB1
S21403A8F0053FFFB2012F01468CBF00200120F3F76E
S21403A900C1FA012FE0D8DAE70220F0E7084610B5CF
S21403A91010F0030411461BD13F2B15D9B3FA83F36A
S21403A920C3F11902D2B2062A01D8192B0ED0062A71
S21403A93028BF06220124931DDBB29C40A4B2A14289
S21403A94028BF2146F0F70EFE204610BD2246F1E74B
S21403A9500024F9E7084611F0030110B518D113884F
S21403A9603F2B15D9B3FA83F3C3F11904E4B2062CCB
S21403A97001D8192B03D0062C214628BF0621012314
S21403A9808C1DE4B2A3401380F0F70AFE002010BD2E
S21403A9900120FCE7EFF784B810B5144608460121FA
S21403A9A0F2F776F82046BDE810400121F2F770B8BA
S21403A9B010B50A011021F4F783FD0446F4F79EFD53
S21403A9C0201E18BF012010BD1021F4F78DBDF8B569
S21403A9D004460E461746F6F7F9FC3A460546314650
S21403A9E0204600F07CF904462846F6F7F3FC20469A
S21403A9F0F8BD0220704703207047F1F799BD10B5E4
S21403AA00F0F732F9044608B9F3F7CAFD204610BD3D
S21403AA1038B504461D46F0F727F928B929462046D7
S21403AA20BDE83840F3F790BE38BD8021F4F75CBD2F
S21403AA3038B50546EFF752F904462846EFF72CF9E2
S21403AA40072811D1D5F8C43024F47F41DB6921F0FF
S21403AA50080103B15B7841EA032141F0200128464F
S21403AA60BDE83840EFF740B924F02001F7E7F0F7E8
S21403AA7051BC38B5054610460C46F0F7BFFC65B129
S21403AA80D5F8C4304BB15B693BB12268013204BFD1
S21403AA906FF00102226022681A60002038BD002091
S21403AAA070472DE9F74F01251C469DF830300646C2
S21403AAB001930368174603F0070306339D4005F129
S21403AAC0FF380B46A1B1416804EA080BA5EB0B0A55
S21403AAD041F00059524509EB0B0114D9524618466A
S21403AAE000F0F3F949467A1B5A44504400F0EDF956
S21403AAF0019B2BB13C4448EA050804EA0804F460C9
S21403AB0003B0BDE8F08F1846F0E737B500251446C6
S21403AB100095FFF7C6FF204603B030BD70B50E465E
S21403AB201546044608B9002070BD0378042B18D0D8
S21403AB302078F1F791F8B0B923780E2BF3D10EB144
S21403AB40FF233370CDB1FF232B7016E0207801303E
S21403AB50C0B203282070EBD8F1F77EF80028F5D0B2
S21403AB60E6E70020F5E71EB12078F1F7A9F8307084
S21403AB701DB1207800F009F828700120D4E7F0F71B
S21403AB806FB9704770477047704710F0FD0F14BFDA
S21403AB904FF0FF300020C0B27047704700200021FE
S21403ABA0704708B5F1F7E2FCBDE80840F1F71CBDB5
S21403ABB008B5F1F7F3FCBDE80840F1F715BD10B58D
S21403ABC00446F1F7D3FC844288BF01F1FF312046E7
S21403ABD0BDE8104001F00301F1F706BD38B50446A1
S21403ABE0FFF7DFFF0546FFF7DCFF431BA342FAD35D
S21403ABF038BD08B521B1920000F067F9002008BD02
S21403AC000120FCE70B0CB3F5384FF7B506460D46A7
S21403AC108FB216D04BF60102934214D04BF60202C3
S21403AC20934212D0B3F5304F14BF04240324D6F84E
S21403AC30C4300BB1196851B9D6F8C0309BB928682F
S21403AC400FE00024F3E70124F1E70224EFE72346AD
S21403AC5068463A46F1F720FD9DF804300098002B2D
S21403AC60EAD103B0F0BD19680029E8D02346684648
S21403AC703A46F1F711FD9DF804300098002BDED11B
S21403AC80EFE700F03003202B10B513D110F4E02FBC
S21403AC90C0F302440AD0C0F3C423B3FBF4F410F4A5
S21403ACA0C01F18BF6400052C0ED86408F1F7BCFF5C
S21403ACB0604310BD6FF01204C0F382131C4104F00E
S21403ACC00104C4F10204F1E70424EFE74FF038432C
S21403ACD059699A6903F500530A405A617047F7B5F4
S21403ACE005460F4668461146F2F794F8064698B1AD
S21403ACF097B1DDE900311B0A43EA0163A5FB034371
S21403AD00090A05FB0135F1F7FDFD00230246294636
S21403AD102046F4F73BFC3860304603B0F0BD032012
S21403AD207047704730B14FF47A735843A0F57A6092
S21403AD30F2F79CBF49F64040FAE7F3F743BFF3F751
S21403AD4041BFF3F73FBFF3F73DBFF3F73BBF002227
S21403AD508A4202D14FF0FF30704750F8223093FA00
S21403AD60A3F30BB90132F3E7B3FA83F000EB421017
S21403AD7070470020704770B5A1FB02543CB92946C2
S21403AD80F4F7E0FD064628B90026304670BD0C22CF
S21403AD900260F9E72A46214600F08CF8F5E72DE92C
S21403ADA0F8430746884614460026D4E90195B9F1C8
S21403ADB0010905D52468002CF7D13046BDE8F88391
S21403ADC0AB89012B07D9B5F90E30013303D02946D9
S21403ADD03846C04706436835E9E710B50C46B1F96F
S21403ADE00E10F4F7B7FF0028ABBF636DA3891B18DB
S21403ADF023F48053ACBF6365A38110BD2DE9F041F6
S21403AE001F468B8905460C46DB05164605D50223E9
S21403AE100022B1F90E10F4F78BFFA3893246B4F97A
S21403AE200E10284623F48053A3813B46BDE8F04129
S21403AE30F4F7B2BF10B50C46B1F90E10F4F778FF6D
S21403AE40431CA38915BF606523F4805343F48053E2
S21403AE50A38118BFA38110BDB1F90E10F4F758BF34
S21403AE600139024410B5904201D1002005E0037871
S21403AE7011F8014FA34201D0181B10BD0130F2E7B1
S21403AE80884210B501EB020402D98442234607D850
S21403AE90431EA14208D011F8012B03F8012FF8E74F
S21403AEA0024401468A4200D110BD13F8014D02F850
S21403AEB0014DF7E702440346934200D1704703F877
S21403AEC0011BF9E77047704770470A44431E9142D7
S21403AED000D1704710B511F8014B914203F8014FAA
S21403AEE0F9D110BD9368013B002B936010B408DAC8
S21403AEF09469A34201DB0A2903D15DF8044B00F0F1
S21403AF0098B91368581C1060084619705DF8044B0E
S21403AF107047F8B506460F461446D518AC4201D11D
S21403AF20002007E03A4614F8011B3046FFF7DAFF25
S21403AF30431CF3D1F8BD2DE9F047164698468A68B8
S21403AF4007460B690C46DDF820909342B8BF1346BC
S21403AF50336091F843200AB10133336023689906BE
S21403AF6042BF336802333360256815F0060506D101
S21403AF7004F1190AE36832689B1AAB422BDC94F897
S21403AF8043302268003B18BF0123920630D404F1F5
S21403AF90430241463846C847013023D023681A3453
S21403AFA054F80A2C03F00603042B0ABF54F80E5C6D
S21403AFB0002533684FF0000608BFED1A54F8123C1C
S21403AFC008BF25EAE5759342C4BF9B1AED18B54240
S21403AFD01AD1002008E00123524641463846C847A6
S21403AFE0013003D14FF0FF30BDE8F0870135C1E7EC
S21403AFF0E1185A1C30200233224481F8430094F8A7
S21403B000451082F84310C2E70123224641463846DC
S21403B010C8470130E6D00136D9E7B1F90C202DE94F
S21403B020F041170705460C4656D44B68002B02DC46
S21403B0300B6C002B3DDDE66A002E3AD0002312F49B
S21403B04080522F68216A2B6025D0626DA38958072A
S21403B05005D56368D21A636B0BB1236CD21A216AC7
S21403B0600023E66A2846B047411C24D000236360C9
S21403B07023692360A389DA0400D56065616B2F60BA
S21403B080B9B104F14403994202D02846F4F7BAFE54
S21403B090002363630DE001232846B047461C02469F
S21403B0A0D4D12B68002BD1D01D2B01D0162B2AD13F
S21403B0B02F6000202EE02A68B4F90C3042B11D2A16
S21403B0C001D0162A21D10023636023692360D5E7C4
S21403B0D0626022692260CEE70F69002FE9D09307EA
S21403B0E00E680F600CBF4B690023A6EB07088B6046
S21403B0F0B8F1000FDDDD43463A46216A2846A66AC4
S21403B100B047002808DCB4F90C3043F040034FF096
S21403B110FF30A381BDE8F0810744A8EB0008E7E70A
S21403B12038B50B6905460C4613B90025284638BDC5
S21403B13018B1036A0BB9F4F715FDB4F90C30002BFC
S21403B140F3D0626ED00704D4990502D4A06DFFF73E
S21403B150BAFE28462146FFF760FF636E0546DA0708
S21403B160E4D4A3899B05E1D4A06DFFF7ADFEDDE72C
S21403B17070B50C46B1F90E1096B0154600291E465A
S21403B1800CDAA389002113F0800F14BF40234FF479
S21403B1908063002031602B6016B070BD6A46F5F7F9
S21403B1A015F90028EDDB019901F47041A1F5005370
S21403B1B0594259414FF48063EBE78B89F7B59D07F6
S21403B1C006460C4607D504F1470323602361012393
S21403B1D0636103B0F0BD01AB6A46FFF7C9FF009F8A
S21403B1E0054630463946F4F7ADFB48B9B4F90C309A
S21403B1F09A05EED423F0030343F00203A381E2E7A8
S21403B200A389206043F08003A381019BC4E904075C
S21403B2105BB1B4F90E103046F5F7EAF828B1A38906
S21403B22023F0030343F00103A381A3891D43A581F0
S21403B230CFE7F8B50E461446054618B1036A0BB9B0
S21403B240F4F790FCA369A360A3891A0701D52369C1
S21403B25043B921462846F5F763F818B14FF0FF3790
S21403B2603846F8BD2368F6B222693746981A6369EA
S21403B270834205DC21462846FFF752FF0028EDD11E
S21403B280A368013BA36023685A1C22601E70431CFC
S21403B29062699A4204D0A389DB07E1D50A2EDFD17F
S21403B2A021462846FFF73CFF0028D9D0D6E7C9B287
S21403B2B00346024410B59342184601D1002003E02A
S21403B2C0047801338C42F6D110BD430803F055339E
S21403B2D0C01A00F03333800800F0333018444FF0C0
S21403B2E0013300EB101000F00F305843000E704788
S21403B2F010B5044678B1036A41696BB18068984714
S21403B3000023207E63611028636004D82146F5F786
S21403B3107BFB1123237610BD0029F1D08368002B15
S21403B320EEDB0846F5F760FDEAE7002307B51A46A5
S21403B330019101A9F5F7AEF903B05DF804FB1FB55B
S21403B340002402949DF81C400194069C0094F5F793
S21403B35027F904B010BD13B507240194049C009488
S21403B360FFF7EDFF02B010BD002307B50093FFF70C
S21403B370F2FF03B05DF804FB03680B6001607047DF
S21403B3802DE9F0410E46174600240546006808B925
S21403B390BDE8F081D0E90083B3420BD18368BB429A
S21403B3A008D154B9C5F80080C368DB0701D5F5F7A3
S21403B3B01BFD204604464046E9E7C4F80080F3E751
S21403B3C0D1E90112FFF7DCBF002370B51A46194610
S21403B3D005460468F5F75EF90CB92C6070BDE368A2
S21403B3E02668DB0702D52046F5F7FEFC3446F3E76E
S21403B3F02DE9F8430E461746054610B90020BDE86A
S21403B400F8830468002CF9D0D4E900893B46324619
S21403B4102946A068C8470028F1D14446F2E724200D
S21403B420704738B5054614460A460021FFF742FD25
S21403B43024F01C046B7944F0100443F004032C71CD
S21403B4406B7138BD2DE9F74F1F469DF830308A469D
S21403B45080460093002850D0002967D00C68002C43
S21403B46066D04FF0000BE679A179761AF6B2BE42A3
S21403B47008D30C31394408EB020945462144F61B30
S21403B480C84537E02068A346BF1B002835D00446CE
S21403B490E9E7AB19994538BFA9EB050632462846B6
S21403B4A0FFF713FD009B002B3DD0E279A079F3B2A2
S21403B4B037BB1844A071E279A37927689A4232D140
S21403B4C0DAF80030A34208BFCAF80070BBF1000FD9
S21403B4D001D0CBF800702046F5F7F8FA3C46354421
S21403B4E04CB10027A379E67903F10C01F61A21443F
S21403B4F0F6B24D45CDD3A5EB080003B0BDE8F08FFB
S21403B500121AD2B2F918914209DA0C302044D21B2F
S21403B510D21A014438440193FFF7B2FC019BE27947
S21403B520D31AE371C7E7A3462468D8E70846E4E7D7
S21403B5302046E2E710B5C4790246C4F14503D8B203
S21403B540884228BF08460444D47110BD38B5054662
S21403B550C079C0F14504E4B2944288BFD4B20C303B
S21403B56022462844FFF7B1FCEB7920462344EB71CF
S21403B57038BD1FB503910021009103A9FFF762FFB1
S21403B58005B05DF804FB38B50446206800B938BD3D
S21403B5900568F5F79BFA2560F7E7034610B501F053
S21403B5A0EC0103B910BD1A7902F013020A431A71AB
S21403B5B01A1A544254415A7964F300025A711B68AA
S21403B5C0EFE710B558B1016802685AB1136823B1A2
S21403B5D05C79E40704D5002414600360084610BDB4
S21403B5E00360F1E71346F8E7034658B10020DA791B
S21403B5F099791B68521A50FA82F01BB15A79D2070E
S21403B600F5D57047704770B50D460446E8B18679A0
S21403B6108E4203D3751A8571012070BDC27906F177
S21403B62045039B1ADBB299420FD806F10C0101447D
S21403B630921BA81BD2B20844FFF722FC0023A37177
S21403B640E3791D44AD1BE571E6E70020E5E710B599
S21403B6500C4698B191B18979E279C379521AC3F14C
S21403B6604503D2B2DBB2934208D30C312144FFF731
S21403B6706DFF2046F5F72AFA012010BD0020FCE7EF
S21403B6800346006818B102681A6000230360704717
S21403B6900346002003B97047DA7999791B68521A72
S21403B6A050FA82F0F6E72DE9F84F894614468246AB
S21403B6B0FFF7EEFF05464846FFF7EAFFA5420746B3
S21403B6C001D3A04208D2BD4208D10024A346A04617
S21403B6D0264647B9384604E02746F6E738D24FF001
S21403B6E0FF30BDE8F88F5EB99AF806809AF80760CF
S21403B6F0A6EB080608F10C08D044DAF800A0F6B268
S21403B700BBF1000F0BD199F8064099F807B0ABEBE5
S21403B710040B0C344C44D9F800905FFA8BFB5E455F
S21403B720354628BF5D46BD4228BF3D4621462A46CC
S21403B7304046FFF795FB0028D3D1A8442C447F1B33
S21403B740EDB2761BABEB0505F6B25FFA85FBC0E7F9
S21403B7500120C6E703680BB9016070471A461B68E9
S21403B760002BFBD111607047036803B10B600160C7
S21403B770704739B10B461A461B68002BFBD103688A
S21403B78013600160704770B5046806460D4644B101
S21403B7902046FFF77DFFA84211D8236813B9E37943
S21403B7A0A37170BD20463360F5F790F93468F4E76B
S21403B7B0ED1A236820463360F5F788F93468002DC0
S21403B7C0EFD0A279E3799B1ADBB2AB42F0D92A44D5
S21403B7D0A271E6E7F8B5066805460C4646B130465C
S21403B7E0FFF756FFA0421DD8336813B9F379B37138
S21403B7F0F8BD30462B60F5F769F92E68F4E7064680
S21403B80038460768002FFAD1C2798379D31ADBB298
S21403B810A34202D9121BC271EAE7E41AF5F756F9F6
S21403B8203EB13760002CE3D028680028E0D000261D
S21403B830E7E72E60F6E7F8B504460F46BC4200D1AC
S21403B840F8BDA179E5796D1AEDB2C5F14506B6B234
S21403B8500EB92468F2E749B10C312A46214404F1B3
S21403B8600C00FFF70DFB0023E571A3712368BB42B1
S21403B870EFD05A79D207ECD49979DD79A0796D1A8D
S21403B880EDB2B54228BF3546E2790C3010440C3190
S21403B8902A4619442044FFF718FBE379206853FA35
S21403B8A085F3E3718379761B53FA85F5C379EDB295
S21403B8B0AB42B6B2857103D103682360F5F706F988
S21403B8C0002ED3D1C5E738B50C46016809B9046024
S21403B8D038BD0D4609680029FBD1236823B12046ED
S21403B8E0FFF7A9FF2C60F3E721462846FFF7AFFED4
S21403B8F00028EDD1F6E748B10023027943600360E0
S21403B90083604379027143F0040343717047002256
S21403B9101146F5F737B938B504460D46FFF773FEFB
S21403B92098B984B12079FFF7F2FF58B16379427969
S21403B930C3F3400363F3410245235D1B0460427176
S21403B940C371857138BD0120EDE72046FAE738B5A7
S21403B950036804460D469BB11879FFF7D8FF88B1F4
S21403B9602368427903605B79C3F3400363F34102C0
S21403B97045235D1B4271C37185712060002038BD6D
S21403B9800120EAE71920FAE738B50C46054640B326
S21403B990006830B309B9002038BD4AB9C9B2FFF709
S21403B9A032FE0028F7D12B689A799871A41A06E01C
S21403B9B0452918D8C9B2FFF726FE0028EBD1442C38
S21403B9C007D8002CE7D02846E1B2BDE83840FFF799
S21403B9D0BEBF45212846FFF7BAFF0028DCD1453C09
S21403B9E0EDE72220D8E72120D6E72DE9F84390F8A3
S21403B9F0078090F806900446A8EB0907FFB2B94201
S21403BA000D4602D30020BDE8F8830079FFF77FFFD9
S21403BA1006460028F6D0A17980790C317F1B29448D
S21403BA200C30BAB221443044FFF74FFAF3790120C1
S21403BA303B44F371E37999444D442368A5EB080529
S21403BA40E57133602660DEE7F8B5076806460D46FF
S21403BA503C46002305B12CB90BB100221A603460B2
S21403BA603846F8BDE379A2799B1ADBB2AB4207D816
S21403BA70E379A2799B1ADBB2ED1A23462468E9E739
S21403BA802046E9B2FFF7B1FF0028F1D10746E7E702
S21403BA905318452B02DCC9B2F5F774B8002070477B
S21403BAA0F7B5002605460F4601960DB9019C09E039
S21403BAB0002238461146F5F765F8044628B901A86A
S21403BAC0FFF761FD204603B0F0BDAB798371EA79D9
S21403BAD0C27168796179D21A60F30001617169797C
S21403BAE06079C1F3400161F34100607103F10C001A
S21403BAF02918D2B22044FFF7E8F9019B03B9019451
S21403BB0006B1346026462D68CFE72DE9F8430D4687
S21403BB101446064610B319B3DAB1034699461B68B2
S21403BB20002BFBD12746C8463A4629464046FFF730
S21403BB300DFDC145A7EB0007054418BFC9F80080F3
S21403BB4037B10022B1793079F5F71CF8C14618B938
S21403BB50E41B2046BDE8F8838046E5E70446F8E79D
S21403BB600C46F6E737B51546C9B200221C46F5F76C
S21403BB7009F8019040B122462946FFF7C6FF8442E2
S21403BB8002D901A8FFF7FFFC019803B030BD0346B6
S21403BB9010B501391A1A914200D810BD445C1A78C0
S21403BBA003F8014B42540139F4E700230144884269
S21403BBB000D1704700F8013BF9E738B505460C4657
S21403BBC004B938BD013C55F834305B68002BF7D018
S21403BBD09847F5E72DE9F0410446002654F8363039
S21403BBE02BB904F10408B34203D100250FE0013654
S21403BBF0F4E754F833205F1C12685AB158F8330040
S21403BC009047054630B139462046FFF7D6FF28460B
S21403BC10BDE8F0813B46E6E77047704770477047DC
S21403BC207047F5F7C3B838B50446FAF795F90546ED
S21403BC3058B9C820E2F714FEC82202212846E2F7C4
S21403BC40CFFD8442A8BF044624B22046E2F708FE8E
S21403BC50FAF782F9BDE83840C8220221E2F7C0BDF0
S21403BC60B0F90020B1F900302DE9F0479A420446B6
S21403BC700D4648DCF5F7B1FB8046DDF789FD002865
S21403BC803ED1E2F7A3FD8246FAF766F9C8220221FF
S21403BC90E2F7A6FD47F6FF73B5F9002081469A4200
S21403BCA002D1E2F7B7FD288047F6FF73B4F9002008
S21403BCB09A4202D1E2F7A8FD2080B5F90000FFF70B
S21403BCC0B2FFB4F9003007468342C8BF2080B4F9F8
S21403BCD00000E2F7A5FDF7F772FE064658B1504698
S21403BCE0E2F79EFD4846E2F7BBFD4046F5F77BFBD1
S21403BCF03046BDE8F087E2F769FD20802F80F4E741
S21403BD0041F20C06F1E72126F2E7000000000000EE
S21403BD10000000000000000000000000000000001B
S21403BD20F8B500BFF8BC08BC9E467047F8B500BF20
S21403BD30F8BC08BC9E4670475FF800F0A10E0020D2
S21403BD405FF800F0F90D00205FF800F0410D0020C9
S21403BD5000000000000000000000000000000000DB
S21403BD6000000000000000000000000000000000CB
S21403BD7000000000000000000000000000000000BB
S21403BD805B445D20000A424C45204D4F44554C45CC
S21403BD902D2D2D2D4D41494E200A000A424C45209B
S21403BDA04D4F44554C452D2D2D2D4C4F4F50200AAD
S21403BDB0000A2D2D2D2D2D2D2D2D2D2D2D2D42759E
S21403BDC074746F6E20707265737365642D2D2D2DDC
S21403BDD02D2D2D0A000A2D2D2D2D2D2D2D2D2D2DFE
S21403BDE02D2D427574746F6E2072656C6561736574
S21403BDF0642D2D2D2D2D2D2D0A000A2D2D2D2D2DA7
S21403BE002D2D2D2D2D2D2D30303030427574746F21
S21403BE106E20707265737365642D2D2D2D2D2D2D5B
S21403BE200A000A2D2D2D2D2D2D2D2D2D2D2D2D30AA
S21403BE30303030427574746F6E2072656C65617352
S21403BE4065642D2D2D2D2D2D2D0A000A2D2D2D2D1E
S21403BE502D2D2D2D2D2D2D2D333333427574746FCB
S21403BE606E20707265737365642D2D2D2D2D2D2D0B
S21403BE700A000A2D2D2D2D2D2D2D2D2D2D2D2D3357
S21403BE803333427574746F6E2072656C65617365C7
S21403BE90642D2D2D2D2D2D2D0A000A2D2D2D2D2D06
S21403BEA02D2D2D2D2D2D2D323232427574746F6E3D
S21403BEB020707265737365642D2D2D2D2D2D2D0A1F
S21403BEC0000A2D2D2D2D2D2D2D2D2D2D2D2D3232E0
S21403BED032427574746F6E2072656C656173656447
S21403BEE02D2D2D2D2D2D2D0A005B435D20002E2E8E
S21403BEF02F6170702E630025733A2564203A2573EC
S21403BF003A20007363005374617475733A20257383
S21403BF10203D2030782530347820004173736572D5
S21403BF2074696F6E206661696C656400736C5F622A
S21403BF30745F6F6E5F6576656E7400342E342E33D1
S21403BF40002E2E2F736C5F676174745F7365727651
S21403BF506963655F6465766963655F696E666F725C
S21403BF606D6174696F6E2E6300736C5F67617474C2
S21403BF705F736572766963655F6465766963655F3B
S21403BF80696E666F726D6174696F6E5F6F6E5F6503
S21403BF9076656E7400000000B8BF03001B001B002C
S21403BFA0A8C103000E000E0098C1030001000100A3
S21403BFB00100FFFFFFFF0000010000000108FFFF74
S21403BFC00000000068C10300020002000108FFFF32
S21403BFD00500000020000A0003000A000008FFFF17
S21403BFE001000000700C002004000D000308FFFF92
S21403BFF00300000002000000050002000108FFFF26
S21403C0000500000002000B0006000B000108FFFFFE
S21403C010010000007A0C0020070002000108FFFF61
S21403C020050000000A000C0008000C000308FFFFD0
S21403C03001000000900C0020090000000108FFFF2B
S21403C040000000006CC103000A0002000108FFFFA5
S21403C050050000000A0003000B0003000308FFFFAF
S21403C06001000000980C00200C0002000108FFFFEE
S21403C07005000000020004000D0004000108FFFF95
S21403C0800000000070C103000E0000000108FFFF5F
S21403C0900000000074C103000F0002000108FFFF48
S21403C0A00500000002000500100005000108FFFF60
S21403C0B00000000078C10300110002000108FFFF22
S21403C0C00500000002000600120006000108FFFF3C
S21403C0D001000000B00C0020130002000108FFFF5F
S21403C0E00500000002000700140007000108FFFF18
S21403C0F001000000BE0C0020150002000108FFFF2F
S21403C1000500000002000800160008000108FFFFF3
S21403C11001000000C80C0020170002000108FFFF02
S21403C1200500000002000900180009000108FFFFCF
S21403C13001000000D40C0020190000000108FFFFD6
S21403C1400000000086C103001A0002000108FFFF7A
S21403C15005000000080000801B0000800208FFFFA7
S21403C160070000000000000002000118020000188B
S21403C1700200000002000A180C0053696C69636F22
S21403C1806E204C6162731000F01921B4478FA4BF70
S21403C190A14F63FDEED6141D636032E0375EA488BC
S21403C1A0534E6DFB6435BFF7002801280328002A89
S21403C1B0012A292A242A272A262A232A052A2A2B39
S21403C1C0292B0229050000000000000000C2010020
S21403C1D00005000000100000000000000000000042
S21403C1E0E20C0020613301004F100300A910030086
S21403C1F0BB10030049100300EA0C00206133010062
S21403C2004F100300A9100300BB10030049100300DE
S21403C210F20C0020613301004F100300A910030045
S21403C220BB10030049100300FA0C00206133010021
S21403C2304F100300A9100300BB10030049100300AE
S21403C240170D0020FD100300053401002D340100F6
S21403C2501F1103003B1103001A0D0020FD100300FD
S21403C260053401002D3401001F1103003B110300A8
S21403C2701D0D0020FD100300053401002D340100C0
S21403C2801F1103003B110300200D0020FD100300C7
S21403C290053401002D3401001F1103003B11030078
S21403C2A0433A2F55736572732F5072616E617468CB
S21403C2B0692F53696D706C69636974795374756417
S21403C2C0696F2F53444B732F6765636B6F5F73649C
S21403C2D06B5F322F6170702F626C7565746F6F744D
S21403C2E0682F636F6D6D6F6E2F696E5F706C616321
S21403C2F0655F6F74615F6466752F736C5F62745FEE
S21403C300696E5F706C6163655F6F74615F646675A9
S21403C3102E630064656C61795F74696D65725F6333
S21403C3206200736C5F62745F696E5F706C616365F5
S21403C3305F6F74615F6466755F6F6E5F6576656E6B
S21403C34074003F00280029200000000013B779FA84
S21403C350C925DDB7ADF3CFE0F1B614B8010200008E
S21403C36000000000FFFFFFFF2000000001000000A8
S21403C37000000000000000000000000000000000B5
S21403C38000000000000000000000000000000000A5
S21403C3900000000000000000000000001E00000374
S21403C3A0BF110300BB11030099110300971103008B
S21403C3B0CD3A0100C9110300913A01002C00000098
S21403C3C0020002010009007FFCC303000100000F06
S21403C3D0DCC303000000000000000000E1FE59FF7C
S21403C3E08FFFADFFC1FFD0FFDCFFE4FFEBFFF2FFE3
S21403C3F0F6FFFAFFFDFF0000030005005500EDFE03
S21403C400FF0064001E0000007F001B0DD063FDFFCD
S21403C4103600B7034DDAFFFF1C005901EC36000067
S21403C4201100BD00C83B00000B007100143500006E
S21403C43007004900352C00000500370005260000DC
S21403C44003001400FF1400000000000000000000BA
S21403C45000000040000000000100000070C403005C
S21403C460C0000000000000000000100020000000D4
S21403C470FFFFFFFF000000010000000000000000B7
S21403C48000000000FFFFFFFFFFFFFFFFFFFFFFFFB0
S21403C490FFFFFFFF00000000FFFFFFFFFFFFFFFFA0
S21403C4A0BCE6FAADA7179E84F3B9CAC2FC6325514E
S21403C4B06B17D1F2E12C4247F8BCE6E563A440F2E1
S21403C4C077037D812DEB33A0F4A13945D898C29626
S21403C4D04FE342E2FE1A7F9B8EE7EB4A7C0F9E16E3
S21403C4E02BCE33576B315ECECBB6406837BF51F594
S21403C4F0FFFFFFFF00000001000000000000000037
S21403C50000000000FFFFFFFFFFFFFFFFFFFFFFFC32
S21403C5105AC635D8AA3A93E7B3EBBD55769886BC88
S21403C520651D06B0CC53B0F63BCE3C3E27D2604BDF
S21403C5306BC0BCE12A459991E134741A7F9E192594
S21403C540AE2D8A571E03AC9C9EB76FAC45AF8E517B
S21403C55030C81C46A35CE411E5FBC1191A0A52EF66
S21403C560F69F2445DF4F9B17AD2B417BE66C3710B8
S21403C5703FF1CAA1681FAC09120ECA307586E1A73F
S21403C5802B7E151628AED2A6ABF7158809CF4F3CDF
S21403C5906C5C5854801024FFFFFFFFFFFFFFFFFF74
S21403C5A0FFFFFFFFFFFFFF00000000000120000069
S21403C5B00020000000000000456001000040025C0F
S21403C5C0000000000000001001030401010109033C
S21403C5D00B0000000B0000000200000000002020FB
S21403C5E000000000030000008C8C3C0000000000EC
S21403C5F000000000000000000104104001000000DD
S21403C600050002000003000074C8030050C80300BE
S21403C610C4C70300E4C70300F8C703009CC80300AD
S21403C62034C8030020C803000000000088C80300C5
S21403C6300000000064C803000000000058C70300A1
S21403C640000000000CC803000000000014C803002C
S21403C65000000000D8C703009CC60300B0C8030050
S21403C6609EC6030048C80300000000000000000048
S21403C67000000000000000004E0C00000000000058
S21403C6800000000098BF0300000000000000000048
S21403C6900400000000000000E2FF50000100040058
S21403C6A0FB00141400001C2030401C2000001C203B
S21403C6B03040505341004B4559000001010201022E
S21403C6C002030102070B0B0701160C000001080802
S21403C6D00000050108FFFF02FFFF0808020204FF2F
S21403C6E0010022FFFFFFFFFFFF030404FFFFFFFF1E
S21403C6F02AFFFF1419191B011C15120400480C14F9
S21403C700131510801A80128080000F0E0C080C0878
S21403C7100D18100102040400F4010000FA000000E2
S21403C72096000000640000004B000000320000008A
S21403C7301E0000001400000000000000010150006D
S21403C74040000800500024000400900150024000FE
S21403C7509001AE0110000000DDF7010000000000AC
S21403C7600049725314497207FF000102030405FFD0
S21403C770145300724907CDF61B6C0300B10B02007D
S21403C780CD220200196C0300BB6D0300B56D0300D8
S21403C79069260200F58E03006F6D0300B76D030074
S21403C7A0B96D0300636D0300B16D0300C506020097
S21403C7B06B6A03001908020001020C000000040063
S21403C7C00000080004000000000000000000000055
S21403C7D00000000000000000EF6B030000000000F4
S21403C7E0A001040156000000000000000000000045
S21403C7F0000000000000000005000000000000002C
S21403C8000000000000000000000000000000000020
S21403C810000000004B6D030000000000A01305009D
S21403C8200A000000000000000000000000000000F6
S21403C83000000000090000000000000000000000E7
S21403C8400000000000000000516D0300000000001F
S21403C8500F000000000000000000000000000000C1
S21403C860000000005B6D03000000000000000000F5
S21403C87000000000010000000000000000000000AF
S21403C8800000000000000000190D02000000000078
S21403C890A0010107A000010402040800060000002E
S21403C8A00000000000000000390E0200010E020026
S21403C8B0690E020000000000A0030601A009060995
S21403C8C0A0020608A0050607A0050606A00706059B
S21403C8D0A0020604A0010610A00A0602A00D060088
S21403C8E0000004020503060107010108090A000007
S21403C8F0A0015C02A0035C01A0025C00A0020F0979
S21403C900A0030F04A0030F03A0050F02A0010F014D
S21403C910A0050F00A0040108A0020105A00301065C
S21403C920A012010001010204200C0403310B0200D3
S21403C930200004015D0B020020025602010C0200D7
S21403C94020025601D50B020020010605B91002008D
S21403C95020040A04E50C020020050A02B50C0200B6
S21403C96020000115C50D02006267617069206275BB
S21403C9706666657273000100020000000000000096
S21403C980030000000D0003000200010005006761BC
S21403C990747420636F6E6E656374696F6E00000057
S21403C9A000FB349B5F800000800010000000000046
S21403C9B000000000B98C0300597303009F8E030028
S21403C9C0A38D0300E69D350E480103CCDBFDF4ACD6
S21403C9D01191F4EFB9A5F9E9A7832C5E2CBE97F263
S21403C9E0D203B020008BD28915D08E1C742430ED70
S21403C9F08FC24563765C15525ABF9A32636DEB2A33
S21403CA0065499C80DC006C888391AAF5A53860375D
S21403CA100BDB5A6083BE0000000100010005010025
S21403CA2005020203000200000000000205010005E3
S21403CA3000000100010000010001020203000200E1
S21403CA40000000000202010002BF01FB9D4EF3BC82
S21403CA5036D874F5394138684C8BD28915D08E1C7C
S21403CA60742430ED8FC24563765C15525ABF9A32F2
S21403CA70636DEB2A65499C80DCE69D350E48010311
S21403CA80CCDBFDF4AC1191F4EFB9A5F9E9A7832C3F
S21403CA905E2CBE97F2D203B0203F49F6D4A3C55FFF
S21403CAA03874C9B3E3D2103F504AFF607BEB40B7FC
S21403CAB0995899B8A6CD3C1ABD000000A0010A05F6
S21403CAC0A0030A04A0080A03A0070A02A0060A0194
S21403CAD0A0070A00A0030906A0060905A007090483
S21403CAE0A0040903A0050902A0060901A003090082
S21403CAF00202030000000000358C02007D8C020059
S21403CB00298C0200898C0200718C020001A60300A6
S21403CB103DA6030063A6030085A60300A7A603009D
S21403CB2065A002001DA0020029A00200FDA00200CD
S21403CB301DA80300A9A30300ADA30300B9A3030024
S21403CB40B1A30300B5A303000000000088010000A2
S21403CB50E00F0020E1FE000002000080FF7F0000DF
S21403CB600080FF7F0E025241494C0000A0000000E7
S21403CB70C197020050000000399702000000000130
S21403CB800000010100010101719A0200559A02009A
S21403CB908DCF020035D202006DD1020001010203DF
S21403CBA0000000011F150F15150F151FFFFFFFFFD0
S21403CBB0FFFFFFFFFFFFFFFFFFFFFFFFFFFFFFFF7D
S21403CBC0FFFFFFFFFFFFFFFFFFFFFFFF00A801A818
S21403CBD002A8000000B801B802B800B0F0FE0300D7
S21403CBE008FF030020FF030038FF030050FF030085
S21403CBF0030404080805000000000000000000000D
S21403CC0000000000B8320000F8040000B03700004F
S21403CC1004000000303E0000030000000000000097
S21403CC20B8320000343E000000000000343E00002E
S21403CC304100000000000000303E00008532000086
S21403CC409D3200009D3200009D3200009D320000A0
S21403CC509D320000000000000000000000000000FD
S21403CC60000000009D3200009D3200009D3200004F
S21403CC70112B00009D3200003B2C00004B2C0000C3
S21403CC80D12C0000192D00009B2D0000012F000061
S21403CC90BB2D0000912F0000072E0000452E00003C
S21403CCA0B92E0000F1300000C53100000D2C000045
S21403CCB071280000212400008F28000001290000AD
S21403CCC09D320000D92900009D2900009D320000F6
S21403CCD09D320000212A00009D3200009D32000094
S21403CCE09D320000F90F0000E90F0000031000005A
S21403CCF00D100000171000008C488068000200D456
S21403CD00704780B580208002A8490860CF2000F0D5
S21403CD104BFA01BDF8B586480068864C802292031C
S21403CD202260854E316809051DD5110BA0230340EB
S21403CD3001D0216017E002403FD180277F4A176069
S21403CD407F4A1760084038D0784D287A400705D5C3
S21403CD5001207C49086000027B4908602878002887
S21403CD6001D0062801DB0020F2BD00F057FB7168F6
S21403CD7089684E682978052907D1B905A1606E60D0
S21403CD80B668CC218901704A116000F050FB012E71
S21403CD9000DA0226BC2080058549086094208005B9
S21403CDA08449086065480021C943016471424164AF
S21403CDB081490F6040210160D5E7B1480160FFF764
S21403CDC09BFF0120F2BD5A480168890504D5C06E51
S21403CDD00004000F022801D000207047012070478E
S21403CDE038B580245548046000F018FB05007348E6
S21403CDF0006800F065F9280000F019FBFFF77CFFD8
S21403CE004A48007A000705D5A0004A49086000F0A2
S21403CE10E6FB31BD60039A490860B048046031BD43
S21403CE20FEB50500CC208001964948600126964849
S21403CE300660FFF7C8FF002877D03C4C2078002810
S21403CE4073D031020195052802D02A460A406CD1D8
S21403CE50CC27BF018B4A1760A14A126853075B0FA2
S21403CE60022805D1022B5ED3080137490860F7BDB7
S21403CE704D01032804D1022B55D933480560F7BD6D
S21403CE80042802D111404ED0F7BD05284BD1019896
S21403CE90002848D0C005C10F684641700198C004F9
S21403CEA0C10F6846017000F0B9FA029060686946DF
S21403CEB04978002903D006688021214A11602C0492
S21403CEC088496A461278002A0CD0C2680B68D21AC0
S21403CED0A74B1B68234001D0066800E046689642CD
S21403CEE000DD1600684640786A461278024308D08A
S21403CEF008684242B01E824202DA7042886000E04E
S21403CF000026029800F093FA0198800501D5994807
S21403CF1004600198054001D097480460002E02D0B3
S21403CF2009480760F7BDFFF75BFFF7BD343E000017
S21403CF30400002A8402002A8C43E00000CC001A87E
S21403CF4090E001A894D000A8505201A838B58024D8
S21403CF508A48046001204C490860894D28780528D2
S21403CF6002D0600087490860FFF72DFF002812D023
S21403CF7012480068000A80214140A868000EC9B222
S21403CF80814208D2564800684007400F022802D262
S21403CF90FFF726FF31BD7C480168C0220A4002D154
S21403CFA0C06F204001D00448046031BD1C1002A8A5
S21403CFB008E001A808D001A894D001A818C000A8CA
S21403CFC0F1B582B00F008026B600A020384002D00C
S21403CFD06E48066052E000F021FA00906C48046840
S21403CFE0F80202D5A0680069029000F045FBB10282
S21403CFF0606800F06FF9227820000021521C437805
S21403D000934200D2002218235343C5180C352B78BD
S21403D010082BF3DA1400027085602878584A1070DB
S21403D0203E400CD000F0FAF9594909688968CE6881
S21403D03000F0FDF9F80201D403208643310050487E
S21403D040816001260846304003D100F0D2FB00F091
S21403D0507BFFF104686900F03DF93C2000F0A4F87A
S21403D060E0B200F0A1F8009800F0E1F93005474976
S21403D0700860484806603002024908600298FEBD10
S21403D080401002A84C6201A894E000A810B54248DC
S21403D0900068800501D4FE2010BDC02080033F49F0
S21403D0A0086000F0BBF93A4909688A78D20702D5C6
S21403D0B089688C7800E00C7800F0B9F9200010BD80
S21403D0C0334909688A688B78DB0704D59278182376
S21403D0D05A438A180C32906070470000100002A86A
S21403D0E0084001A848C001A8F1B582B02C4F3C689F
S21403D0F00026200F000702D1E00102902AE000F08C
S21403D10023FF00F08BF9019080210903606800F08B
S21403D110E1F825786D1C6078A84200D20025E80067
S21403D12020180C30009000680290802109030098B4
S21403D130406800F0CFF83D2000F036F8E8B200F083
S21403D14033F825700098A060019800F070F902A8E3
S21403D15000F05EFF13480068800407D5786901F085
S21403D16026FC02990818029000D502960298FEBD86
S21403D170480002A8481002A8482002A894E001A884
S21403D180343E0000506201A814C001A8402002A843
S21403D190C83E000090E000A8400002A8401002A885
S21403D1A0CC3E0000FC0302A841490968002901D5CA
S21403D1B0404908607047F3B581B03F4FB9683F4CAC
S21403D1C04A004CD50125090100D5212501003C4A1A
S21403D1D01068566822689206920E94463A68930040
S21403D1E08022134062461343802252001A43009261
S21403D1F00A0023D0890601D5012008E0F02101406A
S21403D20007D16946097A0C220A4002D0022000F0B0
S21403D2103FF82C49096809040AD53968090701D576
S21403D220022605E03968490301D5002600E00326F7
S21403D2304835009A24490968890003E0009A224980
S21403D240C96909094023194011439A00002E02D0E8
S21403D2501643266608352166024322662566E06D78
S21403D2604407640F00F0C4F8A0070BD0052C09D0C0
S21403D270B868000406D400F0D1F80221134A1160FE
S21403D28000F0D5F800F0BDF8002000F001F8F7BD77
S21403D2900B490A68F0239A43000110430860C0B2A2
S21403D2A070478020C0020A490860704700000000EB
S21403D2B04C0002A8884000A8440002A8284000A802
S21403D2C0683F0000384101A8084001A87CD40350F9
S21403D2D0485000A880B55E4A116001F093FBFFF743
S21403D2E0E0FF01BDFEB500F099F802901020594901
S21403D2F008600023584803600220584908605848CD
S21403D300C0684005C20DD52A01D2D52204E0D1203B
S21403D3104000824200D9020010000100514C0194E3
S21403D320883C246864011DD54F4C0094251D4F4E40
S21403D330367806277E43AA530024019D2D7CE540BC
S21403D340ED070CD5009D06266643AD19AD888FB252
S21403D350BD4200D2290086B2AE4200D22800641C29
S21403D360022CEAD389B246310904414C0C404638B4
S21403D370C005C00D20433A490860C02000063D4959
S21403D38008603848017D00290CD03B49D52A02D9CC
S21403D3908024E4050C60D1246400A24202D28024D7
S21403D3A024060C601021354C216035490B604188FA
S21403D3B0002900D10280029800F039F8F7BD80B545
S21403D3C03048314908603148C1680902090A192200
S21403D3D05143416005210160FFF784FF01BD2B48DF
S21403D3E00068C00300D4704780B5FFF77BFF01BD1C
S21403D3F08020C00216490860254800684007FBD411
S21403D40070478020C00223490860704701E0224924
S21403D4100860224909680140F9D17047204800682E
S21403D4202021204A116010211F4A116070473021C5
S21403D430014002D110201B49086070471848006855
S21403D44030210140102901D1012070470020704788
S21403D450401002A8F41302A8048002A8409002A871
S21403D4607C400050743F0000603E00005C3E0000BD
S21403D4700000FF01A0600050A4500050F42302A84F
S21403D48018E000E07F1A0601500002A810E000E052
S21403D490400002A8402002A8282002A8280002A8CC
S21403D4A05C0002A85C2002A85C1002A8F8B54E48EF
S21403D4B080214902816102214C4A516000214C4A75
S21403D4C011604C4A11800321484A11600221016011
S21403D4D0202049490860802048490860CC20800104
S21403D4E0474908600120474908604148806F00901B
S21403D4F00F24070B274044480068C505ED0D103D73
S21403D500C0202843C0B2FFF74FFE40480068C0055E
S21403D51005D5092F03D001F0ADFB01F0C9F800983B
S21403D520044000943A4804680098032803D002286D
S21403D53006D1032F35D000F0EBF90098032803D06B
S21403D540062F2ED1062D2CD0324800680104C90FB1
S21403D55001D001F081FD30480068000109D5052D92
S21403D56007D1012501202D4908604005FFF74EFF2E
S21403D57000E000252100380000F0CCF90400284E16
S21403D580002D06D000F068FB0120306002202549FC
S21403D590086080208003706580092349086001F0D5
S21403D5A049FB124880214902C161002F08D102219C
S21403D5B0416000200E490861C020C0001B49086076
S21403D5C02000F2BD80B5FFF713FF194800788006E8
S21403D5D002D4022017490860FFF713FF01BD02209B
S21403D5E015490860704700002C1002A8282002A8DE
S21403D5F0340002A8703E000094E001A80CC001A805
S21403D600506201A894E000A804ED00E0B40002A86C
S21403D610B44000A800E200E0EC3E0000645000A81E
S21403D620646000A82C4000A880E200E02C6001A8FB
S21403D630C43E0000081002A8082002A87F4800681D
S21403D640800700D4704730B57D4804218C4A0123F7
S21403D650E024E4008568254002D01360D160D360DF
S21403D6600068044002D013605160536030BD8548A3
S21403D670012181600160704710B5012071498A68F5
S21403D6800240FCD1804A0423D3600C680440FCD1DA
S21403D6905360106010BD7D4908680122104200D116
S21403D6A0704710B5E023DB000340FF24A41CA3420D
S21403D6B004D3774B1B689B0600D54868024001D00D
S21403D6C000F0ABF810BDFEB50700C820714908602E
S21403D6D0062071490860802040037049086070483E
S21403D6E00168704A0A4080210901114301606E4CAB
S21403D6F0C020C00020600225A56168036B4908604E
S21403D7006B4E6C48F0664C206B49C86638686B49AC
S21403D7108968814201D2019100E001900199401A83
S21403D72038600121380000F040FB6946087038680D
S21403D730019940183860FFF781FF5F4800685F492A
S21403D74008605F480168490601D55E4900E05E4906
S21403D750316769460978002908D10321E161006829
S21403D7603068054002D08020800220616846007839
S21403D770FEBDF8B50400554D8020C001286054480E
S21403D78001218162534A11601F23036056234366B7
S21403D79006230366504B1B68002B02D4082303663C
S21403D7A043664E4B0365C023DB004D4E3668F827B1
S21403D7B0FF01374001D1836700E05361E86B014006
S21403D7C008D0286BC00705D446480078800701D4E4
S21403D7D001F0E0FC444845490860FFF72FFF2000AE
S21403D7E001F084FD286B8001FCD4286AC8490860D0
S21403D7F0F1BD3F4801214161C1603E4A3E4B53663D
S21403D800364B13650323036000203C4B18601160FE
S21403D8109162C8032D4908607047F0210901384A10
S21403D82011600140374801602020374908603749B6
S21403D83009680840B7490860704700004C0002A812
S21403D8406C0102A8700102A880B5B3480821B34A48
S21403D85013680B4001D0016141611178C90602D5F6
S21403D860862109010160FFF716FF1420AC49086002
S21403D870AC480168490701D0FF21416101BD0000A2
S21403D880681102A86C2102A8682102A8783F00004C
S21403D890400002A8548001A80C9001A8942002A876
S21403D8A0680102A8FFF1FFFF441102A8A01002A816
S21403D8B0E40002A8294E0600300002A8A03F00009C
S21403D8C0FC0302A8CC3F0000C43F0000100002A8DF
S21403D8D0E01002A8442102A828C000A80C1E0000DD
S21403D8E0A88001A83C3E0000FFFF7F7FB46000A82D
S21403D8F0602102A8E02002A85E060000400102A8FC
S21403D9002C6001A82C5001A8442002A8084001A8B6
S21403D91070470000F8B586B005000C008248866A9A
S21403D920FFF77CFD0590B00503D580480068FFF738
S21403D930C7FB0020029001227306DB0F7C498E682A
S21403D9408860B82040007B4F38606708B8203840AE
S21403D9500978F0270F40402F02D1010040200843EA
S21403D9600D2D02D1310004260E43710704D50100A4
S21403D9701420084310218C43AC4909686D462A706D
S21403D9800493019605006C4FC80506D58020400019
S21403D990A24908602800012505430498002811D1F0
S21403D9A00C20284008280DD028005F49496BCA067A
S21403D9B001D410229043890601D420218843B12143
S21403D9C001405AD068460078002859D0B86DC00484
S21403D9D0C00C792809D380250620534908606802BD
S21403D9E0A14908600020694608708120284049D074
S21403D9F008200499002900D1386201990843019050
S21403DA0010208443042003900005984908604008CA
S21403DA1097490860012097490860684600780028FF
S21403DA202ED00398062833D39348806BC0062FD591
S21403DA3092480068000E02908F480668B6B28F4878
S21403DA40006A000603D0300080267601064301F004
S21403DA5060F8002809D0FB2080010078C00604D0B7
S21403DA6030008026F6010643B6B23E6130123861B6
S21403DA706E480168C80587D40AE00820394608625C
S21403DA80009531E08FA06906C90E405C0390C4E799
S21403DA90009503982449CB6A784A12683D686E4617
S21403DAA0B58128251D400543980CC00128431D0059
S21403DAB01B0E2B4010252B400343900040221040A2
S21403DAC0184303AA9070086B000A03A9C870FFF7EF
S21403DAD0DDFA03A908710298487169480068C8808E
S21403DAE00398F8660498F8660598FFF7A0FC0820E4
S21403DAF0610601D55D498860624908600198C1B234
S21403DB000098C0B2FFF757FB200007B0F0BD000037
S21403DB109C3F0000441002A8301102A8F84F0000F2
S21403DB20703F00000C4000A8180002A81CC000A804
S21403DB30683F0000B46000A8540000AAF8B5524F2E
S21403DB40524C0F2501265249606BC00621D5012091
S21403DB5008705048006850490A68824204D28969AE
S21403DB605118491C081A00E0101A4C490968401855
S21403DB70012852DB01F05EFE49490968090B0D4096
S21403DB80022D48D17105474A11601021F9632660BA
S21403DB9041E0E06BC00026D543480068E0218905D4
S21403DBA001403AD03E4C41480068C00504D4206882
S21403DBB0000B28400228F5D03D480668FFF72EFCE8
S21403DBC03C49F2B20A603204120E0A603202120EA6
S21403DBD00A60320E0A60FFF72AFC2068000B284012
S21403DBE00228DFD0F1BD344C2068002815D00E7013
S21403DBF001F07CFB002810D101F01CFE28490968BF
S21403DC00090B0D40022D06D13104264A116002216C
S21403DC1039600021216001F011FEF1BD1C2100AA2C
S21403DC208020800425490860704700001C0100AA74
S21403DC30802040042149086070478020C0041F49A3
S21403DC4008607047802000051C49086070478020E4
S21403DC5040051A490860704719480168490701D00A
S21403DC60FF21416170470000141100AA401002A86A
S21403DC70205001A8006101A81C4000A8084001A884
S21403DC80448001A8845000A8082002A8100002A817
S21403DC90733E00001CC101A820C001A8DC3E0000A2
S21403DCA0AC0002A81C1002A8204001A8084000A847
S21403DCB0904000A8640000AA483E0000382002A84E
S21403DCC00C4000A803010706030107060501060624
S21403DCD005010606030207060302070605020606F3
S21403DCE005020606FF2807D0032805D2AC490978A3
S21403DCF0C140C807C00F704700207047F8B58020A2
S21403DD00000200908E48038808208E4908600A2285
S21403DD1001200124944000990C43A249B6A5AD5CAA
S21403DD2025438D60F025A04E3560864DB5A6B65CBE
S21403DD30022737432F6004262E60814D9B4E36689C
S21403DD40064008D12E88F61AB6B2012E03D88E6C7A
S21403DD503603F3D401E00220F2BD8D6CCE6C6D0366
S21403DD606D0BAE4200D20094521ED2D508228E4BC3
S21403DD701A60009A8A608E4A1268520113D58D4B38
S21403DD805A78541C012525405D70140006256C4303
S21403DD901C190968A1800099E1801A7080490B78E4
S21403DDA09040184308700020F2BDF1B582B0FFF72B
S21403DDB05EFC00247E480068400102D401200190E6
S21403DDC01DE07D48826B00207A49C3B206256B436B
S21403DDD0CB189B8895B2AB4204D0401CC3B2022B2F
S21403DDE0F3D3FF20087001200190714800684001BA
S21403DDF005D50878FFF776FF002800D001946F4812
S21403DE0000686F4988616F4D02980068296D46184F
S21403DE10002E15DD00F07FFD2860C001301A0028B3
S21403DE200EDDFFF729FC00F08FF802980068296DD5
S21403DE30401801F05BFA010002D002990C60FEBDA7
S21403DE40614F8020800038605D4A106802260728EC
S21403DE5029D005210840052805D011600C2001F0C3
S21403DE6057FA01006AD1594D59482862FFF704FC56
S21403DE702E60E020C00257490860000256494860F9
S21403DE80300678603E60012001F042FAF001286215
S21403DE90022001F03DFA902040012862022001F0A2
S21403DEA037FA700228624D4DE020400028600420B7
S21403DEB001F02EFA07003BD147480660B002A8627D
S21403DEC0C001A86210203C4908600126EE65402583
S21403DED04348006828401BD135480068400113D5E5
S21403DEE0344800786946087068460078FFF7FAFEFB
S21403DEF0002809D02F48694609780622514340185E
S21403DF00C0882D49086403E0FFF7F8FE07000FD129
S21403DF1029480660C467022001F0FAF9314C2560EF
S21403DF20A8002060022001F0F3F98120C002A0625D
S21403DF300198002801D0FFF752FA3800FEBD000012
S21403DF40703E0000889001A870B5FFF790FBFFF7BE
S21403DF5093FB022618480660234DF0022862C40885
S21403DF602C62012001F0D4F9600828622E601F4855
S21403DF702862E02040001B490860174D2E60FFF71B
S21403DF8037FA1B4E3078002800D005200C4908606D
S21403DF90FFF737FA2C6017480068706370BD0000FF
S21403DFA0843F0000448001A888A001A8140002A8AA
S21403DFB0EC3E00005C3E00000C8001A8F80302A8BB
S21403DFC03C0102A88C3F0000941002A83C1102A852
S21403DFD0BD080000142102A8942002A82C9001A8D2
S21403DFE04C0002A82CA001A83C2102A8FD68000052
S21403DFF0603F0000300002A8000000010102040890
S21403E0001020200050505040404040302020200038
S21403E010F8B50400FFF730FB2948C021C900294A98
S21403E0201268F823DB01134002D1274A116000E08F
S21403E030016000942549AC2252008A640A220A60D1
S21403E0402349802252030A60224C626A224B134001
S21403E0508022D2001A436262802222600222426039
S21403E0605003C8601D48E0601D4E4C20F0661D4DF1
S21403E07068699621C901471800980068874200D34B
S21403E0800700C01B0099086000210098FFF78DFE6B
S21403E09000990968C919009A116031682960124904
S21403E0A00968490601D5114900E011492161F2BD0D
S21403E0B0802000010F49086000010F49086070477F
S21403E0C0582102A8AC8001A8581102A80C8001A808
S21403E0D0941002A8440102A8FFF1FFFF286E060071
S21403E0E0300002A8903F0000FC0302A8CC3F0000CB
S21403E0F0C43F0000401002A8685000A8F1B584B0E1
S21403E100BD4800680290BD48006B9621C9014018BF
S21403E1100499884205D2081A01F0E8F8002800D0CE
S21403E12027E2B74C6068C00700D522E20420B54951
S21403E13088628003B4494862B44800680090606B04
S21403E1408607B60F1025032E02D0AE48856222E05E
S21403E150084669034162A26B920601D5012065E079
S21403E160009A12060FD5A36B022213400BD1A84BBD
S21403E17005271F60A76B2F403A431A6000221A60D8
S21403E180626B120A1A6004228262A06B002802D510
S21403E1909C4841620026606B400704D5606BC00054
S21403E1A02901084003E095488068C10701D5FFF7B9
S21403E1B034FBC149009805220240052A07D1BF480F
S21403E1C0B2018018006AC004C00C401E086000201C
S21403E1D0BB4AD26E12041AD5BA4A1268002A16D45B
S21403E1E0012201204969002911D0B7490A7000218C
S21403E1F0B64A1160B6498D62C106B64A91670722D0
S21403E200B44B1A600022B24B1A601A46D167B24961
S21403E210C02292000A603302002801D0100000E0FA
S21403E2201800AE4D28604A606B600020E16B9422B4
S21403E23092050A40150000D00125802636022843A1
S21403E240000637D071482821405CC0210140402990
S21403E2500DD1FFF7B7F96948C06D00906846FFF720
S21403E26032FA002876D10098FFF783FA01E0FFF729
S21403E270B6F9202020602D0600D17AE1944D606B1C
S21403E280400708D57008604948620220E86200F03B
S21403E2905DFA002806D004205A49886240025A498B
S21403E2A04862EE6259480078000600D461E1300106
S21403E2B05449FFE00125606828404BD1AE4800680A
S21403E2C0C005400F022803D0032801D0062802D138
S21403E2D069464D7005E0002069464870A748A8497E
S21403E2E04860680448498862FFF782F8E06B064096
S21403E2F006D1FFF793F80221A24A1160FFF797F8B9
S21403E300FFF77FF8280320609F4EC020000670604A
S21403E31028049B490860606B4007C10F684601707C
S21403E320E027FF023020029949072FD54021A54A4E
S21403E33011624901924A11660321A24A916400219F
S21403E340116030608E48456580207060062000F0BE
S21403E350DFFF002800D00CE1894D80204000E866EE
S21403E360022000F0D5FF80204000974988661820D9
S21403E3707060082000F0CCFF0028EBD124207060EA
S21403E3809148C765A020C002286672E0E16BC90207
S21403E39049D5C04949680902090E0191490902296C
S21403E3A001DB8A4901E0B3218900019A302A3AD376
S21403E3B0124A1288E72A36D395235B009A4205D879
S21403E3C09A1A12095143890A4B4204E0804BD21829
S21403E3D0120951438B0A5BB20199C918074A126B9B
S21403E3E09446064AD26B53436246D218034B1A63CB
S21403E3F09F290FD39F2110E0FC0302A8743F00005F
S21403E400100002A81C2002A81C1002A8C43E00008C
S21403E410E40000AA202900D821210A020A4309049D
S21403E4201143274A11606749AA020A629A4A8A6414
S21403E43014220A603060524845656348C765A803DE
S21403E4404F49886640027060062000F061FF00288E
S21403E45031D12D064A48C566022000F059FF5A48B6
S21403E460856668097060082000F052FF002822D1F4
S21403E4707560032000F04CFF88481649886700F053
S21403E4804AFA874D401DC001296B47188548406FDF
S21403E4908021C90108400190084683490860049812
S21403E4A087421ED2296B401A00F020FF002817D09F
S21403E4B001987E4908605CE0204000A80C0000AA92
S21403E4C0CC4001A8784201A8723E00006C3E0000D2
S21403E4D03C5000A83C6000A8046100A8045100A8B2
S21403E4E0049F206AE8620298400701D5402003E0B3
S21403E4F0802080047060C0087060012000F008FF70
S21403E500802040001E490860380000F0EFFE8B4E66
S21403E51068460078002806D162480068F0618020CB
S21403E520C0038749086001986049086085488649A2
S21403E5300860254880210901416669464978002913
S21403E54001D104210160206A6862684600780028C9
S21403E55009D0012000F0DCFE3078000603D58020C9
S21403E560000391490860E06BC00202D54948006881
S21403E570286305B0F0BD0000204001A8040000FF9A
S21403E580B41002A87CE40350441102A810B5FEF7A9
S21403E59045FF864900240C600A22CA61FEF747FF3E
S21403E5A08348C02189020160824941608248102164
S21403E5B00160C905416540208049086080480470B1
S21403E5C010BD0000400102A8B82002A833070000CF
S21403E5D0D6FEFFFF7B48406B800300D47047F8B538
S21403E5E0794804680027002000257849E20706D505
S21403E5F0C02080028025ED03EA0A0A6003E0A20732
S21403E60001D4032040252843C862012000F080FE81
S21403E610802040006E49086708206E4908606E49EE
S21403E6200968090203D46D4909680140FBD001203B
S21403E63000F06EFE6A4EE00702D580208004306448
S21403E6403564042000F064FE600702D5E020C002B3
S21403E650F06064483064012000F05AFE624830647B
S21403E660C320000630645A488021490201671021FE
S21403E670B163890271615D490F6001223260302205
S21403E680F2638F62802189014E4A1160090101609D
S21403E690F1BD0000F83F0000F3070000FFFF7F7F97
S21403E6A0743F000020C001A894E001A894D001A8FC
S21403E6B0F8B54F4800680D2707400424002F00D103
S21403E6C004274C481025660308214B4A4B4B1B680E
S21403E6D02340126814D04260394004D00220FEF76B
S21403E6E0D7FD474806603C4007D0464800680543C8
S21403E6F044480560B008424908600220424915E0D4
S21403E7000260394005D00220FEF7C2FDA0023C4954
S21403E71008603C4006D03B4801680D43056070091D
S21403E7203749086038480660300329490860FFF710
S21403E73051FF00210020FEF73EFDF1BDC43E000060
S21403E7401C1002A803000300482102A810B580206D
S21403E7502E490A6802400AD02D4B1A680624144034
S21403E76005D15C6E2B4A22401B6D9C0101D500200F
S21403E77010BD096808400DD02748824203D118050A
S21403E78001D5012010BD25480068C107C90F481EE2
S21403E7908041C00F10BD22480321C163A8218163B5
S21403E7A010210160704700001C2002A8D80000AAB0
S21403E7B0402002A804000080646000A82C4000A843
S21403E7C0723E0000100002A8FC0302A81C1102A857
S21403E7D0442002A84C6201A8C44001A84C4201A8E8
S21403E7E0082102A82400000198008800600102A8FE
S21403E7F0B44000A8E43E00001CC101A8440002A8DF
S21403E800401002A8683F0000685000A8400002A815
S21403E81014C001A81F1F0000010C000030C101A88E
S21403E820082002A86C4800680121084209D16B4AF7
S21403E83012686B4B000C1840F03291400B40984224
S21403E84001D00220704700207047F8B507000F3844
S21403E8506A461080604CA0680A0004D16B461B8889
S21403E86082B29A423AD200226B461A8001250226C9
S21403E8703A0013D02268324007D000292ED05948D8
S21403E8800088401C5749088000203900E16056493B
S21403E8900E6080B2B84201D369460D805348456086
S21403E8A000E030BF2068304003D1FFF7BBFF0028ED
S21403E8B0F7D04D484560390010D02168314005D067
S21403E8C048490A886B461B88D2180A8006600020CF
S21403E8D0E060A068B84201D244480660FFF7A2FF92
S21403E8E0F2BD38B5050000F0A5FF0400012199200C
S21403E8F04543A8093E4A12688018123880B2FFF7CB
S21403E900A4FF05008020C0013A490860200000F0FB
S21403E91095FF280032BD33480388354909680288C5
S21403E9209342F9D1100408187047FEB51238070C45
S21403E9306946088000F07EFF0190274C294D288801
S21403E940B8421ADA01202C490860274E30BF02204D
S21403E9502168014006D030604003264908602888B5
S21403E960401C2880FFF75EFF010002D12988B942C8
S21403E970ECDB0121716000280DD12888B8420AD14A
S21403E980A06869460988884205D20021684600883F
S21403E990FFF75BFF01E0FFF745FF04008020C0019F
S21403E9A014490860019800F049FF2000FEBD10B529
S21403E9B012490A680E4B1B680C689442FAD0DB01B6
S21403E9C04033141A02D288692418641C0C48006861
S21403E9D04443181B10BD0000280002A804ED00E005
S21403E9E0FF3F0000703E0000282002A8281002A85F
S21403E9F0300002A880E200E02C1002A820C001A884
S21403EA00B43F0000F0B502E00A601C602E607EC8CA
S21403EA104F1C07D05F1C04D06F1CF5D10A601C6026
S21403EA20F0BD0A60F0BD00000006800F70479D49E8
S21403EA3009684143880B70478A4800680104C80F79
S21403EA40704788480168090407D587490A68964BC2
S21403EA501A604A6842618868C860704780B5FEF7E6
S21403EA60DDFC01208149087081480068022808D22D
S21403EA708E480068F02109050140C02080048142C9
S21403EA80F2D08B480068C01C8A4901438A4801605B
S21403EA9001BD8A48884908600020894908608021AA
S21403EAA08902884A1160714908707047F1B582B0CF
S21403EAB00F001400C006000E00901038912827D2CD
S21403EAC0FFF7BAFF002823D0002501260298FFF798
S21403EAD0ABFF002802D0022804D004E07A4800687E
S21403EAE0304000D001252600784C38000C30FFF764
S21403EAF09EFF8019206000983818FFF798FF80194A
S21403EB006060C0208001724908602803714908606C
S21403EB10F7BD6D4800780621014001D100207047FB
S21403EB20B848006802288041C00F7047F8B56A4CA1
S21403EB30634A0421C0239B04F0252D055B4E206900
S21403EB40084204D0107C8006C10F490020E08007ED
S21403EB5020D5D068042803D2306828409842F8D0DD
S21403EB60107C0007000F072814D1507C022811DD03
S21403EB70907C8006800E02280CDBD07C0090074633
S21403EB800F4207D0C00700D50A21B80700D5891D54
S21403EB90002904D1FFF77DFF0020A061F1BD481CCA
S21403EBA0D768874203D237682F409F42F8D09648EB
S21403EBB0405CA061C300F821194002D08023DB0427
S21403EBC0136049005160A168002932D10102F8227E
S21403EBD052010A406168914200D20A0023681D1F51
S21403EBE08A498B61AA184A61864A1368002B01D1A9
S21403EBF0BF2600E09326304B1D686769BF00BF0B36
S21403EC00F6193603AD05AD0D35431D6080235B0154
S21403EC100B60810908D11168002901D1282200E080
S21403EC2019220021FFF742FF207C000701D40120B0
S21403EC30A060F1BD80B5FFF76CFF002811D01A481D
S21403EC404168002903D0724A1160002141600748D9
S21403EC500078002805D0FFF71CFF1C486D490160AB
S21403EC60416001BD584201A8983E0000743E000072
S21403EC70D04000A880B5FFF74CFF002811D006202F
S21403EC8065490860002065490860F0200001644972
S21403EC90086080204000634908600C485D490160B5
S21403ECA0416001BDBC3E0000403E00000C0002A8CF
S21403ECB0204000A800F0FF3F544201A8FFF3FF3FA7
S21403ECC0C44000A84C6201A8B83E00005C4201A8FC
S21403ECD0586201A8585201A8A83E0000F0B581B0BA
S21403ECE00400A0031CD547480068002800D081E034
S21403ECF0474801684C4A5160CAB2FF239943D30779
S21403ED0002D5EC23DB02C91852080A4302600E2020
S21403ED1000F0FEFA082045490860C003444908602D
S21403ED2044480168444D09043FD569694161FEF7CB
S21403ED3075FB3D490A68531C6A68934200D32B68E7
S21403ED401E78B706BF0E5B1C934200D32B68BC46E7
S21403ED501E78B701FC2636013E4067463E435B1CE1
S21403ED60934200D32B68B4461E783603FC27BF02B3
S21403ED703740664637435B1C934200D32B68BC463A
S21403ED801E78B704FC2636043E4067463E435B1CAB
S21403ED90934200D32B681A781706FC2292053A4052
S21403EDA032430B606A61FEF742FBA00727D580203B
S21403EDB0C0021F490860FFF7ACFE00281FD0686A30
S21403EDC0C0B2002802D006211C4A1160810916D061
S21403EDD01B490A68012AFBD949680905090D091D5B
S21403EDE0C900084A1268012A00D14908002A03D13B
S21403EDF0282202E00C208BE71922FFF757FE01B00A
S21403EE00F0BD00006C3F0000D44000A82C4000A8D2
S21403EE10EC4001A8FFFF0300846201A8504000A84D
S21403EE200C6000A80C5000A8403E0000846000A8B8
S21403EE304C6201A8584201A8903E0000845201A8E3
S21403EE401C4000A880B5FEF723FA01207E4908601F
S21403EE5001BD80B5EB2000F001F801BD30B57B495C
S21403EE600B6818401022134210D0794B794C246853
S21403EE70224008D0A94A14682402FF252D02254003
S21403EE80DD6200241460802252031A60086030BDDD
S21403EE90F3B5010016001C0000250095A048019A52
S21403EEA0330000270BE0BC464F5D4743AE009E5938
S21403EEB07E40575D47433740664637436D1CA54241
S21403EEC0F1D3390939438A080A43510811430840E4
S21403EED0C10901430F208A0B0A4302405040F6BD86
S21403EEE0F1B582B00E0000208C4908608D4DEF7A94
S21403EEF0A87A01900F21394000910ED00B468A4A1A
S21403EF008A490298FFF7C4FF0199014083480160CC
S21403EF10874841438748084001D1012400E0440163
S21403EF20380915D032003B0929000298009E6D7AF5
S21403EF3075194019FFF7ACFF01990911014077488D
S21403EF4002680B0113430360002901D048004443C1
S21403EF5079480068204001D10420FEBD0020FEBD94
S21403EF6080B50A0000211180744952888018FFF783
S21403EF70B7FF02BD70B50F22714B5C7905780F2081
S21403EF802040C540200928409C79C440E40701D4AA
S21403EF90032070BD2F4C2468A50705D59D68460041
S21403EFA0AD5B6D1E674E3560DD78DE79C640F007D3
S21403EFB011D5E0060FD5002D0DD0634848600888AC
S21403EFC0488008881C7800192A4080185A788018C8
S21403EFD02A09801800E000200880002070BD80B554
S21403EFE05A4801685A4A0820014201D0506110610C
S21403EFF0C90602D58621090111605649564A126888
S21403F00012040CD5554A1268530401D5C00305E013
S21403F010C0239B0113404202934200D008600D4870
S21403F0200078C022024002D18020400508604C4888
S21403F03000682022104008604A480068C00101D4D6
S21403F040FFF707FF01BD00002C4000A8703F00003B
S21403F0501C1002A8C43E0000F8B5434F38687E680B
S21403F060064042483040424908608024A403414D8C
S21403F070F00228D540480168080606D53F480068D0
S21403F080A86001202870022015E00120014202D06A
S21403F0903B49A9600FE00020C9060CD52A49A960A0
S21403F0A0384A91780B071B0F12789A1809095118DA
S21403F0B0A980E880A888A880A888002801D02643CD
S21403F0C001E0FFF7C6FE264026D0294E7460346062
S21403F0D0A88800280ED0F96981420BD3291D2A4837
S21403F0E0AA6890470100F3D0FEF7D2F8012027491B
S21403F0F00860F1BD01000CD0FC218902B1612449EE
S21403F10002038A6134604C60FA69824204D30C605D
S21403F110F1BDEB20FFF7A2FEF1BD00004C3E000060
S21403F120010101013C3F0000F43E0000343F0000B3
S21403F1301111000021840000F03E0000143F00007F
S21403F140443F0000204000A829230000F84F000099
S21403F150302102A8441002A8384101A8204201A881
S21403F160084001A8CC4000A8B44000A8FFFFDFFF7A
S21403F170B46000A8503E0000C43E0000B037000054
S21403F1803D230000453F0000D44000A82C4000A8C3
S21403F190B45000A8FEB5C020C004364908603648FF
S21403F1A03649C865102436480460102000F0B0F8CD
S21403F1B001005ED1FF20000532490860324833491A
S21403F1C0086033482D49086025042E4805603148F9
S21403F1D00768082000F09CF801004AD108262E484C
S21403F1E00660012000F094F82A48806802902B48B5
S21403F1F006602B482149086022480560082000F075
S21403F20087F8010035D124480660012000F080F815
S21403F210204DA868019021480660184E21483060AA
S21403F2200299019800F046F80104FC208003084088
S21403F23000900298C10B0198C00B00F03BF8000643
S21403F240FC21890501400098014317480A0C4240F7
S21403F250FF239B1CD2181040084330602F60E00346
S21403F26008490860286828601048046010498164CB
S21403F2700020FEBD20E000A8F71700002C0102A81E
S21403F280401102A8B02002A80000380EB01002A851
S21403F29010103030E04001A8E05001A8E06001A85B
S21403F2A030301010202020203F3F0000402102A8CD
S21403F2B0F7FFF00010B54904CA104004C310991AAA
S21403F2C000209A18D30F9A18521052188B115B0EFF
S21403F2D05B18DB11D2182023541A01D422001843DA
S21403F2E0CC0F611849105B08F6D110BD10B5C409E0
S21403F2F0FFF711FB201A312806DAC000183801D4AC
S21403F300C01EFDD5002010BD2000FFF70EFB10BD6C
S21403F310C32148436F3801D41E38FDD500207047FB
S21403F32010B5C20018231340FF249C40E24389070C
S21403F330090E9940030004D476489B089B00C01826
S21403F34006E0B04B0007000F083880088000181846
S21403F35003681A401143016010BD80B57B22542117
S21403F360002000F021FA01BD10B500F063FA012178
S21403F370694A1160694B6A4A13606A4A1360032339
S21403F380694C2360694C2360694B1960694B1960AB
S21403F39080239D4C2360D16000F050FA10BD00F02E
S21403F3A049FA05000024012160B2FFF7B9FF641C87
S21403F3B00E2CF8D301210F20FFF7B2FF01211120F5
S21403F3C0FFF7AEFF01211320FFF7AAFF0121172045
S21403F3D0FFF7A6FF03210120C043FFF7A1FF01218A
S21403F3E01B20FFF79DFF01211C20FFF799FF01213A
S21403F3F01D20FFF795FF01211E20FFF791FF012136
S21403F4001F20FFF78DFF6E486E4908606E48C16A7D
S21403F410C1620168016002206C49086001208549C9
S21403F420086047046A4C20683840FCD0FDF7C7FFE5
S21403F430280000F003FA754D0AE000281BD0FDF7FC
S21403F440EDFF18E020683840FCD0300000F0F6F9F5
S21403F450206D0004000F022801D1FEF76FFB00F0B9
S21403F460E9F90600FDF7EAFF0028A878E5D00028AA
S21403F47001D1FDF7DCFF01206978002909D129783D
S21403F480002905D16C490968890601D44F490860EB
S21403F49030BF0021697029780029D6D102214B4A52
S21403F4A0116064490860CDE76448016842680A4011
S21403F4B0634810401A490860800703D5A0480188AE
S21403F4C0491C0180704770B55E4801684068084073
S21403F4D0000E00065C4980221205104218D05B4BD2
S21403F4E01C68641C1C605A4C5A4D2D682D0407D5A5
S21403F4F0A568002D04D007250D600125A74E3560AD
S21403F500402525601B68012B02D910238B62CA672E
S21403F510886770BD00E400E0040002A80000FF3F17
S21403F520282002A82C1002A840E002A844C002A883
S21403F53004C001A8044001A8F8B5824C206B616B97
S21403F54001400091964D0846286000989549014071
S21403F55001D0FFF7C3FB8020009901401CD0F8219F
S21403F560C90123680B4017D0C0221201934213D857
S21403F57080231B06EB6226680E40944F3F683F04C9
S21403F5803F0F022F01D0032F03D1002E01D0964246
S21403F590F1D38F490B6028608E48007806280DDA71
S21403F5A00098CC218901014008D000F043F90400FB
S21403F5B00098FDF735FC200000F040F9F1BD00008F
S21403F5C0FFFF9BF800E100E0E04001A85C2002A8F2
S21403F5D05C0002A810B58048016844680C407F4868
S21403F5E0046080210C4205D041607D480160002004
S21403F5F0FDF716FC600403D58020400579490860B2
S21403F60010BD00001CED00E0505201A8723E000041
S21403F61038B57548016844680C40E00707D500F024
S21403F62009F90500FDF792FC280000F007F96F487A
S21403F630046031BD5C1002A8F40302A8280002A8E7
S21403F640FFFF00C0B44000A83C6000A86C3E00006A
S21403F6502C4000A8384101A8FEB5654C206C666CAA
S21403F660064001273E4216D03D06624805602068E4
S21403F67061490F60002802D00021FDF72BFE5F488A
S21403F6800068A021C90188428041C043C00F5C497D
S21403F69088705C480560FDF7C1FE029002210E40AB
S21403F6A049D06068C2B20192000A009008224B4B10
S21403F6B04C03554D0020019E012E27D0022E38D133
S21403F6C0009E012E24D1EE790096504E2F780C2002
S21403F6D047430020F0512878400590277F04C71938
S21403F6E0032038434A4F38601C604A480460301D84
S21403F6F02B780C246343484C2468009FE419C450B9
S21403F70028780C2358433150444811E00091DCE735
S21403F710002E0ED1424E37603C4E361D2D780C27F8
S21403F7207D4370515C601C60C8043E4B18603E48C5
S21403F7300260314801600298FDF779FEF7BD0000CC
S21403F740703E00001C4201A870B5FDF767FE04007A
S21403F75000F070F82E490A68D20718D52B4A121DF6
S21403F760FA239B015D790C26754356592A4D2D685D
S21403F7701E60CE689E604968D9808021C9041D4EEC
S21403F7803160197B69185B790C256B43D15000F007
S21403F79055F82000FDF74BFE70BD00003C5000A856
S21403F7A04C6201A802000600002800D0704710B57E
S21403F7B00C00FDF733FE1D490C6001221C4B1A603A
S21403F7C00B6C1340FCD1FDF732FE10BDAC0002A853
S21403F7D0785201A8343E000090C001A890E001A82A
S21403F7E00CC001A804ED00E090C000A890E000A8BB
S21403F7F000C002A8401002A840E002A8404000A8AB
S21403F800723E0000402002A8853E0000300000A89B
S21403F81060C101A894D001A8200000A8F42302A880
S21403F82060E101A880E200E0F41302A8008002A8C9
S21403F830409002A8EFF3108072B67047002800D1FC
S21403F84062B6704780B5FDF731FEB3480068000323
S21403F8500AD4FEF75DF8FEF7BDFEFDF7CAFF0120EA
S21403F860FEF794FEFEF770FB80208005FDF7CEFDC5
S21403F87001BD80B5FDF71AFE80204002FDF7C6FDE8
S21403F88001BDF8B5FDF7B4FD052098490860FDF7FE
S21403F890B8FDFDF7ECFEFDF709FEA04801680091F0
S21403F8A09F4B406818609F4801688A05D00F002266
S21403F8B0012421420FD000929B4D6E681E602E6875
S21403F8C09A4B1F68BD1BBE4202D39F69ED196D1C80
S21403F8D0974FBD42F5D3974D2A60002803D0009872
S21403F8E0FDF76EFB00902868204004D16846FDF7BC
S21403F8F0EAFE002802D10098FDF73BFFAA48046001
S21403F9006004FDF783FDF1BD38B5A84CE06BC00578
S21403F91006D580200006206000BF00BF4008206098
S21403F920FDF792FFFDF7C2FDFDF7F4F90500A048C9
S21403F930A0490860FFF785F88020C002FDF766FD42
S21403F940002D01D08020206001209B49087031BD26
S21403F950F8B5FDF7ABFDFDF74BFD02249348C06BEE
S21403F960000405D4FDF75AFD94490C60FDF75FFDCE
S21403F970FDF747FD1020C0439149086000258B48DA
S21403F980856390480560FFF7C4F80700FB26B601B9
S21403F990002F02D0FFF762F800E035602C20305CC1
S21403F9A00521014002D0FDF70DFE01E0FDF717FE2D
S21403F9B0F06A044002D001207C490860FFF70FFB81
S21403F9C0002F01D0FFF7B2F880200003FDF71EFDDD
S21403F9D0F1BD80B5FDF76AFD4F480068000303D408
S21403F9E0FDF707FFFEF7B0FA80204003FDF70EFD94
S21403F9F001BD38B5FDF75AFD6C4C2025FEF7A6FE73
S21403FA00002806D0206B000704D5FEF7C4FEFEF7D9
S21403FA104FFB2560FDF7EDFEFEF796FABD4800782E
S21403FA200C210140042902D1FDF7CCFD01E0FDF7CE
S21403FA30D6FD6804FDF7EAFC4020206031BD1CB506
S21403FA40FDF7D6FC052029490860FDF7DAFCFDF72B
S21403FA502DFDFEF7A0FEB048006800906846FEF74E
S21403FA60D7FA0400FEF7EDFF002C02D10098FEF74C
S21403FA7045FB80204004FDF7C9FC13BDF8B5FDF730
S21403FA8015FDA64C256A5020284002D0FDF79AFDA6
S21403FA9001E0FDF7A4FD454FFEF758FE00281BD1F5
S21403FAA0786B40071DD4386BE0214901014018D11B
S21403FAB0A80611D4FDF79CFC256A994E354207D05B
S21403FAC0FF20C0432D182562802000059549086055
S21403FAD0FDF797FC2E4002D00120386001E000209D
S21403FAE0206080208004FDF791FCF1BD3C1102A844
S21403FAF080B5FDF7DBFCBC480068400601D5FDF782
S21403FB0078FE0120FEF742FDFEF71EFA8020C004B1
S21403FB10FDF77CFC01BD00000C0002A8B83F000006
S21403FB20483E0000400002A8D03E000020C001A8C6
S21403FB3001FF00003C3E000010B576480468FDF760
S21403FB40B5FCAA490968090328D40321C00601D5D0
S21403FB50214001E0A0080140012902D1FDF732FD52
S21403FB600BE0200107D50E20FFF76CF9A04804210F
S21403FB70016008210160FDF732FD9E4C20699E4915
S21403FB800860FEF75EFF2068002807D040001228B2
S21403FB9002D2FFF7BDFB01E0FEF7A3FE8020800341
S21403FBA0FDF734FC10BD0000402002A8100002A898
S21403FBB070012000B46000A8733E00007CE403508C
S21403FBC0442002A84C3E0000F8B584B001266846DF
S21403FBD0067000270297FDF769FC0390834C2068A4
S21403FBE0000300D58FE00320A449C863A448006837
S21403FBF0A44D0F210F220240032A03D0000B01401D
S21403FC0006294DD1A0480068A0498E6DE16B89078F
S21403FC1001D59E49CE6DFEF7CAFE8619FEF779FF1B
S21403FC2000280ED02879C1060BD02868090D414359
S21403FC30890B761895490968002902D10002400C01
S21403FC403618002E01D5019700E00196606B010778
S21403FC50C80F03212A6B0A40022A1BD1039AD20635
S21403FC6018D5AA68D30513D5A66B894B1E409E42AA
S21403FC7003D11021814AD1630CE092050AD4E26BCA
S21403FC802823134006D16B461F70264A116001E0F5
S21403FC906A461770029068460678002E03D10FE076
S21403FCA07A48406D0190FEF751FD002808D0FEF714
S21403FCB072FD0298002802D0FEF7FAF900E000264B
S21403FCC002206E490860002E10D03020285C0C21DC
S21403FCD00140042902D0A06BC00602D5FDF772FCD2
S21403FCE001E0FDF77CFC202060600CE0FDF781FD61
S21403FCF001A8FEF78DF90400FEF7A3FE002C02D13F
S21403FD000198FEF7FBF980200004FDF77FFB05B0A2
S21403FD10F0BD0000EC3E0000CC3F0000CC3E0000EF
S21403FD2000FFFF00441002A8FEB500240194FDF76F
S21403FD30BDFBFEF786FE574EF06E574D0007000FCD
S21403FD40072807D17068002804D40020FEF71EFC9D
S21403FD50286841E001210320504A73685B070BD4EF
S21403FD604F4B1B680B4007D01368DF050BD55B05AD
S21403FD7002D43368DB0503D40191916A890904E050
S21403FD801021484B1960916A090908400090002029
S21403FD90FEF7FCFB0098002805D17068C00602D465
S21403FDA0FDF71DFC01E0FDF70DFC0020019900297D
S21403FDB003D13D480068FEF7FAFD6969401801D58E
S21403FDC0009400E000906846FDF77DFC002805D10E
S21403FDD00098FDF7CEFCA869074908608020000557
S21403FDE0FDF714FBF7BD0000440102A80C0002A8AF
S21403FDF080E200E0AC3F0000483E0000F8B5FDF7A7
S21403FE0055FB002400252948066B80277F0530060E
S21403FE1006D5300709D5FEF7BEFCFEF749F929E0FB
S21403FE2001251F480068284019D00020FEF7AEFBC6
S21403FE300220064002D01E490C60C8611D480468B3
S21403FE40002D03D02000FDF74FF90400FEF7A3FCB6
S21403FE502000FEF753F93800FDF7D8FAF1BD16482F
S21403FE600078C0210140402902D1FDF7ABFB01E039
S21403FE70FDF7B5FB20200D490860ECE7082002A833
S21403FE80AC0002A8BC3E00000CC101A86C3F0000F9
S21403FE9010000010400002A8BC3F0000C43E000053
S21403FEA0B44000A8441002A81CC101A8100002A870
S21403FEB0180000AAD83F0000EC3E0000FFF754FAF3
S21403FEC0024803494860FFF76AFA00BF6727000045
S21403FED00000000080B5EFF305800B2801D23A211D
S21403FEE000E029218C2252000020FFF75DFCFEE78C
S21403FEF0B00704000000000068FF030001000000D4
S21403FF000000000000F04902B007040000000000F3
S21403FF108CFF0300010000000000000000F049020F
S21403FF20B007040000000000B0FF0300010000005B
S21403FF300000000000F04902B007040000000000C3
S21403FF40D4FF0300060000000000000000F0490292
S21403FF50B007040000000000AC000400010000002D
S21403FF600000000000F04902D0000400809C2B8FA4
S21403FF7080841E00000000002700FF7F0C0C00207A
S21403FF80000000005C0B04000000000030020400C8
S21403FF90809C2B8F80841E00000000002700FF7FBC
S21403FFA00C0C0020000000005C0B040000000000A6
S21403FFB090030400809C2B8F80841E0000000000AA
S21403FFC02700FF7F0C0C0020000000005C0B0400E1
S21403FFD000000000F0040400809C2B8F80841E0029
S21403FFE00000000022002C010C0C00200000000082
S21403FFF05C0B040000000000F0040400809C2B8FC0
S21404000080841E00000023002300B6000C0C002091
S214040010000000005C0B040000000000F004040074
S214040020809C2B8F80841E000000240024009D00EA
S2140400300C0C0020000000005C0B04000000000014
S214040040F0040400809C2B8F80841E000000250092
S21404005025007D000C0C0020000000005C0B040052
S21404006000000000F0040400809C2B8F80841E0097
S2140400700000260026003A000C0C002000000000B9
S2140400805C0B040000000000F0040400809C2B8F2E
S21404009080841E000000270027002C010C0C002082
S2140400A0000000005C0B0400000000005006040082
S2140400B0809C2B8F80841E00000000002700FF7F9A
S2140400C00C0C0020000000005C0B04000000000084
S2140400D0FC4F0103CC09040010400100004100005D
S2140400E03C400100000000004840010020070400D6
S2140400F050400100000000005C4001000D0F0000AD
S21404010004410100FF4C000020400301000000866B
S2140401101FC001000020000038400101000000005C
S21404012058400401180005004008000009000000BB
S2140401309200040080400F018C002C020000000096
S2140401401200120000808C19000000000002050E48
S2140401501C2F4353626968615543320416100E0E11
S2140401600D0C0A0807060504030302020201010136
S21404017001010100EC40010180B0B18CFC40030198
S2140401809C200B00055B60804737414A0C41030105
S214040190B85512002A194929090840402841010186
S2140401A0FFDD0000384107014CD4E83B04196F100A
S2140401B0080E141A20262C32383E10325476980A2A
S2140401C01D00000070410101C0030000344201011B
S2140401D00008000E4842010158AA1EC078420101D8
S2140401E00000008038800101114910009C80030142
S2140401F0EB40020070380300D0000000A880011114
S214040200F0010000A8800131055AFD01AC800111FF
S214040210F0010000AC800131053EFD00E40001025F
S2140402206C2C511154010102C43F0000FFFFFFFF74
S214040230FC4F01031C0A04001040010000410000AA
S2140402403C40010010000000484001002017040054
S21404025050400100010400005C4001000D0F000046
S2140402600441010003C001002040030130000046A1
S2140402701FC80100002000103840010100000000E3
S214040280584004011800050040080000090000005A
S21404029092000A0080400F018C002C02000000002F
S2140402A0120012005B808C1B000000000002050E8A
S2140402B01C2F4353626968615543320416100E0EB0
S2140402C00D0C0A08070605040303020202010101D5
S2140402D001010100EC40010180B0B18CFC40030137
S2140402E09C200A0001612080B75635120C41030198
S2140402F0B8551200A01B0429088840402841010173
S21404030000000000384107014CD4E83B04196F3064
S2140403100A10161C22282E343A4010325476980AB4
S2140403201D5F80A4704101010000000034420101F9
S2140403300008000E48420101F4811F0078420101C2
S2140403400000000038800101114910009C80030160
S214040350EB40020070380300D0000000A8800111B2
S214040360F0010000A8800131055AFD01AC8001119E
S214040370F0010000AC800131053EFD00E4000102FE
S2140403806C2C511154010102C43F0000FFFFFFFF13
S214040390FC4F01036C0A04001040010000410000F9
S2140403A03C40010010000000484001002007040003
S2140403B050400100000400005C4001000D0F0000E6
S2140403C00441010003C00100204003013000004640
S2140403D01FC8010000200010384001010000000082
S2140403E058400401180005004008000009000000F9
S2140403F092000A0080400F018C002C0200000000CE
S214040400120012005B808C1B000000000002050E28
S2140404101C2F4353626968615543320416100E0E4E
S2140404200D0C0A0807060504030302020201010173
S21404043001010100EC40010180B0B18CFC400301D5
S2140404409C200A0001612080B75635120C41030136
S214040450B8551200A01B0429088840402841010111
S21404046000000000384107014CD4E83B04196F3003
S214040470080E141A20262C32383E10325476980A67
S2140404801D5F0000704101010000000034420101BC
S2140404900008000E48420101F4811F007842010161
S2140404A00000000038800101114910009C800301FF
S2140404B0EB40020070380300D0000000A880011151
S2140404C0F0010000A8800131055AFD01AC8001113D
S2140404D0F0010000AC800131053EFD00E40001029D
S2140404E06C2C511154010102C43F0000FFFFFFFFB2
S2140404F0FC4F0103BC0A0400104001000141000047
S2140405003C4001000000000048400100A007040031
S21404051050400100000000005C40010000000000A4
S21404052004410100FF4C0000204003010000008647
S2140405301FC00100006000003840010100000040B8
S214040540584004016402FF00400800000100000057
S2140405509200080080400F018C000C02000000008E
S214040560D703220000000000000000000002050D72
S2140405701A2D3F506068696357463525150D0908DE
S2140405800706050504040403030303020202020229
S21404059001010101EC40010190382C8CFC40030160
S2140405A09C200A00055B58804737414A0C410301EA
S2140405B0B85552002A194929893B4040284101016F
S2140405C0FFDD000038410701E853FA000000000090
S2140405D00000000000000000000000000000000012
S2140405E00000000070410101C10300003442010113
S2140405F00000000E4842010158AA1EC078420101BC
S2140406000000000038800101114910009C8003019D
S2140406100000000070780300FFC00200A8800111EB
S214040620F0010000A88001310542CB01AC80011125
S214040630F0010000AC800131050A0D00E40001025F
S2140406406C2C511154010102C43F0000FFFFFFFF50
S214040650FC4F01030C0B0400104001000141000094
S2140406603C4001000000000048400100A0070400D0
S21404067050400100000000005C4001000000000043
S21404068004410100FF4C00002040030100000086E6
S2140406901FC0010000600000384001010000004057
S2140406A058400401C804FF00400800000100000090
S2140406B09200040080400F018C000C020000000031
S2140406C0B603220000000000000000000002050E31
S2140406D01C2F4353626968615543320416100E0E8C
S2140406E00D0C0A08070605040303020202010101B1
S2140406F001010100EC40010190E82B8CFC40030151
S21404070090200A00055B58804737414A0C41030194
S214040710F56252002A194929893B404028410101C3
S214040720FFDD000038410701E853FA00000000002E
S21404073000000000000000000000000000000000B0
S2140407400000000070410101C103000034420101B1
S2140407500000000E4842010158AA1EC0784201015A
S2140407600000000038800101552510009C8003011C
S2140407700000000070780300D0000000A88001117B
S214040780F0010000A88001310542CB01AC800111C4
S214040790F0010000AC800131053EFD00E4000102DA
S2140407A06E2C511354010102C43F0200FFFFFFFFE9
S2140407B00C400100018101002040020000000000FE
S2140407C001000000304003000000000000000000AC
S2140407D0000000004040020000000000004000004E
S2140407E06040010001010000A8400100070000006D
S2140407F0BC400400000000000000000000000000F0
S2140408000000000008410300FF4C0000FF4D0000FC
S214040810FF4D000020C0011000F8070020C0013082
S214040820F502080024C0080000130000EC80B3831F
S21404083043754051A00F00483040000000000000FF
S214040840000000002E02000050C0040051113004C5
S2140408500E2D09E654060708D1B6020064C00A0045
S2140408600430001C403018090D647920EBFCFB01B1
S2140408707FF6E803BD4B721511A3180510325476A3
S214040880980A0000000000000800010108070000A4
S21404089018000101AAAAAA00200001010060DA00DB
S2140408A01C400101100000002C40030100800000E1
S2140408B00000000300000000684002012941767130
S2140408C000000000BC400201000000000000000020
S2140408D0E04002013300000000000000F440020182
S2140408E0640483078813C83A244101010000000009
S2140408F0304102016406660C0C01000054410101FB
S2140409000101000068410201640483078813820021
S21404091030420101000000003842020100000000DD
S2140409200000000044420101000000005442090196
S2140409300000000000003C00000000000000000072
S2140409405555555517000000000000000000000033
S214040950AAAA06007C420201000000000000000073
S21404096010800101030000003C800101010000002A
S214040970B080020100030002370000019800020262
S214040980000C00044C000000A40001020004000057
S214040990D0000202050040AA88010000F40002020A
S2140409A0000000003D210811FC0001123F00000079
S2140409B0FC000132005404003001010260005102C0
S2140409C06801010200040000FFFFFFFF10000000A2
S2140409D00000800000000000F00B0400B40B0400CC
S2140409E000000000802596000048E80140420F0001
S2140409F00108F50011495002000000005E0B0400D7
S214040A000000000000000000000000003D420F004F
S214040A1000000000000000000000000010000000BD
S214040A200000800000000000F00B0400C00B04006F
S214040A3000000000802596000048E80140420F00B0
S214040A400102F50011495002000000005E0B04008C
S214040A500000000000000000000000003D420F00FF
S214040A60000000000000000000000000100000006D
S214040A700000800000000000F00B0400CC0B040013
S214040A8000000000802596000048E80140420F0060
S214040A900108F50011495002000000005E0B040036
S214040AA00000000000000000000000003D420F00AF
S214040AB0000000000000000000000000100000001D
S214040AC00000800000000000F00B0400D80B0400B7
S214040AD000000000004786000048E80180841E00ED
S214040AE00101F50011495002000000005E0B0400ED
S214040AF000000000000000000000000054841E00F7
S214040B0000000000000000000000000010000000CC
S214040B100000800000000000F00B0400E40B04005A
S214040B2000000000841743000024F40040420F0035
S214040B300101F50055255003000000005E0B04007B
S214040B4000000000000000000000000038420F0013
S214040B500000000000000000000000000300020087
S214040B60000000F049020614000000E09304053873
S214040B700000A00800000000580901040706100A37
S214040B8001040707C80A00040807800B00040808C5
S214040B90380C00040908610800000000680800001A
S214040BA00000C709010404032C0B01040404920C7E
S214040BB00104050450C30000E62D0000D007000021
S214040BC0E5BF000010270000C2010000F5DA0200AD
S214040BD0102700002C01000050C300005014000031
S214040BE0FA00000050C30000FC210000B30100001E
S214040BF0193F010604100100000101060010270039
S214040C00000C0000000000000000232D302B200004
S214040C10686C4C00656667454647003031323334AD
S214040C20353637383941424344454600303132334D
S214040C303435363738396162636465660062675FE7
S214040C406D65737361676520726563656976657241
S214040C50730062676275660061636C006C6C5F6348
S214040C606F6E6E656374696F6E006C6C5F6164763C
S214040C705F736574006761705F636F6E7465787424
S214040C80006C6C5F76616C696461746F72006D658C
S214040C9073685F70726F765F64620062675F6D652B
S214040CA0737361676500736F66745F74696D6572EC
S214040CB05F6D65737361676500666F756E646174F6
S214040CC0696F6E5F636D64006C6C5F6164765F73FE
S214040CD0796E63006C6C5F7363616E5F73796E63C9
S214040CE0006761705F706572696F6469635F6164F1
S214040CF076006761705F706572696F6469635F73BD
S214040D00796E63006C326361705F636F635F636800
S214040D10616E6E656C006D6573685F70726F765F8A
S214040D2064625F6170706B6579006D626564746C93
S214040D30735F636F6E74657874000000520C040071
S214040D40580C04005C0C04006A0C0400750C0400C7
S214040D50810C04008E0C04009B0C0400A60C0400FA
S214040D60B90C0400C80C0400D40C0400E10C040004
S214040D70F20C0400040D0400160D04002A0D0400F1
S214040D8062676275665F696E0062676275665F6F4A
S214040D9075740062676275665F6E6F666C6F770067
S210040DA062675F6D616C6C6F630000009E
S20C040DAC4C15FD7F0100000058
S210040DB4C00D0400C00A00201801000056
S214040DC05C120020F2000000152B010028C203006C
S214040DD010C20300F8C10300E0C10300E8030000EA
S214040DE0C0EA2101C0EA21010080000000F04902A7
S214040DF0802C0020F80A002000C0040000A0000098
S214040E004C160020C8000000FE0000000000000091
S214040E10A0C30300200F0020B5AE0300200000008E
S214040E2000000000000000000000000000000000B9
S214040E300000000051110200000000000000000045
S214040E40000000000DF1010000000000000000009A
S214040E5000000000DDFB01000000000000000000B0
S214040E6000000000890A02000000000000000000E4
S214040E70000000005F6D030000000000A50D0200E6
S214040E80000000000000000000000000550D0200F5
S214040E90000000000000000000000000A10E020098
S214040EA000000000000000002D17020000000000F3
S214040EB000FFFFFFFF000000BD8D0300C18D03008F
S214040EC0C58D0300C98D0300FFFFFFFFE9A30300E0
S214040ED048CB0300FFFFFFFF54CB0300DFA703004C
S214040EE0DBA70300FFFFFFFFEBA70300FFFFFFFFE7
S214040EF09DAB0300F3AB0300FFFFFFFFFFFFFFFF05
S214040F00FFFFFFFFFFFFFFFF23270000FFFFFFFF9A
S214040F10000000000000000003000000402900203C
S214040F20240C00200000000040290020A8290020EE
S214040F30102A00200000000000000000000000004E
S214040F400000000000000000000000000000000098
S214040F500000000000000000000000000000000088
S214040F600000000000000000000000000000000078
S214040F702000040000000000000002001000000032
S214040F800000000000000000000000000000000058
S214040F900A000100000000000A0012000000424C93
S214040FA0455F4D6F64756C655F42617369635F325C
S214040FB0020008000000303030303030303002009C
S214040FC00300000030303000020005000000302E20
S214040FD0302E300002000800000000000000000070
S214040FE000000000000000040200000000000301EE
S214040FF002000000000002010200000000000101DF
S2140410000200FFFFFFFF0400E40C02001700FFFFCE
S2140410100E0000000000FF010000030000020400B0
S2140410200102001F04010101BF8FAF7F8700370F45
S21404103010100004040F05140A0301FF0EFF0F7FAF
S21404104082B030BF074BD3F8F030DB0704D500235B
S2140410500193019B052B01DD02B07047019B013310
S214041060F6E700BF00ED00E0F0B5114A114C124E51
S21404107000F00105E3695F0713D40DB9334213D1B9
S21404108003EA00078F4207D10B4A1A40002A0CBF16
S21404109000206FF00100F0BD013AEBD16FF00200C2
S2140410A0F9E74FF0FF30F6E76FF00100F3E700BF13
S2140410B08096980000000350020001000B4B70B5A8
S2140410C0D96911F480310DD101244FF48072084E91
S2140410D0084DF46020462C641A61FFF7C5FF34649B
S2140410E0EC6070BD6FF00100FBE700BF000003502A
S2140410F000100350002003504FF4003238B50F4B55
S2140411000F4C9A6641F671330122E569E3630D4B91
S2140411100021DA60022360612120236105F4803512
S214041120FFF7A2FF10B92120FFF79EFF0122064B0E
S214041130DA600DB10023E36338BD00BF00900050B1
S21404114000000350001003500020035070B5134CE9
S2140411506061E3695B071ED40E4656F8043B8D189F
S214041160A361AE420BD10423002121202361FFF7A3
S2140411707BFF58B9BDE870402120FFF775BF0821F2
S2140411800846FFF771FF10B10423236170BD56F8BB
S214041190043BA361E5E74FF0FF30F7E70000035098
S2140411A02DE9F84315464FF40032184B89469A66E3
S2140411B041F6713203F51C33DF69DA630122064611
S2140411C003F58053DFF84C8007F48037DA6055B9AE
S2140411D0284601220E4BDA601FB10022A3F5005305
S2140411E0DA63BDE8F88306F5005404EA0804A41B91
S2140411F0AC4228BF2C46494622463046FFF7A6FF97
S2140412000028E6D12644A1442D1BE0E700900050B8
S2140412100020035000E0FFFFD5220100AD220100AC
S80401315D6C
