S01500004144435F4578616D706C655F6D332E733337ED
S214012000C00A0020952F01007F1003007F100300F7
S214012010D32203007F1003007F1003007F1003000C
S2140120207F1003007F1003007F1003007F10030062
S2140120307F10030014C60300370F03007F10030050
S2140120407F1003007F1003007F1003007F10030042
S2140120507F1003007F1003007F1003007F10030032
S2140120607F1003007F1003007F1003007F10030022
S214012070F58001007F1003007F100300652A010030
S214012080E50F03007F1003007F1003007F1003009D
S2140120907F100300C53601007F1003007F10030088
S2140120A07F1003007F1003007F1003007F100300E2
S2140120B07F10030011EA02007F10030059F40200AA
S2140120C0B5AE0300B1AE030049EC0200C1AE030099
S2140120D0B9AE030031F40200BDAE030099F402006C
S2140120E025CE0200E9CF020009F502007F100300A9
S2140120F07F1003007F1003007F1003007F10030092
S214012100792501007F1003007F1003007F10030074
S2140121107F1003007F1003007F1003007F10030071
S2140121207F1003007F1003007F1003007F10030061
S2140121307F1003007F1003007F1003007F10030051
S214012140002370B5404C05468AB0E36318B1008899
S21401215023600CF005F93D4828F00BFA3C4E3D4B48
S214012160304633603C4B736023F0E3FE002130467B
S21401217016F0DCFD32A3D3E90023A062C4E90623EE
S21401218023F0E2FED4E9062319431043C4E906010D
S214012190CDE900014FF0FF334FF0FF32A06A28F07F
S2140121A063FA02224FF0FF31A06A28F062FA01209A
S2140121B00BF058FE4FF4007300222849A06A28F05D
S2140121C0ABFAB0F5007F38D100239422CDE907336E
S2140121D009933C23CDE9033205939623A06A03A90C
S2140121E0069316F0C1FE35B3287C0CF071FA05464D
S2140121F0F0B9A06A28F071FB0CF018FA0BF014FE87
S21401220020B14FF48070002108F09EFD0BF01CFEFB
S21401221020B14FF40060002108F096FD23F058FF2E
S214012220012016F0D7FD0E4A0E49A06A23F07FFE64
S21401223028460AB070BDFF20D7E70725F8E700BF9C
S2140122400DD5015520000000680F0020690345ECFC
S21401225078210020E9DC010088210020781F002079
S214012260D75E0300175F03000348044B834202D086
S214012270034B03B118477047F40E0020F40E0020FC
S21401228000000000064B0749C91A891048BF0131F2
S214012290491003D0044B0BB101481847704700BFE3
S2140122A0F40E0020F40E00200000000010B5064CCD
S2140122B0237843B9FFF7D8FF044B13B10448AFF3B3
S2140122C000800123237010BD422900200000000079
S2140122D08410040008B5054B1BB105490548AFF34A
S2140122E00080BDE80840FFF7CDBF00BF000000003A
S2140122F0C811002084100400A3F5803A704700BF7F
S214012300174B002B08BF134B9D46FFF7F5FF002127
S2140123108B460F461348144A121A28F019FF0E4B23
S214012320002B00D098470D4B002B00D0984700207B
S214012330002104000D000D48002802D00C48AFF320
S21401234000801DF0EDFD200029001EF0E8FD1DF0C7
S214012350F7FA00BF000008000000000000000000BF
S214012360C00A0020F40E00207C2A00200000000095
S2140123700000000001223E4BF0B5DA60002347F270
S2140123802F5287B00393039B934268DD0227384C94
S21401239004A821461FF066F8E7600499354C3648D4
S2140123A0218089B21DF038FC344D23883A4600213D
S2140123B0ADF80830288802AB0FF0BEF8394606465D
S2140123C002AA1F200FF0E6F800284CD031462C4810
S2140123D01DF022FC4FF4965223882A4E534340F6B2
S2140123E0FF72B3FBF2F39BB233803188264889B281
S2140123F01DF012FC33889BB2B3F5E16F36D940F677
S214012400E342338864249BB293420AD833889BB252
S214012410A3F5E16304FB03F140F2DC5391FBF3F116
S214012420CCB2214619481DF0F7FB01AB0122002171
S21401243028888DF804400FF07FF801AA012128882A
S2140124400FF0A8F801AB012200211B200FF074F851
S214012450012101AA1B200FF09DF807B0F0BD039BD8
S214012460013303938FE721880948B1E70024D8E7B1
S2140124700040005AEC280020A0BF0300EA280020F4
S214012480B2BF0300E4280020E7BF0300F9BF030042
S214012490D1BF030040F673622E4B70B51A8040F22E
S2140124A06C722D4B90B02D481A801DF0C7FB012190
S2140124B02A2001F037FB01213A2001F033FB0023EB
S2140124C0274D1A460321184606AC01F0C7FF0FCD6B
S2140124D00FC40FCD00260FC495E803000323012582
S2140124E0CDE901668DF80630022384E803001D4C11
S2140124F0324620461C49CDE9036605968DF80F3015
S214012500009502F011F8194B8DF81100059341F270
S2140125100103204606AA03A9ADF800308DF809503C
S2140125208DF8035002F040F86A46204601A91EF0D5
S21401253066FF4FF48032A36A43F00403A3620C4B98
S214012540C3F884215A600B48E5601DF077FB10B094
S21401255070BD00BFE8280020E628002013C0030055
S214012560C0C103000040005A8096980040C55065DF
S21401257000E100E03EC00300042213B50B4C6846A0
S21401258004F500535A6221461EF074FF4FF4965329
S21401259000990748594340F6FF73B1FBF3F11DF06C
S2140125A03BFB0123E36002B010BD00BF0040005AB0
S2140125B066C003000368324A23F47F4323F007030F
S2140125C0934210B53DD007D82E4A934214D002F557
S2140125D0A02293422BD010BD2B4A934243D002F146
S2140125E07D7202F540329342F5D10379002BF2D188
S2140125F0BDE81040FFF7BEBE244C25481DF01EFB6B
S21401260020460EF031FF022120780EF05BFF0221FA
S21401261020780EF06BFF014620B91E48BDE8104039
S2140126201DF00CBB1C48BDE810401DF0F5BA1B4858
S2140126301DF004FBBDE8104002211F20184A0EF0D1
S214012640A9BF18481DF0FAFAFF22174B1A7002228A
S2140126500E4B114618780EF01FFF014608B91348B5
S214012660DCE71348DFE7C379012BB4D103891149AD
S21401267013F0010F104B114818BF1946D3E700BFDE
S214012680A0000601A0000100A0000A03F50C00202E
S21401269087C00300BCC00300D1C00300F6C003001E
S2140126A0EC28002022C10300F40C002030C10300F6
S2140126B048C103007EC0030076C0030076C1030054
S2140126C008B50A481DF0BAFAFFF7E4FE002341F602
S2140126D099111A464FF420300EF090FF014620B1B2
S2140126E0BDE8084002481DF097BA08BD88C103003E
S2140126F094C1030030B50368514A23F47F4323F0A5
S2140127000703934289B040F09880052200211620E5
S2140127104C4B0EF011FF054610B34B4C4B4920684D
S2140127201FF0DBFB4A4920681FF0D7FB1EF0A5FC13
S2140127301EF0A4FC474B484A009348495923206899
S2140127401FF0CBFB46492B46464A20681FF0C5FBC7
S214012750284600F0D1FA444920681FF0BEFBFEE788
S2140127600DF10F0104A80EF02BFF044610B3364DF1
S214012770364928681FF0B1FB354928681FF0ADFBC4
S2140127801EF07BFC1EF07AFC324B334A0093334931
S214012790642328681FF0A1FB31492346314A286883
S2140127A01FF09BFB204600F0A7FA2F4928681FF070
S2140127B094FBFEE7BDF8143001465BBAADF818305D
S2140127C09DF8133008228DF81A30FF238DF81B3040
S2140127D0FE238DF81C309DF8123018208DF81D3020
S2140127E0BDF810305BBAADF81E3006AB0EF0A4FE95
S2140127F0054610B3144C154920681FF06EFB1449AA
S21401280020681FF06AFB1EF038FC1EF037FC114BE7
S214012810114A00931149742320681FF05EFB10498A
S2140128202B46104A20681FF058FB284600F064FA31
S2140128300D4920681FF051FBFEE709B030BD00BF0F
S214012840A0000100E8C103009812002011C0030097
S214012850EEC1030050C20300F3C103001BC2030014
S2140128602AC2030027C203003FC2030010B5234C4F
S21401287001F032FA01F00EFC236F23F0070343F058
S214012880030323671EF041FD1D4B00209B6A9B0737
S2140128905EBF01221B4B9A62D4F8203123F003035A
S2140128A043F00203C4F82031D4F8243123F007039F
S2140128B043F00203C4F82431D4F8403123F0030373
S2140128C043F00103C4F84031D4F8603123F0030328
S2140128D043F00103C4F86031D4F8403223F0030317
S2140128E043F00103C4F84032D4F8003223F0070362
S2140128F043F00103C4F8003210BD00BF0080005051
S21401290000C0005000E0005008B502F067F9012849
S2140129100ED1114B04205A6E4FF480230F495203F7
S21401292058BF0F4A4B6601F51041086258BF5366FF
S21401293003F0B8FF03F05CFF03F07CFF1FF07CFAA6
S214012940FFF794FF03F064FF00F0DEFB00F0F4FEF7
S214012950BDE8084004F04ABC0080005000900050DA
S21401296000A0005030B51A4D95B00DAC0FCD0FC478
S21401297095E80700292384E807000021154A0DF190
S2140129802600CDE90223144B0E22CDE904314FF483
S2140129908073069328F0DCFB4FF4A0210F4B0DAAA1
S2140129A0CDE907130F238DF8243010238DF8253039
S2140129B00B4B07A90A9320230B9301238DF8313083
S2140129C0084B0948009302AB04F0D2F915B030BDAC
S2140129D054C5030000000650010101022400065000
S2140129E043290020E011002034120020831E012B11
S2140129F010B512D8012922D80121114B04221B6CD3
S214012A000846C3F3400301F029FD0E4B1B68186806
S214012A10A8B1BDE81040436A18478B1E012B0CD89D
S214012A2001280CD8BDE810400121054B00221B6C83
S214012A300846C3F3400301F011BD0129E5D910BDD5
S214012A4000C00350C00A002008B50449044804F039
S214012A5093FCBDE80840FFF785BF00BFC40A00200D
S214012A605812002001481FF0EABB00BF34120020B4
S214012A70014B1A6A1868104734120020184B37B5F4
S214012A8083422AD1174B1B783BB3C8B20EF042FDE6
S214012A90054610B3144C154920681FF01EFA144958
S214012AA020681FF01AFA1EF0E8FA1EF0E7FA114B3A
S214012AB0114A00931149852320681FF00EFA104928
S214012AC02B46104A20681FF008FA284600F014F931
S214012AD00D4920681FF001FAFEE703B030BD00BFC4
S214012AE060120020632900209812002011C0030004
S214012AF0EEC10300DEC5030070C503001BC2030060
S214012B002AC2030027C203003FC2030030B50025D6
S214012B100368584A23F47F4323F0070385B09342A2
S214012B2004460295ADF80C507ED002F58022934201
S214012B300ED0A2F18272934240F09A804E4B1B78DF
S214012B40002B00F0958005B0BDE830401FF0AABC10
S214012B50B0F80530232B40F08B80FF2304A91A46DA
S214012B6011E903001EF082FA012814BF41F2FC1598
S214012B70414B05F0FC0208BF1870232120790EF0A6
S214012B80F1FC054610B33D4C3D4920681FF0A5F900
S214012B903C4920681FF0A1F91EF06FFA1EF06EFA8C
S214012BA0394B3A4A00933A49592320681FF095F960
S214012BB038492B46384A20681FF08FF9284600F01E
S214012BC09BF8364920681FF088F9FEE734490090E3
S214012BD02379344A0968344800F0E8F805460028A5
S214012BE046D0264C264920681FF077F925492068EB
S214012BF01FF073F91EF041FA1EF040FA224B234AE9
S214012C0000932349622320681FF067F921492B4668
S214012C10214A20681FF061F9284600F06DF81F4927
S214012C2020681FF05AF9FEE7B0F80530B7EE047ACF
S214012C3007EE903AF8EE677AB0F8073067EE877AD3
S214012C40013307EE103AB8EEC77A67EE877AB1EE2F
S214012C50047A67EE877AFAFE677AFCEEE77A17EE71
S214012C60903AB3F57A7F38BF4FF47A730C4A136003
S214012C7005B030BDA000060263290020981200208E
S214012C8011C00300EEC10300EDC5030070C50300CB
S214012C901BC203002AC2030027C203003FC203006F
S214012CA0CC0A00207D2A010060120020012208B50E
S214012CB0074B1A700022074B1A700422064B1A7033
S214012CC01F22064B1A7003F017FE054B186008BD4D
S214012CD0F80C002064290020F70C0020F60C0020D8
S214012CE098120020024B034918681FF0F6B800BF7F
S214012CF0981200200DC6030070B50C4C0C49064610
S214012D0020681FF0EAF803F0F7FD0546206803F097
S214012D10E7FD3046FFF7E6FF284603F0E1FD2068B1
S214012D200449BDE870401FF0D8B800BF98120020D3
S214012D300FC6030011C6030038B505461EF001FB99
S214012D4000230B4A14685CB1AC4206D1A96A6BB188
S214012D5099621EF0FCFA012007E02346A46AF2E716
S214012D60002DF3D01EF0F3FA204638BD1160F0E7CF
S214012D709C12002010B5044698B104F067FF204667
S214012D80FFF7DAFF10B194F82C300BB9002010BD14
S214012D901EF0D7FA044A1368013B13601EF0D7FAF7
S214012DA0F4E72220F3E700BFA01200202DE9F0434C
S214012DB085B00546914698460E469DF8307009B98D
S214012DC0002F5CD12846FFF7D5FF0446002836D1F0
S214012DD085F82C00686305F02BF8864233D904F099
S214012DE0C7FF2146844640F2E7304FF47A7200234B
S214012DF0E6FB0C011CF00CFC4FF0FF3200231CF02C
S214012E0007FC2B46E88611462846CDE900441D4AB4
S214012E101FF0D5FA044690B9C5E9089885F82D70D3
S214012E202E631EF08EFA184A136833B31A469B6A4D
S214012E30002BFBD195620023AB621EF088FA204678
S214012E4005B0BDE8F08347B12B4631462846CDE9AB
S214012E5000440C4A04F0B0FFDCE7304603A904F056
S214012E608DFF04460028EAD12B462846CDE9007797
S214012E70044A03991FF07FFACCE71560DBE72124AB
S214012E80DDE700BF8D2E01009C12002091F82C304A
S214012E9013B50C4683B98B8ECA8E93420ED243B9B4
S214012EA0CDE9003320460B46104A4FF0FF311FF0A4
S214012EB046FAA38E0133A38602B010BD52B191F833
S214012EC02D307BB101230093D1E908232046096BFD
S214012ED0FFF76CFF0123064A84F82C301368013390
S214012EE01360E9E7084604F0B1FEF3E78D2E010012
S214012EF0A01200202DE9F041144E336823B34FF0A1
S214012F000008134F1EF01DFA05463C6824B92846F2
S214012F10BDE8F0411EF01BBA94F82C3093B133682B
S214012F2084F82C80013B336094F82D3013B9204689
S214012F30FFF702FF28461EF00AFAD4E908312046B8
S214012F409847DFE7A46AE1E7BDE8F081A012002018
S214012F509C120020034B1B68002B14BF0420012089
S214012F60704700BFA0120020024B1868B0FA80F02C
S214012F7040097047A01200200348044A0449121A67
S214012F8092101EF07DB800BFCC140400CC140400CF
S214012F907C2A002008B500F02FF8FFF7EDFF124B52
S214012FA012498B4212D30020114B12498B4218D37F
S214012FB0FFF7A6F9186850F82240586840F82240F2
S214012FC0013298688242F5D30C33EAE70022F8E72B
S214012FD01C6844F8220001325C68A242F8D3083328
S214012FE0E4E70022F8E700BF8C1004009810040004
S214012FF098100400981004004FF400414FF0FF3081
S214013000124B134A10B59A60D3F8882042F4700226
S214013010C3F888200F4A916601F1884101F50052F4
S21401302010664FF6DF7050660220C3F8D000BFF37B
S2140130304F8FBFF36F8F08244FF440330648C0F814
S2140130408041D36004600B6110BD00BF00ED00E05D
S214013050002001000090005000E100E0014B1868DC
S214013060704700BFD40A0020084B1B6F03F007030C
S214013070022B04D0032B05D0012B05D0FEE7044B11
S21401308018687047034BFBE7034870470080005001
S214013090D40A0020DC0A0020002D310108B5FFF714
S2140130A0E3FF054B1B6FC3F303330133B0FBF3F0B0
S2140130B0024B186008BD00BF00800050D00A0020F7
S2140130C00048704700B4C404014B1868704700BF3D
S2140130D0DC0A0020054B1860054B1B6F03F0070345
S2140130E0032B01D1FFF7DABF704700BFDC0A0020CF
S2140130F00080005000487047002D3101014B1868D0
S214013100704700BFD80A002000239B6A10B5B3F5AC
S214013110903F11D219680A4A91420DD1094C227882
S21401312012F0FD0F01D0002010BDDB699847002882
S214013130FAD101232370F6E74FF48170F4E700BF5C
S21401314007B0CD5E652900204FF00053074A1A608C
S214013150BFF34F8F0649074BCA6802F4E062134378
S214013160CB60BFF34F8F00BFFDE700BF02020FF039
S21401317000ED00E00400FA050346054A054910681B
S21401318003448B428CBF4FF0FF301360704700BF83
S214013190E00A00200080002008B501213A2000F056
S2140131A0C1FC032101230422002001F057F900206D
S2140131B01EF0E8F80122214B4FF46070C3F8442456
S2140131C01DF0DAFF1E4B00F5D520D3F8F02000F2F3
S2140131D0FC4042F00102C3F8F020D3F8FC2042F094
S2140131E08072C3F8FC20174AA3F55D431A60164B9C
S2140131F00222B0FBF3F0154B01381861C3F8F0203A
S2140132004FF48072C3F804234FF06043104A002045
S214013210C3F8B02F0F4AC3F8802ED3F8002E42F41D
S2140132208072C3F8002EFF2283F82020D3F8002EE8
S21401323022F48072C3F8002E08BD00BF00D00350F0
S21401324000ED00E0FF030040F8590D00000004E027
S21401325055CEACC5090001004FF06043D3F8802E6F
S21401326030B5D20715D501240B4D8440D5F8FC2086
S21401327042F08072C5F8FC20D3F8002E2243C3F832
S214013280002E53F82020002AF0D003F8201000204A
S21401329030BD1120FCE700BF00ED00E02DE9F04F46
S2140132A09A46564B85B01B7806460F461546DDF8FE
S2140132B03C909DF844B0DDF85080002B00F09780DC
S2140132C0072A00F296800E9B002B00F09280B9F13F
S2140132D0000F00F08E80129BB3F5006F00F389801B
S2140132E0012803D1109B002B00F08380444B03EB95
S2140132F005131B7B002B7ED0424C10220021684612
S21401330027F026FF04EB45141022A7BB39462046BA
S21401331027F01EFF43F210036380BBF1000F03D1B9
S214013320E37843F00303E370364A0E9B02EB451C39
S214013330CCE90193129B6901581E9DF84C30C0F3ED
S2140133400A0003F003039B0643EA001E53582E4867
S214013350012E00EA03004EEA0003CDF800A0535008
S21401336017D0B8F1000F2ED19CF8023068F3041381
S2140133708CF8023027E00021204627F0E9FE4FF4C2
S21401338044736380BBF1000FCED1E37843F0300382
S214013390C9E713230CF1100ECCF80C309CE80F0093
S2140133A08EE80F006FF00301DCF81C20109B61F320
S2140133B09F02012FCCF81C20CCF8143003D1CCF896
S2140133C01890CCF8043000270D4A290102EB0513AA
S2140133D042F80180159A28465A60694622469F603F
S2140133E05E7301F0E3FA384605B0BDE8F08F074892
S2140133F0FAE70748F8E70748F6E700BF662900201E
S214013400A4130020A41200200F80FFF3028000F016
S214013410018000F0078000F038B5124B05461B7896
S214013420DBB1E0B11DF08DFF0F4A00231146147B7E
S21401343054B92B6001251A0101EB03131D738C503F
S2140134401DF085FF204638BD0133082B02F110021E
S214013450EDD11DF07CFF0548F5E70548F3E7054883
S214013460F1E700BF66290020A4130020048000F0C5
S214013470028000F0018000F038B51DF062FF0023E5
S21401348005460B4A147B6CB90133082B02F1100276
S214013490F8D101F02DFA074B28461C701DF057FF96
S2140134A0204603E028461DF052FF034838BD00BF02
S2140134B0A413002066290020058000F00D4B10B5EE
S2140134C01B78044693B1072812D81DF03AFF0A4B21
S2140134D003EB04131A7B2AB100241C731DF037FF7B
S2140134E0204610BD1DF033FF0448FAE70448F8E70C
S2140134F00448F6E766290020A4130020068000F0A1
S214013500028000F0018000F0154B13B51868002307
S21401351001908DF804301DF014FF124B1C7824B175
S2140135201DF015FF104802B010BD01221A701DF0E3
S2140135300EFF0E4B01A81C731C7783F82C4083F8F2
S2140135403C4083F84C4083F85C4083F86C4083F839
S2140135507C4008238DF8073001F0F6F92046E2E7B3
S21401356064C6030066290020038000F0A41300202F
S2140135700A4A08B512785AB107280BD8084A02EB4E
S21401358000131B7B43B1002101F0D0F9002008BDD8
S2140135900448FCE70448FAE70448F8E766290020EF
S2140135A0A4130020028000F0018000F0078000F0E4
S2140135B00A4A08B512785AB107280BD8084A02EB0E
S2140135C000131B7B43B1012101F0B0F9002008BDB7
S2140135D00448FCE70448FAE70448F8E766290020AF
S2140135E0A4130020028000F0018000F0078000F0A4
S2140135F00A4A08B5127852B107280AD8084A02EBD7
S21401360000131B7B3BB101F01DFA002008BD0548E5
S214013610FCE70548FAE70548F8E700BF66290020F9
S214013620A4130020028000F0018000F0078000F063
S2140136300D4B1B7893B1072812D889B10B4B03EBBE
S21401364000131B7B73B10A4B1A6D0123834013428F
S21401365014BF0123002300200B70704705487047F4
S214013660054870470548704766290020A4130020C6
S21401367000000450028000F0018000F0078000F096
S2140136800B4A10B512780C4662B107280CD859B10E
S214013690084A02EB00131B7B43B101F0E5F92070E9
S2140136A0002010BD0448FCE70448FAE70448F8E7A0
S2140136B066290020A4130020028000F0018000F09B
S2140136C0078000F0184B2DE9F0411F6D5B6D1F4020
S2140136D000D5FEE701260025144CDFF85880374256
S2140136E018D02368C8F85060A3B1A16828460131F4
S2140136F06268A1609847637B012B0BD150B90C4BD4
S21401370003EB45131A7B60F341021A731A7F60F3C9
S21401371041021A770135082D4FEA460604F11004D6
S214013720DDD1BDE8F08100BF00000450A4130020E5
S214013730A412002000200450024B1968024B18689E
S21401374014F006BFE40A0020040B002070B59400B4
S214013750224605460E4628F003FC431C0AD058B9FB
S21401376022463146284627F0C9FC0028034808BFF0
S214013770002070BD0248FCE70248FAE710E000F0BE
S21401378021E000F024E000F010B5044628F0ECFB40
S214013790431C10D088B901F029FA234620F0030013
S2140137A02044984201D1002010BD53F8042B013269
S2140137B0F7D00348F8E70348F6E70348F4E700BF05
S2140137C00EE000F021E000F024E000F008B51DF066
S2140137D0B1FD014B186008BD141B0020014B186891
S2140137E01DF0ACBD141B0020044BD3F88420D20678
S2140137F0FBD4D3F88400C0F381107047004000501A
S21401380038B5104B0546D3F820310C4603F00303B8
S214013810022B0BD0032B0DD0012B0FD1FFF71EFC73
S214013820052305B1286004B1236038BDFFF74CFCC1
S2140138300323F6E7FFF75EFC0223F2E701230020ED
S214013840EFE700BF0080005073B50D4600210E4B18
S2140138500191D3F88041064604F00304012C09D0F7
S214013860022C0CD00C460EB1019B336005B12C60C6
S21401387002B070BD01A8FFF7C3FF0F24F3E7FFF7FF
S21401388039FC0190EFE700BF0080005038B5184BB7
S2140138900546D3F824010C4600F00700062823D875
S2140138A0DFE800F0040A121A1E0E1600012305B105
S2140138B0286004B1236038BDFFF7D0FB0523F6E787
S2140138C0FFF7CCFB0623F2E7FFF7FEFB0323EEE749
S2140138D0FFF7FAFB0423EAE7FFF70CFC0223E6E70F
S2140138E01DF0D9FB0723E2E700231846DFE700BFF8
S2140138F00080005038B5104B0546D3F840310C46D1
S21401390003F00303022B0BD0032B0DD0012B0FD199
S2140139101DF0C3FB092305B1286004B1236038BD3F
S214013920FFF7ECFB0823F6E71DF0BAFB0B23F2E7E3
S21401393001230020EFE700BF0080005038B5144B8C
S2140139400546D3F800020C4600F0070004281BD8F1
S214013950DFE800F003090D111500012305B1286009
S21401396004B1236038BD1DF098FB0923F6E7FFF785
S214013970C5FB0823F2E71DF093FB0B23EEE7FFF7E9
S2140139808DFB0E23800AE9E700231846E6E700BF11
S2140139900080005038B5104B0546D3F840320C462F
S2140139A003F00303022B0BD0032B0DD0012B0FD1F9
S2140139B01DF073FB092305B1286004B1236038BDEF
S2140139C0FFF79CFB0823F6E71DF06AFB0B23F2E7E3
S2140139D000231846EFE700BF0080005038B5104BB3
S2140139E00546D3F860310C4603F00303022B0BD0D7
S2140139F0032B0DD0012B0FD11DF04FFB092305B171
S214013A00286004B1236038BDFFF778FB0823F6E78A
S214013A101DF046FB0B23F2E701230020EFE700BF72
S214013A200080005010B40D4C0B46D4F8204204F030
S214013A300304012C0AD0022C0CD008B1002101602D
S214013A400BB100221A605DF8044B70475DF8044B19
S214013A50FFF7D6BE5DF8044BFFF74CBF0080005061
S214013A6038B50C4605461DF065FC054B9A6A544070
S214013A702C4054409C62BDE838401DF05FBC00BF3E
S214013A8000C00050B0F5207F1FD009D8B0F5007FE8
S214013A9015D003D868B1B0F5C07F0AD000200CE07D
S214013AA0B0F5607FFAD10B4BD3F88000C0F301105C
S214013AB003E0084B186FC0F3033001307047054B25
S214013AC0D3F89000C0F30460F7E7024B186FC0F319
S214013AD08020F2E7008000504FF400320E4B014682
S214013AE010B500209A66FFF7CDFF484341F67132C4
S214013AF00A490B4B884294BF00200120DC69DA6337
S214013B009A6822F4401242EA00529A60E20344BFE5
S214013B100022DA6310BD00BF00900050005A620216
S214013B2000000350420910B50FD0012A0FD00A4BEE
S214013B300A4C022A18BF234600F01F0049B103F5BC
S214013B408053012282401A6010BD1346F4E7044BED
S214013B50F2E703F50053F4E76880005060820050F6
S214013B606480005008B580201DF006FB034B984288
S214013B709EBF4FF48032024B1A6708BD005A62029C
S214013B8000A000501FB50023B0F5807F019377D0C9
S214013B9028D8382800F094800BD82438092810D863
S214013BA009280ED8DFE800F0676767670D0D620D1C
S214013BB0377D52285FD008D83D283BD03E2800F0FC
S214013BC08480019805B05DF804FB8028F9D1414B4B
S214013BD01B6F03F00703013B032BF2D8DFE803F06A
S214013BE044413F6CB0F5D06F5BD019D8B0F5A06FEB
S214013BF066D00AD8B0F5806F3DD0B0F5906FE0D1B1
S214013C00002001A9FFF742FEDBE7B0F5B06F2DD02B
S214013C10B0F5C06FD5D1002001A9FFF76BFED0E744
S214013C20B0F5006FECD00AD8B0F5E06F4DD0B0F526
S214013C30F06FC6D1002001A9FFF7D0FEC1E7B0F5AD
S214013C40086FBED1234BD3F8003103F00303022BD8
S214013C502CD0032B2ED0012B30D1FFF735FA0323BE
S214013C6000E005230193ACE70223FBE7002001A94E
S214013C70FFF7EAFDA5E7002001A9FFF7C1FDA0E7D0
S214013C8002934FF0E0231B695B0705D5FFF706FAA1
S214013C900C230393039BE5E703A902A8FFF72AFE7B
S214013CA0F8E7002001A9FFF749FE8AE7FFF726FAA1
S214013CB00823D7E71DF0EFF90723D3E70123D1E760
S214013CC0002001A9FFF7AEFE7BE7002001A9FFF760
S214013CD061FE76E7008000504FF40022034B5A66DF
S214013CE0012203F580439A62704700BF009000509E
S214013CF008B5FFF747FF082811D00938012802D96F
S214013D004FF6FF7008BD4FF40012064B5A6603F5D6
S214013D10D8335B6ADB07F3D54FF4FA70F2E7024B50
S214013D201888EFE700900050E00C0020F8B5044634
S214013D308020FFF727FF032800F087804FF400223A
S214013D40424B02215A6645F60E03414AC2F88030BC
S214013D50404B9962012103F580539962936DD90313
S214013D60FCD4D4E900131B0543EA0163E17B94F814
S214013D7020500B43217BE77E43EA0143617B6D01C3
S214013D8043EA0133A17B43EA811313619169D4E9C4
S214013D9004031B0643EA806301F000410B43A17E46
S214013DA094F823000B43217E43EA0143617E43EAF4
S214013DB001239361136AE66923F00D0394F8221038
S214013DC043EA8703002E2DD11362966A94F82130B8
S214013DD045EA031326F033052B4343F001039362B0
S214013DE01D4D1B4B9A6D35EA0202FBD10222194D7D
S214013DF0AA621A659A6D5200FCD41A69A56822F463
S214013E00700242EA05521A614FF00042114B9A6164
S214013E1019B9022203F580539A6278B901220F4B31
S214013E209A620BE0334343F008031362936A23F06C
S214013E30330303432B4343EA4103936294F824304C
S214013E401BB1034B064AC3F88020F8BD0090005012
S214013E5000C0005000D000500300014000E00050B8
S214013E60F1A7FFFF1E4BFF2870B59E6A35D89A6DE5
S214013E7012F4803F18BF01211A4A18BF916202212D
S214013E8091629B6DDC0303D5154A936D9907FCD5AA
S214013E900222144B124D1A65AC6D14F08044FBD10E
S214013EA0114AAB6992F9002023F47F03024423F4FC
S214013EB07F4382F3080243EA002343EA0243AB61ED
S214013EC031460220FFF7CCFDAB6DDB0303D531464F
S214013ED00120FFF7C5FD204670BD2124FBE700BF8A
S214013EE000C0005000D0005067290020014B93F914
S214013EF0000070476729002001221548154B816A8A
S214013F009A62826D02F00302032AFAD102229A62B1
S214013F101A650F4A936D5B00FCD40F48936D30EA27
S214013F200303FBD101220B4B1A65A3F580539A6D4F
S214013F309007FCD49A6D9207FCD50222054B1A65B0
S214013F40034A936D9B07FCD50320FFF789BD00BF8D
S214013F5000C0005000D0005003000100014B188043
S214013F60704700BFDE0C00204FF4001208B5184B56
S214013F705A660223174A5360936813F48033FBD1C1
S214013F80012822D1FFF7A0F8134B984215D003F56C
S214013F90122303F5F863984213D0104B00EB80020E
S214013FA0400AB3FBF0F3520A0A49CA620B630123C3
S214013FB04B620022074B5A6008BD45F67A13084A41
S214013FC0F2E745F61A03074AEEE75362F1E700BF48
S214013FD0009000500040025000F049026466666698
S214013FE0D8B80500BBCF0500B0F5207F10B50C464C
S214013FF042D008D8B0F5007F33D003D888B1B0F5E9
S214014000C07F0ED010BDB0F5607FFBD11F4A4C1E9D
S214014010D2F8803023F0300343EA0413C2F880302C
S214014020F0E71DF0A1F81DF06BF94FF48031184B45
S214014030164A1967136F013C23F4704343EA0433AD
S2140140401367FFF72BF80446FFF7CEFBC0F102011A
S21401405020461DF04FF900F02DF8BDE81040FFF79F
S21401406081BD0A4A4C1ED2F8903023F0F85343EA39
S2140140700463C2F89030C5E7044A4C1E136F23F45C
S214014080806343EA84231367BCE700BF00800050C7
S2140140900090005008B50121022000F0E7F81DF05D
S2140140A063F81DF02DF94FF48032014B1A6708BDF5
S2140140B00090005008B54FF4C0701DF05DF8BDE8E3
S2140140C008400449884294BF012102214FF4207020
S2140140D0FFF78ABF80F0FA02034B5868C0F3080066
S2140140E0003818BF0120704700ED00E010B5224BE4
S2140140F070B94FF40031214A1860516602F59832C2
S2140141005268012A03D11E4AD2F800211A6010BD56
S2140141101B68002BFBD01B4A5268012AF7D0184AAD
S2140141208020C2F80031FFF72DFD05281FD14FF47E
S214014130C070FFF7A7FC0128044604D102214FF402
S214014140C070FFF751FF07220F4B1A610122A3F53A
S21401415080535A600B4A1369DB07FCD5012CD6D174
S2140141602146BDE810404FF4C070FFF73DBF012265
S214014170064B5A60CBE700BF181B0020009000508A
S2140141800080005000C0015000E0015000D00150F6
S214014190044A4178536F23F4407343EA012353677B
S2140141A0704700BF0040005010B5044610B1002013
S2140141B0FFF79CFF104A136943F00403136103F0F1
S2140141C017FB1DF0C7F80D4B0D4AC3F820241DF050
S2140141D0B1F827F0C1FE1DF0B1F81DF0BCF803F0F0
S2140141E02FFB1CB9BDE81040FEF758BF0120BDE803
S2140141F01040FFF77BBF00BF00ED00E000E003507A
S2140142000000FF0F10B5044610B10020FFF76EFF47
S2140142100E4A136943F0040313610D4B0D4AC3F8AC
S214014220202403F0E5FA1DF085F827F095FE1DF031
S21401423085F803F005FB1CB9BDE81040FEF72EBF5C
S2140142400120BDE81040FFF751BF00BF00ED00E0C0
S21401425000E003500000FF0F034A0179D36E23F0FC
S21401426030030B43D366704700400050F8B5044650
S2140142701C4BD3F88420D106FBD4D3F88430C3F387
S21401428081139C422CD0FEF7EFFE012C064602D18C
S21401429021461DF02FF81DF04DF84FF00072124B1D
S2140142A007465A6620461DF05DF84FF480630D4DB3
S2140142B0621E93402B676B6E9A0103D4D5F8843047
S2140142C09B060AD538461DF039F8022C08D130462F
S2140142D0BDE8F84000211DF00DB8D5F88430EAE7B6
S2140142E0F8BD00BF004000500060005010B50C46FD
S2140142F008B9FEF7B9FE074B21461B783BB1064BC2
S214014300984204D80120BDE81040FFF7AFBF022055
S214014310F9E700BF68290020005A62020278034BC1
S214014320012100201A70FFF7E1BF00BF68290020B5
S2140143304FF0004238B5264B26495A6601224A609C
S2140143404AF6CD3103F50B235D6C1964154030BB7D
S2140143509968C9070BD4002401221F4B5A6015B176
S2140143601E4B1F4A1A6426F097F9204638BD1A4993
S2140143708A601C4AD96ACC0705D4904201D1072429
S214014380EAE70130F6E79042E5D1F8E70132DC6A68
S21401439014F0080406D08A42F8D10724DFE7002289
S2140143A01049F4E78A42F8D020220B4B0B495A6297
S2140143B00122A3F580539A6023460A4A486A80067A
S2140143C003D49342E9D00133F8E79342C7D1E4E737
S2140143D000900050005009500060095000400950FC
S2140143E03254FFFF40420F004FF0004238B5174BE2
S2140143F0174C5A66012203F50C235A604AF6CD3350
S214014400656C2364437893401343124AD363C3789D
S2140144108178A2689B0043EA011322F074021343D9
S214014420A3600279837943EA022323614279C3793F
S21401443043EA022363610078FFF77AFFEB0744BF84
S214014440054B236426F028F9012038BD0090005062
S21401445000400950004000503254FFFFF8B50446B2
S2140144600D461F4616464AB101238B403021184A95
S21401447001FB0022F7B141F21001535004EB440353
S214014480072D4FF00F014FEA031316D8A80006FABE
S21401449000F281400F4818441CF065FF4EB9012315
S2140144A030210B4AAB4001FB042277B141F21001E7
S2140144B05350F8BD42F21001DFE7A5F10800800075
S2140144C006FA00F281400448E5E742F21001EFE700
S2140144D000C0035004C003500CC00350084608B582
S2140144E069B92A201CF048FEB0B10C4B984206D997
S2140144F00B4B9B68C3F302730133B0FBF3F0094B1C
S21401450000F5742000F23F20B0FBF3F001387F285D
S21401451028BF7F20C0B208BD0120F0E7005A620222
S2140145200040005A40420F000B4B10B5994228BF7D
S21401453019460C461AB92A201CF01EFE0246631EB6
S2140145401344B3FBF4F0A34228BF00F1FF30032865
S21401455028BF0320C0B210BD005A620210B5104831
S214014560104C002B08BF04468C4228BF0C461AB9D3
S2140145702A201CF001FE02469DF8083040F2FF306A
S2140145800133B2FBF3F2631E1A44B2FBF4F3A24208
S21401459028BF03F1FF33984228BF184610BD00BF5D
S2140145A080969800404B4C002DE9F04F2DED048B82
S2140145B0DFF834830F4687B014464146002205468D
S2140145C0FFF7B2FF7E79864238BF064628461CF0C2
S2140145D0DAFE3879F6B250B92A201CF0CDFD4045F6
S2140145E0014628BFB0FBF6F12846FFF777FFFB78B8
S2140145F032071B0102F0E04203F0300313430004CC
S2140146003A7800F4FE0003430AB143F002037A78D5
S2140146100AB143F00403BA780AB143F00803AB6069
S214014620FB883A892B617B8943EA02432B62A44BC0
S2140146309D4200F03F81012305F580556B6007B070
S214014640BDEC048BBDE8F08FD0F880015BB91FFA92
S21401465080F9DFED9C7A79E0D0F880714FEA17494E
S214014660002B00F0F4804FEA0A1101F1B441C2F3C5
S214014670090201F580414A6008F101081434B8F1D5
S214014680020FD8D000222378DFF834928E488F4963
S214014690A768934218BF0146009648460393FFF762
S2140146A05DFF09EB0819D9F84810BAB2039B82429C
S2140146B001EA0B0138BF024603F0030008436178A4
S2140146C094F803C0890001F01C010843A1784FEA61
S2140146D0081E090301F4E04101434FEA0C4000F4CF
S2140146E0E0200143207C08F1050A400500F4600043
S2140146F001432079000700F040500143C9F84810F3
S214014700D9F848707248C7F30237013F042F00F208
S21401471096800FF2080959F827F000BF49460100B4
S214014720494601005946010031470100254801006C
S214014730D0F88471002B96D1D0F88C311FFA87F906
S2140147401B145B0007EE903AF8EEE77A01230EF1B0
S214014750B44E0EF5804EDEF8480029F4C047C0F38B
S214014760820000F1010E03FA0EF309EE103ABF04BF
S21401477019F4004FB8EEC99AF6EE008A544B18BFEA
S21401478047F00047002866D1D3F88C311BB208EEFB
S214014790103AB8EEC88A38EE278ABCF1000F71D1FC
S2140147A005A8039200F002FADFED4A7A28EE278A7E
S2140147B0039A9FED497AC7EE097A9FED487A67EE2C
S2140147C0877AB1EE007AB7F1004F48EE077A0BD040
S2140147D0DFED436A07EE109A37EEA66ABAEEE87A7C
S2140147E0F0EE667A57EE067AF5EEC07AF1EE10FA3A
S2140147F0CBBFF1EE677A78EEE78A77EEE87AFDEEE0
S214014800E87AC8BFFDEEE77A17EE903AB3F5003FB7
S21401481047DB6FEA57476FEA474729484FEA0A13CB
S214014820C75020E7D0F88471002B7FF41CAFD0F876
S2140148308C314FEA17491B1403EB430382E7D0F888
S21401484080011FFA80F9002B3FF403AF0BE7D0F885
S2140148508C311B1476E7D3F89001D3F8883100B277
S21401486007EE100AB8EEC77A1BB277EE677A69EEE2
S214014870286A08EE103A87EEA67AB8EEC88A38EEAD
S214014880078A8AE7D4ED037ADFED166AF8EE677ACF
S21401489087EEA67AF7EE046AC6EE877A27EE888A4E
S2140148A087E713F5003FAABFC3F3110347F40037A8
S2140148B01F43B2E74FF00008DFF830B0DFE600BF75
S2140148C00040005A00000000404B4C0080969800C3
S2140148D00080E00F3D3B843F000080430000204401
S2140148E00000004900007A44005A6202E08F18CFA7
S2140148F04FF400120B4B10B5C3F88020BFF34F8F57
S214014900BFF36F8F0024FF22074B21465C652020F2
S2140149109A625C60FFF706F92146BDE81040212047
S214014920FFF700B900E100E000000450044A054B1F
S214014930002908BF1346012282401A60704700BF53
S214014940401004504020045010B501210446202098
S214014950FFF7E8F801212120FFF7E4F80122114BC7
S2140149605A60227812069A606178A27842EA014279
S2140149709A61FF229A6200229A631A644FF00042FB
S2140149805A654FF0FF324FF4001103F500531A65D4
S214014990054AC2F88011E3781B01DBB282F81533B1
S2140149A0116010BD0000045000E100E0F8B50125DB
S2140149B0C3B2DFF888C0D1F800E09D408F7ACB7A89
S2140149C00C46097BCCF850500CF5005C4CF820E006
S2140149D04FF0300E184E1B050EFB006094F80DC00C
S2140149E043EA074343EA415322F00302C0F860C09A
S2140149F0C36502671CF0A5FC736D2B437365237AB0
S214014A0013B1336C2B433364637A13B1B36B2B430B
S214014A10B3632279A37943EA0243084A9361617931
S214014A20E37943EA014306498B61034B55639D6471
S214014A30BDE8F8401CF08BBC000004500020045078
S214014A400010045010B50124C0B284401CF079FC5B
S214014A50044B5A6D22EA04025A659C62BDE8104076
S214014A601CF075BC0000045010B50124C0B284408F
S214014A701CF067FC074BDA6A224208D15B6B9C4349
S214014A800CBF012400241CF062FC204610BD00244B
S214014A90F9E700BF000004504FF40032054B9A6658
S214014AA041F6713203F51C33DA63012203F5005334
S214014AB0DA6070470090005041F671320121064BD2
S214014AC0DA6303F50052D1600022DA634FF4003254
S214014AD0A3F518339A66704700000350CB784A78DE
S214014AE010B55B010C7843EA82030A79234343EA53
S214014AF002130C22424302F1B0421363012C02BF9F
S214014B008A78024B43F8202010BD00BFE88003508E
S214014B1008B54FF0B0435A686AB958B15B680BB133
S214014B201CF0B0FC01210D4B59601CF0ABFC4FF0A2
S214014B30B043D96008BD5B680BB11CF0A3FC00282C
S214014B40F0D11CF09FFC4FF0B0430222DA601CF05B
S214014B5099FC0122024B5A60ECE700BF0010005896
S214014B60002000584FF0B0414B6810B50BB11CF057
S214014B7089FC01220B4BC4785A608378934043EA40
S214014B80840344782343047943EA0413447943EACB
S214014B90C4038B60044B5A600378C3F10203CB60F5
S214014BA010BD00BF00200058001000584FF480329E
S214014BB0064B5A6603F5E6235B69C3F385128270DA
S214014BC003F03F021B0B42700370704700900050C9
S214014BD0014B986CD96C70470080E00F024B186847
S214014BE0C0F30740704700BF0080E00F0120034B71
S214014BF09B680A3303F01F03984070470080E00F5C
S214014C0070B5054616461C4621B94FF420701CF0B7
S214014C10B3FA0146402C1BD003D8DCB1202C1BD0A4
S214014C2070BD602CFCD1042303FB06F2530803EB92
S214014C304113B3FBF2F3094A203B02EAC303AA6815
S214014C4022F06002AA60AA681443AC60EB61E7E751
S214014C500623E9E71023E7E70823E5E7F8FF7F00E7
S214014C60012200F580535A6040F6AA6341F205021C
S214014C70436100230B498360C365C26000F500529F
S214014C800361C361C364916407498365884203D1A4
S214014C9003650023436502E004498842F8D00123F6
S214014CA053607047FFFF010000C00550000006502A
S214014CB070B50D46FFF7D4FF012300F580567360EB
S214014CC0AB7C04461BB1836843F080438360EB7C76
S214014CD05BB1354A2B7D944245D1A2F51032C2F81C
S214014CE08C31E36D43F08003E3652A8A6B7B2046B3
S214014CF01343EA891343E3602B7BD5E90112FFF7DF
S214014D007FFF6B7D1BB1A36843F48033A360AB7D4B
S214014D101BB1A36843F40043A360EB7D2A7E1B0707
S214014D20120502F4E00203F0E0431343A365697E33
S214014D301D4A8B1E012B1D4B1FD894421BD002F51A
S214014D40804294420CBF01224FF0FF3203EB421324
S214014D50022041F21C620329985020D10423F365F6
S214014D602B78636170BD124A944204BFA2F52032CB
S214014D70C2F89C31B5E70022E8E794420DD00C4A10
S214014D8094420CBF01224FF0FF3203EB4213022084
S214014D9042F21C6201299850DFE70022F5E704225F
S214014DA004F50053DA65DBE700C0055000C0035088
S214014DB00000065038B50446054D25F091FC0FCC91
S214014DC00FC594E8030085E80300002038BD00BF46
S214014DD01C1B002047F6FF739A42F0B56FD00229DC
S214014DE06FD8394B5B5C012B6BD8384DDF0005EB78
S214014DF0C30415F83330A178012B13D10025E078D0
S214014E00401AA84202D80844C0B2F0BD431B6668E7
S214014E10A0EB530336F913609642D4BF1D4603F147
S214014E20FF30EEE760680028EFD0B0F9004094420A
S214014E3004DBB0F902409442B8BF144683883D446F
S214014E40FF2B19BFC8224FF0280CB0F90620B0F985
S214014E5008C0A2EB04030CBF0126002693FBFCF35B
S214014E6033446E781BB29E4201DD002B01DA731EBD
S214014E701BB24FF47A7C01339BB2071D5D1E2DB227
S214014E804FEAC50E00EBC505EA88AD689E4214FBE5
S214014E90025222EAE27202F15C02B2FBFCF204DD8B
S214014EA037F8335001339542E8D200EB0E03988869
S214014EB0904228BF1046884238BF0846A4E7FF2024
S214014EC0A3E70020A1E700BF89C603001C1B002042
S214014ED00229F0B555D82C4B585C012851D82B4CDB
S214014EE004EBC00114F830004B6801280FD1C878D4
S214014EF08C78904294BFC4EB0001C4EB0201001B06
S214014F00CAB28242C8BF002233F91200F0BD002B9C
S214014F1037D08878904202D3B3F90200F6E7CC780E
S214014F20B3F900009442F1D94C789988013CA1F17B
S214014F30FF06714203F10405E4B2714103F10C0767
S214014F40CEB2B44216D805EBC1014FF47A756A4366
S214014F50B1F902404968521A04EBD47102EB6102BE
S214014F6092FBF4F29042D1DBB3F902009042CDDC21
S214014F7010B2CBE737F831C04E1C9445E3D3314627
S214014F80DEE70348C2E700BF89C603001C1B0020FA
S214014F900080FFFF08B50448FFF70CFFBDE8084096
S214014FA0012025F0A1BB00BF8CC603000048704756
S214014FB0E20C00207FB51422002101A826F0C8F8D3
S214014FC0044B01A94FF0FF30029325F0C2FB07B056
S214014FD05DF804FB006A18001B0603F0706300F01E
S214014FE00F000902034301F47061120402F47022F7
S214014FF00B431343014A1360704700BF0020025C55
S21401500060B5054619B10139B1F5806F0FD2094E69
S214015010F06810F48030FBD143EA012312072B43DA
S21401502002F08052134343F00043736060BD0120D9
S214015030FCE700BF0020025C0122054B9A60DA689B
S214015040D203FCD4D86820F00F000004000C70478F
S2140150500020025C014B1868704700BF0040025CEC
S214015060014B5868704700BF0010025C014B186B7B
S214015070704700BF0010025C014B1868704700BF04
S2140150800010025C014B9860704700BF0010025C84
S214015090014B1864704700BF0010025C014B586456
S2140150A0704700BF0010025C014B5863704700BF99
S2140150B00010025C0022014B1A6070470010025C6F
S2140150C0024A136843F00103136070470010025C44
S2140150D0024A136823F00103136070470010025C54
S2140150E043F20402014B1A60704700BF0010025CD5
S2140150F0024A136843F03003136070470010025CE5
S214015100044B1A6842F480721A601A6822F480729C
S2140151101A6070470010025C024A136843F4806309
S214015120136070470010025C034A136823F470236F
S21401513043EA0043136070470010025C044B1A698F
S21401514002605A6942609A698260DB69C36070478F
S2140151500010025C0268044B1A6142685A61826858
S2140151609A61C268DA6170470010025C024B1A6BE2
S214015170D207FCD4186270470010025C0322024B6F
S214015180186019615A6370470000025C82B01FB54F
S21401519007930A9B04AC8B4228BF0B4604E9070021
S2140151A01048D100079948BF03330160099948BFE9
S2140151B023F0030323F0704301F0E041194341F06B
S2140151C000518160002102F0E042019C1A4342F046
S2140151D00052C16004618261416304B0BDE81040C1
S2140151E002B070470000025C3F22034B1A63102294
S2140151F0DA6103229A6370470000025C024AD36BAD
S2140152009B07FCD4704700BF0000025C044B9B6AFE
S21401521013F0240F14BF012000208000704700BF48
S2140152200000025C08B5FFF7F1FF064BDB6B23F4C9
S2140152307F4323F0EF0303431EBF0122024BC3F853
S214015240FC2F08BD0000025C00F0FF3F4368182BEE
S2140152500AD0202B1DD0102B2BD1174BD3F804349A
S214015260DB010AD401207047134BD3F804349A01AA
S214015270F8D50B6843F008030B6003680F4A9342A6
S21401528010D10B6843F040030B60002343600020FD
S2140152907047094BD3F804345B01E3D50B6843F040
S2140152A00403E9E7064A9342F1D10B6843F0800311
S2140152B0EAE70720704700BF0000025C6A29002069
S2140152C0692900200B4607B50749D1F80414C90718
S2140152D008D5002100920246084600F05BF803B0AC
S2140152E05DF804FB0120FAE70000025C1346064A5B
S2140152F0D2F80424D20504D50A46014600201CF043
S214015300DFBA0120704700BF0000025C13B5084CED
S214015310D4F80444E40508D5009313460A4601462A
S214015320002000F061F802B010BD0120FBE700BFCD
S2140153300000025C13B5084CD4F80444E40508D513
S214015340009313460A460146002000F071F802B0A9
S21401535010BD0120FBE700BF0000025C70B50446EB
S2140153600D4616468CB00A4A09AB07CA83E8070001
S2140153701A462146CDE90563CDE90333CDE901336C
S21401538000954FF480301CF0C7F90CB070BD00BF1B
S21401539010C70300F0B51C465B6815468DB01A07AA
S2140153A0129E1AD1CBB17268934216D10C4B0D4A9C
S2140153B053F8217009AB07CA83E807001A46294645
S2140153C0CDE90533CDE90333CDE90163009447F414
S2140153D080701CF0A1F90DB0F0BD0720FBE700BFFF
S2140153E01CC7030010C70300F0B516465A688DB0F7
S2140153F0102A0D46129F15D17A68102A12D10A4A30
S21401540009AC07CA84E8070022462946CDE90547C4
S214015410CDE90344CDE90144044800961CF07CF92B
S2140154200DB0F0BD0720FBE710C7030030000100F8
S214015430F0B516465A688DB0102A0D46129F15D142
S2140154407A68102A12D10A4A09AC07CA84E807000A
S21401545022462946CDE90574CDE90344CDE9014448
S214015460044800961CF058F90DB0F0BD0720FBE784
S21401547010C703001000010082B070B586B0149DFD
S21401548003AE202D86E807000B9359D805EB85035C
S2140154908B4203D006236B438B4253D10C9BAB420A
S2140154A050D10F9BB3EB450F4CD1129A934249D181
S2140154B0012229462220159BFFF7A2FD044630BB98
S2140154C0034606220E210C20FFF786FD0123CDE9B7
S2140154D000332B4696E807001CF0B1F80E230BAA02
S2140154E0009307CA2B461BF0F5FF0C23164C0093BE
S2140154F00EAA2B4607CA1CF01DF8636823F07F032B
S21401550043F026036360FFF797FD30B1062420467B
S21401551006B0BDE8704002B07047636823F07F03B1
S21401552043F022036360FFF787FD04460028EDD1B0
S214015530062311AA009307CA2B461CF02EF8E6E7AD
S2140155400124E4E70724E2E70020025C70B598B086
S214015550002843D02C4C08AD0FCC0FC50FCC0FC57F
S2140155600FCC0FC594E80F0085E80F006D4604AE1A
S21401557004F1100320340FCB85E80F0094E80F00E8
S21401558086E80F00FFF7BCFD0420FFF7CDFDFFF70F
S214015590A7FD3046FFF7DEFD002408AE56F8040BE3
S2140155A00134FFF7E3FD102CF8D1FFF759FD03286E
S2140155B0FBD90024FFF77EFD2646FFF74BFD55F885
S2140155C0043B01365840042E44EA0004F5D12CB1C0
S2140155D0012206200D4B1A7018B070BDFFF790FD22
S2140155E00820FFF74FFD0020FFF752FD0720FFF7C9
S2140155F055FD4FF40070FFF757FD0820FFF794FDA7
S214015600FFF75EFD0020E7E7F8C703006C290020DE
S21401561008B5FFF775FD0122014B1A7008BD00BFE2
S2140156206B2900201FB51CF0CAFA044630B10122CE
S21401563006240D4B1A70204604B010BDFFF70AFD74
S2140156400090FFF707FD0190FFF704FD0290FFF7BA
S21401565001FD03906846FFF77DFDFFF7D9FFFFF7D1
S21401566047FDFFF759FDE6E76C29002006289ABF9B
S214015670014B185C0020704758C8030030B5154B25
S21401568087B00293144B0390049346F611030D461C
S214015690059300F077F91428044616D168461CF0E5
S2140156A038FB4FF0A843032202A95A6319601D6113
S2140156B09A63DA6B9207FCD1142C02D168461CF06F
S2140156C036FB00F093F9044601E00028E9D02046B5
S2140156D007B030BD341B0020040000202DE9F04F38
S2140156E0B1B005468C469E46E8466F4EDDF8EC9016
S2140156F0409C06F1100A474630687168083603C7B1
S2140157005645B846F7D13E9B03EB0208C8F1000A9E
S2140157100AF00F0AB9F1000F00F09D80C9F10007E9
S21401572007F00F070121DDF8FCB044F00050C4F18A
S2140157301006CDF810B005910690300200F4F8502E
S21401574040F021000790B9F1000F40F08680CDF8B7
S21401575020D047F00050002D00F0848009912121CF
S2140157600A9041EA07210B9142F00050CDF830C073
S2140157703D9B08A94FEA0A2C0D910E904CF0410072
S2140157800F901093002A75D13E9B119143F0005360
S21401579012933C9B1390149310AB1593434B444ABE
S2140157A0169340F611031793424B0021002D08BFB4
S2140157B01346189314AB19933F4B10221A931123D7
S2140157C01B931CAB184625F0C3FC01221D92002238
S2140157D046F0804603461E96239205B9EB46102CEA
S2140157E0CDF880B024AE4BD10123224600213046AD
S2140157F02193229425F0ACFC20AB002125938F4207
S21401580018BF334647F0804226923A9A2CA828922F
S2140158102993B2FA82F35B0949EA837310222B912A
S2140158202A9325F095FCB9F1000F00D028AED0449C
S21401583048F080432CA918A82D962E93FFF71EFF3B
S21401584030B92DB90346A34225D1002818BF2C2014
S21401585031B0BDE8F08F102764E7CDF820E049F0BD
S214015860005078E7002C3FF479AF04A90991012193
S2140158700A9076E73E9B0CAA11924120129388E784
S2140158801022002130462193229425F061FC002C41
S214015890B2D10123B1E703F1C0026A4412F8C02C69
S2140158A001331043CFE700BF5FC80300100000209C
S2140158B074C8030078C8030004000020F0B5C029AE
S2140158C09FB0DDE9244557D0B1F5807F04D080290B
S2140158D048D029201FB0F0BD01265CB140F2344704
S2140158E002941024039604942124019705940695A6
S2140158F002AC0AE040F21447029410240396049482
S2140159002124059401240197069507940125102466
S214015910089409950A9221220B950C940D92174A28
S2140159200AAD0E92164A0F95109242F61102119286
S214015930129313951494159201AA1692D3B112AB31
S2140159401793042318931123199316AB1A901B93DC
S21401595040F61103C9081C911AA806A91D93FFF762
S2140159608DFEB7E7012614B94FF48267C4E74FF4FA
S2140159708667B5E70EABE3E70F20ABE770C8030019
S2140159801000001038B5164B5A6E42F004025A66E3
S214015990D3F8802242F00102C3F88022114B5B68E3
S2140159A0C3F3080343B14FF0A842D36B13F0430F80
S2140159B0FBD11424204638BD4FF0A843DC6B14F00D
S2140159C04304FBD1084D2B681BB90421284602F07D
S2140159D0D7FD2B68013343F000432B60EAE700BF95
S2140159E00080005000ED00E0341B0020014B002039
S2140159F05B68704700ED00E04FF40052034B002057
S214015A009A660322C3F86022704700BF00900050D8
S214015A104FF40052034B00209A660322C3F860221B
S214015A20704700BF00A00050012300F01F02A0F540
S214015A3006200949A0F550604009934051F82020FE
S214015A401A4341F82020054951F8202022EA030292
S214015A5041F82020704700BF4C1B0020381B002057
S214015A600121A0F506230E4AA3F550635B0900F059
S214015A701F00814052F82300014342F823100949D0
S214015A80D1E90030034488680344C86809690344BF
S214015A905B1802BFC2E90033C2E9023313617047E3
S214015AA0381B00204C1B00202DE9F04FA9B00392B3
S214015AB01D4604460822339ECDE90401414021FAE1
S214015AC002F34B40980702F1080218BF9B00202AF8
S214015AD01C44F4D18123B4FBF3F303EBC313E41AA0
S214015AE0734B04F506241B7804F55064002B3ED155
S214015AF0FDF722FE074620B16FF0910029B0BDE800
S214015B00F08F0146402208A825F022FB40223946A4
S214015B1018A825F01DFBDFF8B481DFF8B491C34661
S214015B200BF10F0ACDF800A0102208A95B46D9F8A0
S214015B30000024F064FB0022014608F1100808AFBB
S214015B40914246D1CDF800A05B461022D9F800005C
S214015B5018A924F05DFB4FF0000A834618AFD34521
S214015B6041D1544B9845DAD10122514B1A704FF06E
S214015B70810A4FF00008DFF85CB1A4F50627A7F507
S214015B8050635B095BF8232004F01F01CA40D2076B
S214015B903DD4494A52F82330CB40DB072AD5B8F129
S214015BA0000F08BFA0468123A7F6FF47B7FBF3F314
S214015BB003EBC313FF1A07F50624BAF1010A04F52D
S214015BC05064DAD1039BBBB1B8F1000F14D0444640
S214015BD019E057F8040BCDE90612FFF725FF079ADF
S214015BE006990132ACE757F8040BFFF739FF0AF1C3
S214015BF0010AB4E7039B13B96FF08B007EE7B8F197
S214015C00000F18BF4446349B00201C6076E7329B89
S214015C1013B10023329A13600EB1002333601023B0
S214015C20DFF8AC9000932A4600232146D9F80000FD
S214015C3012F000FE60BB32992A68204BC9B99A421D
S214015C4006D02146D9F8000012F08CFE0028D3D1E8
S214015C50D5E90223DDE90410834208BF8A42A2D1B6
S214015C60039B002BCFD06B68012BCCD16FF0840047
S214015C7044E7102032999A420860E2D1002EE7D01C
S214015C8033462146D9F8000018AA12F027FE48B17B
S214015C900B4B9842D5D00B4B9842D2D00A4B984228
S214015CA0D6D029E7329A336812689B1A3360CFE759
S214015CB06D29002000710800381B0020105D175E5A
S214015CC0FFDF00F011E000F0FEDF00F0006D0800DD
S214015CD0040B00204C1B00202DE9F04F87B08246B4
S214015CE0894698461646DDF840B02AB1002B4FD0BB
S214015CF040F26C739A424ED8BBF1010F4ED8002485
S214015D0006F110073946012005941CF0E6FB05460E
S214015D10002846D021463A4625F01AFA05ABCDE9C9
S214015D20014300942B46012250464946FFF7BCFE2C
S214015D30044680B110F18C0F08BF6FF08D043A460F
S214015D400021284625F004FA28461CF0D6FB2046FA
S214015D5007B0BDE8F08F144BC5E902A92B60C5F862
S214015D6004B02EB13246414605F1100025F0FBF98C
S214015D70059E0E483B462A463146006812F0C2FC94
S214015D8018B93046FFF750FED9E76FF09104D6E711
S214015D906FF08604DBE76FF09104D8E76FF08504B7
S214015DA0D5E76FF08C04D2E7105D175E040B002078
S214015DB02DE9F0438DB08146DDE914780E4615468F
S214015DC01C469BB1B8F1000F05D16FF08606304630
S214015DD00DB0BDE8F083002FF7D0B7F1005FF4D324
S214015DE0C3F1005303F500439F42EED81022002171
S214015DF008A825F0ADF9002207AB029305AB019385
S214015E0006AB31460093484608ABCDE90522FFF7BD
S214015E104BFE06460028DAD1059BA4B1AB4215D845
S214015E2053EA0504D1D1069B0B48C8F800400094FC
S214015E303A46079900682B4412F0FCFC002818BF6C
S214015E406FF09106C3E7AB42EDD2BEE75B1B9C4207
S214015E5028BF1C46E7E700BF040B002030B58DB015
S214015E600C4605461022002108A825F071F90022EB
S214015E7007AB029305AB019306AB21460093284678
S214015E8008ABCDE90522FFF70FFE0446D8B9099BFA
S214015E90012B1BD0079D104B2946186812F062FD96
S214015EA0B8B90122A5F506230C49A3F550635B0991
S214015EB005F01F00824051F823004240284641F871
S214015EC02320FFF7CDFD20460DB030BD6FF08404D2
S214015ED0F9E76FF09104F6E7040B00204C1B002055
S214015EE02DE9F04F89B007460E46FFF7C5F8C00703
S214015EF009D4042401201BF06FFE80B3013CF9D1C4
S214015F006FF0920028E0102200210DEB020025F030
S214015F101FF904A8FFF712F9049B002BE9D0059B93
S214015F20002BE6D0069B002BE3D0079B002BE0D08E
S214015F300025DFF8808008F10409B54219D34FF433
S214015F408A74FFF793F800F00E03062B2DD1C305D4
S214015F5001D5FFF7BDF8002009B0BDE8F08FFFF7C7
S214015F6085F810F00E03FAD0022BF8D04105DFD5E4
S214015F70C4E7FFF775F8A6EB050A8400544528BF69
S214015F80544699E8030000238DE80300CDE9054354
S214015F9007EB050BCDF810B0029404AAD8F8003030
S214015FA007CA1BF012FD2544C7E724FA03F3DA07F4
S214015FB0A6D5C6E784C803001FB504A800E90E00ED
S214015FC011460198FFF78CFF70B1FFF721FBBFF375
S214015FD04F8F0749074BCA6802F4E0621343CB6050
S214015FE0BFF34F8F00BFFDE705B05DF804FB00BFB0
S214015FF000ED00E00400FA052DE9F0438BB01746EA
S214016000DDE91545DDE913269C46DDE917388946A5
S21401601021B96FF086000BB0BDE8F083002FF8D0F1
S2140160200EB9002CF5D1129909B9002AF1D10DB992
S214016030002BEED1B8F1000FEBD0244A944541D1A4
S2140160400288B2F5105F3DD14288B7EBD20FE0D39C
S21401605022F04001802902D0B2F5807FD9D16CB3FD
S214016060AE421CD23219954219D29C42D1D8314641
S2140160702246284625F052F82E4614F00F03C8D1C2
S214016080CDE90197CDE90336CDE90543CDE90754BE
S2140160900993FFF7B1FC38B16FF09200BBE79C4261
S2140160A0EBD96FF08900B6E707AA04A901A8FFF7A4
S2140160B009F90546FFF7ACFC0543EDD10020C8F809
S2140160C00040A8E76FF08500A5E700BF0044400444
S2140160D02DE9F04FA9B0834617469A460E46DDF8DD
S2140160E0C890DDF8D88029B96FF08603184629B024
S2140160F0BDE8F08F002AF7D0B9F1000FF4D0349B39
S214016100002BF1D0B8F1000FEED00024424B0CADBD
S21401611093E8070085E807003C22214619A8189451
S21401612025F016F83388728803F4E040B0F5804F06
S214016130DAD03A4E3A480BEA060646F01066864230
S21401614063D1B2F5807F60D147F2121293425CD1DF
S2140161500620344ABAF11F0FD3680E940B931369C5
S214016160126800FB03F3CDE90C23BDD9339B402B0A
S214016170BAD9359B1F2B4BD909F101022026129261
S214016180402299F800300F97042B18AFCDE913245D
S214016190CDE91572109611941794A5D1FFF72CFC32
S2140161A003460028A2D10B9B15AACDE9086305ABCF
S2140161B007CA83E8070002AB12AA07CA83E80700EA
S2140161C0DDE910018DE803000F9B95E80700FFF756
S2140161D053F90546FFF71CFC55EA000384D13D46FA
S2140161E0349A20AE2C4603CCB4421060516025464A
S2140161F002F10802F6D100221146B9540132402AB2
S214016200FBD12022C8F8002070E76FF085036DE708
S2140162106FF089036AE700BF10C703000000FFF6AE
S2140162200000020924C70300F0B50E461D468BB0D8
S214016230002853D0002951D0002A4FD0002B4DD032
S214016240048804F44F43B3F5824F03D06FF0850002
S2140162500BB0F0BDE3B224F0FF04B4F5E24FB0F8A2
S21401626002C0F3D1122B01D0172BEFD10CF107018D
S214016270B2EBD10F4FEAD10733D31D4A04ACBCF5BC
S214016280807F07CA84E80700E0D1122B07D1194B9B
S2140162901A691B681344CDE90432002306930023D0
S2140162A0CDE907670993FFF7A7FB0028D0D1124A6B
S2140162B002AB92E8030083E803000AAB13E903008C
S2140162C08DE80300079B94E807001BF003FB0446D8
S2140162D0FFF79EFB204307D12F60B9E76FF08600DA
S2140162E0B6E76FF08900B3E76FF09200B0E700BF42
S2140162F010C7030024C703007CC803002DE9F04340
S2140163008FB01D46DDE916C600285CD000295AD09C
S214016310002A58D0002B56D0BCF1000F53D0002EC7
S21401632051D0038803F44F44B4F5824F51D1DCB207
S21401633023F0FF03B3F5824F40884AD0122C01D0D8
S214016340172C46D1C31DB2EBD30F4FEAD3083AD36D
S2140163504FEA4802571C674538D8B0F5807F38D1D8
S214016360122C18BF4FF000094FF0000308BF1C4C59
S214016370CDE9081805F1010114BF4C46D4F80C907C
S214016380CDE90B120A930D93FFF736FBC0B9CDE9A1
S214016390058902AB08AA07CA83E807000EAB13E912
S2140163A003008DE803000B9B94E807001BF0B1FA8D
S2140163B00446FFF72DFB20430ED104232B703760D4
S2140163C00FB0BDE8F0836FF08600F9E76FF0890043
S2140163D0F6E76FF08500F3E76FF09200F0E700BF95
S2140163E024C703002DE9F04389B00E4615461F4623
S2140163F0DDF8488020B96FF0860009B0BDE8F0836B
S2140164000029F8D0002AF6D0B8F1000FF3D003889F
S21401641003F44F42B2F5824F02D06FF08500ECE7ED
S214016420DAB2122A01D0172AF7D123F0FF03B3F507
S214016430E24F41D14488C8F8004044B9EB00B3F5B7
S214016440807FC8F80030E8D1122A0DD108E0E31D9C
S214016450B5EBD30FCFD1B4F5807FDED1122A29D187
S214016460354B1C681B691C440023194670192C44C3
S21401647014F801CD10F8012D1143B2EB0C020CBF3C
S2140164804FF0FF3C4FF0000C86420CEA030343EA50
S2140164900203EDD10029AED0002BACDA109B9D4251
S2140164A046D82A463146384624F05DFE119B002028
S2140164B01D60A2E70024D7E73378042B9BD16B1E1F
S2140164C0DB005B08B3F5807FC8F80030A5D1122A3F
S2140164D006F1010318BF4FF000094FF04002059383
S2140164E04FF000030ABF144C4C46D4F80C90CDE98B
S2140164F00623FFF781FA00287FF47FAFCDF80C90D2
S214016500D8F800300733DB08029308AB13E9030021
S2140165108DE80300059B94E807001BF0A7FA0446E4
S214016520FFF776FA00287FF468AF002CB6D062E752
S2140165306FF0890061E700BF24C703000388B3F545
S214016540105F0ED14388DB08103B102B0CD8084A8D
S21401655022FA03F313F0010F14BF00206FF0860038
S21401656070476FF0850070476FF08600704700BF78
S214016570010101002DE9F04F8FB01546DDE918A99C
S2140165801E46DDF868801C9F09B300B3B8F1000F02
S2140165901DD0E7B1BAF1000F02D1B9F1000F16D143
S2140165A0274B26F47E129A42B0F802B044D1FFF788
S2140165B0C5FF0446A8BBB5EBDB0F4FEADB0306D3EA
S2140165C016F47C1FC6F3054504D0102D03D96FF0D1
S2140165D0860426E010251B9A95422AD8CDE9011398
S2140165E000231022CDE905930DF12809CDE9033AE0
S2140165F0CDE90823CDF81C90FFF7FEF9044680B9D3
S21401660007AA04A901A8FEF771FE0646FFF700FADD
S214016610044656B958B92A464946404624F0A3FDD1
S2140166203D6020460FB0BDE8F08F6FF09204002564
S214016630F6E76FF08904F4E76FF08504F1E700BF31
S2140166400002C0032DE9F041069F0C46164605469A
S21401665010B309B302B9FBB96288B3EBD20F4FEAA4
S214016660D20819D34C220021284624F071FD0D4B87
S21401667027F47E129A4212D12046FFF75FFF0446A6
S21401668038B942463146281D24F06DFDC5F82480F0
S2140166902F602046BDE8F0816FF08604F9E76FF0C1
S2140166A08504F6E70002C0032DE9F0410E461446C4
S2140166B00546002840D000293ED092B10368214803
S2140166C023F47E1383423AD1AF6BF7B1C7F11008BA
S2140166D007F128004245284406D2274424F043FD0A
S2140166E0AF630020BDE8F081424624F03CFD102255
S2140166F0103C3C19AA63F4D0284605F128011BF08A
S2140167005EFB0028EED14644A863102C0CD9671E08
S21401671027F00F073A46314628461BF050FB002863
S214016720E0D1E41BDDD03E442246314605F1280087
S21401673024F019FDAC63D4E76FF08600D2E76FF062
S2140167408800CFE70002C0032DE9F04388461F46C4
S21401675005468BB070B169B163B10368234923F470
S2140167607E1088423ED113F47C1FC3F3054604D045
S214016770102E03D96FF086042AE0102696422BD8F5
S214016780FFF73AF9044618BBAB6B05F12802CDE9D1
S21401679001236B6A2A1DCDE904231023CDE90830B5
S2140167A007AB1A460390069005F13C0901A904A817
S2140167B0CDF81C90FEF7BEFD0546FFF729F9044605
S2140167C06DB928B932464946404624F0CCFC3E60B5
S2140167D020460BB0BDE8F0836FF08904F8E76FF050
S2140167E09204F5E76FF08504F2E700BF0002C003EC
S2140167F007B56B46054A1068516803C36846FDF73E
S214016800F3FD002003B05DF804FB00BF90C8030051
S21401681013B50024064A6846536F43F001035367D5
S21401682000948DF80440FDF717FD204602B010BD18
S2140168300040005030B58BB06C46174D0FCD0FC4DD
S2140168400FCD0FC495E8030084E80300134BD3F87B
S2140168504C2112031CD5A3F5FE431C884FF6FF738B
S2140168609C4208BF8C248DF81940FDF73FFB20445D
S21401687080F308008DF818000948FCF72BFC6846E1
S214016880FDF754FA3220FDF769FB00200BB030BD4E
S214016890D3F85041E4B2E6E798C803000080E00F61
S2140168A000F049026FF00403502110B50A480B4C62
S2140168B013F0800F03F1010207D12344402A83F825
S2140168C000131346F4D1002010BD03F00F03043B60
S2140168D0034419761346EBE700ED00E000E100E023
S2140168E010B504461AF026FD024B1C601AF026FD70
S2140168F0002010BD601B002010B51AF01BFD034BD5
S2140169001C681AF01BFD204610BD00BF601B00204E
S21401691010B5002400F028F80348044B8460436057
S214016920FFF7DEFF204610BD641B00203169010021
S21401693013B5064C23780093054B1B881BF002FB0E
S21401694010B923780133237002B010BD6E290020E0
S214016950E80C0020034B02221868002380681946C1
S21401696019F074B9180C002008B5074B1A6842B91B
S214016970012208201A601AF09DFB0449044800F021
S214016980FBFC002008BD00BF781B0020080B002080
S214016990701B002030B51446054687B010461BF024
S2140169A02AFB6369024683423CBFD4E903315B1884
S2140169B01B1A7BB10F49049403910021CDE90131E3
S2140169C0012300932846D4E900131AF07EFB002029
S2140169D007B030BD0122627694F82D20002AF6D049
S2140169E084F835301321E369204698472046636AC8
S2140169F09847ECE7956901002DE9F04788B0044611
S214016A000F46164698461AF09CFC8146002E7AD010
S214016A10237E03F0FF02002B00F0A28020461BF02D
S214016A20EAFA6569A84205D1637ED4E903321344C4
S214016A305D1B01E0F9D9451BB54228BF35461AF062
S214016A4080FC94F82D308246002B6DD12A463846BC
S214016A50616924F088FB63692E462B44636121E05B
S214016A60037803F0FD0111295BD1216B814205D129
S214016A70A3F111014B424B4184F83430013E636966
S214016A80216B01328B4203F1010308BF236363616B
S214016A9095426069E4D1D4E90323216B13449942FA
S214016AA000D122630025D4E9032361691344994286
S214016AB008BF6261207A6576FCF75AFD20461BF016
S214016AC09AFA6369834232D1257694F82D30E568C7
S214016AD0656103B125632046636A9847214B049498
S214016AE003930023029323692A460193012300930B
S214016AF063682168207A1AF0E8FA207AFCF758FDD4
S214016B0050461AF024FC4846C8F800601AF01FFCEC
S214016B10D8F80030002B0CBF1B20002008B0BDE8C1
S214016B20F08707F8013BAAE72E460022B0E70123CB
S214016B30207A23760DF11E01FCF7A2FD9DF81E308A
S214016B40002BDAD00DF11F01207AFCF771FD9DF8BC
S214016B501F100029D1D12246207AFFF71BFFCCE770
S214016B601646D0E795690100002807DB0123410995
S214016B70034A00F01F00834042F82130704700BFEF
S214016B8000E100E0002808DB01224309034900F088
S214016B901F008240603341F82320704700E100E087
S214016BA070B504460568FFF7A7FE844202D10020AF
S214016BB0FFF796FE95F936603046FFF7E3FF002EA5
S214016BC00CDB01221949730906F01F06B240203377
S214016BD041F82320BFF34F8FBFF36F8F95F93760CE
S214016BE03046FFF7CFFF002E0CDB01220F49730959
S214016BF006F01F06B240203341F82320BFF34F8F23
S214016C00BFF36F8F287AFCF7F3FC287AFCF756FC63
S214016C10FCF732FC00232846C4E90033C4E90433F8
S214016C20A360AB6ABDE87040184700BF00E100E012
S214016C302DE9F0430C461546064687B04022002152
S214016C4020461F4624F084FA95E8030000232A69AB
S214016C502376EB6884E80300C4E904232A7DE36015
S214016C6084F82C20AA7D2363012384F8343084F829
S214016C7035300E9B84F82D2023620F9BE7616362FB
S214016C80109BA3622B7A84F836306B7A84F83730FF
S214016C902D4B346073602D4BB3602D4B33612D4B00
S214016CA073612D4BF360FCF72FFC38B12B4B9842E8
S214016CB004D01024204607B0BDE8F083002104F17B
S214016CC00800FCF7A9FB07460028F2D14FF001089F
S214016CD0234B3362234B84F83C80B361224BF36130
S214016CE09DF8483084F8390084F83B309DF84430EC
S214016CF0204684F83A30697D84F838801BF08BF999
S214016D0095F909904846FFF73DFF4846FFF72CFFE7
S214016D10164B0494CDE902732369CDE900836368B9
S214016D20E2682168207A1AF0D0F904460028C0D11A
S214016D3095F908502846FFF725FF2846FFF714FF68
S214016D403046FFF7CDFDB5E767200300F96901007E
S214016D50E51F0300EB1F0300A16B0100038000F099
S214016D60BF1F030017200300F11F030095690100F0
S214016D702DE9F04101271C46584B86B00293584B2B
S214016D800C9D0193574B904600930A46CDE9037735
S214016D902946554BFFF74CFF0646002840F09680E3
S214016DA0236839462B6463683A206B64637A85F8F6
S214016DB04930237A85F84830E37A85F84B30A37A50
S214016DC085F84A30637B85F84D30237B85F84C3057
S214016DD0E37B85F84F30A37B85F84E30FCF7A2FEA7
S214016DE03B460422617A207AFDF738FB3B460222B5
S214016DF0E17AA07AFDF732FB39466068FCF792FE2D
S214016E0088F8006041462068FDF752FF1422637C33
S214016E105B0103F1A04303F57033C3F81C26617AC6
S214016E20227A42EA0142C3F83426E17AA27A42EA99
S214016E300142C3F82C2685F8506098F81930032BC8
S214016E404AD8DFE803F03447021C022385F85030A5
S214016E5000230422E17BA07BFDF700FB022741F221
S214016E601C61627C214B03EB42104750E07BA17B07
S214016E70B13241EA004103EB4213996017E0012762
S214016E8085F8503002220023617B207BFDF7E6FA6D
S214016E90637B227B617C42EA0342154B49015A50CF
S214016EA00422236803F58053DA65002FD0D1237AB4
S214016EB02A6C85F84830637A052185F84930D36C09
S214016EC0206843F00403D3641AF0E4FA304606B0AF
S214016ED0BDE8F0810027D3E72326F7E795210300D5
S214016EE089210300212203001522030000C003505C
S214016EF024D60350BFF35F8F074B5A6A22F48032C1
S214016F005A62D3F8942022F00102C3F89420BFF30A
S214016F104F8FBFF36F8F704700ED00E070B52948C3
S214016F20294CFFF7E7FF8442284D294919D1D5F8A6
S214016F30C03023F0FF0343F0A003C5F8C0304FF084
S214016F4080430A68214D234EC5F8982043F001037B
S214016F5001328442C5F89C60C5F8A0300A601ED094
S214016F600DE0D5F8C02020F01F03203B22F0FF02E1
S214016F7042F0A002B3F1005FC5F8C020E1D2164B83
S214016F800A68124823F01F0343F00303C0F8982051
S214016F90C0F89C30114B0132C0F8A0300A60BFF334
S214016FA05F8F0522094BC3F894205A6A42F4803257
S214016FB05A62BFF34F8FBFF36F8FBFF34F8FBFF38D
S214016FC06F8F70BD140D0020EC0E002000ED00E068
S214016FD07C1B0020030000200B0F0020E1FFFF3F79
S214016FE0F8B51446FFF786FF1F2C27D90027C206DF
S214016FF02A4D1CBF20F01F0020302A68CB06284BE4
S21401700018BF21F01F01FCB2A2422BD8D3F8C04012
S21401701020F01F0024F47F4444F4807421F01F0103
S214017020C3F8C04040F00300C3F8982041F00301C4
S2140170300132C3F89C00C3F8A0102A600020BFF3F9
S2140170405F8F0522164BC3F894205A6A42F48032A9
S2140170505A62BFF34F8FBFF36F8FBFF34F8FBFF3EC
S2140170606F8FF8BDC3F89840D3F89C40D3F8A06062
S21401707024F01F04A04226F01F0601D1B142DDD044
S214017080B04201D8A14207D2D3F89840013724F084
S214017090FF04C3F89840B6E72820D0E77C1B002001
S2140170A000ED00E0BFF34F8F0549064BCA6802F4B6
S2140170B0E0621343CB60BFF34F8F00BFFDE700BF15
S2140170C000ED00E00400FA05054B1A782AB95B7852
S2140170D0002B0CBF0320022070470120704700BF21
S2140170E0792900200329F8B598BF124B05460E46AC
S2140170F08CBF00245C5C032805D8DFE800F002089A
S2140171000B0E44F002040C4B1F684FB9F8BD44F057
S2140171100804F8E744F02004F5E744F08004F2E7B9
S2140171207B681A68144203D0314628465B68984744
S2140171303F68EAE7C0C80300AC1B002038B5104D15
S2140171402B78ABB10F4C23781BB100F0B7FB0023B3
S214017150237000201BF0CDF80B4C50B100F000FC62
S2140171600023012120782B70FFF7BCFF0123237039
S21401717038BD0122054B1A702278054B1A70F7E7C5
S21401718074290020722900207B29002075290020FF
S2140171907629002010B51AF0CDF8064B04461B7868
S2140171A01BB1BDE810401AF0C9B8FFF7C7FF20466B
S2140171B0F7E700BF71290020094A137830B101337F
S2140171C01370084B1B78012B03D87047013B1370D3
S2140171D07047054B1B780BB9FFF7B0BF704700BF70
S2140171E0792900207B2900207529002070B51AF026
S2140171F0A1F8124E054633789BB900F0EDFC044623
S21401720020B128461AF09AF8204670BD0C4819F0AD
S2140172104AFF00F089FF0B4B1C6000F0A9FD0A4BEA
S214017220186000F02BFA1BF066F8084B0024186073
S2140172300123284633701AF081F8E5E77C290020FF
S214017240AC1B0020801B0020A81B0020841B0020F4
S2140172502DE9F843284A0138135C39B1274F013329
S21401726039781354012904D8BDE8F883013B135437
S214017270FAE7FFF729FF0128044635D81AF05AF82D
S214017280DFF88480054698F8003013B31C4E337837
S2140172901BB9012232701B4A1370DFF8709099F8FF
S2140172A0003023B100F00AFB002389F8003028469D
S2140172B01AF044F801201BF01CF81AF03BF833785A
S2140172C005461BB100F04CFB00233370002388F801
S2140172D0003028461AF032F83878A042C4D0214649
S2140172E0FFF700FF3C70BFE70329F5D10228F3D171
S2140172F01BF005F8F0E700BF792900207B29002064
S2140173007129002075290020742900207229002087
S21401731010B504461AF00EF8002C0CBFFF2101210F
S214017320064A13780B44DBB21370B3FA83F3BDE855
S2140173301040034A5B0913701AF000B87829002040
S2140173407729002038B519F0F5FF094B05461B785B
S214017350012B04D819F0F2FF0024204638BD054B56
S2140173601C6800F047FB0444284619F0E7FFF4E7E1
S2140173707B290020801B002038B54160044619F0A7
S214017380D9FF05462146044819F090FE2846BDE877
S214017390384019F0D3BF00BFAC1B0020054B1B685B
S2140173A05843054B00F5742000F23F20B0FBF3F084
S2140173B0704700BFA81B002040420F002DE9F04F88
S2140173C085B0EFF3108772B6AFF3008019F010FEA8
S2140173D000286FD0804EDFF82C82337823B100204E
S2140173E0FFF7EAFE00233370FFF76EFE044600281F
S2140173F067D0841EE4B2012C6AD9FFF765FE012826
S2140174000546764CDFF8009200F28C8020788542A3
S21401741040F0C680207800F0D7FA99F8003013B112
S2140174206F4B1B782370AFF3008007B962B6EFF39A
S214017430108772B66B4B1A7852B100221A70684BDD
S21401744020781B78984203D101212170FFF74AFE6C
S214017450654800F0FBFB19F0DAFD05460028BCD1B3
S214017460624BDFF89481187098F80030ABB189F858
S2140174700000DFF88C9199F800301BB100F01EFA7D
S21401748089F8005000201AF034FF002800F09B8095
S21401749000F066FA002388F80030337823B1002024
S2140174A0FFF78AFE0023337000212078FFF71AFECB
S2140174B000232370AFF3008007B962B605B0BDE8BC
S2140174C0F08F3378002B98D0FFF776FE347094E770
S2140174D0002003A900F008FC044600288DD1D8F846
S2140174E00030039A9A4205D80120FFF765FE012372
S2140174F0337082E73E4B1D6800F07CFA039B05441F
S2140175009D42F1D200F08EFA8200039942F0020207
S21401751092B2CDE900422346364A491B32481AF058
S214017520EFFE6AE7344BDFF8C4A093F800B0BBF176
S214017530000F25D100F046F92078854230D19AF81F
S21401754000307BB92C4D2B78002B7FF463AF2B4B8F
S2140175501B7823B900F0ACF90122294B1A700123DC
S2140175602B7057E7022DEDD18AF800B015E023788D
S214017570022B25D100238AF8003023F0EDF91FE015
S214017580207885420CD19AF80030002B3FF442AFA8
S214017590022DD7D100238AF8003023F0DDF9D1E798
S2140175A00023DFF848A08AF8003099F8003013B9B4
S2140175B02946FFF797FD9AF800302570002BD6D1A3
S2140175C0012DBFD826E7012000F0FEF907B962B603
S2140175D0EFF3108772B655E7732900207B29002048
S2140175E0762900206F290020881B0020772900209B
S2140175F0801B002095710100742900207829002045
S21401760072290020841B00207529002010B519F06E
S21401761091FE0022044B1C781A7019F08FFE00F0C0
S214017620C9FC2043C0B210BD7029002073B5114EAD
S2140176300446337883420FD04FF400730E4DADF8F5
S214017640043058B101A8FCF7A3FD4020FFF7A6FEC1
S2140176502B68181A2860347002B070BD8DF80500CA
S21401766001A8FCF795FD4020FFF798FE2B6818440B
S214017670F0E700BFF90C0020E41B002073B50024DE
S21401768001A88DF80440FCF749FE2046FFF7CEFF1F
S214017690404A4149136F414803F007030B60D2F893
S2140176A000113F4D01F0030101604FF400203D49F8
S2140176B0032B48664FF40030486601F59831896916
S2140176C0C1F3400129705DD0D2F8203103F00303E5
S2140176D0981E43424341D2F82421334C02F007025C
S2140176E0022A08BF43F001034FF4C8702370FFF766
S2140176F055FE00222D4B2E4918602E4E0B68013286
S214017700D2B20A2A46F8040BF9D1034400EBC000B2
S21401771003440B602B78284D63B323781D4A3BB98D
S214017720D2F8003103F00303591E4B424B4123703C
S214017730D2F8003103F00303022B25D0032B26D009
S214017740012B17D1FBF7C0FC024698B11B4B1C4E10
S214017750DC6800231946C4F30B04013404EB8404EB
S2140177600138E4FB060117F053FFFFF717FE2B68FD
S21401777003442B601F20FFF711FE2B6803442B6088
S21401778002B070BD0123A6E7FBF7B8FCDCE719F0F1
S21401779082FCD9E700800050E81B0020EC1B00208B
S2140177A0802900200090005081290020B01B002075
S2140177B0B41B0020B81B0020E41B002000C00150B1
S2140177C040420F00074A0849D2F8203103F003036C
S2140177D00B60D2F82431054A03F00703136019F051
S2140177E0BBBD00BF00800050F41B0020F01B002032
S2140177F008B5104B1A78C2B100221A700E4B1A6FD8
S21401780022F0070242F001021A67D3F8202142F063
S2140178100302C3F82021D3F8242122F0070242F004
S2140178200302C3F82421FBF739FC0122034B5A67F4
S21401783008BD00BF7F2900200080005000E00050F6
S2140178400122154B10B55A67144B154C1B7813B310
S21401785002201AF0FAFDF0B100F076FAD8B1A36D65
S214017860D90302D5E36D9A0715D40D4B9B6DDB0743
S21401787011D401220B4B1A701AF0C6FDBDE8104058
S214017880094B0A4A1860136F23F0070343F00303FA
S2140178901367FBF703BC10BD00D000508129002000
S2140178A000C000507E290020E01B00200080005010
S2140178B00122014B1A7070477F290020F8B51F4B33
S2140178C01B78002B39D01E4C2378B3B91D4B9A6D0B
S2140178D0D10302D5DA6D92072FD49B6DDB072CD42A
S2140178E01AF092FD184B194A1860136F23F007031C
S2140178F043F003031367FBF7D1FB1AF085FD124B28
S214017900134D1B68134EC01A2B78134F56F82320BD
S21401791046F82300111A3A681048521A0A213A60AA
S2140179200932B2FBF1F20133DBB20260B3FBF1F2D2
S21401793001FB12332B7000232370F8BD8129002030
S2140179407E29002000C00050E01B0020008000506F
S2140179507D290020B81B0020B41B0020B01B00208E
S21401796008B519F0FCFC124B12491A6F096822F08F
S21401797007020A431A671049D3F82021096822F042
S21401798003020A43C3F820210C49D3F824210968CD
S21401799022F007020A43C3F82421094B1B7813B1CE
S2140179A00122084B9A62BDE80840FBF777BB00BF8F
S2140179B000800050E81B0020F41B0020F01B002074
S2140179C08129002000E0005002280AD003280BD0AD
S2140179D001280CD1064A136923F00403136130BF52
S2140179E070470020FCF7E0BB0020FCF70BBC70479B
S2140179F000ED00E0054B187818B1054B186800EB50
S214017A00D000044B1B681844704700BF8129002032
S214017A10B01B0020E41B00200122014B1A707047A6
S214017A2081290020014B1878704700BF812900206A
S214017A3038B51AF0F7FC0025084B094C1A6823687C
S214017A40C31A2AB123B15169994203D3C91A5161A4
S214017A50206038BD55615B1A9268F2E7001C002071
S214017A60FC1B0020C38870B504460D463BB9FFF7E2
S214017A7069FC8542064602D21AF02FFC35460E49AD
S214017A8065610B688BB90C60A3600DE0AD1A9A684E
S214017A90184665616AB113465A69AA42F6D930B1E9
S214017AA08460521BA3605A6170BD0020F4E70C602D
S214017AB0F7E79C60A260F7E7001C002038B5134D7D
S214017AC02B685B6993B1124A022014681C441AF0B1
S214017AD0B0FC204600F0BCFA00230E492A680B7061
S214017AE0D088800709D501230B7038BD02201AF013
S214017AF0A0FC022000F0F6FAEEE79268002AF4D025
S214017B0050690344012BEBD9EFE700BF001C0020AE
S214017B10FC1B00208329002070B516469DF8142012
S214017B20C0E903360271049ABDF8183002600022DB
S214017B3004460D468260C380EEB91AF073FC2844F1
S214017B40A0619DB12E4619F0F5FB0546FFF770FFC3
S214017B5031462046FFF786FF104B1B68A34201D132
S214017B60FFF7ACFF284619F0E9FB02E0E368656120
S214017B707BB9002070BD1AF055FC3044A061002D81
S214017B80E0D1E3686561002BDDD020462168984787
S214017B90D9E7204621689847EBE700BF001C002084
S214017BA000220C490B687BB183420AD183687AB103
S214017BB0936083681BB15A6941690A445A6100207F
S214017BC070471A469B68EEE70028EFD00220704700
S214017BD00B60EEE7001C002070B519F0B2FB144EE6
S214017BE005463478FCB9134B1C60134B1C60134BD1
S214017BF01C8000F0EBF901201AF01BFC1AF034FC93
S214017C000F4B0246186020B9284619F0A0FB232026
S214017C1070BD234640F2E7310A4817F0F9FC0A4BDB
S214017C20186001233370284619F091FB0020EFE716
S214017C3084290020001C0020FC1B0020EE280020C8
S214017C40041C002018FCFFFFF81B002070B504463A
S214017C5040B319F06FFB144E0546FFF7E9FE306896
S214017C60A04209D02046FFF79BFF0446B0B1284644
S214017C7019F064FB204670BDFFF792FF044600280A
S214017C80F5D133683BB9022000F014FA284619F002
S214017C9055FB0024EEE7FFF711FFF7E73368002BEB
S214017CA0F4D1F0E72224E5E7001C002038B50C46A5
S214017CB00546A8B1A1B100230B7019F042FB0121C2
S214017CC0084B1B6833B919F042FB002038BD9D42B2
S214017CD004D121702278002AF9D0F4E79B68F1E7F5
S214017CE02220F3E7001C0020F8B506460F4619F0DF
S214017CF028FB00250446124B1B6823B9204619F0C1
S214017D0026FB1B2011E05A691544DA88B2420DD1D0
S214017D101AF088FB0B4E3368C01AA8420AD3002318
S214017D2020463B6019F013FB0020F8BDFF2EEFD074
S214017D309B68E2E71AF076FB33682B441B1AEFE7E1
S214017D40001C0020FC1B002008B5074B187848B122
S214017D501AF05AFB054B1B689B69C01A02288CBF98
S214017D600020012008BD00BF83290020001C002040
S214017D70014B1868704700BF041C0020F8B50C4B77
S214017D8005461B680E4683420FD3002440F2E730B7
S214017D902146084B4FF47A721F680023E5FB070162
S214017DA017F036FC30602046F8BD2120FCE700BF06
S214017DB0F81B0020041C0020F0B51F46002387B0E6
S214017DC00C46164605468DF8133050B30DF11301D7
S214017DD0FFF76CFF9DF813302BBB204605A9FFF774
S214017DE0CDFFE0B9114BE8831B6828465C434FF48E
S214017DF07A73B4FBF3F203FB1244191B89B299425E
S214017E0008BF0021BDF83430A983059A02939DF876
S214017E1030301146CDE900733346FFF77DFE07B0DB
S214017E20F0BD2220FBE70220F9E700BF041C00207A
S214017E30014B1868704700BFF81B00200F4B10B5A8
S214017E401A689AB14FF47A71531E1342A0FB0101CE
S214017E500ED1B2FA82F2C2F11F04531CD243E040A3
S214017E6001FA03F3184321FA02F20243104610BD49
S214017E70002317F0CDFB0246F8E700BF041C0020E4
S214017E80C2072DE9F04704460BD5474A138801334C
S214017E909BB21380FFF7CCFD444B1B680BB1FFF779
S214017EA00DFEA3077ED519F04CFA4FF000090546E2
S214017EB04E46FFF7BDFDC8463C4F3C680CB16369B2
S214017EC08BB100223A4B012E1A7003D119F0020F22
S214017ED018BF1E70002C61D0FFF7F0FD2846BDE8E4
S214017EE0F04719F034BA23465A693AB91A79217912
S214017EF0914288BF1C469B68002BF5D1284619F095
S214017F0026FA2569DDB11AF08DFAA269A0EB0209FD
S214017F104FEAE9734D4578EB030311DA23691344FD
S214017F20A361E368B4F80690013613B120462168D0
S214017F30984719F006FA0546FFF77AFDBDE7A94608
S214017F4019F0FFF982462046FFF72AFE504619F03F
S214017F50FEF92369002BE4D0A38BB5EB090533B1F9
S214017F60E28B13449BB2B3F57A7F0FD2E38319F009
S214017F70E8F9814629462046FFF774FDA369226980
S214017F8048461344A36119F0E2F9CAE7A3F57A73E8
S214017F90E383A369013D013BA361E8E7022000F00A
S214017FA089F89BE7BDE8F087EE280020001C00203A
S214017FB08229002010B519F0C4F9034B1C7819F07A
S214017FC0C6F9204610BD00BF822900201FB5002437
S214017FD01C4B012118689A880290D3F806009B7AF8
S214017FE000903E20ADF80C208DF80430FBF79AFD8A
S214017FF002A88DF808408DF80C40FCF7B3FD6946E1
S21401800001208DF80040FCF769FD4FF0B04240F2C8
S214018010FF31936923F47F7323F0030393610A4BC3
S2140180205961936A13F00803FBD113620120FCF730
S2140180306FFD4FF48052054BC3F880211A6004B0DF
S21401804010BD00BFC4C803000020005800E100E0D6
S21401805010B5044619F06EF94FF0B042936A19074D
S214018060FCD4136A116C5269520604D4CA1A032A44
S21401807001D899420ED1E21A022A98BFDC1CB4F14B
S214018080FF3F38BF013C4FF0B0431C649A6942F091
S21401809040029A6119F052F9054A13783BB14FF044
S2140180A0B041CB6B43F00203CB630023137010BDCA
S2140180B0FA0C0020820700F001030AD50121084AC4
S2140180C043F0400311704FF0B041CA6B22F0030237
S2140180D0CA634FF0B0418A6922EA03038B61704795
S2140180E0FA0C0020830742BF4022014B5A617047B9
S2140180F00010005810B519F024F94FF0B0430446AB
S2140181005B695A06074A03F0010003F0510348BFB2
S21401811040F002005361FFF7B3FE2046BDE8104071
S21401812019F015B9002000580A4B10B5D3F84032A3
S21401813003F00303013B012B0BD819F0FBF80446AF
S21401814001210220FFF784F82046BDE8104019F00F
S214018150F5B810BD00800050024A0349034806F0F6
S214018160BDBD00BFD0C80300F4C803003CC903006E
S21401817010B50A46044619B1024B00211B68984700
S21401818010BD00BF100B00200E4B0340B3F1607F03
S21401819006D1B1F5885F14BF6FF0860000207047E6
S2140181A0B3F1707F0BD101F4E043B3F5005F06D164
S2140181B011F4E06F0CBF6FF08600002070476FF07F
S2140181C0860070470000C07F8A42F8B506460C4616
S2140181D000F0DB806F4922F4FF7323F001038B422A
S2140181E00ED06D4B22F0FF01994209D06B4822F464
S2140181F07F7323F00303834202D0694B994228D14F
S214018200684B24F0FF0199420FD114F0FF000BD008
S214018210654B40F00070984240F0B98082EA040055
S214018220FF288CBF00200120F8BD5B4B9942ECD0A3
S214018230A3F588539942E8D024F4FF7323F0010391
S214018240B3F1062FE1D056488142DED053498B4226
S214018250DBD004F0FE43B3F1A06F14D102F0FE436D
S214018260B3F1A06F40F0938082EA040333F47E13E7
S21401827040F08D8014F40040D6D0C4F30540C2F31C
S21401828005429042CDE7B3F1407F6AD102F0FE434A
S214018290B3F1407F7BD182EA040535F47E1576D1B1
S2140182A031462046FFF770FF002870D13F4B12F48D
S2140182B07C1703EA02031BD0B3F1607FC2F30547C4
S2140182C03FD13B49D3B243F000738B423DD003F11B
S2140182D07E43043B0F2B01D83649CD5C14F47C1F3A
S2140182E0C4F3054333D1BD4214BF002001209BE7F0
S2140182F0B3F1607F0DD12E49D3B243F000738B42A8
S2140183001DD003F17E43043B0F2BDAD82A49CF5CFC
S214018310D7E7B3F1707FE1D106F4E043B3F5005F30
S21401832003D10127C6F302239F4006F4E043B3F5C9
S214018330005FD3D10125C6F302218D40CEE7102779
S214018340BFE7B3F1707FC9D1EFE71025C6E712F496
S2140183507C1F01D1AB4218D022047FF565AFBB422A
S2140183605FE7B3F1106F12D124F01F6020F4702084
S21401837068B902F0FE43B3F1106F7FF455AF0F48B2
S214018380104040F01060A042AEE701204CE700200C
S2140183904AE700BF000200060013000600040006BC
S2140183A00009000600030006FF0000020000C07F6F
S2140183B0030000026AC903006AC903000000FFF651
S2140183C02DE9F8431746002288461C4600F05AFA63
S2140183D0054688BBD8F80060B6F8009009F4E0437B
S2140183E0B3F5804FF36808BF27F0010737EA0303A8
S2140183F01AD10CB3254B24F0FF029A421FD114F078
S214018400FF0304D0224A43F00073934232D022463F
S21401841048463169FFF7D8FE074668B922464846FE
S2140184207169FFF7D1FE70BB6FF0840500233046FB
S214018430C8F800301AF0D8FE2846BDE8F883154B78
S2140184409A42DCD0A3F588539A42D8D024F4FF731D
S21401845023F00103B3F1062FD1D00F498A42CED0C3
S2140184600E4A9342CBD004F0FE43B3F1407F04D1D1
S2140184702304CCD56FF08605D8E7B3F1A06FF7D00B
S214018480034B9C42C2E73D46D6E700BF0003000609
S214018490FF000002001300060009000600040006A3
S2140184A038B500F0FE43B3F1407F04460D4602D0D6
S2140184B06FF0860038BDFFF767FE0028FAD114F486
S2140184C07C1F12D0C4F30543032B137022D9284A0C
S2140184D02240B2F1607F3DD1264AE4B244F00074F6
S2140184E094422BD1102BE5D9E2E7214B2340B3F17F
S2140184F0607F15D11F49E3B243F000738B4202D16E
S21401850010231370D6E703F17E43043B0F2B04D9E7
S214018510002313706FF08500CCE71749CB5CD3E7D7
S214018520B3F1707FF4D101F4E043B3F5005FEFD10E
S2140185300123C1F302218B40DBB2C5E704F17E447F
S214018540043C0F2CB4D80D4A125D9342B0D8142BBC
S214018550B0D9DFE7B2F1707FAAD105F4E042B2F5F7
S214018560005FA5D10122C5F30225AA40EDE700BFB1
S2140185700000C07F030000026AC903006AC9030045
S21401858037B50B4D0C462B787BB100230A46019379
S214018590014601AB281D19F043FC20B9019BA342FB
S2140185A018BF6FF0930003B030BD6FF08800FAE794
S2140185B0081C00202DE9F04F9B460023924601F04F
S2140185C0FE4297B0B2F1806F0E46DDE92078DDF805
S2140185D08890089305D018461AF006FE6FF08604B8
S2140185E03CE00B464FF4807208A9FFF7E9FE04460B
S2140185F018B108981AF0F8FD30E0DDF820C00DAC8F
S2140186006546CDE914000FCD0FC495E80700BCF808
S214018610003084E8070003F4E042B2F5005F20D1A1
S21401862013F4E06FC3F302211BD0384826F480729E
S21401863082420AD000F50070864206D0344886424F
S21401864003D0A0F53F4082420BD101258D40102D6D
S21401865012D960461AF0C8FD6FF08304264600253D
S21401866048E042F20402934202D12A4B9E420BD0CA
S214018670294B9E4244D10D25A84507D260461AF0E3
S214018680B3FD6FF08904E9E70C25F5E7294609A84B
S214018690FFF776FF04460028ABD10898D0E9091207
S2140186A087B307EB050C0E9CA8EB0503240A93D1B0
S2140186B00DF12408CDE90539CDE903BC3346CDE9F2
S2140186C0015ACDF800800DA8FDF796FC044614F17A
S2140186D0860F08988ED01AF087FD0646002CBDD16D
S2140186E090B925B12A464146384622F03CFDD9F8D4
S2140186F000301D443046C9F8005017B0BDE8F08F71
S2140187000025CAE7BC46CEE70446A7E70010C0042A
S21401871000FF4004000180040013C00408B500F007
S2140187205FF8064B5A7812B10022C3E90122BDE870
S21401873008400C210148FFF71BBD00BF081C0020A4
S21401874070B50C4D2B7873B919F068FB044668B9FF
S21401875002230126C5E90100AE706B7000F038F8FF
S214018760044618B92E700024204670BDFFF7D6FFC8
S214018770FAE700BF081C002000F100420332022A7B
S21401878038B504460D4609D82C21104B01FB02339F
S2140187909A68824211D06FF08B0010E001211AF026
S2140187A0D5FC78B1094B9A68944206D05A6B94422C
S2140187B006D01A6E9442EED1583300202B6038BD95
S2140187C02C33FAE76FF08700F9E700BF141C00208E
S2140187D00122024B002083F884207047141C0020DD
S2140187E070B5094C00252646042120461AF0BFFC28
S2140187F0013520461AF05DF8032D04F12C04F3D15F
S214018800002386F8843070BD141C0020F8B51B4C7C
S214018810064694F884300F464BB300252346294676
S21401882093F820001A46B8B125B91A7912B1022870
S21401883008BF1D460131032903F12C03F0D115B9F8
S2140188406FF08C0015E0042128461AF090FC68B9F8
S21401885028461AF02EF82A460020094B141BA410AD
S2140188605C4304F10044033C34603A60F8BD6FF0A9
S214018870880000233B603360F8E700BF141C00202B
S214018880A38B2EBA2DE9FF4100230B60394B80469E
S21401889093F884300D461646002B68D0FFF76CFF20
S2140188A00446A0B92EB9286804B0BDE8F0411AF014
S2140188B088BC012E04D00024204604B0BDE8F08117
S2140188C00521286804B0BDE8F0411AF050BC10F14B
S2140188D08C0FF1D1294601A8FFF798FF044600281E
S2140188E0EAD101232F68CDE90200C7F8088038468F
S2140188F07B6003AA02A91AF022FD044688B1DDE9CD
S21401890002011AF01AFD2D68042128461AF02FFCE0
S214018910284619F0CEFF14F18C0F08BF6FF08704BC
S214018920CAE7DDE90212384619F04EFF0446DDE9D2
S21401893002011AF002FD002CE5D1022138461AF098
S21401894016FC04460028DED12868C368D90444BF53
S21401895043F48063C360C3689A0444BF43F400636E
S214018960C360002EA0D0012EA5D10521AAE76FF085
S2140189708804A1E7141C002030B40D4D2C681C603F
S2140189806C685C6000249C605468DC6014881C82FF
S21401899054885C82D4685C6114699C61526930BCFD
S2140189A0DA6119620A46014603F1240022F0DBBBB4
S2140189B07AC903002DE9F843232904460F46914658
S2140189C09846089E04D86FF098052846BDE8F883B7
S2140189D00822194922F092FB05460028F3D1A36824
S2140189E0002BF0D1216A243F8F42C8F80010EAD349
S2140189F0B1F5005FE7D271B9C9F80000E3687360AA
S214018A00238A3380638A73806369F360A369336161
S214018A10E3697361D9E7012019F05FFDC9F8000029
S214018A2030B1D8F8002004F1240122F09CFBE5E7E0
S214018A306FF08C05C9E700BF7AC90300F7B5054694
S214018A406B461646164A0C461068516803C395F8DD
S214018A502A3008336B4413F8087CAB8DDA0609D448
S214018A6033462246394628461AF0F3FC00F5FA70DA
S214018A7003B0F0BD204622F023FFAB8D00F10A04BF
S214018A809B074FEAC40405D0304622F019FF04F5CF
S214018A900C740444E823781E584304FB0700E5E7FA
S214018AA082C903009022174B10B51C68002102FBF7
S214018AB00044204622F04CFB134B04F108001B68CF
S214018AC00021DB7863761BF075FD4FF40063E384C9
S214018AD02385072384F82A301323FF22A385236ADC
S214018AE084F8242043F01303236284F85420074BB0
S214018AF0074A2046C4E91C32C4E92032BDE81040CA
S214018B001AF0D2BC9C1C0020701E0020D6BE898E96
S214018B1055555500F0B5104B02461E6893F804C033
S214018B2035464FF0FF3400239C4508DC91B1631CA9
S214018B3010D0902303FB046080F82420F0BD95F844
S214018B40247028469742F9D0FF2F08BF1C4690355F
S214018B500133E9E70020F1E79C1C002070B50446CC
S214018B60234D002842D0083001F02EFD0026FF23B9
S214018B7004F1400084F82430E66122F01CFE04F182
S214018B80440022F018FE04F1480022F014FE04F11D
S214018B904C0022F010FE04F1500022F00CFE286872
S214018BA0144B201A00115843C0B21AF049FC014672
S214018BB030461AF040FCE06E10B100F037FEE66673
S214018BC0606E18B11AF04FFC00236366A06E1AF0AF
S214018BD046FC0023A36670BD286806FB0400FFF769
S214018BE0BDFF01342B79A342F6DCF4E79026F9E7C2
S214018BF09C1C0020398EE338F7B504461DF06BF94E
S214018C00C0F30F23542B3ED9AA2B34BF01230223D2
S214018C10C0B27E288CBF0222012203218DF80430C7
S214018C201344B3FBF1F000EB40001B1A8DF805303E
S214018C301344B3FBF1F202EB42029B1A8DF80630A5
S214018C40002318461D461A46104901AF4B7517F802
S214018C50016B44FA06FC1CF0010F06D053009E403F
S214018C60012330430132C0B2D2B20135EDB2032D39
S214018C70EDD103B148754B7D43EA82134B75FF2353
S214018C800B7503B0F0BD0023C2E700BF9C1C00209B
S214018C90064B1B68D97ADA78437E5B1A9342A8BFE3
S214018CA0DAB2002142761AF03BBC00BF701E0020EB
S214018CB0B0F862302BB9836813F4601F08BFA0F8C0
S214018CC0623011B1012911D070474369417E23F00A
S214018CD010034361064B1A68D37A92780B44934289
S214018CE0D8BFDAB2012142761AF01ABCFFF7D0BF1C
S214018CF0701E00202DE9F0410025344E8AB03379EC
S214018D00AB4203DC01200AB0BDE8F0819023346851
S214018D1003FB054494F82430FF2B0DD0236A9801F9
S214018D2006D504F15008404622F0C2FD074628B990
S214018D30226A12F0A06F1ED10135E0E7BB7908A9BF
S214018D400C333B44D8689A7A1B8AC2F38012ADF87A
S214018D50243000238DF81F2008901A460DF11F00BD
S214018D601AF088FB38469DF81F2094F8241008ABAB
S214018D701BF0B1FCD7E7A38D1D2B18D13C23FF2197
S214018D800020CDE90431CDE902000121CDE9000042
S214018D9004F12E03C2F380221BF078FF0028B2D024
S214018DA04FF0A06104F120001AF023FBC4E712F093
S214018DB0807F08BF3C214FF0000218BF432194F882
S214018DC0393094F824001BF007FEE7E79C1C0020CE
S214018DD02DE9F0411F46C36904460D4616468BB180
S214018DE069B918F0AEFA06462946A06E1AF033FBAA
S214018DF0204629461AF07DFB304618F0A8FA0020D6
S214018E00BDE8F0810029FAD0036A03F01203022BB1
S214018E1000F0BA80236ADD0700F1BE8094F82430A2
S214018E20FE2B0CD104F1550001F0F2FE01F0E8FE34
S214018E3028B14FF4800104F120001AF0D2FA256A15
S214018E40614B2B40B3F5807F00F0B980A8052FD584
S214018E50C5F3802504F12E080022414628461AF063
S214018E600FFB002184F854001AF01BFB4146002238
S214018E7028461AF00AFBA18D20B194F95400002867
S214018E8080F296804FF4007104F120001AF0B1FAD6
S214018E90A28D02F00302012A0AD1414628461AF0A1
S214018EA0F4FA28B14FF4006104F120001AF099FA9F
S214018EB0236AD90600F18180D4E910122046FFF713
S214018EC0BDFD012F0ED040F27123E28C5A43904231
S214018ED008D9228D5A43904273D800F51C70B0FB16
S214018EE0F3F0E084394BE361002384F83930236AD8
S214018EF0E168B4F8625023F4803284F83870226254
S214018F0021613DB913F0100F0CBFC8253C2525760D
S214018F1005F2B3154EB140F27121238D42F4803231
S214018F20C3EB06134B432262E363236A43F4002335
S214018F302362274B1B68DB78637618F002FA6369B5
S214018F40074643F0100304F10800294663611BF04D
S214018F5031FB012003F0AEFB28B963691A075CBF39
S214018F6043F00403636126B11CF0F1FFE36B034495
S214018F70E363204603F0A8FB384618F0E8F9012120
S214018F80A06E1AF068FA3AE7406C22F099FC0028C5
S214018F907FF440AF0C2033E7E36E002B7FF43EAF47
S214018FA000F0EEFBE06600287FF438AF092027E7E3
S214018FB001F001011AF075FA6AE7064B93E71220F1
S214018FC01EE745201CE700BF000140001B340300DC
S214018FD0701E00200D91010070B500249026094DE9
S214018FE02B79A34200DC70BD286806FB040090F8CC
S214018FF02430FF2B04D000231A461946FFF7E8FE5B
S2140190000134EDE79C1C00202DE9F04F91F806B0E5
S2140190108DB00BF10C0B04460E46012201EB0B053D
S2140190200DF127000AA91AF036FA824668B19DF8B2
S21401903027100AAF384600F041FC60B1304617F001
S214019040A1FD00200DB0BDE8F08FA97A05F10C074F
S214019050C1F38011EEE7E36EE06695F8079007939B
S214019060236A4846298956F80BB003F0100804F025
S2140190708DFD8344B8F1000F39D1A9F10303012B0B
S21401908094BF0323022340F271225B0002FB03B26A
S2140190901D4B1B685B79637605F11803BAF1000F67
S2140190A027D09DF8271094F824E0B8F1000F24D0BB
S2140190B04FF0010CA87AC0F3401095F90550CDE9A0
S2140190C002E0CDE90071CDE904C50121079800F061
S2140190D06BFCB8F1000F05D01CF0E0FE0121204624
S2140190E01AF007FA304617F04DFD0120AAE70123D2
S2140190F0C9E7A97AC1F38011D5E794F88FC001209A
S2140191000CF00F0CD9E700BF701E0020012810B527
S2140191100C461CD0022822D030BB08461AF01DFC93
S21401912040F27121E38C228D94F82A00D21AE3686A
S21401913003F59C53083301FB02332361FFF75CFD03
S2140191400A4B2046BDE81040996803F011BD03F0B4
S2140191501FFC844208D1BDE810401CF09FBE0846A3
S214019160BDE81040FFF794BD10BD00BF9C1C002059
S21401917038B50A4D0020FFF7F1FCAB6813B10022A9
S2140191801A60DA801BF029FB00242B79A34200DC4D
S21401919038BD2046FFF786FC0134F6E79C1C00200C
S2140191A070B52A4C0546A06818B117F0EBFC0023F1
S2140191B0A360FFF7DDFF00201AF046F955B903203A
S2140191C025712560E58217F029FC20791AF03CF913
S2140191D028B970BD022022F0B2FCA06048B9002573
S2140191E0A0682571256060BB00201AF02DF90720C4
S2140191F0EFE70026032025712660E68217F00EFCB5
S214019200B542E2DD05EBC501090133460122032023
S21401921089B217F0B5FB06460028E0D1032017F007
S2140192202DFC20600028DAD0902231466A4321F0D6
S2140192308FFF2379B342C8DD3046FFF733FC013692
S214019240F7E717F09FFCA560CEE700BF9C1C002047
S21401925030B5174B826A1B681206597926D5028FDC
S2140192601C79436B1203B2FBF3F2631AB2FBF3F2FF
S214019270B0F89C3003B1013BD0F8A05005B15B10AB
S2140192801B02B3FBF2F35B180CD090F895200F2A63
S21401929008D91209B3EB820FB8BF00234FEA820147
S2140192A0A8BF5B1A9C42A8BF1C46E1B2417630BDFE
S2140192B0701E0020084B9A7E82420AD94FF4A4728F
S2140192C01B6802FB0030836A13F0100F08BF0020F2
S2140192D070470020704700BFB41C0020084A0949A7
S2140192E01368C31AD810002B01FB00F005DB937E30
S2140192F08342D8BF4FF0FF3070474FF0FF307047C2
S214019300B41C0020199C8FC170B504460E4618F097
S21401931018F83146054604F130001AF062FB204683
S214019320FFF7DCFF0121814005481AF05AFB4FF494
S214019330807005F0BFFE2846BDE8704018F007B8FB
S214019340D81C0020F329F8B504460D46724E25D1E7
S214019350338D63B9A36813F4601F00F0BA80238FBE
S214019360626B1B01B3FBF2F3F32D9FB22DD12046A6
S2140193701AF0D8FBB4F89C70002F40F0B380A36AB3
S21401938013F0800F0CBF3E23082384F87730204665
S214019390FFF75EFFF32D36D1012057E073695906BA
S2140193A040F18F80836A1A0740F18B80336900F1A0
S2140193B0400143601BF045FE338D002BCAD0238F3E
S2140193C0626B1B01B3FBF2F39FB2618FB4F89C2072
S2140193D09BB25B1A9A427EDC736994F836019B074E
S2140193E04CBF002102211CF029FE40F202237269C3
S2140193F09343BCD12046A4F89C701AF094FB2046F7
S214019400FFF726FF0127A36A1807C5D5628F002A32
S214019410C2D013F4C05FBFD1726912F00C0FBBD17A
S21401942040F202239343B7D1D4F8A430002BB3D132
S2140194302046A18F1BF0B4FF002855DD638F013352
S214019440984251DC0128A7D0013880B2236BA4F8DA
S2140194507C00590409D54FF4804104F130001AF01C
S214019460C8FA00212046FFF74FFFB4F87C20A38FEF
S21401947094F870101344A387B4F89C309B1AA4F890
S2140194809C3094F86F3002FB01332522B3FBF2F1D6
S21401949002FB113384F86F304FBBA36A1A0702D45C
S2140194A01E4B1B689847204608211BF033FE2046BA
S2140194B00221FFF729FF2046BDE8F840012103F00D
S2140194C051B9318D238F626B00293FF443AF1B01E5
S2140194D078E7338543E7737F002B86D0032194F822
S2140194E0360180E7012752E7608F0130ADE720465D
S2140194F019F09AFF2046A18F1BF0DCFDA36A0546F2
S2140195001B0702D4054B1B689847002DCBD020467D
S214019510BDE8F8401AF089BBB41C0020E81C002006
S2140195200022074B10B55A77202204465A611AF0DA
S214019530A4FA84F8360120461AF0DBFB10BD00BF02
S214019540B41C0020012810B50C462AD0022830D0C1
S21401955000283DD191F8953060F3071381F89530D6
S2140195600846FFF7DDFFA36A20461B0716D503F062
S21401957093FD042001F0E2FB50B3164A937F3BB300
S214019580D37F0133DBB2D37792F821209A421FD8DA
S214019590BDE810404FF0806005F08CBD03F050FF31
S2140195A0E7E703F0F5F9844212D1BDE8104003F075
S2140195B067BD91F895302046C3F30312013262F37A
S2140195C0071381F89530BDE81040F321FFF7BABEC6
S2140195D010BD00BFB41C002010B501F00FFCFB222B
S2140195E0114B10F0020F1A770CBF0122032241071C
S2140195F0197E48BF42F0040262F3030119761A7E0F
S214019600C2F3030161F307121A764FF44171002287
S2140196101984DA76DA835A621A611A85034BBDE831
S21401962010401B68184700BFB41C0020E01C002037
S2140196302DE9F8434B4C0546A06818B117F0A2FA7D
S2140196400023A360022017F0E9F95FFA85F80020ED
S21401965019F0F8FE40461AF02CFA0646002868D1A2
S21401966040461AF031FA0746002862D1002D75D01F
S21401967005EB850105EBC101C90033460122022035
S21401968089B217F07DF9002850D14FF4A479022051
S21401969084F81A8017F0F2F909FB05F731463A46C5
S2140196A0206021F055FD32462368681E03EB090150
S2140196B0824233DB002DA7F5A4724FF00001D8BF1C
S2140196C0002299502846636019F0BCFE88BB4046CC
S2140196D01AF0E1F968BB40461AF0E3F9074640BBC9
S2140196E0002D16DD022022F02AFA0223A060C371A3
S2140196F083793946C3F102020C33D2B2184421F001
S21401970027FD0121A3689A7913441A7B61F30102AC
S2140197101A73FFF761FF3046BDE8F88309FB02FCC8
S214019720013243F80C1001F5A471C1E7C4E90077D2
S214019730A776002500201AF0BCF900201AF0C4F91B
S2140197402846C4E90055A5761AF0A5F9284619F069
S21401975079FE022017F062F90726DCE72B46A5768C
S2140197602560AFE7B41C0020014B987E704700BF10
S214019770B41C0020014BD87E704700BFB41C0020EB
S214019780F8B5284D17F0DDFD6C681CB917F0DFFD44
S2140197902046F8BD4FF4A476012723686B60EB7E64
S2140197A00133EB7617F0D3FD32460021204621F037
S2140197B0CFFC04F12800402167611AF012F92B8BC7
S2140197C00722A4F8443194F83731002167F30303E4
S2140197D084F837314FF6FF73A4F87A302B7FA4F85C
S2140197E0866084F8423144F29023A4F8403194F81C
S2140197F0853004F1080062F3030384F885300A4BD0
S214019800C4F8883003F1CE5303F59813C4F88C30AE
S21401981041F61B33A4F890301B2384F892301AF0DB
S214019820C9FEB5E7B41C002048014801F8B5044656
S21401983000261BF01EFE04F1A40021F0BCFF04F17B
S214019840A80021F0B8FF04F1AC0021F0B4FF04F148
S214019850080000F0B9FE04F1A00021F0ACFF154BA2
S21401986020461B6898472046C4E90A66FFF736FD7E
S214019870C5B2284619F0E0FD0746284619F0DEFD78
S2140198800146384619F0D7FD17F05BFD05464FF443
S214019890A4723146204621F05BFC074B28465A68E5
S2140198A02260DA7E5C60013ADA76BDE8F84017F0AD
S2140198B04EBD00BFE41C0020B41C00202DE9F04181
S2140198C006464FF480400F4601F038FA044630B998
S2140198D00E4B1D6893F81A807135A04502D80020FA
S2140198E0BDE8F08155F8493CDA0609D5C3F3800393
S2140198F0BB4205D106222946304621F0FFFB18B1AE
S214019900013405F5A475E8E70B20E9E7B41C00204F
S21401991008B5B0F894305A1C62F30B03A0F89430E3
S214019920042001F00BFA70B1074A937F0133DBB2D2
S214019930937792F820209A4205D8BDE808404FF068
S214019940806005F0B7BB08BDB41C002038B58B7924
S21401995005460B449B7D0C4603F00303032B09D1FC
S21401996001212C301AF03DF84FF4006105F1280072
S2140199701AF037F821460548A56022F003F8BDE83D
S21401998038404FF0005005F095BB00BFC01C0020CA
S214019990014B1877704700BFB41C0020014B187F9D
S2140199A0704700BFB41C00202DE9F74F1D46164630
S2140199B02A4604469DF838309DF83C8080F89B3056
S2140199C052F8103B0F46C0F8283100F14401B8F1B7
S2140199D0000018BF0120DDF830A09DF840909DF8EA
S2140199E034B005F081F820461BF08DFB20461AF0B6
S2140199F06DF81CF029FB4946024620461AF060F82D
S214019A00C82320460DF10601ADF806301AF04BF8D2
S214019A1047F6FF73A4F83031AB88A4F82C31AB7944
S214019A2084F82E31DAF80030C4F87130BAF8043010
S214019A3004F1280AA4F87530BBF1000F03D0042105
S214019A40504619F0CEFFB8F1000F04D04FF4005184
S214019A50504619F0C6FF4FF4607001F06FF9C0F37D
S214019A60C018C3054FEA881848BF48F0800881052A
S214019A7048BF48F4807817F064FC83464FF482614F
S214019A80504619F0AEFF414604F12C0019F0A9FF2B
S214019A90584617F05CFCBB1E012B7AD84FF4002108
S214019AA0504619F09EFF01212046FFF72DFC0421A8
S214019AB020461BF02FFB6B7D2046C3F3040384F87E
S214019AC070306A8907F0FD0752006263697B2A7B62
S214019AD042EA01226287E97BAA7B42EA01222287C7
S214019AE06A7D84F86F30C2F3421284F83E20002269
S214019AF00523A2870122A4F89C30A4F87C209DF9B6
S214019B00441019F0E8FF01F073F920F40060C4E98D
S214019B1008012046FFF79CFB3A4A3B4BB2F82880E7
S214019B20B8F1000F68D1002F38D140F2C71866602F
S214019B30E3612046166119F065FFB9F1010FE06097
S214019B400AD094F83731204669F3030384F8373195
S214019B5009F00F011AF045F904F1080041461AF020
S214019B6029FD012002F0A6FD28B963691A075CBF2A
S214019B7043F00403636140F271216B892046013B87
S214019B80594319F05EFF204602F09EFD03B0BDE882
S214019B90F08F012F87D140F2014185E74FF4D77846
S214019BA0E36140F271272B8940F608015B0007FB51
S214019BB003665046666004F1400619F012FF31460E
S214019BC020461BF03EFA2B89314601335B002046C6
S214019BD07B4304F1340201F01FF9EB7931465B0057
S214019BE0012220467B431BF032FA236C20469E0856
S214019BF019F008FF3044A0E76660E361002FD0D17A
S214019C0097E700BFB41C00204595010070B51D46BE
S214019C10C36A04461B07164613D408212C3025F4C4
S214019C20105519F0DEFE25F01005064B2D043340C5
S214019C302D0C2046C4E90835BDE870404021FFF7E9
S214019C4063BB70BD2FCF87F72DE9F04F85B0044673
S214019C500191084689B34B799A071FD421F030FE4B
S214019C60019D70B96B79DB0705D54FF4803104F19E
S214019C70280019F0B6FE01A821F09DFD05B0BDE84B
S214019C80F08FA36ADF0309D54FF4803104F1280071
S214019C9019F0AFFE6B7943F001036B71019E17F06B
S214019CA050FB737931469E0705461ED504F1AC007C
S214019CB021F077FE284617F04AFBDFF8909117F05F
S214019CC040FBA36A0746DD0514D5D4F8AC3043B192
S214019CD09A7913441B7B392B03D829FA03F3D80747
S214019CE011D4384617F033FBC8E704F1A80021F079
S214019CF049FEDFE794F94631022BF2DCD4E92A2348
S214019D0072B9002BEDD004F1AC0021F072FD0546CE
S214019D10384617F01CFB294620461AF010FACEE703
S214019D20002BF0D194F89280039304F1A80BD4F899
S214019D30A86096F807A0B379AAEB030A5FFA8AFA35
S214019D40C24527DC584621F0B3FD0546A8EB0A08B4
S214019D506B7929466FF3C3036B7103A821F012FEDA
S214019D60D4F8A8302BB15B79990702D1B8F1000F6E
S214019D70DDD1039B002BB4D09B79022B40D8002069
S214019D8021F0DDFE014670BB039904F1A80021F025
S214019D9008FEA6E7002021F0D2FE054630B9039959
S214019DA004F1A80021F0FDFD03959AE78079B179C9
S214019DB00C300C3142463144284421F0D4F9EB7979
S214019DC053FA88F3EB71B379727953FA88F3B37166
S214019DD06B794FF0000862F300036B7173796FF3D0
S214019DE000037371B4E7039B4A79587960F3000264
S214019DF04A715A7903A86FF300025A7121F0CCFD1B
S214019E00E36A9A0512D50398034600680028FBD139
S214019E10DB79C3F14503DBB2032B07D821F08FFEB4
S214019E2001460028B0D003A821F0ACFDD4F8A83034
S214019E3013B15B79DB0704D5039A537943F0080322
S214019E405371384617F083FA039965E77C2C0200B4
S214019E5070B5036B0446DA0786B033D5866A3307D6
S214019E6023D516F4002F14BF032501252046FFF73E
S214019E7035FA94F89B30294605930023049394F809
S214019E803E30C6F380020393238F80B20293638F22
S214019E900193636BC3F34F03009304F171031AF04C
S214019EA0F5FE30B9002006B070BDB50C05F0020510
S214019EB0DCE7012104F1300019F09BFD4FF400515D
S214019EC019F08FFD236B980410D52046FFF706FA8C
S214019ED0A16AC0B2C1F340311AF016FC0028E1D0E5
S214019EE04FF4005104F1300019F083FD236BD904BF
S214019EF009D500212046FFF7A7FE4FF4805104F153
S214019F00300019F076FD236B5A0512D52046FFF76F
S214019F10E5F9002394F89B50C2B2194628461AF078
S214019F205BFD0028BED04FF4806104F1300019F0CB
S214019F3060FD236B5B0711D52046FFF7CFF9616BF8
S214019F40238F628FC1F34F0180B21AF07FFE002883
S214019F50A8D0042104F1300019F04BFD236B1E0735
S214019F6009D520461BF062FC00289BD0082104F18D
S214019F70300019F03EFD236BDD0618D52046FFF7AD
S214019F80ADF9E16A80B211F4805100F0C58000217C
S214019F901AF0F1FE002885D04FF4805104F12C0010
S214019FA019F027FD102104F1300019F022FD236B72
S214019FB0580615D52046FFF791F994F8773080B208
S214019FC00093D4E908231AF0B9FE00283FF46AAFDB
S214019FD00023402184F8773004F1300019F009FDA0
S214019FE0236B190516D52046FFF778F90023009351
S214019FF0B4F89830B4F8962094F89A1080B21AF013
S21401A00036FB00283FF44EAF4FF4006104F13000F8
S21401A01019F0EFFC236B13F4804532D19A0516D55F
S21401A0202046FFF75BF994F8371194F8772001F092
S21401A0300F0180B200F042FD00283FF433AF4FF429
S21401A040007184F8775004F1300019F0D2FC236BCC
S21401A0501B0616D52046FFF741F9B4F88C3080B2BE
S21401A060009394F89130B4F88A2094F890101AF07E
S21401A070B4FE00283FF416AF802104F1300019F039
S21401A080B8FC236B9E0612D52046FFF727F994F8F5
S21401A090771080B21AF086FE00283FF403AF002343
S21401A0A0202184F8773004F1300019F0A2FC236BEC
S21401A0B0DD0508D504F130004FF4807119F099FCE4
S21401A0C020461BF0F0F9236B180408D504F1300084
S21401A0D04FF4004119F08DFC204619F07EFE236BEB
S21401A0E0D90308D504F130004FF4803119F081FC12
S21401A0F0204619F0E0FC236B9A0308D504F13000E2
S21401A1004FF4003119F075FC204619F0E2FC236B80
S21401A1109B0704D40120C6E61AF044FE3AE7002263
S21401A1202046114619F0D3FC204619F0D2FC2046F1
S21401A130FFF7D4F894F8771080B21AF0E9FE0028F9
S21401A1403FF4B0AE022104F1300019F052FC204673
S21401A150FFF76CFB014B1B689847DBE7E01C002010
S21401A160F8B50023124A02F1240151E8004F41E8F4
S21401A1700035002DF7D1012734B9BDB10D48294668
S21401A18019F02FFC2046F8BD94FAA4F0B0FA80F03E
S21401A19007FA00F624EA0604FFF78CF80028EBD04D
S21401A1A0FFF756FE0028E7D13543E5E70120EAE749
S21401A1B0B41C0020D81C00202DE9F74F044601905E
S21401A1C0002860D0C5794FF000080C35054417F01B
S21401A1D0B8F8464600904FF4A47A40462B4FBA7E14
S21401A1E05FFA88F94A4517D90AFB09FB3A685A44C7
S21401A1F0916ACB0644D5B2F89420C2F30B02002A2A
S21401A2003ED0E279C2F14502D2B2032A15D8022025
S21401A21021F095FC044640B900230098FB8317F013
S21401A22096F8304603B0BDE8F08F014601A821F04C
S21401A230A9FB0020E5790C352544042201230021E1
S21401A24012FB003305F82090E9543B6802FB005CE2
S21401A2505B44B3F8943001368CF80230032312FBCA
S21401A2600032A9543B6801305B44B3F89420C0B275
S21401A27061F30B02A3F89420E379F6B20433E37199
S21401A28008F10108ABE70646CBE700BFB41C002087
S21401A290F7B5684604F01CFC00254FF4A477124E6F
S21401A2A0B37EAB4201DC03B0F0BD346807FB054466
S21401A2B0A36A03F01803102B13D10522694604F193
S21401A2C0450020F01BFF60B1012120461BF00CF970
S21401A2D038B9012021F033FC014610B1204601F0C7
S21401A2E06BF90135DCE700BFB41C00202DE9F74F00
S21401A2F017F027F8424BDA6800920022DA6017F06E
S21401A30026F8009B13B903B0BDE8F08F684621F02C
S21401A31070FA8279876802F10C04044401460190C0
S21401A320A07A0A3210F0200F14BF03200220024444
S21401A3308A71FA6A52050FD5E07AA27A42EA0022B9
S21401A34038461AF0EAF838B901A821F034FA3D2166
S21401A350384619F0D4FFD4E7BA6A94F80AB012F472
S21401A360007201990BF0030013D003288A79EBD110
S21401A3700A44127B392AE7D8224B23FA02F2D30782
S21401A380E2D54A79384642F002024A7100F01CFED4
S21401A390B7E70328F5D048790BF0030B62F34100C9
S21401A3A04871084694F8069094F905A021F088FAB9
S21401A3B0019D0646AC793846063CE4B2AC71FEF720
S21401A3C08DFF0C34C0F3032305EB040843EA0B139B
S21401A3D088F803302B46F6B288F80200A8F8046025
S21401A3E005F804A088F801905A796FF341025A7172
S21401A3F01B68002BF8D128461AF09DF981E700BFAB
S21401A400B41C00207C2C0200002370B50D46D168D8
S21401A4108AB009BA0291C178C66861F307038178E8
S21401A42036BA61F30F23417806AC61F3174391689E
S21401A430069609BA0391816809BA079151681268AC
S21401A44009BA12BA049105920178426861F31F6352
S21401A45012BACDE9082323468022012002A90094DE
S21401A46017F0FAFB0028F6D1DDE90810DDE906321F
S21401A47000BA09BA12BA1BBA28606960AA60EB6012
S21401A4800AB070BDF8B504460026084F0CB9074857
S21401A490F8BDA179E579B8196D1AEDB20C312144F0
S21401A4A02A4620F060FE2E442468EFE7F01C0020C8
S21401A4B0F8B504460026084F04B9F8BDA079E57939
S21401A4C0B9192D1AEDB20C3020442A4620F04BFE65
S21401A4D02E442468F0E700BFF01C0020104B1A78C9
S21401A4E042F0F0021A701A7C42F0F0021A7493F8E5
S21401A4F0202042F0F00283F8202093F8302042F02A
S21401A500F00283F8302093F8402042F0F00283F8FE
S21401A510402093F8502042F0F00283F85020704714
S21401A520001E00200368054A23F07F6323F40023FE
S21401A53002EAC14213430360704700BF0000F80FF0
S21401A540F8B54488054604F00704072C1C4E28D1AC
S21401A55016F0F7FE00221101735C06EB02171B09C9
S21401A5600F2B0AD00132062AF5D1164A1388013379
S21401A570138016F0ECFE1920F8BD2B6894B27B8090
S21401A5801123735416F0E3FE1BF0E1FC06EB0413F3
S21401A590D8602B68002023F4E02343EA04432B60B1
S21401A5A0EAE72301F15CC1F30312013202F00F0264
S21401A5B0052A28BF002262F30711F154E4E700BF21
S21401A5C0001E0020F028002038B54488054604F017
S21401A5D00704072C0FD016F0B4FE074A2401135DBA
S21401A5E043F0F00313552B6843F4E0232B60BDE8DA
S21401A5F0384016F0ACBE38BD001E00202DE9F047ED
S21401A6004588074605F00705072D894637D01D4CB6
S21401A6104FEA051814F808601BF099FC04EB051ABC
S21401A620DAF80C30360906EBC506C01A04EB460606
S21401A630708014F8083003F00F02042A9EBF01321E
S21401A64062F3030304F80830B9F1030F14D114F8C8
S21401A650081004EB0514A01C01F00F011BF024FBED
S21401A660044616F06EFE3A68074B134023433B60E0
S21401A670BDE8F04716F06BBE4FF6FF74F1E7BDE894
S21401A680F08700BF001E00200000FF7F064A08B5C5
S21401A6909268824207D0427922F0030242F0030216
S21401A6A0427104F06FFD08BD601E002010B5064C17
S21401A6B0204621F080F8201D21F07DF804F10800E5
S21401A6C0BDE8104021F077B8601E002010B50220CA
S21401A6D021F035FA034C6060022021F030FAA060C8
S21401A6E010BD00BF601E002008B5FFF7DFFF002287
S21401A6F0024BDA60BDE80840FFF7E8BF601E0020A5
S21401A700014B5868704700BF601E0020014B9868D7
S21401A710704700BF601E002038B50C4CE3681BB1C3
S21401A720E36898470023E36023686BB1074821F08C
S21401A73060F8054640B123681BB14FF0004004F0B5
S21401A740B9FC28461AF0FDFB38BD00BF601E00208C
S21401A75010B5084CE0604FF0004004F0ABFC00BFC1
S21401A76000BF00BF00BFE3681BB1E3689847002342
S21401A770E36010BD601E002038B5837904460344AB
S21401A7805B7B13F0300F437923F0030308BF43F0DC
S21401A7900103437116F0D5FD05462146054821F013
S21401A7A0F1F84FF0004004F085FC2846BDE838403B
S21401A7B016F0CDBD601E0020F7B5144F7C68A37956
S21401A7C00C331C4400F01AFB6679E6B116F002055C
S21401A7D019D136EA000016D1E378B4F80920B4F8A6
S21401A7E00710A07901962479009401F031FB002826
S21401A7F008BF0C252A4642F24101B86803B0BDE8FD
S21401A800F04019F02CBF1125F4E700BF601E0020B0
S21401A81010B50D4C626893790C331A441179D078CF
S21401A820003918BF01210038B2F8073018BF0120DF
S21401A830B2F8052001F06AFC42F242010246A06825
S21401A840BDE8104019F00BBF601E002010B5084C83
S21401A8506068837918440F3000F09EF90023A068E1
S21401A8601A46BDE810404FF6284119F0B6BE00BFA3
S21401A870601E0020242816D80F2805D802280CD8D8
S21401A880B0FA80F040097047084B103880B2C340D8
S21401A89003F0010383F0010070470538012894BFD7
S21401A8A00020012070470120704700BF2D201100B5
S21401A8B02DE9F04F95B0FFF723FF42F23603867974
S21401A8C005460C3630F80680841998450ED1FFF7F8
S21401A8D017FF022120F046FF7F22A3780233A370E0
S21401A8E0AA55002320222377627063770121E0783E
S21401A8F0FEF710F900230646002800F0D780CDE9C0
S21401A9001233237AE2888DF84A30E37AADF848208C
S21401A9108DF84E30A388B4F8092013F01000ADF876
S21401A9204C2003F0050306D093B1E37D012B51D0F3
S21401A9300025122614E07BB3E37D657E012B37D11B
S21401A9406B1EDBB2022B09D800F058FA012338E05F
S21401A9504FF48043DDE91212914220D900251126D9
S21401A960FFF7D4FE012332464146ACB219F035FE5C
S21401A970002DCCBF0534053C24B2002E40F0998052
S21401A9800A2394FBF3F4E4B2FFF7C0FEC37918443C
S21401A990C47215B0BDE8F08F4FF6FF73DAE71F29D2
S21401A9A0DCD99A42DAD8E37D657E0028BED1C5E7B8
S21401A9B0032BD3D16B1EDBB2022BCFD800F01EFACD
S21401A9C004230342CAD0032D08BF04252840C0B281
S21401A9D00028C3D0E07818F03AFD20B1A088FFF730
S21401A9E049FF0028A4D0344A237F1278002A54D085
S21401A9F0042B9DD8637F042B9AD8A388DB0653D4F7
S21401AA001BF022FB0121C822084003F0DBFE94F96B
S21401AA101630B4F804E003EB8303B0EB430F4FEAC0
S21401AA204302637B677E0F93A37BE188109304F157
S21401AA300F031193637F94F80C9094F815A094F883
S21401AA4018B00546E07DC8BF15B2B4F809200C93CE
S21401AA50237F03280B93E37E08BF0420032F08BF40
S21401AA600427003B18BF01230A93A37E1FFA85FC27
S21401AA70CDE90873119BCDE9060B0293109BCDE936
S21401AA8004ACCDF80C9001930F9B304600935FFA0F
S21401AA908EF318F098FD064662E7002B7FF45EAF52
S21401AAA0637F002BA9D059E70020ABE705460726B0
S21401AAB056E7002468E700BF85290020F8B5074659
S21401AAC001200D46164621F03AF80446C0B106228A
S21401AAD00C2119F095FD691EC9B2032988BF002211
S21401AAE0A37998BF074A03F10C0398BF525C23442D
S21401AAF020469F80DE70DA719A71FFF7C7FD01204C
S21401AB00F8BD00BF8AC90300F8B5FFF7F9FD8379E0
S21401AB101844B0F80F60B0B2FEF7CCFB0446C0B1E3
S21401AB2019F0C7FA0138C0B2032814D800270B4B16
S21401AB301C5CFFF7EBFD054604233A4642F2300162
S21401AB4019F04BFDAB790C33E818C68004724472D9
S21401AB50F8BD0227EDE700242746EAE78AC9030085
S21401AB600B4610B50649074C0622002808BF2146A9
S21401AB70184620F0C3FAB0FA80F0400910BD00BFB5
S21401AB80872900208D290020024B1A6802609B88C5
S21401AB90838070478D29002013B50D4C28B10368BA
S21401ABA023608388A38002B010BDFAF711F8CDE9BF
S21401ABB000019DF80230BDF80020A370BDF80530F5
S21401ABC02280A4F803309DF807306371EBE700BFDD
S21401ABD08D29002010B5044616F0B3FB2268064BFB
S21401ABE01A60A2889A80054A137843F0010313700D
S21401ABF016F0ADFB012010BD872900208629002014
S21401AC00024B1878003818BF0120704786290020AB
S21401AC10024B1A6802609B88838070478729002050
S21401AC20024B186908B104F045BA7047480F002076
S21401AC30002310B53C4A02F1100151E8001F02F151
S21401AC40100C4CE80034002CF5D140EA0104A102B6
S21401AC5001D501F0A3FD220101D503F075FC002CFE
S21401AC6001DAFFF759FD630001D501F0BFFCA00032
S21401AC7001D5FFF73BFBE10007D5FEF73BF820B90E
S21401AC804FF0805129481AF0AFF9620107D519F043
S21401AC90DBFA20B94FF0806124481AF0A5F9A30128
S21401ACA005D51BF0CAF9FFF7F3FA18F0D5FBE0015A
S21401ACB008D518F0F4FE072804D14FF080711B4820
S21401ACC01AF092F9610201D518F0C0FB220201D5F3
S21401ACD018F0B0FBE30207D518F0DFFE20B94FF4F9
S21401ACE0801112481AF080F9A00507D500F03AF94C
S21401ACF020B94FF400710D481AF076F9E10507D531
S21401AD00FFF72EFA20B94FF4807108481AF06CF953
S21401AD10620503D519F05FFC19F05EFC230501D529
S21401AD201AF06AF910BD00BF480F0020580F002026
S21401AD30014601481AF058B9480F0020014B1B681C
S21401AD4018407047480F002010B5044BD3E906425F
S21401AD5004430A43C3E9064210BD00BF480F002062
S21401AD6070B51E4D04462B68002B03DAFFF7BCFCBA
S21401AD70002031E04CF20C000021FFF7E5FF002334
S21401AD80174E336024B163682B60A36803B1336048
S21401AD904FF00040FFF7CCFF33680BB9114B33601F
S21401ADA0114B1248AB6000232B7315F027FFFFF7FA
S21401ADB095FB2046F7F7C4F970B92CB1B4F90E101B
S21401ADC0B4F90C0002F010FF1BF042F903F04EFE3E
S21401ADD003F0DCFD0028C9D070BD00BF480F00207D
S21401ADE0701E0020FB0C002021AC01004C0F00203F
S21401ADF0014BD3E906017047480F0020054B9B69BC
S21401AE00DA054CBF032001201B0548BF40F00400B3
S21401AE10704700BF480F0020F8B517461C460D4680
S21401AE20064603F097FA1C4BBA7A1C4953F82220BF
S21401AE3053F820308C421A4424D9194B9C4214D919
S21401AE40184B013C93FBF2F3002BB8BF03339A1067
S21401AE5004EBA304B4FBF2F371682A68A1EB930137
S21401AE6002EB430271602A60F8BD0F4B0F49A3FB4A
S21401AE7004435B0902FB03F303F6C313A1FB0313AD
S21401AE80DB0AE9E702FB04F3094A03F574338F335F
S21401AE90A2FB03231B0CDFE7E0C903004C62100092
S21401AEA01366660640420F001F85EB515917B7D14E
S21401AEB083DE1B43024B1A6802601860704700BFAE
S21401AEC0781E00200022024B1A6000F0FBB900BF7A
S21401AED0781E00202DE9F843064618F044FE044685
S21401AEE0002835D045784DB916F02BFA23786370D3
S21401AEF01B4B1B682570636016F029FA4FF001089A
S21401AF00677837B923781BB34FF4007004F0D2F892
S21401AF101EE097FAA7F5B5FA85F508FA05F55FFA82
S21401AF2085F9636833B90E4B27EA050565701B681A
S21401AF306360E5E79B681BB963681B686360F0E7BD
S21401AF40494630469847012805D163681B68636007
S21401AF500120BDE8F8830228EED10020F9E700BF02
S21401AF60781E002070B500250D4EFEF7FDFBA842A9
S21401AF7001D8012012E03068FEF79CF950B9346818
S21401AF80FEF7F2FB0134B4FBF0F303FB104401358A
S21401AF903460EAE7FFF79EFF0028F0D170BD00BFDE
S21401AFA0741E002010B50446837903441B7B392B9D
S21401AFB096BF044AFF21D15C20F0D4FBA0790C3067
S21401AFC0204410BD8EC903002DE9F34105460C4609
S21401AFD0019118F0B8FD830605D501A820F0EBFB1A
S21401AFE002B0BDE8F081019FBE790C36BB5D392BFE
S21401AFF018D8164A12F80380B8F1FF0F12D0384657
S21401B00020F05EFC013840450CD1114B1E6896B904
S21401B01021462846A37923441A7B02B0BDE8F041B5
S21401B0201AF0DAB8019820F0C6FB2846BA5D0199F5
S21401B0301AF0D2F8D4E773680BB93668E7E7214609
S21401B040284698470028F8D0CAE700BF8EC90300F3
S21401B050781E002037B504460D46202118F075FDF0
S21401B0602946204618F0DEFD214601201AF05BF93C
S21401B070214600201AF057F9012000232146034AF1
S21401B08000901AF0E1F803B030BD00BFB1500300E4
S21401B09073B50C46164605461AF0B7FA80F001005D
S21401B0A02946C0B218F046FDC368012C9A7907D02C
S21401B0B032462146284602B0BDE870401AF0ABBAC7
S21401B0C013441022DB8A294600920020024A1AF015
S21401B0D0BBF8204602B070BD1756030037B50446CC
S21401B0E01AF0D3FA0321204618F04DFD0025034639
S21401B0F021460120034A00951AF0A6F8284603B017
S21401B10030BD00BFFD5403002DE9F347074602207A
S21401B1100E4620F014FD0546002846D0B3790021DE
S21401B1200C333344B3F80480B3F806A0B3F80890A0
S21401B1301AF008F82846FFF735FF0221044638467C
S21401B14018F021FDA4F804806081A4F806A0A4F8F4
S21401B15008901AF0C0FE08F10108B0FBF8F303FBF3
S21401B1601800022360806370AB79B371EA7903F14A
S21401B1700C00F271D21AD2B2291830441FF0F3FF34
S21401B1803946012018F0D6FC1022C660638939467C
S21401B19001200092064A1AF057F83846294619F057
S21401B1A0CFFF002002B0BDE8F0870720FAE700BF16
S21401B1B0175603002DE9F34104460D4601460120CA
S21401B1C018F0B8FC01210746284619F0BBFF2846AF
S21401B1D0FFF7E8FE064600F10108404603F078FC5A
S21401B1E0D6F801300221C7F8123073792046BB75B4
S21401B1F018F0C9FC29460746F080204619F0A0FF42
S21401B20020232146009301203B46034A1AF01CF8EE
S21401B210002002B0BDE8F081E35503007FB5044687
S21401B2200D460146012018F085FC50E8003F43F426
S21401B230806340E80036002EF7D120461AF0E5F983
S21401B240D8B3204618F087FC430715D53346324657
S21401B25020460DF10F0118F013FF9DF80F30062B55
S21401B2600AD8284615F08EFC012200232046FEF758
S21401B270CDFC002004B070BD0E21284619F062FFF7
S21401B2802846FFF78FFE0646FFF7B2FDC6F8051003
S21401B290FFF7AEFD2946C6F80100204619F050FF1B
S21401B2A00321204618F06FFC002203460092214637
S21401B2B00120034A19F0C8FFDBE70821DDE700BFDC
S21401B2C00155030010B5054C054A204605491AF0FC
S21401B2D006F92046BDE81040FFF7ECBD7C1E0020B5
S21401B2E0C956030051B40100F7B58B7904460C33F7
S21401B2F0CE18CB5C0D46023B0F2B00F2A080DFE898
S21401B30003F0089E9E9E9E739E829E9E2C689E9E25
S21401B3109E4F16F016F871780746204618F082FC04
S21401B3202021204618F011FC2146012019F0FBFFD0
S21401B3302146002019F0F7FF012300930023214640
S21401B3401846404A19F080FF284615F01BFC38467F
S21401B35015F0FDFF012003B0F0BDB3887288717847
S21401B36018F074FE204618F0F6FB830708D4294629
S21401B37020461AF08AF90121204619F0CBFEE9E7AA
S21401B3802146012018F0D6FB2F4B82689A4203D142
S21401B3902146012019F097FF284615F0F3FBEAE74E
S21401B3A077780846B67815F0EDFB162F05D13246AC
S21401B3B0032120461AF079FBCCE72146012018F03C
S21401B3C0B9FB8368002BC5D0324603212046984737
S21401B3D0C0E70146012018F0ADFB074628467678FF
S21401B3E015F0D0FBBB68EDE70146012018F0A2FB83
S21401B3F007462846767815F0C5FBBB68002BA9D012
S21401B40032460421E2E70146012018F093FB0F4B78
S21401B41082689A4203D0284615F0B4FB9AE7D6F81C
S21401B4200120D6F805302046FEF7F0FB284615F039
S21401B430A9FB2146012019F046FF02219CE70020C6
S21401B44089E700BF7F560300FD5403000155030042
S21401B4502DE9F3410C4605461AF0D7F8A3790028E2
S21401B4606BD00C3314F80380E618B8F1010F41D005
S21401B470B8F1080F39D0B8F1000F51D171892846BB
S21401B48019F0D0FEB188738872788B4294BF074654
S21401B490002709290B4638BF0923013B9BB29A4274
S21401B4A00FD8002A08BF00270846F388328919F00A
S21401B4B0D8FD40B9204615F065FB012002B0BDE875
S21401B4C0F0814746F0E7002FF4D02946002018F017
S21401B4D031FB1022C46073890092013B1B4A9BB268
S21401B4E02946002019F0B0FEE7E7214628461AF063
S21401B4F02AF8E2E72846F18819F094FE0746701C00
S21401B5001AF0B4FD0028D5D0002FD3D0294600204C
S21401B51018F010FB2023C4600093F3880C4ADFE781
S21401B520214628461AF0AEFB0028C6D121462846F9
S21401B53002B0BDE8F041FFF7D7BE23441B7B0E2BBC
S21401B540D3D0214628461AF08CFBEDE791B00100D6
S21401B5509B55030038B504460D4618F0FCFA420721
S21401B5600BD4204618F0F7FA830706D4294620465E
S21401B570BDE83840034A19F047BF284615F002FBDC
S21401B580002038BDDDB0010038B505460C4618F080
S21401B590DAFA00F01800102806D121462846BDE840
S21401B5A03840044A19F030BF204615F0EBFA0C205B
S21401B5B038BD00BF09B10100014A19F025BF00BF1F
S21401B5C0B5B1010070B505460C460146012018F0DC
S21401B5D0B1FA0646284618F0BEFA020704D52046F8
S21401B5E015F0D0FA002070BD33685B05F7D4284605
S21401B5F01AF00BF840B121462846FFF7ABFF18B901
S21401B60020F09DFA044630B121462846BDE8704038
S21401B610024A19F0F9BE0720E5E700BF1DB2010096
S21401B62073B504460E4618F08EFA00F03000102866
S21401B6304FF0020031D120F082FA054678B3437903
S21401B640022143F00203437119F07CFD2846FFF7FF
S21401B650A9FC29464670204619F072FD162120469F
S21401B66018F0E0FA2021204618F06FFA2146012052
S21401B67019F059FE2146002019F055FE204619F012
S21401B680F8FE0121204618F07EFA034601202146E5
S21401B6900090044A19F0D8FD002002B070BD0720C2
S21401B6A0FBE700BF2B5503002DE9F04387B00446A6
S21401B6B00E4618F050FA00F4C060B0F5C06F06D11F
S21401B6C0022020F03CFA054610B9072054E0002578
S21401B6D02146012018F02EFA814696F8068000F1E0
S21401B6E0120208F10C08B04408F10F0308F11F011B
S21401B6F053F8040B8B4242F8040BF9D10321304670
S21401B70019F020FD3046FFF74DFC0A22074608F1E6
S21401B710050101301FF002FD0C210DEB010003F0C5
S21401B72049F903AB03CBC7F80B00C7F80F10059B0D
S21401B73007F10B02C7F813300DB30A21284619F09A
S21401B74001FD2846FFF72EFC2946204619F0F8FC95
S21401B7504FF480712046C9F80C6018F0F6F9032101
S21401B760204618F010FA00250346214601200C4A0F
S21401B770009519F069FD284607B0BDE8F08320461C
S21401B78007F11303012118F010FE2046314619F087
S21401B790D7FC2046C9F80C5018F023FEDFE700BF9F
S21401B7A00B570300F0B589B00D46044619F0A7FF04
S21401B7B0AB79002800F0A3800C33EA18EB5C033B5E
S21401B7C0082B00F23881DFE813F009003601360154
S21401B7D084003601360136015D007E00D2F8010094
S21401B7E0D2F8051003ABB2F8097003C302F11303D4
S21401B7F001210B32204618F0D8FD0421284619F005
S21401B800A1FC2846FFF7CEFB06460C2105A803F04F
S21401B810D1F805AB03CB3346C6F80100C6F80510D0
S21401B820079A002143F8092F2046721C18F0BDFD27
S21401B8302146002018F07EF9034603AA478303CA6F
S21401B840C3F81200C3F8161020460821FDF75CFD68
S21401B8504FF40071204618F078F9204618F0C1FD23
S21401B8602946204619F06CFC0321204618F08BF976
S21401B870034600202146714A009019F0E5FC01209C
S21401B88009B0F0BD0B21284619F05CFC2846FFF7ED
S21401B89089FB2946204619F053FC15F052FD054652
S21401B8A04FF44071204618F050F94FF4805120466D
S21401B8B018F053F9284615F04AFD4FF480612046EA
S21401B8C018F04EF9DBE7284615F05CF94FF40071E5
S21401B8D0F5E70621284619F035FC2846FFF762FBF6
S21401B8E0204618F0DEFB2946204619F029FC2046A2
S21401B8F018F09DFD2146002019F0E5FCBFE72B441A
S21401B9001B7B043B072BBBD801A252F823F000BFD8
S21401B91031B9010057B90100B9B9010081B8010078
S21401B92081B8010081B8010081B80100CFB90100DA
S21401B93020464FF4007118F008F9AA7920460C3217
S21401B9402A4402F109030021013218F02EFD28468F
S21401B95015F018F993E74FF48060FFF7EFF9B0B1EF
S21401B96000274FF40061204618F0EFF82046CDE995
S21401B9700577FDF7B3FC0646204618F0E2F839468F
S21401B9800346009505AAB0B219F06AFA77E7214690
S21401B990012018F0CFF800F11201204618F05CFDE6
S21401B9A00621284619F0CEFB2846FFF7FBFA294662
S21401B9B0204619F0C5FB62E7284615F0E3F8214654
S21401B9C0012019F0B0FC204618F031FD57E715F0BC
S21401B9D0B8FC06464FF40071204618F0B6F84FF44E
S21401B9E08051204618F0B9F8304615F0B0FC4FF4F7
S21401B9F0C061204618F0B4F82946204619F0A0FB8D
S21401BA002146012018F096F8C268054682B193795E
S21401BA1001210C331A4402F1130320460B3218F0AD
S21401BA20C4FC204618F0DDFC2046E96819F088FBC6
S21401BA300023EB6023E7002022E700BF0B5703003B
S21401BA4010B5074C07492046002219F048FD20464C
S21401BA50FFF730FABDE8104001200021FFF774B966
S21401BA60881E0020A5B7010038B505460C4618F01B
S21401BA706AF800F01800102806D121462846BDE8CD
S21401BA803840044A19F0C0BC204615F07BF80C205B
S21401BA9038BD00BFA9B6010038B50C468B790546FE
S21401BAA00C331944E35C142B03D0152B0FD0002064
S21401BAB038BD013119F0FBFE15212846224619F042
S21401BAC03EFF2146284619F03BFB0120F0E70146E0
S21401BAD0012018F02FF80B4B82689A4203D02046BB
S21401BAE015F050F8F1E7A179284621440D3119F0F7
S21401BAF0DEFE204615F046F82946012019F0E3FB44
S21401BB00E3E700BF9359030037B504460D460A46DE
S21401BB10142119F014FF2946204619F011FB0321C0
S21401BB20204618F030F830220346009221460120C4
S21401BB30024A19F089FB002003B030BD9359030077
S21401BB4010B5074C07492046074A19F0C8FC20469D
S21401BB50FFF7B0F9BDE8104020200021FFF7F4B848
S21401BB60941E002099BA01009759030073B51E462A
S21401BB70ADF800208DF80230009B044601A8019321
S21401BB800D46114619F07DFE9DF80630B34203D1ED
S21401BB90BDF804308B4205D0284614F0F3FF12207E
S21401BBA002B070BD204618F01AF99DF80230827A6C
S21401BBB09A4209D18288BDF800309A4204D12846BB
S21401BBC014F0E0FF0020EBE76946204618F0C3FBBF
S21401BBD029462046014A19F017FCE1E709BB010096
S21401BBE02DE9F04116461A4307460C461D46BDF898
S21401BBF0188005D12046BDE8F041114619F01EBF58
S21401BC004146204619F0FAFA78B12146384617F02F
S21401BC1091FF40238674C5742146069338464346F1
S21401BC20BDE8F041024A19F00FBBBDE8F08100BF44
S21401BC30F55A0300F7B505460E460146012017F0F2
S21401BC4079FF036813F0F00F03D02946012019F09D
S21401BC506AFB284618F02AFAB3790C3333445F7826
S21401BC609B781F400378C3F3030000EA13103840A3
S21401BC7019F0BEFE044668B9284619F0C2FE3840DF
S21401BC8019F0B6FE044628B9284618F012FA01F053
S21401BC90A1FF04462846002118F0A3F817213046D4
S21401BCA019F050FA3046FFF77DF93146447084703A
S21401BCB0284619F045FA0321284617F064FF40226A
S21401BCC00346009229460020024A19F0BDFA03B045
S21401BCD0F0BD00BFAB5A030008B581B2074818F0A3
S21401BCE069FC012000F0E6FC30B9054A53691907E2
S21401BCF05CBF43F00403536108BD00BFA81E0020CB
S21401BD00A01E002001238340DB43064901F12402E3
S21401BD1052E8002F1A4001F1240C4CE800200028BC
S21401BD20F4D17047A01E00200123074A03FA00F051
S21401BD3002F1240353E8003F034302F1240C4CE8CC
S21401BD4000310029F4D17047A01E0020044A4FF0AC
S21401BD508040536A43F40023536203F0ABB900BF3B
S21401BD60A01E002038B50E4D044601F085FBE86B99
S21401BD7018B114F007FF0023EB6318F02BFC0948F9
S21401BD80FEF722FCAB6B0BB1FFF7E0FF2146044840
S21401BD9000F0E8FCBDE8384003481FF00CBD00BFCA
S21401BDA0A01E0020A81E0020C01E0020034B586ABB
S21401BDB010F0050001D1FFF7D5BF7047A01E002087
S21401BDC038B54FF010131D4C0122E3624FF4E063C7
S21401BDD0238647F6FF730025A4F8603094F8673091
S21401BDE0656262F3030384F86730154A154BC4E9AC
S21401BDF01632FFF703F84FF48073A4F84830124B5D
S21401BE0084F85600E361114B65611A682946137878
S21401BE10527804F1080013445B106376A4F8BC5012
S21401BE20A4F8B45018F0C6FB294604F1940018F0A3
S21401BE30C1FBBDE838401AF02BB900BFA01E002098
S21401BE4055555500D6BE898E7B5D0300701E0020B9
S21401BE502DE9F0411F4C9846636A0F46D9071546EF
S21401BE609DF81C6033D460B30120FFF75DFF626A62
S21401BE709DF8183022F4C07242EAC312052E62629F
S21401BE8084F8546007D101F0E5FF68B96D00ADB2E2
S21401BE90BD4228BF3D4694F854309A0715D413F096
S21401BEA0040F14BF03260126012094F86730A785E6
S21401BEB066F3030384F86730E58584F83080BDE8CF
S21401BEC0F0810120FFF71EFFD1E70226ECE70020F4
S21401BED0F5E700BFA01E0020024B586AC0F38000A1
S21401BEE0704700BFA01E002010B51D4CFFF7F4FFE1
S21401BEF0636A13F0010313D1A8B994F8663094F875
S21401BF003110253BDBB20133DBB2032B28BF002304
S21401BF1041FA03F2D207F6D5253384F8663018E0E5
S21401BF2094F8543010B194F85520134303F00503E8
S21401BF30052BE2D101F08EFF0028DED194F86730A0
S21401BF4003F00F02012A05D1032262F3030384F8EA
S21401BF50673010BD012262F3030384F86730CCE733
S21401BF60A01E0020024B586A00F00100704700BF77
S21401BF70A01E0020F8B5434C0546636923F0100364
S21401BF80636101F079FAB4F8BC302BB9A36813F4F5
S21401BF90601F08BFA4F8BC303A48012100F0E2FB5C
S21401BFA0394BE361636A580429D41DB9636943F0C8
S21401BFB01003636119F0CBFF40F27121E28DE66C4C
S21401BFC0151F4D43AE42236DA78D2DD2A3F5967353
S21401BFD001FB0733E768181A23893B44834223DAB7
S21401BFE051436369891B43F0100363618142D4BFE7
S21401BFF0216120612348BDE8F84000F065BBA26AD4
S21401C0006168521A002AD0DA23F0010343F4004390
S21401C0106362FFF7CBFE4FF0804003F04BF8FFF76B
S21401C0205BFF0028C1D1F8BD40F271277A43A2F523
S21401C030AF722261FFF758FF236DA28DAE4207FB58
S21401C0400233636023654FF00003E3640F4B0CD3A8
S21401C0501A68616A137B4907617E4CBF9279127830
S21401C0600B4493420CDC6376C4E7626A1B68520792
S21401C070197B4CBFDA795A78637E5B1A9342F2DAFF
S21401C0806276B7E7A01E00207B5D0300701E0020CD
S21401C09008B5FFF721FFB0B10B4B586A20F0040238
S21401C0A010F001005A6203D1BDE80840FFF75ABEFE
S21401C0B001F0E2F918F08EFAFFF748FEBDE80840F5
S21401C0C00020FFF757BF08BDA01E002038B5054663
S21401C0D00D4C80B10320FFF715FE002384F8453090
S21401C0E00123A4F846300420FFF70CFEBDE83840D3
S21401C0F01020FFF707BE0520FFF704FE012384F892
S21401C100B650A4F8B830EEE7A01E002070B53B4C40
S21401C1101646636A03F0010270B95AB115F011F9B7
S21401C120636A054623F001036362FFF73FFE284674
S21401C13015F00DF9002070BD002AFBD19B0704D530
S21401C140E36BBBB10120FFF7C1FF94F8303003F079
S21401C150FD03012B16D015F0F4F80546C6B10E20E6
S21401C160FFF7E2FD19F0F3FE42F2107303FB06003F
S21401C170A06210E002201FF0E2FCE0630028E1D19B
S21401C1800720D8E7FEF73CFD0028E4D11220D2E7CD
S21401C1900E20FFF7B7FD0020FFF7C6FD636A13F018
S21401C1A00403C4D140F27122E364E38DE260023BF2
S21401C1B05343236119F08FFE0323B0FBF3F303EB24
S21401C1C04303C31A253384F86630FFF78DFE19F052
S21401C1D0BEFE60602065B4F8BC00002808BFF520EC
S21401C1E0FFF77AFD064B05481A6813785278134410
S21401C1F05B10637600F068FA99E700BFA01E002086
S21401C200701E0020274B70B55A6A0D4609B31607F3
S21401C21047D503F1450603F1460428B3D1061FD5D9
S21401C2202388012B1CD95B0804202380FFF76AFDB5
S21401C2301020FFF767FD19F04EFE2388B0FBF3F2DE
S21401C24002FB1300307055B30320BDE87040FFF7C2
S21401C25059BD940625D503F1B60603F1B804DCE70B
S21401C2600420FFF761FDE3E7D20314D5B3F84610C7
S21401C270B3F8482091420ED222881020520092B282
S21401C2802280B3F84830934228BF13462380FFF735
S21401C29039FD0420CDE71020FFF746FDF9E705201C
S21401C2A0D3E770BDA01E00202DE9F04F002783467E
S21401C2B08946304C8BB0A56B636BAE79C4E90D77BC
S21401C2C00C36079305EB0608D8F824A002F008F907
S21401C2D0AA5D08F10806C2F3C01231460DF1270027
S21401C2E08DF8272017F0DBF8CDE904B9636A5246CA
S21401C2F0C3F380230393FF2302939DF82730394627
S21401C300CDE90063079808F10E03FDF74DFB2846BB
S21401C31014F038FC636A23F02402D907626205D45C
S21401C3200120FFF71FFD0BB0BDE8F08F124B94F80C
S21401C33054501A68052D1378527813444FEA630354
S21401C340637602D101F086FD40B994F854309A071D
S21401C3500ED413F0040F14BF0325012594F867309B
S21401C360012065F3030384F86730FFF703FEDAE77D
S21401C3700225F3E7A01E0020701E002070B58AB0CB
S21401C38005466B46484AAC7910685168127A03C371
S21401C3900C3408201A702C44FEF7D0FC20B1012280
S21401C3A02846A11D1FF0EAF90021A379CDF8211036
S21401C3B08DF80F30A37AADF8251003F00F0303F1C3
S21401C3C028026A4412F8282C8DF82010ADF81020A7
S21401C3D0062B08D8DFE803F0044F07075F074B007A
S21401C3E00D20FFF7A1FCA37A0DF11301C3F380130F
S21401C3F08DF81230E3680DF11200CDF81330238A60
S21401C40009AEADF8173000231A4617F033F8E37972
S21401C4101C218DF819304FF47F43ADF81A307F2375
S21401C4208DF81C30637928468DF81D300023ADF851
S21401C4301E30AB7903AC1233AB711FF0FCF9AB794C
S21401C4402B440C33224603CAB24218605960144684
S21401C45003F10803F6D110682946186013481FF047
S21401C46091FA4FF0804002F025FE0AB070BD0D2013
S21401C470FFF748FCB7E7D4F81230CDF82130E38A4D
S21401C480ADF82530EB79063BEB71A37AC3F3C01305
S21401C4908DF82030A7E7064B5B6A9B0444BF42F049
S21401C4A00102ADF810209EE7C8C90300C01E002097
S21401C4B0A01E002070B583790C33C4182379DA07DF
S21401C4C002D44FF0FF3070BDA37AE27A03F00F0575
S21401C4D0082DF6D8062D01D92846F4E7911F1F2905
S21401C4E0EFD8012D1FD10C2AEBD1244E736A13F01D
S21401C4F0060F01D1DB05EFD416F0C9FF20B916F0FF
S21401C500BDFF0028E8D1DCE7A37A96F83020C3F314
S21401C510C010B2EBD31FD4D104F1120100F0010018
S21401C520FEF71EFBEDE7042DD6D11449144A486ADE
S21401C5300240002AC5D0C96B0029CDD08A79C3F341
S21401C54080130C3288188A5CB3EBD21F08D016F021
S21401C5509EFF0028C0D116F088FF0028BCDBB0E79C
S21401C56004F10C01062208301EF0C8FD044616F040
S21401C5708EFF0028B0D1002CAED0ECE7A01E002024
S21401C58008000400F0B5184C87B0606B00B3A76BC9
S21401C590BE79FCF7A3FE0223FF210C36BA5DCDE976
S21401C5A00431BD1995F8233000215B090393AB8B49
S21401C5B0D20902936B8B80B201932B8B009305F10A
S21401C5C0080318F063FB606BFDF730F90023636323
S21401C5D0A06B14F0D7FA0023A363636A23F0040365
S21401C5E0636207B0F0BD00BFA01E002013B5154C56
S21401C5F014F0A7FE236A01930023236214F0A7FE1A
S21401C600019BA3B9636A1A0406D518F057F8A0B1BE
S21401C610636A23F400436362636A1B0305D5FFF76D
S21401C620B1FF636A23F40023636202B010BD01A860
S21401C6301FF0DFF818F0ADF8E2E74FF0804002F0A7
S21401C64039FDE9E7A01E002010B5074C2368DA067D
S21401C65007D523F01003236018B90120A16816F04E
S21401C660DDFE0023A36010BD601F0020014610B54B
S21401C6700446022016F0D2FE054B1B68D90305D4EA
S21401C68063691A075CBF43F00403636110BD00BF12
S21401C690601F0020014BD868DC387047601F0020FF
S21401C6A0034B10B5DC6819F052FCDC3C201A10BDB7
S21401C6B0601F0020034B1B6813EA004314BF0120D0
S21401C6C000207047601F002038B5002303604369CF
S21401C6D0044658070DD5204650F8081FC90C01F42A
S21401C6E0FC7141F00501FDF71DFF636923F00403AA
S21401C6F063616369D90602D519F029FC60601848A0
S21401C700024652F8043F8BB92360146083684BB12C
S21401C710617E5A7E914219D26269D2060ED50020F8
S21401C720FFF792FFBDE8384018F083BC596865688A
S21401C730491B0029E8DA1A461B68E4E75A681B69B0
S21401C740134462689B1A002BECDBE8E71A895B68E6
S21401C750D31A62681344E268D342E3D5DFE700BF29
S21401C760601F002038B504460A4D0846AB68A34250
S21401C77001D1FFF769FF6B68074A1BB1A34219682D
S21401C78004D11160BDE8384018F053BC1A460B4678
S21401C790F3E700BF601F0020641F00202DE9F0476B
S21401C7A0754D2B685B0700F1AF80AB68002B40F03E
S21401C7B0AB8055E8003F43F0040345E80032002A09
S21401C7C0F7D16C689CB119F0C2FBD4E9043717F0B5
S21401C7D0100F0646A26819D010FA82F2626020682D
S21401C7E0D4F8048038BBDC334344C5E9024355E83A
S21401C7F0003F23F0040345E80037002FF7D1AC686B
S21401C800002C74D1BDE8F04701F0BEBC606892B25E
S21401C810811AFF07A1EB060109D40029DFDAE768D0
S21401C820DF1BCF4205D432441844831AD6E70029C9
S21401C830D5DA20464FE041690289CF06D0F804E0F8
S21401C84048BF06EB020EAEEB020211F0010C11BF5F
S21401C8501146D0E90371C91B891808EB03077F1A33
S21401C860002F28DDBB4205D9E768A1EB0801DC37BC
S21401C8708F423AD9D4F814A01AF0010F1DD12169BC
S21401C880D0F80C9027894144A1EB0901C91BE76840
S21401C890A1EB0E01DC37B9420FDD971BBCF1000F8F
S21401C8A003D10169A1EB09010F44002F05DB4B46BB
S21401C8B0C0F804E00446006892E7477E617E8F4236
S21401C8C0F9D2921BBCF1000F03D1D0E903135B1A16
S21401C8D01A44002A02DAFFF7C9FE72E71AF0100FAF
S21401C8E0A7D0C368C0F804E0E4E70B46E3E7A36813
S21401C8F013F4601FC3F3C24008D121462B6843F0EE
S21401C90010032B6016F08AFDBDE8F08704F10806D7
S21401C9103046FDF715FE2B68214643F010032B60C9
S21401C920F8B916F07BFDA36813F4601F4FEAD341F4
S21401C930C3F3C24517D0013DEDB201F4FC71304698
S21401C9402943FDF7EFFD03213046FDF757FE75B18C
S21401C950A268237E1344120C9BB212041343A360F5
S21401C960D2E73846CEE703213046FDF747FE30468C
S21401C970FDF72AFEECE700BF601F002008B5034B59
S21401C980996809B116F04AFD08BD00BF601F002076
S21401C990014B9868704700BF601F00200A4B70B5B6
S21401C9A09C6884420FD12146012016F037FD666847
S21401C9B0258919F0CCFAAD1BC54221464CBF002093
S21401C9C0022016F02BFD70BD601F0020054B1B6872
S21401C9D01B6A13F0100003D013F0030018BF0120E8
S21401C9E0704700BF701F002006222DE9F341344B2B
S21401C9F006469C688846A5790C35635D671903F081
S21401CA004F036355838D7A70103B0D2B31D8DFE8C9
S21401CA1003F053304F07300C303030303030300CAC
S21401CA20635D6FF30303635523E00123625D006AD0
S21401CA3063F3030262550C2210F4006F7A7006F15C
S21401CA402E0107F108020CD001924FF0FF32C0F31D
S21401CA50802000921A4616F016FD635D43F08003AF
S21401CA60E1E7D6F82E30BB608B889380336A5B058E
S21401CA70F3D4B28D635D304662F345136355B91C3A
S21401CA8019F0B2FA635D60F386136355A3797A7879
S21401CA9002331344E371B38D03F01403142B04D053
S21401CAA0B8F1000FC4BF42447A7002B0BDE8F0810D
S21401CAB0635D62F30303B6E70222635DF9E700BF35
S21401CAC09C1C002038B5294904460B7D4A7D01335C
S21401CAD0DBB2B3EB921F0B7503D3032300200B7558
S21401CAE038BD016AC90234D5032390F87E20243A62
S21401CAF092FBF3F303EB4303D21A2532D2B2A18D94
S21401CB0094F87F3011F01001B4F9340084F87E20D7
S21401CB1003F00F0323D119F092FA01F07DF8B4F96E
S21401CB20782004F17005824204D0A4F8780001F060
S21401CB304BFD6881284601F071FB00221146104624
S21401CB4016F06EFC94F87E00002119F077FA0120A9
S21401CB50C6E75B001A4102F003022532CFE7024620
S21401CB601946002001F02EFED7E700BF9C1C0020CE
S21401CB701F4B2DE9F04104461860006C1EF0A0FE24
S21401CB8001462046FFF730FFA38D1A4E03F014032B
S21401CB90142B0CBF0022226CB36820461A60FFF7E4
S21401CBA091FFFFF713FF144B051E144808BF1846E4
S21401CBB001F004FD6369676803F0100819F0C7F90E
S21401CBC06D000346627EE8B2B8F1000F03D1FF1A8A
S21401CBD0B7F59B7F07D5114601F086FBB068BDE827
S21401CBE0F04101F055BB616819F0B7F9F6E700BFEF
S21401CBF0701F00209C1C00208DCC0100D9CE0100A6
S21401CC0070B50546FFF7E2FE104B041E104808BF3C
S21401CC10184601F0D3FC2846FFF754FF0D4E054693
S21401CC2060B133686000597E00F0FE0001F05CFBE5
S21401CC30BDE87040084B986801F02ABB01F0BEFCC5
S21401CC4029463068BDE87040FCF732B88DCC01004B
S21401CC50D9CE0100701F00209C1C0020034610B591
S21401CC60094C052B20680AD0062B0CD1002001F0B8
S21401CC70A5FC20680121BDE81040FCF719B8BDE805
S21401CC801040FFF7BDBF10BD701F0020032803D161
S21401CC90024B1868FFF7B4BFFFF7E0BF701F002014
S21401CCA00C4B032810B51C680FD1206C1EF008FE33
S21401CCB001462046FFF798FE074B226C9B682046EC
S21401CCC0BDE810401A60FFF79BBFBDE81040FFF7B4
S21401CCD0C5BF00BF701F00209C1C00202DE9F84333
S21401CCE08B7906460C33CC182379DA0703D44FF038
S21401CCF0FF30BDE8F883E77A252FF8D83C4B9A68D1
S21401CD0093790C33D118D35CA27AC3F38013B3EBB7
S21401CD10D21FECD1056A0622EB064CBF0231043164
S21401CD2004F112001EF0EAF90028E0D194F80A9006
S21401CD3016F0ADFB05F4C04580F001032A1EC9F3C9
S21401CD40801904F10C08414618BF01224846DBB29F
S21401CD5019F00DF9014658B1A37A03F00F03032B1E
S21401CD6016D1336A9807C2D50C2FC0D10320C0E76D
S21401CD7016F093FB0028BAD1A37A03F00F03002D17
S21401CD80EDD0032B85F4C04513D1A904AFD5E8E750
S21401CD90052BACD1306AC207A9D500F01403142BB9
S21401CDA00CD004F1180019F050F800289FD0052087
S21401CDB09FE7052B9BD16B04ECD498E706F12E0573
S21401CDC02946C0F3802016F057FB0028E9D1A27A45
S21401CDD0336AC2F38012C3F380239A4287D10622B4
S21401CDE0294640461EF08AF90028DAD07FE700BFC0
S21401CDF09C1C00202DE9F74F00244FF0FF31074619
S21401CE0001A8019401F048F8019949B13846FFF7A5
S21401CE1065FF032806D005284BD001A81EF0CBFCE1
S21401CE2001203FE0DFF8A880284801F0C7FBD8F8CA
S21401CE3000302046597E01F079FAD8F800B0DFF8C4
S21401CE409490DBF84400D9F808601EF039FDB479F7
S21401CE5005460C34335D06EB040A03F0400343F049
S21401CE60040333550AF10201584619F0BDF8335D43
S21401CE70002D60F386133355D8F80030D9F8080032
S21401CE805B6CA4BF06358AF80150036001F000FA16
S21401CE90D8F800301B6ADB0407D53846019916F02E
S21401CEA094FD002003B0BDE8F08F01A81EF083FCBE
S21401CEB0F7E7019801F0A6F83846019916F02EFD1D
S21401CEC00028ADD0204601F079FBEAE7A1CC0100AD
S21401CED0701F00209C1C00200E4A032810B5146801
S21401CEE005D0042809D0BDE81040FFF7B7BE617E23
S21401CEF00120BDE8104001F0B5B92046FFF77AFFE2
S21401CF0030B101F0EDFA2046BDE81040FFF778BEDB
S21401CF1010BD00BF701F002038B50D460446002026
S21401CF2001F04CFB01F0DCFA29462046FCF70AFA30
S21401CF300022014B1A6038BD741F00200123074AE6
S21401CF4003FA00F002F1140353E8003F034302F131
S21401CF50140C4CE800310029F4D17047B41C0020B1
S21401CF60F8B5244F05467B690C4613F4C07F03D001
S21401CF7099063BD401200CE039B15A0705D4D5F8FF
S21401CF80A43013B90820FFF7D9FF7B699B0601D5AA
S21401CF900020F8BD7B7FAE6A022B06F0080604D996
S21401CFA016B114B90220F4E7E4B995F8921095F891
S21401CFB03701063100F00F0000F0E8FD85B20EB92A
S21401CFC004B16D00FFF76CFBA8420DDB7B6913F023
S21401CFD01C0FDDD11EB1002CDAD10520D9E7002CBB
S21401CFE0FBD1D5E70320D4E70420D2E7002CCFD02D
S21401CFF0C3E700BFB41C002038B50446114D4FF4FA
S21401D00080616B69283043F400736B6118F04EFF42
S21401D0100121204616F0A4FD00212046FFF7A0FFBF
S21401D020014620B12046BDE83840FFF775BF686964
S21401D030617E80F48070C0F30020BDE8384001F0C6
S21401D04011B900BFB41C002038B504460B4B18605C
S21401D05000F5947001F0E2F82046FCF73FF9C4B2FF
S21401D060204616F0E9F90546204616F0E7F9294666
S21401D0700246022016F0D4F938BD00BF741F002006
S21401D08008B5002001F09AFA01F02AFA0022014BB5
S21401D0901A6008BD741F002010B50446FFF7D4FFC0
S21401D0A0064801F08BFA6168226C637E1120BDE8A8
S21401D0B0104001EB920201F0B7B900BF89D301001D
S21401D0C03F4B37B51C680023A26A01935005D4F87C
S21401D0D0A03012D504F1A40001931EF08AFBC4F817
S21401D0E0A00050B194F846314FF48061013B84F8BA
S21401D0F0463104F1280018F0D9FED4F8A0500DB935
S21401D100304B9D6894F94631022B0DDCD4F8A830DB
S21401D11013B1A36AD90502D5D4F8AC3023B14FF4C4
S21401D12080512046FCF7F0F8D4F8A410A36A002931
S21401D13014BF01210021AA794FEA830302F10C02F0
S21401D14003F00C0343EA0113A95C21F01C0143EA36
S21401D1500103AB540DD11B4A02F1140353E8003FFF
S21401D16023F0080302F1140040E800310029F3D14E
S21401D17002E00320FFF7E2FE284601F089F8019B52
S21401D18053B15B7903F00A03082B02D12046FCF762
S21401D190BFFB01A81EF00FFB6B799A070ED5A36A99
S21401D1A01B040BD50820FFF7C9FE4FF4004104F11C
S21401D1B0280003B0BDE8304018F078BE03B030BD9B
S21401D1C0741F0020B41C002000232DE9F04385B015
S21401D1D00446032103A8039300F05EFE039D35B9C0
S21401D1E0F4212046FFF798FE05B0BDE8F083AB7941
S21401D1F0644F0C331D442A797B69D6074ED4DD066D
S21401D2004CBF07200420FFF799FE00260121204687
S21401D210FFF7A6FE054650B97869617E80F48070F6
S21401D220C0F30020400001F081F8FFF749FF0398A2
S21401D23000F0E8FEDDF80C807A6998F806305106B1
S21401D24003F10C0308EB030915D458F80330062044
S21401D2503B61FFF773FEA36A1A060CD404F1280299
S21401D26052E8003F43F0800342E800310029F7D13D
S21401D2700120FFF763FE4946204616F077FC99F831
S21401D2800430DB077BD5002E52D11DB1294620463E
S21401D290FFF742FE03A800F0D9FCA5E7012023F022
S21401D2A010037B61FFF74AFEAE7AF0062FD5022007
S21401D2B0FFF744FEA36AAA7A83F00203C2F3800250
S21401D2C0C3F340039A422FD14FF4006104F12800C2
S21401D2D018F0ECFD50E8002F42F4806240E800238D
S21401D2E0002BF7D1A26A82F00202A2627B77AA7AA9
S21401D2F0A36AC2F3C00203F001018A4285D183F01A
S21401D300010316F0030618BF0126A3627EE707F1A4
S21401D310140353E8003F23F0040307F1140141E826
S21401D3200032002AF3D1C5E77B7F0133DBB2DDE7AC
S21401D3302046FBF7D3FFC0B216F07EF8064620461D
S21401D340FBF7CCFFCDF80480A38F82B20093314661
S21401D3500023022016F06CF84FF0FF3103A800F00E
S21401D3609BFD03998B790B44DB7D002B8DD02046EA
S21401D370FCF7ECFA002D3FF437AF294631E7002ED3
S21401D38083D0E9E7B41C002008B50346114A042BF4
S21401D39010680BD002D8032B18D008BD053B012B13
S21401D3A0FBD8BDE80840F121FFF7B6BDFFF70CFF3B
S21401D3B0094A02F1140353E8003F23F0200302F167
S21401D3C0140040E800310029F3D1E6E7BDE8084043
S21401D3D0FFF712BE741F0020B41C0020164B033842
S21401D3E010B51C68032818D8DFE800F00702181EDD
S21401D3F02046BDE81040FFF7E7BE2046FFF7FCFDDC
S21401D4000E4A02F1140353E8003F23F0200302F111
S21401D410140040E800310029F3D110BDF121204667
S21401D420BDE81040FFF778BD4FF4806104F1280095
S21401D43018F03CFDF221F2E7741F0020B41C002016
S21401D44010B50446FFF700FE054801F0B7F8FFF7F0
S21401D45037FE627E61680220BDE8104018F07DBD8F
S21401D460DDD30100034B5B6A13F0060F0CBFE2200D
S21401D470F1207047A01E002008B5FFF789FA054B7A
S21401D480834206D101F02CF8BDE80840002001F0E7
S21401D49095B808BDA01E002070B5214C214801F0AA
S21401D4A08DF894F8673094F86620002103F00F0396
S21401D4B0C82018F0C4FD00F0AFFBB4F9602082422A
S21401D4C005D0A4F8600001F07FF8A4F862001648C1
S21401D4D000F0A4FE00221146104615F0A1FF666872
S21401D4E018F035FD0246FFF7BDFFB61AB6F5FA6F1E
S21401D4F0054609DCFFF7CEF8627EA0F5AF71284637
S21401D500BDE8704000F056BF6668FFF7C3F83146C5
S21401D510637EA0F5AF722846BDE8704000F084BF78
S21401D520A01E0020C1D90100F81E002038B500F069
S21401D530D7FFFFF7B5F8B0F5967F0D4C0CDDFFF77A
S21401D54091FF0546FFF7A6F8627EA0F5AF71284663
S21401D550BDE8384000F02EBF18F0F9FCE36C6268B5
S21401D5609B1A0344E3640020BDE8384018F012BC5F
S21401D570A01E0020F7B5104C064694F845500F46FD
S21401D5802DB10020013D84F8455003B0F0BD0B4B92
S21401D59002201B68597800F0C9FE94F830303A46EC
S21401D5A0CDE9005331460323E06B18F024FCE06B11
S21401D5B000F06EFE0120E8E7A01E0020701E00208D
S21401D5C0094A02F1240353E8003F43F0080302F13D
S21401D5D0240040E800310029F3D1044B01201B68E8
S21401D5E0597800F03FBE00BFA01E0020701E00202C
S21401D5F00289438940F271205B004343D0B25B1A33
S21401D6004343120AB3FBF2F3024A12681144581854
S21401D610704700BFA421002030B58C1AE41A002CF4
S21401D62008DA124C551A64681D44B5FBF4F505FB7F
S21401D63004442144134440F2E242CB1AB3FBF2F312
S21401D6409BB242892BB940F27124530004FB0311AB
S21401D65013460132B3FBF2F402FB1432028140F2AC
S21401D660E2409B1A00FB131030BD00BFA42100202E
S21401D6702DE97043064618469DF81830894614462B
S21401D680E3B9C31E012B8CBF02250325222100F01E
S21401D6907DFA40F27128154B6D005B6808FB05F5B5
S21401D6A081446BB121463046FFF7A2FF4A46014648
S21401D6B0ABB23046BDE87043FFF7AEBF0125E5E7E4
S21401D6C0738934890133B4FBF3F203FB1244F37913
S21401D6D034815B00640008FB03F308FB04F404EBED
S21401D6E0530404EB09002844BDE87083A4210020FC
S21401D6F02DE9F041134E8046736A5B071BD58B7983
S21401D7000C33CF18C8B9FD79CC582846398900F0B2
S21401D7103DFA0444B8F1000F11D1033D012D94BF29
S21401D7200323022340F271225B0002FB03443464AC
S21401D7307B7986F84430BDE8F0810125E4E70123D2
S21401D740F0E700BFA01E00202DE9F04F16468DB071
S21401D750021E069108BF00211F46954B05929D6B40
S21401D7605B6AAC7938460C342A5DC3F3801A61F3E0
S21401D77045122A55314603F04002039215F089FE00
S21401D78005EB04080790285D08F1080B5946C00907
S21401D79015F07FFE039B8146002B44D1002844D11F
S21401D7A015F075FE80F00103DBB25246314638466D
S21401D7B003F0010318F0DBFB0490002800F08A80D8
S21401D7C0039B002B33D1B9F1000F75D1079B002BBA
S21401D7D072D015F04DFE00286ED001220AA90DF177
S21401D7E0270015F058FE002874D09DF827302A5DD2
S21401D7F0591E4B424B41B3EBD21F6BD10622584602
S21401D8000AA91DF07BFC002864D13368C8F80830EB
S21401D810B388ABF804302B5D67F3C7132B554FF075
S21401D8200009CA4619E00123BFE7039BBDE7604B29
S21401D8305B6A13F400791CD115F804A0CAF3801AA8
S21401D840484615F02DFE3368C8F80830B388ABF8A3
S21401D85004302B5D67F3C7132B55059B544E002BE5
S21401D8603ED196F8B630002B3AD0013B86F8B6305A
S21401D87030E015F0FAFD002806DA15F804A04FF09E
S21401D8800009CAF3801ADBE700221146104615F09C
S21401D890FCFD15F804A08146CAF3801A0028CFD0F3
S21401D8A0002302211A4608EB010018F07CFA2B5DD2
S21401D8B060F386132B55C3E77A1E57422B5D5741FB
S21401D8C0B7EBD31F06D10622314658461DF016FC8B
S21401D8D00028A4D00023049304980DB0BDE8F08F6F
S21401D8E018F035FB074616F021F9059B0246394626
S21401D8F0009308F10E009DF85830FFF7B9FE2D4B46
S21401D900059A07461B68A2B95978022000F00EFD59
S21401D910B06B00F0BDFCB36B9A7913441F63FFF73D
S21401D92037F8254BC361069BBBB9736A23F4806342
S21401D93016E0D979002000F0F9FCB06B00F0A8FCE5
S21401D940B36B1E489A7913441F6300F037FE069B9B
S21401D950C3B9736A23F4806317E0736A43F4806380
S21401D9607362039B9BB1B9F1000FB5D000235146FA
S21401D9701A4608F1020018F016FA2B5D60F38613BA
S21401D9802B55A9E7736A43F480637362EBE72B5D5B
S21401D9900022C3F3C01359460AA88DF8283015F0A3
S21401D9A07AFD2B5D9DF8282062F3C7132B55DAE725
S21401D9B0A01E0020701E0020D345030061DB01007D
S21401D9C004282DE9FF471ED005D8032800F0B980AA
S21401D9D004B0BDE8F087431F012BF9D805384FF096
S21401D9E0010118BF0120FEF70DFC18F0B0FA5A4AE3
S21401D9F0D36C51685B1A03440020D36404B0BDE8BD
S21401DA00F04718F0C7B9002403A84FF0FF3103947C
S21401DA1000F042FA039858B1FEF74CFD0828074675
S21401DA2003D84E4B1E5C31070AD403A81DF0C3FE73
S21401DA30494B5B6A13F0060F0DD0FFF777FD0AE03E
S21401DA400728039D0ED122462946434816F0B8FD05
S21401DA500446002CECD00121084604B0BDE8F0478E
S21401DA60FEF7D0BBDFF8F080D8F8244014F00404A9
S21401DA7010D016F002040DD00120AA790C322A44E7
S21401DA80917A0090C1F380130C32C1F34011FFF775
S21401DA905BFE0446284600F0B5FA29460120FFF74A
S21401DAA027FED8F82430DA072DD503F0800A95F83A
S21401DAB0069015F0ECFC09F10C09A94480F001036D
S21401DAC099F80A00BAF1000218BF0122DBB209F187
S21401DAD00C01C0F3801018F04AFA60B12CBBD8F8DC
S21401DAE0243028469B0731D5F40710D473072FD569
S21401DAF0FEF744FC9CE7BAF1000F04D1514615F03D
S21401DB00CCFC0028EAD0284613F03CF8A1E718F030
S21401DB10E0FA044648B1A8790C302844817A0C30E2
S21401DB20C1F38011FFF726FD0446042F03D1D8F870
S21401DB3024309907E7D57207E5D52846FEF71EFC7F
S21401DB4087E704B0BDE8F047FFF73ABD042FCDD113
S21401DB5013F018F86CE700BFA01E0020D2C903001E
S21401DB60032808B50AD1074800F028FD064B012016
S21401DB7093F94410BDE80840FEF796BBBDE808409F
S21401DB80FFF71EBFC1D90100A01E0020064B10B52D
S21401DB905B690C4610B101F065F8034618795B889D
S21401DBA004FB003010BD00BF680F0020084B10B505
S21401DBB05B690C4610B101F055F803465A88A2423B
S21401DBC03DBF1B79A41AB4FBF3F0002010BD00BFC3
S21401DBD0680F00200138C0B203289ABF014B185CB9
S21401DBE000207047DBC903008BB200294FF00A0101
S21401DBF0B4BF053B05331BB293FBF1F3014A10801A
S21401DC0093707047F8280020024B9B78C01A40B2E8
S21401DC10704700BFF8280020024B1B88C01A00B2CC
S21401DC20704700BFF8280020074B186840F20D1314
S21401DC3038B9002BC1BF45224433B3FBF2F0C0B262
S21401DC4070470068453BF3E7680F00202DE9F04177
S21401DC50064613F076FB0746FFF7E6FF3546044611
S21401DC60286818B16CB928461DF0A5FD31680A4828
S21401DC701DF088FE384613F06AFB00233360BDE8CA
S21401DC80F081D0F800801DF04EFF2B68013CC3F8F0
S21401DC9000802D68E4B2E3E7680F0020024BDB6BDF
S21401DCA003B11847FEF76ABE680F0020C04310B5DF
S21401DCB0054A131D53E8003F0340141D44E8003194
S21401DCC00029F6D110BD00BF680F002010B5054A27
S21401DCD0131D53E8003F0343141D44E80031002997
S21401DCE0F6D110BD680F0020F8B516461C4607464B
S21401DCF01946104618F020F932462346384618F0E1
S21401DD0020F9434DD5E9062300EA020401EA030699
S21401DD1054EA060313D0670104F0806010D56B68DF
S21401DD20180623D43B4B234093BB3B4B06F0200203
S21401DD302340134356D12046314618F0F9F8F8BD72
S21401DD40A4F1080333431CD1EB7A012B42D16B6853
S21401DD50D90743D50323EB7204206B8C01336B8404
S21401DD60FFF79CFF012018F0E8F8E4E72B1D53E8C5
S21401DD70003F23F08003291D41E80032002AF5D137
S21401DD80DDE7A4F10C03334317D118F0D6F8DBE72F
S21401DD9024F0011323F4A0433343C6D1EB7A012BBD
S21401DDA018D140F201436A680520934314BF00234B
S21401DDB00323EB72FFF772FFBDE7231F334302D144
S21401DDC018F0BCF8B7E704F17F433343AAD1EB7AE6
S21401DDD0022B0FD0042018F095F8ACE713F400637B
S21401DDE0BAD1B8E70420FFF771FF4FF0006001F0E9
S21401DDF061F9A0E76B689A0706D50423EB722B8CB2
S21401DE00032001332B84ABE713F02003F7D1F5E7AA
S21401DE10680F0020015001000DD50155014B986A8D
S21401DE20704700BF680F002010B5064CA06A1CF0B2
S21401DE301AFD28B9A06A1CF018FD00F0010010BDFB
S21401DE400120FAE7680F0020014B986A1CF00FBD0D
S21401DE50680F0020024B5868C0F34020704700BF8F
S21401DE60680F002010B504464FF40070FFF71EFF40
S21401DE70084B986A1CF0FDFC38B10CB9002010BDA7
S21401DE804FF40070FFF722FFF8E7002CF6D00C20C5
S21401DE90F5E700BF680F00202DE9F04F046806463D
S21401DEA08846574D89B0002C48D02046A7791DF0EA
S21401DEB007FD0C3727443C890A38B8F1FF3FA4EB2D
S21401DEC0000402D04445A8BF4446B5F83890B0EBEC
S21401DED0090713D4002C0EDD6D6B36683D44FF2C0C
S21401DEE0224629463046A8BFFF221DF047FC241AC9
S21401DEF036680544F3D109B0BDE8F08FA9EB0009F7
S21401DF00A145A8BFA146296BC846D6F800A001EBDB
S21401DF10000BB9F1000F0DD04246FF2A5946504674
S21401DF20A8BFFF221DF02AFCB8EB0008DAF800A013
S21401DF308344F1D1A4EB09044F44CBE70321A86A3B
S21401DF4003AA1CF0EDFBBDF80E70A14602940A3739
S21401DF5002ACE86209E023601B682B602368C3F803
S21401DF6000902368002F1C4611DD2B68453F002BCF
S21401DF70F1D101201DF0E3FD034620600028F1D118
S21401DF80019002A81DF017FC019B3360B3E72B1D1F
S21401DF9053E8003F43F008032A1D42E80034002CF2
S21401DFA0F5D14FF0006001F085F80298BDF8102019
S21401DFB043790A2143F001034371069B30606B638A
S21401DFC0059B2A872B638379BDF80E200C33034407
S21401DFD01C711A812A7ADC719A719DF80C20072A25
S21401DFE00BBF0122AB8C1A7101331FBFAB846B8C44
S21401DFF003F1FF336B841DF0B5FB346855E700BFB2
S21401E000680F00202DE9F041877905460C37C419C1
S21401E010237986B013F002081BD1174E43F0020392
S21401E02023716A46D6E90A011CF07EFB23896946FC
S21401E0300333B06AADF804301CF078FB009B9DF901
S21401E0400E00EB51FFF7E0FD6071B37A022B03D8A7
S21401E050E37106B0BDE8F0819DF81130012B04D0C4
S21401E060022B04D02BB90423F2E70323F0E70123A4
S21401E070EEE784F80780ECE7680F002037B5124B0F
S21401E08000F00F041B88012CADF8043015D0022CCB
S21401E09015D18DF8044042F222000C4D6B68034006
S21401E0A0A3420ED0FFF702FE2046FFF70FFEA86A36
S21401E0B001A91CF0C1FA03B030BD2024EBE700240F
S21401E0C0E9E70020F7E700BF04CA0300680F002055
S21401E0D02DE9FF411746022300250E46124C8046C5
S21401E0E0A06AE372CDE902550AF06CFE3846029644
S21401E0F08DF80C5017F01EFF0090617AA06A2A4630
S21401E10002AB0AF09BFE044648B94046FFF7B6FF4D
S21401E1103B4604462A460121304617F007FF2046B3
S21401E12004B0BDE8F08100BF680F002037B5144B7E
S21401E13000F00F041B88012CADF8043014D0022C1B
S21401E14016D0002441F601000E4D6B680340A34231
S21401E15013D0FFF7ABFD2046FFF7B8FDA86A01A96B
S21401E1601CF080FA03B030BD04238DF80430E9E7D3
S21401E1708DF804404FF40064E4E70020F2E700BFA6
S21401E18004CA0300680F0020002210B5084C104690
S21401E190114617F0CAFEA06A0AF014FE17F0D0FE68
S21401E1A020461DF008FBBDE810400820FFF77EBDA5
S21401E1B0680F0020014B986A1CF097BB680F00207F
S21401E1C038B5154C0546A37A834210D0431E042B5E
S21401E1D008D8DFE803F0030D11161800A06A0BF04B
S21401E1E03BFA20B92846A57200F03CFD606138BDB7
S21401E1F0A06A17F0AEFEF4E70121A06A17F0ABFEA5
S21401E200EFE70321F9E7FFF725FE0028EAD0A06A29
S21401E210FFF7D0FFE5E700BF680F002073B504469F
S21401E220408900F02FFB0E4DA07B0026287217F0C8
S21401E23054FE6872E07B00F00F00FFF7C1FF009606
S21401E240A37BD4E90021A86A1CF073FB3246314651
S21401E250304615F0E5F8206817F071FE02B070BD83
S21401E260680F00200122094B10B50C46DA72FFF741
S21401E2705DFF10B1042017F045FE22460021012063
S21401E28017F053FE15F0CDF810BD00BF680F002043
S21401E290F8B5044615F0C6F80746A179E279114E9D
S21401E2A0521A0C310123B06AD2B221441CF032FA60
S21401E2B0E579A379ED1A57FA85F524680CB9356125
S21401E2C0F8BDA179E2790023521A0C31D2B2B06AB4
S21401E2D021441CF01FFAE379A2799B1A55FA83F5BB
S21401E2E0EBE700BF680F0020F8B502230E4E0D467F
S21401E2F0F372FFF7C3FE044620B1BDE8F8400420E0
S21401E30017F000BE284617F015FE07462A46214696
S21401E310012017F00AFE3B462246717AB06A0AF0DF
S21401E3207FFD0028E9D1F8BD680F00200222084BC6
S21401E33010B50C46DA72FFF7A1FE10B1042017F0F3
S21401E340E1FD22460021012017F0EFFD10BD00BFC0
S21401E350680F0020014B187B704700BF680F002034
S21401E36068B1084B194653F8042F0AB18242FAD213
S21401E3705B1A9B10013BDBB2034A13737047012300
S21401E380FAE700BFE0C90300680F002010B5084C8B
S21401E390606810F480700AD0A06A1CF0D8F930B911
S21401E3A00121A06A1CF0D1F980F00100C0B210BDB5
S21401E3B0680F00200023F0B5012785B0194E0093A1
S21401E3C08DF80C30C0F340138DF80E30C0F30013F7
S21401E3D004461546F7728DF8047002918DF80D30DB
S21401E3E0FFF7A4FE20B1042017F08CFD05B0F0BDA8
S21401E3F0284617F09FFD717A03466A46B06A0AF00E
S21401E40029FD2A46C4F380110646384617F08DFDCD
S21401E41015F007F8230601D5FFF7B8FF002EE2D165
S21401E420E4E700BF680F00202DE9F0434FF0010933
S21401E43085B0244D04460E469046002110226846BB
S21401E4401F4685F80B901CF083FEA86A0AF0BAFCFA
S21401E4500023E20600968DF80430CDF8088005D535
S21401E4606B691B888DF80D90434402930023384650
S21401E4708DF80C30C4F340138DF80E3017F05AFDAA
S21401E4806A460346697AA86A0AF0E4FC28B10420C1
S21401E49017F038FD05B0BDE8F0832046FFF746FECD
S21401E4A03B460121C4F380120546304617F03EFD77
S21401E4B014F0B7FF230601D5FFF768FF002DE6D15C
S21401E4C0E8E700BF680F0020044B5A68D20503D561
S21401E4D00021986A1CF039B9704700BF680F002008
S21401E4E038B5114CE37A23B100221146104617F0D5
S21401E4F01CFD00252846E57217F01FFDA06A0122C3
S21401E50003211CF028F82A46A06A01211CF010F904
S21401E510FFF7DAFF8020FFF7C9FBBDE838404FF46C
S21401E5204050FFF7D3BB00BF680F002008B5FFF7C8
S21401E530D7FF044A0620D38C0133D384BDE80840B4
S21401E540FFF7ACBB680F0020F8B51B4D6B68590789
S21401E55004D50420FFF7AAFBFFF7E8FF6B681A074C
S21401E5600FD512F0EEFE0646FFF75EFB0446124F8D
S21401E57024B101201DF0E3FA0146A8B9304612F095
S21401E580E6FE6B68DB0615D51020FFF78FFB00F063
S21401E5907BFB78B112F0D5FE0446FFF7C7FF204695
S21401E5A0BDE8F84012F0D3BE3846013C1DF0F4F940
S21401E5B0E4B2DDE7F8BD00BF680F0020014BD86369
S21401E5C0704700BF680F002073B50F4B04469B7D54
S21401E5D00E4EFF2B15D10023ADF804000DF10302FA
S21401E5E0B06A01A98DF803300BF000F89DF80350CE
S21401E5F022462946B06AF6F7EDFB40EA052002B04E
S21401E60070BD034B1D78F3E7F8280020680F002043
S21401E610F2280020044BC2B2C0F30721986A82B0E8
S21401E62002B0F6F755BC00BF680F002010B50D4CC0
S21401E6300021A06A1BF0E6FF0B49A06A1CF03FF818
S21401E640FE21A06A1CF02AF8A06A0AF0E9FD074B31
S21401E650B3F910208242C8BF18821A8A9A805A8A51
S21401E660DA8010BD680F0020F2280020F82800206C
S21401E670F0B585B0ADF80210ADF8042069464FF04C
S21401E680C812ADF806304FF08213ADF80000CDE9A0
S21401E690022304200B460C4C02ADB4F91070B1F9FC
S21401E6A0002035F9026BBA42A8BF3A46B242A8BF6B
S21401E6B03246013821F8022BF1D103CB034BA0607F
S21401E6C0596005B0F0BD00BFF828002000290020E1
S21401E6D073B50546F6F76AFC314E0368314C336074
S21401E6E08388FF2DB3804FF00003A3702380337817
S21401E6F018BF1D46A5752C4D8DF801300DF103038D
S21401E700A86A0DF102020DF101011CF0A7F89DF8AF
S21401E710013040B90133DBB20D2B8DF80130EDD954
S21401E720012002B070BDA27DFF2A00D0A3758DF82E
S21401E730053033709DF802308DF804300198FFF7EC
S21401E74069FFC828A8BFC8209DF8033020828DF82D
S21401E75004300198FFF75EFF144B9842B8BF184685
S21401E7606082B4F91000FFF72FFFADF8040001989E
S21401E770FFF750FF2082B4F91200FFF725FFADF82E
S21401E78004000198FFF746FF4FF6FF73A382642348
S21401E79060821A4618461946FFF76AFF0020C0E74E
S21401E7A0F2280020F8280020680F00200CFEFFFF4A
S21401E7B00346034AB2F906000BB1FFF72DBA7047BC
S21401E7C0F8280020084B10B5B3F9044030B903EB24
S21401E7D04103B3F906309C42A8BF1C46A242A8BF1B
S21401E7E02246104610BD00BFF8280020014BB3F9A1
S21401E7F012007047F8280020014BB3F9100070474B
S21401E800F828002073B5064612F09BFD0C4D044611
S21401E810B5F91200B5F91030B042B8BF304698428B
S21401E820A8BF1846FFF7D0FEADF804000198FFF721
S21401E830F1FEE880204602B0BDE8704012F087BDC8
S21401E840F828002073B5064612F07BFD0C4D0446F1
S21401E850B5F91000B5F91230B042A8BF304698425B
S21401E860B8BF1846FFF7B0FEADF804000198FFF7F1
S21401E870D1FEA880204602B0BDE8704012F067BD08
S21401E880F8280020F0B5C0F3072585B0FE2DADF8B9
S21401E890040027D09DF8047012F053FD124C064672
S21401E8A0637DAB420ED0114B02A918689B8802907B
S21401E8B0ADF80C300E4B8DF80850986A1BF0FFFE31
S21401E8C0FF232375237DBB4206D0094B3946986A40
S21401E8D01BF0E4FE27756575304605B0BDE8F040CF
S21401E8E012F035BD05B0F0BDF8280020F228002052
S21401E8F0680F00202DE9F04707460E461446DFF85C
S21401E900409086B00DF10808A9F1100A3A46802118
S21401E9105046CDE900980A4BF6F7D0FF0028F5D10E
S21401E920102C254628BF102530462A4641461CF0A5
S21401E9301AFC641B2F442E44E8D106B0BDE8F087CC
S21401E940A329002030B589B020226946FFF7D2FFFF
S21401E9506A460C4D04AB144603CC9C4228606960A1
S21401E960224605F10805F6D1074C08AD1A4603CA3A
S21401E970AA4220606160134604F10804F6D109B08A
S21401E98030BD00BF93290020A329002010B588B010
S21401E9906946202012F0A4FA044630B96846FFF70B
S21401E9A0D1FF0122024B83F82020204608B010BD7B
S21401E9B09329002070B5134B054693F820300C467A
S21401E9C08CB00BB9FFF7E2FF0023CDE90033CDE9A8
S21401E9D0023354B91C22214605A804941CF0B8FB46
S21401E9E004A8FFF7AFFF0CB070BD102C264628BF59
S21401E9F01026294632466846FFF77CFF3544A41B9D
S21401EA00E7E700BF93290020174B2DE9F047D3F81D
S21401EA10048098FAA8F4B4FA84F406460F464FF038
S21401EA20010A1D6804EB440293F8089005EB820581
S21401EA304C4504DB4FF0FF342046BDE8F0870AFA68
S21401EA4004F313EA080F0BD0AB6803F00103B342DB
S21401EA5006D10622294638461CF050FB0028EBD08A
S21401EA6001340C35E4E700BF982100200022014B59
S21401EA705A60704798210020F8B5044624EAE474E9
S21401EA8012F05FFC202CA8BF2024104D06462B7ADE
S21401EA90A34205D10024304612F059FC2046F8BDA9
S21401EAA0002728682C726F6010B112F0F9F92F60F8
S21401EAB02B7A002BEED00C20604312F0D3F928609D
S21401EAC00028E7D107242872E5E700BF9821002037
S21401EAD0044BD3F8012002605B7903F01F03037136
S21401EAE0704700BFB4290020244BF0B5002918BF99
S21401EAF00B4614460021012512688BB0C3F801208D
S21401EB00227919705A71C1F3C402A65C01F007029A
S21401EB1005FA02F21642CFB207D01A7802F1280699
S21401EB206E44013206F8287C1A7001312529EAD193
S21401EB301A7828B16946981D1CF015FB0BB0F0BD7C
S21401EB40002AFBD001260533C0F3C405675D00F03B
S21401EB50070506FA05F52F42C1B208D1B1FBF2F559
S21401EB6002FB15110AAD55FA81F111F8281C013086
S21401EB70252803F8011FE7D1E0E700BFB4290020EC
S21401EB80034B002818BF03460B449879704700BF13
S21401EB90B4290020224B10B5002814BF84469C4699
S21401EBA04FF0010E82EA124290B280EA010393FA14
S21401EBB0A3F31BBA9BB203EB031303449BB293FA72
S21401EBC0A3F31BBA9BB203EB031303449BB293FA62
S21401EBD0A3F31BBA9BB203EB031303445840114C37
S21401EBE082B2A4FB0234131B04EB5304630903EB48
S21401EBF0C30103EB8103D31AC3F3C401D8B2614442
S21401EC0003F007030EFA03FE4B7813EA0E0F01BF5B
S21401EC109CF8003053430CEB134C9CF8060010BDD7
S21401EC20B42900204D91CFBA064B074A01201A603D
S21401EC30064B074A1A60074B074A1A60074B084AF1
S21401EC401A607047EC1C002095600300E81C002049
S21401EC50CD600300E41C002093600300E01C00204C
S21401EC60CF600300052808BF03200622024B0138A7
S21401EC7002FB0030704700BF06CA0300014B186E46
S21401EC8080B2704700C001B80A4BD86800F07060C7
S21401EC90B0F1106F0CD008D8B0F1E06F08D0B0F129
S21401ECA0006F14BF002001207047B0F1406FF8E7F5
S21401ECB001207047000002B8431C07B5014606D084
S21401ECC00023044ACDE90033034813F019FB03B0CF
S21401ECD05DF804FB7B610300CC22002070B50E4674
S21401ECE01546044618B302F0E1FD10B3236813F489
S21401ECF0807F18BF0122104B18BF1A700F4A1B786D
S21401ED0014600F4A16600F4A15601BB918F063FAB3
S21401ED1002F0B6FD12F09AF802F098FC0A4B0B4886
S21401ED20197802F09FFCBDE8704002F039BA212044
S21401ED3070BD40F20440FBE7E0290020B821002026
S21401ED40B4210020B0210020792A0020650E03009E
S21401ED502DE9F04186B012F04DF88A4B8A4D1A78AB
S21401ED6011208A4911F076FE2B6851215A685423E6
S21401ED70B2FBF3F2002392B2184611F001FE0446EC
S21401ED80002840F0F18011F0BFFE814B1968814BDD
S21401ED90186809F0DDFB00F059F90446002840F038
S21401EDA0E3802B681C7F002C00F0B080102C28BF5D
S21401EDB010241CF04CFC621C81B200230820D2B245
S21401EDC011F0DEFD0446002840F0CE800A20724A8B
S21401EDD0724911F009FD0446002840F0C58011F083
S21401EDE089FB0221322004AA00F006FA28B94FF066
S21401EDF0FF30BDF810101BF08BFC6E460023324628
S21401EE0006212C208DF8063000F0F6F958B9304668
S21401EE1017F093FF08B130287AD13C2000F00AFAA7
S21401EE202C2000F007FA9DF80630190740F1818082
S21401EE3096E80300ADF80C10090C02908DF80E1040
S21401EE409DF8063013F0280F07D1DDE90201ADF871
S21401EE500410090C00908DF806102B68186900281C
S21401EE607CD12B68586900F037F92B6893F822207B
S21401EE70D2077DD413F0D4FA02A9024607462868C1
S21401EE8017F07FF9044600286ED10AF087FD13F0CB
S21401EE900BFB0446002867D1012000F039FE404BE9
S21401EEA018681CF0AFFF044600285DD118F0B2FCCC
S21401EEB0044602F0BBFF804618F012F841460246AF
S21401EEC0204616F09AF8044600284DD12B681B6898
S21401EED09B050CD4B7F5FA7F09D912F02BFA01215C
S21401EEE007460846F8F7B4F9384612F027FA2B68B1
S21401EEF09A692C4B1A6017F08EF92B4B1860304626
S21401EF0000F09EFE294811F069FC2DE0042450E72C
S21401EF1001213C2004AA00F06FF940B99DF8103099
S21401EF20012B14BF492372238DF806307BE7492352
S21401EF30FAE7F5F74DFECDE90401030C8DF80A302A
S21401EF40BDF81530ADF80800ADF80B309DF8173058
S21401EF508DF80D3049238DF80E3071E717F038FE25
S21401EF60044600283FF47DAF204606B0BDE8F08198
S21401EF7093F8230018F030F900283FF47BAF40F2F5
S21401EF800C44F1E7792A0020B8210020650E030021
S21401EF90E40A0020040B00201B6203001762030032
S21401EFA0B4210020F0220020EC220020B9EC010060
S21401EFB00022032101481CF0EFBA00BF8423002081
S21401EFC0F8B5114818F010F8E0B917F024F90F4D0C
S21401EFD00D4E286006F10C07286817F064FE11F044
S21401EFE0C5FA0446304617F0FBFF10B938461CF048
S21401EFF0E2FB02F0EBFB08B9002CEDD1BDE8F840CE
S21401F00017F06DBFF8BD00BF140B0020EC220020E6
S21401F01008B5054B1B782BB917F095F8B0FA80F0B8
S21401F020400908BD0020FCE7DF290020012310B5B8
S21401F030044C2370044B1B6803B1984700232370CC
S21401F04010BD00BFDF290020F02200200D4B9842A2
S21401F0500DD8023B984210D870B1023B98420ED0B0
S21401F06020F0704020F4604000F590607047064B39
S21401F0709842F5D140F21C4070472120704740F27B
S21401F0801B4070470AE000F00BE000F04FF08052A2
S21401F090014B5A60704700BF00ED00E00023044AB0
S21401F0A052E8000F42E800310029F9D1FBF7C0BD54
S21401F0B0F8220020064A52E8003F034342E80031A6
S21401F0C00029F8D1034B1B6803B11847704700BFEE
S21401F0D0F8220020F4220020034B002814BF024629
S21401F0E01A46024B1A6070478DF00100F422002088
S21401F0F037B51C68E10705D517F0C8FD164917484E
S21401F1001CF052FAA20723D501F08AFCD0B9144D9F
S21401F110019012F016F9044628461CF06AFB01908D
S21401F120204612F014F9019890B143799B070CD44C
S21401F13001A802211CF03FFC019801F061FC17F0C8
S21401F14054FDE6E717F051FDDEE701F04DFCF6E76A
S21401F150002003B030BD00BF280B00208423002010
S21401F160FC22002008B5054811F0D0F9044B012116
S21401F1701870BDE8084011F0D9B900BF380B00205F
S21401F180E129002038B5044648B112F0DAF8054600
S21401F190214608481CF0F6FB284612F0D8F8064B24
S21401F1A0022193F9000011F0C1F9BDE83840FFF7DC
S21401F1B03DBF00BFFC220020E1290020F8B50C4B22
S21401F1C00C4F04460E4638681968154609F0C0F912
S21401F1D0FFF73CFF50B933462A46386844F480218D
S21401F1E009F090FABDE8F840FFF730BFF8BD00BF60
S21401F1F0E40A0020040B0020F8B50C4B0C4F044623
S21401F2000E4638681968154609F0A2F9FFF71EFF81
S21401F21050B933462A46386844F4802109F0BCFACE
S21401F220BDE8F840FFF712BFF8BD00BFE40A0020B2
S21401F230040B002038B50A4B0A4D044619682868A5
S21401F24009F086F9FFF702FF40B9286844F48021E7
S21401F25009F088FBBDE83840FFF7F8BE38BD00BFAF
S21401F260E40A0020040B00202DE9F043134B0E4660
S21401F2701968134B05468DB01868174609F068F9EA
S21401F28080B933460A222846009702A91AF0B7FF2A
S21401F2904FF0000804460DF10809444505D1002C3D
S21401F2A0EFD120460DB0BDE8F083284659F8041B7F
S21401F2B009F058FB08F10108EFE700BFE40A002057
S21401F2C0040B0020F8B50C4B0C4F06460C4638686C
S21401F2D0196809F03DF9FFF7B9FE054648B9E2435A
S21401F2E016FA82F2386842F4802246F48021FFF74B
S21401F2F0BBFF2846F8BD00BFE40A0020040B00202F
S21401F3000022034B1A609A80FF229A71704700BF51
S21401F310042A0020064A1379834207D9012312687A
S21401F3208340134214BF012000207047002070471D
S21401F33000230020054A03461068002208B91A6017
S21401F3407047C10748BF01324008F7E70023002095
S21401F350014B1879704700BF00230020F0B541EA41
S21401F360002087B040F4902606200F461546F6F793
S21401F3707DF91CF06EFD044640B901461A2004F0E2
S21401F38025FB6FF08C05284607B0F0BD4368866004
S21401F390DAB222B923F0FF0343F001034360062FDC
S21401F3A0204B0CBF40F201114FF48071204616F03D
S21401F3B036FF2361E3696BBB4FF410532380802330
S21401F3C0638002AB2A461E4605F110071D461068EB
S21401F3D05168083203C5BA422B46F7D11021304690
S21401F3E01CF0EDFC10223146204601AB13F0A6FBC3
S21401F3F0054620B1014640F2074004F0E7FA102125
S21401F40030461CF0EAFC204613F0F6FD204611F0CB
S21401F41047FDB8E700234FF410511A4613F0F8FDE4
S21401F420CDE700BF00444004102A2DE9FF470646F9
S21401F4300F46154623D800244FF00109DFF8448013
S21401F440DFF844A0D8F8002009FA04F3134213D0D9
S21401F45046EA042040EA0A006A46E9B280B2FFF7AB
S21401F460CBFE48B92A46394668461BF047FE18B90E
S21401F47060B204B0BDE8F0870134202CE2D14FF031
S21401F480FF30F6E7002300200080FFFF2DE9F3415F
S21401F4901D4E05460146062230461BF02FFE20B9BA
S21401F4A096F9060002B0BDE8F0810024A046EF1CE4
S21401F4B02046FFF72FFFD8B13B88CDF80080ADF886
S21401F4C00330BB786946E0B28DF8053019F0A0FD2F
S21401F4D021280DD0A8B90322294668461BF00EFE46
S21401F4E030B92B6860B23360AB88B071B380D9E7AE
S21401F4F00134202CDCD12B683360AB88B380FF232A
S21401F500B3714FF0FF30CDE7042A0020034B93F987
S21401F5100630013301D1FFF7F3BE7047042A0020FD
S21401F520F7B5044617F000FD631C5AD117F012FC1C
S21401F5300024FFF7E5FE634E3379A3422CD84FF43F
S21401F540004100240846FFF7BDFE20224FF0FF31A0
S21401F5505D4834601BF0FCFD204602F00DFAFF26E4
S21401F56004465A4D5CBB5A4813F0E9F9014630B1DE
S21401F57010F1880F03D040F2074004F027FA0C215F
S21401F580504A43F6FF70FFF719FE202138204E4AF5
S21401F590FFF714FE00202AE02046FFF7BBFE60B10D
S21401F5A065B20521284616F03CFE0321284616F0D2
S21401F5B038FE0621284616F034FE0134BCE794F9DD
S21401F5C07530013305D02B7843B91321204618F046
S21401F5D023F9204602F0D0F90446C3E784F87560A3
S21401F5E0F7E72046FFF796FE18B940F2064003B04B
S21401F5F0F0BD6B4606220021204616F055FE002877
S21401F60048D0492368468DF8063017F0A7FB4FF41B
S21401F6107F41304840EA04200840FFF753FE0521A9
S21401F620204616F0FEFD0321204616F0FAFD0621BF
S21401F630204616F0F6FD01222249E3B29A400B68F5
S21401F64023EA02030B60244B93F90630A34201D14F
S21401F650FFF756FE002005460B791B4A013BC1B257
S21401F660994221DBFF260020D65402F085F9054693
S21401F670164F002D83D095F97530A34205D13B78FE
S21401F680EBB91321284618F0C7F8284602F074F99A
S21401F6900546EEE76B4606220121204616F004FEDB
S21401F6A00028B4D07223ADE75656A64200D025B145
S21401F6B0551895F90150555401250130CFE785F8C5
S21401F6C07560E2E700230020E4290020E2290020FB
S21401F6D0370004000080FFFF042A00202DE9FF41C7
S21401F6E0354C064601A8FFF725FE2379019A934279
S21401F6F01ED86279012A40D100274FF0FF383D46D7
S21401F70010E02368EB40D9070BD5082202AB11465F
S21401F71068B216F0C9FD20B1039B43453CBF2F4696
S21401F7209846013523799D42EBD378B2FFF7F8FE70
S21401F730236813F0010529D0002501220135202D6B
S21401F74018D002FA05F71F42F8D13B432360A3689D
S21401F7500C21013343F6FF70174A7361A360FFF76C
S21401F7602DFDA8B1236823EA07032360A368013BA4
S21401F770A36073614FF0FF3519E0022AFAD10F4AF0
S21401F780134413F9010D421CFBD0CFE70127DCE738
S21401F79022790A4C013A2146D2B2601C1BF0BEFC0B
S21401F7A06DB22246202138202570FFF707FD284636
S21401F7B004B0BDE8F08100BF00230020E42900204A
S21401F7C02DE9F043002489B0B34D04213F2001AA5E
S21401F7D02C70FFF711FD00B10194019F002F4FD04F
S21401F7E000267A1E5742574100242C70AB4D0C213F
S21401F7F02A4643F6FF70FFF7FFFCC0B10D23AB802E
S21401F800019B2C60032BAC6011D803AC224614215B
S21401F81043F6FF70FFF7F0FC48B994E8070085E867
S21401F82007002A460C2143F6FF70FFF7C7FC019B31
S21401F830042B06D004213F200DEB01020191FFF7B6
S21401F840BDFC20213820964AFFF7D6FC28B120229D
S21401F8504FF0FF3192481BF07BFC03222B795B00B3
S21401F860B3FBF2F38F4A1370FFF74AFDF8F768FF10
S21401F870014618B140F2074004F0A8F8002413E04E
S21401F88001263746B0E72B68E340DB070BD5082295
S21401F8904FFA84F81146404603AB16F005FD10B941
S21401F8A04046FFF73DFE01342B799C42EBD38EB1E7
S21401F8B01021372003AAFFF79FFC002853D106200A
S21401F8C0F5F7D4FE1CF0C5FA044690B901461A2095
S21401F8D004F07CF83FB13D20FFF7ACFC00242B7907
S21401F8E09C42C0F0B38017F03BFA002009B0BDE897
S21401F8F0F0836D4A43688260DAB222B923F0FF03CF
S21401F90043F001034360694B40F20111204616F0B3
S21401F91086FC2361E36943BB4FF4105323808023A5
S21401F9201021638003A81CF04AFA102202AB03A937
S21401F930204613F003F90646102103A81CF04DFAE1
S21401F940204613F059FB204611F0AAFA3720FFF79C
S21401F95071FC46B140F20740314604F037F84FF0EB
S21401F960FF30FFF7DDFD00262AE000234FF410519B
S21401F9701A4613F04DFBD2E73046FFF7CBFCF0B149
S21401F98074B210220321204603AB16F08DFC10281A
S21401F990814620D10321204603AAFFF7DFFC8046DB
S21401F9A0494603A81CF019FAB8F1000F0CD040F232
S21401F9B00740414604F00AF82046FFF7B1FD01363C
S21401F9C02B799E42D8D385E748F2030040EA062009
S21401F9D080B2FFF72FFC10220521204603AB16F05C
S21401F9E063FC1028814613D10521204603AAFFF7A0
S21401F9F0B5FC8046494603A81CF0EFF9B8F1000FA4
S21401FA00D5D148F2050040EA062080B2FFF712FC85
S21401FA1010220621204603AB16F046FC102881462C
S21401FA20CDD10621204603AAFFF798FC8046494619
S21401FA3003A81CF0D2F9B8F1000FB8D148F20600BD
S21401FA4040EA062080B2FFF7F5FBB8E72046FFF74D
S21401FA5061FCF0B166B204220C21304602AB16F00E
S21401FA6023FC04280AD1029B0122C3F300238DF84C
S21401FA700C300C21304603AB16F0E8FB00231022B5
S21401FA80CDE90333CDE905330D21304603AB16F03E
S21401FA90DDFB013423E700BFE2290020002300201C
S21401FAA0E4290020E3290020370004000044400434
S21401FAB0F8B5104B044618790F4B00221D46D1B2FB
S21401FAC0884204D913F9017B561CA74204D10B4B7B
S21401FAD01B788B4202D9F8BD3246F0E70649481C2E
S21401FAE01BF01CFB2C702021BDE8F8403820024A90
S21401FAF0FFF764BB00230020E4290020E32900204F
S21401FB00014902481BF050BD480B00208423002009
S21401FB1010220A4B2821DA826422C3E906124FF624
S21401FB20FF721A8402225A60002283F82B200F22C9
S21401FB3083F82D0083F82C20704700BF0C2300208B
S21401FB4038B502F093FC40B9094B48241A6893F87B
S21401FB502A1003462432994200DC38BD04FB03F523
S21401FB605559ED0601D40133F5E70120F5E700BF4D
S21401FB700C23002038B5104C94F82B30D3B16268B2
S21401FB8012F0010516D104F1080003F0A3FFFFF7F8
S21401FB90D7FF78B14EF6602294F82C304FF482717C
S21401FBA0534306482A4610F043FE18B9636843F0EB
S21401FBB00103636038BD00BF0C23002084230020AE
S21401FBC022F00042052A10B50DD0B2F5827F13D07F
S21401FBD0032A06D1114A536823F00203536002F048
S21401FBE04DFC002010BD0D4A1B88118D9942F8D19D
S21401FBF0002313850120F5E7084B5A6893F82B403C
S21401FC0022F00102012C5A60F4D102F0BDF9FFF78F
S21401FC10B1FF204602F07CFCECE700BF0C2300207D
S21401FC20004870471B230020044890F82B1000F171
S21401FC300F020830012918BF104670470C23002018
S21401FC40F0B48279034612F0280F26D00025144A14
S21401FC50016892F82A60C2F80F108188A2F8131082
S21401FC60817951751168AE4207DCF0BC53680320F8
S21401FC7043F00403536002F04BBC4C6A14F4404F4B
S21401FC8008D1186844F0080408609F8898798F8026
S21401FC9088714C6201354831E5E72120F0BC704798
S21401FCA00C2300204379024A9B09D05C704700BFB1
S21401FCB038CA03000B6810B503608B88FF2A044618
S21401FCC0838002D10723A37109E0032A08D8054BD4
S21401FCD09B5C072B837102D1FFF7E4FFA07110BD77
S21401FCE00023F0E73CCA03008379024A03F00703C6
S21401FCF0D05C704730CA030010B582798B79094C05
S21401FD0002F0070203F00703A25CE35C9A4206D105
S21401FD1006221BF0F3F9B0FA80F0400910BD00206E
S21401FD20FCE700BF28CA03007FB5134B0E46054605
S21401FD3004460393A0B117F077FE78B90022314646
S21401FD40204617F0A6FF022807D10123314600936B
S21401FD502046042303AA16F07EFB0DB104B070BD45
S21401FD60204617F030FE04460028F7D017F05CFE58
S21401FD700028F5D1E2E700BF0100FFFF2DE9F04FB3
S21401FD8097B08346099117F095FD099883790C334E
S21401FD90C45CC5181BF094FD1E2C0646099F24D88A
S21401FDA0012C26D9C54BE340DA0722D5384697F809
S21401FDB006801BF085FDBBF80A2083B29A4228D242
S21401FDC014F0010240F0A18004F07F03522B00F0F2
S21401FDD09C801E2C00F09980099B21460093584672
S21401FDE0042317F0AAFA21240CE004F07F03522B17
S21401FDF0DCD02146062300225846009717F09DFACC
S21401FE0041F20614584617F05AFD204617B0BDE8D1
S21401FE10F08F47443A7B013B1E2A9BB242D8012A07
S21401FE20CED9023A1C2ACBD801A151F822F000BF44
S21401FE30C1FE0100C1FD0100C5FE0100C1FD0100BA
S21401FE40BBFE0100C1FD0100B1FE0100C1FD0100C4
S21401FE50C1FE0100C1FD0100C5FE0100C1FD01009A
S21401FE60C9FE0100C1FD0100B1FE0100C1FD010096
S21401FE70F7FE0100C1FD0100C1FD0100C1FD010049
S21401FE80FBFE0100C1FD0100FFFE0100C1FD0100F6
S21401FE90C1FD0100C1FD0100C1FD0100C1FD010060
S21401FEA003FF0100522A26D0D22A89D10D2B05E064
S21401FEB0062B0FD0142B83D10CE0052B80D909E03B
S21401FEC0022BF8E7042BF6E7032B7FF679AFDB0767
S21401FED03FF576AF022C00F0F380DBF800309B682C
S21401FEE09F0516D40BF144001BF065FC099BCBF86B
S21401FEF04430002486E7012BE0E7032BDEE7012BE5
S21401FF00D9E7002B7FF45CAFE4E709A81BF053FCAC
S21401FF1069E71E2C584600F0918317F085FD0746C9
S21401FF20002840F08280584617F079FD00287CD0E2
S21401FF3004F07F03522B00F0BC80082C68D1B6B2C7
S21401FF40152E14BF02201020691D17F053FD00283E
S21401FF505ED0DBF81430D8074BBF23F0010343F023
S21401FF6001033946012158464CBFCBF81430CBF873
S21401FF70143017F070FD09980D9017F04CF90446EF
S21401FF80B0F80180B0F803900D981BF099FC152885
S21401FF9014BF0225102505342146284602F0AAFF83
S21401FFA021460390284617F025FD0490B8F1000F6E
S21401FFB000F04381C84500F24081022109200D9AD4
S21401FFC017F04CF9BBF80A708246023FBFB23E46B4
S21401FFD040464FF0FF354946039A18F00CF80446A0
S21401FFE0002800F06C8117F0D9FD002800F084810C
S21401FFF001222146584617F07BFE03468DF82E0057
S214020000002800F01F810D9A009222460821A3E0E4
S214020010DBF8143013F001063CD023F00103002174
S2140200205846CBF8143017F016FD1E2C63D8032C56
S21402003066D9231F142B63D801A252F823F000BFFF
S2140200400F03020001010200FF0302000101020089
S21402005077FF010001010200E5040200010102002F
S2140200600305020001010200190502000101020057
S2140200700D010200010102000D060200010102004C
S214020080010102000101020029060200010102002C
S2140200903306020043F0010301215846CBF8143020
S2140200A017F0D9FC1223324621465846009617F01E
S2140200B044F909A81BF07FFB1BE700BF54554541D6
S2140200C0099DBA4C284617F0A6F82188B0F80160B8
S2140200D02A46584617F046F92388BBF80A10B34258
S2140200E028BF3346172BB8BF17235846ABF80A303B
S2140200F017F0CCFBFDE6522C00F08F82D22CD8D023
S214020100099B002200932146062325E0099F3846D4
S21402011017F081F80546B0F80180B0F803A038461B
S2140201201BF0CEFB15280CBF20460220691D02F0EC
S214020130E1FEB5F8053004900793B8F1000F07D03A
S214020140D04505D818F0AEF850B91023009701E054
S2140201500123009742461021584617F0EEF8C8E6EB
S2140201603A460221112017F079F844464FF0FF353F
S214020170BBF80A3005909E1E0393063B9BB2B6B2AE
S214020180089351462046049A17F035FF814668B315
S2140201905146079A17F07CFF0446484617F0FEFCC5
S2140201A040B94FF6FF739C4201D00134A4B25445C5
S2140201B0E7D91BE04FF000030DAAADF834304946EC
S2140201C00CAB584617F031FE039ABDF83430053AA8
S2140201D09A42089A0690D8BF1346002DADF83430DE
S2140201E009DB9D4202D1EB1CB34208DB691C1CD121
S2140201F00A230097AEE7351F9D42A8BF1D4604227C
S21402020011A93846ADF84490ADF846401BF095FD6E
S2140202102A46384606991BF090FD4FF6FF73043EB9
S214020220761B9C42B6B2C0D1E0E73946059B043540
S2140202305D70584601F094FC5BE60D9B009301232B
S2140202404246E3E6049B13B1204617F08BFC204699
S21402025017F0BCFCD8B1002D54DC0DA81BF0ABFA8D
S214020260082358468BF81C3050F80C2B40F20251EB
S21402027092F870208DF8483000238DF8442011AA99
S214020280ADF84640ADF84A301BF0CAF931E6ADF893
S21402029044000DF12E032146584611AA17F0C5FD5B
S2140202A0BDF844300590BB4228BF3B46002DADF852
S2140202B044300ADBAB4202D16B1CB34209DB6A1C38
S2140202C00D9B1FD100930A23BAE7B51E9D42A8BF15
S2140202D01D4602220CA90D98ADF830401BF02DFDEC
S2140202E02A4605990D981BF028FD4FF6FF73023E2D
S2140202F0761B9C42B6B2E2D0601C80B28145BFF447
S2140203006AAEDCE702350D998AF8015091E7DDF80E
S2140203102490484616F07FFFB0F80330B0F801800C
S2140203200493B8F1000F43D0984541D84FF6FF77B3
S2140203304A460221052016F091FF4546BA46BBF80A
S2140203400A400590023CA4B22946584617F02EFFF2
S214020350504506464BD04FF400622946584617F0E1
S214020360C7FC00283ED1304617F0B8FF00280CBF65
S214020370022310235745039320D0304617F0AEFFD2
S2140203800690384617F0AAFF069B834203D1039BCA
S2140203900133A34213DB384617F0A0FF059B01305A
S2140203A019465870584616F0B1FFA2E5EA0C00202E
S2140203B00123CDF8009042460421CDE637460DF1E2
S2140203C046013046ADF8445002F0EAFD039B48462B
S2140203D09A1C11A91BF0B1FC039B023CE41A55457A
S2140203E0A4B2D8D0049B0135ADB2AB42ACD24FF624
S2140203F0FF739F42CFD10A23CDF80090DBE7DDF8EA
S21402040024900024484616F006FFB0F80530B0F8EF
S21402041003A0B0F801600746484603931BF050FA63
S214020420C51FADB2102D0C9458D82A46F91D0DA83A
S2140204301AF099FE002E53D0564551D84A4601214D
S214020440072016F00BFFA046074633460A249A45B5
S214020450049307D93946BBF80A0016F0E2FE0328D1
S214020460049B04D8B8F1000F1AD039469AE7ADF8C3
S2140204704430039B5846ADF848300DAB13930BAA95
S2140204800DF12E0311A9ADF846A0ADF8505017F0A5
S2140204902BFE0A280446E5D0BDF82C3030B11E46A5
S2140204A0234632460621CDF8009055E6ADF83030A8
S2140204B0BDF82E300CAAADF8323039460423BBF80C
S2140204C00A0016F0B9FE4FF6FF72BDF82E309342C0
S2140204D0CBD001334FF001089BB2B8E70424DFE724
S2140204E00124DDE70A23099C8BF81C30204616F00F
S2140204F092FE23460022B0F80110584616F07BF80A
S214020500F7E4099C204616F086FE0C238BF81C3076
S214020510B0F803202346EEE7DDF82480404616F0C6
S2140205207AFE054640461BF0CBF90023441EBBF874
S2140205300AA08DF8343061D014F001075ED120464F
S21402054010F090FC064600285ED00AF1FF332246E1
S214020550691C03931AF007FE424601210F2016F08B
S2140205607DFEB1460490002C04DC304610F098FC68
S214020570049917E739F8025B01222946584617F014
S214020580B7FB023C8DF8340068B9284617F028FA03
S21402059010B1284617F0E6FA284617F017FB60B1A6
S2140205A080238DF83430304610F07AFC2A460E212D
S2140205B09DF83430CDF80080CEE529460DAB58467E
S2140205C011AA17F032FC9DF834300146002BEAD10E
S2140205D0039BBDF84420DB1B9A42C2BF0AF1FF33DD
S2140205E0DB1BADF844304046BDF844201BF0A5FBAB
S2140205F0BDF844309842B8D31F44B4E7042300251C
S2140206008DF834302E46CEE71123F8E75846099A7D
S214020610B5F8011016F08DF86BE45846099AB5F84D
S214020620011016F0E1F864E45846099916F01BF931
S2140206305FE45846697816F081F93AE516F09EF9B5
S21402064037E500BF7FB5174A0646136842F605200F
S21402065023F00803136017F009FD054650B16846FB
S21402066002F000FB002017F0AEF9044620B9294636
S214020670FFF75AFB04B070BD1022684604F1210150
S2140206801AF03CFD38B10121204617F0E4F96369FF
S21402069023F0010363611EB13146204617F0B7FD11
S2140206A02046E0E7F023002007B5837801916A46EA
S2140206B0082104488DF800301AF0B2FF03B05DF846
S2140206C004FB00BF842300200022054BC3E903225B
S2140206D0C3E905221A70DA614FF6FF725A84704730
S2140206E060230020014B1860704700BF5C23002087
S2140206F082780D4B13B55A60B0F8032091B21029D8
S21402070010D040F60344A1420CD041795B8C8DF8A0
S2140207100210ADF8042005216A460448ADF8003000
S2140207201AF07EFF02B010BD602300208423002052
S21402073073B5837901900C33C418C35C132B0ED89F
S214020740042B10D9053B0E2B0DD8DFE803F01E0C48
S2140207500C1E0C0C0C0C0C161A0C0C0C2300302B5A
S21402076013D03E2B1BD0F9F7D1FF019B834202D058
S21402077001A81BF020F802B070BD2046FFF7B8FFB4
S214020780F1E7E2780E4B5A60EDE7204601A901F048
S214020790A1FFE8E7204601A916F0A5FBE3E700253E
S2140207A0084E019B3BB1204656F8043B01A9013591
S2140207B098470E2DF5D101A81AF0FDFFD3E700BF2A
S2140207C06023002040CA030007B500F013F920B1E9
S2140207D003B05DF804EBFFF7ABBF00F017F901902A
S2140207E018B1054B1B681BB1984703B05DF804FBB4
S2140207F001A81AF0E0FFF8E75C230020024610B1D9
S214020800022804D07047032102481AF0C5BEFFF73B
S214020810DBBF00BF84230020024B1A78024B53F83A
S214020820223018476023002078CA030010B5044619
S2140208300120FFF7F1FF034B00201C70BDE81040BB
S214020840FFF7EABF6023002010B50446062142F2F5
S214020850050016F0D0F92368C0F80330A388A0F884
S21402086007300648F9F774FF16F009FA407920B106
S21402087016F005FA407940F4805010BD3D4803005A
S21402088010B5044606214FF6284016F0B4F9236840
S214020890C0F80330A388A0F807300648F9F758FFD7
S2140208A016F0EDF9407920B116F0E9F9407940F4F6
S2140208B0805010BD4DA8010038B505460C4669B9F2
S2140208C0022142F21B0016F096F9B5F86E30A0F837
S2140208D003300D48BDE83840F9F73ABF122142F21C
S2140208E01A0016F088F92146B5F86E30053020F861
S2140208F0023C04F1100351F8042B994240F8042BF1
S214020900F9D10248E6E700BF874A0300C34A03005C
S21402091001481AF06EBF00BF7023002040F6FF7336
S2140209202DE9F3410D46B0F86E100192994205D1B9
S21402093001A81AF040FF02B0BDE8F0811146134646
S21402094001229BBB1E481BF01DF8FFF7E1FF044681
S2140209500028F0D01AF0B4FF6379074603F00108C6
S2140209606FF30003637104212046A6681BF0EBF8C0
S2140209704379044668F300034371DB438179B6F892
S2140209806E200C31866003F001036254C2F3032228
S214020990084442EA031242704780224630462946FD
S2140209A016F0A6FA2046F9F7E7FECEE75C799860DD
S2140209B024F0030414435C7100221B68C1E700BFE5
S2140209C07023002070B50546064C206800B970BD3D
S2140209D08368AB4204D1066810F0D4F82660F4E7C8
S2140209E00446F2E770230020014601481AF0CABF07
S2140209F07423002001481AF0FCBE00BF74230020B6
S214020A00014601481AF0BEBF6C230020034BD8688B
S214020A1018B103F10C001AF0ECBE704760230020F8
S214020A20044BDA6822B95869003818BF01207047AB
S214020A3001207047602300200138C0B20A289ABFFE
S214020A40014B185C0020704780CA030007B50648B1
S214020A501AF0CFFE042101900DEB01001AF0ABFF55
S214020A60019803B05DF804FB88230020F7B51868E8
S214020A7010F0020003D0164E316811B9012003B0FF
S214020A80F0BD0024042223460DEB020001941AF066
S214020A9088FEBDF80630DB0702D4FFF7D7FF044610
S214020AA000250C4F57F8043B23B12146BDF804003D
S214020AB0984748B13368002BE0D0074B022193F9E0
S214020AC000000FF033FDD9E70135062DEAD1F1E734
S214020AD0882300208C2300200B2A002010B509480A
S214020AE00FF014FD0024084B0849187020200C60F3
S214020AF010F092F8064BC3E90044C3E90244C3E986
S214020B00044410BD580B00200B2A00208823002026
S214020B108C230020FF2337B50DF107008DF8073030
S214020B2001F0C0FB044604489DF8075000F05CFE46
S214020B308480857103B030BD2003040138B54B793B
S214020B4005465B070C460CD414212046054A16F0CF
S214020B50D0F92046217916F07DFA10B9A3791C4403
S214020B60257438BDA8CA0300837810B5132B0C462B
S214020B7008D1054B1B6803B198472046BDE81040D4
S214020B801AF019BE10BD00BFA423002010B5002124
S214020B900446007816F0E9F848B16178207816F035
S214020BA06BFD0446034800F01FFE848010BD02243D
S214020BB0F8E700BF2002560110B54178007801F030
S214020BC041FB0446024800F00FFE848010BD00BFC1
S214020BD0200256022DE9F74FB0F802C006461CF076
S214020BE0100F1C460C9F9DF934A0DDF838B033D0A8
S214020BF05FFA8CF51CF0080F184614BF05F00805BE
S214020C0005F00F0516F024FE8146384616F020FE43
S214020C1096F90F3080465A46042113480193767897
S214020C2016F0ACFA019BA0B105712268C0F8052047
S214020C30A28880F80B90A0F8092080F80CA04373D5
S214020C4086733B68C0F80F30BB8880F81580A0F822
S214020C50133003B0BDE8F08FCDE90DAB0C9703B0AF
S214020C60BDE8F04F16F02EB9E4CA0300002110B515
S214020C70421D0379044608461BF08CF8024648B12A
S214020C806188208815F010FD0446034800F0ACFD8C
S214020C90848010BD1A24F8E720020A0213B504461F
S214020CA0007816F08AFE70B10023CDE90033E278B0
S214020CB0B4F8011015F0D1FE0446044800F094FD85
S214020CC0848002B010BD2524F7E700BF20020A0484
S214020CD008B50146034631F8030B9A7815F07AFEFA
S214020CE0034800F081FD00230371437108BD00BF75
S214020CF020020A1108B5064906481AF055FC0649AC
S214020D0006481AF051FC064810F07AF8002008BD92
S214020D10700B0020AC230020800B0020A8230020AC
S214020D20680B0020014816F05BB900BF140B0020C8
S214020D3030B5114B0D469942144685B019D1930031
S214020D400FD503A902A80FF007FE08230193039B01
S214020D50E1B2009300222846029B41F000511AF0AD
S214020D6006FC064816F0D4F900B10471012005B05D
S214020D7030BD0020FBE700BFA823002058CB0300AD
S214020D8022F00042B2F1A04F08B504D1034816F093
S214020D90BFF9012008BD0020FCE700BF5CCB0300C2
S214020DA070B5FFF7BFFF90B1FEF73AFF0026044684
S214020DB02046FEF799FF0546064800F015FD868098
S214020DC02268C0F80620A2880573428170BD0226FA
S214020DD0014CEDE72009011534CB0300F7B50546B3
S214020DE0FFF7A0FF002843D02C68002C42DB00232C
S214020DF06F686E7A2D7A1A46204845F000511AF02E
S214020E00A4FB00231D481A4645F080411AF09DFBBC
S214020E1044B308200FF04CFE01282DD9631EB3F50B
S214020E20A37F98BF4FF4A474F6F7A2FFA4FB0004B6
S214020E30C00B40EA4444F6F79BFF002E0CBF4FF06F
S214020E4000514FF080410823A7FB0020D20B42EA54
S214020E504042CDE9002309482346002229431AF0DE
S214020E6086FB0446064800F0BFFC848003B0F0BD53
S214020E700224F7E72124F5E71A24F3E7A823002043
S214020E802002011A00200A4B10B5187100F074FDFA
S214020E9004463CB901F056FBBDE810400549064839
S214020EA01AF0A6BB204616F0BBFC6468F1E700BF4A
S214020EB010290020900B00208423002070B500200B
S214020EC000F05AFD01260446074D04B970BD94F899
S214020ED0723033B12E7116F000F81321204616F048
S214020EE09BFC6468F1E700BF1029002038B5002398
S214020EF0094C2360A38003682360207816F088FCE0
S214020F00054630B9054806491AF04EFB608801F0DE
S214020F102FFB284638BD00BF10290020842300205E
S214020F20900B002022F00042B2F5887F2DE9F047B0
S214020F301C4600F0E5800ED840F203139A423CD0DD
S214020F4040F209139A4200F0C5800E2A00F0B680DD
S214020F500020BDE8F08740F207239A424AD0B2F555
S214020F60037F59D040F206239A42F1D120684C30D2
S214020F70FEF7BAFE25680746664895F8736095F848
S214020F8070A095F9759095F87680A48816F0C0F84A
S214020F900028DDD0EB6C4360B5F8503087720381D1
S214020FA0731E5E425E41C67280F80CA080F80D90F9
S214020FB080F80E80A0F80F40CAE7207800F0CEFC3A
S214020FC00028C5D0544894F80090B4F80280A78848
S214020FD0E688257A648916F09BF80028B8D080F84F
S214020FE00490A0F80580A0F80770A0F80960C57202
S214020FF08481ADE7207800F0B1FC0028A8D06078A4
S2140210002578FFF719FD0446444816F081F80028B3
S2140210109ED0057144719BE7A578012D1ED0022D46
S2140210202DD0CDB9E37894F80080023BDBB2022BD8
S2140210308CBF01253A4A94F90470667998BFD55C4C
S21402104094F90640374816F063F828B180F8048011
S21402105045718771C671047201207AE7E37894F8C5
S2140210600080023BDBB2022B98BF2D4A94F9047033
S214021070667998BFD55C94F906402B48E3E7E37897
S2140210802A48023BDBB2022B94BF254A012594F87C
S2140210900180277898BFD55C94F90490667994F914
S2140210A0064016F035F80028D6D0A0F804808771DE
S2140210B0C57180F8089046728472CDE723460822EE
S2140210C0002113F8014B1A4816F033F80028C3D053
S2140210D00471C1E7174894F800806788A688E588F7
S2140210E0248916F015F80028B6D080F80480A0F8F7
S2140210F00570A0F80760A0F80950A0F80B40ABE70F
S2140211000D481C7816F004F800283FF421AF04714D
S2140211101EE700BFA4CB0300A0CB030098CB0300BE
S21402112060CB030090CB03008CCB030094CB030070
S21402113088CB030084CB03009CCB030010B5007859
S21402114000F00CFC40B1132116F066FB044603487F
S21402115000F04AFB848010BD2524F8E7200206052D
S21402116070B5144606460D46204614210A4A15F066
S214021170C0FE2046217915F06DFF58B9A3790C33CD
S2140211801C44064BA6711B79A5801BB1BDE87040B6
S21402119015F0A4BE70BD00BF80CB0300102900204E
S2140211A0024B00201A68024B5A607047B02100209A
S2140211B0140B002010B5FDF7CBFD044630B90448E9
S2140211C015F0E4FE044608B9FDF7F2FE204610BD0F
S2140211D0140B002073B51C4640F20A6322F000424C
S2140211E09A4208D8B2F5C06F08D8042A49D00D2A08
S2140211F04FD0032A1ED0002002B070BD6FF4C06329
S2140212001A44092AF7D801A353F822F0F71202006B
S214021210A5120200C9120200D9120200EF12020041
S214021220F71102000F1302002513020045130200F5
S2140212309113020001A8F3F7B9FC5748BDF8044021
S21402124015F066FF0028D6D000234371C37143729F
S214021250C372037343738373C37326230722837491
S2140212606FF048030271C37401226FF0400382716B
S214021270027203756FF00B02512382720482437569
S214021280B9E74648246815F043FF0028B3D08480A7
S214021290B1E723460422002153F8044B404815F0D8
S2140212A048FFF2E7207800F059FB0028A3D03D481B
S2140212B0267894F90150A47815F02AFF00289AD0CF
S2140212C006714571847196E72478374815F020FF39
S2140212D0002890D004718EE725783448646815F0AB
S2140212E017FF002887D00571C0F8054083E72578E8
S2140212F02F486468F3E72F482578646815F008FFDE
S21402130000283FF478AF0571A0F8054073E72A4835
S2140213102578646815F0FCFE00283FF46CAF057172
S214021320447168E7637825480D2B96BF244A012549
S214021330D55C247815F0ECFE00283FF45CAF04710F
S214021340457158E7637800210D2B98BF1C4A1D484B
S21402135098BFD55C6368A27888BF0125267815F009
S214021360E8FE08B1067145716378012B3FF643AF7C
S2140213708DF8043001220021124801AB247815F0C2
S214021380D8FE00283FF437AF01230471437132E7D9
S21402139024780D489AE700BFE8CB0300E0CB0300B1
S2140213A0E4CB0300CCCB0300D4CB0300D8CB0300A2
S2140213B0D0CB0300C8CB0300C4CB0300C0CB0300D2
S2140213C0A8CB0300BCCB0300B8CB03001422002139
S2140213D0014819F0BDBE00BFB023002070B5054617
S2140213E00FF0AFFF1A4C064663795B070ED4142142
S2140213F02046184A15F07DFD2046217915F02AFE72
S21402140020B13046BDE870400FF0A1BFA3790C337F
S21402141023442DB91A79FF2AF3D001321A71F0E764
S214021420012D05D15A79FF2AEBD001325A71E8E72D
S214021430022D05D19A79FF2AE3D001329A71E0E7AC
S214021440032DDED1DA79FF2A1CBF0132DA71D8E722
S214021450B0230020DCCB0300042828BF0020014B69
S214021460185C7047ECCB030038B50546084800F018
S21402147037F9044648B900F089F904461DB1054B10
S2140214801B689B792B7000F099F9204638BD00BF87
S214021490F8CB0300CC23002070B5064607480D465D
S2140214A0144600F01DF940B9054B1B681E715D71AC
S2140214B09C71BDE8704015F09EBD70BDF0CB030078
S2140214C0D023002038B5054606480C4600F008F939
S2140214D038B9054B1B681D715C71BDE8384015F0C4
S2140214E08ABD38BD08CC0300D023002038B5054697
S2140214F006480C4600F0F4F838B9054B1B681D7117
S2140215005C71BDE8384015F076BD38BD00CC0300EE
S214021510D023002010B50446054800F0E1F830B9A3
S214021520044B1B681C71BDE8104015F064BD10BD6D
S21402153010CC0300D023002038B505460C460748D9
S214021540012100F0DDF838B9054B1B689D80DC8070
S214021550BDE8384015F04FBD38BD00BF28CC0300AB
S214021560D023002070B5064608480D46144600F003
S214021570B7F848B9064B1B681E71A3F80550DC7114
S214021580BDE8704015F037BD70BD00BF20CC03002B
S214021590D023002010B5134604460A460648012109
S2140215A000F0AEF830B9054B1B689C80BDE81040D1
S2140215B015F021BD10BD00BF18CC0300D0230020BB
S2140215C070B505460B480E4600F08AF8044678B910
S2140215D000F0DCF8084B04461B6825B1D3F8062059
S2140215E02A605A89AA800EB11B7B337000F0E6F897
S2140215F0204670BD38CC0300CC2300202DE9F041F4
S21402160080460A480F4616461D4600F069F850B94D
S214021610074B1C68C4F80480A76026736573BDE890
S214021620F04115F0E8BCBDE8F08100BF30CC030005
S214021630D0230020044A0346106810B102789A426A
S21402164000D170470069F8E7C823002008B515F0F6
S2140216509BFCFFF7BBFE0022014B1A6008BD00BFD1
S214021660C823002038B5104D0446104A28461AF002
S214021670EBFB4FF48270A0470D4B014618602878AA
S21402168018B14FF482721AF0E2FB4FF48270A04750
S214021690084B01461860287828B1BDE838404FF458
S2140216A082721AF0D4BB38BD0C2A002040CC03004C
S2140216B0D0230020CC230020084A136833B941788F
S2140216C0036141F001014170106070471978027899
S2140216D09142FAD003F110021B69EFE7C8230020FB
S2140216E010B5044618F01EF928B9034B22681C6090
S2140216F0024B1B681A6010BDC4230020D0230020B2
S2140217002DE9F84F046898464FEA042A0AF4E06A7C
S214021710C4F307234AEA030A0AEB0209B9F5807FF3
S21402172083460F46154603D91D263046BDE8F88F78
S21402173018F0F8F806460028F7D1124B24F47F4436
S214021740C3F800B024F0C7040F4B44EA19244FEA4A
S21402175009291B681FFA89F944EA090443F8044B6D
S21402176053442A464146184619F0FDFC012F04D17F
S214021770FF2DD9D800F8015CD7E7022F08BF20F862
S214021780025CD2E7C4230020D023002008B5074B12
S2140217901A68074B52F8040B1968064B49681B680F
S2140217A09847054B1B68988808BD00BFD0230020C9
S2140217B0C4230020A00B0020CC2300200022024BD2
S2140217C01A6018F0B1B800BFC4230020054B186891
S2140217D008B1C3681BB1003818BF01207047006902
S2140217E0F6E700BFC823002010B5034C2368186034
S2140217F0FDF71CFC206810BDCC230020F8B504467B
S2140218000D4601460020174615F0BFFBF2F764FCB2
S214021810194E78BB194B1B681C60336818705870D9
S2140218209870D870204615F08AFB18B165B94368DF
S214021830220E2BB90F250DE05979914204D00833B8
S2140218401D68002DF8D1F5E73846A84733681B68AF
S2140218504BB9012524F47F4020F0C70040F4007005
S214021860FFF7C2FF85803268012052F8041B15F08C
S2140218708CFBF8BD1425EDE7CC230020D0230020F6
S2140218804022094B83F8212383F8222383F823235B
S21402189083F8262383F8252383F8202383F824233A
S2140218A0502283F8222C704700E100E0044BD869EE
S2140218B010F480501CBF186A00F00100704700BF89
S2140218C00080E00F70B504460D461B4A13686BB3E2
S2140218D093F87D10586811F0040129D110608C220B
S2140218E0184693F8706019F033FC034680F870606F
S2140218F02268C0F85A20A288A0F85E20A27980F852
S21402190060202868D864AA79A98883F85220FF2222
S21402191083F8752083F8762040F6FF72A3F86E20CF
S214021920064AA3F85010116813605960184670BD35
S2140219301A1D0346CBE700BFD8230020D42300207D
S214021940054A0346106800B97047B0F86E209A42FE
S214021950FAD04068F7E700BFD4230020054A0346C2
S214021960106800B9704790F870209A42FAD0406822
S214021970F7E700BFD423002010B9024B186870475F
S21402198040687047D42300200023114A2DE9F04115
S2140219908C2113608046024601200EF0F1FF0446B9
S2140219A020B905460B4E3060A84502D82046BDE851
S2140219B0F08101200FF062F807468C2200210135E3
S2140219C019F0C6FB87F8705037603E1DECE700BF83
S2140219D0D4230020D8230020012310B58B4090F892
S2140219E07110044621EA030149B280F871100029F9
S2140219F049D115F07CFA204617F035FB102104F188
S214021A0018001AF0EAF92046FEF7DCFF04F1380067
S214021A1019F0D1FE204617F08BFA214A13681BB143
S214021A209C42596830D11160A36859050BD51A0536
S214021A3009D443F40063A18994F87000A36004F10A
S214021A407802FFF78DFB00232046636019F0D4FD71
S214021A5015F0DBFB4FF48072B2FBF0F2424394F8CF
S214021A6070300344B3FBF2F102FB1133DBB2591EB2
S214021A70C9B2FD29F5D884F8703000236360094B9B
S214021A801A6852B91C6010BD1A465B68002BCBD090
S214021A909C42F9D163685360C6E7131D5268F0E7AB
S214021AA0D4230020D823002010B5084C206830B973
S214021AB0BDE81040064B186001200EF0AFBF436829
S214021AC090F871102360FFF787FFEFE7D42300201A
S214021AD0D823002090F8743003F00B03013BDBB2EE
S214021AE00A2B9ABF014AD05C002070474ECC0300F6
S214021AF01FB5014690F870308DF80430FFF7EAFF04
S214021B00B1F862308DF80C00ADF80630B1F86430EA
S214021B1001AAADF80A30B1F866300748ADF80830C9
S214021B20B1F86C3040F20311ADF80E3019F078FDC2
S214021B3005B05DF804FB00BF8423002007B590F8CB
S214021B4070308DF8051001AA40F2072103488DF87F
S214021B50043019F065FD03B05DF804FB8423002011
S214021B6038B50A4B04461B680D462BB143699B07E2
S214021B7002D515F0A9FE30B12A4620680421BDE838
S214021B80384017F083B9A3699D6138BDDC23002075
S214021B90014B1860704700BFDC230020024B186818
S214021BA0003818BF01207047DC23002013B5044616
S214021BB0019120B901A819F0FEFD212012E0084685
S214021BC00029FAD019F07CFE80B20028F2D0094B28
S214021BD020461B6801994BB1984728B920460199BF
S214021BE0FEF7CCF802B010BD0020FBE716F08DFB26
S214021BF0F3E700BFDC23002038B5436A04465904E5
S214021C0015D4134A03F4004392F82B20012A0FD16D
S214021C10826A92040CD4002B01460CBF5320142077
S214021C2014F077FB18B9636A43F00803636238BDA1
S214021C30002BFCD1074D20462946FEF75DF800280A
S214021C40F5D12868AA88AB792060A280A371EAE75A
S214021C500C2300201B2300202DE9F041164D85F8A9
S214021C602A0038B300EBC000C10000230122042082
S214021C700EF086FE044650B904200EF0FFFE4827FA
S214021C80A046286095F82A30A34203DC00242046AA
S214021C90BDE8F0812E68142207FB04660021C6F810
S214021CA0188006F1340019F053FA304615F026FC77
S214021CB00134E7E72860E9E70C230020074B93F896
S214021CC02A20824281BF1B6800EBC00003EBC003E0
S214021CD0586A8CBF00F00100002070470C230020D9
S214021CE008B50146FFF7EAFF40B1054B01EBC1011B
S214021CF01B6803EBC103586AC0F3C02008BD00BFCF
S214021D000C2300202DE9F04F0746384A93B010689E
S214021D1051680FAB03C39068354A1860146807EB26
S214021D20C70304EBC304E37B12AA02EB430333F8B4
S214021D300C1C636A94F82E80DA0494F82F6047D459
S214021D400126B04641F0100194F80D90C3F3404AC4
S214021D505B0348BF4AF0020A8BB289F00809B8F161
S214021D60010F94F831500B9304F1070BD4E90723C3
S214021D70C9F3C00994F9324009D0B8F1020F06D06F
S214021D80B8F1040F14BF4FF000084FF00308012EFD
S214021D9005D0022E03D0042E14BF00260326384692
S214021DA0CDE90C23FFF79CFFDDE90C230121CDE9E9
S214021DB00760CDE900513846CDE90548CDE903BABA
S214021DC00B99CDF8089001F029FB13B0BDE8F08F0F
S214021DD0A26A950648BF41F02001500648BF41F06E
S214021DE04001DA0348BF41F00401ADE75ACC0300D4
S214021DF00C230020002170B50B4B93F82A601C6858
S214021E008E4202DCFF25284670BDCDB22846FFF77B
S214021E1055FF28B1E37B012B02D1636ADB06F2D4BD
S214021E2001314834ECE700BF0C230020014B93F845
S214021E302A0070470C23002070B504461546FFF7AB
S214021E403DFFB8B10E4A04EBC4041368E60003EB88
S214021E50C4035B6A13F010040FD0C3F300330B7095
S214021E6013683344DB7B5A1E042A04D8033B18BF8C
S214021E7001232B7070BD0023FBE72046FAE700BF64
S214021E800C2300203F4A70B5146800EBC00304EB35
S214021E90C304636A06465B0704D500231A4619463E
S214021EA001F09EFB636A9D0706D53046FFF72AFFC0
S214021EB0636A23F002036362636A18070CD5A27989
S214021EC021463046C2F3C00201F028FB0546E8B9B7
S214021ED0636A23F008036362304615F0C4FC0546C5
S214021EE0A0B9626AD10611D5D30404D5304614F0DF
S214021EF00EFA40B11BE01206E37B09D4E37B626A6A
S214021F00023B012B15D9616A48071FD4284670BDCB
S214021F1003F0FB03012BF6D03046216901F024FBC7
S214021F20636A256123F0800363620028E6D00546D3
S214021F30ECE7D305E7D53046616901F033FB0023B1
S214021F406361636A23F480736362D2E7E37BA28DE4
S214021F50012B03D1A2B1802A28BF802211F0400FA4
S214021F6094F830304FF0010118BF0123304601F0DB
S214021F7037FB0028DBD1636A23F004036362C5E7FC
S214021F804022EBE70C2300202DE9F04100244827ED
S214021F90104D95F82A30A34201DCBDE8F081E6B286
S214021FA03046FFF78BFE98B107FB04F828684044DA
S214021FB0436ADA060CD55B040AD4FFF71DFE2B68CB
S214021FC0304643445A6A42F006025A62FFF75AFF04
S214021FD00134DEE70C2300202DE9F04FDFF84892AB
S214021FE000EBC003D9F8004089B004EBC30404F147
S214021FF0100A804650460E46174619F0DCFB04F1DE
S21402200014031846029319F0D6FB002019F097FD28
S2140220100546002800F00381012F40F2726718BFC0
S2140220201F27012EA6735CD0022E0CBF062604269E
S2140220300221284615F086FA0121284615F082FA72
S2140220403146284615F07EFA284619F039FC012357
S21402205086B2B91B0A22009389B242F607232846A3
S21402206015F0C0FA04230644B6B2B91B0093122236
S21402207042F60423284689B215F0B4FA0644B6B2EC
S214022080BB1B012B069503932DDC002399F82B200E
S214022090002A00F0A480504619F08DFB636A256181
S2140220A043F080026262DB0400F1AB8099F82B00F9
S2140220B0002840F0A68019F042FD0790002800F0A4
S2140220C0A080394615F049FA002800F0A48002984C
S2140220D0079D19F070FB636A656143F4807363625F
S2140220E08FE00526A4E7002019F029FD07900028B6
S2140220F0CBD0BB1E9B1B02211FFA83FB00F0EAFF1C
S2140221008345064611D22BF001018AB2411A07A86E
S214022110049219F077FC049A164602223EB90798F2
S214022120F0B907A819F047FBAFE70322F6E7711CE0
S2140221300698C9B2049215F005FA049A0698114652
S21402214015F000FA079906A819F0D5FC002019F038
S214022150F6FC0790002836D0ABEB06031FFA83FB8B
S2140221605B46022B38BF02239A1E92B20F2A31D93F
S2140221701021049200F0AEFF049A034682421FD258
S21402218022F00F018AB29346411A07A819F03AFCC8
S2140221905B460622591C0698C9B20493059215F0AE
S2140221A0D1F9059A0698114615F0CCF9079906A8B2
S2140221B019F0A1FC049BB21C13449BB23EB965E71E
S2140221C040B10722E6E707A819F0F5FA33460233CC
S2140221D09BB25BE707A819F0EEFA3346EEE7039ADE
S2140221E02846D11A89B215F0B8F90646504619F0B3
S2140221F0E2FA636A256143F080026262002E3FF4CF
S21402220052AF606A10F010000AD0404609B0BDE82E
S214022210F04FFFF737BE07A819F0CDFAF1E71A20FC
S21402222009B0BDE8F08F00BF0C230020044A00EB83
S214022230C003116801EBC301CA7B15F02CBA00BFBC
S2140222400C230020F8B505460C46FFF737FD28B3E9
S214022250052923D8124E05EBC5023368D70003EBD7
S214022260C203186919F02CFB1F2817D833683B44A1
S214022270586919F025FB1F2810D8012C0ED0231FF1
S214022280012B0BD93168224639444B6A284623F47F
S21402229082534B62BDE8F84015F0FDB92120F8BD27
S2140222A00C230020002270B50546114890F82A40FB
S2140222B00368944201DC1A2016E0596ACE0714D449
S2140222C093F83960760710D4D0F80F00094C1860DE
S2140222D0A688A07941F00901D4B298719E80204662
S2140222E05962FFF70FFD2C7070BD01324833E0E7EC
S2140222F00C2300201B23002070B5FFF77BFDFF2870
S214022300044615D00B4D03B2286803EBC30300EB5B
S214022310C300DE00436A23F01003436215F0E4F8BC
S2140223202968204631443431BDE87040FEF706BCC9
S21402233070BD00BF0C23002083782DE9F041122BDC
S2140223400F464BD10B689A790C321344DD781E790E
S2140223500DB145F480553046FFF7B0FC48B3DFF8C0
S214022360808006EBC604D8F80020E10002EBC40425
S214022370636A23F01003636205BB40F20320A3697D
S214022380A56183F87660A3F872005058A188A279F6
S214022390C3F85A00A3F85E10184683F8602008F1C6
S2140223A02E0100F009F92222294608F12E0018F023
S2140223B0CFFE3846BDE8F04119F0FDB9204615F0CB
S2140223C093F8636A5A0603D523F040036362F0E784
S2140223D0304604F13401FEF7B1FBEAE7BDE8F081CE
S2140223E00C23002073B5144D144C6A68236802F05F
S2140223F0800103F002030B431BD053064CBF012699
S214022400A67AFDF711FC0196837983F00803C3F3DD
S214022410C0030093E388A288217A607A00F0BAFFAC
S21402242040B9236823F0020323606B6823F080031D
S2140224306B60002002B070BD0C230020E023002059
S21402244001210020054BA3F10802C3E9000043F86E
S214022450081C4FF01013517253607047E823002097
S214022460014B187B704700BFE0230020024BD87A4E
S214022470003818BF01207047E023002070B5224EB6
S214022480716811F002013AD1204D2B68580706D523
S214022490084600F0A5FF2B6823F004032B602B6888
S2140224A0726803F0080302F00402134310D0FDF72B
S2140224B0BBFB83791A071FD5FEF7E2F90446C8B9B3
S2140224C02B6823F008032B60736823F00403736001
S2140224D0FFF788FF044668B9EB7A5BB12B685B07A7
S2140224E008D40121084600F07BFF50B92B6843F060
S2140224F004032B60204670BDFEF7A6F9DEE7112422
S214022500F8E70446F6E700BF0C230020E02300208D
S214022510032805D10A4A136843F00803136008E04B
S214022520012808D1064BDA7A42B11A6842F008024C
S2140225301A60FFF7A3BF10F0FD0FEBD00020704724
S214022540E02300200020094B10B55862FFF714FA6A
S21402255004461CB9BDE81040FFF7A6BA204641F271
S214022560160115F0D2F86468F3E700BF0C230020CA
S214022570A0F11B03E02B10B5044618D8042142F242
S214022580240014F038FB6FF06F0343714223A0F867
S214022590034083710748F8F7DBF814F070FB4079C4
S2140225A020B114F06CFB407940F4805010BD21201D
S2140225B0FCE700BF254C030037B504460D4615F070
S2140225C0CBF86988204614F015FE6A7E2B7E2046DC
S2140225D043EA0223A4F862306A7F2B7F43EA02238F
S2140225E0A4F86430EA7EAB7E43EA0223A4F866309F
S2140225F01B23A4F86C302D4BDA8B1B8CA4F86820B6
S214022600A4F86A30022384F8723014F06FFC204675
S21402261016F004FD94F87330022B15D101F032F94E
S21402262070B194F9753001330AD105212046A368AA
S21402263043F48053A36003B0BDE8304015F0ECB815
S2140226400021204614F0D9FD0021204600F00CFAA5
S2140226504FF6FF73288C984225D000F0A5F9009417
S21402266000F090F96A46ADF8040040F206211048E0
S21402267018F0D6FF002240F20221204618F08CFF06
S2140226802046FFF735FA204616F0D4FC204600F026
S21402269055FEA368012123F480432046A36015F06B
S2140226A0C3F803B030BD0020D9E700BF0C230020DA
S2140226B08423002007B590F870304FF4887101AA81
S2140226C003488DF8043018F0ABFF03B05DF804FB46
S2140226D0842300202DE9FF4103780446302B0E4662
S2140226E039D006D8052B25D0082B41D004B0BDE83A
S2140226F0F0813E2BFAD183780C2B4BD8022BF5D9DE
S214022700033B092BF2D801A252F823F0A5270200B8
S21402271009290200ED260200ED260200A128020089
S214022720ED260200ED260200ED260200ED2602004E
S214022730F5280200B0F80300FFF702F928B1617924
S21402274009B141F4805114F0E0FF304604B0BDE810
S214022750F04119F030B8B0F80300FFF7F1F800289E
S214022760F3D0A17809B141F4805115F027F8ECE7CF
S214022770B0F80300FFF7E4F80028E6D0627990F894
S214022780743022B143F0010380F87430E9E703F0B5
S214022790FE03F9E7212B00F0CC80292B1FD0202B3B
S2140227A0D3D0A3E78088FFF7CBF80028CDD0E27815
S2140227B0002ACAD1E179A27942EA0122A0F862206F
S2140227C0E17AA27A42EA0122A0F86420227A617AA9
S2140227D042EA0122A0F86620FFF78AF9B5E7C77831
S2140227E0851C3C2F02D1FFF787FDAEE790F80680E6
S2140227F0B8F1000F23D15F4A546AC2F82480CFB1E1
S2140228002946204647F4805714F0A6FFE76084F86E
S214022810728040F20121204601AACDE9014718F054
S214022820FFFEA368414643F480632046A360FFF799
S214022830D3F88AE729462046FFF7BEFE85E74FF61D
S214022840FF73408C984220D000F0AEF8E8B101A8A1
S214022850E27904F10801FDF72DFA01A814F0CFFF82
S21402286028B140F203222946A0F87220E4E70321A9
S21402287040F2064014F0BFF9A388A0F803300D23F7
S21402288043713D48F7F764FF5FE73C4B223455F847
S214022890042BA54243F8042BF9D12A881A8054E760
S2140228A0B0F80300FFF74CF800283FF44EAF40F2B2
S2140228B00911B4F8053090F87020A0F86C308DF845
S2140228C00420ADF80630227AE37943EA0223ADF813
S2140228D00830A27A637A43EA0223ADF80A30227BF2
S2140228E0E37A43EA0223ADF80C3001AA244818F032
S2140228F097FE2AE78088FFF723F800283FF425AFE3
S214022900A179FFF71BF920E78088FFF719F800285E
S2140229103FF41BAF90F870300E218DF80430D4F8D7
S214022920063001AACDF80530D4F80A30CDF80930C1
S214022930DCE78088FFF704F800283FF406AF90F83B
S21402294070304FF403718DF80430E37801AA8DF8E5
S2140229500530A3798DF80630E3798DF80730237AAF
S2140229608DF80830637A8DF80930A37A8DF80A302C
S214022970BCE700BF0C230020094B03003A230020CB
S2140229808423002050B10C22064B1B68C31AB3FBEB
S214022990F2F3807A40EA032080B270474FF6FF7067
S2140229A0704700BFA40B0020024609490B7A09684B
S2140229B0FF2B01D10020704703EB430301EB83009A
S2140229C031F82330C3F30B039342F4D0C37AEFE714
S2140229D0A40B002008B5054B054A1978054819F0DE
S2140229E033FAF722044B1A8008BD00BF792A00206A
S2140229F066CC03000D2A0020EA0C002010B504461F
S214022A0070B30068836CA34222D163688364224653
S214022A10144918F0CDFD04F10C0018F0EDFD04F198
S214022A20440018F0C8FEFFF7B9F858B1A06948B1DB
S214022A30143018F0C0FEA069183018F0BCFEA06969
S214022A400EF02EFA2046BDE810400EF029BA1346C4
S214022A50002BDCD05A68A242F9D162685A60D6E7E7
S214022A6010BD00BF59790300F8B5054648200E464A
S214022A7019F0EFF9294F0446387818B14822214652
S214022A8019F0E5F98CB1FFF789F898B11C2019F016
S214022A90E0F90146A061387810B11C2219F0D7F986
S214022AA0A3692BB920460EF0FBF900242046F8BD98
S214022AB000221A700321284614F09FFBAB6C2246B4
S214022AC06360AC6417232681002663811449284676
S214022AD02560267766640DF0C7FE04F0FFFB3246DB
S214022AE0014604F10C000DF0BFFE02232374FFF72B
S214022AF055F80028DAD00B4B19881729D6D9204664
S214022B0014F00AFC0028D1D11221204614F0E9FE66
S214022B10636943F002036361C8E700BF0D2A002021
S214022B2059790300EA0C0020F8B5054610B30029CF
S214022B3020DB114C2468247E8C421BDD3F2919DCE5
S214022B40032701F0030600EBA10191F8314076005D
S214022B50B74002F0030224EA0704B240224381F897
S214022B60312013B1002114F076FF2846BDE8F84064
S214022B7014F0CEBFF8BD00BFF823002070B516468D
S214022B8000221A7032800A7A0D46072A4DD8DFE8EC
S214022B9002F004090D111A1E304AE86830F8023BAA
S214022BA0338043E0EB68981D5B88F9E7EB68981D75
S214022BB09B88F5E7697B14F09BFF02221C4B18806A
S214022BC01846328032E002231A4833802EE01A4C2E
S214022BD02B7BE88923702B88E11C013363702B88DA
S214022BE001331B12A37000F0DBF90330308020465D
S214022BF01CE0124CA889EB89020AA3701B0A2070FB
S214022C006270E37000F040FA58B1C3681A88022A6C
S214022C1007D19A782271DB786371062307483380DE
S214022C2004E00423FAE780221A70002070BD00BF79
S214022C30272A002076CC0300142A00200E2A002021
S214022C40054A064B1860136843F001031360828B33
S214022C50034B1A80704700BFF0230020F8230020A1
S214022C601629002000232DE9F04FDFF8C09191B01D
S214022C70D9F80070054617F00807CDE90633CDE906
S214022C8008330AD0664B03F1100253F8041B934232
S214022C9045F8041BF9D1002011E00320F2F7E6FC08
S214022CA019F0D7F8804648B10620F2F7DFFC19F093
S214022CB0D0F8064630B940460EF0F2F81A2011B0A7
S214022CC0BDE8F08FCDE90477F5F73AFD044668B122
S214022CD040460EF0E5F830460EF0E2F840F20740C5
S214022CE0214600F073FE40F20740E8E74FF4A05298
S214022CF04C4BC6E90323F369002B42D14FF4105321
S214022D003380802310227380304604AB06A90FF06E
S214022D1015FF0446A0B94046424A04990FF0ECFF5C
S214022D20044668B98346404BBAB21B68D9889142BA
S214022D302FD810222946404605AB0FF0FBFF04466B
S214022D4040460FF063FF40460EF0AAF8304610F0F9
S214022D5053F930460EF0A4F804980FF0F0FD002C5C
S214022D60BCD12F4B05F1100255F8041B954243F8CF
S214022D70041BF9D1D9F8003043F00803C9F8003033
S214022D8089E73B463A464FF41051304610F040F978
S214022D90B7E71A68BCB2210102EB04142046ADF86C
S214022DA00EB00191009215F09BFA8246204600F082
S214022DB03FF930B3DDE90021AAF5205080B203289E
S214022DC002D9BAF5245F1ED1525A00202146ADF828
S214022DD028200DF10D030DF10E02ADF82AA0FFF723
S214022DE0CDFEBDF80E2001460BA818F0BCF9BDF8C2
S214022DF00E20404604320AA90FF081FF044600283E
S214022E009ED101378FE70AF55640FF3080B204287C
S214022E10F7D8525AADF82AA0ADF82820E7E700BF47
S214022E20292A00200002C003F8230020F0230020F5
S214022E30134B01461B6870B513F0040306D000223C
S214022E40104B1C68E38990B2834209D80E4A146874
S214022E500022E58990B2854209D84FF6FF7005E058
S214022E60A56835F8125001328D42ECD170BDA668C5
S214022E7036F8126001328E42ECD1034498B2F5E77E
S214022E80F0230020F4230020F8230020094B1B68BF
S214022E905B070AD5084B1A68D389834203D993681D
S214022EA033F810007047C01A80B2044B1B689B6848
S214022EB0F6E700BFF0230020F4230020F8230020CA
S214022EC038B5046805460C222046084918F016F95B
S214022ED050B90222064904F10E0018F00FF918B98B
S214022EE002200C342C6038BD1020FCE779CC03009D
S214022EF087CC03002DE9F743102801910BD0022856
S214022F0004D04FF6FF7003B0BDE8F083019B18882B
S214022F10FFF78EFFF7E701A8FFF7D2FF0228F5D0EA
S214022F201028EED11B4B019F1E6816F0040608D02F
S214022F300024194BD3F80080B8F81660A5B2AE424A
S214022F401AD80025154BD3F80080B8F81690ACB204
S214022F504C45D6D2D8F81000102200EB05103946A0
S214022F6018F0CCF801350028F1D1A0196FEA4040DC
S214022F706FEA504080B2C6E7D8F81000102200EB85
S214022F800410394618F0BAF801340028D6D145F4B0
S214022F900040B8E7F0230020F4230020F8230020A6
S214022FA0020408B51DD5124BC0F30E001B685B0762
S214022FB013D5104B1A68D38A98420CD2136903EBC6
S214022FC0001000F1100350F8042B984241F8042B2D
S214022FD0F9D1102008BDC01A80B2074B1B681B69C6
S214022FE0EDE7FFF753FF0870000A48700220F1E78A
S214022FF0F0230020F4230020F823002070B50446B6
S21402300042F60306094B1B681D68A5420AD22046F3
S21402301029B915F065F9B04206D1103402E015F070
S21402302069F908B1204670BD103CEEE7F82300208F
S214023030437ADA0702D5C3F380007047034BC2888F
S2140230401B881A4214BF0120002070471629002050
S2140230500A4B1B68DB0708D570B1094B1B68DB8877
S214023060834234BF00200120704728B1054B1B88DD
S214023070834294BF00200120704700BFF023002047
S214023080F82300201829002070B50246FFF7E0FF5B
S214023090E8B10F4B1968CD88954209D302F18050EA
S2140230A00B680138040103EB00101B5B93420ED041
S2140230B0002398B2854201D8002008E00E681C0161
S2140230C0345B06EB0310944203F10103F1D170BDA9
S2140230D0F82300202DE9F34100250E46A846174F97
S2140230E001903A68ABB2D18899421DD91468ABB246
S2140230F004EB0314B4F90430002B1CDA2046FFF765
S21402310097FFC0B1E1680B889E4214D132460198FF
S214023110023118F012FEE36882B21B88934207D08F
S214023120114601A818F06EFC404602B0BDE8F081D8
S21402313043441FFA83F80135D3E700BFF823002083
S21402314038B5124B04461B8842898B4228BF0B4671
S214023150172BB8BF17231146438114F097FB6369F8
S21402316023F002036361A3699D693DB100222946EB
S21402317020469A61BDE83840FEF7F2BC40F20941AB
S214023180204614F0ABFBA3691D7038BDEA0C002084
S2140231900148FEF7FDBC00BFE572020008B500213B
S2140231A042F20E0013F027FDBDE808400148F7F78B
S2140231B0CFBA00BFF54B030038B590F8723004461C
S2140231C0032B154606D1FFF7E9FF0123002084F8FA
S2140231D0723019E0C9B9012B2DD9032140F20640FD
S2140231E013F009FDB4F86E304571A0F803301348A9
S2140231F0F7F7AEFA13F043FD8378002BE5D013F011
S2140232003EFD807840F4805038BDA3B102214FF6CF
S214023210044013F0F0FCB4F86E30A0F8033008480F
S214023220F7F796FA13F02BFD4379002BCDD013F067
S21402323026FD4079E6E70220E6E700BF094B0300D9
S2140232403F4B0300F8B507460E4642F213000E2126
S21402325015461C4613F0CFFCB7F86E30A0F8056092
S214023260A0F80330BDF81830A0F80750A0F80B30CD
S214023270BDF81C30A0F80940A0F80D30BDF820308B
S214023280A0F80F300648F7F763FA13F0F8FC8078D8
S21402329020B113F0F4FC807840F48050F8BD00BFF3
S2140232A0814B0300F8B507460D4642F219001C2171
S2140232B01C46164613F09FFCB7F86E300F3020F807
S2140232C00C3C2B6804F1100240F80A3C6B6820F8AC
S2140232D0026C40F8063C234653F8041B934240F81F
S2140232E0041BF9D10648F7F733FA13F0C8FC8078C6
S2140232F020B113F0C4FC807840F48050F8BD00BFC3
S214023300314A030070B506460D4642F27A000421A1
S214023310144613F070FCA0F80360457184710648E9
S214023320F7F716FA13F0ABFC407920B113F0A7FCBE
S214023330407940F4805070BD814F030010B50446BA
S214023340022142F2300013F056FCB4F86E30A0F8B8
S21402335003300F48F7F7FCF913F091FC437963B991
S21402336013F08DFCC088FEF7EBFA044628B113F082
S21402337086FC017A2046FEF7E1FB13F080FC4079DA
S21402338020B113F07CFC407940F4805010BD00BFA1
S21402339009AB0100F8B507460E4642F24100082185
S2140233A015461C4613F027FC9DF818304771C3706B
S2140233B09DF81C3086710371A0F80750A0F80940EA
S2140233C00648F7F7C5F913F05AFC407920B113F016
S2140233D056FC407940F48050F8BD00BFB9A7010002
S2140233E038B505460C4642F24200062113F003FCAD
S2140233F00023C57043718371C3710372047106485A
S214023400F7F7A6F913F03BFC407920B113F037FC2E
S214023410407940F4805038BD11A801002DE9F041F2
S214023420154606460F4642F2360019211C46DDF8BE
S214023430248013F0E0FB2B0AC371230A83729DF8E3
S2140234401830857103739DF81C30447243739DF8DF
S21402345020302D0C240CC67087800572C4728373CC
S214023460D8F80030C0F80F30B8F804308676A0F8E6
S21402347013309DF8283043759DF92C3083759DF8DE
S2140234803030C375002303769DF8343043769DF8BA
S2140234903830C3760648F7F75BF913F0F0FB40794D
S2140234A020B113F0ECFB407940F48050BDE8F08187
S2140234B0B1A8010038B505460C464FF6194005215D
S2140234C013F099FBC57044600648F7F741F913F00C
S2140234D0D6FB407920B113F0D2FB407940F48050FD
S2140234E038BD00BFDD47030038B505460C464FF62B
S2140234F01A40052113F07FFBC57044600648F7F7B3
S21402350027F913F0BCFB407920B113F0B8FB4079E1
S21402351040F4805038BD00BF0D48030070B50D461C
S21402352006460121DAB1FFF7C5FF0446A8B907210E
S21402353042F2350013F05FFBC6702B684360AB881F
S21402354003810848F7F704F913F099FB437923B18E
S21402355013F095FB447944F48054204670BDFFF77F
S214023560C3FFE2E79D4903000A4610B5042104465C
S21402357042F2370013F054FB032303710023C47096
S214023580437183710648F7F7E3F813F078FB407946
S21402359020B113F074FB407940F4805010BD00BF98
S2140235A0914803000A4610B50421044642F2380048
S2140235B013F036FB032303710023C4704371837137
S2140235C00648F7F7C5F813F05AFB407920B113F016
S2140235D056FB407940F4805010BD00BFDD48030022
S2140235E0F8B506460F4642F23900062114461D4635
S2140235F013F001FB01238471240A0371C77046711C
S214023600C47105720648F7F7A3F813F038FB407941
S21402361020B113F034FB407940F48050F8BD00BF6F
S214023620294903000148FDF75DB800BF31360200A4
S2140236302DE9F04F867987B00C3605900546805BFB
S214023640C0F30B00FEF77CF9044618B905A818F07B
S214023650B2F84EE090F87230022BF7D1AB5B059AC7
S214023660C3F30B0103F44053B3F5805F9060A95394
S21402367042D153796FF300035371836B002BE5D06D
S214023680042105A804F1380618F095F93046059984
S21402369018F078F9A06B002301465A1CA9BBDBB2CE
S2140236A0012B01D918F0DFF9A06B18F009F90328ED
S2140236B01FD9D4F83890484699F8067018F000F9E1
S2140236C00C3709EB070539F80770A0F104084745DF
S2140236D022D9524FD4F838A007F1100957F804BB84
S2140236E05346424629462046D8474F4510D0002822
S2140236F0F4D007B0BDE8F08F383018F05CF8059AC1
S214023700537943F001035371BAE713460968C4E7D5
S2140237100028EED130469AE7A06B18F0D1F80437AD
S2140237208742F7D36988A1F140033F2B0BD80421C7
S214023730304618F040F92046A26B698815F0F0FB77
S2140237400023A363D5E705290BD0062961D00429F7
S214023750E0D1304618F02FF9A16BA06CFEF726FADE
S214023760EEE72946204615F0D9FB02460028D1D1BD
S2140237702B79122B06D0132B36D02046697915F0FA
S214023780A5FBC7E794F87330022BF6D040F67A40D2
S21402379029898B1F9BB2834224D86A89931F9BB2C6
S2140237A083421FD891421DD8AB89B3F5FA7F19D24E
S2140237B040F6764CEF89A7F10A0080B2604511D830
S2140237C0B4F86A000290B4F86800CDE900702046AA
S2140237D0FFF738FD021E18BF01222046697915F050
S2140237E031FB97E70122F8E794F87330012B03D1F7
S2140237F02046697915F06AFBA3681A048AD523F471
S2140238000043A3602B89012B84D12046FEF752FF8A
S21402381080E72046A16B15F0FFFB91E78CCC0300F6
S2140238200C4B01461A789AB95B689B0710D490F93C
S2140238307520013218BF012291F8523013F0400071
S21402384005D091F8600010F0400018BFD0B2704763
S2140238500122F1E7FC230020024B586800F0020028
S214023860704700BFFC230020024B586800F0080097
S214023870704700BFFC230020014B1B68184700BF9F
S214023880B00B002008B512F0DFFC022817BF034B6E
S2140238900020586800F0100008BD00BFFC2300207E
S2140238A007B502460846042802F0010113D9B1B949
S2140238B003200C4B5A6002F08003019302F040038F
S2140238C0009302F0200302F0040200F07FFB0020C7
S2140238D003B05DF804FB0029EBD00328E9D12120D0
S2140238E0F6E700BFFC23002038B50D490D480DF061
S2140238F0E7FA0446054688B90B4B0C4A1A600C4A8E
S2140239005A600C4A9A600C4ADA6000F09DFB03216A
S21402391004462846FFF7C4FF084B1D70204638BDF4
S214023920EFBEADDEBEBAFECAB00B0020C13F02003B
S214023930959303000D400200ED4A0200FC2300208E
S21402394038B5044603200DF08DFA0546D0B194F83A
S2140239507030037094F8753043702046FEF7BAF85C
S2140239602A46A87040F20261074817F015FE074B78
S2140239702046DB680121984794F97500BDE8384077
S214023980FBF7C4BD38BD00BF84230020B00B002067
S21402399070B5054608200E460DF064FA044680B15E
S2140239A095F8703000210370064B4660DB682846A7
S2140239B098472246BDE8704040F20161024817F07F
S2140239C0EBBD70BDB00B00208423002038B5054641
S2140239D008200C460DF046FA024638B1C0E90054FB
S2140239E0BDE838400D21024817F0D6BD38BD00BFED
S2140239F08423002038B5054608200C460DF032FA1E
S214023A00024650B195F8703040F20561037044608A
S214023A100248BDE8384017F0BFBD38BD84230020F9
S214023A2013B504460191114612B301A904200DF004
S214023A3057FA019B104A2046B3FBF2F102FB113300
S214023A4045F218020021019301AB15F002FC082092
S214023A500DF008FA024648B194F8703040F204615C
S214023A600370019B4360054817F096FD02B010BD37
S214023A7045F2180201ABE8E740420F00842300201B
S214023A8010B5044601200DF0EDF9024648B194F84F
S214023A90703040F203610370BDE81040014817F031
S214023AA07BBD10BD8423002038B5054608200C4691
S214023AB00DF0D8F9024650B195F8703040F2076121
S214023AC0037044600248BDE8384017F065BD38BD53
S214023AD084230020014B5B68184700BFB00B002010
S214023AE010B50446006C30B94FF4B07018F0B1F956
S214023AF0206420B910BD4FF4B07118F06EF9FF23A0
S214023B00226C82F85E31A3681B0603D5054B0120A2
S214023B101360EFE794F87300034B0449012808BFCB
S214023B200B46F4E74798030001500200794B020067
S214023B3010B50F4C2368D3B10022D3F8A0001A7731
S214023B4083F83D2083F85E200EF0F9FE20684421BB
S214023B50603018F042F9206821211D3018F03DF936
S214023B6020682121BDE810403E3018F036B910BD5D
S214023B7004240020036C53B983681B0609D490F80A
S214023B807320054B0548012A08BF18467047186877
S214023B9070470348704700BF794B0200015002008D
S214023BA0479803002DE9F0438BB006AC88461546CD
S214023BB00346264600F1100722461868596808335D
S214023BC003C2BB421446F7D11021304618F0F7F86C
S214023BD0002306200593F1F749FD18F03AF904464A
S214023BE048B3DFF880904FF4807115F067FA4FF40F
S214023BF01051C0F8109015F037FB80231027638011
S214023C0005AB2846029332463B464946CDE9008735
S214023C10F4F7D0FC0546F0B93946404618F0CFF81E
S214023C203946304618F0D9F820460FF0E5F9204616
S214023C300DF036F90BE06FF08C0140F20740FFF70B
S214023C40C5FE1021304618F0C8F86FF08C052846DD
S214023C500BB0BDE8F083014640F20740FFF7B6FE20
S214023C60DEE700BF0044400470B50E460446154623
S214023C7092B020223046434917F040FA68B9202213
S214023C802846414917F03AFA38B9404B1B681B7D63
S214023C90002B63D040F203401BE0246C2022304607
S214023CA004F1540117F02AFA38B92022284604F102
S214023CB0740117F023FA0028ECD00620F1F7D6FCA0
S214023CC018F0C7F8044630B901461A20FFF77EFE00
S214023CD01A2012B070BD00234FF48041009315F0F5
S214023CE0EDF92B4B44F21211036115F0BDFA4FF4B5
S214023CF080736380042330468DF8043006F1200278
S214023D000DF1050350F8041B904243F8041BF9D149
S214023D100DF10500202118F052F828460DF1250372
S214023D2005F1200250F8041B904243F8041BF9D117
S214023D3020210DF1250018F042F801A96B46412218
S214023D4020460EF0FBFE014650B920460FF054F90D
S214023D5020460DF0A5F800980EF0F1FD0020B8E719
S214023D6010F1870F03D040F20740FFF72FFE2046E0
S214023D700FF042F920460DF093F800980EF0DFFDA2
S214023D8088E700BF51CD030031CD03000424002094
S214023D90000002092DE9F0439846002387B0044646
S214023DA006200E461746CDE90433F1F75FFC18F0FD
S214023DB050F8054660B3DFF884904FF4805115F052
S214023DC07DF94FF41051C0F8109015F04DFA80238B
S214023DD021466B801022284604AB0EF0AFFE044646
S214023DE028BB05AB029310233246CDE90083494631
S214023DF03B4604980EF0CFFF0446C0B904980EF076
S214023E009EFD28460FF0F8F828460DF049F80AE01D
S214023E106FF08C0140F20740FFF7D8FD04980EF0D1
S214023E208EFD6FF08C04204607B0BDE8F083214675
S214023E3040F20740FFF7CAFDE0E700BF0002C003FA
S214023E402DE9FF41044606208846F1F70FFC18F0DC
S214023E5000F8054648B901461A20FFF7B7FD6FF08D
S214023E608C04204604B0BDE8F0814FF4807115F052
S214023E7025F9184B4FF41051036115F0F5F9224657
S214023E806C46802327466B8002F110032646106894
S214023E905168083203C69A423446F7D11021384692
S214023EA017F08DFF43461022394628460EF046FE8E
S214023EB0044620B1014640F20740FFF787FD102175
S214023EC0384617F08AFF28460FF096F828460CF078
S214023ED0E7FFC6E700444004FF282DE9F74318BF72
S214023EE0344C814618BF44EA00244FF006000F46C1
S214023EF0164608BF304CF1F7B9FB17F0AAFF80460A
S214023F00002852D0014620460EF02DFD05464046BA
S214023F100FF072F840460CF0C3FF15F1880F40D13F
S214023F20B9F1FF0F3FD10620F1F7A0FB17F091FF82
S214023F30044658B901461A20FFF748FD00200546F8
S214023F403C6006B1356003B0BDE8F08300231A4A30
S214023F50019343688260DAB222B923F0FF0343F08A
S214023F6001034360204640F2011115F0A7F8134BF7
S214023F704FF41051236115F077F9802301A92046EA
S214023F8063800EF077FF014618B140F20740FFF754
S214023F901DFD20460FF030F820460CF081FF019CF4
S214023FA0CCE7002DCAD02120CBE71A206FF08C0573
S214023FB0C7E700BF06800400370004000044400440
S214023FC0014B1B68187A704704240020003918BF7A
S214023FD00121003B18BF012310B50B4C003A2468A0
S214023FE018BF0122A3749DF808302070003B18BF4A
S214023FF00123E3749DF80C302174003B18BF0123A3
S2140240006274237510BD00BF0424002001280AD064
S21402401002280ED098B90B4B1A68936943F0010335
S214024020002093617047074B1A68936943F00203B6
S214024030F6E7044B1A68936943F00403F0E721207D
S214024040704700BF0424002010B5194C236833B90A
S214024050A42017F0FEFE206038B91A2426E0FFF7E7
S21402406067FDA421206817F0B8FE03224FF0FF3147
S214024070236810481A70D960002210211A77197224
S21402408083F83D200C4983F85E201A829A749A615E
S2140240900CF0EAFB044648B9F4F752FB30B122466C
S2140240A00549044817F084FA40F20744204610BD3A
S2140240B00424002008240020F19103002DE9F04397
S2140240C083680446590687B040F1B48023F0400363
S2140240D08360FFF74FFD734EB04203D0724B984297
S2140240E040F0AB8094F9758004F13409B8F1FF3FD3
S2140240F01DD112F0A9F8022872D0636B04201A8828
S2140241008DF808201A4632F8021B090A8DF80910A3
S214024110D3F8023002A9CDF80A3053680A22CDF845
S2140241200E30FBF781F9B0F1FF3F804658D0A56804
S21402413015F4807554D10620F1F798FA17F089FE27
S214024140074698B901461A20FFF740FC204641F27E
S2140241500601FFF71DFC20460021FCF7ADFB04F12B
S214024160340007B0BDE8F04315F095B82046FFF7D7
S21402417001FD864228D14D4D394645EA0825284696
S2140241800EF0F1FB064638460EF036FF16F1880FA3
S2140241901BD1474D394645EA082528460EF0E3FB73
S2140241A0064638460EF028FF38460CF079FE9EB9D1
S2140241B0606B2A4602A90A30FFF7F4FC78B3102196
S2140241C002A817F00AFEC1E72E462046FFF7D2FCE9
S2140241D0354B8342E8D1DCE7314640F20740B3E78D
S2140241E094F87430DA0702D4A368DB05AED5002350
S2140241F001A904F118000193FFF722FE18B10198F5
S2140242000EF09DFBA2E7606B019A02A90A30FFF747
S214024210C9FC054601980EF092FB002DCFD1204630
S21402422002A9FCF749FB02A8102117F0D6FD484662
S21402423015F031F807B0BDE8F083636B1A88002AE0
S21402424084D11C4A904203D01B4A90427FF47EAF30
S2140242500022013313F8011F00297FF477AF0132E1
S214024260082AF7D1206C019100F5987001A9FFF792
S214024270E7FD0028C3D1606B019A02A90A30FFF756
S21402428091FC054601980EF05AFB002D97D1204668
S21402429002A9FCF711FB02A8102117F09EFD04F1FB
S2140242A03400C5E701500200794B02000580040085
S2140242B003800400E95C0200196C020038B504466B
S2140242C00D460520022114F00FFF0246C0B1837985
S2140242D0062103445D73204614F0D8FD204645F4BB
S2140242E09051FFF755FB94F87310064B064A20468A
S2140242F0012914BF11461946BDE8384014F085BF9F
S21402430038BD00BF794B0200015002002DE9F04390
S214024310804693B006200F4616469946F1F7A6F950
S21402432017F097FD054648B901461A20FFF74EFBDF
S2140243306FF08C04204613B0BDE8F0834FF4804142
S21402434014F0BCFE5D4B47F21211036114F08CFFB1
S2140243504FF480736B805A4B1A68137F022B21D15D
S21402436002F1600302F1800153F8040B8B4247F816
S214024370040BF9D102F1A00153F8040B8B4246F864
S214024380040BF9D1D2F8A0302846C9F800300EF056
S21402439033FE28460CF084FDB8F1000F40F086800C
S2140243A00024C7E79369DB072DD5464B03F12002AD
S2140243B053F8041B934247F8041BF9D1424B03F10E
S2140243C0200253F8041B934246F8041BF9D14B46CD
S2140243D020223E4928460EF0B1FB044628460EF03F
S2140243E00BFE28460CF05CFD002CD5D0214640F290
S2140243F00740FFF7EBFAB8F1000F9BD008214046C2
S214024400FFF75CFF96E7494628460EF033FD044662
S21402441090B1014640F20740FFF7D8FAB8F1000F14
S21402442003D008214046FFF749FF28460EF0E4FD78
S21402443028460CF035FD7DE76B46412201A9D9F8E6
S21402444000000EF041FB044628460EF0D5FD284635
S2140244500CF026FD4CB1214640F20740FFF7B6FAB3
S214024460D9F800000EF06BFAC5E73A460DF10503DF
S2140244700DF1250153F8040B8B4242F8040BF9D1D7
S21402448032460DF1450153F8040B8B4242F8040BF9
S214024490F9D101A8412117F0A0FC3846202117F0D7
S2140244A08EFC2021304617F08AFC75E7002245F282
S2140244B01601404614F0BFFE72E700BF0000020974
S2140244C0042400209CCC0300BDCC030071CD030065
S2140244D02DE9F74390F873700446012F056C04D15A
S2140244E095F85031002B40F0578195F85C3195F8DD
S2140244F05181032B00F2F180DFE803F00287AFD48C
S21402450018F0010F7CD01121062014F0EDFD814633
S214024510002800F041818679102106440D36304687
S21402452014F0AFFE014658B120460821FFF7C6FE3A
S214024530002140F2074003B0BDE8F043FFF746BA59
S214024540A07CC0F11002304416F002FE11F07CFE90
S214024550022895F95E010BD032460521FAF7FEFED7
S21402456090B10821204603B0BDE8F043FFF7A6BE8F
S21402457033461022052111F069FE28B1002140F2CF
S2140245801B40FFF723FAECE711F05EFE02280FD17C
S214024590012F0DD004F1180306F1100256F8041B81
S2140245A0964243F8041BF9D1A36843F48073A360D0
S2140245B04A460621204614F069FC0B21072014F017
S2140245C093FD8146002800F0E780867995F95E31F2
S2140245D00C36064443F43F430821A6F80130F01C8B
S2140245E014F04FFE0A22042195F95E01731C11F0A5
S2140245F02DFE0028C2D14A460621204614F046FC6B
S21402460095F85C31013385F85C3118F0020F1FD043
S2140246101121082014F068FD0646002800F0BC8030
S2140246200023817901AA01440D31FF20019314F081
S21402463092FE40B108212046FFF740FE40F20740B6
S2140246400199FFF7C3F932460621204614F01EFCF4
S21402465095F85C31013385F85C3118F0020F1CD0F6
S2140246600821092014F040FD8146002800F09480BD
S21402467086790C360644FBF7D3FA83794A4683F0EA
S2140246800803C3F3C003737003680621C6F802303A
S21402469083882046F38014F0F9FB95F85C310133E9
S2140246A085F85C3118F0040F12D011210A2014F09C
S2140246B01BFD064600286FD0807910223044AB21BD
S2140246C00D3016F045FD32460621204614F0DEFB7C
S2140246D095F85C31013385F85C31012F08D0236CE4
S2140246E093F85031002B57D195F85C31042B53D1F7
S2140246F0A36C10220B2195F95E01313311F0A6FD51
S21402470078B140F21B412046FFF742F9244B254977
S2140247102046012F08BF194603B0BDE8F04314F047
S21402472074BDA36C01220C2195F95E01203311F0B1
S2140247308DFD0028E5D1A36C10220D2195F95E01AE
S214024740213311F083FD0028DBD1082295F95E01A2
S214024750114604F1100311F079FD0028D1D1236C23
S21402476093F85E2184F87520FF2283F85E21D3F841
S21402477058315B0603D404F14C0012F0EDFA11F046
S21402478063FD022808BFA368204604BF43F4807373
S214024790A360FFF7D5F8B9E703B0BDE8F08300BF22
S2140247A0794B0200015002002DE9F04F97B01546F2
S2140247B0DDE9209804AA06468C4692461C46524BD1
S2140247C0229F03F1100B9646186859680833AEE824
S2140247D003005B457246F6D16B4620226146504680
S2140247E0FFF7D8FA8346002871D1484B05F110022C
S2140247F0089365238DF824300DF12503184655F8E5
S214024800041B954243F8041BF9D1102117F0D7FA7E
S2140248100DF13503184604F1100254F8041B9442B5
S21402482043F8041BF9D1102117F0C9FA99F806309B
S214024830062183F00803C3F3C0038DF84530D9F888
S21402484000300DF14600CDF84630B9F804300124A8
S214024850ADF84A3017F0B3FA98F80630062183F01E
S2140248600803C3F3C0038DF84C30D8F800300DF1BE
S2140248704D00CDF84D30B8F80430ADF8513017F091
S2140248809EFA002335228DF854306846239B08A9E9
S2140248908DF85340FFF77EFA8346C0B9102123985D
S2140248A017F08DFA3B463522684608A98DF8204057
S2140248B0FFF770FA834650B9B27C0146C2F1100285
S2140248C0384616F045FC1021384617F078FA1021C3
S2140248D0684617F082FA352108A817F07EFA1021EA
S2140248E0504617F07AFABBF1000F06D00821304680
S2140248F0FFF7E4FC17B0BDE8F08F5A4645F2120106
S214024900304614F098FCF5E7DECC03000062746CC7
S21402491070B51E460423054696B014468DF814302C
S21402492001F120020DF1150351F8040B914243F8F0
S214024930040BF9D120210DF1150017F040FA22469A
S2140249400DF1350304F1200152F8040B8A4243F8B4
S214024950040BF9D120210DF1350017F030FA04AB23
S2140249600293202301931A9B314600930E4841235B
S21402497005AA0EF01DFA0446412105A817F02DFAE5
S21402498054B1214640F20740FFF720F80821284696
S214024990FFF794FC16B070BD224645F21501284674
S2140249A014F049FCF6E700BF00000209F8B5044619
S2140249B0FEF736FF266C054628B394F975305F1C61
S2140249C00BD086F85E31FEF747FF0721012014F070
S2140249D08BFB024618BB1A2111E02046FAF77EFE30
S2140249E086F85E01236C93F95E310133EBD1FEF754
S2140249F033FF90B1A3685D0709D441F20521204632
S214024A00FEF7C6FF07E0FF2386F85E31EFE70521D3
S214024A102046FFF753FC0020F8BD0025D5E73249B3
S214024A20867909680C3691F800C0831983F801C0AC
S214024A3091F81CE0281E18BF0120BEF1010F0DD10F
S214024A4083F802E0D870487C00B3D87800071DD4FB
S214024A50A3685B07DBD441F20321D0E78F69BEF17E
S214024A60020F07F002070ED191F85EE0BEF1000FCA
S214024A7009D04FF0010E83F802E0D870002FE2D181
S214024A8040F00800DEE74FF0000EF4E7BCF1030F3B
S214024A9007D0096911F0FF1F1EBFD97841F0040143
S214024AA0D97094F874108F0708D5D978480705D4BA
S214024AB0BCF1030FCFD041F00401D970002D18BF0E
S214024AC0032510215D7119719D71216C9059C1F8F1
S214024AD00600988848819B7920460B73062114F0BD
S214024AE0D5F9012098E700BF04240020204B10B51A
S214024AF01B6804469B6913F0040310D141B180F889
S214024B00773090F87010BDE810401A4816F025BDB0
S214024B1090F87330012B03D18368580705D410BD73
S214024B20022B02D183685907F9D494F9772094F8B6
S214024B307730002AF3DBB3B9012384F8773094F890
S214024B4077305B08EBD04FF47A7294F870105343C8
S214024B50084800220BF06CFE94F8773063F07F036F
S214024B6084F87730DBE75A06E9D45B00E5E700BF56
S214024B70042400200824002045F21E0330B5994282
S214024B800446154689B010D845F21603994213D842
S214024B9045F20103994200F0B18145F20C039942B5
S214024BA022D0B1F5A04F00F0AF812A46204609B0C8
S214024BB0BDE8304000F0D2B9A1F5A043173B072B61
S214024BC0F3D801A252F823F0B14C0200AB4B02001C
S214024BD0AB4B0200AB4B0200B94E0200AB4B0200DD
S214024BE08D4E02009B4C020090F97730002B02DBC0
S214024BF08268530707D520460921FFF75FFB41F27B
S214024C00092009B030BDAB792B449D4D5B7C2D68E5
S214024C1003F008016D7CD5B121B90321FFF74EFBE5
S214024C202120EEE713F0040F03F0010308D042F050
S214024C300802826093B9A36843F02003A36013E0DE
S214024C40002BF8D0836843F010038360F3E758071D
S214024C5044BF42F00802A260DB0703D5A36843F014
S214024C601003A3600029E6D1A368224643F004039A
S214024C70A360844920460BF0F7FD0221204612F07D
S214024C80BCFA47F23053002245F21A0120460BF0D6
S214024C90CFFDA3689D0540F18980A368580740F1BF
S214024CA0858094F8700009B0BDE8304014F048B929
S214024CB090F87430D9074DD590F97530013342D04B
S214024CC094F9131001291DDCA26893060DD56C4BCE
S214024CD015071B6801D4187C38B1187F10B91878EC
S214024CE0032802D09B69980734D501290AD0644B61
S214024CF011071B6801D41A7C22B11A7F52BB1B789B
S214024D00032B27D10023CDE90433CDE9063311F076
S214024D109BFA022801AB35D1A06AE16A228E03C350
S214024D201A8094F97500BDF80450421C37D011F071
S214024D30D3FA002833D1204641F20601FEF728FEB8
S214024D4041F206005DE78368DA0616D4FEF784FDB4
S214024D500028B5D04A4B1B68197F022932D1DA7C6B
S214024D6082B393F85E306BBBA3685B0720D5204600
S214024D70FFF7A4FA41F2022043E7FEF751FD0028AE
S214024D80E4D0E7E70A22022194F9750011F08CFAC2
S214024D900028C6D1CDE90100ADF80C00C1E72A46CD
S214024DA0204604AB0DF10601FEF77CFA002028E748
S214024DB0204641F20221FEF7EBFD01212046FFF7D5
S214024DC095FED7E72046FEF78BFEA56860B96D070D
S214024DD005D508212046FFF771FA1A2011E71A2195
S214024DE02046FEF7D5FDF8E715F0040508D0FEF7D5
S214024DF03BFDC8B1204694F97510FEF755FED5E77F
S214024E002246204920460BF02FFD0221204612F0B2
S214024E10F4F947F230532A4645F21A0120460BF0BF
S214024E2007FDA3685807E2D494F97530591C15D0CB
S214024E3048F2080040EA032080B2FAF7FBF905219F
S214024E4094F9750011F0EDF9032194F9750011F04B
S214024E50E8F9062194F9750011F0E3F9226C204670
S214024E60D2F8583143F02003C2F85831FFF79EFDBE
S214024E7000289BD02046044914F0C7F996E700BFE5
S214024E80042400205392030049630200FEF7ECFC60
S214024E9000285BD0236C002B58D0A268520755D549
S214024EA0D3F85831980651D42B78002BBCD1052163
S214024EB02046FFF703FA79E790F87430D90706D44C
S214024EC0234914F0A2F929462046FEF761FDA3689D
S214024ED05A077FF56BAF204645F21A0116F03DFBE6
S214024EE0204622461B4916F063FBA368022123F0E4
S214024EF03C032046A360FCF76FFD57E702461549C0
S214024F0015480BF0B1FC51E745F21A0116F025FBE5
S214024F10A36823F03E03A360236C2BB193F95E01D2
S214024F20431C01D0FAF7FCFA22462046094916F03D
S214024F303FFB22460749084816F03AFB2046022164
S214024F40FCF74AFD204614F0E4F92FE7022058E663
S214024F50794B0200539203008423002045F2170384
S214024F60994210B5044640D01AD845F20603994233
S214024F7028D019D840F2012321F00201994213D118
S214024F8090F870101A4816F0E8FA94F87330002277
S214024F90012B4FF4A041204608D1FFF7EDFD03E0B8
S214024FA045F21A03994204D048200AE000F028F895
S214024FB0FAE7104914F029F907212046FEF7E8FC23
S214024FC0002010BD93791A44517C41F49051FEF7AB
S214024FD0DFFC94F87310084A084B2046012914BFD8
S214024FE01146194614F011F9EAE70220E9E700BF74
S214024FF0082400204798030001500200794B020063
S21402500045F21E0399422DE9F3410446154611D88E
S21402501045F21603994214D845F20103994200F06C
S214025020458345F20203994200F09880B1F5A04FFD
S21402503000F042832A46204602B0BDE8F041FFF760
S2140250408DBFA1F5A043173B072BF3D801A252F858
S21402505023F000BF755002003550020035500200A2
S21402506035500200695602003550020017520200FF
S214025070F1510200A74E33681A7F022A11D1DA7C58
S2140250807AB193F85E3063B941F20221FEF780FCF2
S21402509020460121FFF72AFD41F2022002B0BDE8B8
S2140250A0F081A3685D0701D50220F7E72046FEF7E8
S2140250B0B7FB3368051E1A7818BF0125032A07D0E6
S2140250C019696AB211F0FF1F24D042F0040503E00A
S2140250D094F87420900725D49A6992071FD41A7FF1
S2140250E0012A1CD045F0080502210B2013F0FCFF14
S2140250F00246E0B18379062103445D7394F9753064
S2140251002046013302BFA36843F00203A36013F0F4
S214025110BDFE0CE094F874108907D6D4DCE75B7CFD
S214025120002BE1D041F203212046FEF731FCA368B2
S214025130224643F00403A360774920460BF094FB13
S2140251400221204612F059F847F23053002245F267
S2140251501A0120460BF06CFB00209FE783685F076E
S21402516003D490F97730002B05DB236C53B1D3F8C8
S2140251705831DE0606D520460921FFF79FF841F290
S21402518009208BE72046FEF7ABFC28B9082120460B
S214025190FFF794F8212081E7206CD0F8583143F0CD
S2140251A01003C0F85831AB790C332B445A68C0F858
S2140251B006201A89428101229B7A0373236C9A7114
S2140251C0A26812F0040610D12246534920460BF07C
S2140251D04BFB0221204612F010F847F230533246BB
S2140251E045F21A0120460BF023FBA3689805B3D5B7
S2140251F0236C002BB0D0D3F85831D906ACD594F92D
S2140252007530013320D094F87430DA071CD5A368C1
S21402521043F00203A360236C002B3FF445AFD3F8A0
S2140252205831DA067FF540AF9F063FF53DAFFEF7F1
S2140252301BFB20B3A3689E0721D42B78FBB905215C
S2140252402046FFF73BF887E7FEF70EFB94F975104A
S21402525040B14B1C02D1A3689F07DCD42046FEF760
S21402526023FC79E74E1CD6D094F87430D807D2D4F3
S214025270084611F031F80028CDD0052187E794F9C9
S2140252807530581C33D048F2080040EA032080B23A
S214025290F9F7D0FF052194F9750010F0C2FF03213B
S2140252A094F9750010F0BDFF062194F9750010F010
S2140252B0B8FF94F8745015F0010518D148F20B03A4
S2140252C094F8750043EA0020F9F7B4FF48F20C039D
S2140252D094F8750043EA0020F9F7ACFFA06C1022A0
S2140252E02946313015F034FFA36C83F82050A368AA
S2140252F0256C23F00203A360D5F85831054F43F01E
S2140253002003C5F858313B68AA7A1B7A934205D91E
S21402531006213CE7042400205392030094F952101D
S21402532094F852300029B2BF012383F00803C3F376
S214025330C003102A28BF10222B7194F86030204632
S21402534083F00803C3F3C0036B71A2746E7AFEF790
S21402535067FA002836D0F10734D594F97530D4F8B8
S21402536040805A1C24D088F85E3106F00D063B6851
S2140253709A69900704D41A7F012A01D0310701D412
S21402538006F0F7061A78032A1FD01B6913F0FF1FD0
S21402539001D046F0040694F874309A071BD57307BA
S2140253A019D403212046FEF789FF40F2034075E632
S2140253B02046FAF793F988F85E01236C93F95E317A
S2140253C00133D2D106F00C06D1E71B7F002BE2D1C7
S2140253D006F0FB06DFE70721022013F085FE0190A8
S2140253E00028E2D090F806C03A680CF10C0C13784C
S2140253F000EB0C014B70137F012B06D0022B46D11B
S21402540092F85E30003B18BF01238B701023CE70DB
S21402541016F0010608BF32460B711FBFEB7A2A7BD5
S21402542003F003034B71236C14BF02F003024E71A8
S2140254308A7183F851214A7983F8502150F80C205A
S214025440C3F80D208A88A3F811208A79DA7406B385
S214025450206C90F8501111F002061AD194F85210EE
S214025460062281F0080190F95E0104F14C03C1F3B3
S214025470C00110F0EBFE60B13146FEF7A7FA2046F7
S2140254800821FEF71BFF01A816F095F98DE7002309
S214025490BBE7019E002E88D0FEF7DEF995F809C01C
S2140254A078B11CF0010F04D0236C93F95E310133FE
S2140254B007D105212046FEF701FF30460BF062FBBE
S2140254C068E63B680CF00802597C29B112B12A7CC6
S2140254D0100703D40321EDE7002A75D02A7C1107B2
S2140254E072D5D5F8581141F00401C5F85811B5F82F
S2140254F0501121F4807121F00101A5F85011187F96
S214025500297A02280BD071B942EA0C0212F0040280
S21402551048D185F85D211B7C002BDBD10DE021B93B
S21402552093F85E209ABB0221C4E7012283F83D204D
S214025530DA7C92BB042385F85D313246062120468A
S21402554013F0A4FC95F85D31206C042B52D13B6815
S21402555000F5987003F11D022D3352F8041B9A428F
S21402556040F8041BF9D1D5F8583195F85D2103F0BF
S2140255700401002A45D123F00203C5F85831E2742B
S21402558000294AD05B49204613F03FFEE4E583F843
S2140255903D10DB7C002BC6D1CCE793F85E30002BA7
S2140255A0C8D1C0E7EA791978052A28BF03225248EB
S2140255B001EB810101448A5C85F85D211B7C002B8E
S2140255C0BBD0002AB9D185E71A7F012A02D12A7AEE
S2140255D0002AAFD11CF0040F03D12A7C12F0040279
S2140255E097D0EA791978052A28BF0322434801EBA7
S2140255F08101DFE71022002100F5987015F0A8FD62
S214025600B1E743F00203C5F8583141B90123032A32
S214025610E37412D9042A7FF49FAD3949B3E7A37C19
S2140256200F2B89BF94F87430012343F0080384F8E3
S214025630743088BF0223E374A4E7012A07D0204609
S214025640304913F0E2FD2046FEF71AFA84E52046BA
S2140256502C4913F0DAFD3B68D968481C42424241A5
S2140256602046FEF7DDF977E590F87430D90706D4C0
S214025670254913F0CAFD29462046FEF789F9A36894
S2140256805A077FF569AD45F21A01204615F065FF07
S214025690224620461D4915F08BFFA36823F004031B
S2140256A0A36002212046FCF797F955E50246174902
S2140256B017480BF0D9F84FE545F21A0115F04DFFE1
S2140256C0A36823F03E03A360236C2BB193F95E011B
S2140256D0431C01D0F9F724FF224620460B4915F059
S2140256E067FF224609490A4815F062FF204613F072
S2140256F010FED6E735620200EFCC030008CD0300A9
S21402570015570200A5610200794B0200539203006E
S2140257108423002073B545F20406B14204461546BA
S2140257200DD045F21006B14222D0B1F5A04F38D1C5
S21402573013F0CAFC236CD3F85831D90720D5236C52
S214025740D3F85821D2070BD4AA7998330C321544D1
S2140257506A1D153552F8041BAA4243F8041BF9D1F8
S214025760216CD1F8583113F004030CD00F4904E031
S214025770016CA83113F0FCFC0D49204613F045FDE0
S214025780002002B070BD81F85C31012301F1B8023D
S2140257900093204601F1A80301F5987113F06EFFFD
S2140257A0EEE702B0BDE87040FFF7D8BBB55702007F
S2140257B04D580200B1F5A04FF7B5044608D045F2A1
S2140257C01105A94236D003B0BDE8F040FFF7C6BBCC
S2140257D0006C1021B83013F054FD60B10821204649
S2140257E0FEF76CFD40F207400021FEF7EFF840F2AC
S2140257F0074003B0F0BD256C95F85D6105F1A8077A
S214025800013E022E01979CBFD5F82C0195F85C61EB
S21402581005F154019EBFF04000F0010040F0800008
S214025820009005F11402204605F1B80313F099FF23
S2140258300020DEE7016CA83113F09AFC20460249EC
S21402584013F0E3FCF4E700BF4D58020045F21003E4
S21402585030B59942044685B000F0A6800CD8B1F562
S214025860A04F27D045F20503994228D0204605B01E
S214025870BDE83040FFF772BB45F21103994200F0D3
S214025880B08045F212039942F0D1016C91F85D3175
S21402589013B1043B012B03D82046B83113F04CFC5D
S2140258A0236C93F85D31042B40F2DF80052B03D185
S2140258B06F4992E013F008FC002005B030BD9179E4
S2140258C0036C0C310A44511DC833153251F8040BCF
S2140258D0914243F8040BF9D1206CD0F8583113F0FA
S2140258E0040354D090F85D31042B22D1614B1B681F
S2140258F093F85E5065B1002100F114020091114642
S21402590000F5A07001903E33204613F02AFFD3E73D
S2140259101021B83013F0B5FC58B108212046FEF726
S214025920CDFC40F207402946FEF750F840F2074009
S214025930C3E7216C91F85D3101F1C80213B1043B53
S214025940012B12D801F1F803039301F59873029321
S21402595004F15A03019304F15303009301F1B803CF
S2140259602046D831FEF720FFA6E701F5A073019383
S21402597091F85C01D1F82C31C34003F0010343F0E7
S21402598080030093134601F154021431BCE780F8F9
S2140259905C3100F1C802009300F5987100F5A0731F
S2140259A0204613F06BFE87E7056C102205F198017E
S2140259B005F5A07015F0A2FB20B104212046FEF7E3
S2140259C07DFC79E7D5F858312B499B0742BF94F8FE
S2140259D0743043F0020384F87430204613F015FC4A
S2140259E06AE7056C95F85D3105F5A070042B1ED1AB
S2140259F0204B102219684E3115F080FB0028DCD1AE
S214025A00102105F1B80013F03CFC216C01F1F803FB
S214025A10039301F59873029304F15A03019304F178
S214025A205303009301F1C80201F1B80398E7014657
S214025A30102205F1980015F061FB0028BDD105F192
S214025A40B801204613F078FB216C91F85C310133E3
S214025A50DBB2142B81F85C31D8D0D1F8583123F060
S214025A600103C1F858310549B7E70549B5E700BF54
S214025A70855A020004240020E95C02001557020041
S214025A803D5B020045F21403994213B504462BD03F
S214025A900CD8B1F5A04F13D045F20E03994232D07E
S214025AA0204602B0BDE81040FFF758BA45F2190387
S214025AB09942F5D1137813BB0C21FEF7FFFB10E0D9
S214025AC013F002FB216C204601F59473019301F159
S214025AD0B803009301F1540201F1C803143113F024
S214025AE0B8FC002002B010BD036CD3F82821114B7D
S214025AF0B2FBF3F103FB1121FDF77CFFF1E70E4940
S214025B0013F083FBEDE79179036C0C310A44511DC7
S214025B1003F58473153251F8040B914243F8040BD3
S214025B20F9D1226CD2F8583143F00803C2F8583142
S214025B30D7E700BF40420F003D5B0200F0B545F2DA
S214025B400E06B142044615468DB00ED045F2130637
S214025B50B1425CD0B1F5A04F40F0BD8013F0B4FA6C
S214025B60236CD3F85831190757D5236CD3F858212C
S214025B7012070CD4AA7903F584730C3215446A1DF5
S214025B80153552F8041BAA4243F8041BF9D1002328
S214025B90256CCDE90833CDE90A3385F85C3195F8F2
S214025BA05D310DF1200C042B2AD14D4B1B6893F866
S214025BB03D205AB1674603F11D022D333E4610685A
S214025BC05168083203C69A423746F7D105F5A073E4
S214025BD0069304F15A03059304F153030493EB79F5
S214025BE005F1C80203932B7A02936B7ACDE900C3C0
S214025BF005F1B803204605F1F80113F09EFC0CE00F
S214025C00013B022B9CBFD5F82C310893DEE7056CCE
S214025C1095F85C3123B1012B54D000200DB0F0BDB5
S214025C20102205F5A07105F5847015F067FA20B10B
S214025C300B212046FEF742FBEFE7D5F858310DF16F
S214025C40200C9B0742BF94F8743043F0020384F89A
S214025C507430012385F85C310023CDE90833CDE9A1
S214025C600A3395F85D31042B25D11D4B1B6893F83A
S214025C705E205AB1674603F13E024E333E46106836
S214025C805168083203C69A423746F7D105F58C7337
S214025C90069304F15303059304F15A030493AB7B72
S214025CA005F1B8020393EB7B02932B7CCDE900C38C
S214025CB005F1C8039EE7013B022B9CBFD5F82C31A9
S214025CC00893E3E705F58C7113F01AFA20460549A6
S214025CD013F09BFAA1E70DB0BDE8F040FFF73EB91E
S214025CE004240020E95C0200B1F5A04F73B5044617
S214025CF015467BD045F21B06B14240F0FA8090F87A
S214025D007430DB076AD5056CB5F850312BB17B4988
S214025D1013F07BFA002002B070BDD5F858315E074A
S214025D204BD56B7AD80748D52B7CD90745D5A36CBB
S214025D3010220B2195F95E01313310F087FA38B143
S214025D4040F21B412046FDF723FE40F21B40E2E7ED
S214025D50A36C206C01220C2190F95E01203310F016
S214025D6075FA0028ECD1A36C206C10220D2190F954
S214025D705E01213310F06AFA0028E1D10822206C75
S214025D80114690F95E0104F1100310F05FFA002844
S214025D90D6D104F14C0010F0DFFF236C93F85E219D
S214025DA084F87520FF2283F85E212046544913F0BA
S214025DB02CFA2046FDF7C4FDACE705F5987304F10E
S214025DC0180205F5A07553F8041BAB4242F8041BF3
S214025DD0F9D1A36843F48073A360E6E7484913F059
S214025DE014FA29462046FDF7D3FD93E7036CD3F851
S214025DF0582112F0040245D05A7AD2078AD51B7C63
S214025E00DB0787D510F020FA0228206C0ED000F5AA
S214025E109872032190F95E01F9F7A0FA00283FF480
S214025E2079AF08212046FEF749FA8EE700F5987307
S214025E301022032190F95E0110F008FA28B1002121
S214025E4040F21B40FDF7C2FDEBE7206C102200F586
S214025E509873052190F95E0110F0F8F90028EED14A
S214025E60236C04F1180103F5987203F5A07352F837
S214025E70040B9A4241F8040BF9D1A36843F48073E9
S214025E80A36047E7D3F8B810C3F8D010D3F8BC1015
S214025E900192C3F8D410006C01A900F59870FDF7C2
S214025EA0CFFF48B101980CF04AFD20460821FEF7C4
S214025EB005FA40F207402EE7206C019A00F5987129
S214025EC0C830FDF76FFE05460198002DEBD10CF0A9
S214025ED036FD236CA07C03F598732946C0F11002A8
S214025EE0184415F035F9216C2046B83113F024F920
S214025EF010E702B0BDE87040FFF730B8055F020059
S214025F0001500200B1F5A04F2DE9F34105461446B3
S214025F1000F03681A1F5A043DE1F042E00F2378181
S214025F209279083B0C321444026C92F85021032BEF
S214025F3005D8DFE813F047009400C5002201D10718
S214025F4040F1BC80053410222146934815F0D6F85D
S214025F50002800F09D8010F077F90228286C27D0E0
S214025F602246032190F95E01F9F7F8F90026074662
S214025F7010F06AF9022812D195F87330012B0ED16F
S214025F80234605F1180204F1100153F8040B8B4264
S214025F9042F8040BF9D1AB6843F48073AB6010216E
S214025FA0204615F01AFF002E6DD0002130462FE055
S214025FB023461022032190F95E0110F047F90027CC
S214025FC00646D5E712F0010778D010F03DF9022810
S214025FD021D02B6C062093F95E81EFF747FB15F074
S214025FE038FF064608B91A26DFE701466B4840EA3C
S214025FF008200CF0B8FC804630460CF0FDFF304618
S2140260000AF04EFFB8F1000F05D0414640F20740B5
S214026010FDF7DCFC38E0286C04F1050843460A224A
S214026020022190F95E0110F011F9D4F80530064607
S214026030AB62D4F80930EB62B4F80D302B86002838
S214026040B3D12A6C92F8503123EA070382F8503112
S2140260502846FEF73DFA002002B0BDE8F08192071E
S2140260602CD510F0F1F8022804F10504286C16D09D
S2140260700621224690F95E01F9F770F910210746CB
S214026080204615F0AAFECFB108212846FEF716F9DB
S21402609028460821FEF712F940F20340DCE7062103
S2140260A02346102290F95E0110F0D0F80646102121
S2140260B0204615F092FE002E7FF477AF0027C0E749
S2140260C09307FBD510F0C0F802281AD02B6C0620D6
S2140260D093F95E71EFF7CAFA15F0BBFE0646002882
S2140260E081D001462E4840EA07200CF03CFC0746C9
S2140260F030460CF081FF30460AF0D2FE0FB1394628
S21402610084E7617989B90A46631D13F8010F60B9FD
S2140261100132062AF9D195F85210286C81F008014E
S21402612005F14C03C1F3C00106E000394FF0060248
S21402613018BF0121286CA31D90F95E0110F086F8A5
S2140261402A6C0646D2F8583143F04003C2F858315A
S2140261506389D4F80600ADF8043063790090002B0A
S2140261600CBF4923722368468DF8063010F0F4FD02
S214026170002E7FF41AAF022763E702F0040760E7F7
S21402618012F0A2FF00222B6C83F85C2160E702B0BB
S214026190BDE8F041FEF7E2BE21CD03000380040015
S2140261A00680040070B545F20406B1420446134662
S2140261B024D045F21806B14206D0B1F5A04F32D12E
S2140261C012F082FF002070BD11684D1C03D1012120
S2140261D0FEF774F8F6E7026CD2F85801400743BFA0
S2140261E0002182F85C111B68C2F830112046104963
S2140261F048BFC2F82C3113F008F8E3E79979026C2D
S2140262000C310B44591D9832153351F8040B994240
S21402621042F8040BF9D1226CD2F8583143F001034C
S214026220C2F85831CEE7BDE87040FEF797BE00BF11
S2140262301557020045F215039942F7B5044651D0A8
S2140262400CD8B1F5A04F19D045F20D0399421BD0D8
S214026250204603B0BDE8F040FEF780BE45F21603C6
S2140262609942F5D1016C01F1D8030093D1F894302C
S21402627001F134021431FEF74BFB01E012F024FF69
S2140262800027384603B0F0BD93790C331A44551DE7
S21402629002F1250632462946FDF7E6FC074620B1FE
S2140262A00B212046FEF70AF8EBE72946236C143347
S2140262B051F8042BB14243F8042BF9D1236C01F1B7
S2140262C02002343351F8040B914243F8040BF9D1FF
S2140262D0216C204601F1940301F174025431FEF759
S2140262E015F8CDE712F060FF236C93F85D31052BAD
S2140262F0C6D8DFE803F0190311111E1920460E490D
S21402630012F083FF0D4B20461B68D9684B1C5A427D
S2140263105A41FDF785FBB3E72046074912F075FFA1
S2140263202046FDF7ADFBABE70549204612F06DFFB0
S214026330A6E70449F9E700BFA5610200042400208D
S214026340B55702004D580200F8B545F216039942B9
S214026350044600F061810BD8B1F5A04F0ED045F28D
S214026360030399420ED02046BDE8F840FEF7F6BD7C
S21402637045F217039942F6D1022002E012F0A4FE7B
S2140263800020F8BD9379056C0C33D618F379DF0735
S21402639008D4FDF761FA28B105212046FDF78EFFE5
S2140263A02120EEE79E4F327A3B681B7A9A4201D250
S2140263B00621F2E7D6F80530C5F80E30B6F80930F1
S2140263C06B8202236B7394F9523094F85210002BAE
S2140263D0B2BF012381F00803C3F3C0036B7194F8C4
S2140263E0603083F00803C3F3C0032B71337A102B9B
S2140263F028BF1023A374F379D8072BD56B7ADA0754
S21402640028D5737AEA7A134085F85131B37A2A7B13
S214026410134085F8503195F95E3101331ED0206C59
S21402642090F850319B0719D481F00801062290F9A2
S2140264305E0104F14C03C1F3C0010FF007FF68B11F
S21402644040F21B412046FDF7A3FAA3685907A7D5D9
S2140264500821A2E7002385F85131DAE73B68F07994
S214026460597C00F0080229B112B16A7A120703D4E5
S214026470032192E7002A79D06A7A110776D5D5F8F1
S214026480581141F00401C5F85811B5F8501121F41D
S214026490807121F00101A5F8501193F81CC0B17962
S2140264A0BCF1020F02D019B3022176E789B10122AC
S2140264B083F83D20DA7CB2B9042285F85D21A27CFD
S2140264C00F2A27D994F8742042F0080284F8742020
S2140264D020E093F85E20002AE6D0DA7C83F83D10AE
S2140264E0002AE1D1E8E793F85E20002AE4D1DBE750
S2140264F0024312F004023FD072794A49052A28BFA5
S2140265000322187802EB82020A44125C85F85D21A7
S214026510002AD4D1197C95F85D2109B1002AA7D0AA
S214026520206C042A00F598703AD103F11D022D332F
S21402653052F8041B9A4240F8041BF9D1D5F8583198
S21402654095F85D2103F004017ABB23F00203C5F837
S2140265505831E27400295AD0216C204601F1940386
S21402656001F174025431FDF7D1FE09E71A7F012AC0
S21402657005D1B2791AB1042285F85D21CAE742072D
S21402658003D46A7A12F00402F6D072792649052AF2
S21402659028BF0322187802EB82020A44125CEBE759
S2140265A01022002114F0D4FDC8E743F00203C5F818
S2140265B0583149B90123013AE374032A3FF6E0AEA3
S2140265C0DFE802F010181025A37C0F2B89BF94F881
S2140265D07430012343F0080384F8743088BF022322
S2140265E0E374B9E72046114912F00FFE2046FDF784
S2140265F047FAC5E620460D4912F007FE3B682046DC
S214026600D9684B1C5A425A41FDF70AFAB8E60849BD
S214026610204612F0FAFDB3E612F0C6FD0549F7E78A
S21402662004240020EFCC030008CD03002D700200E6
S214026630096F02003966020045F20D039942F7B56A
S214026640044627D00DD8B1F5A04F1DD045F204035D
S214026650994200F08F80204603B0BDE8F040FEF776
S2140266607DBC45F21103994200F0A68045F215035F
S2140266709942F0D1006C90F85D31052B06D8DFE820
S21402668003F0503A423A555012F01EFD00273846A3
S21402669003B0F0BD93790C331A44561D02F125055A
S2140266A02A463146FDF7E0FA074620B10B2120467E
S2140266B0FDF704FEEBE73146236C143351F8042B46
S2140266C0A94243F8042BF9D1236C01F1200234339A
S2140266D051F8040B914243F8040BF9D1216C204681
S2140266E001F1D8030093D1F8943001F13402143149
S2140266F0FEF70EF9CAE720463B4912F086FD204611
S214026700FDF7BEF9C2E72046374912F07EFD374B49
S21402671020461B68D9684B1C5A425A41FDF780F93D
S214026720B4E73349204612F070FDAFE72F4B1B68E3
S21402673093F85E5065B1002100F1140200F5A070D6
S21402674001900091204611463E3313F00AF89DE769
S2140267501021C83012F095FD00283DD008212046B1
S214026760FDF7ACFD294640F20740FDF72FF940F24F
S21402677007478CE79179036C0C310A44511DA83304
S214026780153251F8040B914243F8040BF9D1256CEB
S214026790102205F1A80105F1980014F0AFFC20B90B
S2140267A004212046FDF78AFD70E7D5F8583143F0FC
S2140267B00103C5F8583169E70C4B056C19681022BD
S2140267C04E3105F5A07014F099FC0028E8D110218E
S2140267D005F1C80012F055FD216C2046C83112F0B2
S2140267E0ABFC04499EE700BF2D7002000424002083
S2140267F0616E0200F967020045F21003F0B5994295
S214026800044685B000F087800CD8B1F5A04F1CD0A6
S21402681045F2050399421DD0204605B0BDE8F0407A
S214026820FEF79CBB45F21103994200F08D8045F2BB
S21402683012039942F0D1036C93F85D31042B40F2B7
S214026840B380052B03D159497BE012F03DFC0020B2
S21402685005B0F0BD9179036C0C310A44511DB83372
S214026860153251F8040B914243F8040BF9D1256C0A
S214026870102205F1C80705F1B8063146384614F06D
S2140268803DFC20B904212046FDF718FDDFE7D5F8C8
S214026890583113F0040332D095F85D31042B13D12E
S2140268A005F1F803039305F59873029304F1530375
S2140268B0019304F15A0300933A463346204605F103
S2140268C0D801FDF771FFC2E705F5A07005F11401C6
S2140268D005F1540201900BB1052B06D1002300935B
S2140268E02046334612F03DFFB1E795F85C01D5F835
S2140268F02C31C34003F0010343F08003EFE785F831
S2140269005C3132460093204605F5A07305F5987172
S21402691012F0B4FE9BE7056C102205F1A80105F5FE
S214026920A07014F0EBFB0028ACD1D5F85831204902
S2140269309B0742BF94F8743043F0020384F8743025
S214026940204612F062FC82E7056C102205F1A801CF
S21402695005F5A07014F0D2FB002893D195F85D31AE
S214026960013B022B0FD895F85C310133DBB2142BB6
S21402697085F85C3107D0D5F858310E4923F001036B
S214026980C5F85831DCE705F1F803039305F598736B
S214026990029304F15303019304F15A03009305F1A1
S2140269A0C80205F1B80389E70349CAE7BD690200D0
S2140269B0196C0200096F02003D6A020073B545F2C7
S2140269C01406B14204461AD045F21906B14221D045
S2140269D0B1F5A04F28D112F077FB216C204601F5C5
S2140269E09473019301F1B803009301F1140201F1CB
S2140269F0C803543112F02DFD002002B070BD036CA6
S214026A00D3F828210B4BB2FBF3F103FB1121FCF761
S214026A10F1FFF1E713781BB90C21FDF74FFCEBE70A
S214026A20054912F0F2FBE7E702B0BDE87040FEF758
S214026A3095BA00BF40420F003D6A0200F0B5B1F5BC
S214026A40A04F05468DB008D045F21304A14244D0AB
S214026A500DB0BDE8F040FEF781BA0023046CCDE924
S214026A600833CDE90A3394F85D310DF1200C042B7E
S214026A702CD11F4B1B6893F85E205AB1674603F170
S214026A803E024E333E4610685168083203C69A42AA
S214026A903746F7D104F58473069305F1530305933D
S214026AA005F15A030493E37928460393237A04F103
S214026AB0C8020293637A04F1F801CDE900C304F137
S214026AC0B80312F03AFD00200DB0F0BD013B022BD8
S214026AD09CBFD4F82C310893DCE7016C01F5847175
S214026AE012F00EFB2846034912F08FFBEBE700BFBD
S214026AF004240020F96A0200F0B545F20E06B142FF
S214026B00044613468DB00BD045F21303994260D06B
S214026B10B1F5A04F77D112F0D7FA00200DB0F0BD34
S214026B209979026C0C310B44591D02F58C7215339F
S214026B3051F8040B994242F8040BF9D1256C102245
S214026B4005F58C7105F5847014F0D8FA20B90B217E
S214026B502046FDF7B3FBE0E70023CDE90833CDE995
S214026B600A3395F85D310DF1200C042B2AD1284BFF
S214026B701B6893F83D205AB1674603F11D022D3378
S214026B803E4610685168083203C69A423746F7D125
S214026B9005F5A073069304F15A03059304F1530313
S214026BA00493AB7B20460393EB7B05F1B80202937A
S214026BB02B7C05F1F801CDE900C305F1C80312F0FC
S214026BC0BCFCAAE7013B022B9CBFD5F82C310893EC
S214026BD0DEE7056C102205F5A07105F58C7014F041
S214026BE08DFA0028B3D1D5F8583120469B0748BF06
S214026BF094F87430074944BF43F0020384F87430B3
S214026C0012F003FB89E70DB0BDE8F040FEF7A6B927
S214026C1004240020196C020070B5B1F5A04F04469A
S214026C20154688B07BD045F21B06B14240F00E8175
S214026C3090F87430DB076AD5056CB5F850312BB185
S214026C40854912F0E2FA002008B070BDD5F8583136
S214026C505E074BD56B7AD80748D52B7CD90745D526
S214026C60A36C10220B2195F95E0131330FF0EEFA78
S214026C7038B140F21B412046FCF78AFE40F21B4028
S214026C80E2E7A36C206C01220C2190F95E0120330E
S214026C900FF0DCFA0028ECD1A36C206C10220D2138
S214026CA090F95E0121330FF0D1FA0028E1D10822D3
S214026CB0206C114690F95E0104F110030FF0C6FA3B
S214026CC00028D6D104F14C0010F046F8236C93F855
S214026CD05E2184F87520FF2283F85E2120465F49F4
S214026CE012F093FA2046FCF72BFEACE705F59873F4
S214026CF004F1180205F5A07553F8041BAB4242F8DE
S214026D00041BF9D1A36843F48073A360E6E75349F2
S214026D1012F07BFA29462046FCF73AFE93E7036C0C
S214026D20D3F8582112F0040255D00022CDE90122F0
S214026D30ADF80C205A7AD2073FD51B7CDB073CD530
S214026D400FF082FA0228206C0CD000F5987203210C
S214026D5090F95E01F8F702FB78B308212046FDF7AA
S214026D60ADFA8BE700F598731022032190F95E01C5
S214026D700FF06CFA28B1002140F21B40FCF726FE09
S214026D80EBE7206C102200F59873052190F95E015E
S214026D900FF05CFA0028EED1236C04F1180103F51B
S214026DA0987203F5A07352F8040B9A4241F8040B4A
S214026DB0F9D1A36843F48073A3600023BDF80420CE
S214026DC0CDE90433CDE906330DF1060104AB2046C6
S214026DD0FCF768FA37E7D3F8B810C3F8D010D3F840
S214026DE0BC100092C3F8D410006C694600F5987087
S214026DF0FDF726F848B100980BF0A1FD20460821C1
S214026E00FDF75CFA40F207401EE7206C009A00F598
S214026E109871C830FCF7C6FE05460028EBD10098EC
S214026E200BF08DFD236CA07C03F59873C0F1100265
S214026E302946184414F08CF92A46CDE90155CDE9C5
S214026E400455CDE9065504AB01A9C0E708B0BDE874
S214026E507040FEF783B800BF43980300794B0200E8
S214026E60B1F5A04F70B50446154607D045F20406A4
S214026E70B1420CD0BDE87040FEF770B812F024F9AB
S214026E80236CD3F85831D90701D4002070BD236C87
S214026E90D3F85821D20718D4AA79A8330C3215444D
S214026EA06A1D153552F8041BAA4243F8041BF9D191
S214026EB0206C102200F1A801983014F01FF920B9B6
S214026EC004212046FDF7FAF9DFE7206C1021C830CE
S214026ED012F0D7F958B108212046FDF7EFF940F233
S214026EE007400021FCF772FD40F20740CEE7216C16
S214026EF02046C83112F020F92046024912F085F9E0
S214026F00C3E700BFF9670200B1F5A04F13B5044608
S214026F100ED0A1F5A043103B012B45D8016C983149
S214026F2012F026F92046234912F06FF9002017E0E6
S214026F30016CD1F8583101F1C80213F0040328D0CD
S214026F401021104612F09DF960B108212046FDF787
S214026F50B5F940F207400021FCF738FD40F2074041
S214026F6002B010BD216C204601F19803019391F8FE
S214026F705C21D1F82C31D34003F0010343F08003A7
S214026F80009301F1140201F1C803543112F0E9FB37
S214026F90CCE781F85C310123009301F1980301F5F7
S214026FA0987112F06BFBC1E702B0BDE81040FDF726
S214026FB0D5BF00BFB96F0200B1F5A04F70B513463A
S214026FC0044607D045F20406B14207D0BDE8704039
S214026FD0FDF7C4BF12F078F8002070BD9979026CF4
S214026FE00C310B44591DA832153351F8040B994243
S214026FF042F8040BF9D1256C102205F1A80105F11F
S214027000980014F07BF820B904212046FDF756F9C3
S214027010E2E7204605F1C80112F08EF82046024942
S21402702012F0F3F8D8E700BFF9670200B1F5A04FF7
S21402703070B50346144607D045F21806B14207D08B
S214027040BDE87040FDF78ABF12F03EF8002070BD22
S2140270501268551C03D10121FDF730F9F6E7016CE1
S214027060D1F85801400743BF002281F85C2122680C
S214027070C1F8302148BFC1F82C211846014912F048
S214027080C4F8E3E7096F020008B50448FAF7ACFB58
S2140270900F2303710023437108BD00BF20020409B9
S2140270A0184640F20A4322F000429A422DE9F04185
S2140270B020D8B2F5806F01D800203EE06FF48064DD
S2140270C02244092AF8D801A353F822F013710200C9
S2140270D01F7102003F7102008D7102006171020091
S2140270E0A9710200CB710200D3710200B9700200CE
S2140270F0EB7102006FF4A0615318042BDCD8A2F2E5
S2140271000252032A79D8DFE812F08A009200B7000A
S214027110CB000578448864480FF0FAFF3EE0057815
S2140271204468826900F108030021604810F001F803
S21402713010B10571C0F805400120BDE8F08106785F
S21402714045880479826900F10803002158480FF047
S214027150F0FF0028F0D00671A0F80550C471EBE7E6
S21402716004790778A4F11B03594259414688C58819
S21402717000F1080289004F4810F000F80028DBD022
S2140271800771A0F80560C4710581D5E705784488C3
S2140271904269031D002148480FF0CBFF0028CBD0E0
S2140271A00571A0F80540C7E706784588848800F18F
S2140271B00802002141480FF0E1FF0028BCD006710A
S2140271C0A0F80550A0F80740B6E7057844683C48A2
S2140271D0A2E704783A480FF09BFF0028ACD00723BA
S2140271E04371002304718371A6E7047835480FF0D3
S2140271F08FFF0028A0D004719EE70778468805799D
S214027200C48800F1080200212F480FF0B7FF0028BB
S21402721092D00771A0F80560C57104818CE70778E3
S21402722046880579C48829480FF072FFEFE7876819
S2140272304588047906787FB1C78800F108020021E4
S21402724023480FF09BFF00283FF476AF0671A0F8A4
S2140272500550C47107816FE73B463A4639461C48DB
S2140272600FF067FF00283FF467AF0671A0F80550DD
S214027270C471077247725FE790F800804788067904
S214027280C588048913480FF043FF00283FF454AF23
S21402729080F80480A0F80570C671058144814BE72A
S2140272A0057844680C4837E7C4CD0300C0CD030018
S2140272B0BCCD0300B4CD0300B8CD0300B0CD0300AF
S2140272C0ACCD030094CD0300A8CD0300A4CD0300EB
S2140272D0A0CD03009CCD030098CD03000048704764
S2140272E0A170020030B5044685B00846039112F03C
S2140272F007FC830708D410F0010003D003A814F09B
S2140273005AFA012005B030BD03998B7903F10C02BD
S21402731088188A5C013A1C2A00F2E880DFE802F04C
S2140273200FE689E68CE695E69CE6A4E6ACE6B3E6CE
S214027330BAE6C2E6E6E6C4E6D2E6D4E6DD000379BD
S2140273400BB103F588534278023A162AD6D801A121
S21402735051F822F0B1730200FD720200BB73020004
S214027360FD720200C7730200FD720200D3730200B0
S214027370FD720200DF730200FD720200F773020064
S214027380FD720200EB730200FD720200037402003B
S214027390FD7202000F740200FD720200FD7202000E
S2140273A0FD72020019740200FD72020029740200C6
S2140273B017212046FBF7C4FEA0E70022204611460E
S2140273C011F02CF99AE71A460021204611F0D3F95B
S2140273D094E700222046114611F03EFB8EE700227B
S2140273E02046114611F026FA88E71A460021204662
S2140273F011F013FB82E71A460021204611F0F0FA3C
S2140274007CE700222046114611F019FC76E7194661
S214027410204611F07DFC71E70093002320461A46B1
S214027420194611F07FFC69E71946204611F0CCFC9C
S21402743064E7B0F80110BCE702338B710A460023FA
S2140274404178204611F0EAF85BE701330022204635
S2140274508B7111F090F954E702338B714278002356
S214027460204611F0F9FA4CE701338B7100232046CF
S2140274701A4611F0DFF944E70133002220468B71E9
S21402748011F0AEFA3DE70133002220468B7111F06F
S214027490C4FA36E702338B7142780023204611F095
S2140274A0CEFB2EE70021B3E705338B710023B0F83D
S2140274B00320B0F8010000930B460146204611F067
S2140274C031FC1EE70021B0E703338B710A46B0F8A1
S2140274D00110204611F097FC13E703338B710A461E
S2140274E0B0F80110204611F097FC0AE7002009E7E1
S2140274F02DE9F04F144687B09B46C36B06460D46F1
S2140275005B69012202A960689847F36B012203A90E
S2140275105B692846984702A812F0FCFE074648B167
S2140275200023A37563754FF0FF33A360002007B0F6
S214027530BDE8F08F03A812F0FAFE0123A375237E9E
S21402754004EBC303DD611F846368AB420ED1206087
S21402755003A812F00EFF4FF0FF332075A360237DC1
S214027560043B022B25D80023A375DFE723681A1AEB
S21402757003A853425341A37512F0FBFE237D8342B8
S21402758003A818BFA77512F0D6FE074602A812F087
S214027590D2FE874203A81CBF0023A37512F0D3FEB7
S2140275A0074602A812F0CFFE87421CBF0023A3752F
S2140275B0D5E703A812F0BFFE80B1F36B022204A93E
S2140275C028465B69984704A812F0C4FE0346207D4D
S2140275D0032839D8DFE800F03838040903A8F3E7AF
S2140275E0237ECC2204EBC3031A8401F0C9FA109B53
S2140275F0187003A8277E12F092FE04EBC70787F8DE
S214027600220003A8237E04EBC303B3F8209093F86A
S214027610227012F090FE804603A812F094FE824674
S214027620B8F1000F15D0F36B022204A928465B6955
S214027630984704A812F053FE6075637D6BB9002369
S214027640A3754FF0000838E0227E04EBC2021384D2
S214027650CBE703A812F02EFEEEE794F81680B8F1F8
S214027660000FEED0B9F1000F09D1DFB10123627E1F
S214027670E375002A44D19F4218D1677614E0736CF2
S21402768005EB0A02594285EA020008421CBF0021A5
S214027690A175591E0A409B1A9945D0D8A37D002B86
S2140276A0E3D1CEE7E37D43B94FF000084B4652469E
S2140276B02946304612F0AAFBA060A27D12B12369C9
S2140276C04B4423611349237E097899421ED901331C
S2140276D02376BBF1000F1BD0D2B1E37DC3B1B8F164
S2140276E0000F15D1032F13D0A1684B1C10D0109B8E
S2140276F02246304600930123FFF7FAFEA07507E004
S214027700012FDAD0032F08BFA376CDE70023A37597
S214027710A07D0CE788C603002DE9F04F0E468BB01D
S2140277209846002304464FF0FF31104617468DF860
S214027730133001F00FFAB6F5801F3BD3B21C53D1BB
S214027740E56A6B1C57D1616A204612F0A5FA054617
S214027750B31CDFF8189118BF01230193636A05A9C9
S214027760626C4FF0000B0293236802FB053AE36B50
S21402777005225B695046984705A812F084FE12F06F
S214027780A7FE504612F0AFFE824601464B1C05D0BD
S214027790636C81EA0A025B42134232D029462046D3
S2140277A012F07AFA029BAB424DD0BBF1000F4DD1DC
S2140277B00546D3E7314605AA04F1080012F060FD3B
S2140277C00146481C10D0384601F0C4F90DF11303E7
S2140277D001223946204612F095FB28B19DF8133057
S2140277E088F80030002003E0237C002BA8D11D4837
S2140277F00BB0BDE8F08F2368ED1A636CB5FBF3F5AA
S214027800A6E7484601F0A6F90DF11303019A494688
S214027810204612F077FB034690B1B21C03D0D9F88B
S2140278200020B2420CD19DF81320494603933846F5
S2140278300D4B88F800201A6813F095FC039B9B46B4
S214027840D9F80810A2E7BBF1000FD0D0B6F5801F1A
S214027850C8D298F8003031467A6804F1080001F080
S214027860BDF8BFE70BE000F084C60300901A0020C4
S2140278702DE9F3410E46044617469846816A194D8D
S214027880E36A8B422AD04B1C18E0284601F062F9C4
S2140278900DF1070301222946204612F033FB30B1D0
S2140278A043469DF8072029462046B847B0B1A96846
S2140278B04A1C05D0012E0AD0E36A9942E5D10DE0B2
S2140278C06968204612F075FA012E0146D8D16B6817
S2140278D081EA0302636C5B421A42D1D002B0BDE871
S2140278E0F08100BF641A00202DE9F041036B904638
S2140278F0826B90B007680E469A42426C01A9044613
S21402790088BF8363436A02FB0377C36B05225B6906
S2140279103846984701A812F0B6FD01280146307095
S21402792056D0656C06A9E26B2368606AD2F814C06A
S214027930052205FB00300025E04706A812F0A3FD4D
S214027940012823D001218DF834800E958DF83C1045
S214027950D4E90A32CDE90B4593422AD1194620468C
S21402796012F027FA236B626C1433E0629B1A2363CD
S2140279700C9B53B99DF83C303BB1626A616C23683C
S214027980E06B01FB023112F036FD0C9DE36B052223
S21402799001A938465B69984701A812F074FD307059
S2140279A0236B2846A26B9A4288BFA36310B0BDE839
S2140279B0F081237C33B90BAA1C4904F1080001F0BC
S2140279C05DF8D5E70BAB1A4A2046FFF751FFCFE723
S2140279D0237C23BB2246174904F1080001F04EF827
S2140279E0616A204612F079F9616A421C204612F05A
S2140279F042F9054620B9236B626C1344143B236399
S214027A00A16A204612F0D5F92368A062C01A636CF8
S214027A10B0FBF3F06062204612F00FFAB6E70023DE
S214027A20054A2046FFF724FFDAE700BF1D82020060
S214027A30998102008D9F0300299F030073B50D46AE
S214027A40D11E1C461B7E4A424A419A4226D12968CA
S214027A502368994222D3636899421FD8114E0DF1CA
S214027A6007033246FFF758FEC0B972686B689A423F
S214027A7014D19DF80730DA1E53425341227E9342B8
S214027A800CD1636901336361D4E90323934205D2BF
S214027A902968A26842F8231001332361012002B04C
S214027AA070BD00BFBC1A00202DE9F04F8BB09A467D
S214027AB0DFF854B180469DF850300D4616460293C4
S214027AC0DBF810305345C0F09880DBF80430D1461E
S214027AD00193B9F1000F00F08C80D8F83C300122F7
S214027AE007A901985B69984707A812F020FCDBF803
S214027AF00030984240F0848007A812F024FC042844
S214027B00074614D107A812F025FC019B029A0446E8
S214027B103B44002A3ED1864212D9361A14460199AF
S214027B20404612F046F9A9EB04090190D1E7D8F8CD
S214027B303C30022208A901985B69984708A8E2E748
S214027B40841B9F19544528BF5446032CAAEB040AEB
S214027B504FEA94021CD9D8F83C302946384604F03D
S214027B6003065B69984724F003031F441D44002E56
S214027B70D5D0D8F83C30012208A938465B69984728
S214027B803246284608A9354413F0EDFA0026C6E721
S214027B902646ECE700F003020344074603922A183F
S214027BA005930492049BDD1B059BD81B039B9F42F7
S214027BB00FD1002FB3D0D8F83C30012208A95B6958
S214027BC098473A4608A9284613F098FA78B93D44E9
S214027BD0A5E7D8F83C30012208A95B699847042239
S214027BE008A9284613F08AFA08B9043FDAE7DFF84C
S214027BF01C9048460BB0BDE8F08FDFF81490F8E70B
S214027C00DFF81090F5E700BFE81A002012E000F057
S214027C1011E000F022E000F02DE9F0410F4688B0B6
S214027C2016469846044660B390F83450FDB10121DA
S214027C3011F0F7FF0E9B0021CDF804800496CDE9E3
S214027C4002379DF83C308DF81C30237CCDE90511B7
S214027C508BB901AA0C4904F1080000F00FFFE06B93
S214027C60DDE90553002E08BF1D4612F09DF9284691
S214027C7008B0BDE8F08101AB044A2046FFF7F8FDE4
S214027C80EDE70546F3E700BF579F03003D7A020083
S214027C902DE9F04F99B00F46044609920A69416CE5
S214027CA00E93D31D1439B3FBF1F3013302EBC30277
S214027CB0036B9342C0F00F820023DFF824940D93E7
S214027CC0E36A48461946079300F044FFD7E90336AD
S214027CD004930E9B022B4ED1CC2E40F08C81099B36
S214027CE0002B42D03946204612F0BCF9656C079A42
S214027CF06B1E14901340ED1AE36B012216A97868E6
S214027D005B69984716A812F016FB00280CBF0423DE
S214027D100823782E06933FD9012300254FF0080A40
S214027D2005933B6805990E98C9F80030C9F81060AB
S214027D3012F023FB4FEA9A03DDF81CB089F8140010
S214027D40109300230B930F9308930C93616C4A1EB7
S214027D500BEA02028B1A002E3AD05544AB4242D8A6
S214027D60236B5B1A13442363ADE0049B1B681493D6
S214027D7008230693D0E7656C782E079A05F1FF3341
S214027D8003EA0203A5EB030516D8FB7D7BB9099B24
S214027D90002BB1D104230693331DAB4210D9A6B1F2
S214027DA0082DB9D804250023AA460593B9E7099BEE
S214027DB0002BA1D10823EEE7099B002B9CD1D7E725
S214027DC0002505954FF0040AABE704250596F9E76A
S214027DD05345C5D30BEB0A03B0460393089B002B0F
S214027DE018BF032313E0A3EB0A03B0460BEB0A0209
S214027DF09E42039228BF98469E42EFD9D9F8102099
S214027E000123964289F8173071D1C9F804B0089355
S214027E1099F81730002B6CD099F818200899D31CC3
S214027E20013209EBC30389F81820C3F804B0A3F89B
S214027E3008809972B8F1000F14D00E9B022B5BD10A
S214027E400B9B7BB90F9B4344032B0BD9E36B01229D
S214027E5014A903989B6998470546002840F03D817F
S214027E6001230B93089B16A80193059B0093434698
S214027E7099F81420396800F023FEE36B109A16A9CD
S214027E809B6958469847051E0D9B18BF5B4652468F
S214027E900D9359464346204611F0B8FF236B08F16E
S214027EA00302C9F80800A3EB0A0322F003029B1A96
S214027EB02363002D40F011810F9BA6EB0806DDF828
S214027EC00CB043440F935946204611F072FF00252A
S214027ED08346002E7FF43AAF814A04F108003968DF
S214027EE093685268E3620E9B00F078FDDEE00223A0
S214027EF08DE7C9F804B09DE7099B002B30D1049B9F
S214027F00B8F1030F43440A9327D9E36B4FEA98026A
S214027F109B69DDE9030198470546002865D118F0FC
S214027F2003025FD028F00305049B2B440493039BB3
S214027F301D444FF0FF33049915A8159313F013F957
S214027F40E36B2846012215A99B6998470A9B0546BA
S214027F500493002D86D0039B99E7039D4246E8E7EB
S214027F60039B0A9307F120031193FB7D78689BB16C
S214027F703D7E00230C9AD9B28D4211D9119903F194
S214027F80010C31F83310914226D907EBC303069948
S214027F90D8690A44104403E00C9B069A134418441A
S214027FA0E36B012215A95B699847159B012213A969
S214027FB013930C9B0A9804330C93E36B9B699847C4
S214027FC0039B0A9A054643449B1A042B07D978B9A1
S214027FD0134604330A93C8E7521A6346CBE70A9B52
S214027FE00393B6E70A9B04933CE70A9B0493B2E723
S214027FF00A9B0393AFE73B4E04F1080303932368FF
S214028000079A606CA2EB030ABAFBF0FA00FB0A308E
S21402801012F069FAE16A8046204611F0CAFEA26AA8
S21402802082424AD0626CD9F80830511E2568E06256
S2140280300B40216B891A0B4423630D9B5D1BB5FB1A
S214028040F2F5AA4536D1079BB3EB080A12D0E36BCA
S2140280504FEA9A0241469B699847E36A079A834623
S21402806053440398DA46E362236B9B1A4344236322
S21402807012F0D7F82368616CE06B01FB053112F051
S214028080A7F9204611F0D8FD204611F0D6FE20634F
S214028090BAF1000F11D03A69616CD31D1439B3FBE3
S2140280A0F1F3013302EBC3029042A8D2304619B074
S2140280B0BDE8F08F4FF0000ADCE73A69616CD31D29
S2140280C01439B3FBF1F3013302EBC302236B934281
S2140280D0BFF4F6ADEAE7044EE8E72E468CE700BFAB
S2140280E0901A002023E000F006E000F02DE9F347A6
S2140280F01E46436904468846B34217469DF82890B2
S2140281003DD300258DF80750D4F830A0204611F054
S2140281105FFD82450AD2236AB5EB430F06D20022E0
S2140281200DF107012046FFF7DFFB30B39DF807305D
S214028130012B05D100220DF107012046FFF7D4FBE3
S214028140B9F1030F06D0256B3146204611F02BFD00
S214028150854218D30D4D4FF0FF31284600F0FAFC49
S2140281604B46002229462046C5F80080C5E903761C
S21402817002B0BDE8F047FFF78BBD0135C4E70448FF
S21402818002B0BDE8F0870348FAE700BFBC1A002039
S2140281900FE000F006E000F0032A2DE9F341064660
S2140281A00D4617461C4606D1237A012B23D0012002
S2140281B002B0BDE8F081DFF860800DF107030968C0
S2140281C04246FFF7A9FA60600028EDD19DF8072025
S2140281D0237A032AE8D0D8F804106A689142E3D1D9
S2140281E0012B2969D4F80CC007D10CEB0103726984
S2140281F0934202D92074207CDAE708313B460122FA
S21402820030466144E1602946FFF742FD606000287F
S214028210CAD00020CCE700BFBC1A00202DE9F341EB
S214028220089C032A1746266806D1237A012B24D0F7
S214028230012002B0BDE8F081DFF890800DF107035F
S21402824030464246FFF768FA60600028EDD125689E
S214028250D8F80400A96AD5F844C04840227ACCF17E
S21402826000031840E1D1012A09D1E268D8F810309B
S21402827013447269934202D92074207CD9E7286895
S214028280EB6A1B1A081AB3FBFCF3B0FBFCF0834242
S2140282900BD1706CF36A421E1340326B121A2846D8
S2140282A01344336311F085FDE862D8F81020E368C2
S2140282B008320649206813440122E3603B46FFF772
S2140282C0E7FC60600028B0D00020B2E7BC1A0020AD
S2140282D02DE9F04F4FF0FF334FF6FF72002500F105
S2140282E00806044687B0C3620F4605620563C0E906
S2140282F00923304611F095FF204611F09DFC28BB5D
S2140283002046394611F018FD204611F095FC28BB90
S2140283108A4D204611F0C4FDECE0E26B01A9236809
S214028320606CD2F814C0052200FB0530E04701A8B5
S21402833012F0A9F8012828D12946204611F0CDFCD2
S214028340421C2946204611F096FC0135E3699D42FF
S214028350E3D3204611F070FC0028D1D000254FF060
S214028360FF394FF6FF73CA46A846C4E90853E369C5
S214028370984514D3A5EB0905012D37D8636A4FF645
S214028380FF72934247D16E4DC3E712F0A6F800285B
S214028390DBD02946204611F0A0FC0246D1E723682E
S2140283A001A9E26B606C5769052200FB0830B847EA
S2140283B001A812F068F8834601A812F03BF80746B7
S2140283C0584612F085F870B15745236ABA4638BF48
S2140283D0C4F82480B94503F1010328BFB946BD425B
S2140283E0236238BF3D4608F10108C0E74FF6FF7327
S2140283F000256362E3699D42C0D2676C052220684D
S21402840001A9E36B07FB050001355B69984701A8E4
S21402841012F010F8EEE7E26B01A9676C2068556966
S214028420052207FB0300A84701A812F003F8626AB8
S2140284302368606C434D00FB023012F054F84FF094
S214028440FF33A0622A46E3626FF001010DF10303D7
S2140284502046FFF761F9002850D1AD68294620462C
S214028460E56211F0C5FB206320B9E16A204611F0EF
S214028470A0FCE0622946204611F09BFC0546A36A52
S2140284809D423DD165692046626CE91C143AB1FBF7
S214028490F2F105EBC1050335B5FBF2F5023511F035
S2140284A0FFFC8046A8423DD2616A204611F0F4FBEA
S2140284B00027064604F1400A474512D3626C01A91A
S2140284C0236802FB0639E36B05225B694846984738
S2140284D001A811F0AFFF534602464946E06B12F080
S2140284E004F801373146204611F0D6FBAF42064665
S2140284F0E2D3154D284607B0BDE8F08FA56AADE772
S2140285002946204611F074FB236B0746294603448E
S2140285102046236311F04DFC0546002FAFD1C4E977
S2140285200B07ACE73046002511F07BFE0023074A16
S21402853020461946FFF79CF9EBE600BF03E000F081
S21402854016E000F0BC1A002013E000F0F39E0300D1
S214028550634A00232DE9F04117680E46044613606D
S21402856018B9604D2846BDE8F08190F834500DB336
S21402857009680268914240F0AA8071684268914296
S21402858040F0A580B1688268914240F0A080F16810
S214028590C268914240F09B8031694269914240F044
S2140285A09680B169C26B914240F0918072691D4615
S2140285B08261D7E750222946D0F8388012F0C8FDEB
S2140285C0336804F10800C4F8388023607368636077
S2140285D0336963617369D6E90212A36111F033FE4F
S2140285E0B36904F14000E3639B68984794F843201C
S2140285F020B1E561002AB4D03B4DB3E7656C002D8F
S214028600F7D06668B6FBF5F3E361002AA9D0B54257
S214028610F2D82268B2FBF5F105FB1122002A58D1E6
S21402862005FB1363002B54D1204611F0D1FAA3693F
S214028630043303449E424ED3636940F63472CC3B05
S21402864093424AD8B5F5007FD6D30321204611F0CF
S214028650E8FAE36BD4E900011B689847E36B05462A
S2140286600220DB6898471DB1002384F834301EE0F0
S21402867039462046FFF72CFE1C4B0546984204D18D
S21402868039462046FFF724FE0546636C143B002D50
S214028690EAD1226A204602FB03F611F099FAA36990
S2140286A0043303449E4206D284F83450104DE06BE5
S2140286B011F07AFC56E70F4A012384F83430136827
S2140286C00133D4E90001136008F049FDEFE70A4DD3
S2140286D048E70A4D46E7064D44E7094D42E700BF24
S2140286E01024002009E000F004E000F013E000F09F
S2140286F002E000F00C24002008E000F001E000F0A8
S21402870005E000F02DE9FF410F4690461E4605465D
S21402871098B390F8343093B3B1F5801F31D21A4C27
S214028720022111F07EFA0DF10F0322463946284641
S214028730FEF7F2FF024678B1012342463946284642
S21402874000933346FFF7D2FC0446E86B11F02CFC8C
S214028750204604B0BDE8F0819DF80F30012BEBD126
S2140287602169B142E8D10093414633462846FFF7D5
S2140287709BF904460028DFD1E7E7044CE8E7044CFF
S214028780E6E7044CE4E700BFE81A002009E000F040
S21402879007E000F00AE000F02DE9FF410C4616461D
S2140287A01F46054688B390F8343083B3B1F5801F70
S2140287B02FD2DFF87C80012111F033FA21460DF129
S2140287C00F0342462846FEF7A7FF044670B99DF8F7
S2140287D00F30012B11D1D8F81030BB4213D102460C
S2140287E0009031462846FFF75FF90446E86B11F021
S2140287F0DBFB204604B0BDE8F081074C074A022B9B
S21402880008BF1446F2E7064CF0E7064CF1E7064CC2
S214028810EFE7064CEDE700BF0BE000F00CE000F0DF
S21402882011E000F009E000F007E000F00AE000F0D6
S214028830E81A00202DE9F04385B00C4617461E467E
S214028840DDF830800546A0B390F834309BB3B1F51E
S214028850801F32D2DFF88090012111F0E2F9214622
S2140288600DF10F034A462846FEF756FF044688B91E
S2140288709DF80F30012B14D106EB0803D9F810200F
S2140288809A4214D300904346324639462846FFF7AA
S2140288900BF90446E86B11F087FB204605B0BDE8ED
S2140288A0F083074C074A022B08BF1446F2E7064C31
S2140288B0F0E7064CF1E7064CEFE7064CEDE700BFA3
S2140288C00BE000F00CE000F011E000F009E000F030
S2140288D007E000F00AE000F0E81A00202DE9F34174
S2140288E01F4600230C46164605463B6050B390F8DA
S2140288F034304BB3B1F5801F28D2DFF864800121F3
S21402890011F08FF921460DF1070342462846FEF77D
S21402891003FF0446A0B99DF80730032B10D0022BA4
S2140289200AD10123336004233B60E86B11F03CFB61
S214028930204602B0BDE8F081D8F810303060F3E788
S214028940034CF2E7034CF3E7034CF1E7034CEFE783
S2140289500BE000F009E000F007E000F00AE000F0AB
S214028960E81A002030B50C4685B0054628B390F8C4
S214028970343023B3B1F5801F23D2022111F051F90E
S2140289800DF10F03104A21462846FEF7C5FE0346A0
S21402899088B99DF80F20032A0DD0032221460092A3
S2140289A002462846FFF7A2FB0446E86B11F0FCFAE3
S2140289B0204605B030BD054CF7E7054CF8E7054CF8
S2140289C0F6E7054CF4E700BFE81A00200BE000F0DB
S2140289D009E000F007E000F00AE000F02DE9F041BF
S2140289E04668002E46D005684FF0000CA846AE46F4
S2140289F055F83C400CF1010CC4F31307013401D0C6
S214028A00B94218D0B4450EF1080EF1D12F46002413
S214028A1003E0B44207F1080713D055F834C0013416
S214028A20BCF1FF3FF5D1C1F313017A6041EA03516D
S214028A303960BDE8F08141EA0353CEE90032BDE871
S214028A40F081032B16D0002403E0B44208F1080894
S214028A5010D055F834700134C7F30757032FF4D1FA
S214028A60C1F31301C8F8042041EA0353C8F80030E2
S214028A70BDE8F08101230372BDE8F0812DE9F043E1
S214028A80476883B0C7B106468846914600243368D5
S214028A90304653F8345003EBC4030134C5F307528F
S214028AA0C5F31301013505D05B68CDF80090C047C9
S214028AB010B17768BC42EAD303B0BDE8F08300BFCA
S214028AC073B5012A044622489DF8185000EAC111DF
S214028AD023F07C4007D9961E012E28D9073303F0CF
S214028AE07F03194308E09DF81C300A43DB0603F0B7
S214028AF0C053134343F060410023C4E900108DF8CD
S214028B000730B5B1202221460DF1070011F042FCD4
S214028B101A220DF10700211D11F03CFC63689DF836
S214028B200720082043EA8263636002B070BD1143E7
S214028B30E2E71B220DF10700214611F02BFC236809
S214028B409DF80720042043EAC2632360EDE700BFD6
S214028B5080FFFF0738B5094B0D46002104461A6808
S214028B6012F0F6FA00234FF0FF322361A260E3828E
S214028B702383A376C4E9002538BD00BF84C603005C
S214028B800138C0B205289ABF014B185C0120704715
S214028B90C8CD03002DE9F0410E46596888B0074655
S214028BA01546490A0024012922464FEA510104F1DA
S214028BB00104F8D8DC78520399784FF000082403B1
S214028BC01B88C9020DF1070004F48054C3F30A039C
S214028BD001F4006192B28DF807800C4302A9234487
S214028BE09C18254B1B22039325F07843ED436FEA2E
S214028BF00444029311F0CEFB9DF8072025F0784539
S214028C00029B02A90DF10700029543EAC2631B22EA
S214028C108DF807806FEA1444049311F0BBFB9DF8AD
S214028C20072007A9029B06F11000079443EAC263D5
S214028C30012205934FF0FF330693BB69984704461B
S214028C40BB6905A9012206F108009847404518BFEE
S214028C500446BB6904A90122301D9847404518BF47
S214028C600446BB69012203A930469847404508BF1F
S214028C70204608B0BDE8F08101009AB21046044AC8
S214028C801368591E033102D8002111601847704735
S214028C90C00B0020034B1868034B002808BF184679
S214028CA0704700BF14240020F8CD0300014811F0DD
S214028CB080BD00BF1C24002013B50B4C0229226085
S214028CC005D10A4811F075FD002002B010BD0A4613
S214028CD000930146064B054811F04DFD003818BFBB
S214028CE001204000F1E700BFC00B00201C2400203A
S214028CF07D8C0200014811F06FBD00BF1C240020CD
S214028D000021014811F08ABD1C24002008B5064B3C
S214028D101B68013305D0FFF7EDFF80F00100C0B2FB
S214028D2008BD0020FCE700BFC00B0020F8B50D46CA
S214028D3010B900242046F8BD0E4F3E68002EF8D12A
S214028D4000F0A2F804460028F3D0386000F0E8F8F5
S214028D50204611F015FC38B130463E6000F0E0F8CF
S214028D60204611F008FCE4E7002DE3D02046A84791
S214028D70E0E700BF18240020024B1868003818BF2E
S214028D80012070471824002038B50C4601F088FFF1
S214028D90A3780B4A13705A1E55425541A8420CD06E
S214028DA0012B04D02846BDE8384001F05BBF2046C0
S214028DB001F02AFF0028F5D038BD0020FCE700BFEE
S214028DC0392A00200021024B08465B68184700BF7C
S214028DD0D40B002010B50446FFF75CFF0C4B1A1AA2
S214028DE053425341A34201D1012010BD094B1B68D7
S214028DF03BB9094A064B002C08BF1346074A1360C4
S214028E00F2E711F0C6FD0028F3D00020EDE700BF20
S214028E10D0CD030018240020F8CD0300142400202F
S214028E2010B511F0A7FE044618B9034B01215B6882
S214028E309847204610BD00BFD40B002010B511F095
S214028E40A2FE20B9BDE81040014B1B68184710BDB2
S214028E50D40B002010B511F00EFC20B9BDE810406E
S214028E60014B1B68184710BDD40B0020431E03336A
S214028E7006D8044B984228BF1846642838BF642098
S214028E80704700BF40420F00F8B5054608F052FA98
S214028E9007460F4B1E6826B9384608F04FFA344686
S214028EA011E0B4688CB194F810C01CF0010F0CD11C
S214028EB04CF0010C95E80F0084F810C084E80F000F
S214028EC0384608F03BFA2046F8BD3668E3E700BFAE
S214028ED0C80B002038B505460C4641B10B6833B1C5
S214028EE01B68013303D0CB680BB18B684BB911F00A
S214028EF001FFBDE838404FF492724121002000F095
S214028F00C9B9084602F09CFE0023044A85F81031CF
S214028F10C5E93043C2E9003338BD00BFA80F0020C0
S214028F2010B5044618B9054B054A136010BD00F08B
S214028F30E5FED4F8CC30002BF6D1F4E75FA50300AB
S214028F40C40B002010B50C4600F016FF054B00219E
S214028F5003205B6898471CB102F02EF80128FBD16B
S214028F6010BD00BFD40B002008B502460868FFF704
S214028F707DFF08604868FFF779FF48608868FFF75A
S214028F8075FF8860C868FFF771FF0B69C860581CD8
S214028F9003D00B48834228BF03460B614B69581C1B
S214028FA003D00748834228BF034688694B61FFF710
S214028FB05DFFBDE808408861104601F0A9BD00BF0C
S214028FC040420F002DE9F84FD0F8C43006460F464F
S214028FD013B1038B8B4244D0D6F8C0B0BBF1000F5E
S214028FE042D0DBF80830002B3ED0DBF80C1000290C
S214028FF03AD0D6F8D4A0BAF1000F38D04FF0000914
S2140290004D46C84601E0DBF8083005EBC50203EB27
S2140290108204E3890135BB4214D8238ABB4211D3AA
S214029020B4F91220B6F92430934250DD304696F851
S2140290300411EBF7CFFE737D81468342A04606D924
S214029040DBF80C108D42DED3B8F1000F39D00023C6
S214029050424630461946D0473783C6F8C48086F85B
S2140290600D910020BDE8F88F0320BDE8F88FD146A9
S21402907047F6FF755446524604EBC40803EB8808CD
S214029080B8F80E30BB4216D8B8F81030BB4212D32E
S214029090B8F91220AA4202D14FF0FF09DCE73046A7
S2140290A096F80411EBF796FE737D81468342D3D978
S2140290B04246DBF80C100134A14204D9DBF8083032
S2140290C0DAE70120CEE7002AFBD09046C4E7A046A6
S2140290D0BDE700BF2DE9F04782B004468946164632
S2140290E001F018FF002847D13B4D2B68D4F8C0A0EA
S2140290F0D4F8C4700BB153454FD04FF00008C5F8F2
S214029100089001F059FF01283AD12B68DAF80010CE
S2140291103A6813B1186888424AD0204611F0F7FC24
S214029120C5E900A7D4F8D4508DF80760002D46D0C4
S2140291300022204611460DF10703A847204601F0FB
S214029140A3F90546B8F1000F00D08EB1B5FA85F046
S21402915040F2DE323321400900F09CF831462046C8
S21402916001F09AFB1D4B0546394620461B68984778
S214029170284602B0BDE8F0870023174D6B60B4E7BF
S214029180012000F0F9FD164B002103205B6898478A
S21402919001F012FF0128FBD1B7E76B68002BACD0B9
S2140291A0BB42AAD1AB68994514D04FF00108A6E796
S2140291B0696811B109689142B2D05968ADE7617D1C
S2140291C094F80D313246994228BF1946204601F0DE
S2140291D0E1F8B3E70025CBE7A80F0020C40B002078
S2140291E0D40B0020F8B50E46054608F0A3F8314623
S2140291F007462846FFF7E6FE044620B1384608F042
S2140292009DF82046F8BD01F06DFE224631462846FE
S214029210FFF760FF0446384608F090F82046F8BD8F
S21402922013B50446694611F05DFA204611F0E4FBD8
S214029230FF28024606D020469DF80010EBF748FEAF
S21402924002B010BD0048FBE70080FFFF4FF400733A
S21402925007B50A490DF10602ADF8063011F05EFABE
S214029260BDF80630B3F5007F05D1022808BF0020FE
S21402927003B05DF804FB0120FAE700BF34240020A7
S214029280024B1960024B1860FEE700BFCC0B0020B1
S2140292903426002008B550B90548064B01601A600E
S2140292A0054B1A68054B1A601868FFF7E9FF08BDF8
S2140292B0CC0B00203826002018240020342600205C
S2140292C0054B1B680BB918467047834201D01B69D1
S2140292D0F8E70120704700BF40260020094A1368BD
S2140292E00BB918467047834207D11B6901201360E9
S2140292F0054A1368013B1360704703F110021B69AD
S214029300EEE700BF402600203C2600202DE9F74F5E
S214029310064608F016F8DFF82881012398F800B010
S214029320DFF820910190BBF1000F06D089F80030DB
S21402933003B0BDE8F04F08F00AB83F4F88F8003097
S21402934089F800B011F0B8FA08B111F0B3FA3D6826
S2140293503A495DB9DFF8F0A0DAF800200024AA4204
S2140293603B682FD84FF0FF3134483BE06B7D8BB122
S2140293702B68B34202D09A1B8A420BD96A681344FE
S2140293802B60AB68003A18BF0122003B18BF0123CE
S2140293906A75AB752D69DCE7907D20B1107D884239
S2140293A09CBF014614461269002AF5D1002CD9D07A
S2140293B0D4E90001A275411AD4E902322046984740
S2140293C00135C9E71A46FF21EEE75A7D4AB11A6807
S2140293D0B24224D0921B824221D8914201D3114636
S2140293E01C461B69002BF0D15CB12046FFF776FFC6
S2140293F038B13B683C602361DAF800300133CAF8C2
S21402940000303B685A7D6AB911F052FA064699F85E
S2140294100030002B94D1019888F8003088E71C466B
S2140294200021DEE7186800F0D3F8044611F040FA8F
S2140294300646002C84D1EAE740260020FCFFFFBF48
S2140294403B2A00203A2A00203C26002038B5054652
S21402945008B31822002111F07BFE07F072FF0246C5
S2140294602846FFF72DFF20B1104607F070FF0220B6
S21402947038BD0A4B1C6854B909491D600B68104672
S21402948001332C610B6007F062FF2046F0E704F11F
S21402949010032469EFE70120EAE700BF4026002018
S2140294A03C26002038B50446FFF70AFF07F049FFBE
S2140294B005462046FFF704FF637D23B9284607F0DA
S2140294C046FF032038BD00236375064B1B68A34284
S2140294D003D111F0EDF9FFF719FF284607F037FF21
S2140294E00020EFE7402600202DE9F84FDDF828900F
S2140294F0984604460D469246FFF7E2FEDDF830B087
S21402950007F01FFF074611F0D3F906462046FFF77D
S214029510D7FE637D23B12046FFF7C4FF0023A37561
S214029520BAF1010F23D175B9B8F1000F21D1B9F103
S214029530000F03D05A4631462046C847384607F041
S21402954006FF002019E035440D4BAA1B9A4210D89C
S214029550012363759DF82C303046C4E90058C4F8E0
S21402956008902375C4F80CB0FFF7D0FEE6E7AE42CB
S214029570EAD1384607F0EBFE0120BDE8F88F00BFBF
S214029580FCFFFFBF2DE9F04107468846FFF798FE2D
S21402959007F0D7FE3D68064611F08AF97B7D7BB15F
S2140295A085420DD0094B2C1A9C4209D8304607F04A
S2140295B0CEFEB8F1010F08BF25462846BDE8F08169
S2140295C0304607F0C4FE0025F7E700BFFCFFFFBFEA
S2140295D008B50023044A194600F086FD10B101289A
S2140295E018BF032008BD00BF7BA803000E232DE989
S2140295F0F74F06460F46144600254FF00609DFF8D9
S21402960054801370EBB209FB03F3D8F80010CA18A3
S2140296105079012807D92078A0F10E035842584104
S21402962003B0BDE8F08F31F903B01179B2F902A0A8
S21402963030460022019111F004F9019908B901356A
S214029640E0E72170B7F900305B45F8DB5345F6DCFE
S2140296500020E5E7D00B0020014911F02FB900BF2A
S214029660C9B10200014911F029B900BF9DB102003B
S21402967070B5164E032804460D4633781ED023FADC
S21402968004F202F00102AA421DD053B10122A24006
S214029690A54023EA02032B43DBB233704BB1012011
S2140296A070BD2DB10A4B01201B6898473378EDE751
S2140296B03570074B00201B689847F0E79A07DED004
S2140296C003F0FC03E9E7002070BD00BF3D2A00203E
S2140296D080260020F8B505460C4607F02BFE104FF4
S2140296E006463B7833B1012D04D01CB90D48EEF77F
S2140296F0ADFA3C7021462846FFF7BAFF0A4B0446ED
S2140297001B783BB93B782BB911F032FA10B1074BF4
S2140297101B689847304607F011FE2046F8BD00BF8A
S2140297203E2A0020542600203D2A0020D40B00208A
S214029730054A0B46117831B100211170034A012106
S21402974052681878104770473E2A0020D40B002033
S21402975038B5074D04462B78834207D001F016FC35
S21402976020462C70BDE83840EDF7D2BD38BD00BFAC
S2140297703C2A002038B5044680B107F0DBFD012103
S21402978004460846EDF764FD01210B4A084608F038
S214029790AFFD2046BDE8384007F0D0BD07F0CAFD51
S2140297A0054621460120EDF753FD01202146024AD7
S2140297B008F09EFD2846EDE73ECE03001B4B02292D
S2140297C010B5187002D0032904D010BD184B1B78B0
S2140297D0002BFAD1FFF7D0FA0028F6D04FF000524D
S2140297E0144BC3F88020BFF34F8FBFF36F8F01F087
S2140297F0A5FB0028E9D001F017FA0028E5D10E4BA8
S2140298001C6834B123689847BDE81040002001F078
S214029810B1BB10F0ACFF094B186008F0F5FD084B21
S2140298201860204601F092FBEEE700BF0D0D002007
S2140298303C2A002000E100E0A02600207C26002032
S2140298407826002038B504460D46FFF795FA80B113
S2140298504FF00052124B1A6001F070FB48B9012D0E
S21402986007D8012001F086FB0E4B1B6823B15B680C
S21402987098470D4B1C7038BD08F0C6FD0B4B1A6896
S214029880801A1860EEF7DAFA4FF47A72084B1B6801
S21402989002FB003010F06DFF012001F057FBE8E7F5
S2140298A000E100E0A02600200D0D00207826002012
S2140298B07C260020F0B585B007F03CFD304D04460E
S2140298C02B7823B12F48EEF7C1F900284BD1EEF7DB
S2140298D04FFA02AA03A911F035F90346002833D03D
S2140298E011F044F9029B98421ED10020264B0399A0
S2140298F01B68264E9942307022D90027C91A0123C6
S21402990020482B70224A3346CDE9007708F033FD13
S214029910002830D11F4A1378D90718D4204607F0FA
S2140299200DFD002005B0F0BD11F01EF9029B984215
S2140299301FD0002318461449144A0968137003916D
S2140299400121FFF795FEE9E720462B70E7E731781D
S2140299500029E3D103F0FE031370002BDED10E4B79
S2140299601B689847DAE7204607F0E8FC032005B0B4
S214029970F0BD0220BAE7032320462F703370F3E7C8
S2140299803E2A002054260020742600200C0D0020BB
S214029990319702003D2A00208026002070B507F08D
S2140299A0C9FC164D04462B780BBB154A1549137095
S2140299B0154B164A16481A60164A174E5A60EDF7A5
S2140299C0DBFC16491648EDF7D7FC164B80203360B1
S2140299D0EAF7D8F8052804BF134B3360134B5B6FC6
S2140299E09B0542BF0222124B1A6001232B70EEF730
S2140299F013F8204607F0A2FC002070BD3F2A002084
S214029A003E2A002044CE0300D40B0020B598020064
S214029A1044260020D5960200802600204CCE030065
S214029A204C26002051970200759702000040005015
S214029A307426002037B50C46234D59B90A4607212D
S214029A4005F080FD214BAC645C6003B0BDE830409D
S214029A5005F096BD0722114605F074FD07221C4B41
S214029A600121DA60237901A885F8483063790193E9
S214029A7011F028FA019BC2B2D34000F00F0040EA70
S214029A80031085F84900A27985F84A20E27985F81C
S214029A904B202068E86401939BB1012102888B4227
S214029AA008D82379013B13440A4A136205F068FD7D
S214029AB003B030BD30F811500131AA4228BF2A4601
S214029AC0EDE71A46EDE700BF003F00B0483F00B0A2
S214029AD0006000B8004000B810B5054C237823B1EA
S214029AE003F086FB0020207010BD0320FCE700BFB9
S214029AF0412A002008B503F049FB0122014B002051
S214029B001A7008BD412A0020431C07D06FF0FF02DE
S214029B10034B10405A62A3F580535862704700BF49
S214029B2000E000B810B504234FF03A4101240A4A77
S214029B30D1F81801C2F81831C2F814314C634FF448
S214029B4000511163410742BFC2F81431A2F5805298
S214029B50C2F8183110BD00BF002000BA00F018038A
S214029B60182B0AD003070AD440F2011310F0100093
S214029B7018BF1846034BD86770470020FAE7012043
S214029B80F8E700BF003F00B0344B2DE9F7431E68EC
S214029B9001F4007900F00103174653EA090205466C
S214029BA00C462ED04FF0000803B3002300220120FB
S214029BB00021CDE9008804F003FB4146304603F05D
S214029BC09DF8414670830120FFF7BCF9716B06F1E0
S214029BD0D80003F00DF922490868FFF795FF4FF009
S214029BE0FF330B60337C43F004033374B9F1000F88
S214029BF007D00121304610F079FD24F400740543A5
S214029C000C43D6E94A232A40234052EA030103D0F2
S214029C101449304609688847FB070FD51249134A8C
S214029C2008680021136811600121114A117003B1FE
S214029C309847104B002102205B68984717F00E0FDA
S214029C4008D040F2F3123B21002003B0BDE8F043F7
S214029C50FFF720BB03B0BDE8F08300BF1824002046
S214029C60DC0B0020E00B0020942600209826002023
S214029C70432A0020D40B0020F7B504461046D4E948
S214029C804AC7DDE908268CEA020587EA060105408E
S214029C90194085EA0C057940C4E94A51002523F4A7
S214029CA0004106EA010320F0010043F4007302407B
S214029CB043F00203CDE9005504F082FA237C9A07AA
S214029CC017D5D4F82C319B0513D54FF488112046AE
S214029CD010F00CFD237C65F341032374D4E94A2378
S214029CE002400B4052EA030103D0034920460968AA
S214029CF08847002003B0F0BDE00B002038B10368AF
S214029D00044A002B08BF1346034A13607047014BF0
S214029D10FAE700BF61A90300E00B0020024B986E31
S214029D2000F00F00704700BF003F00B00F2938B5A3
S214029D3005460C460ED801F03FF901280CD1074A19
S214029D402846936E23F00F032343936610F02BFFEF
S214029D50002038BD0120FCE70220FAE7003F00B0F1
S214029D60014BD86E704700BF003F00B0014B002089
S214029D70D9667047003F00B003282DE9F7434CD858
S214029D80274B13F80080274B1E5C274B13F80090D6
S214029D9007F0D0FA074604F0E1FB054640B100237F
S214029DA00022CDE9003301200023002104F008FA46
S214029DB004F0DCFB48B100230022CDE9003300208A
S214029DC000234FF4004104F0FBF926B3174BDC6C7A
S214029DD004F00804164B3146DC64404604F0D4FD19
S214029DE04A463146404604F05BFE124BDC6465B1DF
S214029DF0114B1868416BD83002F0FAFF0F49086819
S214029E00FFF782FE4FF0FF330B60384603B0BDE823
S214029E10F04307F093BA3446DCE703B0BDE8F083BC
S214029E205CCE030058CE030054CE0300004000B8B8
S214029E30006000B8005000B818240020DC0B002098
S214029E400F4A136C13F0A00F15D1506C10F00400DB
S214029E5013D10C4BD3F8EC3E23F07F4323F0FF03E1
S214029E605BB1D368C3F30362092A07D0B2F10C00D0
S214029E7018BF01207047002070470120704700BFBE
S214029E80000002B8003000B070B504460D46164613
S214029E902BB1FFF747FE2946204601F087FA4FF01E
S214029EA03A420124D368D26A03F0070306339C4081
S214029EB0C2F30C03E41AA4B2B44228BF34462946BD
S214029EC02246024801F0BCFB204670BD0C0000BAD8
S214029ED070B50D46064620B9194B1B68A3B1032080
S214029EE011E001F069F8012828D1164B93F90040D9
S214029EF0C4F12704641BC4F11C03002BB8BF5B42E9
S214029F00232B0CDD012070BDA1F10B03002BB8BF83
S214029F105B42232BF6DC0B4B19700020F3E7B5747B
S214029F2007F008FA084AE402136A04F4FF2423F44A
S214029F30FF231C43146207F001FAEEE70220E2E771
S214029F4018240020402A002000C000B8094B08460A
S214029F505A6A91020BD4D3F80021D20708D4D3F858
S214029F60803013F4706F14BF012000207047012068
S214029F70704700BF004001B8F8B50D46436B02EAD1
S214029F80010423EA0103234343633D4A01F00B0322
S214029F9023EA0401D1642340A2F580526F070646E5
S214029FA0D36410D50121FFF7D1FF60B104F08EFC17
S214029FB04FF4007314F0040F14BF324A324A53624D
S214029FC00422324B1A64E90606D514F0100F14BFA9
S214029FD000221B222E4B5A652A061DD5230616D5AD
S214029FE04FF40012274B1A62012203F58053C3F87E
S214029FF0002107F09FF90E210746032002F044FED7
S21402A00040F20122224B3846DA6207F097F92146DF
S21402A01006F1D80002F0ECFEEF0503D5E00529D5DF
S21402A02002F002FEA90503D5A20526D502F008FE17
S21402A03015F0600F09D0D6F8C810304610F091FC23
S21402A0408022144B9867144B1A612B0510D504F026
S21402A0503DFC124A14F4006FD2F8EC3E14BF43F0F3
S21402A060006323F00063C2F8EC3E0422074B1A6436
S21402A0700020F8BD02F0D2FDD4E702F0DBFDD7E700
S21402A080006000B8005001B8006001B8002002B8B5
S21402A090004000B8003F00B0000002B8003000B038
S21402A0A0014B1868704700BF9026002037B5012381
S21402A0B000240022CDE9003400231046194604F09D
S21402A0C07FF8022002F05AF9054D064B21461C6025
S21402A0D002206B6898472B6803B0BDE830401847EB
S21402A0E0D40B0020982600202DE9FF4102290C46B9
S21402A0F015469846039005D1FFF7D8FF002004B016
S21402A100BDE8F08107F016F9184E074633683BB1F2
S21402A110AB4205D007F012F9002301203360EEE7C8
S21402A120134B0022C3F8008001233560CDE90033CB
S21402A130002300251046194604F042F80D4B022073
S21402A1401D7002F01BF922462B4603A9022002F0DC
S21402A15033F90446084B039A1A60084B1B68984763
S21402A160384607F0EBF8002CC8D1D5E79826002031
S21402A17094260020432A002090260020D40B00209C
S21402A180044B5B6E5B054EBF0120034B187800F054
S21402A1900100704700C001B8432A0020014B186A2C
S21402A1A002F084BD004001B8014B186A10F024BECC
S21402A1B0004001B8437C5A1F012A01D9082B05D159
S21402A1C04B7C2BB1012B05D0022B05D010F0F4BB33
S21402A1D002487047024870470248704720A10700AD
S21402A1E048E8010040420F0070B50E4607F0A2F89C
S21402A1F0054600F005FF044620B1284607F09EF803
S21402A200204670BD04F062FB104B3278D3F8EC3E69
S21402A210022A23F0F00315D0101F42424241520098
S21402A22043EA02137278022A0ED0111F4A424A41AA
S21402A230520043EA8213054AC2F8EC3E0422044B5B
S21402A2401A64DAE70122EBE70122F2E7003000B0F7
S21402A250002002B870B50E4607F06CF8054600F00E
S21402A260E5FE044620B1284607F068F8204670BD91
S21402A27004F02CFB104B3278D3F8EC3E022A23F083
S21402A2800F0314D0101F4242424152001343727809
S21402A290022A0ED0111F4A424A41520043EA820362
S21402A2A0054AC2F8EC3E0422044B1A64DBE701229C
S21402A2B0ECE70122F2E700BF003000B0002002B84F
S21402A2C02DE9F8430E780446042E0D4690F80481D4
S21402A2D00BD100275FFA87F9484601F0FFFC08B168
S21402A2E04E4602E00137042FF4D1304601F0F6FC68
S21402A2F0002845D094F80431B34208D1AA88A36C4A
S21402A3009A4204D16A88B4F806319A4235D084F863
S21402A3100461AB883046A4F808316B88A4F806318D
S21402A320AB8804F58275A364FF23A37510F0E8FCDE
S21402A3306075284601F092FC18BB284601F0C4FC62
S21402A340F8B9D4F8C43053B194F80411414506D094
S21402A3502046B3F91220EAF73DFD84F80D012046A7
S21402A36001F0FEFC0949A4F808010123084AD1F8C5
S21402A370FC1004F1D80003F011FD0020BDE8F883BC
S21402A38001200E2384F80431F8E700BF004F00B026
S21402A390A43F00B070B5054690F804010C460E289E
S21402A3A01DD0FF291DD01AB14FF0FF320E4B1A6096
S21402A3B010F0A6FC064695F8040101F0C3FC8442A0
S21402A3C028BF0446E4B2B44238BF3446E0B2A875A9
S21402A3D001F0BAFDA0F1FF035842584170BD0220B9
S21402A3E0FCE70120FAE700BFE40B002010B590F866
S21402A3F0043104460E2B3ED0D0F8C4304175BBB3B0
S21402A400D0F8D420DAB990F80D318B421DD3002251
S21402A4102046FFF7BFFF88B9184B1B7813F0FD0FD5
S21402A4200BD1204601F09CFC15490123154AD1F8B0
S21402A430FC1004F1D80003F0B1FC002010BDB0F906
S21402A4402420B3F912309A42E1DD0022204694F825
S21402A4500D11FFF79FFF0028F0D1C4F8C400204674
S21402A46010F0D2F801462046BDE81040FEF7BABE0C
S21402A470FF238375E1E70220E0E700BFEE0C002031
S21402A480004F00B0A43F00B0C36B012B01D10020E7
S21402A490704770B505464D498EB010F06EFCD5F883
S21402A4A0C46001462C8BC5F8C80026B1336813B1C8
S21402A4B05B68002B5CD106F03DFF06F03FFF0123F0
S21402A4C0D5F8C8108DF80E30B389D6E90120E31A04
S21402A4D09BB200FB03223E48ADF80C3003680292A2
S21402A4E0994207D0284610F03CFA802239493A4B66
S21402A4F088671A61394C384E00F05EFD0128FBD1A0
S21402A500236CDA07F8D4336CDB01F5D4D5F8C8101F
S21402A51028460D919DF80E20029908AB03F032F9F9
S21402A52018BB08A901A803F045FBF0B92A8B2C4BEF
S21402A5305A642B7C60F341032B7410F06BFBD5F846
S21402A540C43002465B691968431EDBB2FD2B0491D8
S21402A55014D9CC1C12D9234B01311B6815D0D81C38
S21402A56010D8284604A904930AE002200EB070BD53
S21402A5701A68032A9FD99B6A5B0EA3E7284604A99A
S21402A58010F032FB00200EB070BDD91C04D828464D
S21402A59004A9049310F028FBD5F82C319B0504D4AB
S21402A5A02B7C43F002032B74ECE74FF480312846F1
S21402A5B010F09CF8D5E94A2302400B4052EA030108
S21402A5C0E0D00949284609688847DBE7FC4F00B017
S21402A5D084260020003F00B0000002B800C002B887
S21402A5E0008001B8F00B0020E00B002038B590F890
S21402A5F0105104463DB306F09DFE1F22124B013D4C
S21402A6005A621540114A12495562D4F814518D66A1
S21402A610D4F81851CD66D1F80011C9070FD54FF0FE
S21402A620FF31C3F80411216CC2F804114FF0F04157
S21402A630C3F81011E37CDB060B40C2F81031BDE80C
S21402A640384006F07BBE38BD006001B8005001B845
S21402A650004001B82DE9F74F06461546084619B9D7
S21402A660012003B0BDE8F08F002AF9D0032904D8F0
S21402A670002101F02DFA0028F2D0B0F900108378FC
S21402A68000290488077990F805B0B0F806C003F0F0
S21402A6900702C0F2CE80A2F10708D8F1000141EB12
S21402A6A00801052A297394BF0021C3F30011C3F3DE
S21402A6B0801069739909287401F00201C3F3C0007F
S21402A6C00143C3F340136974AB74EF74736BA5F85C
S21402A6D014C0D80600F19980063A012A00F2958045
S21402A6E0554B4FF001095B6D4FF03A431A6DDB6C28
S21402A6F0083C03F00703063309FA03F9002309F1BD
S21402A700FF3942F0005804EA090418F804A001349C
S21402A71004EA0904AB60631D03EA09035A1C02EA51
S21402A720090218F8037018F80220BAF1800F737C39
S21402A73018BFAAF1320A47EA02270CBF6FF07F0A57
S21402A7404FFA8AFA3FB2A3B30020D6F8D0300BB144
S21402A750514698470134E87385F80EA004EA0904C6
S21402A76018F80410013404EA090418F80430013415
S21402A77004EA090441EA032118F80430013404EA21
S21402A780090441EA034118F8043041EA036117F468
S21402A790804305D0294BDB6EB3FA83F35B095B007B
S21402A7A030466A7C03F0BCFB06232860AB710020AF
S21402A7B057E7F90425D5D6F8C830ABB11A68022A8D
S21402A7C012D993F82400C7F30B03DB0008B1B3FBDE
S21402A7D0F0F39B45B8D8002BB6D0CBEB0B20B0FBE2
S21402A7E0F3F0C043C0B2B0E729463046FFF7E2FCBA
S21402A7F00190304610F0D0F8019BB3FBF0F0C0B2E7
S21402A800E1E718F804004000ECE700230020EB73B1
S21402A8100B4BDA69C2F30723120448BF63F0FF0347
S21402A8205AB212F1800F1CBF323B5AB2AA730346C9
S21402A830BBE7022015E700BF004000B8003F00B0AB
S21402A84000C000B870B54FF03A434FF480640A4D2A
S21402A850D3F818610020C5F81841C5F8144104F071
S21402A860FBF84FF400532B67730542BF034BC5F842
S21402A8701441C3F8184170BD002000BA001000BA97
S21402A880082310B1024A13647047024AFBE700BF6E
S21402A890001002B8002002B8F8B504460E4611B9F8
S21402A8A0037C5A0647D44FF6FF73A18BD4F8C870C0
S21402A8B0994204D0344B1B680BB120469847334D5F
S21402A8C02B68BB4254D0324B1B683BB11FB13A686F
S21402A8D0002A4FD0BF6839462046984707272046A9
S21402A8E001F03EFA002E39D004F04AFE0620294B2B
S21402A8F094F9122093F900302749C3F127039B1AD3
S21402A9000A6ADB0222F4FF2203F4FF2313430B62DC
S21402A910D4F8C820214B2A60986701F07DFB0025F9
S21402A92001211F4A1F4B1170204683F8845010F0F5
S21402A9303AF92846F8BD4FF6FF71144DD0F8C870A4
S21402A9402A6866F3861397428183037417D0104BE6
S21402A9501B68002BBAD101F003FA072712493B46BF
S21402A960124AD1F8FC1004F1D80003F017FABBE73C
S21402A9700127B4E71746204639469847AEE701F066
S21402A980EFF90127EAE700BF8C2600208426002084
S21402A99088260020402A002000C000B8006000B8C8
S21402A9A0422A0020003F00B0004F00B0A43F00B093
S21402A9B02DE9F8430D4600F0FFFA0128044630D18F
S21402A9C0194F3B7883B92846E9F74CFA054610B981
S21402A9D0E9F792FA2C463B781BB10121022003F0DC
S21402A9E055F92046BDE8F8830021022003F04EF90F
S21402A9F010F092F90646DFF83490DFF83480D9F882
S21402AA00F4331B07DFD410F087F9801B404541F66C
S21402AA10A2224FF045018CBF00200120FEF73AFC2F
S21402AA20EDE70224DDE700BF442A0020000002B85A
S21402AA303F420F0008B558220021064810F088FB56
S21402AA401022FF21044810F083FBBDE8084004F002
S21402AA5097BD00BFF03E00B0343F00B0002373B590
S21402AA6083746923C0F8E03074234FF0FF350E2656
S21402AA70A0F8F43064230446C0E93933C0E93B3316
S21402AA80C0E9075580F8046185644575C58203F000
S21402AA9075FD2046FFF7CEFF94F912102046FFF709
S21402AAA017FA6023114A40F6FF71D3644FF03A4218
S21402AAB0116311670E4A2946D36440220D4B204685
S21402AAC01A64626BFFF758FA002240F2022310461D
S21402AAD01946CDE9006603F073FB01F013F9204630
S21402AAE002B0BDE87040FEF7B1BB00BF004000B840
S21402AAF0005000B8002002B8044BD3F8EC3E13F026
S21402AB00806F14BF23200020704700BF003000B0C3
S21402AB100246F8B5B0F8084100F1D805FFF7ECFF99
S21402AB200B688E68013304BFD2F8E0300B604B68C6
S21402AB30013304BFD2F8EC304B60771C37D1D2F821
S21402AB40E830CF688B607E1C38D1D2F8E4600F699B
S21402AB50CE60013704BFD2F8D8700F614F69013753
S21402AB6004BFD2F8DC704F618F69013704BFD2F898
S21402AB70F0708F618F6947BBC0F1640408688C610E
S21402AB80C2F8E8304B68C2E93806C2E93B340B69C2
S21402AB902846C2F8D8304B690F49C2F8DC30D1F8E3
S21402ABA0FC1007230D4A03F0F9F80020F8BD04F163
S21402ABB069031B1AB34238BF3346C2E704F1740670
S21402ABC0361ABE4238BF3E46C1E76934241ABC4232
S21402ABD038BF3C46D2E700BF004F00B0A43F00B0EB
S21402ABE038B50446074D21462868621C003818BF4F
S21402ABF0012002F0BBFA2B680020003B18BF01239D
S21402AC00A37038BD9C26002038B5054C054B41780C
S21402AC1000782568236002F0FBF900B1256038BD94
S21402AC209C26002068CE030070B506F083FB05461E
S21402AC300B4E00F0C1F9012804D0284606F07EFB30
S21402AC40022070BDF36813F0706FF2D1F46814F04E
S21402AC508054EED1284606F071FB2046F1E700BF8D
S21402AC60000002B80A4B10B51B68044673B1094BC4
S21402AC7048B10121084A1A60022003F007F80020B2
S21402AC80064B1C7010BD01461860F5E70220F9E776
S21402AC909C260020A026002060CE0300442A002026
S21402ACA0014B1878704700BF442A002038B506F0DA
S21402ACB041FB4FF6FF710A4A13888B4203D106F016
S21402ACC03DFB032038BD074C074D1B046566A4F503
S21402ACD080546366118006F031FB0020F2E700BF65
S21402ACE0EC0C0020006001B80000FFFF2DE9F341E4
S21402ACF005460F461446FFF7A3F890B1DFF8E08149
S21402AD0002F0B0FFD8F81430DE0740F1CE8006F02D
S21402AD1011FB0646032001F055FC38B1304606F01A
S21402AD200DFB0226304602B0BDE8F081D8F814309A
S21402AD3013F0060FF2D1304606F000FB5C4B4FF4E0
S21402AD4000612846D3F8EC8ED3F8CC6E04F00EFCE5
S21402AD5038B14FF400720121564B08461A64FEF7CA
S21402AD60F1F839462846FEF73DFA514BC3F8CC6E49
S21402AD70C3F8EC8E06460028D4D12B7CD80601D424
S21402AD80002C55D0C4F3400003F066FD022314F4F1
S21402AD90807F1FBF484A002113644FF03A420BBF20
S21402ADA0444A91611364536303F090FD4FF4806349
S21402ADB014F0040F14BF414A414A14F0400F536284
S21402ADC04FF004023B4B20461A644FF0400314BF78
S21402ADD03C4A3D4AC2F88830FEF7C0FE28460FF0CD
S21402ADE012FE38B14FF4807314F0010F14BF324ACA
S21402ADF0304A1364A10642D54FF6FF726B8C93421B
S21402AE000FD0324A3249526E100CC2F3011201328E
S21402AE10B3FBF2F30880294A29492E481B044866E8
S21402AE205366003C18BF01242B7C64F304132B7476
S21402AE3028460FF0B5FEF0B128460FF0E4FDD0B17B
S21402AE404FF40031284604F091FB431C03229BB2C8
S21402AE50214801A90FF014FF9DF8042002F0070311
S21402AE60052B9DF8053013D112070BD443F48073DB
S21402AE701A4AC2F8D43000200FF03FFF52E7FFF71D
S21402AE8015FFCEE713F0040F09D19DF80630EDE763
S21402AE9003F03002202A05D113F0010FF4E74FF435
S21402AEA08073E5E79DF80630E2E703263AE700BF3F
S21402AEB0003000B0002002B8001002B8005001B8FE
S21402AEC0006001B800D000B800E000B8004001B849
S21402AED0EC0C00200000FFFF0C0000BA003E00B0A1
S21402AEE000C001B808B5094BD3F84C315A1C0CD037
S21402AEF05B000AD40320FEF73FFF4FF08062044B4C
S21402AF00DA6401225A6102229A6208BD0080E00FCA
S21402AF10001002B84FF40022034B186C03F50053DE
S21402AF201A64C0F3C0407047000002B8014B024AE0
S21402AF301A60704788260020359A0200024B58692C
S21402AF4000F00100704700BF00C001B8084B5A6904
S21402AF50D10707D508B901F0EDB95B69DA0706D45F
S21402AF6001F0DAB95B69DB0701D40028F8D1704733
S21402AF7000C001B84FF0806310B1024A53617047B7
S21402AF80014AFBE7001002B8002002B8202350B1A5
S21402AF90064AC2F8F433064B196C11F0020104D1CA
S21402AFA0032002F073BE034AF3E77047001002B8AC
S21402AFB000C002B8002002B80F4BDB68C3F303637D
S21402AFC0013B0B2B0FD8DFE803F006060C0606063D
S21402AFD006080A0808080220704704207047052061
S21402AFE0704703207047054B5B6913F0060F0CBFD2
S21402AFF001200420704700BF000002B800C001B85C
S21402B000094AD368C3F303630B2B08D06FF490503E
S21402B010184100F0010080F0010040007047106CFB
S21402B02010F48030EDD17047000002B80C4AD368A5
S21402B030C3F30363062B07D8042BD8B20BD8C31E60
S21402B0405842584140007047072B06D1D2F84401B7
S21402B0500028ECD17047022070470020704700BFDE
S21402B060000002B8F0B5CF072BD5002A14BFAA25D8
S21402B07055250E461E24154F01F0030383F00103E7
S21402B0803B449B7806F0070C17F80CC0013C63445F
S21402B0904FEA5606F6D10E4E73436FF481769B0C3A
S21402B0A0334482B991FAA1F195FAA5F54A082D0F13
S21402B0B0490042EAC57201F00204C474C0E91023D2
S21402B0C0F0BDAA25D5E7034AF7E700BF7CCE03000A
S21402B0D036FC1000B756351230B547F6FE74164BDE
S21402B0E0C3F83042456C04EA4504144DC5F83042B4
S21402B0F00F245C66CC071CD5DAB901246C664FF0C7
S21402B100FF34C3F80441056C0C4CC4F804514FF0EC
S21402B110F045C3F81051C37CDB062B40C4F810314F
S21402B12032B14FF03A430222C0F88010C3F8F4203E
S21402B13030BD0224E2E700BF006001B8005001B84B
S21402B14013B5437C0446033BDBB2072B96BF104A7B
S21402B1500021D15CFEF70AFE012001F057F84FF4F9
S21402B160F0620C4BDA644FF40072A3F58053DA6493
S21402B170637C053B012B08D80421074B01229B6EFA
S21402B1800DEB0100019300F021FB02B010BD00BFE1
S21402B19074CE0300006000B8004001B8012310B569
S21402B1A080F8F6302823C0F8DC30042304464374C3
S21402B1B0044B19680FF0F2F92046FFF7C1FF002092
S21402B1C010BD00BFC0CE0300012310B580F8F630D4
S21402B1D02823C0F8DC30022304464374044B196863
S21402B1E00FF0DCF92046FFF7ABFF002010BD00BFD2
S21402B1F0C4CE0300012910B5044604D90239012938
S21402B20014D9032011E00B4B19680523012284F898
S21402B210F6204FF4BC726374C4F8DC2020460FF0AC
S21402B220BDF92046FFF78CFF002010BD024B1968BF
S21402B2300623EBE7BCCE0300B8CE0300012310B50D
S21402B24080F8F6304FF4BC73C0F8DC3008230446AE
S21402B2504374044B19680FF0A1F92046FFF770FFFC
S21402B260002010BDB4CE030038B5184B04461D6846
S21402B27045B1EB6833B1286801F016FCAB68186874
S21402B28001F012FC124B1B682BB1DA681AB19B68EC
S21402B290186801F009FC0F4B1B682BB1DA681AB16B
S21402B2A09B68186801F000FC0B4B1B682BB1DA6830
S21402B2B01AB19B68186801F0F7FB2046FFF784FF77
S21402B2C02046BDE83840FFF73BBF00BFC4CE0300B0
S21402B2D0C0CE0300BCCE0300B8CE0300F8B5D0F84B
S21402B2E0143104468B420D46164603D190F81031AF
S21402B2F0202B0ED0324629462046FFF7B3FE2023E7
S21402B30084F810310023C4F81451C4F81831FFF73A
S21402B3106DF94FF00077074B32461F6429462046E8
S21402B320FFF7DAFE8022044B1A6103F500531F640E
S21402B330F8BD00BF001002B8000002B8072330B5FF
S21402B340124D134CEB63134B69B1442140F040009D
S21402B350596398630123E3634FF4804392B1C4F8C0
S21402B36004310A4A07E0596399634FF48043084A56
S21402B370E163C4F80431C2F80831C2F80C31C2F8ED
S21402B380103130BDC5F80431EBE700BF006000B8ED
S21402B390005000B8004000B8034BD3F8F80780F01E
S21402B3A00070C0F340607047000002B810B5407CE1
S21402B3B0A0B1304BD3F8B82012F0060F01D0042803
S21402B3C00DD94FF470622C4BDA604FF48072A3F5FD
S21402B3D08053DA600022274BC3F8B42010BD02F077
S21402B3E0020412F0040202D00B789B0637D4002C1B
S21402B3F039D00B7803F00F03072B34D14B78022B8E
S21402B40031D98B7813F03E0F2DD0CC7814F0040F80
S21402B41029D014F0010F0CBF04230A23A40748BF47
S21402B4200633CB5CFBB1002A14BF02220122042899
S21402B43040F6FF7003F01F0108BF4900013940EAD9
S21402B44001310E4801654FF470600B491202C86064
S21402B450A1F58051CA60074AC2F8B430BEE7002C94
S21402B460C7D18B7823B90023044A13650122EAE781
S21402B4700222DCE7003E00B0006000B8004000B8E0
S21402B4800A68064B12F0802F1CBF42F20101C3F875
S21402B4902812C3F88822C3F88C227047004001B8ED
S21402B4A0F0B585B06C460E460B4B074615460FCBDD
S21402B4B084E80F00094BD3F84822009226B16B1E8F
S21402B4C0DBB2FD2B88BF32602A46214638460FF093
S21402B4D08BFB05B0F0BD00BF84CE03000080E00FFA
S21402B4E030B50823054685B080B9094AC2F8FC3350
S21402B4F051B96C46074B0FCB84E80F00064B2A4621
S21402B50021461868FFF7CCFF05B030BD034AEDE7C9
S21402B510001002B894CE030018240020002002B8BF
S21402B52038B5044601F0D6F901213A20E8F7FAFACE
S21402B530E0782179154A40EA0143C2F8DC34E5791D
S21402B540A37943EA0543C2F8E03423781BB100230B
S21402B5500422E8F783FF63782BB100230422E17903
S21402B560A079E8F77BFF2278012352B1084AC2F895
S21402B570D8346278022332B1054A0020C2F8D834A1
S21402B58038BD044AF3E7034AF7E700BF00C003509A
S21402B59000D0035000E003504FF03A43D3F8142192
S21402B5A0D2031ED54FF480320E49C1F81421A1F5FC
S21402B5B08051C1F818215A6DD1B2C2F30722C3F8DE
S21402B5C0A410C3F8A4200422C3F8A4200022C3F8BF
S21402B5D0A420C3F8A420C3F8A420C3F8A420C3F868
S21402B5E0A4207047002000BAF8B50D464FF03A4442
S21402B5F01746064605F09EFE01230421074A6363AA
S21402B600E76026616561C2F81411054AC2F8843102
S21402B61005F094FE0DB102236363F8BD002000BA64
S21402B62000E100E0054B012218604FF03A435A67EA
S21402B63040F6FF72D96418651A677047A82600207C
S21402B6402DE9F04105460124006800F007000630A7
S21402B65004FA00F3A868EC685E1EA04262D000EA14
S21402B660060E6C6810441E430640A3EB0E000EEB5B
S21402B670040C8242644618D9D31A0EEB030298B120
S21402B680431E052B04D94B1CACEB0303022B59D8E3
S21402B6900B460844ACEB010E03EB0E0113F8014B0C
S21402B6A083420C70F8D101466C688AB1531E052B92
S21402B6B001F1010302D9E01A022812D80A44611ED7
S21402B6C000E0013313F8010C934201F8010FF8D1A0
S21402B6D005F030FE0223AE60AB62BDE8F04105F035
S21402B6E02DBE0B46204622F0030E8E4453F804CBA2
S21402B6F0734540F804CBF9D122F00303D01A92071F
S21402B70001EB030C04EB0307E2D0CA5C0128E25407
S21402B710DED09CF8013002287B70D9D09CF802302B
S21402B720BB70D5E7042A35D90878043AA861487868
S21402B7300431A86111F8020CA86111F8010CA86185
S21402B740A8688CE70B4620F003070F44ACEB010E0B
S21402B7501C684EF803400433BB42F9D120F00303C1
S21402B76010F0030F01EB030EA0EB03040CEB030730
S21402B77028D011F80380012C0CF8038022D09EF802
S21402B7800130022C7B7018BF9EF80230084418BFA6
S21402B790BB7088E7013A032A12D8DFE802F00F15D9
S21402B7A007020B4613F8012B1946AA610A4612F83D
S21402B7B0013BAB61114611F8013BAB610B78AB6103
S21402B7C0BDE8F08108446EE70A46F3E738B50B4653
S21402B7D0154601464FF03A4470B101221048C4F8AB
S21402B7E0F4201A46FFF72CFF25B14FF03A43042205
S21402B7F0C3F8F420002038BD73B1D4F8D8209A429A
S21402B80084BF0122C4F8F4204FF03A42C2F8D43082
S21402B8100223C2F8F430E7E70123C4F8F430E3E782
S21402B820CC0000BA10B505F085FD4FF03A43012270
S21402B8305A67C3F8B420C3F88C20154A1549C3F8D2
S21402B84090200722C3F8B020134B04461A80002328
S21402B850124A13804FF4A022C1F81421A1F5805198
S21402B860C1F818210E4A13600E4B1B6C5B020AD5F8
S21402B8704FF480020C4B18680C4BD8301A6450F800
S21402B880A41C01F0B5FA2046BDE8104005F056BDEE
S21402B89040110020002000BA1C2900201A2900208E
S21402B8A0A4260020000002B818240020002002B8B7
S21402B8B007220D4B01211A8000220C4B1A804FF0F2
S21402B8C03A43C3F8F410C3F8CC204FF40052C3F83E
S21402B8D0D000C3F8F020F022054B9A64A022A3F50C
S21402B8E080539A64FFF79EBF1C2900201A29002065
S21402B8F0006000B82DE9F041044688B105F01AFD53
S21402B9003D4E3E4A3388032C03F0780105463C4FF1
S21402B91003F07F0C11445DD13C6824B905F00EFD9E
S21402B9200320BDE8F08124F00104386820F001000D
S21402B930A04254D100223A6022888C426FEA4242E8
S21402B9406FEA5242228040D12E4CDFF8D0C02788C0
S21402B950ACF180083A46083A92B201F10800604516
S21402B96028BF4046082A04D9B0F900E0BEF1000F0D
S21402B97040DB228088780C884FF03A413B449B1A81
S21402B980DBB2C4F30C048C653380C1F89830C1F87E
S21402B990B0204FF480221C4B00F00700C3F814219D
S21402B9A001221A4BC3F88421FFF7F6FD04280CD1B6
S21402B9B04FF48002164B1B6C164B1868164BD83089
S21402B9C01A6450F8A41C01F013FA284605F0B6FCD7
S21402B9D00020A6E7601E012898BF0C46A5E7094886
S21402B9E062440088A21A48BF803208389042A3DC1C
S21402B9F0284693E70146AEE71A29002040110020A8
S21402BA00A42600201C290020002000BA00E100E045
S21402BA10000002B818240020002002B8C01100203E
S21402BA201249134B0A881B8812481344083292B2F2
S21402BA300A804FF03A41C1F8B0204FF480210E4AF6
S21402BA40073BC2F81411012103F0780303449878E7
S21402BA500A4A00F007000428C2F8841103D10849F4
S21402BA60CA681203FCD4074A136070471C290020D8
S21402BA701A29002040110020002000BA00E100E050
S21402BA80000002B8A426002010B5054C206828B194
S21402BA90C30701D4FFF72EFF0023236010BD00BFAB
S21402BAA0A42600204FF48033084AC2F81831A2F5C3
S21402BAB08052C2F814314FF03A43D3F8AC30C3F395
S21402BAC00C03782B01D8FFF767BD7047002000BA39
S21402BAD02DE9F84304460E4605F02CFC514B8146F0
S21402BAE01A885148514D02F07801032C2D8802F035
S21402BAF07F03014417D14E4C24688CB92A44073A76
S21402BB0002F0780284180344E31A48BF8033AB423B
S21402BB1010DB484605F012FC00242046BDE8F883F8
S21402BB2024F00104EFE7012C02D0022CEBD1083DF1
S21402BB300C46E8E7002E44D08C4246D14FF03A42FB
S21402BB40D2F858804FF03A410127CA6C02F0070239
S21402BB5006329740D1F8AC20C2F30C029A4247DD77
S21402BB60B4F900302588002BD3DBA378C5F30C0587
S21402BB7003F007037A1EA5EB08053A43052B33703C
S21402BB8005EA02052CD82DB2E84340F236420421DB
S21402BB90C00FFDF77FFB7580E378264A3374126880
S21402BBA07B1E03EA0803D118B160A9B213FA85F521
S21402BBB0BD4291BF0023FF1AB780F2609CBFB180DE
S21402BBC0F360484605F0BAFBA7E7A4F108028242F2
S21402BBD038BF04F17802B2F80080C8F30C08B1E767
S21402BBE0154B5B6D003B18BF0123A5EBC305CAE7E7
S21402BBF04B6D7A1EA3EB08033A431A400F4B15B25D
S21402BC00DB6862B9C3F30363D91E4B424B41DB00C8
S21402BC1033700A4B72809B6CC3F30723BDE708237D
S21402BC20F6E700BF1A290020401100201C29002038
S21402BC30A4260020A8260020004000B8000002B873
S21402BC40054BA622D3F84C013121431C0CBF012020
S21402BC50C0F38070FDF71EBB0080E00F38B5134DB1
S21402BC600446297819B9202211480FF071FA618822
S21402BC70104A23785180002113700F4A022BC2F813
S21402BC80CC104FF0FF010D4A0D4B11704FF007011B
S21402BC900C4A4FF00000C2F8FC130CBF042201222B
S21402BCA0C3F8FC2301232B7038BD00BF452A0020B1
S21402BCB0E03F00B0EE0C0020004001B8100D00205E
S21402BCC0001002B8002002B8034B1A6802609B8874
S21402BCD083800020704700BFEE0C002010B504469B
S21402BCE000F0F8FD064BD3F8F83724B983F4003396
S21402BCF0C3F3404010BDA31E58425841FAE700BFA6
S21402BD00000002B84FF63F7208B50A4BD3F8FC376C
S21402BD10934206D0084AC3F301131370E022074B7E
S21402BD201A7000F031FE41F66A03B0FBF3F0044BE2
S21402BD30186008BD000002B8110D0020120D002088
S21402BD40AC26002020B1022804D1034B1878704795
S21402BD50024BFBE700207047110D0020120D002059
S21402BD602DE9F74F846C4C22022C38BF02246A4914
S21402BD70013C0B6AD1F8CC506849C3F38213DA400F
S21402BD800B680646A34290F804B1654BDFF8ACA1F7
S21402BD90DFF8AC91DFF8AC8102F0010214D118781A
S21402BDA0904211D19AF8000058450DD1F06C58B166
S21402BDB0A84209D1B57D99F80000854204D1B8F8A9
S21402BDC0040003B0BDE8F08F0C6098F800101A70FB
S21402BDD00846FFF7B7FF002A00F0868004234FF0DC
S21402BDE07F4100254F4AC2F8B8304F4BC3F8B8100F
S21402BDF0B37D1B06C2F8B8304FF08052494BC3F8E9
S21402BE00B42000F0C1FD40F27123B0FBF3F019211B
S21402BE1060431828B0FBF1F14FEA054470D8002CB5
S21402BE2078D0B4FA84F2C2F12002C2F10F03012BD9
S21402BE3038BF0123D440A14201D2013B64086A1CE8
S21402BE4003F01F0152008A40384F121B9208C7F8AF
S21402BE50B0201A0242EA03121343019305EB0523AC
S21402BE6005EB0325324B40F6C70218682B21003833
S21402BE7018BF0120FDF70EFAFA222D4B02FB04F042
S21402BE801B6840F6FF72B0FBF3F00A235843294BB7
S21402BE9000F57A74C3F8C420019AA3F58053C3F858
S21402BEA0C420A3F58053C3F8CC50D3F8CC3000F5A9
S21402BEB08C50C7F8FC30F5641F4D14302C6001F02E
S21402BEC017FF4FF47A72C7F8A400C7F8F8002B6879
S21402BED0B4FBF2F0B3FBF2F3A8F80430B37D8AF8B1
S21402BEE000B089F800306CE7002914BF1025202521
S21402BEF0B37D834294BFED182D1805F0FF057BE74E
S21402BF00B1FA81F234B1B4FA84F3D21A002A8CDC84
S21402BF100F2390E70F2392E7004001B8E40B0020BE
S21402BF20462A0020001002B8002002B8003F00B0E7
S21402BF30AC260020006001B8B02600200F0D0020BD
S21402BF400E0D0020EE0C002010B5114B01461B789A
S21402BF50104C0E2B02D1FF20207010BD18460EF09A
S21402BF60CFFE02461846FFF7EDFE884228BF084677
S21402BF70C0B2904238BF10462378C0B28342ECD09B
S21402BF80054B20701868FFF7EBFE2078E5E700BF48
S21402BF90EE0C0020100D00201824002010B50446D8
S21402BFA0FCF7EAFE78B1154B1B786BB964B1144BFB
S21402BFB01B784BB1134B1B78013B012B04D84FF473
S21402BFC00042114BDA6410BD104BDB6C1B04FAD432
S21402BFD005F0B0F9044602F079FC4FF400420C4B2F
S21402BFE02046BDE81040DA6402220A4BC3F87C24DD
S21402BFF00422054B1A6405F0A1B900BF472A0020A7
S21402C000482A0020B4260020002002B8000002B809
S21402C010001002B800D003504FF48022014B9A64FD
S21402C020704700BF005000B870B5054600F052FCDD
S21402C03001213A20E7F776FD424C434B00201D7063
S21402C040FFF7ACFF2378013B012B0CD80122217CA1
S21402C050E37B8A4030214B4342F2100103F1A043B6
S21402C06003F570335A500022384BC3F87C24ADB91E
S21402C0704FF6FF71364AC2F88410F821A2F58052B4
S21402C080C2F88410C3F87C54324B4FF08042DA6414
S21402C0904FF48022304B00209A6470BD636883B3ED
S21402C0A000F072FC626800EB5203B3FBF2F3013B52
S21402C0B01B0243F0F80326782549022E264A22D090
S21402C0C0032E4FF6FF7521482AD0012E33D143F0B6
S21402C0D00203C1F88450C2F884300723C0F87C34C7
S21402C0E03021E37B01204B4341F21001227C03F115
S21402C0F0A04300FA02F203F570335A50FFF74EFFE0
S21402C10017E0F823D7E74FF6FF7043F00103C1F8B4
S21402C1108400C2F8843006220C4BC3F87C24DFE786
S21402C12043F00503C1F88450C2F884300423C0F8F3
S21402C1307C340A4BA9E7C1F88450C2F88430002345
S21402C140F5E700BFB4260020482A002000C00350AE
S21402C150006000B8002002B8005000B8001002B814
S21402C160F8B5214F06463D4604460FCE0FC5336846
S21402C1702B6000F0AFFB01213A20E7F7D3FC002248
S21402C1801A4BC3F87C24A17A627A42EA0142C3F8C7
S21402C1908824217CE27B42EA0142C3F88424207B85
S21402C1A0617B40EA0142C3F880243B78032B19D80E
S21402C1B0DFE803F01202060C00230422E8F74EF929
S21402C1C000230422217CE07BE8F748F901230422BD
S21402C1D0A17A607AE8F742F9054B1878BDE8F8408C
S21402C1E0FFF722BF0120F8BDB426002000C003508E
S21402C1F0482A0020034BDB6C002BBCBF024BC3F863
S21402C20088007047000002B8004000B84FF0006394
S21402C21038B1064AD364064B4FF40032C3F8842082
S21402C2207047044AD364044BF6E700BF001002B816
S21402C230005000B8002002B8006000B82DE9F047B0
S21402C2402D4B2E4C4FF47A76A36000F09DFB4FF4F4
S21402C250FA73B0FBF6F6734307462948190E1B021B
S21402C2601818284A4FF0000341F1000103F0D0F9F4
S21402C270A0F580730546236320B966222B21FDF7BD
S21402C28009F801254FF47A724FF0000A6A435346C2
S21402C2905008310203F0BCF91B4BB7F57A7F1960E0
S21402C2A01A4B4FEA05688946044618604FEA152578
S21402C2B005D276222B215046FCF7ECFF01264FF4DE
S21402C2C07A73A8FB030103FB05117308C01841F13A
S21402C2D000010023324603F09BF90D4B023419602D
S21402C2E00C4B49F10009A408186044EA8974034B10
S21402C2F0013C9C63BDE8F0870211010000C001B852
S21402C30020A1070040420F00D4260020D02600209D
S21402C310CC260020C82600201022044BC3F8842115
S21402C3205A600122024BDA60704700BF00E100E06B
S21402C33000C001B81022064BC3F88421C3F884203B
S21402C340BFF34F8FBFF36F8F0422024BDA60704742
S21402C35000E100E000C001B810B50446A242A2EB1C
S21402C3600000A3EB010104D2034B01399B6B01339E
S21402C370184401F0030110BD00C001B838B501250C
S21402C3800A4B02019D504FF480730446084A8340CC
S21402C390536604F0CFFF074AA540137823EA050345
S21402C3A01370BDE8384004F0C9BF00BF00E101B811
S21402C3B000E001B8492A00202DE9F84F1646054646
S21402C3C08A461F4604F0B6FF022E00F0B080804672
S21402C3D004F0B7FF694B6A4AD3F8209092F88D4072
S21402C3E05A6EE4B2520744BFD3F82090013404F0E8
S21402C3F0AEFF644B644A1B681168A3FB093213F153
S21402C40000434FEA847301FB093343EB020304F053
S21402C4100302DAF80040012E04BF0134E418A3EB4D
S21402C420040308BFCAF80040B3F1804FC0F09380FF
S21402C4304FF0004000235549D1F800C024F0404197
S21402C440ECFB01035248A40F006800FB01334B4982
S21402C4505048896B8B4281BF013401315B1A04F06C
S21402C4600304A41A994584BF444A04F1FF3404F035
S21402C470030488BF926BA3EB090C4455A4B1FC07D6
S21402C48042BF41F61F71444A5167B90742BF424A4A
S21402C490424951677A0742BF0021384A91673C07F2
S21402C4A042BF0021354A91654FF0110A4FF0010E46
S21402C4B0324A05F11004240102EB051BCBF80C31BD
S21402C4C042F804A0136A3649A3EB09030EFA05F4F0
S21402C4D0D2F864900A78E4B2224363450A7025D300
S21402C4E04FF48073AB4019EA030F1FD1425D002A56
S21402C4F040D10EB32B4AF807536607D541F61F7193
S21402C50040F20110244B596750675967B90706D5A0
S21402C510214B224A234924485A6748675A677A07B2
S21402C52042BF0122214B1A613B071AD4404604F04F
S21402C53005FF0120BDE8F88F1D4A2D0142F805E0EF
S21402C54042F89C3C04F0F6FE15490B7823EA0403F5
S21402C5500B7004F0F3FE404604F0F0FE0020BDE847
S21402C560F88F2120FFF746FE4FF48032034B4046F9
S21402C570DA60DCE70B4A40465366D8E700C001B8EB
S21402C580003E00B0C8260020CC260020D026002080
S21402C590D42600204A2A002000E001B800001F1F0F
S21402C5A0492A002000D001B800000101000002B8AC
S21402C5B000E101B8024B1878003818BF0120704716
S21402C5C0492A0020034B10300001185800F00100E1
S21402C5D0704700BF00C001B8044B01F0F071103084
S21402C5E041F0030100011950704700BF00C001B8B6
S21402C5F038B504F0A6FE084B084A1D6A92F88D402C
S21402C6005A6EE4B2520744BF1D6A013404F09FFE1C
S21402C610284604F0030138BD00C001B8003E00B051
S21402C62038B50B4B03EB001210300001D2F80C4168
S21402C6301D58FFF7DDFFAB0706D5844200D9013946
S21402C640204601F0030138BD844238BF0131F7E7C6
S21402C65000C001B808B52220FFF7CCFD4FF48022B7
S21402C660014BDA6008BD00BF00C001B8064B1B686C
S21402C670434303EB8171054B1B68A3FB003013F1A8
S21402C680004341EB00007047CC260020C82600205D
S21402C6900C4A20F04043014610B5002014684FF0C3
S21402C6A00042E4FB0320084A890F126802FB0300DB
S21402C6B0064B9B6B984204D901330131C01A01F034
S21402C6C0030110BDD0260020D426002000C001B8E9
S21402C6D0F8B50646FEF732FC044608B1FFF72AFE16
S21402C6E000230B4D0B4FAB613046EB612B6287F894
S21402C6F08D30FFF7CDFFC9B287F88D1028622CB1B6
S21402C700FFF70AFE4FF08062034B1A640020F8BD62
S21402C71000C001B8003E00B0002002B870B50C6838
S21402C720651C15D0C4F302669E42C4F3074530D199
S21402C730A4B294422DD804EB8506B24229D2141B29
S21402C740A50824F003040E59340F04D0012C09D096
S21402C7500022012303E06B1C51F823200023026011
S21402C760037170BD0D4C34F8133042EA03431A6865
S21402C7706B1C51F8234001EB83014B6822405E405C
S21402C78036F07044EAD11B0F032B04BF8B681A43A2
S21402C790E4E7013501EB8501C1E700BFACCE03003B
S21402C7A070B51646054610B90124204670BD00290C
S21402C7B0FAD04268104B006803321B68920800F1F8
S21402C7C03040984704460028EFD1002EECD0EA68A5
S21402C7D0A86803323146920800F130400EF0C4FADF
S21402C7E004460028E1D1D5E90402214600F1304092
S21402C7F00EF0AEFCD9E700BFEC0B002007B501A88F
S21402C800E8F7D4F99DF80530022B02BF40220B4B05
S21402C810C3F8FC23C8220A4B5A650A4B0A4AD3F8C5
S21402C8206032DBB2FF2B08BF03239B0043F47F5327
S21402C830C2F8F83303B05DF804FB00BF001002B87C
S21402C840008001B80080E00F000002B8002310B597
S21402C850194C012123643A206364A364E7F762F962
S21402C8600122164B5A6102229A62E368C3F30363FB
S21402C8700D2B01D0002BF8D11123114AA3631149C5
S21402C8801148FFF78DFF01F069FB104A936843B920
S21402C8904FF08062094B5A61012203F580535A61B8
S21402C8A010BD0B49D268096803F13043032AEFD959
S21402C8B043F8041B043AF9E7000002B8001002B875
S21402C8C00CCF030010CF0300F4CE0300DCCE03002F
S21402C8D0000C0020012341F6FF710D4AC2F8803297
S21402C8E091660C4A53600C4A53600C4A5360A2F598
S21402C8F080425360A2F54042536002F5C032536054
S21402C90002F580425360A2F500425360704700BFB2
S21402C9100090005000D000B8001000BA005001B8D5
S21402C92038B50324FFF7D6FF114A124B124DDA64CC
S21402C930FFF764FF114BC3F8E0400123EB6401F0FC
S21402C94091F94FF460736B614FF40073EB640EF071
S21402C95061F90021FEF7C4FD8022094B1C64A3F591
S21402C96080535C64074BC3F884215A6038BD00BF0D
S21402C9700048F000000002B8001002B8005001B8EB
S21402C98000A002B800E100E008B5E6F76DFB044B34
S21402C9901B6FC3F300430133B0FBF3F008BD00BFC7
S21402C9A0008000502DE9F04F044687B003908A4677
S21402C9B05AF8046B731C06D1039B2660E01A80109B
S21402C9C007B0BDE8F08FC6F30745012D38BF012535
S21402C9D0324BC6F3016233F81230B7B247EA034766
S21402C9E0EB002F490493043323448B424FEA167616
S21402C9F002D92C4B9C424ED907234FF00109D3464D
S21402CA00D34003F0010309FA06F9029309F09403EE
S21402CA1004F1080801950593059B0BF1040B53B925
S21402CA2019F0420F19D119F0280F0BD148F8087CDB
S21402CA305BF8042C20E040F2AA7232210020FCF7B8
S21402CA4029FCF3E740F2AF7232210298FCF722FC8F
S21402CA5007F5805248F8082CEAE74FF4F7623221CD
S21402CA600298FCF717FC07F50052012E48F8082C2E
S21402CA70DED15BF8042CD243019B48F8042C013B20
S21402CA8007F1040708F108080193C5D1049B0AEBD5
S21402CA9085011C448BE7002092E700BFA4CE03006A
S21402CAA0DF4F00B0E04F00B0F8B50646E0B1002414
S21402CAB0144B25461F46144953F8042BAAB91348AB
S21402CAC0314600EB8500FFF76DFF30B940F6610294
S21402CAD03621BDE8F840FCF7DDBB0D4B01352818C2
S21402CAE047F8246023F81400F8BDB242FCD00134A3
S21402CAF00C2C02D031F81450DEE740F66F023621D5
S21402CB000020E6E7D82600201C290020404000B07E
S21402CB101E29002070B5044690B1A9B13A4A52F8CF
S21402CB20043B834212D10023384A116CC907FCD455
S21402CB309B0003F5804340331360354B01221A6491
S21402CB4070BD01330C2B02D1324D2CE0012352F87A
S21402CB50041BA142F5D1304A32F81330E4E7C2F39F
S21402CB60016335F81300110C93B211F0FE0F43EA7D
S21402CB700043606820D00434CAB2022A216808D969
S21402CB80D4E90160033AC3E9001698600C340C330A
S21402CB90F3E704D16268C3E90012083403E0012A0D
S21402CBA001D1043419602268531CD8D10022174BD5
S21402CBB01A6003F58053C1E7120F072AEDD8DFE8A3
S21402CBC002F00704090D1013181DC04303F50053A5
S21402CBD01860E2E71A6842401A60DEE703F58053FF
S21402CBE0F6E70EF0B6F8D8E7012203F58053824046
S21402CBF0F2E7012203F500538240EDE71A6830EAB5
S21402CC000202FBD1C9E700BFD826002000C002B846
S21402CC1000D002B8ACCE03001C2900200122014B32
S21402CC20DA647047001002B80122014BDA647047DA
S21402CC30002002B84022014BDA647047002002B896
S21402CC404022014BDA647047001002B808B50C4B5C
S21402CC501B68D3F8C83023B11A68022A01D9186AA9
S21402CC6008BDFFF791FE074B02469B6D98B200285F
S21402CC70F6D0C3F30743D2085343B3FBF0F0EFE713
S21402CC8018240020004001B8064BDB68C3F3036398
S21402CC90984206D1044A936E23F0F00343EA011148
S21402CCA091667047000002B8003F00B010B5044617
S21402CCB0FFF7CCFF0F4AD2F838311B040E4B48BFA1
S21402CCC040089B6C03F4C053B3F5805F0ABF936BB6
S21402CCD0C4F30113C3F34163012B02D0022B02D02B
S21402CCE010BD4008FCE7C4F3C4240134B0FBF4F0E2
S21402CCF0F6E700BF004001B8004000B82DE9F04753
S21402CD000E460EF009F800248046DFF8B4A0DFF8DD
S21402CD10B49004F00FFBDAF80C300746C3F3036353
S21402CD20012B0BD1711C35D00DF0F6FFA0EB0804D9
S21402CD30384604F003FBA642EBD80DE0052BF1D0F3
S21402CD400B2BEFD0023B012B09D9013602D00DF096
S21402CD50E3FF384604F0F2FA1848BDE8F087D9F83F
S21402CD600C3013F4603FDDD0D9F818301A04C3F340
S21402CD70891512D4013602D00DF0CEFF384604F0E3
S21402CD80DDFA2DB26FF4FF73A5F1C8009842B8BF62
S21402CD901846E2E704F0D2FABBE7731C03D00DF0A4
S21402CDA0BBFFA0EB08046FEA85556FEA9555384637
S21402CDB004F0C4FA15F5007FBDD0E3E700FEFFFFDE
S21402CDC0000002B800C000B80122024B98611A6146
S21402CDD0704700BF000001B8044BD3F8AC3010B166
S21402CDE0C3F30332027003F00F007047000002B86C
S21402CDF0094B01F080011B6C03F480030B4309D13D
S21402CE004FF40012054B1A62837F1BB10122044BBA
S21402CE10C3F80021704700BF000002B8006001B8E6
S21402CE20005001B810B504F085FA084B04461B689A
S21402CE303BB1984728B1002200204FF4806101F0F0
S21402CE40A7F92046BDE8104004F078BA082700206B
S21402CE504FF604014FF60502044B01201B6C9BB2F1
S21402CE608B4208BF1346024A136670470080E00FE3
S21402CE7000C001B8074BD3F8483203F00303012B76
S21402CE8003D0022B03D00020704704F006B9E6F761
S21402CE9035B900BF008000502DE9F74FDFF8ECB03F
S21402CEA081460F46DBF808A0FFF7A2FB4FF0FF35DE
S21402CEB0CDE9000100202C46064606F110031B01B0
S21402CEC05BF8033003F00308B8F1010F15D13046C2
S21402CED0FFF7A6FB02460B46DDE90001FFF73CFA28
S21402CEE0DBF8643006F10802D340DB0737D5002FA3
S21402CEF03ED000252C463E6040460136082EDCD148
S21402CF0050B3224F0AF44033B96B00220131A4FB1E
S21402CF100141641941F10001B3F5003F30D17B6B4A
S21402CF200AF4405A013342F10006BAF5805F22D174
S21402CF303D6B15F5807505FB06F642F1000203FB14
S21402CF400266A5FB03323244594304FB0212A3FBDA
S21402CF5004341444C9E9003403B0BDE8F08FA84293
S21402CF6071EB0403C8D207B13E6005460C46C3E720
S21402CF703D463C46C0E7320242EA13621B02E3E742
S21402CF803B6B13F5807342F10002DDE700C001B887
S21402CF90F8B506200DF0C7FE04460DF0BDFE42F2BF
S21402CFA01073041B9C42054618D94FF080624F242A
S21402CFB00B4B1A6441F26F770A4E0BE00DF0ACFE93
S21402CFC0401BB8424FF0F70221468CBF00200120DA
S21402CFD0FCF760F9336C5B01F0D5F8BD1A24E9E77B
S21402CFE0002002B8000002B808B50DF02AFF0122A0
S21402CFF0054B93F8853002335B00DBB202FA03F38B
S21402D000024A536108BD00BF003E00B0002000B8CF
S21402D0100B2870B500F29580012900F292804A4BE7
S21402D02083F8840083F88510484B5B689D05C3F33C
S21402D030402227D44FF038435A60454A506E440285
S21402D0406BD5444B5B6803F00303022B65D00223C7
S21402D050C2F848320122404B9A604FF038435A6079
S21402D060DA60996A0807FCD11969C907F8D540F24F
S21402D070FF323A4B9A615A614FF40072334BC3F84F
S21402D08084215A60304C01213B20E6F74BFD94F890
S21402D090853094F88420324943F4402343F41063E5
S21402D0A0063241F82230FFF76FFC4608C507FFF745
S21402D0B0E1FE002302463146284602F0A9FA09029A
S21402D0C041EA1061C0F3C05040EA4100254BA06718
S21402D0D0186B10F5807005D14FF4E1722B21FCF726
S21402D0E0D9F80220024600230020012102F090FA1D
S21402D0F0E067FFF7BFFE40F649435843000DFF289E
S21402D10028BFFF20022838BF0220002184F88C00A6
S21402D110012000F0BBFD002070BD10F4001006D008
S21402D120114B586800F00300023818BF01204FF474
S21402D130A9721B21FCF7AEF80122054BC3F8482260
S21402D14088E70120E8E700BF003E00B000E100E00B
S21402D1500080005000000250001000B8002000B806
S21402D1600080035000C001B80040025038B1064BA0
S21402D17093F88400087093F885301370704707237D
S21402D1800B700123F9E700BF003E00B070B5FFF751
S21402D190FFFE0021022000F079FD0DF0BDFD0446E1
S21402D1A00F4D104ED5F8F4331B070BD504F0C2F81A
S21402D1B0BDE8704002220C4BDA6001220B4B1A705B
S21402D1C004F0BCB80DF0A8FD001BB04240F22A22C3
S21402D1D04FF045018CBF00200120FCF75BF8E1E729
S21402D1E0000002B83F420F0000C001B8522A0020D9
S21402D1F0224910B50B78002B3FD00122204C94F820
S21402D200853002335B0002FA03F31E4A93614FF441
S21402D21000721D4BC3F8842100230B701B4B4FF486
S21402D2203072186C3921C0F38060FCF733F84FF483
S21402D2308041174B174AC3F894100C2194F8853096
S21402D2404B4303F138435B6BD4F88010994202BF1C
S21402D250D2F86C31C4F88830D2F86431D4F8880039
S21402D26008BFA4F88630B4F8861000F0A7F8BDE828
S21402D27010400121022000F009BD10BD522A0020F4
S21402D280003E00B0002000B800E100E0000002B856
S21402D29000E001B800C001B810B50446FFF7EAFD89
S21402D2A06043044B00F5F42000F59070B0FBF3F0F9
S21402D2B010BD00BF40420F002DE9F74FFFF7ECFF0D
S21402D2C00546FFF765FE04F035F800214FF0384AB0
S21402D2D0DFF8E4900646684689F80010FFF7DCFDA2
S21402D2E0304BDAF82070DB6813F0706F1DD12E4BCE
S21402D2F05B6913F0060818D100284CD0FFF744FBF0
S21402D300691DA1FB00B4FFF7B5FD21460246434660
S21402D310584602F07DF9DDE9004B090241EA106148
S21402D3200002A04271EB0B0105D3304603B0BDE804
S21402D330F04F04F003B8FFF79DFD220A42EA0B62A3
S21402D3404FEA1B23A0FB02B200FB0324FFF71CFBE1
S21402D350434602462146584602F05AF90C2201215B
S21402D360124B013593F885307F1B5A4302335B001C
S21402D370074402F13842DCB2576301FA04F40C4F58
S21402D38099400C4B7C619961DAF82030526B2D1A69
S21402D3909B1AAB42C9D30222034BDA60012389F8F7
S21402D3A00030C2E7000002B800C001B8003E00B07C
S21402D3B0002000B8001000B8522A00202DE9F04FD5
S21402D3C04FF00C0A0027B54A054692F88540884673
S21402D3D00AFB04F303F138431F6392F88420B04B30
S21402D3E087B0C3F8B4204FF40032AE4B46461A61FB
S21402D3F00222A3F58053DA604FF03843AA4A1B6A2A
S21402D40092F82413AB46C9B2059192F82913013457
S21402D410C9B20491012104F0010482F8247382F84F
S21402D4202973A21C0AFB04F4500001FA00F003F16F
S21402D430FF390290019004F13844A3EB0903002B54
S21402D44040F3FF800137022F65D9DB220D21002031
S21402D450FBF720FF4FF080539449934A4B66059B97
S21402D460934C03F0F00382F82433049B03F0F0039A
S21402D47082F82933894A4FF40033C4F86CB1C4F8F1
S21402D4806461A2F886600026C2F88090C2F888B06E
S21402D4900B61834BC3F8B4600C2392F885205A4381
S21402D4A002F13842166303F045FF334632464FF424
S21402D4B0807E276AD4F864C003F11001090161581E
S21402D4C001F00301012910D10EFA03F111EA0C0F43
S21402D4D00BD104EB0316AF42D6F80C61C0F0D8802D
S21402D4E0B54202D2B74280F0D6800133082BE3D190
S21402D4F0704D2C68012C40F2E3803AB16749B1F8CE
S21402D5008E301343A1F88E30664B5A6607B0BDE8DC
S21402D510F04F03F013BF4FF0000B604E96F88530C5
S21402D5200AFB03F303F13843C3F830B003F002FFFB
S21402D5304FF080515D4B039059664FF0384396F892
S21402D54085201B6A00920AFB02F203F1010902F12E
S21402D5503842C2F83490534A02331167C4F830B0E6
S21402D560029A6363544B52485A61019AA3F5805358
S21402D5709A618368DB0340F18880D6F88030B26F08
S21402D580A9EB0303A3FB0221036B03F5807CF36F75
S21402D590A1FB0360A2FB03E39B19ACFB03E640F18D
S21402D5A000000CFB0066B2EB0E0261EB0606120AE6
S21402D5B042EA06624244B2EB1C2F4FEA1C2603D311
S21402D5C0013340F10000921B043E964228BF1646E5
S21402D5D03749324A8E6192F88D20D1F820C0EB1876
S21402D5E0D2B2896B40F10000654584BF02F1FF327A
S21402D5F0D2B2B1F1FF3F0ED04FF0000E01F1010C96
S21402D60099427EEB000B08D20132B3EB0C03D2B286
S21402D61060F10000F4E70244D2B29B461F49244B55
S21402D62002F0030281F88D20C3F820B00222009B8C
S21402D63003980AFB03F303F138431A63226303F0E9
S21402D6407DFE4FF038431B6A009303F073FE1B49BE
S21402D6500A6922F004020A6130BF4FF08051019B32
S21402D660154A936102F5E032116700221021226307
S21402D6700D4AC2F8841103F061FE0D4A009B526EF9
S21402D68012F0805F3FF4D9AEE4E64646AB46CDE7FD
S21402D690B542BFF427AF11438AB226E7003E00B078
S21402D6A00080035000D001B800E100E000E001B8BD
S21402D6B000C001B874260020002000B800ED00E08B
S21402D6C011490B78142B01BF0023104E0B703370D8
S21402D6D00B7801330B70002A3FF418AF0C4EB6F8E5
S21402D6E08E301343A6F88E300A4B5A66074A1378D2
S21402D6F00133DBB2022B13707FF408AF0023013430
S21402D7002C600B70137001E7542A0020532A002065
S21402D710003E00B000D001B8F8B50B46002213F860
S21402D720044B944225D91D68854224D106245A7991
S21402D7301D79124B88181E6804FB0503104F33F838
S21402D740063C7B43B3420ED900238A5A7A4396425A
S21402D75002D804FB0300F8BD9D42FAD9013304FB4C
S21402D76003F2825AF2E740F25F423D210020FBF7C5
S21402D77091FD0020EFE708330132D2E70C270020A4
S21402D78040420F0000202DE9F84FA2FB018BBD4E50
S21402D790BD4F18EB060699466BF10003B74270EBD5
S21402D7A0030307D240F259220E21FBF773FD022033
S21402D7B0BDE8F88FD9F814A00C461546BAF1000F4A
S21402D7C004D0DAF80030032B00F21D81AF4BB04ACA
S21402D7D09F6BA3F58043D3F8EC30C7F314075900C8
S21402D7E0AC4B48BF47F400171B6ED2F8FCA05A0792
S21402D7F04EBF4FF440039B0503F0E0731F43A64B56
S21402D800D3F8E4309E0748BF47F0807747EA45677B
S21402D810E5F75AFC012D0646C9D10028C7D09F4B12
S21402D820984200F0FF8003F5122303F5F86398424E
S21402D83000F0FE809A4B984200F075810025024661
S21402D8402B4600204FF0007101F0E2FE2B4601301D
S21402D85008FB03F3C7F3130100FB0B33A1FB0662BD
S21402D860A8FB008001FB0522034420339B09C9F86C
S21402D8700030F60C8B4B46EA4236F8021C6058BF64
S21402D8807642894B894D34441E602C60BAF1000FF3
S21402D89000F0B7800023F9018549C7F381528A5CFC
S21402D8A0194648BF6408002EB8BF76429206600842
S21402D8B0C2FB0601224601F0ABFEDAF800600E2E2D
S21402D8C008D9744B714A916BDA69D3F80C31D206D7
S21402D8D000F1CF8017F4001714BFC42240F20712DB
S21402D8E07449C0F31300A1FB04C14FEA511102FBB5
S21402D8F001F1C9F80400DAF818004FF4FA73B1FB24
S21402D900F0F118BF002701FB03F3A4FB02C2FA33AF
S21402D910A3FB003004FB07226345904138BF013168
S21402D920C9B241F4006CC9F808C000297ED0DAF802
S21402D9301C00A1FB00371CB1B4FA84F20E2A7EDD6D
S21402D940E203002F78D1B2FBF3F2530003FB01137C
S21402D950A3FB00874FEA044EC6454FEA144474EB15
S21402D960070709D34F003B44A0FB0381C64574EB6F
S21402D970010102F10102F6D2C2F30E024CEA023CA7
S21402D9804CF00063062EC9F8083040F29980DAF8A7
S21402D9903030002B00F094800023C9F80C30C9F810
S21402D9A01030E5F791FBDAF83010FFF7B5FE0446C3
S21402D9B018B18378002B40F0D580E5F74FFBDAF8F4
S21402D9C03010FFF7A9FE0446D8B18378CBB1407970
S21402D9D040F28B52003818BF01203D21FBF75AFC5B
S21402D9E0207940F28C5200384FF03D0118BF0120DA
S21402D9F0FBF750FC237962791B0243EA0213C9F84B
S21402DA0010300020D4E6042BDAF828707FF400AF3A
S21402DA10F8014CBF4FF4400307F0E07327F0E077BD
S21402DA201F43F5E6002324481D4611E70120BFE602
S21402DA30002322481D460BE70B46002288E7C2F168
S21402DA400F0E02F1110807FA08F823FA0EF343EA5A
S21402DA500803AEF1200827FA08F843EA080327FA73
S21402DA600EFE01334EF1000704FA02F2002FE3D154
S21402DA7069E701F4801103F40013194308BFC0F5E7
S21402DA80801027E7006CCA88807C814A008001B833
S21402DA90004F00B0004001B8000002B800F0490292
S21402DAA0005A620214270020102700200C270020AC
S21402DAB0C8CE0300D34D62100A3BB2DF313641DCDA
S21402DAC0E5F702FB2C6894B3B4FA84F3D3F10203AD
S21402DAD058BFDC40354B9C4288BF6408C8B3B4FBD1
S21402DAE0F0F3642100FB134201FB02F2904203F1C1
S21402DAF0FF3253D85D085308013D1B0243EA051561
S21402DB00C9F80C50E5F7B0FAE0B1B4FBF0F26421C4
S21402DB1000FB124401FB04F4A0423DD8531E5208F7
S21402DB205B08013A68E7002321481D4690E66FF03D
S21402DB301F050028E4D140F2DD422B210020FBF72E
S21402DB40A9FBDDE74FF4A0622B21FBF7A3FB621EC5
S21402DB50E4E7631EA51E5B086D08013B2D0245EA3D
S21402DB600315E8E740794FF4AE62003818BF01208B
S21402DB703D21FBF78FFB207940F27152003818BF27
S21402DB8001203D21FBF786FB237962791B0243EADB
S21402DB900213C9F80C3010E71446D8E79D1E6D082C
S21402DBA05308013B2D0245EA0315A9E73FBE40256F
S21402DBB0D694BFD610B5044686B059B9214B4168F3
S21402DBC0D3F8FC30827A2048059300686B46FFF74C
S21402DBD0D9FD69461D4B0A685A631A4BD3F8FC30C6
S21402DBE033B34B6843B11A4B1A4AC3F80C214A683E
S21402DBF0A3F58053C3F80C218B6843B1144B164A25
S21402DC00C3F8EC208A68A3F58053C3F8EC20134AC5
S21402DC10C868D2F8743123F4EE630343C2F8743151
S21402DC20D2F86C31096923F4EE630B43C2F86C3107
S21402DC30002022890A4B9A6203F5A033186406B0C4
S21402DC4010BD00BF004F00B018240020008001B8AD
S21402DC50006001B8FFFF0F00FFF8FF0F000002B8D8
S21402DC60004000B8064B9A6E920607D55B6E002BF4
S21402DC704FF48043B4BF034A034AD364002070477C
S21402DC8000800050002002B8001002B8064B1A6C42
S21402DC909207FCD4022240EA01205860034B1A6421
S21402DCA00122034B1A70704700C002B800D002B8B7
S21402DCB0552A002040B10368012B05D90069034BA1
S21402DCC0002808BF1846704700487047D0CE0300A9
S21402DCD0064B586E5B6AC0F30112000C02FB000092
S21402DCE003F01F0301331844704700BF004001B819
S21402DCF0084BC1171A68A2FB000302FB013310F19E
S21402DD00807043F10003400E40EAC310803820EAD8
S21402DD10E07070471C2700200722194B70B5DA63A3
S21402DD20FEF732FE174BC408010B0546E005C01885
S21402DD30154A41F10001002301F06AFC134B144E10
S21402DD4018601448FFF7D4FF4042C6F8DC0049F6D4
S21402DD505800FFF7CDFFC6F8A8000F48FEF798FC5C
S21402DD60024660B1E301500818184FEA15714FF0E9
S21402DD70000341F1000101F04BFCC6F8B40070BD8F
S21402DD80000002B8B2E60E0065CD1D001C2700207A
S21402DD90003F00B07011010040420F002DE9F0472D
S21402DDA0064608469846FFF785FF1546074616B309
S21402DDB008F0020918F004081FD1B9F1000F1AD0B2
S21402DDC04FF47A7073685843002B40F08680FFF752
S21402DDD08FFF28637369002B00F085804FF47A72F8
S21402DDE0B86802FB0300A0F5FA50FFF781FFE8626D
S21402DDF0B8F1000F53D1BDE8F0873069002863D030
S21402DE004FF47A735843BB68A0F57A60C01AFFF7DE
S21402DE106FFFA862B08B002859D04FF47A7358432C
S21402DE20BB68A0F57A60C01AFFF762FFE861324B62
S21402DE30F468D3F800A0002C4CD04FF47A735C43FD
S21402DE40BB68A4F57A64E41A7B68E41A2B4BE117E4
S21402DE501A68A2FB044302FB013314F1807443F1F7
S21402DE600003640E44EAC314803C254B2C62D3F8AC
S21402DE70C430244C6B6223684BB150460CF090FEC3
S21402DE8028B12A4639462368DAF87C009847B069F2
S21402DE9000210DF002F86863B9F1000F90D1B06866
S21402DEA020BB47F23050FFF723FF68614FF47A70C9
S21402DEB03368584323B13B6803F51C5310331844A8
S21402DEC0FFF716FFA86196E749F640409FE749F636
S21402DED04040A9E749F64044B8E73B6803F51C53BF
S21402DEE01033184473E747F230507EE74FF47A73E4
S21402DEF05843A0F5FA50D6E7182400201C27002025
S21402DF00003F00B01827002008B9FFF7E1BE03481B
S21402DF1081420CBF2F20BC20704700BF48E801009A
S21402DF2010B508461C460CF005FF094B0246D3F80E
S21402DF30FC00FFF7BFFE4368A018002B054AA8BFE7
S21402DF404FF4FA721A44044B92FBF3F2104410BDDB
S21402DF50004F00B00CFEFFFF18FCFFFF70B588B044
S21402DF606D46124C0FCC0FC594E80F0085E80F00E3
S21402DF70B02200210E480DF0EBF8202200210D48B9
S21402DF800DF0E6F8D82200210B480DF0E1F80CF06F
S21402DF9083FF0A4B1B783BB16D46044E0FCD0FC66E
S21402DFA095E80F0084E80F0008B070BDE03F00B0AF
S21402DFB0503F00B0E04F00B0783E00B0452A002047
S21402DFC00A4B197801F0FF0229B10021197008499D
S21402DFD09202C1F80421597801F0FF0229B100210A
S21402DFE059709302024AC2F808317047562A002036
S21402DFF0005000B8064BD3F8EC0E064B5B6C1A01C9
S21402E00003D4054B9B6E1B0401D500F58070704748
S21402E010003000B0000002B8004000B808B503F0B7
S21402E02089F90E4B1A78A2B90D4A126812F4843F87
S21402E0300FD10C4A1021D1641B7863B9084B1B68B8
S21402E040DB0508D4074B2022DA64BDE8084003F05B
S21402E05075B9054AEEE7044BF5E700BF5A2A0020D9
S21402E060C0110020002002B8001002B810B503F05C
S21402E07061F90E2104460320FEF706FE40F2012255
S21402E080034B2046BDE81040DA6203F057B900BFE2
S21402E090004000B80022044B1A70044B197811B1E4
S21402E0A01A70FFF7BBBF7047592A00205A2A002071
S21402E0B008B503F03FF94FF00042264BC3F8802024
S21402E0C0BFF34F8FBFF36F8F0122C3F88420BFF3D5
S21402E0D04F8FBFF36F8F0222C3F88420BFF34F8F98
S21402E0E0BFF36F8F0422C3F88420BFF34F8FBFF3B2
S21402E0F06F8F0822C3F88420BFF34F8FBFF36F8F52
S21402E1004FF00052C3F88020BFF34F8FBFF36F8FDC
S21402E1101022C3F88420BFF34F8FBFF36F8F2022E5
S21402E120C3F88420BFF34F8FBFF36F8F4022C3F82C
S21402E1308420BFF34F8FBFF36F8F4FF48062C3F814
S21402E1408420BFF34F8FBFF36F8FBDE8084003F004
S21402E150F5B800BF00E100E008B503F0EBF84FF0B9
S21402E16000420A4B1A6001225A6004225A600822B0
S21402E1705A604FF000521A6010225A6020225A60EB
S21402E18040225A60BDE8084003F0D8B800E100E03B
S21402E190012370B5074C2370074B1E68074B3240AD
S21402E1A0D3E9005319402840FBF7EEFC0023237006
S21402E1B070BD00BF582A002024270020C01100206E
S21402E1C02DE9F047DDF820A003EA0108099B064680
S21402E1D00D4602EA000703EA0A09BAF1000F40F008
S21402E1E05C81031F0B4300F01C81052871F10003BC
S21402E1F080F0F28050EA010300F07281431E0B4366
S21402E20000F03281FFF754FFB64AD2E9004323EA10
S21402E210050324EA06043C4343EA0807B24BC2E974
S21402E22000471E6826EA0A0646EA09061E60FFF747
S21402E230F5FE14F02A4F14BF48F202034FF40043CF
S21402E240AA4AB007D26EAA4848BF43F4005383EAEC
S21402E250020122EA0302C266A64A0B408166D36620
S21402E260C4F380421203210348BF42F48072E306DD
S21402E27048BF42F40052A04BA50648BF42F40072C3
S21402E2806006D3F80C3248BF42F48062210648BFCB
S21402E29042F40062994882EA030123EA0203C0F8C4
S21402E2A00C32974B0A40C0F80812C3F80C22BA0583
S21402E2B007F4007300F11081924A1D46D2F8A410AA
S21402E2C002F50052C2F8A410C2F8A0104FF0502275
S21402E2D0C2F8A4308C4ADFF86C8282F88830E304F5
S21402E2E048BF45F48035A00348BF45F48015A10712
S21402E2F048BF45F4001514F4001F06D0D8F80000F5
S21402E3000CF0F2FD08B945F40025E20248BF45F4D8
S21402E3100035FB067D4B48BF45F480051A6A7C49EA
S21402E32085EA020323F001031A400A621D40CB610C
S21402E330784B16F0010F1D62774B784A18BF1A46C3
S21402E340774B7D071B6F48BF42F00062754882EA32
S21402E350030123EA02030367734B0A4041661A6706
S21402E360724A04F00103916CA0F5803081EA030240
S21402E37021EA0301816442641A406D4B20029A64CA
S21402E380D8F8002048BF6B4B92F81D2158BF6A4B45
S21402E390610748BF43F4806322B114F4C06F18BF0C
S21402E3A043F4807332074FF03A42BDE8F047D2F8A2
S21402E3B0181148BF43F0004383EA010222F4A02268
S21402E3C05E481140C0F818111340C0F814215C4A88
S21402E3D0C2F81831FFF7C0BEA0F580630B4306D023
S21402E3E020F48063A3F500730B437FF40BAF02F0B7
S21402E3F0A1FF3C49D1E9003223EA060322EA0502DC
S21402E40042EA08023B43C1E900324E4A126892F8D9
S21402E4101D114A4A09B313F4C06F1ED04FF480731D
S21402E42011E002F087FF2F4AD2E9003123F00403FD
S21402E4303B4341EA080157EA0807C2E900314FF4B4
S21402E44080633E4A0BD0C2F81431A2F58052C2F85D
S21402E4501831BDE8F04702F071BF4FF48073C2F87E
S21402E4601831C2F81431F4E702F064FF1D4AD2E90B
S21402E470003123F001033B4341EA0801C2E90031BF
S21402E4800123314A57EA08071BBF5364A2F580529C
S21402E4909364936408BF5364DBE750EA01037FF496
S21402E4A0B1AEBAF1010F7FF4ADAE02F043FF0E4AF1
S21402E4B0136823F0010343EA090313604FF48063F1
S21402E4C0184AB9F1000F04D05366A2F580521367BA
S21402E4D0BFE713675366BCE701234FF48025F9E6CE
S21402E4E0BDE8F087C011002024270020004000B8B5
S21402E4F0006000B8005000B8004001B8006001B8E3
S21402E500005001B800400050003F00B0000002B8C2
S21402E510002002B8001002B8041C0003041800030E
S21402E52000C001B800E001B800D001B800C000B8D1
S21402E53000D000B80D0A0A09090A0A09002000BA22
S21402E540001000BA1824002000E000B8024B5868F9
S21402E550C0F3C000704700BFC0110020024B18680D
S21402E56000F00100704700BFC0110020024B58683F
S21402E570C0F3C030704700BFC011002010B504467B
S21402E580FEF7CEF9FFF794FD04F18000FDF790F94F
S21402E590FEF75CF9FDF752FEFDF7BEFEFFF7BCFB89
S21402E5A013490723134AD1F8FC1004F1D800FFF7E9
S21402E5B0F5FB4FF080710020FEF70EF84FF0007268
S21402E5C00D4B4FF400110120C3F80021FEF704F8AA
S21402E5D0FEF73EFC20B940F2E7221421FAF75AFE73
S21402E5E00CF058FCBDE810400120FDF71DBD00BF31
S21402E5F0004F00B0A43F00B000D001B88022074B05
S21402E6001A64082203F580531A64054AD2F8C43EF7
S21402E61023F02003C2F8C43E704700BF001002B8C1
S21402E620003000B008B502F085FEFFF7E7FF0122D2
S21402E630024B1A61BDE8084002F080BE000002B834
S21402E640F0B583B014460646FFF70CFBFCF776FCE3
S21402E650002800F09780524B5D6915F0060540F0E1
S21402E660918002F067FE23790746022B00953ED181
S21402E670237B022B35D00320FDF7A4FF18B9494BA4
S21402E680DB685B047BD5A37B257B003B18BF01239D
S21402E690A2684549012D01920B705ED00023434AC1
S21402E6A0434C13702278002A62D10420FDF766FEDE
S21402E6B004203B4E2A46736F0DEB000123F0F853FD
S21402E6C023F4F81343F0506343F480337367022352
S21402E6D0FDF772FE00285CD001213022354B2170F6
S21402E6E0DA64384602F02AFE002003B0F0BD0320AA
S21402E6F0FDF768FF002842D12279D6F8E030012AD9
S21402E700226839D0D51A0021254B2B4A00955A6724
S21402E7109967637B294A8B4214BF0B460123137009
S21402E720274B274AD3F8C43E4FF003000CBF43F0F2
S21402E730200323F02003C2F8C43EFDF71FFE184B49
S21402E740204A03205A67694601232279FDF734FEE0
S21402E750D0B101221C4B1A708AE72379022B9DD076
S21402E760009BD6F8E01000250B441344019395E76E
S21402E7702370FFF753FC98E79A42C4D3C2E73846A1
S21402E78002F0DCFD0320B0E7384602F0D7FD012098
S21402E790ABE70320FDF7F2FD074B38467367EFE75A
S21402E7A000C001B8000002B85C2A0020592A0020E6
S21402E7B05A2A0020001002B8000001015B2A00203D
S21402E7C0003000B0010C01005D2A00202DE9F34163
S21402E7D000240D46074602F0ADFD1B4BDFF87480A1
S21402E7E01C70FFF70BFF194B0646C8F87430C8F8C2
S21402E7F078406879431E58425841FCF741F840F683
S21402E8000143C8F878302A792968012AD7F8E8300F
S21402E81001D1994200D3CC1A042303200DEB030145
S21402E8200194FDF7C9FD48B98822094B30461A649F
S21402E83002F084FD012002B0BDE8F081304602F00D
S21402E8407DFD0020F7E700BF5D2A002000000101E1
S21402E850002002B800C001B8F8B5194C0546207869
S21402E86040F20642B0FA80F03E214009FAF712FD65
S21402E87055B9607840F20642BDE8F840B0FA80F03A
S21402E8803E214009FAF706BD4FF440660D4F0E4D85
S21402E890D7F8043140F20642C3F381232370C5F849
S21402E8A0046160783E21B0FA80F04009FAF7F2FC83
S21402E8B0D7F80831C3F381236370C5F80861F8BD41
S21402E8C0562A0020004000B8006000B8F8B5084C90
S21402E8D0084D236C0423084F2B64236C5B0300D47F
S21402E8E0F8BD042602203E640CF033FA2E64F4E7E8
S21402E8F0000002B8001002B8002002B8A82238B5FC
S21402E9001A4B1D6C03F500531A6410229A60A3F585
S21402E910804302F100521A675A66FFF751FB144B06
S21402E9201B7813B90320FDF729FD0024114B9C67C1
S21402E930FFF7CCFF104A114BD2F8EC1E0B40C2F880
S21402E940EC3E04220E4B1A640E4BAA06C3F8CC40C9
S21402E95008D503F580739B6FB3F5817F22BF8022B3
S21402E960024B1A61BDE83840FCF7A0B9000002B8B5
S21402E9705D2A002000C001B8003000B0DF0000FFB2
S21402E980002002B8003E00B010B528B979B94FF49D
S21402E990C062154BDA6210BD49B9144BDB681B0E18
S21402E9A013F00E0FF3D1124B1B6CD907EFD4FFF7FF
S21402E9B05DFB0E4C0020FEF70FFA032801D0092853
S21402E9C005D1A36ADA07F5D4636CDB03F2D4FFF74A
S21402E9D07DFF0122074B5A6102229A62042203F546
S21402E9E080531A64D3E700BF006001B8000002B883
S21402E9F000C002B8001002B808B503210920FEF7CD
S21402EA0043F92022014B1A6108BD00BF000002B87C
S21402EA100D4A10B5D2F8A030D2F8A4100B40B3F1CC
S21402EA20804F0CD34FF040400849094CC1F8A4006F
S21402EA30D467C1F8A0004FF48021064AD161034A88
S21402EA40C2F8A03010BD00BF004000500060005069
S21402EA500000FF01001002B838B5054602F06AFC55
S21402EA600446FCF7DFFE35B1FFF714FB2046BDE88F
S21402EA70384002F063BC084B1B78002BF6D0074BDD
S21402EA801D78002DF2D1FFF705FB2A464FF4804091
S21402EA900021FFF77DFBE9E7592A0020582A0020CB
S21402EAA02DE9F84F5A4B06460D4614461B6C002AB3
S21402EAB040F0AB8013F0A00F14BF4FF001094FF0E7
S21402EAC00009FCF7F3F8A0234FF0000ADFF85C8198
S21402EAD00320C8F84030FDF751FC0420FDF74EFC39
S21402EAE04C4FFFF7D7FA4C4B4FF0040B7B67C7F837
S21402EAF078A0FFF7EBFE494B4FF48071D3F8C42E93
S21402EB0042F02002C3F8C42EFF22C8F80820404A6A
S21402EB101161D3F8EC2E42491140C3F8EC1EC8F836
S21402EB2040B0C3F8CCAE7B6913F0060F04D0FDF7F5
S21402EB3091FD5846FDF722FCB9F1000F08D04FF4BC
S21402EB400062384B1A644FF40042A3F5E0339A662B
S21402EB5066B1354BDB6C180701D4FFF787FAFFF76F
S21402EB604BFF0420FDF70AFCFFF72AFA284B5A69E6
S21402EB70D10748D5DA6812F0706FFBD12B4B2C4ABE
S21402EB801A642C4A936E23F0F003936615B120465E
S21402EB90FFF762FF284BD3F84C315A1C01D05B00BA
S21402EBA002D50122214B5A616CB31F4BDA6E03F574
S21402EBB000539A6603F5D0331B6A1C4A23F00103FE
S21402EBC0D3611E4BD3F80C1203F50053C3F8081298
S21402EBD003F50053D3F8841003F5005399674FF0FA
S21402EBE03A43D3F8181103F50053C3F81411144B23
S21402EBF0996C03F500535964124903F5803359663C
S21402EC004FF608431364BDE8F88F4FF0000958E743
S21402EC10000002B800C001B800000101003000B0D8
S21402EC20DF0000FF001002B8004000B8002002B863
S21402EC3010003000003F00B00080E00F004001B836
S21402EC4000C000B85000002F9D4B2DE9F04F9F6E7C
S21402EC50DB6E85B01F409B4B9F664FF03A43D3F85E
S21402EC601451D3F818311D40974BC3F81451974BE3
S21402EC70D3F80822D3F80C3202EA0309944BC3F8FD
S21402EC80089203F52043DA691B6A02EA0308914BED
S21402EC90914A08EA0303D361904BD3F80422D206C2
S21402ECA005D4D3F80431C3F30016DB0652D502F0BE
S21402ECB041FB8B4B5A695E6E1B6F12F0060F06EA1B
S21402ECC00306884A26F0007314BF4FF0010A4FF07D
S21402ECD0000A23F400637407536606D5824A92F844
S21402ECE08D300133DBB282F88D3002F027FB002F25
S21402ECF000F0E38017F4004300F0D48002F01AFB21
S21402ED000146FFF777F90446DFF8D4B1DBF8202096
S21402ED10DBF820309A42FBD0DBF820209342FBD06F
S21402ED20FFF768F9A04217D1084602F007FB6F4BBF
S21402ED301C606F4BD3F840B01BF4E0520ED124F0A7
S21402ED407F4424F0DF040CB9FFF7D8FD4FF0807B38
S21402ED50002414E0B246CAE70446D7E70192FFF75A
S21402ED60CDFD5D4B019A1BF480541A6440F09C80E2
S21402ED701BF4806F0CBF4FF0805B4FF0806BB807C0
S21402ED8015D55B4A5448126C02F4604101640029AE
S21402ED9000F08D80110400F18D8012F4005F0CBF2C
S21402EDA04FF000524FF0006200244BEA020BC7F30A
S21402EDB040377F004F4A2A40002A4BD015F4206F76
S21402EDC00AD040F6050206210020FAF763FA002070
S21402EDD0FFF742FE25F48025EB0506D5FF213E4AC5
S21402EDE04BF4C06B9160FFF741F915F0090F0BD099
S21402EDF040F61A0208210020FAF74CFAFFF7FCFD4B
S21402EE004FF03A420121516315F0106F0CD040F6D4
S21402EE10230209210020FAF73DFAFFF7EDFD002252
S21402EE2011461046FCF7D2FC15F4202F0AD040F605
S21402EE302B0207210020FAF72DFA0020FFF70CFE1E
S21402EE4025F48025E80301D5FCF72CFE002DB8BF7B
S21402EE5047F0080769070ED54FF03A42126B12F4D4
S21402EE60005F4FF4005217BF174923490A634BF459
S21402EE70000B08BF0A636A0548BF4BF0040B15F483
S21402EE808023019300F0A180FCF7CAFD0138062812
S21402EE9034D8DFE810F017011A0117011D0120010E
S21402EEA0230123019B4653E74FF0804B50E74FF078
S21402EEB0007279E74FF0004276E7BB463C4679E7B8
S21402EEC0004000B8006000B8002000BA004001B858
S21402EED0006001B80000F7FF002002B800E100E081
S21402EEE000C001B800E001B8003E00B020270020B4
S21402EEF0000002B8090B0B89001000BA40F65C024B
S21402EF0003210020FAF7C6F94FF03A400121D0F863
S21402EF108C20D0F8AC3002F00702063201FA02F278
S21402EF20C3F30C0CA2EB0C0292B2072A12D9754A52
S21402EF30126C53020ED4744BC26CC06E5B6D5BB126
S21402EF4002F0070206329140C0F30C00091A89B299
S21402EF50072901D84BF4007B6C4A1278002A34D079
S21402EF604FF03A42D2F8142112F4A02F2DD1684A5B
S21402EF70684912789AB9F20411D40A787AB14FEA3B
S21402EF80DB02654842EA447282F00102D0F8EC0ED7
S21402EF9002F00102520020FA02F2930715D1042071
S21402EFA0FDF7ECF95D4A5E485067FFF773F859497A
S21402EFB00A7832B95B4A5C4912680BEA02020A42D4
S21402EFC001D14BF4804B26F48056B9F1000F1DD0C8
S21402EFD019F4805F18BF4BF4802B19F4807F18BF9A
S21402EFE04BF4002B19F4005F18BF4BF0100B19F40A
S21402EFF0007F18BF4BF0200B19F4806F18BF4BF040
S21402F000400B19F4006F18BF4BF0800BB8F1000FDD
S21402F0103AD018F4802F18BF44F4007418F4803FD6
S21402F02018BF4BF4805B18F4801F18BF4BF4003BEC
S21402F03018F4001F18BF4BF0020B18F4003F18BF5D
S21402F0404BF4801B18F4800F18BF44F0100418F419
S21402F050002F19D0304AD2F8C42E12F0C00F13D0A7
S21402F0602849CA68C2F30362032A01D0072A05D1D7
S21402F0704A6CD00602D48A6C110732D54FF40021AE
S21402F0802A4A28F40028D161002E00F015813205A4
S21402F09040F187802648DFF88490C2782549002A06
S21402F0A04ED04FF40063013AD2B24B66C27032B908
S21402F0B0214A1278C2B140F60141204A5167002225
S21402F0C000216BE04BF4803B1EE74BF4006B1BE722
S21402F0D04BF4806B18E74BF4807B15E74BF0080B7C
S21402F0E012E74BF4001BCFE7D9F8782012F4A05FA2
S21402F0F015BF4FF4807240F60142C9F85820C9F88D
S21402F1007820DCE7000002B8004000B85A2A002047
S21402F110592A00205B2A0020003000B000C001B847
S21402F12000000101C0110020088D0100002002B875
S21402F1304A2A002000E001B85D2A002000D001B86B
S21402F1400320FDF71BF9D9F81420A34B12F0060F83
S21402F15004BF41F61F72A149A14808BF4A674FF48F
S21402F16000619E4A5166D9F8142012F0060208BFC2
S21402F170C9F87820B3F88E2012F400615DD022F42C
S21402F1800062A3F88E20027802F0FF09002A58D106
S21402F190FDF760FAFFF7B2FB4A4620214BEA020B64
S21402F1A00C43B30009D52E20FDF724F84FF000518A
S21402F1B08A4A44F0080411675166F00606D52B20E9
S21402F1C0FDF718F81021854A1167516616F0306F60
S21402F1D005D1F1045DD5BAF1000F00F0A780320127
S21402F1E011D52920FDF706F8FFF7B0F948B17D4A98
S21402F1F07D487A494A66026700F54050C068430473
S21402F20022D444F0040416F0007A28D00420FDF735
S21402F210B5F82720FCF7EEFFFFF770FB4FF0007102
S21402F2206E4A5166714AD2F8EC1E490678D4704A84
S21402F2300221916044F0020428E002784FF4005262
S21402F240ACE74FF400423BE70A6720204A66FCF729
S21402F250D1FF2D2044F00C04FCF7CCFFD3E716F0C8
S21402F260807FDFF8909146D00420FDF787F82820AB
S21402F270FCF7C0FFD9F87820002A39D1FFF73EFB09
S21402F280564A584944F00104116751660021594A0A
S21402F2909165320405D5584A126890474BEA000B2E
S21402F2A00C43730508D555498A78002A00F08E80EB
S21402F2B0013A8A70002217433A4658462146FEF71C
S21402F2C067FF019B0BB1FCF7DFFB01224C4B05F0FD
S21402F2D00435C3F814514B4B18F4002FC3F884219D
S21402F2E01EBF4FF40022424BDA6105B0BDE8F08F34
S21402F2F0C9F878A0C4E7F004C8D50420FDF73EF8A4
S21402F300414AC9F87420FDF7A5F9D9F8642012F02D
S21402F310407FBBD12A20FCF76DFFFFF7EFFA81E7AB
S21402F320D2F8C42E930685D4384A81E733490A793F
S21402F33052B1013AD2B20A7112B92B4A3449516714
S21402F34000224BEA020BA4E70420FDF717F803207D
S21402F350FDF714F8274A2C49516701F0EBFF814666
S21402F3600DF10F00FDF738FD2A4A824612780AB1DF
S21402F370FEF77CFEBAF1030F0ED1DFF8A0A0002044
S21402F380FDF72AFD032807D1DAF82820D007F6D49D
S21402F390DAF84420D103F2D49DF80F20032A06D1CE
S21402F3A001211D4A4846117001F0C8FFC8E74FF018
S21402F3B03A42D2F8142112F4A02FF1D1FEF76AFED7
S21402F3C0484601F0BBFF4FF48042BAE70220FCF742
S21402F3D0D5FF01226FE700BF003E00B000E001B893
S21402F3E05D2A00201000002000D001B8003000B0D6
S21402F3F0002002B800C001B8E80B00204A2A00200C
S21402F400002000BA00E100E000000101001002B88E
S21402F4100000010D5C2A0020592A0020000002B8D4
S21402F4200122024B1A62DA61704700BF002002B85E
S21402F430074A08B5D369116A0B40064998B2DB073A
S21402F440C86104D5D068C0F30360FFF7E9FF08BDC2
S21402F450000002B8002002B80C4A08B5536C926C41
S21402F46013400B4A5364DB070FD50A4B4FF42A624C
S21402F4701878122100F00100F9F70CFFBDE80840E9
S21402F480002201200021FEF783BE08BD00C000B89E
S21402F49000E000B8C0110020184B70B51C6C5A6C06
S21402F4A01440174A24F002011164E10705D540F61C
S21402F4B0E72200201968F9F7EDFEA2071CD5022202
S21402F4C00F4B1A64A3F500535B68DBB2A3B9FDF7D2
S21402F4D08FF804460D460B4ED6F8F433DB060BD5F2
S21402F4E0FDF786F802460B4620462946FCF734FF0F
S21402F4F0652871F10001EFD370BD00BF008002B82D
S21402F50000A002B8000002B870B580260A4C0B4D67
S21402F510D4F88430DB070AD4A36FD4F884201340CF
S21402F520074A936770BDFFF7B7FFC5F88461D5F841
S21402F53004311A06F7D4EBE7008001B800E100E0D8
S21402F54000A001B870B514460D4601F0F3FE064B56
S21402F550D3F8C46E74402C407440C3F8C44E01F015
S21402F560EDFE06EA050070BD003000B0034BD3F88E
S21402F570C43E99430CBF012000207047003000B003
S21402F5801E4BD3F8C43E13F001001ED01C4B93F85A
S21402F59048001C4A40F08073C2F8CC304FF4801307
S21402F5A01949C1F8B430A1F58051C1F8B830D2F883
S21402F5B00C31DBB2FF2B1FD0984294BF00200120F3
S21402F5C040F6D3323C21F9F765BE1A06E1D40F4A5B
S21402F5D092F8471121B1DB0602D592F84401D8E72A
S21402F5E04FF480120020084B0649C3F8B820C1F831
S21402F5F0CC00C3F8B42070470120E1E7003000B029
S21402F600003F00B0004000B8006000B8003E00B006
S21402F61053B94AB9002908BF00281CBF4FF0FF3172
S21402F6204FF0FF3000F082B9ADF1080C6DE904CE60
S21402F63000F006F8DDF804E0DDE9022304B07047C6
S21402F6402DE9F04F099D0C46002B4DD18A420F46FC
S21402F65084469646B2FA82F360D94BB102FA03FEAA
S21402F660C3F120029F4000FA03FC20FA02F217437D
S21402F6704FEA1E461FFA8EF44FEA1C42B7FBF6F11B
S21402F68006FB117701FB04F042EA0742904208D9D2
S21402F6901EEB020201F1FF3702D2904200F23181E4
S21402F6A03946121A1FFA8CFCB2FBF6F006FB102241
S21402F6B000FB04F44CEA024C644508D91EEB0C0C21
S21402F6C000F1FF3202D2644500F21E81104640EA83
S21402F6D00140ACEB040C002125B12CFA03F3002206
S21402F6E0C5E90032BDE8F08F8B4205D90DB1C5E9F8
S21402F6F0000100210846F5E7B3FA83F100294DD14F
S21402F700A342C0F0F380904280F0F0800646234683
S21402F7100846002DE6D0C5E90063E3E7002B40F07B
S21402F720A3808A1A4FEA1E471FFA8EF60121B2FB01
S21402F730F7F407FB14204FEA1C4242EA004206FB9B
S21402F74004F090420FD91EEB020204F1FF382CBFE0
S21402F7504FF001094FF00009904203D9B9F1000FAA
S21402F76000F0CC804446121A1FFA8CFCB2FBF7F06B
S21402F77007FB102200FB06F64CEA024C664508D947
S21402F7801EEB0C0C00F1FF3202D2664500F2B3808B
S21402F7901046ACEB060C40EA04409DE7C1F1200699
S21402F7A08B4004FA01FE22FA06F720FA06FCF44021
S21402F7B08A401F434EEA0C0300FA01FE4FEA17483E
S21402F7C04FEA13491FFA87FCB4FBF8F008FB104413
S21402F7D049EA044400FB0CF9A1450ED93C1900F194
S21402F7E0FF3A2CBF4FF0010B4FF0000BA14503D997
S21402F7F0BBF1000F00F08B805046A4EB09041FFA01
S21402F80083F9B4FBF8F308FB134403FB0CFC49EA48
S21402F8100444A44506D93C1903F1FF3801D2A44595
S21402F8207BD8434643EA0040A4EB0C04A0FB0298B4
S21402F8304445CC46434602D306D1CE4504D20138CF
S21402F840B9EB020C68EB0703002D6CD0BEEB0C0282
S21402F85064EB030422FA01F304FA06F6CC40002114
S21402F8601E43C5E900643DE702FA03FEC3F1200128
S21402F87004FA03F200FA03FCCC404FEA1E4720FAD1
S21402F88001F11FFA8EF6B4FBF7F00A4307FB1044A9
S21402F890110C41EA044100FB06F48C420ED91EEB21
S21402F8A0010100F1FF382CBF4FF001094FF00009AB
S21402F8B08C4202D9B9F1000F2CD04046091B92B2F5
S21402F8C0B1FBF7F407FB141142EA014204FB06F10E
S21402F8D0914207D91EEB020204F1FF3801D291428F
S21402F8E01ED84446521A44EA004120E7861A64EBC0
S21402F8F0030301200DE7F44402384AE7023C72444F
S21402F90031E702397244CCE6F4440238DFE60238C4
S21402F9103C4472E702387144D0E7023B3C4481E73C
S21402F920023C7244DEE72946DCE600BF704700BFB1
S21402F930024B0A46014618680BF0D8BA180C00208B
S21402F94008B5064B044613B10021AFF30080044B02
S21402F9501B6803B19847204602F0CEFA000000006A
S21402F96068280020024B0146186800F02DB800BF38
S21402F970180C0020024B0146186800F0F5BA00BFCA
S21402F980180C002070B50F4E0C460546316811B9AA
S21402F99000F0A4FA30602146284600F09FFA431C85
S21402F9A003D14FF0FF34204670BDC41C24F003047C
S21402F9B0A042F8D0211A284600F090FA0130F2D17F
S21402F9C0EFE700BF282700202DE9F041CD1C0646B0
S21402F9D025F0030508350C2D38BF0C25002D01DB5C
S21402F9E0A94204D90C2333600020BDE8F081314FD0
S21402F9F000F062F83B681C4644BB29463046FFF7D7
S21402FA00C1FF431C044650D13C682146002941D11F
S21402FA10002C44D02368304604EB030800F05EFA5C
S21402FA2080453CD1216830466D1A2946FFF7AAFF69
S21402FA30013034D023682B4423603B68002B36D039
S21402FA405A68A24229D100225A600EE02268521B4E
S21402FA501DD40B2A16D96119A342256018BF596016
S21402FA60636808BF396062514B60304600F02AF87E
S21402FA7004F10B00231D20F00700C21AB5D01B1A92
S21402FA80A350B2E7A3426268DED13A60EDE72346AE
S21402FA906468B1E70C464968B8E71346CEE70C231C
S21402FAA03046336000F00EF89EE70560DDE75B60E7
S21402FAB0FFDE00BF2C27002001480BF052BB00BF20
S21402FAC05E2A002001480BF04DBB00BF5E2A0020D4
S21402FAD0002310B504468360818119464366C281BD
S21402FAE008228361C0E90033C0E904335C300BF0BE
S21402FAF02FFB0D4B246263620C4BA3620C4BE3623A
S21402FB000C4B23630C4B9C4206D003F168029442D2
S21402FB1002D0D0339C4205D104F15800BDE8104013
S21402FB200BF01EBB10BD00BFFBAF03001DB00300F1
S21402FB3055B0030079B0030030270020024A03497B
S21402FB4003480BF0E7B900BF0C0C0020BDB303005E
S21402FB501C0C002041680C4B994210B5044601D09B
S21402FB600BF02CFCA168094B994202D020460BF000
S21402FB7025FCE168064B994204D02046BDE81040B9
S21402FB800BF01CBC10BD00BF3027002098270020B9
S21402FB900028002010B50B4B04210B4C0B4A2046C4
S21402FBA01A600022FFF794FF04F16800012209217F
S21402FBB0FFF78EFF04F1D00002221221BDE81040AA
S21402FBC0FFF786BF68280020302700203DFB020092
S21402FBD001480BF0C6BA00BF5F2A002001480BF0AE
S21402FBE0C1BA00BF5F2A002010B50446FFF7F0FF37
S21402FBF0236A1BB1BDE81040FFF7F0BF044B236237
S21402FC00044B1B68002BF5D1FFF7C4FFF2E700BFD9
S21402FC1055FB0200682800200FB407B5064904AB5E
S21402FC20086853F8042B8168019300F0E7F903B0E3
S21402FC305DF804EB04B07047180C0020024B014636
S21402FC4018680BF085B900BF180C00202DE9F743A1
S21402FC501D46574B04460E461F68904627B13B6A20
S21402FC6013B93846FFF7C0FFB8F1020F06D0B8F155
S21402FC70010F00F29980002DC0F29680636ED907BC
S21402FC8005D4A3899A0502D4A06D0BF06AFA214620
S21402FC9038460BF093FB616B41B104F14403994281
S21402FCA002D0384600F060F9002363630023A361A4
S21402FCB06360A3891B0603D52169384600F054F910
S21402FCC0A389B8F1020F23F44A6323F00303A38146
S21402FCD060D001AB6A46214638460BF097FBA389F3
S21402FCE01843A0812DBB009D2846FFF73BFE064623
S21402FCF0002851D1DDF80090A9453FD14FF0FF35DD
S21402FD00B4F90C3043F00202A2810022A26004F190
S21402FD1047022260226101226261626ED60704D423
S21402FD20980502D4A06D0BF01DFA284603B0BDE874
S21402FD30F083002ED8D03B6A13B93846FFF754FF3B
S21402FD40B8F1010F266002BFA38943F00103A38125
S21402FD50B4F90C3013F00802C4E904651ED0D907C2
S21402FD6045BF00226D42A560A26048BFA561626ED3
S21402FD70D20701D49B0513D50025D6E74846FFF7E0
S21402FD80F1FD06460028B9D0A3894D4643F080030C
S21402FD90A381D0E70025B3E7A946F5E7A260E6E728
S21402FDA0A06D0BF0DFF9E7E74FF0FF35BDE700BFC8
S21402FDB0180C00200B46034902460868816800F0CA
S21402FDC01DB900BF180C002038B5294B05460C4655
S21402FDD0186818B1036A0BB9FFF706FFB4F90C30BE
S21402FDE0190722D4DA0607D409222A6043F0400310
S21402FDF04FF0FF30A38133E0580712D5616B41B153
S21402FE0004F14403994202D0284600F0ADF80023DC
S21402FE106363A38923F02403A38100236360236919
S21402FE202360A38943F00803A38123694BB9A389FE
S21402FE3003F42073B3F5007F03D0214628460BF067
S21402FE400AFBB4F90C3013F001020AD00022A260B9
S21402FE5062695242A261226942B913F08000C5D19A
S21402FE6038BD990758BF6269A260F4E70020F7E739
S21402FE70180C002038B50023054D044608462B60B2
S21402FE8002F038F8431C02D12B6803B1236038BD58
S21402FE906C28002038B50446064D08461146002256
S21402FEA02A601A4602F030F8431C02D12B6803B1CE
S21402FEB0236038BD6C28002038B50446064D084637
S21402FEC0114600222A601A4602F020F8431C02D18C
S21402FED02B6803B1236038BD6C28002038B5002398
S21402FEE0054D044608462B60E3F746F9431C02D14B
S21402FEF02B6803B1236038BD6C28002038B5044651
S21402FF00064D0846114600222A601A4602F00CF8F0
S21402FF10431C02D12B6803B1236038BD6C28002035
S21402FF2070B50D4D00260D4C641BA410A64209D1D7
S21402FF300B4D00260B4C0CF003F8641BA410A642D3
S21402FF4005D170BD55F8043B01369847EEE755F8E3
S21402FF50043B01369847F2E7EC0E0020EC0E002038
S21402FF60EC0E0020F00E002038B50546002941D0E0
S21402FF7051F8043C0C1F002BB8BFE418FFF79CFD99
S21402FF801D4A136833B9636014602846BDE83840DA
S21402FF90FFF798BDA34208D9206821188B4201BFFB
S21402FFA019685B6809182160EDE71A465B680BB1B1
S21402FFB0A342FAD911685018A0420BD12068014416
S21402FFC0501811608342E0D118685B680844536099
S21402FFD01060DAE702D90C232B60D6E720682118D6
S21402FFE08B4202BF19685B680918636008BF21600C
S21402FFF05460CAE738BD00BF2C2700202DE9F04F19
S2140300000D469DB014469846064618B1036A0BB9CA
S214030010FFF7EAFD6B6ED90705D4AB899A0502D4C0
S214030020A86D0BF09EF8AB891B0701D52B699BB90E
S21403003029463046FFF7C8FE70B16B6EDC0704D561
S2140300404FF0FF301DB0BDE8F08FAB899805F7D4AD
S214030050A86D0BF087F8F3E70023CDF80C804FF07C
S2140300600109DFF8B481099320238DF82930302362
S2140300708DF82A3023469A4613F8012B0AB1252A0F
S214030080F9D1BAEB040B0BD05B4622462946304621
S2140300900BF08DF8013000F0A780099A5A440992B4
S2140300A09AF80030002B00F09F8000234FF0FF32B9
S2140300B00AF1010A049307938DF853301A93CDE996
S2140300C0052354460522544814F8011B0BF0FFF988
S2140300D0049AD8B9D10644BF20238DF853301307AA
S2140300E044BF2B238DF853309AF800302A2B15D0B3
S2140300F0079A544600204FF00A0C214611F8013B9C
S214030100303B092B4BD9B0B1079214E0A0EB0803A0
S214030110A24609FA03F313430493D2E7039B191D7C
S2140301201B68002B0391BBBF5B4242F0020207939E
S2140301300793B8BF049223782E2B0AD163782A2B11
S21403014032D1039B02341A1D1B6843EAE3730392FE
S2140301500593DFF8D4A00322217850460BF0B7F9B5
S21403016038B1A0EB0A004022049B013482401343BB
S214030170049314F8011B062228488DF828100BF068
S214030180A6F900283FD0264B1BBB039B073323F05F
S214030190070308330393099B3B4409936AE70CFB65
S2140301A002320C460120A8E7002301344FF00A0C64
S2140301B019460593204610F8012B303A092A03D92D
S2140301C0002BC6D00591C4E70CFB0121044601238E
S2140301D0F0E703AB2A4604A930460093114BAFF36E
S2140301E000800746781CD6D16B6ED90705D4AB8939
S2140301F09A0502D4A86D0AF0B5FFAB895B063FF5F6
S2140302001FAF09981EE703AB2A4604A9304600939E
S214030210044B00F00BF8E4E7E20E0400EC0E0400D7
S21403022000000000AFB10300E80E04002DE9FF470D
S2140302300F7E914680460C46782F9A460C9E01F117
S214030240430207D8622F0AD8002F00F0DD80582F0C
S21403025000F0C38004F1420684F842703AE0A7F146
S2140302606303152BF6D801A151F823F0C50203004A
S214030270D90203005502030055020300550203008A
S21403028055020300D902030055020300550203007A
S2140302905502030055020300EF0303006703030040
S2140302A0A7030300550203005502030011040300CD
S2140302B055020300670303005502030055020300BB
S2140302C0AF03030033681A1D1B68326004F142064D
S2140302D084F842300123A8E031682368081D3060A3
S2140302E01E0601D50D6803E05D06FBD5B1F9005087
S2140302F0002D616878DA2D200029A16084F8430078
S2140303002DDA6D425D480A231646B5FBF3F103FB6F
S2140303101157C75D06F8017D2F460D46BB42F4D93B
S214030320082B0BD12368DF0708D523696168994238
S214030330DEBF302306F8013C06F1FF36921B22612E
S2140303404B4603AA21464046CDF800A00AF041FFDB
S21403035001306FD14FF0FF3004B0BDE8F08723F0D3
S21403036004032360CDE721683368080653F8045B6B
S21403037002D4490648BFADB26F2F33603F4814BF5F
S2140303800A230823002184F843106668002EA6601B
S214030390BADB216821F004012160002DB4D1002EC0
S2140303A0B2D11646BCE7236843F0200323607827C0
S2140303B03348236884F845701F06316851F8045B98
S2140303C002D45F0648BFADB23160D90744BF43F0DD
S2140303D0200323601DB11023D4E72848E9E72368E8
S2140303E023F020032360F6E724480A23CDE7336887
S2140303F02568181D616930602E061B6801D51960D3
S21403040002E06806FBD5198000231646236197E7AA
S214030410336800211A1D32601E68626830460BF08E
S21403042056F808B1801B606063682361002384F874
S214030430433085E72369324649464046D047013074
S21403044088D023689B0714D4E068039B9842B8BF00
S214030450184681E70123324649464046D0470130D5
S2140304603FF478AF0135E36803995B1AAB42F1DCDE
S214030470EAE7002504F11906F5E700BFF30E0400CA
S214030480040F040038B50023064D044608461146FB
S2140304902B6001F032FD431C02D12B6803B12360AD
S2140304A038BD00BF6C28002038B50023054D044630
S2140304B008462B6001F026FD431C02D12B6803B1CE
S2140304C0236038BD6C280020094A5168C84390FA57
S2140304D0A0F048B1B0FA80F0042805DC012383407D
S2140304E00B43536040B270474FF0FF30704700BF76
S2140304F0982800200021034B28220348C3E9001153
S2140305000AF026BE982800207028002038B5054635
S214030510FFF7DAFF04460448294600EBC4000BF055
S21403052043F8204638BD00BF70280020C3B2042B12
S21403053010B515D804230B4A03EBC003134453E842
S214030540002F0A4343E80024002CF8D10122064971
S214030550824051E8003F134341E800300028F8D1B9
S21403056010BD00BF7028002098280020F7B54FF074
S214030570040C01260827184A1849194D106800B3B9
S2140305800B7806FA03F420421DD0E04352E8004FEE
S214030590044042E8004EBEF1000FF7D117FB03C339
S2140305A02B4453E8000F43E800E4002CF9D10190F4
S2140305B048B1087801AA0B4905EBC0000BF030F8E8
S2140305C0012003B0F0BD0B78506883422EBF002392
S2140305D00133DBB20B70D1E798280020602A002095
S2140305E07028002078563412024B1868003818BF5B
S2140305F0012070479828002010B5044600F0A1FE9D
S214030600074B1B684BB1DB681B1B002BCCBF0024BE
S214030610012400F09CFE204610BD1C46F9E700BFEF
S214030620B028002038B54FF0FF34054600F089FEA9
S214030630084B1A681AB900F08AFE204638BDD2E97C
S21403064003310B445B1B23F000439C4228BF1C462C
S2140306505268EFE7B02800202DE9F84F0C9F0E46AE
S2140306601546994680469DF82CA008B103687BB9C9
S21403067037B129463046B84740F20340BDE8F88F05
S214030680002DF9D0002EF7DB284600F009FCF3E72F
S21403069000F057FE8346504600F0F0F904465846ED
S2140306A000F055FE8CB947B129463046B8470320BB
S2140306B0314600F0BBFB1A20E0E7002DF7D0002EF2
S2140306C0F5DB284600F0ECFBF1E7656100250A9BA5
S2140306D0C4F80080DFF87080C4E90797A66023613A
S2140306E084F818A0D8F800306560984709EB000630
S2140306F000F027FE07461248E6600268114631B14D
S214030700CB689B1B002B13DBCB689E4210D09DB996
S2140307100C4B626004601C682CB1D8F80030984714
S214030720FFF780FFA047384600F011FE0020A5E73C
S2140307304B680D461946E2E76B6863606C60F2E748
S214030740B0280020A0280020A82800202DE9F74F75
S21403075081460D4692461E4600F0F3FD4FF0000814
S214030760DFF874B00190DBF800402CB9019803B0B1
S214030770BDE8F04F00F0EBBD23684B451CD12DB10F
S214030780A3682A6823F00043934215D17EB96368B1
S214030790B8F1000F13D1CBF800300D4B1F6887B1AB
S2140307A00C4A12689047FFF73DFFB84709E05146E9
S2140307B06069B0470028EAD0A0466468D5E7C8F861
S2140307C00430676820460AF0A3FE3C46CDE700BF28
S2140307D0A0280020A8280020B0280020014B18607D
S2140307E0704700BFA028002070B50B4B04460E468A
S2140307F015461978094A0A480BF026FB0023094ACE
S21403080024211360084A07201660084A156022460A
S214030810BDE8704000F0B4B8792A0020150F040034
S214030820612A0020B0280020A8280020A428002041
S2140308307FB504461846002303930A4B0D461B68F0
S214030840164613B9212004B070BD03A998470028A3
S214030850F8D10090324629462046039B0AF093FEC1
S214030860F1E700BFA4280020F8B5054610200F4680
S214030870164600F0F7FA0A4B0446187818B1102209
S21403088021460BF0E4FA44B101230020E3602B6811
S214030890C4E9017623602C60F8BD1A20FCE700BF8C
S2140308A0612A00202DE9F843264FDFF8A880264D5D
S2140308B038603868FFF7A0FE30B9244B1B689847AA
S2140308C0BDE8F843FFF7AEBE00F03BFDD8F80040A6
S2140308D00646ECB16368C8F800301D4BD3F80090A9
S2140308E0B9F1000F0CD100F032FDA3682C6033F091
S2140308F0004311D128680AF00BFE00232B60D8E7CB
S214030900124B1B689847FFF78DFEC8473046EAE749
S21403091000F01DFD2C60CCE72368002BEAD0186896
S2140309200028E7D0A26832F00043E3D0D0E900699C
S214030930636921688068C8470028DBD1002ED9D0B8
S2140309403046EFE7B4280020AC280020A828002073
S214030950A0280020B028002038B504460D4600F035
S214030960F0FC064B1B683BB1DA6922601B692B60FF
S214030970BDE8384000F0EBBC2360F8E7AC28002065
S2140309802DE9F74F4FF6FC7700241646DFF88490E0
S2140309900331DFF884B009EB00150F404FEA001A65
S2140309A0DBF800306A80804629F80A7002FB07F0FD
S2140309B0EC60984717FB06F292B2034668602A81FA
S2140309C008B300921148124A9BF8041052F82820E4
S2140309D040440BF03AFA21462A8968680AF0B8FBC5
S2140309E0214623469E4206DC0020D144A9F8026035
S2140309F003B0BDE8F08F6A68E868541850500133B6
S214030A00EC603944EEE71A20F2E700BF622A0020C2
S214030A1014100400BC210020B828002070B50B4E2B
S214030A20044606EB0015696839B1094B2A89185C38
S214030A300BF00CFA686800F033FA06EB0410102289
S214030A40BDE8704000210AF083BB00BFBC21002034
S214030A50622A0020044B19601A7198600201002173
S214030A6002480AF075BB00BFB8280020BC2100204E
S214030A70014B185C704700BF622A002070B50A4C11
S214030A80060104EB0013DD68084B185C18B1294611
S214030A90A25B0BF0DCF92DB12B683444E36063886A
S214030AA0013B6380284670BDBC210020622A0020DB
S214030AB0024B03EB00139878704700BFBC2100205D
S214030AC0094B10B403EB00135A88DC6801320C6040
S214030AD0D9605A80054B185C18B15DF8044B0BF0CF
S214030AE0B7B95DF8044B7047BC210020622A00208A
S214030AF0044A010102EB0013505A10B11B89B3FBE1
S214030B00F0F07047BC21002038B50024154B164D75
S214030B101C70164B20461C60154B2C601C706C60BA
S214030B20AC60FFF7E5FF80B2A0F10E036B80A0F187
S214030B301403013068812046EB80FFF799FF0446D3
S214030B400C4D01460C4A28460BF07EF92146681EDA
S214030B500A4A0BF079F92146681C094ABDE8384071
S214030B600BF072B9772A002036290020DC280020F3
S214030B70762A0020742A002058100400611004000E
S214030B806B10040070B5044680B300F0DAFB63799B
S214030B9005466FF382036371237913F0100605D0BD
S214030BA010232371BDE8704000F0D1BB104903F059
S214030BB0030331F823203046013A21F82320214647
S214030BC0FFF77EFF0B4B0C4E1C681CB90A4B2846DE
S214030BD01C70E7E7237A1BB933781BB92468F4E75C
S214030BE0012BFBD1204663689847F7E770BD00BF2B
S214030BF036290020DC280020772A002010B504467A
S214030C0000F09FFB034B1A6822601C60BDE810408F
S214030C1000F09DBBDC28002010B5064B00F0E0007A
S214030C201A78541C1C70044B03F8320003EBC203FF
S214030C30596010BD762A0020C42800202DE9F04F05
S214030C400446460789B048BF00F0F70404920291B1
S214030C5000F077FB614F04F0030607EB860337F8D3
S214030C6026205B8881469A4204F0EF0A4FEA8608FC
S214030C7031D20020FFF702FF054640B337F826308F
S214030C804846013327F8263000F061FB28460AF071
S214030C904AFF029B029AAB71049B85F804A0134497
S214030CA0EB7100F04EFB07464D4B1C68002C40F0E2
S214030CB08C80384600F04BFB4A4B985D18B14522B2
S214030CC029460BF0C4F8284609B0BDE8F08F012288
S214030CD04846454B1A7000F03AFB25071DD51F2CD6
S214030CE01BD904F0E003039300F02BFB07EB080388
S214030CF05B8837F826804FF0000B98452CBF0023FF
S214030D000123DFF8EC90019300F021FB07EB860349
S214030D100593364B1B789B4508D384F00400514655
S214030D20C0F3800000F082F80025C5E799F800308C
S214030D30039A1A4204D0D9F80480D8F8003023B9AD
S214030D400BF1010B09F10809E3E707935A79D0077A
S214030D5008D51A79510705D5019941B98AEA0202DD
S214030D60920704D098461B68002BEFD1E5E7404670
S214030D700AF03FFD0579079007A80AF01CFD2946EF
S214030D80002000F053F800F0DCFA059B37F8262025
S214030D905B8805469A4234BF01230023019309D298
S214030DA00020FFF76BFE079058B137F82630013363
S214030DB027F82630284600F0CAFA079D002DBCD037
S214030DC064E70122084B1A70F4E7237A012B02D159
S214030DD0204663689847246868E700BF36290020E2
S214030DE0DC280020732A0020772A0020762A002099
S214030DF0C42800200022014B1A607047E028002018
S214030E0010B5044600F09DFA074A13682BB9146020
S214030E102360BDE8104000F09ABAA34202D01A46F7
S214030E201B68F3E710BD00BFE028002070B5054639
S214030E300E46054B1C6804B970BD636831462846E8
S214030E4098472468F7E700BFE0280020024B034AD0
S214030E50197803480AF0F8BF782A002078100400AF
S214030E60792A002038B5C41C24F00304204601F078
S214030E7026FB0A4B0546187818B1224629460AF07F
S214030E80E6FF2DB921460220FFF7D0FF284638BDDE
S214030E902246002128460AF05BF9F7E7792A002064
S214030EA010B5044628B1054B187810B121460AF050
S214030EB0CFFF2046BDE8104001F01FBB792A002073
S214030EC010B5064C237823B9E7F73AFC18B9012383
S214030ED02370002010BD40F20740FBE77A2A00206B
S214030EE038B50B4B04461B780D464BB121462846B6
S214030EF0E7F746FB002840F2074008BF002038BD4E
S214030F0004490548FFF7DCFF0028EFD0F7E700BFEA
S214030F107A2A0020EFBEADDEBEBAFECA704708B519
S214030F2001F0A8FAE1F7CCFB01F0B1FAFFF7F6FF00
S214030F30E6F744FAF8E7EEF7B1B808B5E7F70CF9C1
S214030F40BDE80840F0F736B910B50446E1F7DEFD14
S214030F502046E1F7CFFB2046E1F72CFB10BD01202E
S214030F60704700B5C3B0EEF72BF805F0BCF848B1F0
S214030F70FFF7F5FF30B101A805F0DBFF10B901A8B4
S214030F80FFF7E2FF43B05DF804FBE2F705B908B5E7
S214030F90E4F700F800F092FAE4F70CF8BDE808402E
S214030FA0FFF7CBBFE1F782BE7047E1F7A3BFFFF7BA
S214030FB0D8BF704708B5E5F7ABFCBDE80840E1F7D6
S214030FC043BD08B5E6F708FEE5F7C4FC00F011FEDE
S214030FD0E5F7A4FFE7F7B4FB00F094FEBDE808408E
S214030FE0FFF7E8BFE1F73EBD0120704701207047D9
S214030FF038B5E1F7B9FF0546EEF70AF8041E18BF41
S2140310002C46FFF7F1FF002818BF204638BD38B539
S214031010E6F7FCFA0446E1F79DFF04281ED00228F3
S2140310204FF0000508BF012405F09FF8042817D0E9
S214031030022808BF0124E1F71BFD042812D002286A
S21403104008BF0124FFF7D2FF04280DD0022808BFEB
S2140310500124002D18BF0024204638BD0125E3E7F0
S2140310600125E8E70125EDE70024F5E782B002ABAA
S21403107003E90300012002B0704770477047FEE79C
S21403108010B53AB1002350F8234041F8234001330A
S2140310909A42F8D110BD002070474FF400407047C5
S2140310A04FF47A70704700230360704703680B6041
S2140310B0016070474FF060420123D2F8001E834060
S2140310C00B430020C2F8003E704710B588B00446B4
S2140310D00E98009207900D98224606909DF83000D1
S2140310E005900B9804909DF8280003900020CDE906
S2140310F001300B460121E2F7D1F808B010BD704766
S21403110013B5044601A8E3F751FD9DF80630238086
S2140311104FF480736380E3F769FD6060002002B0DC
S21403112010BDE3F7C9BC08B5E3F7B6FC002008BD5D
S21403113010B5044644EA010313F00303084609D135
S214031140934201D1002010BD54F8231040F8231019
S2140311500133F5E7214692000AF005F8F2E70A465E
S21403116001390144E5F73CBF08B5E1F7A9FFBDE83F
S21403117008400021E2F7B0BC1FB5002380280446D0
S214031180019371D02AD8002872D0A0F12004412CF4
S21403119032D8412C30D8DFE804F06B6E6B6E7E7E5F
S2140311A07E7E6E6E883C9E623C6E6E6E2F2F2F2F59
S2140311B02F2F83546E6E6EA8A36E2F2F2F2F2F2FD5
S2140311C02F2F2F2F2F2F2F6B2F6B6B6B7E2F2F2FE8
S2140311D02F2F2F2F2F2F2F2F2F2F6B6BB0F5806FC7
S2140311E059D021D8B0F5007F50D008D8B0F5807F0D
S2140311F060D0B0F5C07F3BD0019804B010BDB0F509
S214031200607F43D0F8D8B0F5207F34D0B0F5407F68
S214031210F2D1E1F743FF02464FF42070E2F732FCC7
S214031220B2FBF0F252082FE0B0F5C06F53D00DD8E2
S214031230B0F5A06F34D0B0F5B06F36D0B0F5906F80
S214031240DAD1002101A8E2F721FBD5E7B0F5E06F7C
S21403125046D0B0F5F06F48D0B0F5D06FCCD10021B2
S21403126001A8E2F76BFBC7E7E1F7FEFE0190C3E7D1
S214031270E1F714FFFAE7E1F711FF02464FF4207097
S214031280E2F700FCB2FBF0F20192B5E7E1F7ECFE01
S21403129002462046F4E7002101A8E2F7B1FAABE7DD
S2140312A0002101A8E2F7BEFBA6E7002101A8E2F7AA
S2140312B0CBFAA1E702934FF0E0231B695B0705D542
S2140312C0E1F7ECFE0290029B019395E703A902A8BF
S2140312D0E2F710FBF7E7002101A8E2F70BFB8BE729
S2140312E0002101A8E2F756FB86E7002101A8E2F7F2
S2140312F075FB81E70029CCBF01210021E2F7ECBB97
S21403130002214FF42070E2F76FBE10B5E1F7C6FE78
S2140313100446E2F769FAC0F102012046FFF7EAFF46
S21403132001210020E2F7E2FFE2F7C4FEBDE8104029
S214031330E2F718BCEFF3108072B6704700B962B6D6
S2140313407047EFF31180302383F31188704780F3DF
S21403135011887047704770470020E2F7C7BE012028
S214031360E2F7C4BE704770B5054614460E46FFF74F
S214031370E1FF2B685C4034405C402C60BDE8704065
S214031380FFF7DCBF70474369DB01FCD4012300F59C
S214031390005043607047022A10B54FF0000405D989
S2140313A0033A022A0CD90360047110BD11F400023B
S2140313B018BF4FF07F4221F07F4313430C0EF2E732
S2140313C021F0FF03CCB2EEE730B4012500F58053DD
S2140313D044685D60CB784D785B0443EA05230D785B
S2140313E089782B43090401F480310B43C0F8983005
S2140313F0E30702D430BCFFF7C6BF30BC704738B52E
S2140314000C460546FFF7BFFF23781146627803F0C4
S214031410070343EAC203E278284643EA0223A27894
S214031420120102F0300213432B67EB6AA27923F40E
S2140314308B3323F4807343EA02432279120202F4C5
S214031440E06213436279120302F480521343EB62A1
S214031450FFF7BAFF012305F580525360E27902B124
S214031460EB6038BD08B50A6F496F02F00702FFF755
S21403147092FF08BD08B50A6FC96F02F00702FFF7AF
S2140314808AFF08BD4FF0B0435A6812B19A6A002A21
S214031490FAD17047012200F580535A60CB4393403C
S2140314A003F00A034361416111B900F5005042603D
S2140314B0704783695B06FCD5C1637047F8F76EBA5D
S2140314C00020704713B51AB10024009400F0F4F816
S2140314D002B010BDF0B58DB005AC84E807001C461D
S2140314E0A1420D4628BF2546129B0DB304B31146F1
S2140314F02846002603F53813CDE90A468DE803008F
S21403150003F241135F02C5EB4323099302950CAA2A
S214031510059B12E90700069500F057FAA54207D285
S2140315203146621B381B0DB0BDE8F04000F04BBAE5
S2140315300DB0F0BD30B591B001AC84E807001C4691
S2140315401346DA0049BF029A6200033222F003020E
S214031550014604A8FFF7B6FF04A800F0C2F81499E2
S214031560224601F5381101F241114D0208A8C4EBD9
S21403157041210023FFF7A6FF05F50071002322464D
S214031580091B0CA8FFF79EFF0CA800F0AAF808A9F1
S21403159004A800F086F811B030BD70B590B001AC69
S2140315A084E807001C461499164601F5381101F223
S2140315B0411122464D0208A8C4EB41210023FFF740
S2140315C081FF05F5007122460023091B0CA8FFF7CF
S2140315D079FF0CA800F085F8F30048BF029A33465B
S2140315E048BF033201994CBF22F00302620004A8ED
S2140315F0FFF768FF04A800F074F804A908A800F031
S21403160050F810B070BD10B58CB005AC84E8070078
S2140316100E9ADDE9060102F5381202F5A0725202AF
S214031620CDE9092300228DE803000B9202930CAA4E
S214031630059B12E9070000F0C8F90CB010BD2DE9B0
S214031640F04B4FF0000899460746164645468AB0C3
S21403165003AC84E8070002F0805B07AC049A4245BB
S21403166002D80AB0BDE8F08B139B13B9AA1E012A51
S2140316700AD9129BCDE90779099600955BB194E8E0
S21403168007004B46FFF726FFBBF1000F00D14F4480
S2140316900135C844E2E74B4694E80700FFF7B3FF7B
S2140316A0F2E708B5E3F76AFDE3F79EFDE3F7A6FD69
S2140316B0BDE80840E3F7B6BD10B5044622F0704215
S2140316C0103060602160A26039B1A26803F07043F5
S2140316D01343A360029BE36010BDA36843F08043FB
S2140316E0F7E701234360C36843F02003C3608368BE
S2140316F043F000538360704737B515464A6804467F
S2140317003AB18C680093096845EA0403FFF7D4FFEF
S2140317100446204603B030BD2DE9F04FD3B0CDE9E3
S2140317200123DDE95D7BDDE95FA900230390042047
S21403173003ACCDE9050307C907AB83E807002146D9
S2140317401846619E0494E3F781FD8046002840F026
S214031750B3805C9A0AAB07CADBF8045083E8070039
S214031760DAF804304C421D44D9F804306D425B422B
S2140317700093BB6805F00F05DA0048BF7B6804F0EA
S2140317800F0442BF033323F003037B60B368DB001D
S21403179041BF7368033323F0030373600023DBF84E
S2140317A00400DAF80420CDE9153381182944CDE97D
S2140317B00E1379680D93494201F00F01CDE91031FC
S2140317C071681293494201F00F01CDE91331CDE957
S2140317D0173319935C9B5B684BB9D9F804301343F2
S2140317E0184301BF1024CDE90B4016AB0A9311230F
S2140317F04FF0005204A932A8FFF77EFF40F611030C
S2140318004FF0005207A9FFF777FF42F611034FF098
S21403181000520299FFF770FF44F611034FF000528F
S2140318200199FFF769FF412300225946FFF764FF3A
S2140318302B024FF00052514643F04103FFF75CFF83
S21403184023024FF0005243F001030AA9FFF754FFA7
S214031850009B4FF000521B0203F47063494643F0AB
S2140318600103FFF749FF1038FFF73BFF00230DA9DD
S2140318701A461AA8FFF740FF002339461A46FFF711
S2140318803BFF002310A91A46FFF736FF0023314615
S2140318901A46FFF731FF002313A91A46FFF72CFF5A
S2140318A0002362991A46FFF727FF1038FFF719FF40
S2140318B01AA932A8FFF7F5FE404653B0BDE8F08FED
S2140318C0084611461A465B68102B01D1E3F746BD5E
S2140318D00720704782B000B589B00DF1200C20298F
S2140318E00CE907000B9312D8DDE90E0102AB83E87F
S2140318F003005CE902018DE803000BAA059B07CAF7
S21403190000F0EAF809B05DF804EB02B07047012076
S214031910F8E782B070B586B00B93119B03AD202B0E
S21403192085E807003CD80C9AB2EB430F3AD10F9EDA
S214031930B34237D106225A438A4203D003EB8303CA
S2140319408B422FD1012231462220129BE3F758FB0C
S2140319500446F8B90123CDE9003395E807000E25C0
S2140319603346FFF76CFE00950EAA07CA3346FFF709
S214031970B1FD2346062229460220E3F72DFBE3F7B3
S2140319805BFB0623044678B900930BAA334607CAC3
S214031990FFF703FE204606B0BDE8704002B070476E
S2140319A00124F7E70724F5E71C46F3E7034610464A
S2140319B01944CA1A012A00D5704711F8012D0244AA
S2140319C00A701012F5E709F0C3BB82B02DE9F043A5
S2140319D08BB005AE86E80700079D1F4615F08045C9
S2140319E013938046DDE914328946169C16D18C4241
S2140319F028BF0C46D20016D584B10F2C1AD8A9EBF3
S214031A000502042A3B6828BF042208EB050009A93F
S214031A100435099309F0A7FBAC42F0D80BB0BDE838
S214031A20F04302B070479C4228BF1C46002CF5D0FA
S214031A300F2C13D9DDE914018DE803000294139BE0
S214031A4096E80700E3F7A2FBE3F7CEFBE3F7D6FB44
S214031A500BB0BDE8F04302B0E3F7E4BB22463946D9
S214031A600BB0BDE8F04302B009F07DBB82B070B5A1
S214031A7086B00E9E0B930C9B03ADB3EB460F85E827
S214031A80070027D10122314626200F9BE3F7B8FA39
S214031A900446C8B90123CDE9003395E807000625B7
S214031AA03346FFF7CCFD00950BAA07CA3346FFF76C
S214031AB041FD2346224621462846E3F78DFAE3F7FF
S214031AC0BBFA041E18BF0524204606B0BDE87040C6
S214031AD002B070470724F7E782B02DE9F04F89B0CC
S214031AE01D461393149B01AC8B4284E807000646FD
S214031AF00C4605D0072009B0BDE8F04F02B070478A
S214031B006B1813F8013CDB07F4D50027EB5DB3B382
S214031B104FF0FF084FEA480111EA030A5FFA81F81B
S214031B20F8D13A46514606EB07093046E71B09F05B
S214031B300FFB04F1FF3BCDE9067ACDF814900DF1C7
S214031B40140A9AE80E00DDE91607B84700210127B4
S214031B508C46084699F8003023EA080389F80030D3
S214031B60A1420ED1BCF1000FC4D00028E9D1002F4A
S214031B70E7D101223046FFF719FF3846BBE70137A6
S214031B80C4E76A5C735C8B4508BF02F0FE02A2EBF7
S214031B90030E5FEA1E2E07F0010E08BF4FF0000E7D
S214031BA05340013B1B0A07F0010740EA0E0008BF3B
S214031BB000270131002A18BF4CF0010CD0E708B506
S214031BC0E3F754FA10F00E03FAD0022BF8D010F411
S214031BD0806018BF062008BD10B50446E3F76AFA0E
S214031BE02046E3F7B3FC18B9BDE81040E3F71ABD87
S214031BF010BDFFF765BCF0B5154649228FB0149C9F
S214031C008DF8242004F10C060DF1250254F8047B0C
S214031C10B44242F8047BF9D1247814704FF48074EC
S214031C20ADF834409DF8544000228DF83640042425
S214031C300694169CCDE9001505941324049409AC68
S214031C40CDE902340B4611468DF832208DF8335019
S214031C50E3F744FD0FB0F0BD30B5C02A93B02FD0E4
S214031C60B2F5807F29D0802A2CD14FF4807480F07F
S214031C70010020430190169801250290102421208C
S214031C80039504940590069301AB07950894099071
S214031C900A9306AB0B9304230C9311230D930AAB01
S214031CA00E910F9340F61103D20802A90EA81092C4
S214031CB01193E3F7E3FC13B030BD4FF48274D6E719
S214031CC00F20F8E72920F6E71FB5079C02949DF836
S214031CD01840CDE9003413460A4601460020FFF7B4
S214031CE08AFF04B010BD1FB5079C02949DF81840E8
S214031CF0CDE9003413460A4601460120FFF77BFF71
S214031D0004B010BD08B5E3F73DFEBDE80840E3F7B1
S214031D106DBE10B50446FFF70DFB4FF0A8431A68D7
S214031D2022601B696360FFF709FB002010BD10B536
S214031D300446FFF7FFFA4FF0A84322681A6062686A
S214031D401A61FFF7FBFA002010BD70B506460D4674
S214031D5014468CB0CAB11022002108A809F0F8F97D
S214031D60002207AB029305AB019306AB0093304604
S214031D70294608ABCDE90522E3F796FE18B9099B79
S214031D806360059B23600CB070BD6FF08600FAE7B6
S214031D9070B505460E46E3F72FFE044648B93146AE
S214031DA02846E4F79DF8044628B1E3F731FCE3F749
S214031DB02FFE204670BDBDE87040E3F729BE10B580
S214031DC0436A8AB0041DCDE901430023CDE9052308
S214031DD010223C30CDE90331CDE908230790E3F721
S214031DE00BFE60B907AB1A4604A901A8E3F78EFAFF
S214031DF00446E3F70DFE002C18BF6FF092000AB0FE
S214031E0010BDE4F71FBC08B528B14C22002109F029
S214031E109FF9002008BD6FF08600FBE7002070479F
S214031E2038B51C4600230846236011461546FFF7BF
S214031E30AFFF00B9256038BD08B50120E2F794F876
S214031E40002008BD70B50C46154610B9E4F754FDDE
S214031E5038B143682BB12A462146BDE87040006876
S214031E601847232070BDF7B50D4616461C4648B1E5
S214031E7003B901AC87685FB123463246294600683A
S214031E80B84706E0E4F738FD04B901AC0028F1D101
S214031E90232003B0F0BDF8B50C461546064658B9E0
S214031EA0E4F72AFD20462946FDF784FF0446002C66
S214031EB0D4BF37200020F8BDE4F71EFD8642074650
S214031EC0F0D03046E4F70CFD29462046FDF772FFB6
S214031ED004463846E4F704FDE9E70EB403B503AA5F
S214031EE052F8041B0192FFF7D6FF02B05DF804EB2D
S214031EF003B0704700207047FEE74FF400530020FE
S214031F004B607047012070470020704707B50020DC
S214031F1001AB0190FFF7A7FF0198002808BF4FF019
S214031F20FF3003B05DF804FB10B514460020FFF73E
S214031F3089FF204610BD4FF06042D2F8803E1B0258
S214031F40FBD470472DE9F84F0F4615461E4600246E
S214031F5002F104089DF828B002F109094FEA132A92
S214031F605FFA88F84C4502D30020BDE8F88F052CAD
S214031F7012D8DFE804F01E09030B0D0FD121082049
S214031F80E1F76AF90134EDE74146F8E7F1B2F6E71F
S214031F905146F4E75946F2E7AB1DA3420BD0EB1DBF
S214031FA0A34208D005F10803A34206D0BB1F195D60
S214031FB0E5E75B21E3E75A21E1E75D21DFE7034637
S214031FC070B190F8382090F83C002AB1022803D16B
S214031FD0012283F83C20704704284FF00102F8D012
S214031FE00120704780F82C10704790F82C0070473B
S214031FF090F8390070473022037A534303F1A04325
S21403200003F58023D96ED0E903231344994214BF02
S214032010084610467047F8B504460D4690F8393022
S21403202081B173B990F83A60FFF784F90546012148
S2140320303046E5F70DF92846FFF780F9012384F8C3
S2140320403930F8BD002BFCD090F83A70FFF772F9E0
S214032050064629463846E5F7FBF83046FFF76EF99D
S21403206084F83950EDE72DE9F843044616460D4645
S21403207090F82C80FFF765F994F8382003469AB158
S214032080FFF765F994F83B90FFF754F907460121EB
S2140320904846E5F7DDF83846FFF750F9FFF751F9FC
S2140320A00022034684F838201846FFF750F92E44DA
S2140320B0B54204D101212046236A98473DE094F8AF
S2140320C02D302BB3FFF73DF9237E0746EBB12046B1
S2140320D0FFF791FFE1680138884238BF2069D4F8DA
S2140320E030C03CBF00F1FF30401803469C450BD080
S2140320F013F80129112A01D0132A21D1A2F11103C1
S2140321005A425A4184F8342020633846FFF71FF9B1
S21403211094F83430002BCBD0B8F1000F06D02B78D0
S2140321200A2B03D10D212046E36998472046E3692D
S21403213015F8011B98470028BAD00020BDE8F8839D
S214032140994282BF236903F1FF335B18CEE7F8B5E4
S21403215090F83830044603F0FF06A3B93146036A05
S2140321609847012384F8383094F83B70FFF7E2F879
S214032170054631463846E5F76BF82846FFF7DEF89E
S214032180022384F83C30F8BD026CD36C43F004039E
S214032190D364704710B50446026C93695906FCD5A0
S2140321A0002394F849101A4694F84800E2F756F9C3
S2140321B0002394F84B101A4694F84A00E2F74EF9B7
S2140321C094F85030DA0707D5002394F84D101A46D2
S2140321D094F84C00E2F742F994F850309B0707D581
S2140321E0002394F84F101A4694F84E00E2F736F997
S2140321F0206C0021C36C23F00103C364C36C23F07B
S2140322000403C364FFF746F9606C0021E1F78AFC18
S214032210002010BD08B5006CFFF74BF9002008BD81
S214032220036CDA6C19B142F00102DA64704722F0EB
S2140322300102DA64012203F500539A64704738B545
S2140322400468206C856C15F001050BD0012200F59F
S21403225000539A6483699B060FD52046BDE8384031
S214032260FFF775BF042384F83C30237E33B9C36C71
S21403227023F00403C3640123237638BD637E1BB3B4
S21403228094F82D3003B3132184F83550FFF711F972
S214032290236CDA6C42F00402DA645B6ADBB2112B5D
S2140322A00DD1012384F834303022237A534303F1CB
S2140322B0A04303F58023DB6E013B2363DDE7132B8B
S2140322C0DBD184F83450EFE7C36C23F00403C36414
S2140322D0D3E708B5E4F7E6FE08BD10B5FFF72AF81E
S2140322E00446E4F72BFF2046BDE81040FFF726B868
S2140322F07047012070474FF4C870E5F74FB8704732
S2140323002DE9FF410D4616461F460446A8B14FF079
S2140323100008C0F81C80E5F799FCBDF82C3042464F
S21403232002939DF828302946CDE9007320463346AC
S214032330E5F7F2FB04B0BDE8F0812220FAE7F0B53A
S2140323400D4616461F46044685B090B10023C3616A
S214032350E5F77CFCBDF82C302A4602939DF828301E
S2140323602946CDE9007320463346E5F7D5FB05B08D
S214032370F0BD2220FBE7F0B51F46002387B00D46CD
S214032380164604468DF81730A8B1C3610DF1170140
S214032390E5F78CFC9DF817207AB9BDF8343029464A
S2140323A002939DF830302046CDE900733346E5F7B7
S2140323B0B3FB07B0F0BD2220FBE70320F9E7F0B537
S2140323C01F46002387B00D46164604468DF8173081
S2140323D0B0B1C3610DF11701E5F768FC9DF817303E
S2140323E083B9BDF834302A4602939DF83030294627
S2140323F0CDE9007320463346E5F78EFB07B0F0BD04
S2140324002220FBE70220F9E738B5FEF79AFF0546D8
S21403241000F008F804462846FEF799FF204638BD24
S21403242000F025B84FF0B0439A6A1207FCD4186A36
S214032430704782074FF0B04200F00103916948BF2E
S21403244043F040030B43936170474FF0B0430128BA
S2140324505B6904D0022805D1C3F38010704703F0EC
S21403246001007047002070473E20FEF785BE3E20E1
S214032470E1F73EBC08B5E0F747FAFEF786FDFEF740
S214032480A0FDFEF784FDBDE80840FEF78BBD08B54A
S214032490FEF78AFDFEF789FDFEF789FDBDE80840D5
S2140324A0FEF787BDE0F750BE08B500F0FBFFE9F77F
S2140324B087FC01F068FF02F095FD002008BD38B5E3
S2140324C00446FEF737FF05462046FDF74BFA04465B
S2140324D02846FEF733FF204638BD70B504460E4641
S2140324E0FEF728FF314605462046FDF721FA044647
S2140324F02846FEF723FF204670BD38B50546FEF78F
S21403250019FF04462846FDF735FA2046BDE838404D
S214032510FEF714BF10B5044608B1E5F729FE2046BA
S214032520BDE81040FFF7E9BF00F4E040B0F5805F78
S21403253004D0A0F500535842584170470120704715
S214032540F0B59E4600F0FE43B3F1106F06460F4605
S214032550944691B003D06FF0850011B0F0BD20F023
S2140325601F6121F470210029F5D13D4607ACCDE962
S2140325700E110FCD0FC495E8070084E80700D7E9CE
S21403258009230899090AE6D1189930460491179940
S214032590CDF800C003911699CDE901E107A9E3F749
S2140325A097FDDAE73AB1002918BF00232121D21A92
S2140325B0184408F0CDBD704738B5037904460D4678
S2140325C03BB9A368022120462B6000F0D0FD38B942
S2140325D038BDD0E9091200F060FE0028F1D0F7E715
S2140325E000232B60F4E72DE9F04F9946002393B0C0
S2140325F08DF81F301F9B9046DDE91CA6002B0D4669
S2140326000B460CBF4FF400624FF4806208A91E9F6E
S214032610E5F7D6FE044668BBDDF820B009ACDC4619
S214032620CDE91000BCE80F000FC49CE8070084E85F
S21403263007002846BDF824100DF11F02E5F730FF0A
S2140326400446B8B99DF81F30B34223D8DBE9091214
S2140326500A98000A21D1CDE90337CDE9019A2B4622
S214032660CDF8008009A8E3F785FF10F1860F04462E
S21403267000D000B13E603246214650463B68FFF725
S21403268091FF089800F0B0FD002C18BF204613B049
S214032690BDE8F08F6FF08904ECE76FF08604E9E796
S2140326A000232DE9F341D0E9016804460F4630467E
S2140326B01146136000F0C2FD054688B9304600F0A7
S2140326C0BFFD054660B9F6B276B9B8F1000F05D17D
S2140326D0E36823F47F4323F0030363B16FF08605B7
S2140326E0284602B0BDE8F0810146A06800F02EFD42
S2140326F00028EDD1F2E74FF6F87362889A421ED8A7
S214032700238B012BEAD8394601A8E6F77FF805465E
S2140327100028E5D10FCC3F683E460FC694E8070075
S2140327203B7986E807000BB9019BBB603B8B012115
S21403273023F0010338463B8300F019FDD0E76FF022
S2140327408505CDE741F2052398421AD8B0F5905F88
S21403275009D241F2010398420CD0B0F5885F09D044
S2140327606FF0850070472923A0F5905080B2C340D0
S214032770DB07F5D511F0070F0CBF00206FF08600BE
S2140327807047B0F5105FEBD121F04003802B06D0E5
S214032790B1F5807F0CBF00206FF0860070470020E5
S2140327A0704770B5446A05460E463CB90120FFF7EC
S2140327B094FE686228B12046AE6270BD6FF08A0050
S2140327C0FBE76FF08C00F8E7F8B50F4611460646B0
S2140327D01546FFF7E6FF044620B92A463946706ACF
S2140327E008F0C1FC2046F8BD2DE9F041089D884657
S2140327F01F46048802B32046FFF796FEE0B12B6817
S2140328000BB9D3002B6020462968FFF79BFF0446CD
S21403281078B9CE1DB2EBD60F11D1069B9A4211D8CA
S2140328204146384608F09FFC2B68079A0733DB08B7
S21403283013602046BDE8F0816FF08504F9E76FF07A
S2140328408604F6E76FF08904F3E72DE9F04F47684F
S21403285085B03F0A0446DDE90E9A0D4616469846AD
S214032860DDF840B015D1CDE901ABCDF80090E3F724
S214032870B9FD10F1860F0ED143463246294620464F
S214032880CDE90FABCDF8389005B0BDE8F04FFFF7B4
S214032890ABBF6FF0860005B0BDE8F08F10B50446F9
S2140328A0406A10B1A16AFFF735FE0020C4E90900AB
S2140328B010BD38B50546FFF7F1FF95F820300446FE
S2140328C0043B012B0CD8EB69002B0CBF04466FF0BE
S2140328D096042C220021284608F03AFC204638BDF0
S2140328E06FF09604F5E710B5044638B1042100F0FE
S2140328F03EFC2046BDE81040FFF7DBBF10BD38B5F1
S21403290090F820300546052B16D10479FF2C07D105
S214032910FFF7CFFF041E08BF6FF08404204638BDC0
S2140329201CB1806800F09EFC04462846FFF7C1FFF2
S214032930002818BF0446F1E76FF08804EEE707B5F2
S21403294058B1012201A9E5F79DFF30B9019800F0BF
S21403295046FC28B10198FFF7D2FF03B05DF804FBED
S2140329606FF09900F9E7F7B5044608460E4600F0FF
S21403297043FB002320461A4601A9E5F721FD78B953
S214032980019F34463D460FCD0FC495E8070084E803
S2140329900700338B384603F00103338300F024FC2F
S2140329A003B0F0BD70B5144602881D461046049E5B
S2140329B0FFF7BAFD68B944F2010322F44050984287
S2140329C007D002F44F42B2F5824F02D0B2F5844FDD
S2140329D00ED1B4420FD82246284608F0C4FB002185
S2140329E0321B281908F0B4FB0020059B1C6070BD41
S2140329F06FF08500FBE76FF08900F8E72DE9F043F9
S214032A008946984617468DB07AB300230122C8F844
S214032A10003002A9E5F7D4FC0446A0B9029E03AC35
S214032A203546CDE90A000FCD0FC495E80700049B91
S214032A3084E80700D6E909121B0A08D0304600F0DE
S214032A40D3FB6FF0860420460DB0BDE8F0834B46FB
S214032A50CDE9007803A8FFF7A5FF0446304600F04B
S214032A60C3FB002C08BF0446EDE76FF08904EAE7D2
S214032A7070B514460288049D02F4E040B0F5804F1A
S214032A801CD144F2010022F44056864207D002F4D9
S214032A904F42B2F5824F02D0B2F5844F0ED1AC420C
S214032AA00FD81846224608F05EFB00212A1B204456
S214032AB008F04EFB0020059B1C6070BD6FF0850080
S214032AC0FBE76FF08900F8E72DE9F043894698465F
S214032AD017468DB07AB3002302A91A46C8F8003009
S214032AE0E5F76EFC044640B9029E33885B0408D4BF
S214032AF0304600F079FB6FF0860420460DB0BDE843
S214032B00F083354603ACCDE90A000FCD0FC495E834
S214032B10070084E80700CDE900784B46D6E909129A
S214032B2003A800F0F1FA0446029800F05DFB002CBF
S214032B3008BF0446E1E76FF08904DEE72DE9F041BC
S214032B401F46002388B0054688461646CDE905335A
S214032B503B60002A54D0B2F1005F54D206AA05A9FE
S214032B60FFF79EFD0446A0B90598436AABB1059BE3
S214032B7041465A882846079207AA029203F128027A
S214032B8001929A6A00925B6A3246FFF75EFE04463B
S214032B9080B10598FFF7A7FE28E06B681B0A02D0F2
S214032BA06FF08604F5E73146FFF7FBFD0446002881
S214032BB0DDD0EEE70598079B4288DAB943804FF6E7
S214032BC0F872934219D82B8813B102889A42E7D138
S214032BD02B6A002BE4D16B8813B142889A42DFD16B
S214032BE03946FFF7E9FC04460028D2D1204608B050
S214032BF0BDE8F0819A42D3D1E1E76FF08504C8E7D8
S214032C006FF08604F2E76FF08504EFE710B504462D
S214032C10006868B106280CD104F10800FFF7F3F842
S214032C2000232360A38823F4FF7323F00103A38008
S214032C3010BD6FF08600F3E72DE9F043054698468E
S214032C4000238DB002932B6808461746002B47D106
S214032C50B8F1000F134602A914BF4FF480624FF475
S214032C600062E5F7ADFB044600283BD1DDF808908B
S214032C7003AC4E46CDE90A000FCE0FC496E8070014
S214032C8084E807003846BDF80C102A1DE5F708FC53
S214032C90044638BB6B79049968F300036B71090A21
S214032CA0D9E90923B8F1000F12D011BB009703A985
S214032CB005F10800E3F7C6FC044698B90623029814
S214032CC02B6000F091FA044620460DB0BDE8F08371
S214032CD079B9009703A905F10800FFF792F8EBE727
S214032CE06FF088042846FFF791FF029800F07CFAFD
S214032CF0EAE76FF08604F5E70123FFF79DBF38B5D3
S214032D000546006898B112B90024204638BD062847
S214032D100AD105F10800E3F7C7FC04460028F3D000
S214032D202846FFF773FFF0E76FF08604F8E76FF0C7
S214032D308804EAE72DE9F04105460068884616460A
S214032D401F46F8B16A79D2071CD52A79D2B1B242A6
S214032D501BD806281CD105F10800E3F7F5FC04464A
S214032D6010B100233E602B713246214640463B6835
S214032D70FFF718FC2846FFF749FF002C18BF20462C
S214032D80BDE8F0816FF08804EBE76FF08904E8E7AD
S214032D906FF08604E5E71FB501240394089C0294AC
S214032DA0079C0194069C0094FFF71DFC04B010BD1D
S214032DB02DE9F04705469A46002386B0059305F0AD
S214032DC0FE43B3F1106F0846DDE90E961746DDF8AD
S214032DD0408029D12B464FF4804205A9E5F7F0FA47
S214032DE0044618BB05990B8823F0FF03B3F5E24F9F
S214032DF002D0B3F5E44F04D14B880733B6EBD30FB9
S214032E001ED353463A462846CDE90168CDF80090CE
S214032E10FFF796FB044648B9059800F0E5F9044623
S214032E20204606B0BDE8F0876FF086043146484674
S214032E30E5F7A6FB0598C8F8006000F0D5F9EFE7BC
S214032E406FF08904F2E7034610B50C461146DA69BB
S214032E5000880AB91B6A3BB9FFF766FB38B1204600
S214032E60BDE81040E5F78CBB6FF0860010BD6FF031
S214032E708500FBE700232DE9F04385B0CDE9013358
S214032E800B60438806460D46002B00F0B28003888D
S214032E9003F4E043B3F5804F00F0AB8002AA01A928
S214032EA0FFF7FEFB044600287CD1019A7768526A36
S214032EB06AB17368019F1B0AD7F8248057F8289FC6
S214032EC074D06FF086040198FFF7E8FC6AE03F0AC7
S214032ED061D1B6F8008071884046FFF725FB80B1C4
S214032EE04046FFF72FFC044600285BD108F4E04376
S214032EF0B3F5805F02D0B3F5005F0AD10731CF0880
S214032F0017E028F0FF03B3F5E24F37D06FF08504E0
S214032F1048E008F44F43B3F5844FEFD047F201037C
S214032F2098450FD149080131C90801EBC10101F1E8
S214032F303B07039703990198FFF733FC04460028E1
S214032F40B7D02FE044F20103984503D1C90801F135
S214032F501007EEE747F20202904505D1C90801EBD8
S214032F60410101F15A07E4E744F20202904505D114
S214032F70C90801EB410101F14A07DAE728F0FF002F
S214032F80B0F5E24FBAD0B0F5824F01BF0731C9089A
S214032F9049004F1CCDE7304603A900F059F8044614
S214032FA00028C7D00198FFF79EFC13E033885B0424
S214032FB014D43B464A4641463046FFF744FF044690
S214032FC00198002C7FF47FAF2946FFF7F5FA0446F5
S214032FD00028E7D1204605B0BDE8F0833B464A46C5
S214032FE041463046E3F720F910F1860F0446E7D151
S214032FF0DFE76FF08604EDE710B50446C069FFF718
S2140330007CFA2046BDE810402422002108F0A0B830
S2140330102DE9F04105460F4690461C469BB11946DE
S2140330200120FFF75AFA064678B12246414608F0D1
S2140330309AF8E86908B1FFF760FA0020C5E9076463
S2140330402F80BDE8F0811E46F3E76FF08C00F8E7AB
S214033050028843884068000A51D102F4E040B0F584
S214033060805F02D0B0F5005F05D10733DB0840D19F
S2140330706FF08500704702F44F40B0F5844F03D1DC
S2140330800733DB080AD1F3E747F20100824208D18F
S2140330905B080133DB0803EBC3033B3300200B6001
S2140330A0704744F20100824202D1DB081033F5E791
S2140330B047F20200824204D1DB0803EB43035A3390
S2140330C0ECE744F20200824204D1DB0803EB43033D
S2140330D04A33E3E722F0FF02B2F5E24FD0D0B2F56F
S2140330E0824FC5D10733DB085B000133012BD5D1F3
S2140330F0BEE722F0FF02B2F5824FCFD1F6E70023F8
S2140331006FF086000B6070472DE9F3474768044667
S214033110DDE90A9A3F0A0D461646984611D1CDE9CF
S214033120009AE3F7EBF810F1860F0CD143463246CC
S21403313029462046CDE90A9A02B0BDE8F047FFF7D4
S21403314097BC6FF0860002B0BDE8F08703466FF0C9
S21403315040420846591E914207D338B103F1404313
S21403316093428CBF0020012070470120704790F8DF
S2140331702030052B11D8DFE803F0030B16141F21AC
S2140331804B1E012B09D9042907D06FF0870070471F
S214033190022902D00B1F012B0BD880F82010002029
S2140331A07047022902D0CB1E022BF5E7C369002B1A
S2140331B0F3D06FF0880070470529EED00029ECD0D5
S2140331C0F7E710B503210446FFF7D1FF30B9E369EB
S2140331D05A1C0EBF6FF096000133E36110BDC06941
S2140331E0B0FA80F04009704708B90020704790F89D
S2140331F02020032A08D1C269EAB1013AC261002A33
S214033200F3D10221FFF7B3BF052A09D0042A0FD151
S214033210C26982B1013AC261002AE6D1FFF749BB0F
S214033220C26942B1013AC261002ADED1FFF767BB29
S2140332306FF0880070476FF0960070470020704765
S214033240C0B2FF280CBF6FF086000020704707B59A
S21403325000216A46FEF779FD8C3018BF012003B0C3
S2140332605DF804FB13B500216A460446FEF76DFDC0
S2140332708C3002D1002002B010BD00212046E2F7B8
S214033280EDFD014610B16FF09800F4E76A4620465C
S214033290FEF75BFD8C30EDD0F5E72DE9FF410746E1
S2140332A01446884600293FD0002A3DD0B2F5005F79
S2140332B03DD202F1240631460120FFF70EF90546FA
S2140332C0C0B303463A4621464046E5F755FBBF687A
S2140332D000243846FFF7BBFF01281FD021462B46A4
S2140332E0324638460094E2F7F7FC0146C8B938463A
S2140332F002AAFEF72AFD044620B9029B9E4205D089
S2140333006FF0980438460021E2F7A8FD31462846B8
S214033310FFF700F9204604B0BDE8F0816FF08A0499
S214033320F4E76FF09804F1E76FF08604F2E76FF0C6
S2140333308D04EFE76FF08C04ECE7FFF7EBB82DE9AD
S214033340F047D0F808A086B0814688461746504610
S214033350002104AAFEF7F9FC044610BB049E0120D4
S2140333603146FFF7BAF80546002837D021465046BF
S21403337004AA0394FEF7E9FC044670B903AB0246BD
S2140333802146CDE9005350463346E2F711FD039B31
S21403339004469E4209D06FF0980431462846FFF74C
S2140333A0B9F8204606B0BDE8F0870028F5D13B46BD
S2140333B0424631462846CDF80090E5F7FBFA044628
S2140333C00028EAD1D8F800302BB13B68002B08BFA1
S2140333D06FF09104E1E76FF09104DEE76FF08C0481
S2140333E0DFE750E8003F0B4340E80032002AF8D1FD
S2140333F07047C94350E8003F0B4040E80032002ABC
S214033400F8D17047431E032B06D8DFE803F0020407
S214033410020403207047042070477047CB6918479F
S214033420704770470020704770474FF000007047A2
S2140334300020704770477047002070470020704791
S2140334400020704700207047002070477047002018
S21403345070470020704770477047002070477047DA
S214033460704711207047002070474FF0FF307047B9
S2140334700020704770477047002070470020704751
S2140334804FF0FF307047112070470020704701202F
S2140334907047002070470020704700207047704731
S2140334A07047704701F099B938B50446FDF749FFF0
S2140334B0D4E9101205462046E5F7C0FAE18C228DC2
S2140334C0E060521A40F2712101FB020303F59C539C
S2140334D0083328462361BDE83840FDF738BF08B5F2
S2140334E02030FFF77EFFBDE808404FF08050EBF733
S2140334F0E1BD38B50D4604460830E7F765F82946BA
S21403350000252046E9F72EF9E06EE56110B1E6F7EF
S2140335108DF9E56604F15000BDE8384008F04BB974
S21403352038B5044619B390F838208AB190F8393084
S2140335300133DBB29A4280F8393009D10121FFF713
S214033540D8FF4FF080712046BDE83840FFF7C7BF6D
S214033550236ADA030BD5E36B62689B1A002B06DA41
S21403356001212046FFF7C5FF4FF08061EBE7236A92
S2140335701B0426D402F0AFFC1123B0FBF3F303EBDA
S2140335800313C01A94F9613085B213FA80F0102839
S21403359088BFC5F110056DB2083B2B4484F8613033
S2140335A020460121E9F7DEF840F27121E28C6368D8
S2140335B02A4401FB023320466360BDE83840E9F73E
S2140335C083B80025ECE72DE9F84F1D46C3690F467F
S2140335D004461646DDF830809DF838909DF840B0D6
S2140335E09DF848109DF850A0002B40F0D180EB06C4
S2140335F000F1BE8005F00303032B08BF05F0FD05AD
S21403360005F0F705BDF83C30A806A3869DF85400E0
S21403361048BF05F0FC05FFF7F5FE47F6FF731BF002
S214033620020F84F83600A4F8783040F0A4801BF02C
S214033630040F00F0A28000F0FD00012814BF03234E
S214033640042394F87F209DF8580063F3030284F85C
S2140336507F20FFF7D7FE47F6FF738A0784F8370005
S214033660A4F8883000F18B804B0740F18A8000F085
S214033670FD00012814BF0321042194F88F30606EE7
S21403368061F3030384F88F30FFF7EAFE0022204637
S214033690216CE5F7D3F940F271237343984279D846
S2140336A049F6FF7104F12000FFF7A3FEFF2384F819
S2140336B05430BAF1000F03D0236A43F480532362D5
S2140336C0290705D506263746236A43F4841323625F
S2140336D0236A6A0723F4C04323620CD419F0010F4C
S2140336E01CBF43F400532362236A19F0020F1CBF66
S2140336F043F480432362236AA5852B43236204F1A4
S2140337002E03B8F1000F3ED0D8F80020C4F82E20C0
S214033710B8F804209A809DF82C30012B03D14FF47F
S2140337208061FFF75EFE236A9DF8282023F440732A
S21403373043EA0223236202F0CEFB94F860309DF83E
S2140337404C2084F85F0023F00F03C0F303200343E9
S21403375062F3071384F860309DF834302046E7841C
S214033760268584F82A30FFF79FFE0020BDE8F88FF1
S21403377001218B4646E7022363E7012361E7022123
S2140337807BE7012179E7C4F82E80A3F80480CAE713
S2140337900C20EBE74520E9E72DE9F7438946174672
S2140337A00446019330B901A808F005F8422003B097
S2140337B0BDE8F083012920D0022910D089B9C36956
S2140337C0C3B900F140054FF40036236AD9061ED567
S2140337D05A0726D501A807F0EEFF0020E7E7406E5C
S2140337E020B901A807F0E7FF0C20E0E71946FFF72A
S2140337F038FEDCE700F14805E5E7C36923B900F1C5
S21403380044054FF48026E0E700F14C05F9E79B07F3
S21403381007D5B9F1000F04D101A807F0CCFF122099
S214033820C5E704F1200840463146FFF7E2FDF807F6
S21403383002D5284607F0BFFF019921B1284608F0B4
S214033840A1F800230193286808F03AF8236AD906FA
S21403385005D51F2801DC032F16D02846DDE740F2E6
S2140338607262904204DD284607F0A5FF07209EE714
S214033870B9F1000F08D1BF2806DD9A0704D0284601
S21403388007F099FF452092E72046D4E91212E5F7A0
S214033890D5F8E3696BB140F27122E38C5343984247
S2140338A007D9238D8342EAD300F51C70B0FBF2F0F0
S2140338B0E084FDF746FDE36905467BB1BB070DD5FE
S2140338C031464046FFF78DFD6368C3F57A7602F00E
S2140338D03EFBF04202D52046E9F760F82846FDF79E
S2140338E036FD7AE708B548B1CB0701D4002008BDFA
S2140338F04FF400112030FFF774FDF7E74220F6E798
S21403390008B548B1CB0701D4002008BD4FF4001119
S2140339102030FFF76EFDF7E74220F6E7E5F774BBC6
S21403392038B5C36904460D463BB1036A13F001007C
S21403393011D194F82430FE2B0CD004F120004FF460
S2140339408001FFF74EFD01202B68C4F85530AB8885
S214033950A4F8593038BD0020FCE7036A10B50446C6
S21403396013F4602030D09A0307D504F1400007F023
S21403397022FFA36C23640023A364236A5B0307D597
S21403398004F1440007F017FFE36C63640023E36469
S2140339904FF4602104F12000FFF72BFD2046FFF7CC
S2140339A083FD012094F8602094F85F3002F00F0145
S2140339B043EA0123013384F85F3022F00F02C3F396
S2140339C003231A4384F8602010BD10B50446503014
S2140339D007F0D8FF2046BDE810404FF00071FFF710
S2140339E07EBD50E8003F0B4340E80032002AF8D182
S2140339F07047C94350E8003F0B4040E80032002AB6
S214033A00F8D1704738B50446D0F8A00010B9D4F8FA
S214033A10A40058B194F8375107F0FEFE05F00F05E1
S214033A2081B206312846EAF7B1F880B240F2712235
S214033A30B4F8783000F5487053439842B8BF184638
S214033A4038BD38B505460C4602F000FB20B149F6F2
S214033A5040439C4228BF1C46EA68A2420BD240F26F
S214033A607121B5F87A304B43934238BF1346A342CD
S214033A7028BF23461A462A6138BD03469A6A44304D
S214033A80920404D5D3F82821998FEBF783B893F8DB
S214033A906F10EBF775B800207047012070470020C1
S214033AA070470020704701207047C82070470020E9
S214033AB07047002070477047704711207047704763
S214033AC070470020704770470020704770470120FA
S214033AD070477047704790F8852010B5531C03F065
S214033AE00F03072B28BF0023044663F30302034494
S214033AF080F8852083F87E1090F885306F2B4FEA88
S214033B0013129EBF013262F3071380F88530FFF766
S214033B10E1FF94F83711204601F00F01FFF7CCFFC1
S214033B2010BD7047704770470020704700207047ED
S214033B300020704710B101F1B000704701F1D400C6
S214033B407047F8307047806A70472830FFF749BFE0
S214033B502830FFF74EBFC06A70472C30FFF741BFCF
S214033B602C30FFF746BF00F59C70704708B50B79FD
S214033B70DB0702D4FFF7D5FF08BD91F90510BDE8B2
S214033B800840FFF7A8BF02290346808F11D00329F8
S214033B9009D0012906D11A8F5B6B1201B2FBF3F32E
S214033BA0184480B270475A6B4FF47A43B3FBF2F370
S214033BB0F6E75B8F073000EB4300F2E770B540F2A1
S214033BC0712606FB01F345685643826A1D441207B5
S214033BD0044645600ED500F14005294600F134023F
S214033BE0E7F71AF9334629462046BDE87040012216
S214033BF001F02DBA05EB5605456070BD836A59057D
S214033C0005D4D0F8A03013B15B799A0708D4D0F85E
S214033C10A40000B9704743799B0701D40068F8E70E
S214033C200120704780F87710704738B5836A0446DA
S214033C301B0713D50246B0F87C3052F8341F4B43AB
S214033C4040F271214B4300F14001E7F7E5F8236C9E
S214033C5020469D08FFF7D6FE2844E06040F2712513
S214033C60616B204601396943FFF7EBFE20460121CD
S214033C70E8F778FD636BB4F87C2020465A43636804
S214033C8005FB02336360BDE83840E8F71DBDB0F8B6
S214033C90303110B5A0F834310446E5F71FFBC0B247
S214033CA0FFF703FF94F8373194F8362103F00F0338
S214033CB004F1440102F0C3F9E9F7AEFFB4F9302189
S214033CC0824205D0A4F83001EAF77EFCA4F832015C
S214033CD0B4F93421B4F930319A4209D0A36A9B036C
S214033CE006D52046BDE810404FF40041E5F70CBB6F
S214033CF010BDFFF7CCBF836A0A4600F14401C3F345
S214033D004030EAF7F1BE10B5A0F87810A0F87A2094
S214033D100446FFF777FE2169E0602046BDE81040C1
S214033D20FFF78FBE38B504460D463AB94FF4C021A7
S214033D302830FFF75EFE9DB9002038BDFFF7C1FEB1
S214033D4098B128344FF4C0212046FFF752FE1DB128
S214033D504FF40031FFF745FE4FF48021204601E083
S214033D604FF40031FFF73DFEE6E71120E5E72DE9C6
S214033D70FF41836A04469B032CD5B0F93081B0F922
S214033D8034710020EAF714FD8045CCBF00250125D9
S214033D9002F05AF994F83711C82201F00F01EAF736
S214033DA011FD06462046E5F799FAB045B4BF00264E
S214033DB00126002394F83711A8EB07073FB245EA1C
S214033DC046051A46CDE90085029701F00F0180B239
S214033DD000F0B5FC04B0BDE8F081FFF7C8BF86303D
S214033DE07047F8B504460E4600295AD040F27123B0
S214033DF0476B30465F43A7F28A277F083946E9F7C1
S214033E00D5FE94F88E30851FADB29D4239463046B6
S214033E10A8BF1D46E9F7CAFE94F88F20831F9BB2FE
S214033E209342A8BF1346F21E012AB4F88610B4F8CC
S214033E3088202BD8B1F5296F44F29020B8BF4FF4F1
S214033E4029618142A8BF0146B2F5296FB8BF4FF476
S214033E5029628242A8BF02461B2DB8BF1B251B2B17
S214033E60B8BF1B23304684F8913084F89050A4F8EA
S214033E708A10A4F88C20E9F799FE831F9BB2AB4205
S214033E80A8BF2B46DBB284F89230F8BDB1F5A47F09
S214033E90B8BF4FF4A471B2F5A47FB8BF4FF4A472B1
S214033EA0DAE71B23EFE770B54900466B89B28E420B
S214033EB018BF40F27125044617BF4068002105FB72
S214033EC0060005FB1100658F1EBF6060616301215C
S214033ED09542208F17D08342628700D02387238F93
S214033EE0626B1B01B3FBF2F394F837112046A4F878
S214033EF09C3001F00F01FFF774FF2046BDE87040C9
S214033F000421E5F701BA8342E8D1A36A1B07E6D585
S214033F100029E4D170BDF0B585B004460E466A4666
S214033F2000F1860300F18E071546186859680833B2
S214033F3003C5BB422A46F7D11868314628609B88DA
S214033F402046AB80FFF74DFF9DF80B2094F8913089
S214033F509A4211D1BDF80620B4F88C309A420BD1A0
S214033F609DF80A2094F890309A4205D1BDF80420B3
S214033F70B4F88A309A4207D04FF48141204605B000
S214033F80BDE8F040E5F7C0B905B0F0BD37B5044667
S214033F9094F88E50BDF818008D420BD1B4F88650B5
S214033FA0954207D194F88F509D4203D1B4F88850B8
S214033FB085421DD08DF80610ADF80420019D84F8C7
S214033FC08E1094F8371184F88F30A4F88800C4F85C
S214033FD040512046A4F8862001F00F01FFF79BFF0F
S214033FE0B4F88A30A4F88630B4F88C30A4F8883055
S214033FF003B030BD90F8373170B503F00F030446B5
S21403400016460D46D9B18B4219D00122FFF757FD4C
S214034010294600222046FFF750FD94F83731204604
S21403402065F3030384F8373105F00F01FFF773FFD9
S2140340302046BDE870404FF48441E5F765B919465C
S2140340402046FFF768FF002EF2D170BDF8B51D4677
S214034050C36A04465B070F46164610D404212C3069
S214034060FFF7BFFC84F89A702046A4F89660A4F87D
S21403407098504FF40061BDE8F840E5F745B9F8BD40
S21403408010B511B190F89A400C7012B1B0F89610B2
S214034090118013B1B0F898201A80C06AC0F380006C
S2140340A010BD4FF400412830FFF79BBC00F5A2700B
S2140340B0704790F8370100F00F00704770B504465C
S2140340C0FDF73FF96568064601F041FF2D1AB5F581
S2140340D0FA7504D53046BDE87040FDF738B940F2AE
S2140340E07122636B94F870105343B5FBF3F5A38FFB
S2140340F0AAB29B1AA38794F86F30154602FB1133B6
S214034100252193FBF1F001FB1033002BB8BF5B189E
S21403411084F86F30B4F89C3020469B1AA4F89C3081
S2140341200021E8F71FFB40F27122636B20465D43D4
S214034130636802FB15336360E8F7C6FACAE7002331
S2140341402DE9F3474E790446B00758BF06F001063B
S21403415008460D4648BF0326ADF8043058BF01365F
S214034160FFF763F9074607F01F03002BE36A15BF43
S2140341704FF001084FF000084FF003094FF0020913
S21403418099050CD59DF80430294666F3010368F3B8
S21403419045138DF804302046019A00F08EF9284620
S2140341A007F08EFB82464946284607F044FB9DF8F7
S2140341B00430AA7966F3010368F345138DF80430D7
S2140341C08DF805A0BDF804300C32AB529DF80430D0
S2140341D0A9189A066B7948BF8F7043F001036B7179
S2140341E0FDF7AFF806462046294650F8A48F07F099
S2140341F0C9FB94F84631013384F84631A36A1B079A
S2140342000CD5B4F87C30012B02D92046FFF756FFB5
S214034210304602B0BDE8F047FDF799B8656801F08F
S21403422096FE0746E8F7B4FB8442F1D1ED1BB5F5DD
S2140342307A7FEDDDB8F1000F03D0D4F8A030002B61
S214034240E6D1E8F73DFFE3E708B5022007F077FC81
S21403425010B100F043FE012008BD10B504464FF42C
S21403426040712830FFF7C5FB2046BDE8104000210B
S214034270E5F7EABC012310B5A1F12002C1F1200441
S21403428023FA04F403FA02F222438B40D0E90841EE
S21403429023400A40134314BF0120002010BDC36A05
S2140342A010B5044613F0080012D00123A1F1200232
S2140342B0C1F1200023FA00F003FA02F202438B4016
S2140342C0D4E9080103400A40134314BF0120002029
S2140342D010BD10B50C46C9B2FFF7E1FF70B1E6F7A3
S2140342E087FDC4F12002A4F12003E04001FA02F2A4
S2140342F0104321FA03F3184300F0010010BD70B514
S21403430004460E46E6F7A6FEFDF71BF80546022111
S214034310204684F87760E4F7F7FF20460021E8F7A5
S21403432021FA2846BDE87040FDF711B870B504467B
S2140343300D46FDF706F80646E8F72AFB844201D148
S214034340E8F79EFE3046FDF702F829462046BDE80C
S2140343507040FFF7D4BF0B68C0F84031704738B5DC
S21403436040F64805D0F840310C460B609BB2AB4292
S21403437004D90B21FFF7ADFF08B9258038BD44F2F9
S21403438090232380FAE708B500F0FBF8E5F724F955
S21403439000F044FB00F008F8E6F794FDE7F750FB5F
S2140343A0BDE80840E7F7CCBB704770B515460E4628
S2140343B01C46FFF7C6FB2B684EB103606B68436071
S2140343C02368C0F825302368C0F8153070BD8360B5
S2140343D06B68C3602368C0F829302368C0F81930B7
S2140343E0F4E770B50546FFF7ACFB0446FCF7A9FFF8
S2140343F006464FF480712846FFF7A7FB4FF400618B
S2140344002846FFF7AAFB3046FCF7A1FF0023284601
S21403441023612375236284F82430FFF794FB8023FB
S21403442010F0080F14BF237584F8243070BD10B540
S2140344300446FFF712FF2046BDE810401021E4F7BC
S21403444063BF10B504464FF46061FFF789FB20464F
S214034450BDE81040FFF701BF7FB506460C46FFF7E1
S21403446070FB4FF4C06105463046FFF776FB4FF40A
S21403447000613046FFF774FB4FF48060E6F75EFC9E
S214034480224670B969462846E5F7BEFF6B4605F136
S214034490100213F8011B02F8011DAA42F9D104B059
S2140344A070BD6C4602F11006234610685168083248
S2140344B003C3B2421C46F7D1E8E7F0B587B00D4612
S2140344C0ADF80C20FFF73DFB0446284607F0F8F945
S2140344D0064600B32846E5F7D5FF9DF80C3005AF32
S2140344E003F02303224631460093019704F1200389
S2140344F0FDF7F9FB2846E5F7DBFF04223946284695
S21403450007F01BFC236A0133236223B994F8243093
S214034510013384F8243007B0F0BD30B585B003917D
S214034520ADF80820FFF70DFB0446039807F0C8F91B
S214034530051F002D02DC002005B030BD0398E5F70B
S214034540A1FF431901939DF80830224603F0230385
S2140345500093294604F11003FDF7B6FB0028EAD1C1
S2140345600398E5F7A5FF042103A807F04BFA236990
S214034570013323610BB10120DEE7237D013323756D
S214034580F9E708B54FF40060E6F7D8FB40B94FF4F7
S2140345908050E6F7D3FB40B9BDE80840EAF744BBD2
S2140345A0FFF7C2FA0028F2D008BDFFF7C1FA0028C9
S2140345B0F2D0F9E741F0004141F4E0210160704791
S2140345C007B501A8019107F0F6F8002003B05DF8DF
S2140345D004FB704770477047704710B5DC1D043303
S2140345E083734379C47123F0030343F003030E2458
S2140345F04371012344738371C3730182827410BDB4
S214034600D31CC3713E2343734379827323F003039E
S21403461043F0030343710123C173837170470F2370
S2140346204373042383734379A0F8111023F0030321
S21403463043F00303437140F20173C3800123C27343
S21403464003747047D31CC3714379417323F0030388
S21403465043F003034371012382738371704708B5E4
S2140346600023FFF7BAFFBDE80840E6F70FB82DE9C9
S214034670F84380460220894617461E4607F05FFA2F
S214034680D0B10C2343730823837340F60133457973
S214034690C38025F003059DF8203045F003054571DA
S2140346A0A0F8108080F81290A0F81370A0F8156098
S2140346B0C373E5F7EBFF0120BDE8F88308B50220D6
S2140346C007F03DFA30B101221121FFF799FFE5F714
S2140346D0DDFF012008BDF8B504460F461646132134
S2140346E01D460922FFF78CFF83790C331C44A17007
S2140346F0E77026712B68C4F80530AB88A4F8093038
S214034700BDE8F840E5F7C2BF70B5064602200D4681
S21403471007F015FA044668B114210422FFF770FF68
S21403472083790C331C44A170A4F803606571E5F724
S214034730ADFF012070BD08B501F06BFD08BD2DE986
S214034740F041074602200D4690461E4607F0F7F94D
S2140347500446E0B109222121FFF752FF0A2283799A
S2140347600C331C44BDF9183084F8038093FBF2F332
S21403477023729DF81C30A7806372BDF92030A671A2
S21403478093FBF2F3E571A372E5F780FF0120BDE822
S214034790F08137B5044607F093F83E22A379C0B2FA
S2140347A00C33E518E254831E6B700D23AB70AB79A4
S2140347B01C38012BE8768DF8073009D10023E91D54
S2140347C01A460DF10700FEF755FE9DF80730AB714C
S2140347D02046E5F75BFF03B030BD704710B5E5F73D
S2140347E08FFF837900210C33C418E078E4F792F93D
S2140347F06168FFF777F80446E5F788FF2246BDE8C9
S214034800104000234FF61941FFF7E7BE10B5E5F752
S21403481077FF837900210C33C418E078E4F77AF93C
S2140348206168FFF76DF80446E5F770FF2246BDE8BA
S214034830104000234FF61A41FFF7CFBE70B5E5F7D9
S2140348405FFF002186790446FE20E4F763F90546F8
S214034850E7F742FB50B10C24E5F758FF2246BDE8C4
S2140348607040002342F20501FFF7B7BEE7F77AFB75
S2140348700028F0D134440F342DB121462846FFF7E3
S2140348804FF80028E7D02046E6F7A4F90024E3E72C
S2140348902DE9F041E5F734FF837900250C33C4187E
S2140348A0E678E5F72DFF0768E5F72AFFA6F1FE038E
S2140348B05942594105603046E4F72CF93B462946F0
S2140348C02279FEF769FF0446E5F720FF2B462246CA
S2140348D0BDE8F04142F23701FFF77FBE2DE9F04114
S2140348E0E5F70EFF837900250C33C418E678E5F761
S2140348F007FF0768E5F704FFA6F1FE03594259418F
S21403490005603046E4F706F93B4622790121FEF7B7
S21403491043FF0446E5F7FAFE2B462246BDE8F04180
S21403492042F23801FFF759BE2DE9F047E5F7E8FEF6
S21403493083790C33C418277994F8038027B9B8F120
S214034940010F27D0E4F748FB00260534BE420ADBF6
S2140349500025E5F7DBFE2A46BDE8F047002342F2D2
S2140349603901FFF73ABE2078B4F80150A0F1FE03F0
S2140349705942594194F803900434E4F7CBF858B1FC
S2140349802A464B464146E4F723FA05460028E0D17B
S2140349900136DBE71225DCE74225DAE710B5E5F753
S2140349A0AFFE837900210C33C418E078E4F7B2F83D
S2140349B080B1211DFEF7B4FF00280CBF0C24002491
S2140349C0E5F7A4FE2246BDE81040002342F2350177
S2140349D0FFF703BE4224F3E7FE282DE9F843064615
S2140349E0894690461F4616D0022007F0A8F80446CC
S2140349F090B106221221FFF703FE1223A579204663
S214034A000C352544AB7085F803902E71A5F8058008
S214034A10EF71E5F73BFE0120BDE8F883704710B55C
S214034A20E7F75AFA0446FEF718FD2043C0B210BD56
S214034A3038B5E5F765FE8379C17903F10C020244C4
S214034A40CB1A02200021B2F8035007F0A3F904465C
S214034A5040B9E5F75BFE0722BDE8384042F219018C
S214034A60FFF7DDBD2846E4F725FC38B12146E6F717
S214034A70FBFF0446E5F74AFE2246EDE72046FCF731
S214034A8081F80224F6E770B5E5F73AFE8379184411
S214034A90B0F80F60B0B2E4F70DFC80B1002100F06F
S214034AA06DFE0546E5F732FE044602232A4642F229
S214034AB01B01FFF792FDA3791C44668270BD022595
S214034AC0F0E770B5E5F71CFE83790C33C418B4F829
S214034AD003502846E4F7EEFBA0B1611D00F04EFE3E
S214034AE00646E5F713FE04460223324642F21A014F
S214034AF0FFF773FDE37923449D72E3792D0A1C4483
S214034B00E57270BD0226ECE710B5E5F7F9FD83798B
S214034B100C3318444479B0F80300E4F7CBFB60B1D8
S214034B202146E6F77DFD0446E5F7F0FDE2B240F2E6
S214034B300641BDE81040FFF772BD0224F4E770B5E6
S214034B40E5F7DEFD83791844B0F80F50FCF7F9FB60
S214034B5004462846E4F7AEFB80B11621FFF7E6FBD2
S214034B6000252046FCF7F3FBE5F7D0FD2A46BDE813
S214034B70704000234FF60441FFF72FBD0225F0E7F0
S214034B80F8B5E5F7BDFD847905460C340444B4F85E
S214034B900300E4F78FFB064640B9E5F7B7FD0222AC
S214034BA0BDE8F84042F21301FFF739BDAB79E97966
S214034BB003F10C020220CB1A2A44002107F0EAF87C
S214034BC0014618B9E5F7A2FD0722E9E7837903331F
S214034BD083713046B4F80D50B4F80F70E6F7D4FC82
S214034BE004463A4629463046FFF78DF8E5F78EFD2C
S214034BF02246D5E738B5FCF7A4FB0446FFF70FFFBC
S214034C0000280CBF0C250025E5F780FD2A4642F256
S214034C100E01FFF724FDE7F73BFA2046BDE83840D0
S214034C20FCF795BB10B5E5F76BFD83791844B0F830
S214034C300F00C0B2E4F7ACFEE5F768FDBDE8104030
S214034C40002342F224011A46FFF7C7BC2DE9F843B6
S214034C5081460220884617461E4606F070FF044625
S214034C6090B10A220321FFF7CBFC0023A579204647
S214034C700C352544EB70A5F80490A5F806802F8123
S214034C806E81E5F703FD0120BDE8F8832DE9F043C7
S214034C90814685B002200E461F469DF844808DF857
S214034CA00F2006F04CFF0546002844D02222292177
S214034CB0FFF7A6FC0022AC7930460C342C4404F1F2
S214034CC00E0304F11401C4F80E209A806261228355
S214034CD000913A460DF10F01FEF7CDFB9DF84030EB
S214034CE0A4F80490E37006F00103A3719DF80F3057
S214034CF016F0FD0FE3713B68A360BB88A3814FF6F4
S214034D00FF7304D0032E08BF43464FF0FF08BDF8D9
S214034D10302028466283BDF8342084F82180A2839D
S214034D20BDF838206384E2839DF83C2084F8202075
S214034D30E5F7ACFC012005B0BDE8F083F8B50746FF
S214034D40022016461D4606F0FAFE044690B10C22D3
S214034D500421FFF755FCA1799DF818300C31214446
S214034D6020468F80C1F80660C1F80A50CB70E5F77D
S214034D708DFC0120F8BD70B5064602200D4606F0F0
S214034D80DEFE044668B103223021FFF75BFCA379FD
S214034D9020460C332344A3F803609D70E5F776FCA6
S214034DA0012070BD70B5064602200D4606F0C7FE0C
S214034DB0044688B104220821FFF744FCB5FA85F2BD
S214034DC0A37952090C3323442046A3F803605A718F
S214034DD09D70E5F75BFC012070BD2DE9F843814625
S214034DE00220884617461E4606F0A9FE0446B0B1C2
S214034DF00B220721FFF704FCA579BDF820300C35FC
S214034E0025442046A5F80390A5F80580A5F8077065
S214034E10A5F80960A5F80B30E5F738FC0120BDE8D6
S214034E20F883F8B5074602200E46154606F087FEB9
S214034E300446A0B10D220521FFF7E2FBA379204625
S214034E400C332344A3F80370A3F80D602A68C3F851
S214034E5005206A68C3F80920E5F718FC0120F8BDA9
S214034E602DE9FF4116466A4680460F4615460A9CBC
S214034E7003F1100E9446186859680833ACE803002B
S214034E8073456246F6D124B9022006F058FE04465E
S214034E9008B31D22ED212046FFF7B2FBA3790C339E
S214034EA02344A3F80380A3F80D702EB13268C3F829
S214034EB005207268C3F809200F3304AE2A4603CAD6
S214034EC0B24218605960154603F10803F6D120462E
S214034ED0E5F7DCFB012004B0BDE8F08113B5132130
S214034EE0827901900C32841881544FF44072C28048
S214034EF0E5F762F9A07020B901A806F05CFC02B0E1
S214034F0010BD8000013060700198E5F7BFFBF6E73F
S214034F1070B5064602200D4606F011FE044678B12B
S214034F2004220521FFF78EFB0022A37920460C33CB
S214034F302344A3F803605D719A70E5F7A7FB01208D
S214034F4070BD13B5837901900C33C418C05CE4F7C5
S214034F50B1F920B901A806F02EFC02B010BD6378A3
S214034F60019913F0300F0CBF012200228B79043312
S214034F708B714B7962F300034B71E4F765FEECE744
S214034F802DE9F041E5F7BCFB83790C33C418B4F87C
S214034F9003801FFA88F0E4F78DF9054600B3A2797B
S214034FA06179FEF7BFFE0646E5F7B0FB0746022328
S214034FB0324642F27A01FFF710FBBB7938463B4490
S214034FC0A3F81280E5F762FB46B9A37933B1284606
S214034FD0FFF76FF801462846FEF775FDBDE8F0813A
S214034FE00226E1E700F05FBE50E8003F0B4340E8CF
S214034FF00032002AF8D17047704770B50E46154642
S214035000E4F716FB044648B93046E4F7C9F8044605
S21403501020B92846E9F730FD044640B10020E4F7FE
S21403502007FB0020E4F7BCF80020E9F725FD20463F
S21403503070BD4FF40010EAF73DB8E8F7EFBEE5F7AA
S214035040ABBD4368143B4360A0230B6070471AB99B
S2140350504268A2EB530242600A6802EB83020A60CC
S2140350607047884210B518D8052816D9B1F5486F89
S21403507013D8B3F5FA7F10D240F67644A2F10A00AD
S21403508080B2A04209D801339BB24B435B00B3EB1B
S214035090C20F94BF0120002010BD0020FCE7C943C7
S2140350A050E8003F0B4040E80032002AF8D1704732
S2140350B0002070472DE9F04104460F4600264FF0C6
S2140350C00108214686F00100FEF734FD4FF48051B7
S2140350D0FFF7E5FF836833B940460EB1BDE8F081BC
S2140350E001268046EDE7028ABA4206D10022012154
S2140350F0204698470028EFD1EFE70268D205EBD5A4
S21403510000221146F4E708B5FEF72DFD00230380C1
S214035110436008BD70B506460C46FCF712F9054613
S2140351203046FEF720FD30B103781C4304704FF47D
S2140351300070E9F7BFFF2846BDE87040FCF707B9E3
S214035140E4F782BD07B542798DF8071022F0030213
S21403515042F00302427140F203320DF10701C280AE
S214035160012206F00BFB03B05DF804FBF8B5174607
S21403517006460C461D46FEF7EEFC020713D5022133
S2140351803046FFF777F870B111212046FFF7DAFFB4
S2140351902046E5F707FF4570877021463046BDE891
S2140351A0F840E4F751BD28204FF08861C5F120028E
S2140351B0A5F12003E94000FA02F220FA03F31143B3
S2140351C01943CB07E0D40D212046FFF7BBFF20464B
S2140351D0E5F7E8FE4770E0E770B50C46054607219D
S2140351E020461646FFF7AEFF2046E5F7DBFE2146D0
S2140351F046702846BDE87040E4F726BD38B50C4631
S21403520000210546FEF7BFFC47F6FE73241AA4B238
S2140352109C4205D928462821FFF771F8002038BD9F
S2140352200120FCE738B504460D4601460020FEF78C
S21403523081FC03689B0505D429462046BDE8384013
S214035240FFF7DCBF002038BD2DE9F04115461F46A9
S2140352509DF81880FEF76EFC0446FCF772F8B8F16A
S214035260010F064623D154E8003F43F4807344E815
S2140352700032002AF7D105B354E8002F42F4007237
S21403528044E80023002BF7D1FF212046FFF707FF52
S21403529054E8002F48EA020244E80023002BF7D123
S2140352A03046A5602782BDE8F041FCF750B84FF4BE
S2140352B080712046FFF7F3FEDDE74FF400712046CA
S2140352C0FFF7EDFEE0E773B5064601200C46FEF752
S2140352D031FC002305461A46009321463046FFF765
S2140352E0B3FF6B6863B14FF480712046E4F70CF8A4
S2140352F055E8003F43F4007345E80032002AF7D12F
S214035300FCF71FF805462046FEF72DFC28B1038858
S2140353101BB14FF40070E9F7CDFE284602B0BDE896
S2140353207040FCF714B838B505460C46FEF702FC89
S21403533083684BB10221204600229847214628461F
S214035340BDE83840FFF7BFBF38BD012938B505466D
S2140353500C4608D0CC1E012C03D801460120FFF7CB
S214035360E2FF012038BD2221FEF75CFC20462946D9
S214035370FFF7D9FF0020F5E708B5FEF7DBFB00686B
S21403538000F0F00008BD10B5014604460120FFF703
S214035390F3FF20B92146BDE81040FFF7EDBF10BD6F
S2140353A070B506460C4601460120FEF7C3FB3146A0
S2140353B005460020FEF7BEFB2B680268014643EA5B
S2140353C00200C0051ED49B0502F4007203D49AB9EA
S2140353D04FF0FF3070BD2B8A1B1B98B27AB1098A37
S2140353E0091B89B28842A8BF08464FF6FF73984246
S2140353F008BF4FF0FF30EDE74FF6FF70EFE74FF6CD
S214035400FF71EFE70120E5E72DE9F341044601913B
S214035410014601201546FEF78DFB21460646002071
S214035420FEF788FB80462046FEF78DFB810606D5F1
S21403543001A806F0C0F90C2002B0BDE8F081FBF726
S21403544080FF336807469A0503D4D8F800309B05D7
S21403545009D50199301D8D6006F094FA3846FBF79E
S21403546076FF0020E8E7FBF772FF20460199A8477E
S214035470E2E738B5014604460120FEF75BFB054626
S2140354800C3006F098F9281D06F095F92146002001
S214035490FEF750FB04460C3006F08DF9201DBDE8E0
S2140354A0384006F088B970B5014605460120FEF778
S2140354B041FB0646043006F0FBF9044670B14FF490
S2140354C000713046FFF7EBFD21462846A368984750
S2140354D020B12046BDE87040FBF754BB70BD0023E7
S2140354E08260C0E90031704708B50B46014618468E
S2140354F0FEF720FB0068C0F3402008BDFFF725BF7A
S214035500CB1E012B70B504460D46164606D81A2147
S214035510FEF788FB40212046E3F7F6FE324629468F
S2140355202046BDE87040FFF710BF38B504460D4669
S214035530FEF764FB28B1012D04D122212046FEF795
S21403554071FB002038BDF8B50C468B7907460B4433
S214035550D3F80D60D3F811303246E4F757FB092130
S2140355602046FFF7EFFD2046E5F71CFDA579E5F796
S2140355703FFC0C3566F0FF0625440640C5F801607F
S214035580E5F736FC3846C5F805102146FFF7D8FD83
S21403559002213846FFF7BEFDF8BD70B50E46054638
S2140355A001460020FEF7C6FA012E044603D0022E5B
S2140355B011D0012070BDC16828468B7919440D317E
S2140355C0FEF799FBE068FBF7DDFA00202946E0606A
S2140355D0FFF779FEEDE7C068FBF7D4FA0023E36034
S2140355E0E7E738B50D46044601460120FEF7A2FA62
S2140355F0012D08D100F112012046FEF77CFB21465F
S2140356002846FFF760FE012038BD08B5FEF79BFA73
S214035610C0F3C00008BDF8B50C460746FFF7F5FF14
S21403562080F00106F6B239463046FEF783FA0546A1
S214035630C068012C837903D0022C1BD00120F8BD4F
S2140356400C33C41823893846E288A188FEF72BFC5E
S214035650618862784900384689B25200FEF7AEFA8E
S214035660E868FBF78FFA002339463046EB60FFF70E
S2140356702AFEE3E7FBF786FA0023EB60DEE708B5CE
S214035680FEF769FA00F0010008BD38B50C460221A2
S2140356900546FEF762FA0C212046FFF753FD204627
S2140356A0E5F780FC4FF0FF3383700223C3700D23AE
S2140356B043706FF02F030371052321464371284679
S2140356C0BDE83840FFF73CBD042910B5044601D0B9
S2140356D0002010BDFFF799FFC0F10200E5F72EFB8F
S2140356E00028F5D106F02BFA014608B90220F0E7A8
S2140356F02046E5F767FF0028F8D10120E9E708B55B
S214035700FEF721FAC0F3C00008BD2DE9F0410F46AD
S21403571004469046FFF7F3FF80F00105EDB22146FD
S2140357202846FEF707FA012F064603D0032F0FD0AD
S21403573001200BE02046FEF784FE22212046FEF7DA
S21403574071FA28462146FFF7EEFD0020BDE8F081FA
S214035750C068FBF717FA00232046F360FEF771FED6
S21403576020465FFA88F1FEF75DFA20462021E3F72C
S214035770CBFD21462846FFF7D6FDD9E737B50446C5
S2140357800D46FEF7E8F903054CD5022006F0D7F9D7
S2140357900190002848D0204645B3FFF7B0FF50B12C
S2140357A005210198FFF7CEFC0198E5F7FBFB2046A1
S2140357B00199FFF7C5FC20462946FEF74DFE204615
S2140357C0FFF79DFF78B94FF400612046FEF7C0F956
S2140357D006210198FFF7B6FC0198E5F7E3FB2046A0
S2140357E00199FFF7ADFC002003B030BDFFF787FF3C
S2140357F068B10199032306222046FFF7B7FC20462B
S214035800FEF71FFE21462846FFF78DFDEBE701A8AE
S21403581005F0D1FF20463D21FEF771FD2046FEF739
S21403582010FEE0E70C20DFE70720DDE7F7B50146CB
S21403583004460020FEF77EF9054600F112074FF4F2
S2140358408060E5F77BFA50B92046E3F747FD3A4612
S214035850698B80B203B0BDE8F040FFF7E2BA20469A
S214035860E3F73CFD064620466D8BFEF76AF90022F9
S2140358700346009229463A46B0B2FFF7F1FA03B060
S214035880F0BD83781A2B09D81B2383700288B2F5E0
S214035890A47F07D24FF4A473038007E0FB2BF5D94C
S2140358A0FB23F2E744F290239A42F5D87047F0B50B
S2140358B00446CA798B7987B043EA0223ADF80C30E5
S2140358C08B8803A88DF80E30CA788B7840F6480587
S2140358D043EA0223ADF810300B8805A98DF8123081
S2140358E0FFF7CFFF04A8FFF7CCFF2046FEF737FDF0
S2140358F00B212046FEF7EDFC44F29023002818BF48
S2140359001D46BDF80C709DF80E30BDF81460BDF84A
S21403591010209DF816009DF81210AF42D4BF0097D2
S2140359200095FB2BA8BFFB23B242A8BF3246814299
S214035930A8BF01462046FEF729FB07B0F0BD37B5E2
S214035940144605461046FFF7FDFB2046E5F72AFBFF
S21403595001A904462846FEF702FD0B212846FEF75A
S214035960B8FC6FF004036370002344F29022A37024
S21403597040F64803002818BF1346A4F803309DF8E2
S2140359800630A4F80530BDF80430A4F8073003B099
S21403599030BDFFF7DABC022973B505460C4603D0C3
S2140359A00024204602B070BD0521FEF763FC0028E4
S2140359B0F6D0E3F7F3FF1B28F2D94FF40040E5F7E0
S2140359C0BDF90028ECD106F0BAF806460028E8D060
S2140359D0284601A9FEF7C3FC314628469DF8063043
S2140359E0BDF80420E6F7C2F80028D9D10124D8E789
S2140359F030B190FAA0F00123B0FA80F08340D8B219
S214035A00704770B50646FEF7A6F880F04004020617
S214035A100546C4F3801406D408213046FEF73FFC3F
S214035A2008B144F00204EB0506D40B213046FEF71A
S214035A3036FC08B144F00404204670BD2DE9F84353
S214035A40044691460F46FEF786F8C0F340152046F7
S214035A50FEF72CFB214680462846FEF76BF84946A0
S214035A6006462046FEF7DEF898F80110384601F0A1
S214035A700F0100F024FA062814BF014600212A4627
S214035A802046FEF7B7FA21462846FFF71CFC2021DE
S214035A902046FEF765F856E8003F43F4805346E891
S214035AA00032002AF7D1BDE8F883F8B50E4604465F
S214035AB01546FEF750F8032EC0F340170DD0042EFC
S214035AC016D0012E12D122212046FEF7ABF8384617
S214035AD02146FFF728FC0020F8BDEAB20021204645
S214035AE0FFF7ACFF21463846FFF71DFC0120F3E71E
S214035AF00C22F3E7012910B504460BD1FEF72BF869
S214035B002146C0F34010FEF715F80022817C20469C
S214035B10FFF794FF012010BD2DE9F7430F46054616
S214035B20FEF719F800F02009C0F340182846FEF7E0
S214035B30BDFABB790C333B445E789B781E400378F2
S214035B40C3F3030000EA13103040FFF751FF044687
S214035B5048B9B9F1000F06D12846FFF752FF304087
S214035B60FFF746FF04462846FEF7A3FAE8F732F89F
S214035B70A04223D01CB302212846FEF704F80021D6
S214035B8006462846FEF72DF918213846FFF7DAFAB7
S214035B903846E5F707FAB6B2394644708470A0F87B
S214035BA003602846FFF7CCFA23462246294640469A
S214035BB00096E6F715F803B0BDE8F0830024264602
S214035BC0E2E770B504460D46FFF7DDFB28B9294624
S214035BD02046BDE87040FFF79FBF40282946204671
S214035BE0BDE870404FF0160314BF2A222322FFF7A6
S214035BF0BDBA38B505460C46FDF7ADFF830604D49B
S214035C002046BDE83840FAF7BDBF21462846BDE822
S214035C103840FFF781BF73B58C7906460C340C44C5
S214035C200D46FDF798FFA278C0F34010032A14D060
S214035C30052A28BF00226378032B10D0052B28BF24
S214035C400023B4F8031000913146E5F7C9FF284650
S214035C5002B0BDE87040FAF795BF0022EBE70023D9
S214035C60EFE708B58B790B441B7B162B03D0172B5A
S214035C7005D0002008BDFFF7A4FF0120FAE7FFF7D1
S214035C80B8FFFAE708B58B790B441B7B162B03D0BA
S214035C90182B05D0002008BDE5F7CCFF0120FAE756
S214035CA0FFF7B9FFFAE770471FB54A1E042A0346F3
S214035CB00C465FD8012902D1008804B010BD022922
S214035CC005D100885B88984238BF1846F5E74A0036
S214035CD0014601A805F047FA032C07D10023ADF8C7
S214035CE00A304FF6FF73ADF80C3001E0042CF8D001
S214035CF0BDF80620BDF80430934284BFADF80630E5
S214035D00ADF80420BDF80A30BDF80C20934288BFD6
S214035D10ADF80A20BDF80A2088BFADF80C30BDF8F0
S214035D200430934288BFADF80A30BDF80620BDF8AC
S214035D300C309A4288BFADF80630BDF80820BDF88F
S214035D400630934284BFADF80830ADF80620BDF8A0
S214035D500A30BDF808209A4288BFADF80830BDF86F
S214035D600820BDF806309A4238BFADF80830BDF8B3
S214035D700800A2E74FF6FF709FE7012804D0022829
S214035D8004D030B9E7F788BBE7F776BB0020E6F721
S214035D90F1B8704710B1012803D070470120E6F729
S214035DA0E9B80020FBE7F7B51F468B1E012B054617
S214035DB00C46164613D8FDF758FB0023CDE900051D
S214035DC0F01A18BF01201A463946FDF75CFB80B16E
S214035DD0022C0BD12846E4F7D7FE002004E0002966
S214035DE0F8D0012902D0FF2003B0F0BD2846E4F71F
S214035DF00FFF0120F8E770B50D4600219DF81060EF
S214035E000446817106F10C014173111E18BF01216E
S214035E1003F00F00237B40EAC11003F0400318434E
S214035E2020732B469DF8141004F10E00FFF7BBFFFA
S214035E30237B0E3660F3861323732B686361AB886C
S214035E402383A3793344E37170BD10B541890446B7
S214035E508389C2890846FFF704F9E0B1E279531E45
S214035E60072B19D86389934216D922899A4213D8E5
S214035E70237C43B9637C33B9A37C23B9E07C10B994
S214035E80237D0F2B07D9607D1B3000F01F000B28E6
S214035E908CBF0020012010BD0020FCE708B5E8F702
S214035EA01FFBBDE808400020E8F788BBC94350E85D
S214035EB0003F0B4040E80032002AF8D17047022822
S214035EC008D0042803D0012818BF0620704701F025
S214035ED00101C81C7047E8F7D1BE0A2802D8013072
S214035EE0C0B27047242801D80230F9E7252805D028
S214035EF0262805D0272818BFFF20704700207047A4
S214035F000C20704708B5E7F7E1FEBDE808404FF000
S214035F100060E9F7CFB808B5E8F7B6FE20B1BDE8EC
S214035F2008401020FFF7EEBF08BD70477047704764
S214035F307047704700207047704770477047704738
S214035F40704710461946704700200021704704F03A
S214035F500EBCF3F787BB04F0C2BC08B5E8F7B8F885
S214035F6020B1BDE808400420FFF7CCBF08BDF0B55C
S214035F7085B00D4616468DF8070002B983B3294649
S214035F809DF80700FDF785FA044690B929469DF863
S214035F900700FDF782FA20BBF6B19DF8070000382C
S214035FA018BF01202946E8F72FFD441C18BF01241B
S214035FB017E002AF012239460DF10700FDF76BFA31
S214035FC0024604464EB19DF80730181E18BF01203E
S214035FD0002A18BF3D46E5E70124FDF749FA00B954
S214035FE00124204605B0F0BD37B50246136A0846BD
S214035FF003F4007403F40015DB0505D47CB9E4F759
S214036000C3FD204603B030BD4CB9B5FA85F4D2F8CB
S214036010551064090160B2F859208280F1E70190B7
S21403602092F95430B5FA85F4009300231A461946BC
S2140360301846FDF728FA6409E3E7704770470246F7
S21403604019460020E8F7BEBB0020704700207047C3
S21403605007B500214FF0FF336A46084600938DF8D4
S2140360600430E8F741FD03B05DF804FB38B5054698
S214036070006805F03AFA0446287900F01F0005F098
S21403608034FA2044C0B2012894BF0020012038BD52
S21403609070477047914270B50D4614461E4609D2A6
S2140360A0FFF719FF641B013490FBF4F303FB1400A2
S2140360B00544ACB23480FFF70EFF33880133B0FBE0
S2140360C0F3F202FB1300049B188070BD7047704701
S2140360D070470120704708B5202000F097FF00386E
S2140360E018BF012008BD08B5FFF7F5FF20B1BDE8CE
S2140360F00840202000F092BF08BD73B506460D4643
S2140361001446D2B100F07FFFA84218D8304600F0FC
S2140361108FFF01460190A0B100232A46204605F0D2
S21403612040FB01A805F047FB2246022052F8041B59
S21403613000F02BFF002002B070BD2220FBE72120D9
S214036140F9E72D20F7E708B5FAF74EFA08B101206C
S21403615008BD00F060F8FAF74FFA0028F7D1EBF71E
S21403616035FB003818BF0120F2E708B5E8F750FF03
S21403617000280CBF0420012008BDE8F757BF002005
S214036180704730B50446154687B00846FEF757FFF6
S214036190122200210DF1060004F0DAFFA368ADF821
S2140361A004500293E3680393E38BADF81030238C1B
S2140361B0ADF81230FFF7E3FF029B8DF8140043F4AB
S2140361C01053029300F090FE18B1029B43F00403B1
S2140361D0029301A8E4F7C4FD10F0FF0516D1A38CC3
S2140361E00DF10201ADF80030E38C6846ADF80230DD
S2140361F000F069FDE8F7B6FFFEF71FFF012104F084
S21403620099F9EAF76BFC284607B030BD40F20C401C
S214036210FAE7E8F7B7BFFCF7F7B8E1F7AFBDC16039
S214036220704741EA002008B540F49020FCF787FB4E
S214036230014640B110F1880F05D0BDE8084040F292
S2140362400740EDF7C3BB08BD0120704770B50C4689
S214036250064611461D46E9F75DF858B144EA06209E
S2140362606FEA40406FEA50402A46BDE8704080B26D
S214036270E8F7A4BF40F2064070BD837901461A07CB
S21403628003D506220020E9F7CFB89B0602D50622DF
S2140362900120F8E74FF0FF3070478379532B01D185
S2140362A0E9F7F4B8FFF7E9BF70B5064614461D468E
S2140362B0E9F730F810B90024204670BD41EA0620FD
S2140362C06FEA40406FEA50402A46214680B2E8F71C
S2140362D093FF0028F0D0EEE713B50446E9F71AF863
S2140362E010B9002002B010BD08226B4611462046A6
S2140362F0FFF7DAFF0828F4D19DF80230002BF0D020
S2140363009DF90300013018BF0120EBE7704700201A
S2140363107047532838B505460C4604D1BDE83840C7
S2140363200846EDF7D7BB0620FAF7DAFD68B96379B6
S214036330142D03F03F03637104D0722D08D163F06C
S2140363403F0363710020A57138BD40F20740FBE7A9
S2140363502120F9E71FB550F80C4BADF80A3094F836
S2140363607040069BADF806108DF8082040F20351E6
S21403637001AA8DF80440039305F052F910B906A854
S21403638005F019FA04B010BD2DE9F0414FF00008EE
S21403639086B004460E461546CDF80C8000F1440739
S2140363A012B303A805F007FA384605F004FA84F892
S2140363B01C8000233246009318212B46204600F00B
S2140363C0BCFF05F58855204650F80C3B40F20551B6
S2140363D093F8703004AA8DF81030059505F020F96F
S2140363E0002006B0BDE8F08143691A0710D4A8461A
S2140363F0384605F0FEF903460390C0B903A805F036
S214036400DAF9384605F0D7F90023237755B1D0E7F4
S21403641023F00803436103A805F0CDF9384605F0D9
S214036420CAF92577204601F004F80025CBE79979C9
S214036430204601F10C021A44B2F801600531B2F8A5
S21403644003209971314601F01EFDCDF80C8000281B
S214036450CED00546D2E72DE9F84F0E4691469A462A
S21403646005469DF828B010B1037C012B60D0284662
S21403647001F020FA304601F099FB002231468046AF
S214036480284601F006FC0746304601F088FE42F631
S214036490052398421CD118F0300F26D1BBF1000F0C
S2140364A033D018F0200F3FD0BA073FD5EB8B002B25
S2140364B038D153464A463146284600F0ECFF044698
S2140364C0E8B940F20A412846EE8301F001FA16E0E5
S2140364D0284601F0A4FA0028DDD0284601F0B4FAD5
S2140364E00028D8D041F2121409E0B907D6D03146B5
S2140364F0284601F06AFC0028D0D000F588542846C8
S21403650001F0DDF92046BDE8F88F18F0100F0BD028
S214036510FB070BD553464A463146284600F098FFFC
S2140365200446ECE70524EAE72124E8E70224E6E745
S2140365300724E7E72DE9F047002586B09DF8389055
S21403654090F81CA004460F4690460F9E0577B9F1B7
S214036550000F09D00A464B465146009600F0EDFE62
S214036560284606B0BDE8F087BAF1080FADF81690D6
S21403657026D145893246043DADB29D424FF0020115
S2140365804FF00900A8BF1D4600F068FE02228146B0
S21403659005A93046ADF8147005F0CFFB2A464146F0
S2140365A0304605F0CAFB0546831C3146204689F86B
S2140365B00130EBF7D5FAADF81650BDF81600D0E764
S2140365C0BAF10A0F0DF116020CBF0B210D21CDE90E
S2140365D0016200930122434600F0D3FE1A28ECD151
S2140365E011233A4651462046CDF80090ADF8169052
S2140365F000F0A3FEE1E7F0B5002589B017460122B7
S21403660004460E460393ADF8165001F071FB8DF861
S2140366101500002846D1304601F0E2F910B13046A5
S21403662001F0A0FA304601F0D1FAB8B103A805F09C
S214036630C2F8204650F80C2B237F92F8702040F2C5
S21403664002518DF8182006AAADF81A608DF81C3092
S214036650ADF81E7004F0E4FF09B0F0BD0DF11503AC
S2140366600DF116023146204601F0DFFB9DF815308A
S21403667002465BB9BDF81630BB4235BF0723DB1BAA
S2140366808DF81530D21928BFADF81630039B314666
S21403669001939DF8153020460093BDF81630FFF79A
S2140366A049FFD9E72A46F1E770B504460D46164674
S2140366B001F096F940B933462A46214601F0E3FB3A
S2140366C008B100F5885070BD41F20310FBE71FB513
S2140366D050F80C4BADF80A3094F87040069BADF8B2
S2140366E006108DF8082040F2015101AA8DF80440E7
S2140366F0039304F095FF10B906A805F05CF804B000
S21403670010BD1FB550F80C4BADF80A3094F8704026
S214036710BDF81830ADF806108DF8082040F2045185
S21403672001AA8DF80440ADF80C3004F079FF04B0EC
S21403673010BDF0B5122785B00392077702220546EF
S2140367400E4601F0D5FA044668B103A805F033F8FF
S21403675000232B7700233246009312212346284634
S21403676000F0EBFD0FE0039A304693790333937101
S21403677001F02CFA48B1039B3A4600933146234670
S2140367802846FFF7E7FD05B0F0BD42F6293001F0D5
S2140367906DFCB04220D1039830B903A805F00BF87E
S2140367A000230D242B77D5E705F08AF880B201285D
S2140367B0F3D1039B28469A791344197B01F06AF9AF
S2140367C0044603A804F0F7FF00232B77002CC1D15F
S2140367D0284600F0F5FDD6E7224631462846039BB9
S2140367E001F051FB0446EFE72DE9FF410392042233
S2140367F004460D4601F07CFA074628B103A804F0C8
S214036800DAFF04B0BDE8F0814FF05208039A284639
S21403681093790333937184F81C8001F0D7F9064605
S21403682040B1039B4246009329463B462046FFF76A
S21403683091FDE6E742F6293001F018FCA842039BD7
S2140368400BD19A7920461344197B01F023F903A848
S21403685004F0B1FF00232377D3E7324629462046C8
S21403686001F011FBF6E72DE9FF418B7904460C3363
S2140368700B44B3F801700E463846B3F8038001F0B4
S2140368808DF9002858D002223946204601F030FA06
S2140368900546E8B9384601F099F968B11622227719
S2140368A0B37939460533B371204643460096FFF75E
S2140368B051FD04B0BDE8F081FAF7FAF833461B68D9
S2140368C00135EDB2002BFAD10635A8421DDC0925A9
S2140368D004F1440004F06FFF2B463A461621204687
S2140368E0009600F02AFD092DE3D1204650F80C3B14
S2140368F040F2055193F8703002AA8DF8083041F241
S2140369000913039304F08CFED3E70121304605F008
S214036910DFF901460028DAD004F1440005F032F826
S214036920B37942460533B37139463346204604B03D
S214036930BDE8F04100F053BD0125C9E713B5044691
S21403694041B9443004F037FF204602B0BDE810409A
S21403695000F06FBD18224369027713F0080306D0D0
S214036960002319460093FFF7F5FC02B010BD1A4644
S214036970194602B0BDE81040FFF706BD7FB5C58BCC
S21403698004462DB342F6052001F070FBA84207D15A
S2140369900021204601F05FF8636923F00103636179
S2140369A0002640F20A41204600F098FF29460DF1E2
S2140369B00E022046ADF80E6001F06BF9BDF80E200E
S2140369C003460092294602222046FFF79AFEE683F4
S2140369D004B070BD2DE9F74305460F46904601F017
S2140369E0DDF898B3284601F0E1F810F0300F30D008
S2140369F0284601F0DBF80646002000F0E4FF0446D4
S214036A0006F010091CB9204603B0BDE8F083002247
S214036A102946204601F03DF9B9F1000F01D0C10720
S214036A2012D4B20617D5830715D5012300933A4629
S214036A30434629462046FFF70EFD1A28E4D0204693
S214036A4000F0C1FF0446DDE70023EFE741F2011043
S214036A50DAE72120D8E70220D6E7F7B504461F4633
S214036A600E46154600F026FF237C012B58D0237FC5
S214036A70182B2CD063691B0713D5217F16292DD01D
S214036A8008D8122914D00225204600F018FF2846FD
S214036A9003B0F0BD18291AD05229F4D10023237766
S214036AA013E0304601F092F80028E6D12125EBE703
S214036AB00023237735B1009332462B46204600F059
S214036AC03CFC02E0204600F07BFC0025DCE72A467F
S214036AD031462046FFF758FC0546D5E700232377C3
S214036AE0002DE8D105211720BDF82430089A00951B
S214036AF000F0D8FB20B91123324612210095DDE7BA
S214036B0000F08DFB6269034642F0080262618279F7
S214036B103146053282713A46204600F060FCD4E7DF
S214036B200725B1E72DE9F041054688B042F6052072
S214036B3001F09CFA064604A8ECF794F8102205F137
S214036B4021010DEB020004F0D9FA50B101212846C9
S214036B5000F081FF284601F03BFB6B6923F001033D
S214036B606B6142F60303022003A9ADF80C30ECF781
S214036B70C1F9012407464FF0000820463A464FF66F
S214036B80FF7101F038FA044610B908B0BDE8F08189
S214036B9001F004F80134A4B20028EED0A64203D1D3
S214036BA031462846E9F7C0F8214628460DF10E027D
S214036BB0ADF80E8001F06DF803460028DDD0BDF871
S214036BC00E202146009228460122FFF79AFDD4E7BD
S214036BD008B5ECF735F80020E9F734FD002008BDCA
S214036BE010B90120E9F722BE70470220E9F714BE68
S214036BF00020E9F711BE38B50C460546E3F780FDDD
S214036C004379C47523F0030343F003034371092355
S214036C10837104F10C03C371A0F81550153038BD09
S214036C202DE9F3410D4616468046E3F769FD05F167
S214036C300C03C3714379044623F0030343F00303B1
S214036C404371092301908371A0F8158000F115079D
S214036C50304604F035FE33460544E5753BB901A8D6
S214036C60314604F08FFE384602B0BDE8F0815A790B
S214036C7022F0030242F002025A711B68EEE708B5DF
S214036C80E3F744FD83790C33184408BD08B5E9F7E8
S214036C901BFDECF7C7FCE8F733FFEBF79BFEBDE8FD
S214036CA00840FFF7A5BF10B50446E9F7B9FE20B9BB
S214036CB02046BDE81040F9F7F5BD2046F9F7F2FD8A
S214036CC0FFF793FFF1E773B50E4605F0E1F80446C8
S214036CD000BB42F6072001F0C9F90546D0B10A22E7
S214036CE0B6F900300021002BCBBF0533053BB3FBC1
S214036CF0F2F393FBF2F35BB28DF8073001230DF149
S214036D000702184605F046F80022034629461046B1
S214036D1001F0B9F8204602B070BD430803F05503EE
S214036D20C01A00F03303C0F3850000F033001844A4
S214036D3000EB101000F00F007047002110B5421D45
S214036D40441E14F8010FFFF7E8FF94420144F8D1FC
S214036D50084610BD0E2070470E2070470E20704761
S214036D600E2070470078EAF777BF13B50C460DF18F
S214036D7007020DF10601EBF75FF830B19DF8060048
S214036D80031B5842584102B010BD0120FBE7704771
S214036D902DE9F04383780D460D2B91B04FD109AC06
S214036DA02646821C00F11A032746106851680832EB
S214036DB003C79A423C46F7D113881C213B802846DA
S214036DC004F0F9FDBDF826402F6814F00C043ED1FC
S214036DD0384604F075FDA0F10208A0450DDA4FF021
S214036DE0FF3400239C428DF81C301EDB01223946FB
S214036DF0A31C07A804F0D5FC17E0631C0122394640
S214036E0005A804F0CEFC9DF81430012BE9D02346E8
S214036E100122394607A804F0C4FC9DF81C3013B1C0
S214036E2001331C44D9E78DF81C30EBF719FB012816
S214036E3008D002283FD050B9284604F0BCFC11B055
S214036E40BDE8F0839DF81C3013F0010FF4D09DF8D5
S214036E502F00EAF701FB80469DF83000EAF7FCFABC
S214036E600DF11C0904469DF828200DF1290105A8FB
S214036E70E8F720FF9DF836200DF137014846E8F77E
S214036E8019FF05A8FFF709FA05ABCDE90105074683
S214036E90224641463046CDF80090E9F79BFE2B6824
S214036EA0002BC9D0224641463046CDE9007505ABD6
S214036EB002F037FDC0E79DF81C3013F0030FC5E75B
S214036EC0EBF7BEBA704708B5ECF762F9002008BDC9
S214036ED0ECF70ABDEAF782BA704770477047704707
S214036EE0E8F736BA70477047002070477047704718
S214036EF07047F8B504460F46164613680A461D0A39
S214036F000021043504F024F9EDB221222046394647
S214036F1004F09FFB2046294604F024FCA27933683C
S214036F201444E360F8BD7047704770477047704776
S214036F30704702464FF482712020FFF7DEB8014601
S214036F4008B500F03800EAF775FB78B1D0E90132EE
S214036F504078C1F3074110F0020F08BF1346043B05
S214036F6053F8040F10B102788A42F9D108BD38B538
S214036F7005460C4604B938BD013C55F824301B6958
S214036F80002BF7D09847F5E770477047F8B5437876
S214036F900546DB0701D4EAF78FFB00266B786F689C
S214036FA023F00C0343F002036B7057F826402CB90A
S214036FB0202005F10C01F9F72FFE0FE0A368013638
S214036FC0002BF2D0984704460028EED031463846C8
S214036FD0FFF7CDFF6B7823F002036B702046F8BDF6
S214036FE04078C0F340007047437813F00E0F0CBF91
S214036FF001200020704710B5EAF7C8FB0446EAF7FD
S214037000DDFB204610BD4FF48270704708B5EAF7E3
S21403701011FBC068003818BF012008BD08B5EAF7A1
S21403702009FB20B1BDE80840C06804F0F5BB08BD05
S21403703038B5EAF7FFFA044650B1FAF782F905467F
S21403704004F10C0004F0D5FB04462846FAF77FF952
S214037050204638BD37B58379019003440446D86883
S21403706000F03800EAF7E6FA054628B901A804F066
S214037070A2FB022003B030BD204604F0A6FBFAF7BD
S21403708060F90446019905F10C0004F07BFC2046E8
S214037090FAF75DF9E7F7CAFF0020EBE72DE9F041C1
S2140370A004461F462502C4F3072305F4E06524F4CB
S2140370B07F441D4324F0C704EE1944F080048B7903
S2140370C044EA16243602B6B20C333443084601EBC0
S2140370D00308CC501146FFF7BDFF20B94544EF70B7
S2140370E04046BDE8F0814FF00008F9E7427810B556
S2140370F00432044601F00400D2B2002140F0290015
S21403710004F0DEFD18B1837922680344DA6010BD0B
S21403711010B50021FFF7EAFF044608B9002010BDAA
S2140371200179FFF797FF0028F8D1A3790C33E0180D
S214037130F5E72DE9F04117461A46036801F0040106
S2140371401C0204F4E064C3F307231C4341F029053F
S214037150043406463B462146284604F01BFE80467A
S21403716050B1E1B204F067FB3B462A46414630681D
S214037170BDE8F041FFF792BFBDE8F0812DE9F3418A
S214037180002401F004010768064641F0290510684B
S21403719029461460019004F018FB019804F090FB54
S2140371A0390201F4E061C7F3072739438046012219
S2140371B0043101A804F000FD30B101A804F0FBFA85
S2140371C0204602B0BDE8F08143462A46019930685E
S2140371D0FFF764FFF5E77047002307B5CDE90033F3
S2140371E069468DF802004FF0FF3003F03FFA03B014
S2140371F05DF804FBA0F86E10704701238B4090F8EF
S2140372007110194380F87110704708B50120F9F71B
S2140372106FFCC0B208BD83790C331844704714382A
S214037220704710B50446A1F1140004F049FB201A78
S21403723020EAE07080B210BD70B51C460D461646B7
S214037240FFF7EFFFA04207D322463146A5F114000D
S21403725004F073FD012070BD0020FCE770B5064600
S2140372600D4614467AB90A462046082104F028FD3E
S214037270044690B92A460821292004F021FD044635
S21403728058B9204670BD104604F095FA204604F01F
S2140372904AFC08231D44A371E571A3790C331C44EF
S2140372A02670EEE72DE9F0411646069A074688460D
S2140372B01D46FFF7D3FF0446F0B114382A4631467D
S2140372C0069004F03AFD854217D9069B06A81C795A
S2140372D004F0200404F06FFA74B94246082129200A
S2140372E004F0EEFC2A463146069004F026FD85425D
S2140372F006D906A804F05FFA00242046BDE8F0810C
S214037300069A93790C33D418D754F6E711B1143987
S214037310EAF726BC1A20704738B5002204460D4605
S21403732002200321FFF79AFF014608B1A0F8015097
S2140373302046BDE83840FFF7E9BFF8B504460F46D8
S214037340164605210120069A1D46FFF787FF0146CC
S21403735038B14770468005712046BDE8F840FFF710
S214037360D5BFF8BD38B50D46032104460846FFF7DA
S21403737075FFA0F8015001462046BDE83840FFF7E8
S214037380C5BF73B50546084611466C891A46641A86
S214037390BDF81830A4B29C4228BF1C46079B089E23
S2140373A000932346FFF77EFF014630B1284634801C
S2140373B002B0BDE87040FFF7A9BF1A2002B070BD47
S2140373C0012110B5002204461320FFF747FF0146AC
S2140373D020B12046BDE81040FFF798BF10BDF7B5B3
S2140373E04489054618460F461646019304F068FA84
S2140373F0053CA4B2844203DA011B01A804F002FB95
S2140374000521019804F09FFB014628B901A804F062
S214037410D2F91A2003B0F0BD83790C33C2181720B3
S214037420C8542846A2F80170A2F80360EAF798FB4E
S214037430F0E7012110B5002204461920FFF70EFFDE
S214037440014620B12046BDE81040FFF75FBF10BDE0
S21403745073B50E46002144890546033CA4B2A342F5
S214037460009128BF234603211B20FFF71BFF01467D
S21403747070B1012210F80F3CA0F8016062F3071305
S21403748000F80F3C284602B0BDE87040FFF73EBF49
S2140374901A2002B070BD73B50E4600214489054616
S2140374A0033CA4B2A342009128BF234603211D2018
S2140374B0FFF7F8FE014638B1A0F80160284602B08F
S2140374C0BDE87040FFF722BF1A2002B070BD4B889C
S2140374D0042B07D1836C08885B8998428CBF0020F5
S2140374E0012070470020704710B50446806920B11C
S2140374F00021EAF771FA0023A36110BD38B5A02274
S2140375004FF4A0730025C0E907230723044680F839
S2140375103130C5818571103004F04DF904F1140043
S21403752004F049F92046FFF7DFFF40F20113E38535
S2140375307F2384F832302046A5626562BDE8384072
S214037540FEF7E4BE07B501228DF807100DF107011B
S21403755004F0F3FB03B05DF804FBF7B505464FF400
S21403756028500C4600F082FD064600F017FBB0B329
S214037570022C02D8002003B0F0BD002731460DF1DF
S21403758005030DF106023846ADF8067000F04DFC13
S214037590BDF80620631E934206461EDC072C1AD946
S2140375A0023CADF806400824BDF80630002BE1D0B7
S2140375B00133D9B22846FFF7C5FF21462846FFF711
S2140375C0C1FF31462846BDF8062004F0B6FBBDF8D9
S2140375D006000230CFE7ADF806700924E4E74FF063
S2140375E0FF30C8E702292DE9F34104460D46174646
S2140375F0184603D8002002B0BDE8F08100F036FD3F
S214037600064600F0CBFA0028F4D04FF000083146C7
S2140376100DF105030DF106024046ADF8068000F0B5
S21403762004FCBDF80630BDF820200646934228BF6A
S2140376301346AB4228BF2B469DF80500ADF806302F
S214037640C0B9002BD7D001339AB29542D3D9D9B259
S2140376502046FFF777FF39462046FFF773FF31468C
S2140376602046BDF8062004F068FBBDF8060002308D
S214037670C0B2C0E74046BEE738B50446EAF71EFB8D
S21403768038B1022905D82046BDE838400022EAF77B
S214037690A3BC212038BD91F8393073B55B07064685
S2140376A00C4615462DD40846EAF7A6FA6B1E042B9D
S2140376B016D8032D14D0A379142B24D0A3697BB931
S2140376C00093ADF804308DF80630E8F7ADFA694656
S2140376D0EAF7F8F818B91A25284602B070BDA06173
S2140376E0636AE57343F016036362E8F743FA3046CA
S2140376F0EAF7C8FB05460028EED02046FFF7F4FE5F
S214037700EAE70225E8E72125E6E7002337B580F810
S214037710723040F6FF73A0F86E3083680446DA04CE
S2140377200D46C16010D443F480636A46A36040F2FA
S21403773003212046CDE9004503F072FF00212046D1
S214037740EAF74AF903B030BD90F87600EAF76EFD23
S214037750A36823F48053E8E773B56E4604464A7974
S21403776030460D460631E8F7A5FA96E80300A4F876
S2140377705010090C11F0800FE06484F8521004F1E5
S214037780530312D00122184605F11201E8F792FAC4
S2140377900C352846FFF7D1FA28B10122294604F111
S2140377A05A00E8F787FA02B070BDB4F8501094F8A0
S2140377B05220C4F8530099809A71E9E71FB590F8F0
S2140377C07420044602F0010301908DF808300BB1D3
S2140377D002F002038DF8093094F8753020468DF8D0
S2140377E00A30039101F002FC4FF4017101AA20460E
S2140377F003F016FF2046EAF77BF904B010BD10B578
S2140378000446E8F711FA2146BDE81040EAF75AB8ED
S214037810EAF7BAB8FFF7F9BC0A460021EBF7CCBC87
S21403782013220121EBF7C8BC826838B5C2F3803255
S2140378300446B0F86E000D46EBF764FD20B9A36866
S2140378401DB143F40053A36038BD23F40053FAE795
S21403785083791A0705D413F0100F0CBFFF200120FD
S2140378607047002070470020704710B5044660B18B
S214037870806C50B1EBF7C2F8A06C0028FAD1204612
S214037880BDE810400321EAF7A7B810BD438907B542
S2140378908B420CD050F80C2B40F2014192F870202A
S2140378A0ADF806308DF8042001AA03F0B9FE03B044
S2140378B05DF804FB436943F004034361704743697F
S2140378C023F00403436170474069C0F380007047A8
S2140378D047F2305300220068F8F7AABF006803F0A7
S2140378E03CBE38B5436904469B070D4603D540F2B4
S2140378F00941FFF7F3FFEAF751F908B1A3691D70D1
S2140379002046BDE8384040F20941FFF7E1BF07B51E
S214037910027C012A09D00122027440F209429142F4
S21403792006D040F20A4291420ED003B05DF804FB43
S2140379304FF4816150F80C3B01AA93F870308DF830
S214037940043003F06DFEF0E750F80C3B01AA93F801
S21403795070308DF80430F4E738B522F000430D4656
S214037960114640F20322934204461AD0B3F5017F30
S21403797009D240F20122934213D040F202229342EC
S21403798009D0002038BD6FF481621344012BF8D868
S214037990FFF7BDFFF5E700F022F92046FFF7C2F830
S2140379A0EFE763699B0704D540F209412046FFF7DA
S2140379B095FF2846FFF759FFE3E708B5E9F7CEFF3B
S2140379C000B1806C08BD08B500B10068E9F7D4FFC4
S2140379D008B9034602E0836C002BF7D0184608BDAF
S2140379E010B5044642F62A3000F040FB031B58420B
S2140379F0584110BD022806D142F62A330888C31A16
S214037A005842584170470020704710B5044642F666
S214037A10293000F02BFB031B5842584110BD90F849
S214037A20200000F0010070471FB504466846EBF7D8
S214037A3019F91022694604F1210003F05FFBB0FA3E
S214037A4080F0400904B010BD08B5FFF7EDFFB0FAAB
S214037A5080F0400908BD70B5044600F1210591B9D0
S214037A602846EBF7FFF8236893F97500FEF734FC16
S214037A7078B120682B46BDE8704010220D2190F99E
S214037A807500FEF7E3BB10220021284603F060FBD7
S214037A90E9E770BD38B50446002390F8202041FA84
S214037AA003F0C50703D442FA03F0C0071ED401331C
S214037AB0082BF4D101F0010523682A4384F820201B
S214037AC093F97500FEF708FC40B1234653F8200BE4
S214037AD001220C2190F97500FEF7B8FB0DB90020C2
S214037AE038BD00212046FFF7B6FFF8E71320F7E777
S214037AF068B13F290AD800EBA10090F8310001F0E5
S214037B0003014900084100F0030070470020704756
S214037B1010B50368044693F97500431C0DD0FEF7B1
S214037B20DBFB50B12346BDE8104053F8310B10225F
S214037B300B2190F97500FEF789BB10BD10B590F8C0
S214037B407430DB0706D490F97530013314BF0F2069
S214037B50052010BD847CEBF78FFE844234BF0C20D7
S214037B600020F6E730B5044685B06846EBF77AF8AA
S214037B701021684604F023F92046EBF785FA6B4696
S214037B80C26804AD06321C4603CCAC42106051609A
S214037B90234602F10802F6D105B030BD08B5EBF76F
S214037BA073FA08B1EBF744FAC0B208BD013810B552
S214037BB080B2EBF769FA044608B9002010BD408886
S214037BC000F07FFB0028F8D0207BF7E708B5EBF73B
S214037BD05BFA18B1007AC31F5842584108BD70B506
S214037BE0054655F8213B044693F97500431C04D11A
S214037BF02846BDE87040EBF735B8FEF76DFB002866
S214037C00F6D0234653F8310B10220B2190F975005A
S214037C10FEF74AFB234653F8200B01220C2190F96A
S214037C207500FEF741FB20682B46BDE87040102226
S214037C300D2190F97500FEF737BB01302DE9F041B1
S214037C4085B228460E46EBF71FFA42F6021704469D
S214037C5042F603089CB12046EBF7EAF978B12046D2
S214037C6000F03EFBB84205D10EB123883380607B1B
S214037C70BDE8F081204600F033FB404502D14FF0CB
S214037C80FF30F5E70135ADB22846EBF7FDF90446BC
S214037C90E0E72DE9F04707460E4690460D4642F6C6
S214037CA0021942F6030A0135ADB22846EBF7ECF9A2
S214037CB0044678B1EBF7BCF960B1204600F010FB40
S214037CC0484505D1237A072B04D10320BDE8F08766
S214037CD05045E8D141463046FFF7AFFF431C014607
S214037CE004D03846BDE8F047FFF702BF0020EDE7B3
S214037CF070B5054608461646EBF7C6F9044608B9B6
S214037D00012070BDEBF794F90028F9D0F00713D4DF
S214037D10B10734D4720702D5A3885B0732D516F0B1
S214037D20060F31D116F40060EBD0A38813F4006F6E
S214037D3014BF00200620E4E7A388DA0743D513F030
S214037D40700F0AD1980610D45806E1D52B6893F91C
S214037D5075300133DCD10820D3E72868FFF7EEFE41
S214037D60A388990608D50028CBD12A6892F87420F0
S214037D709207E9D40520C4E70028C2D1E4E7A38824
S214037D809907C7D40320BCE7A38813F4E06F09D18F
S214037D9098050FD45B05C5D52B6893F97530013369
S214037DA0C0D1D8E72868FFF7C9FEA388990507D589
S214037DB00028A6D12A6892F874209207EAD4D9E755
S214037DC000289ED1E6E702209BE738B5044608461E
S214037DD0EBF75AF9054608B9012038BDEBF728F941
S214037DE00028F9D0AB8813F4E04F0CD1980412D4D2
S214037DF013F48040F1D0236893F97500431C58426E
S214037E005841C000E9E72068FFF798FEAB8899045D
S214037E1008D50028E1D1226892F874209207E7D4A7
S214037E200520DAE70028D8D1E2E72DE9F0474FF03E
S214037E300009044683F800900846A2F80090884696
S214037E4016461D46EBF720F9074620B90123002006
S214037E502B70BDE8F08774B1EBF7EAF80028F5D08D
S214037E604046FFF7D2FD30B1012385F8009004F1B8
S214037E7020003380EDE72B46324639462046BDE8E0
S214037E80F047EAF77BBE2DE9FF41074608468846DA
S214037E9016460393EBF7F8F8044638B903A803F03D
S214037EA08AFC0125284604B0BDE8F0811FB1EBF734
S214037EB0BFF80028F2D0237A072B05D8DFE803F0B3
S214037EC017262F381C17172126BB0398002835D1F1
S214037ED03246257A022D62D0032D64D0012D3BD085
S214037EE0002F7FD1002503A803F065FCDAE703A87B
S214037EF003F061FC0325D5E703A803F05CFC062525
S214037F00D0E703A803F057FC8025CBE7E3685D883A
S214037F10B54209DA03A803F04EFC0725C2E7E36877
S214037F209A88B242F6D35D88039840B9024609E0C0
S214037F30022EEFDC039868B90246CAE7354603F01B
S214037F40BFFC82B29319AB42C3DD03A803F033FC34
S214037F500D25A7E70225F2E7E0680630002303991C
S214037F60304403F01EFC002FBCD0237A032B39D1F8
S214037F7003A803F020FC00212046EBF73FF868B384
S214037F800588617B3846FFF7B3FD01220346294681
S214037F903846CDF80080FEF7B4FB002582E7E0689C
S214037FA0B3188380D9E7039B9A79D979891AC9B21A
S214037FB0481E012810D8134402291A7B04BF5B7B92
S214037FC042EA0322237B32EA03038CD10123384699
S214037FD0617BEAF7A9FDC6E70D2584E708F1FF35BF
S214037FE0ADB2CEE7039B41460093384633463A7F0D
S214037FF0FEF76DFBD1E7884270B504460D4616467C
S21403800011D8012838BF01242046EBF73DF810B1FC
S2140380104388B34208D00134A4B22046EBF718F8DD
S21403802008B1A542F0D20024204670BD70B50C46B8
S21403803016461D460146B8B1B3B1022C01D0102C2A
S21403804012D1E0B2EAF756FF4FF6FF7188420246B6
S21403805002D141F20A1070BD3046FFF7CCFF00286C
S214038060F7D028800020F6E72120F4E7002307B5A1
S2140380700122ADF80400ADF8063002210DF1060327
S21403808001A8FFF7D3FFBDF8060003B05DF804FBB5
S214038090F8B50F461646441CA4B22046EAF7F4FF8A
S2140380A010B9013CA0B2F8BD00F01AF905463046F7
S2140380B000F0F2F820B1284600F0EEF80028F0D1E0
S2140380C0304600F0E2F820B1284600F0DEF800283B
S2140380D0E7D10134A4B22046EAF7BAFF08B1BC429E
S2140380E0DBD94FF6FF70DEE72DE9F04F9A4687B0EF
S2140380F08B880D460C88814604A90220ADF8103003
S2140381009046EAF7F7FEAB680090A888AF89059318
S21403811000F0BBF838B1102F05D105A8EAF7D0FE5A
S214038120022808BF02274FF6FF7B33E02046009A5B
S214038130FFF761FF064680B3AA886988FFF7A8FFA2
S21403814004463046FFF72AFD00B30DF10F03314610
S21403815048460DF11202FFF768FE9DF80F302BB16B
S214038160A8F80060184607B0BDE8F08FBDF81220E7
S214038170BA420BD13A460599019302F0BFFF019B21
S21403818020B9A8F80060AAF80040EBE75C4504D0E5
S2140381900134A4B26988A142C8D80A23E2E708B525
S2140381A0EAF772FFBDE8084000F09AB838B505460E
S2140381B00846EAF769FF044610B94FF6FF7038BD64
S2140381C00DB96088FBE7EAF733FF0028F9D1F4E737
S2140381D070B5044642F60520FFF748FFB0B100210C
S2140381E0FFF72BFD054601462046FFF781FC0646B2
S2140381F01022002104F1310002F0AAFF324629467C
S2140382002046BDE870400023EAF78EBC70BD7FB5FC
S21403821004460D4610220021684602F099FF002608
S214038220AB575A1C1BD031462046FFF761FC194654
S214038230002BB8BFD91C04AA02EBA10100F003026D
S214038240584200F0030003F0030358BF43425B00A9
S21403825002FA03F311F8102C134301F8103C01360D
S214038260402EDDD16B4604F1310504AE1A4603CA2F
S214038270B24228606960134605F10805F6D1204628
S21403828004B0BDE87040FFF743BCA0F520500128BA
S2140382908CBF00200120704742F60303C31A5842DE
S2140382A05841704708B5030409D4EAF7EFFDA0F573
S2140382B0205080B201288CBF0020012008BD00207A
S2140382C0FCE7020408B507D4EAF7E0FD42F6030329
S2140382D0C31A5842584108BD0020FCE7C00B70473C
S2140382E00346B3F902304088002B01DBEAF7CEBD24
S2140382F00020704708B5FFF7F3FFA0F5205080B2C3
S21403830001288CBF0020012008BD13B58B790446D5
S2140383100B441B7B0A4613F0010001910AD01D2B68
S2140383200AD101211E20FEF799FF01462046FEF7DB
S214038330EDFF012002B010BD01A803F03CFAF8E7F8
S21403834010B504468069143003F035FAA069BDE819
S2140383501040183003F02FBA2DE9F0410F461446AB
S21403836005461E46FFF7ECFF23463A460821002043
S214038370D5F8188003F00EFDAA69C8F814005369EF
S21403838023B1002054811682BDE8F0811A20FBE752
S21403839070B50446084603F093FAA16986B28A8943
S2140383A04D8912B1521B96420CDA6389581E80B26D
S2140383B025B90A78082A04BF043B98B2831B58429F
S2140383C0584170BD0020FCE730B5044654F80C0B4A
S2140383D08DB09DF8405090F8700042EA01428DF847
S2140383E004001946029203A82A46079502F0BBFE2C
S2140383F040F20241204601AA03F012F90DB030BD47
S21403840010B550F80C4B86B094F87040ADF80E10CB
S214038410ADF8102040F2064103AA01938DF80C40F4
S214038420059303F0FDF810B901A803F0C4F906B0EC
S21403843010BD37B504460D46FFF782FF204640F2CF
S2140384400941FFF74BFA00222046A36940F2074191
S2140384501A7050F80C3B6A4693F8703001958DF805
S214038460003003F0DDF803B030BD13B501910021F1
S214038470044601F035FB0422002320460DEB0201DF
S214038480FFF76AFF02B010BDF0B504460F461E465E
S214038490154685B052B983691B78072B30D0082B55
S2140384A014BF15460925002E18BF0D250A9803F09C
S2140384B007FAA3699A894AB15B8981B2D21A9142B3
S2140384C004DD92B2891A0AA803F09CFA204650F8F3
S2140384D00C3B40F2054193F8703001AA8DF8043046
S2140384E00A9BADF806708DF80850ADF80A60039342
S2140384F003F096F810B90AA803F05DF905B0F0BDCD
S2140385000B25D0E7B0F80AC02DE9F041ACF1020C18
S2140385109C4505460E4617461C4603DDBDE8F0415E
S21403852001F08BBA83692246198100233946FFF787
S21403853013FF044658B9AB690246314628460E3344
S21403854001F094FA044610B12846FFF7F9FE2046D8
S214038550BDE8F0812DE9F043202A8FB00546174683
S2140385601C4603910BD941F2041421462846FFF713
S21403857060FF03A803F01FF90FB0BDE8F083002BDC
S21403858046D10846A2F1060803F09AF94FF6FF769D
S2140385905FFA88F81FFA80F94C4510D3AB69DA887E
S2140385A0B24239D942F60203ADF814300223711CE5
S2140385B00093284605AB89B201F0E8F925E0234687
S2140385C03A46039906A803F0ECF8AB69BDF81860C1
S2140385D09A88B242C7D8DA88B242C4D3BDF81A1012
S2140385E0BDF81C20B8F1000F09D02846CDF800804E
S2140385F00DF11E033C44FFF7E7FEA4B2CCE7284682
S2140386009E8019815A8101F0DAF904460028B0D019
S21403861041F20A139C42A8D10024A6E72DE9F047AD
S2140386201C4696B0836901921B780646062B03D038
S214038630102B60D001A81CE00129104614BF4FF090
S21403864010084FF002080392002C4CD103F038F9BF
S2140386504FF6FF7508F1020987B2A7420ED8B36931
S214038660DA88AA4237D8002421463046FFF7E1FECF
S21403867003A803F0A0F816B0BDE8F08723464A46E1
S214038680039904A803F08DF8B369BDF810509A88CF
S214038690AA422DD8DB88AB422AD39DF81330282B69
S2140386A0E1D0B2465AF80C3B424693F870300DF1CF
S2140386B012010DA88DF83030ADF83250CDF8448055
S2140386C04C4402F050FD40F2044150460CAA02F01E
S2140386D0A7FFA4B2C1E7691C304689B201F026F9A8
S2140386E004460028C4D041F20A139C42BBD0BBE721
S2140386F041F20414B8E70129104614BF12270427D1
S214038700049284BB03F0DCF842F602184FF6FF71BE
S21403871085B2A5420DD8B369DB888B4221D90131D6
S2140387204FF6FF72304689B201F000F90446A0B155
S21403873019E023463A4604990CA803F032F8BDF82C
S2140387403220BDF8301042459DF8333007D1B26968
S214038750022330460A32FFF7D5FE04A889E7282B02
S21403876006D141F20A1421463046FFF762FEF4E7CB
S2140387703C44A4B2CDE7F0B5836987B003911B7878
S2140387800546022B144653D108460491002A47D1C6
S21403879003F096F84FF6FF7687B2A7420DD8A8697E
S2140387A0C288B2422BD8002421462846FFF741FE52
S2140387B004A803F000F807B0F0BD0422049923468A
S2140387C005A802F0EEFFAA69BDF814109088BDF85C
S2140387D01660814229D3D388994226D8864224D369
S2140387E09E4222D85069927A837904340C330092DD
S2140387F0034432462846FFF7E7FDA4B2CDE74369B4
S2140388004089711C0190987989B20C300344009317
S21403881028464FF4205301F09DF804460028C7D09D
S21403882041F20A139C42BFD1BDE741F20414BBE7F1
S21403883003A8BEE7F0B587B0054617461C46039166
S21403884053B9FFF7A5FD38B10123224628460399FD
S21403885000F084F807B0F0BDA9690B78082B05D89B
S214038860062B44D8032B0FD003A83DE00E2BFBD1D9
S214038870039B0593002C6DD1002B6BD02246284614
S2140388800989FFF7BDFD59E00398059018B3ECB9C5
S214038890102683794A890C330989034400962846AF
S2140388A0FFF792FDAB699988DA88914217D242F6B0
S2140388B00203ADF8103002230131009328460DEB76
S2140388C0060389B201F062F8044660B141F20A1366
S2140388D09C4204D101E0002CF8D141F21F0421464A
S2140388E02846FFF7A6FD05A802F065FFB2E7039842
S2140388F005907CBB70B302F0E3FF0FB386B2B742BA
S2140389001ED2394605A803F0B7F938B905A802F010
S21403891052FF1A212846FFF78CFD9BE78379F61B47
S214038920C218023391898371AB6900225B89B6B2A0
S21403893000902846FFF7A8FDB742E2D92146E9E7AB
S214038940AA69284653891189059A00920022FFF7DF
S2140389509BFDF3E705A802F02EFFEFE7F0B585B021
S21403896006461F461446039132BB084602F0A8FF8C
S214038970054608B3B1690B784A89082B0BD8062B32
S2140389800BD9039B09893046009313462246FFF70B
S2140389907BFD039401E00E2B19D0B1694B89EA18CD
S2140389A092B2B2F5007F4A8117D82FB130460989B3
S2140389B001F016F8044628B1002223461146304635
S2140389C0FFF738FF03A802F0F6FE05B0F0BD304609
S2140389D0039B0989FFF714FDDBE741F20414EBE779
S2140389E073B5836901911B780446082B15460ED888
S2140389F0062B0ED9019E20463146FFF7C9FC2A46B0
S214038A00034631462046FFF7A9FF02B070BD0E2B82
S214038A10F0D001A802F0CFFEF7E730B5836987B040
S214038A2003911B780546092B144611D105915AB9B3
S214038A30134600910F222146FFF726FD21462846BE
S214038A40FFF7F7FC07B030BD05A802F0B4FEF5E764
S214038A5003A802F0B0FEF5E72DE9F04F87699FB053
S214038A6003913F780546052F16461C4604D8032F68
S214038A7016D810D003A867E0082FFBD10846139139
S214038A80002B00F0C28013A802F095FE214628466C
S214038A90FFF7CFFC01E0FFF75DFD1FB0BDE8F08FE9
S214038AA0202A0846049148D8002B40F0A880571F78
S214038AB002F006FF4FF6FF78FFB21FFA80FA0DF1B9
S214038AC01C0BA24506D8AB69DA88424500F28780BC
S214038AD0002434E02346324604990BA802F061FED4
S214038AE0AB69BDF82C809A88424526D8DA88424579
S214038AF023D35969F1B9A94659F80C1BBDF82F20A1
S214038B0091F870109DF82E308DF84C10ADF84E206D
S214038B100DF131013A4615A88DF85030199702F039
S214038B2022FB40F20341484613AA02F079FD34447F
S214038B30A4B2C6E75A89102A09D941F20414214679
S214038B402846FFF776FC04A802F035FEA5E70023C7
S214038B50584602F026FEAB690DF13101102FCDE920
S214038B60051B93F80A902BD1B9F1020F34D105A84F
S214038B70EAF7A6F90228DAD14A46DDE9051002F03B
S214038B80BDFA0028D3D12B4653F80C0BBDF82F1093
S214038B9090F870009DF82E208DF84C00ADF84E101E
S214038BA08DF8502059464A4615A80293CDF864908E
S214038BB002F0D9FA029B40F20341184613AAB4E71F
S214038BC0022F09D1B9F1100F06D106A8EAF778F9F2
S214038BD00228ACD13A46D0E73A465846CFE742F6A3
S214038BE00303ADF84C30022308F101010093284635
S214038BF013AB89B200F0CAFE04460028A3D041F2A4
S214038C000A139C423FF464AF99E759B90021002345
S214038C10AA69284693815381118113993246FFF737
S214038C2009FE3AE702F04CFE16B180B28642EDD159
S214038C30139A9379D118023389899371E7E72DE95B
S214038C40F0431C468FB0836903911B780546012BBE
S214038C5017465BD10846059102F032FE202F0BD94A
S214038C6041F2041421462846FFF7E3FB05A802F069
S214038C70A2FD0FB0BDE8F083002C42D1059802F0A8
S214038C801FFE4FF6FF76A7F104081FFA88F81FFAAF
S214038C9080F95FFA88F8A14505D8AB69DA88B2424D
S214038CA020D80024DEE723463A46059906A802F0B4
S214038CB078FDAB69BDF818109A88BDF81A60914222
S214038CC0CED3DB889942CBD89642C9D39E42C7D827
S214038CD032462846CDF8008007AB3C44FFF774FBCA
S214038CE0A4B2D8E74FF42053ADF810300223711C1A
S214038CF00093284604AB89B200F086FE044600289B
S214038D00B4D041F20A139C42CBD0ABE703A8AEE73C
S214038D1083691B780A2B02D00F3B012B01D8FFF780
S214038D2088BB7047F0B585B00193836917461A78F8
S214038D3004460A3A0A9E072A42D8DFE802F00441AC
S214038D403041410441290198039002F0B9FD85B2F0
S214038D5003A802F030FD26B131462046FFF785FB17
S214038D600FE0A1697A194B8992B293420BD90A8212
S214038D7001F10E032046098900F078FE014600281B
S214038D80EBD105B0F0BD0121204600F0A9FEF5E7C2
S214038D902EB91A8A0198BA420BD04FF48166019B0A
S214038DA003A8039302F007FD31462046FFF741FB75
S214038DB0E7E7DA89596902F08EFD0028EDD1EEE780
S214038DC001A802F0F8FCDCE738B58269044613789C
S214038DD00D460D2B12D00F2B01D00A2B12D153693F
S214038DE033B1997902F114000B44DD6802F0E3FC19
S214038DF029462046BDE83840FFF78ABFBDE838401D
S214038E00FFF717BB38BD07B5002300921B22FFF7F9
S214038E103BFB03B05DF804FB07B5836959800092FA
S214038E2000231D22FFF730FB03B05DF804FB4B88DD
S214038E30052B05D108880E288CBF0020012070471B
S214038E4000207047F8B505460F46164604210A2249
S214038E50002002F035FF0246B8B1847905210C34B0
S214038E6003194FF0060C00209970D87002F804C05E
S214038E7013241C7102245F715870D8719C712846A4
S214038E801E81BDE8F840E7F749BDF8BD73B5054652
S214038E90104601920C4602F013FD042186B2019897
S214038EA002F051FE024628B901A802F084FC1A20FB
S214038EB002B070BD837901900C33C1184C80C65242
S214038EC021462846E7F72AFD0020F1E72DE9F04181
S214038ED006468846174604210A22002002F0F0FEC2
S214038EE00246B8B1857900240C35431905210620BE
S214038EF09970DC7050550120187102205C709871CF
S214038F0083F805803046DC711F81E7F707FD2046AE
S214038F10BDE8F0811A20FBE7002070470020704769
S214038F2007B501A8019202F046FC03B05DF804FB06
S214038F307047002070470F2070470F207047704718
S214038F4010B588B0E8F70AFD044600284AD090F822
S214038F507200022848D1A36813F4407F2AD094F8FD
S214038F607320012A32D194F97500421C01D1D90528
S214038F702CD594F8743013F0010327D1CDE90133CF
S214038F80CDE90433CDE90633ADF80C30FDF7A4F98B
S214038F90A36888B9DA0519D5A06AE16A01AB03C3E9
S214038FA0228E1A802046BDF8042004AB0DF106017C
S214038FB0EAF778F908B010BDDB05EDD40A220221E2
S214038FC094F9750001ABFDF76FF9EBE7002345F263
S214038FD017021946204600F03CF9B0FA80F0400923
S214038FE04000E7E72120E5E70220E3E738B545F24E
S214038FF01B020C460B460021054600F02AF930B941
S2140390002CB121462846BDE83840EAF7C1BC38BD36
S21403901000F04EB900F066BC00F06FBC10B5044615
S2140390204C30FDF73AF984F875002046BDE8104049
S21403903000F033BC10B50446FDF706F902280DD13F
S21403904094F8733094F97000012B14BF05210321A3
S21403905084F83210BDE8104000F067BCA36843F400
S2140390600073A36010BD00F054B938B50378044606
S2140390703E2B0D4604D18378052B02D0ED2B0FD063
S21403908038BDB0F80300E8F75BFC20B1B4F80D1068
S214039090621D00F0A4F92846BDE8384002F08BBBF9
S2140390A0B0F80300E8F74CFC0028F4D0B4F80D1031
S2140390B004F10F03621D00F095F9ECE7CB0448BFFB
S2140390C041F48061C160704710B5044645F21A0149
S2140390D002F043FA2046BDE8104047F23053002220
S2140390E045F21A01F7F7A4BB10B50A460446082151
S2140390F0002002F0E5FD10B1837903441C7310BD14
S21403910038B505460C460D201121FFF7EDFF024644
S21403911088B12146837903440D3304F1100051F8D6
S214039120044B814243F8044BF9D12846BDE8384046
S2140391300621FFF7ABBE38BD38B505460C460420FE
S2140391401121FFF7D1FF024688B1214683790344F4
S2140391500D3304F1100051F8044B814243F8044BDD
S214039160F9D12846BDE838400621FFF78FBE38BD43
S21403917038B505460C4603201121FFF7B5FF024616
S21403918088B12146837903440D3304F1100051F866
S214039190044B814243F8044BF9D12846BDE83840D6
S2140391A00621FFF773BE38BD37B5002205460821F2
S2140391B0104602F085FD0446C0B10C2301220DF1D2
S2140391C007018DF8073002F0B8FD296C20225431D0
S2140391D0204602F0B2FD296C20227431204602F0AC
S2140391E0ACFD224606212846FFF750FE03B030BDED
S2140391F008B5D0B2E8F7B2FB28B190F8773003F0A1
S2140392007F0380F87730012008BD70B50546EAF77E
S214039210B1FC0C4606460A46284645F20101B0470D
S2140392202B6C03B11C60324628462346BDE87040CB
S2140392304FF4A041184770B51546044638B1EAF70F
S21403924099FC2A4603462046BDE87040184702208C
S21403925070BD114608B51A4621F00041FFF7EBFF33
S214039260B0FA80F0400908BD10B4C4691CB95DF8B3
S214039270044B0180704700235DF8044B1A46F9F748
S214039280C7BE08B50B4601461846F7F729FE003851
S21403929018BF012008BD10B50446006838B11A216E
S2140392A002F09BFD2068F7F7FBFD0023236010BD4B
S2140392B030B58BB00D46002201A9EAF70DFE044631
S2140392C020BB01460D220DF10B0001F041FFB5F85E
S2140392D003206B79ADF8082006A9019A02A88DF839
S2140392E00A30EAF75FFC40F20343BDF81820002873
S2140392F018BF1C469DF81A30102102A82A80AB70AE
S21403930002F06BFD102106A802F067FD20460BB0A5
S21403931030BD10B50446EAF70BFC04F13400FFF742
S214039320BAFFA3685A0606D523F040030021204659
S214039330A360E7F7C1FA236C63B1D3F89400F9F797
S214039340FEFA0421206C02F048FD206CF7F7A8FD16
S2140393500023236410BDF7B50D4669461646EAF7A3
S214039360BBFD044698B929461022009801ABF9F7CD
S21403937045FB07461021284602F021FD2FB1102198
S214039380284602F02AFD40F2074406B1376020461D
S21403939003B0F0BD38B50446C51C03212846FFF7C5
S2140393A070FFC8B9E27863797AB922791A43F4D0A0
S2140393B003F07F0343F0400363715323A3712146F5
S2140393C0BDE83840FF20FFF773BFFF2AF0D12279AC
S2140393D01A40FF2AE1D0EBE740F2074038BD0021F0
S2140393E0E7F76ABAF8B51D46836804465B060F4678
S2140393F016462DD41A2002F02CFD0146606320B9D0
S2140394002046BDE8F840E7F757BA034623F8027B41
S214039410326805F11001C0F8022072685A602A46C5
S214039420636B0A3352F8040B8A4243F8040BF9D1F0
S2140394301021284602F0D1FCA36843F0400213F43F
S214039440407FA26004D02046BDE8F840EAF736BE67
S214039450F8BD2DE9F0419CB0154608AA1C46064601
S2140394600B469046239F01F1200E944618685968D0
S2140394700833ACE8030073456246F6D12021404624
S21403948002F09DFC10AB2A469C4605F1200E1D46B5
S21403949010685168083203C572452B46F7D16046FB
S2140394A0202102F08CFC18AA9446229B03F1100E8E
S2140394B0154618685968083303C573452A46F7D115
S2140394C06046102102F07BFC04AA2346154604F1ED
S2140394D0100C144618685968083303C463452246BB
S2140394E0F7D11021284602F06AFC6B46502241460B
S2140394F02846EAF74FFC04461021284602F06DFC86
S2140395005021404602F069FC34B108213046EAF7A0
S214039510D5FE1CB0BDE8F081039B38463B600421B2
S21403952002F04DFC6846102102F057FC224645F235
S21403953014013046FFF77FFEEBE72DE9F04796B0C0
S2140395401D46DDE9229705AB06460C469E46DDF82A
S214039550908002F1100A9C46106851680832ACE805
S214039560030052456346F6D17046102102F027FCED
S21403957009AA2B46944605F1100E15461868596835
S214039580083303C573452A46F7D16046102102F017
S21403959016FC0DAA94461E9B03F1100E154618687A
S2140395A05968083303C573452A46F7D16046102128
S2140395B002F005FC9DF87C30D9F800008DF84430A5
S2140395C09DF8803006218DF845309DF88430129042
S2140395D08DF8463099F8063012A883F00803C3F3D3
S2140395E0C0038DF84730B9F80430ADF84C3002F0BC
S2140395F0E6FBBB79062183F00803C3F3C0038DF8AB
S2140396004E303B680DF14F00CDF84F30BB8804F168
S2140396101007ADF8533002F0D2FB01AA23461546D5
S214039620144618685968083303C4BB422246F7D168
S2140396301021284602F0C3FB4346412205A92846CB
S214039640EAF7A8FB04461021284602F0C6FB412190
S21403965005A802F0C2FB34B108213046EAF72EFE15
S21403966016B0BDE8F0874046102102F0A8FB22465C
S21403967045F213013046FFF7DEFDF1E72DE9F3412E
S2140396801D46089B04468846164690F873705BB1E1
S21403969010211046FFF7F5FD30B10821204602B031
S2140396A0BDE8F041EAF70ABE236C013EDA1C681EE9
S2140396B0133312F8011F16F801CF9A4281EA0C0100
S2140396C000F8011FF5D10023404601A90193EAF7EC
S2140396D0B7FB48B10198F9F732F908212046EAF7B3
S2140396E0EDFD02B0BDE8F08129462846019AEAF767
S2140396F059FA0028EED1022F0CBF0023062304F1EB
S21403970059022B4404F15F0012F8016F1978904256
S21403971081EA060103F8011BF6D1022F14BF0023CA
S214039720062304F152022B4404F1580012F8016F89
S2140397301978904281EA060103F8011BF6D12946FF
S2140397402846019AEAF72EFA05460198002DC2D15B
S214039750F9F7F5F82A4645F210012046FFF76BFDA8
S214039760BFE72DE9F04196B0154605AA1C46064606
S2140397700B4690461D9F01F1200E944618685968C3
S2140397800833ACE8030073456246F6D12021404611
S21403979002F015FB0DAB2A469C4605F1200E1D462E
S2140397A010685168083203C572452B46F7D120214D
S2140397B0604602F004FBAEB3336C93F85D31013BB5
S2140397C0022B2FD89DF8703043F0800301AA8DF842
S2140397D054301546234604F1100C1446186859688D
S2140397E0083303C463452246F7D11021284602F006
S2140397F0E6FA3B46412241462846EAF7CBFA0446B8
S2140398001021284602F0E9FA4121404602F0E5FA23
S21403981054B11EB108213046EAF750FD204616B073
S214039820BDE8F0810023D1E71021384602F0C7FADD
S214039830002EF3D0224645F211013046FFF7FBFC1B
S214039840ECE7ECF75FBBB1F5A04F70B504460D46E9
S21403985016460AD045F20603994216D032462946E2
S2140398602046BDE87040EBF779BB836843F080037E
S214039870836090F87330012B03D1BDE87040EBF79B
S2140398807BB9BDE87040EBF7BBBB93791344597CB7
S21403989041F49051EAF77CF8E0E7002310B503643F
S2140398A0044690F97500431C13D0E6F701F9082225
S2140398B004F11003114694F97500FCF7F5FC94F9CE
S2140398C01330012B07D194F8743043F0020384F865
S2140398D07430002010BD022BFBD194F8743043F093
S2140398E00A03F4E74B88062B05D1088841288CBF6A
S2140398F00020012070470020704707B58B790A4681
S2140399000B440191197C4B1E0D2B04D801F5A04185
S2140399100131FFF790FC01A801F04DFF03B05DF89D
S21403992004FB7047002070477047704770B50446C5
S2140399300E461546052100220420FDF78FFC01463E
S21403994018B1A0F80160A0F803502046BDE87040A7
S214039950FDF7DCBCF7B51D460023044600930F460F
S214039960164607210620BDF82430089AFDF79AFC10
S214039970014628B1A0F80170A0F80360A0F80550CE
S214039980204603B0BDE8F040FDF7C0BC73B51546EE
S2140399901A460023044600930E46082005219DF828
S2140399A01830FDF77FFC014618B1A0F80160A0F857
S2140399B00350204602B0BDE87040FDF7A7BC38B59B
S2140399C0002204460D460A200321FDF747FC014604
S2140399D008B1A0F801502046BDE83840FDF796BC14
S2140399E070B504460E461546052100220C20FDF7E9
S2140399F035FC014618B1A0F80160A0F803502046D4
S214039A00BDE87040FDF782BC73B515461A460023C1
S214039A10044600930E46102005219DF81830FDF7E6
S214039A2041FC014618B1A0F80160A0F80350204697
S214039A3002B0BDE87040FDF769BC73B50E46002161
S214039A4044890546033CA4B2A342009128BF23469B
S214039A5003211220FDF726FC014608B1A0F8016099
S214039A60284602B0BDE87040FDF750BC2DE9F3412F
S214039A700546984683690F465869164601F020FF47
S214039A806C8980B2053CA4B2844228BF0446A86908
S214039A902146143002F0F0F8009048B10522082160
S214039AA0002002F00DF9019030B9684601F083FEFC
S214039AB01A2002B0BDE8F081009901A801F062FF08
S214039AC01620019A93790C33D118D054A8F8004085
S214039AD02846A1F80170A1F80360FDF717FCE8E734
S214039AE038B5002204460D4618200221FDF7B6FBC2
S214039AF0014600B145702046BDE83840FDF706BC78
S214039B0070B5857904460C35461901F0D9FE625DB9
S214039B10431E013A9BB21C2A10D8DFE802F0110F4D
S214039B20160F180F290F2F0F400F400F400F330F3C
S214039B30250F0F0F390F250F3E0F3E00002070BD77
S214039B40042B14BF01200320F9E7022BF9E743B3E4
S214039B507278022A0AD0012A23D10222013B02325A
S214039B60B3FBF2F102FB1133002BEAE71022F5E711
S214039B7013F0030F14BF01200320E0E78BB17278C4
S214039B80013BEDE76BB17278032A0AD9013BE7E79D
S214039B90042B34BF01200320D1E7022BF9E703206F
S214039BA0CDE70120CBE74369406CDA1C1438B2FBDF
S214039BB0F0F203EBC203CA1D0333B2FBF0F2B3FBAE
S214039BC0F0F30132023301EBC20100FB03107047CE
S214039BD038B5446905462146FFF7E5FF6A6CE31D81
S214039BE0143AB3FBF2F3013304EBC304204438BD49
S214039BF073B506460D460024F36B012201A9281906
S214039C005B699847019B013309D10434736C62196D
S214039C105B426A401A42EFD0204602B070BD002471
S214039C20FAE770B505460C46D9F7D0FDEB6B204630
S214039C30DB68BDE87040184770B5002586B004465B
S214039C400562E369AB4202D8206A06B070BD666C53
S214039C500522206801A9E36B06FB05005B699847AC
S214039C6001A800F010FC00F033FC10B1236A0133A6
S214039C7023620135E5E738B50446456C006804F110
S214039C80400305FB0101E06B00F02FFC0546204670
S214039C90FFF7D2FF284638BDF0B5054687B0002645
S214039CA0EC69013CB44203D80C46204607B0F0BD2D
S214039CB001B14C1E6F6C0522286801A9EB6B07FBEC
S214039CC004005B69984701A800F0DDFB00F000FC88
S214039CD00028EAD101362146E2E7F0B5044687B00C
S214039CE0466C0D4600680522E36B01A906FB0500DA
S214039CF05B69984701A800F0C6FB00F0E9FB20B1BA
S214039D0001A800F097FB07B0F0BD29462046FFF7F1
S214039D10C3FF676C0646E36B206805225B6901A9EF
S214039D2007FB0600984701A800F084FB431CEAD013
S214039D30B54238BF0130E6E72DE9F043D0F824807A
S214039D404FF6FF7987B004460E46C84514BF45460E
S214039D5000250027E369BB4202D807B0BDE8F083BD
S214039D60E26B01A92368606CD2F814C0052200FBDD
S214039D700530E04701A800F086FB022806D0C84558
S214039D800CD1721C29462046FFF775FF0135E3699F
S214039D900137B5FBF3F203FB1255DBE729462046F2
S214039DA0FFF79BFFB0F1FF3F14BF02463246013276
S214039DB0E8E70368F0B5CC1A436C87B0064600257F
S214039DC0B4FBF3F4F36937685A1E706C954208D3F4
S214039DD0706C336800FB043007B0BDE8F04000F059
S214039DE082BB013401A9B4FBF3F203FB1244F36B09
S214039DF005225B6900FB0470984701A800F043FB4B
S214039E0000F066FB0028E3D10135DBE710B423F04E
S214039E1003049B07436C2244C3F100030A4418BFA0
S214039E20043282EA0104234203D05DF8044BFFF7B1
S214039E30C0BF10465DF8044B70472DE9F041D0E9EA
S214039E400A3686B004469E4228D1C3691422456862
S214039E5002FB1355284606B0BDE8F081206801A929
S214039E60676C331AE26BB3FBF7F3D2F8148007FB85
S214039E7003000522C04701A800F005FB012804D013
S214039E80636C1D44013B3340ED1A31462046FFF711
S214039E9090FF0646A36AB342E0D1DBE70025F9E765
S214039EA0F0B5002587B004462E46E369B34202D8D0
S214039EB0284607B0F0BD636C0522276801A903FB9B
S214039EC00677E36B38465B69984701A800F0DBFA30
S214039ED000F0FEFA58B1384600F005FB014620466E
S214039EE0FFF786FE636C143B834208BF01350136D9
S214039EF0DBE708B508301346D1E90012EEF76EFD2E
S214039F00012008BD13B50C460021217600931346A5
S214039F1061682246EDF7ECFA18B1E37D03B1A07E43
S214039F20A075A07D02B010BD73B500F108051646F6
S214039F300C460DF107020968284600F0A1F9032E26
S214039F4006D16368834203D12168284600F07FF96F
S214039F50012002B070BDD01E009B42424241187ED3
S214039F60824211D11A688A420ED85A688A420BD3A3
S214039F705A6901325A61D3E9030282423FBF9868A5
S214039F8040F8221001321A6101207047032A10B5E7
S214039F90029C07D1A26A5340626C5242134201D11B
S214039FA000F055F9012010BD08B5C3680020984796
S214039FB0BDE80840D9F712BC012870B514BF0420C9
S214039FC00220002442431C70CC7D101D02F00202C6
S214039FD04CB91AB1012220F003001A7000F10803ED
S214039FE04868184470BD1AB1012220F003001A70A5
S214039FF00C7E002301F12005DAB2944201D800203A
S21403A000F0E735F833205E1C824206D901EBC30322
S21403A01000F10802D8691044E4E7801A3346EBE7F8
S21403A02073B590F8426005461C460DF103033046AF
S21403A030FFF7C2FFEB6B012E5B690DD1324601A918
S21403A04098479DF8033013B1BDF806300193BDF869
S21403A0500430236002B070BD0122214602B0BDE881
S21403A06070401847F0B50546002487B04868EB6B88
S21403A07027460E4601225B6902A9083002949847D8
S21403A08095F84230012B40F08480632C02D9029865
S21403A09007B0F0BD612C08D805AB224631462846EA
S21403A0A0FFF7BEFF9DF814301BB305AB22463146BF
S21403A0B028468DF81070FFF7B3FF95F84230012B52
S21403A0C0059B55D14FF6FF72934200F09680082207
S21403A0D005A904A800F05EF9059B9DF81010C3F3CC
S21403A0E00722914240F08980DBB2029A1A44029218
S21403A0F083E095F84230012B30D103AB224631463C
S21403A1002846FFF78DFF04AB621C31462846FFF74F
S21403A11087FF05ABA21C31462846FFF781FF1022B6
S21403A12008230DF107000DEB02018DF8073000F050
S21403A13031F9102205A90DF1070000F02BF9039B56
S21403A140DAB2002A52D19DF80720B2EB132F4DD175
S21403A150DDE9043203EB0243029347E0302C2BD9AC
S21403A16044E09DF80720B2EB134F3FD1049BF3E77F
S21403A170013342D0102205A90DEB020000F00AF9C4
S21403A180059B9DF81010C3F30742914235D19BB24D
S21403A190ABE7312C3FF67BAF87D005AB2246314683
S21403A1A02846FFF73DFFBDF81430002B7FF47DAF44
S21403A1B095F84230012BA0D003AB22463146284601
S21403A1C0FFF72EFF04AB621C31462846FFF728FF35
S21403A1D0102320220DF107000DEB03018DF8073045
S21403A1E000F0D8F8039B9AB2002ABAD095F842300A
S21403A1F0012B14BF012302231C44013440E713B58B
S21403A20000240194049C0094EDF706FD02B010BDF3
S21403A21013B501240194049C0094EDF7FDFC02B0F1
S21403A22010BD30B5002344684FF0FF329C4202D184
S21403A2300023037230BD016801EBC30541F83320E8
S21403A24001336A60F2E7C0E90012FFF7EABFF0B530
S21403A250002345689D4210D00468DF0054F833207D
S21403A26004EBC306B2F1FF3F08D0C2F313029142D8
S21403A27004D14FF0FF33E3517360F0BD0133E9E7D8
S21403A280F0B5002345689D4202D14FF0FF300EE043
S21403A2900468DE0054F83340671C09D0C4F3130780
S21403A2A0B94205D1240D1470036833445868F0BDD1
S21403A2B00133E8E713B50023044601461B220DF1DC
S21403A2C007008DF8073000F065F822689DF8073020
S21403A2D0B3EBD26F0CBF0120002002B010BD13B544
S21403A2E000230446014620220DF107008DF80730AF
S21403A2F000F050F80DF107001A22211D00F04AF86D
S21403A30062689DF80730B3EB926F0CBF0120002004
S21403A31002B010BD0068431C58425841704700689D
S21403A32010F07E0F0CBFC0F3C160002070470068BA
S21403A330C0F3D3107047006800F07F0001288CBF7D
S21403A340002001207047036813F07E0F14BF04201B
S21403A35008207047036813F07E0F03D1406820F08F
S21403A3607C40704713F078001CBF03F07F03D81FB0
S21403A3707047006800F07F007047032809D0022862
S21403A38003D1C1F10201C8B2704700290CBF0720F0
S21403A390002070471F2A0B689EBF4FF0FF31914085
S21403A3A08B43590801F055315B1A03F033319B0890
S21403A3B003F033330B44017803EB13130A444FF0D3
S21403A3C0013103F00F334B43A2EB13620270704765
S21403A3D037B501F10C040546436969460122204658
S21403A3E09847BDF80030012201A901932046AB69C6
S21403A3F0984703B030BD37B501F10C044369012219
S21403A4006946054620469847009B4FF6FF7299B269
S21403A41091420DD11B0C012201A920461B0443F4D3
S21403A420254343F0A5030193AB69984703B030BDBA
S21403A4300020FBE737B5044600251B22011D0DF15E
S21403A44007008DF80750FFF7A5FF60689DF8072003
S21403A450B2EBD06F03D120F0784003B030BD0DF1DE
S21403A46007001B2204F108018DF80750FFF792FF3F
S21403A470A0689DF80730B3EBD06F01D1C043EAE77D
S21403A4804FF0FF30E9E703684BF29A22B2EB134F23
S21403A49010B5044613D19BB2012B13D1FFF7CAFFA5
S21403A4A001300CD0E0684FF6FF72B2EB104F4FEA64
S21403A4B0104309D180B2C01A18BF012010BD23680B
S21403A4C0013303D00420F9E70220F7E70320F5E77A
S21403A4D001288CBF002001207047033801288CBF59
S21403A4E0002001207047143070472DE9F0410546DF
S21403A4F09846036908460E4617469847044638B9F1
S21403A50043463A4631462846EEF744FB044618B11E
S21403A51031462846FFF75CFF2046BDE8F08102205F
S21403A52070470020704701207047002070470020C6
S21403A5307047704737B504460D4601A8F0F750FB41
S21403A54001A8FFF7F6FF204601A98DF80650EEF79F
S21403A5501BFC03B030BD08461146EEF7F3BC70474C
S21403A560431E012B03D9031F58425841704701204D
S21403A570704700F0C1BB4FF4C472002100F0E8BD81
S21403A58010B50446002100F085F82046BDE81040CB
S21403A590F0F764BAEFF702BEEFF706BEF8B5054666
S21403A5A00E46EEF797FCD5F8C03073B15B6963B11E
S21403A5B0F2F7EAF9D5F8C03040F26B125B69422134
S21403A5C01B1A58425841EEF765FE00224FF6FF73FA
S21403A5D04FF0240CF768D0B2B84208D31C46214685
S21403A5E02846EEF7FFFD00F08AFB2046F8BDB1686B
S21403A5F00CFB0011CC899C4202D2002CEFD02346E0
S21403A6000132E8E7EEF7EEBD008B70470A7838B5FF
S21403A61005461046FFF7A4FF60B14C782046FFF7C7
S21403A6209FFF38B12243530704D42846BDE8384079
S21403A630EFF7DABD012038BDFFF7E8BF10B50446D3
S21403A6400878FFF78DFF58B14A781046FFF788FF62
S21403A65030B1042A04D02046BDE81040EFF7FABD17
S21403A660012010BDFFF7EABFEFF706BB0846F0F779
S21403A67057BFEFF781BC70B504460D461646EEF796
S21403A680B1FD30B9324629462046BDE87040F3F79F
S21403A690D7BF70BDF0F74ABCF3F7E4BA38B5044643
S21403A6A000200D4600F029FBD4F8D4302BB92946F8
S21403A6B02046BDE83840EFF799BE022038BD38B5CE
S21403A6C0044648880D4600F018FBD4F8D4302BB95E
S21403A6D029462046BDE83840EFF7F2BD022038BDD4
S21403A6E000F00CBB00F07FB900F012BB38B505468E
S21403A6F00C46F6F71FFE2B6B1C40EB6A2343EB62FC
S21403A700F6F71CFE211E18BF01210020490238BDA2
S21403A710F0F74EB9EFF7B8BB00F0B3B900F0D5B910
S21403A72008461146F1F7D4B9EFF794BF00F06FB9B6
S21403A73038B50446154609B100F0E7F925B12046B9
S21403A740BDE83840F0F77EB838BD00F0ECB900F04D
S21403A750F6B90846F1F704BD10B5044600F08BF8C9
S21403A76020B92046BDE81040EEF770BE10BD00F0DD
S21403A770D3BAF1F7ADBF2DE9FF41984604460E461E
S21403A7801746F6F7DEFD05462046FFF7E5FF0A9B6C
S21403A7903A46029300233146CDE900832046EEF77E
S21403A7A0A3FE04462846F6F7D2FD204604B0BDE8CD
S21403A7B0F08138B50446F6F7C4FD05462046FFF794
S21403A7C0CBFF2046EEF76EFE04462846F6F7BFFD9F
S21403A7D0B4FA84F0400938BD38B50446F6F7B1FD3F
S21403A7E005462046FFF7B8FF204600F053F8044618
S21403A7F02846F6F7ACFD204638BD38B50446F6F7CE
S21403A800A0FD05462046FFF7A7FF204600F048F8C0
S21403A81004462846F6F79BFD204638BD70B5044629
S21403A8200E46F6F78EFD05462046FFF795FF3146A2
S21403A8302046EEF7A7FE04462846F6F788FD204690
S21403A84070BD134607B500228DF807100DF10700FB
S21403A850194600F01EFA03B05DF804FB08461146DD
S21403A8601A4600F016BA0020704701207047F0F72A
S21403A87093BD00F0B7B9EEF723BD10B5F6F761FD4B
S21403A880044600F015F8EEF741FD2046BDE81040FB
S21403A890F6F75DBD024608B5EEF712FD507D08BD1E
S21403A8A0024608B5EEF70CFD507D80F0010008BDAA
S21403A8B000F032BAEFF7FABB00F06BB8437C03B193
S21403A8C008470220704710B50446F0F7CDFC204633
S21403A8D0BDE810400321EFF729BAFFF7F4BF437C26
S21403A8E00BB1F0F787BC02207047437C0BB1F0F73F
S21403A8F0A5BC0220704738B5447C0D46BCB1053C68
S21403A900012C8CBF0024012449682246F0F7E6FC9C
S21403A910286890FAA0F0000AF2F756FAA97A28896E
S21403A920224681F00101F0F709FD002038BD022020
S21403A930FCE71FB5ADF808309DF81830CDE90012D6
S21403A94069468DF80A30FFF7D6FF05B05DF804FBBD
S21403A950002070470020704702210120EEF72EBF2B
S21403A9607047436B03F06003402B0DD0602B03D07E
S21403A970203B58425841704749B10B68012B06D912
S21403A980486940F00100704740F20110704700200C
S21403A99070470220F1F716BED0F8C8304BB11A68DC
S21403A9A0022A06D993F8250028B11B6AB3FBF0F0F8
S21403A9B07047FFF7EFBD7047D0F8C8207AB1136829
S21403A9C0022B0CD9536A13F47F4FC3F3072106D027
S21403A9D0126ADBB253438B42B3FBF1F201D2FFF7A9
S21403A9E0DBBD104670470346D0F804010860B3F891
S21403A9F0083100208B80704790F804310E2B14BF6B
S21403AA00807DFF2070474FF48071F4F7AFBDF8B533
S21403AA1007460E468D88EFF7CDFB7F7C0446082F4E
S21403AA20737C4FEAC5051ED1012B014604D80120CD
S21403AA30F3F76AFA033502E00020F3F765FA032317
S21403AA400544B371DCB1B5F5803F18D84FF2244204
S21403AA50630902FB05332409B3FBF4F300203268D1
S21403AA60D21A3260F8BD053FFFB2012F01468CBFF4
S21403AA7000200120F3F748FA012FE0D8DAE7022096
S21403AA80F0E7084610B510F0030411461BD13F2B20
S21403AA9015D9B3FA83F3C3F11902D2B2062A01D841
S21403AAA0192B0ED0062A28BF06220124931DDBB2DB
S21403AAB09C40A4B2A14228BF2146F0F795FD20464C
S21403AAC010BD2246F1E70024F9E7084611F003011A
S21403AAD010B518D113883F2B15D9B3FA83F3C3F1F6
S21403AAE01904E4B2062C01D8192B03D0062C2146F0
S21403AAF028BF062101238C1DE4B2A3401380F0F780
S21403AB0091FD002010BD0120FCE7EFF70BB810B550
S21403AB10144608460121F1F7FDFF2046BDE8104024
S21403AB200121F1F7F7BF10B50A011021F4F70AFD6A
S21403AB300446F4F725FD201E18BF012010BD102182
S21403AB40F4F714BDF8B504460E461746F6F7F2FBBF
S21403AB503A4605463146204600F07CF90446284628
S21403AB60F6F7ECFB2046F8BD02207047032070473B
S21403AB70F1F720BD10B5F0F7B9F8044608B9F3F7B6
S21403AB8051FD204610BD38B504461D46F0F7AEF815
S21403AB9028B929462046BDE83840F3F717BE38BD26
S21403ABA08021F4F7E3BC38B50546EFF7D9F8044639
S21403ABB02846EFF7B3F8072811D1D5F8C43024F4A4
S21403ABC07F41DB6921F0080103B15B7841EA032189
S21403ABD041F020012846BDE83840EFF7C7B824F017
S21403ABE02001F7E7F0F7D8BB38B5054610460C4604
S21403ABF0F0F746FC65B1D5F8C4304BB15B693BB1A1
S21403AC002268013204BF6FF00102226022681A60D4
S21403AC10002038BD002070472DE9F74F01251C465C
S21403AC209DF83030064601930368174603F0070382
S21403AC3006339D4005F1FF380B46A1B1416804EA8F
S21403AC40080BA5EB0B0A41F00059524509EB0B0123
S21403AC5014D95246184600F086FA49467A1B5A44D7
S21403AC60504400F080FA019B2BB13C4448EA0508A7
S21403AC7004EA0804F46003B0BDE8F08F1846F0E772
S21403AC8037B5002514460095FFF7C6FF204603B0E8
S21403AC9030BD70B50E461546044608B9002070BD93
S21403ACA00378042B18D02078F1F718F8B0B9237876
S21403ACB00E2BF3D10EB1FF233370CDB1FF232B70D0
S21403ACC016E020780130C0B203282070EBD8F1F7E5
S21403ACD005F80028F5D0E6E70020F5E71EB1207852
S21403ACE0F1F730F830701DB1207800F009F82870BD
S21403ACF00120D4E7F0F7F6B87047704770477047FF
S21403AD0010F0FD0F14BF4FF0FF300020C0B27047A5
S21403AD10704700200021704708B5F1F769FCBDE8CD
S21403AD200840F1F7A3BC08B5F1F77AFCBDE8084084
S21403AD30F1F79CBC10B50446F1F75AFC844288BF71
S21403AD4001F1FF312046BDE8104001F00301F1F7A1
S21403AD508DBC38B50446FFF7DFFF0546FFF7DCFF7B
S21403AD60431BA342FAD338BD08B521B1920000F0C5
S21403AD70FAF9002008BD0120FCE70B0CB3F5384FA9
S21403AD80F7B506460D468FB216D04BF60102934230
S21403AD9014D04BF60202934212D0B3F5304F14BFD1
S21403ADA004240324D6F8C4300BB1196851B9D6F875
S21403ADB0C0309BB928680FE00024F3E70124F1E7CD
S21403ADC00224EFE7234668463A46F1F7A7FC9DF8C8
S21403ADD004300098002BEAD103B0F0BD19680029AF
S21403ADE0E8D0234668463A46F1F798FC9DF80430C7
S21403ADF00098002BDED1EFE700F03003202B10B5D0
S21403AE0013D110F4E02FC0F302440AD0C0F3C423D6
S21403AE10B3FBF4F410F4C01F18BF6400052C0ED85F
S21403AE206408F1F743FF604310BD6FF01204C0F3EC
S21403AE3082131C4104F00104C4F10204F1E7042464
S21403AE40EFE74FF0384359699A6903F500530A4010
S21403AE505A617047F7B505460F4668461146F2F73E
S21403AE601BF8064698B197B1DDE900311B0A43EAA1
S21403AE700163A5FB0343090A05FB0135F1F784FDCE
S21403AE800023024629462046F4F7C2FB38603046C4
S21403AE9003B0F0BD03207047704730B14FF47A73A8
S21403AEA05843A0F57A60F2F723BF49F64040FAE725
S21403AEB0F3F7CABEF3F7C8BEF3F7C6BEF3F7C4BECE
S21403AEC0F3F7C2BE00228A4202D14FF0FF3070472A
S21403AED050F8223093FAA3F30BB90132F3E7B3FA2F
S21403AEE083F000EB421070470020704770B5A1FB5B
S21403AEF002543CB92946F4F767FD064628B90026EE
S21403AF00304670BD0C220260F9E72A46214600F05F
S21403AF101FF9F5E72DE9F843074688461446002649
S21403AF20D4E90195B9F1010905D52468002CF7D1B8
S21403AF303046BDE8F883AB89012B07D9B5F90E3047
S21403AF40013303D029463846C04706436835E9E748
S21403AF50036A70B505460E4684680BB9F4F744FEDB
S21403AF60636EDB0705D4A389980502D4A06D00F0B1
S21403AF70F8F8A389190702D52369002B35D1214692
S21403AF802846F4F721FF80B34FF0FF35636EDA07E8
S21403AF9005D4A3899B0502D4A06D00F0E3F82846E8
S21403AFA070BD002B15DB23685A1C22601970A3683A
S21403AFB016F8011F013BA3600029F2D1002B16DA15
S21403AFC022460A21284600F05BF80130DCD00A2529
S21403AFD0DCE7A2699A4201DC0A29E4D12246284624
S21403AFE000F04EF80130E2D1CEE7013EDFE72368FA
S21403AFF05A1C22600A221A70E9E710B50C46B1F90A
S21403B0000E10F4F759FF0028ABBF636DA3891B1816
S21403B01023F48053ACBF6365A38110BD2DE9F041D3
S21403B0201F468B8905460C46DB05164605D50223C7
S21403B0300022B1F90E10F4F72DFFA3893246B4F9B6
S21403B0400E10284623F48053A3813B46BDE8F04107
S21403B050F4F754BF10B50C46B1F90E10F4F71AFF07
S21403B060431CA38915BF606523F4805343F48053C0
S21403B070A38118BFA38110BDB1F90E10F4F7FABE71
S21403B080F8B50E461446054618B1036A0BB9F4F72D
S21403B090ABFDA369A360A3891A0701D5236943B946
S21403B0A021462846F4F790FE18B14FF0FF3738468E
S21403B0B0F8BD2368F6B222693746981A6369834255
S21403B0C005DC2146284600F079F90028EDD1A3686F
S21403B0D0013BA36023685A1C22601E70431C6269EE
S21403B0E09A4204D0A389DB07E1D50A2EDFD1214695
S21403B0F0284600F063F90028D9D0D6E70139024480
S21403B10010B5904201D1002005E0037811F8014FF5
S21403B110A34201D0181B10BD0130F2E7884210B5D8
S21403B12001EB020402D98442234607D8431EA142F8
S21403B13008D011F8012B03F8012FF8E70244014663
S21403B1408A4200D110BD13F8014D02F8014DF7E70E
S21403B15002440346934200D1704703F8011BF9E704
S21403B1607047704770470A44431E914200D17047A8
S21403B17010B511F8014B914203F8014FF9D110BDF8
S21403B1809368013B002B936010B408DA9469A342DA
S21403B19001DB0A2903D15DF8044BFFF771BF13687F
S21403B1A0581C1060084619705DF8044B7047F8B5D4
S21403B1B006460F461446D518AC4201D1002007E0D8
S21403B1C03A4614F8011B3046FFF7DAFF431CF3D167
S21403B1D0F8BD2DE9F047164698468A6807460B6978
S21403B1E00C46DDF820909342B8BF1346336091F8BF
S21403B1F043200AB1013333602368990642BF33689C
S21403B20002333360256815F0060506D104F1190AE2
S21403B210E36832689B1AAB422BDC94F8433022680F
S21403B220003B18BF0123920630D404F14302414683
S21403B2303846C847013023D023681A3454F80A2CFA
S21403B24003F00603042B0ABF54F80E5C002533688C
S21403B2504FF0000608BFED1A54F8123C08BF25EA63
S21403B260E5759342C4BF9B1AED18B5421AD1002068
S21403B27008E00123524641463846C847013003D109
S21403B2804FF0FF30BDE8F0870135C1E7E1185A1CDF
S21403B29030200233224481F8430094F8451082F8A4
S21403B2A04310C2E70123224641463846C8470130C9
S21403B2B0E6D00136D9E7B1F90C202DE9F04117079E
S21403B2C005460C4656D44B68002B02DC0B6C002B51
S21403B2D03DDDE66A002E3AD0002312F480522F6832
S21403B2E0216A2B6025D0626DA389580705D563684C
S21403B2F0D21A636B0BB1236CD21A216A0023E66A57
S21403B3002846B047411C24D000236360236923608A
S21403B310A389DA0400D56065616B2F60B9B104F1C7
S21403B3204403994202D02846F4F71EFE00236363C3
S21403B3300DE001232846B047461C0246D4D12B68AD
S21403B340002BD1D01D2B01D0162B2AD12F60002025
S21403B3502EE02A68B4F90C3042B11D2A01D0162A11
S21403B36021D10023636023692360D5E762602269E5
S21403B3702260CEE70F69002FE9D093070E680F60AF
S21403B3800CBF4B690023A6EB07088B60B8F1000FD0
S21403B390DDDD43463A46216A2846A66AB0470028BA
S21403B3A008DCB4F90C3043F040034FF0FF30A381C0
S21403B3B0BDE8F0810744A8EB0008E7E738B50B695A
S21403B3C005460C4613B90025284638BD18B1036A4E
S21403B3D00BB9F4F709FCB4F90C30002BF3D0626E0A
S21403B3E0D00704D4990502D4A06DFFF7BAFE284609
S21403B3F02146FFF760FF636E0546DA07E4D4A389A8
S21403B4009B05E1D4A06DFFF7ADFEDDE770B50C46F6
S21403B410B1F90E1096B0154600291E460CDAA3891C
S21403B420002113F0800F14BF40234FF480630020E5
S21403B43031602B6016B070BD6A46F5F723F8002816
S21403B440EDDB019901F47041A1F5005359425941CE
S21403B4504FF48063EBE78B89F7B59D0706460C46EA
S21403B46007D504F14703236023610123636103B017
S21403B470F0BD01AB6A46FFF7C9FF009F054630469D
S21403B4803946F4F7A1FA48B9B4F90C309A05EED464
S21403B49023F0030343F00203A381E2E7A3892060BA
S21403B4A043F08003A381019BC4E904075BB1B4F9AD
S21403B4B00E103046F4F7F8FF28B1A38923F00303F0
S21403B4C043F00103A381A3891D43A581CFE7C9B236
S21403B4D00346024410B59342184601D1002003E008
S21403B4E0047801338C42F6D110BD430803F055337C
S21403B4F0C01A00F03333800800F0333018444FF09E
S21403B500013300EB101000F00F305843000E704765
S21403B51010B5044678B1036A41696BB180689847F1
S21403B5200023207E63611028636004D82146F5F764
S21403B530C7FA1123237610BD0029F1D08368002BA8
S21403B540EEDB0846F5F7ACFCEAE707B5019101A97F
S21403B550F5F7FCF803B05DF804FB002307B51A46BD
S21403B560019101A9F5F7F2F803B05DF804FB1FB5E6
S21403B570002402949DF81C400194069C0094F5F761
S21403B5806BF804B010BD13B507240194049C009413
S21403B590FFF7EDFF02B010BD002307B50093FFF7DA
S21403B5A0F2FF03B05DF804FB03680B6001607047AD
S21403B5B02DE9F0410E46174600240546006808B9F3
S21403B5C0BDE8F081D0E90083B3420BD18368BB4268
S21403B5D008D154B9C5F80080C368DB0701D5F5F771
S21403B5E05FFC204604464046E9E7C4F80080F3E7DC
S21403B5F0D1E90112FFF7DCBF002370B51A461946DE
S21403B60005460468F5F7A2F80CB92C6070BDE3682C
S21403B6102668DB0702D52046F5F742FC3446F3E7F7
S21403B6202DE9F8430E461746054610B90020BDE837
S21403B630F8830468002CF9D0D4E900893B463246E7
S21403B6402946A068C8470028F1D14446F2E72420DB
S21403B650704738B5054614460A460021FFF778FDBD
S21403B66024F01C046B7944F0100443F004032C719B
S21403B6706B7138BD2DE9F74F1F469DF830308A466B
S21403B68080460093002850D0002967D00C68002C11
S21403B69066D04FF0000BE679A179761AF6B2BE4271
S21403B6A008D30C31394408EB020945462144F61BFE
S21403B6B0C84537E02068A346BF1B002835D004469C
S21403B6C0E9E7AB19994538BFA9EB05063246284684
S21403B6D0FFF749FD009B002B3DD0E279A079F3B23A
S21403B6E037BB1844A071E279A37927689A4232D10E
S21403B6F0DAF80030A34208BFCAF80070BBF1000FA7
S21403B70001D0CBF800702046F5F73CFA3C463544AA
S21403B7104CB10027A379E67903F10C01F61A21440C
S21403B720F6B24D45CDD3A5EB080003B0BDE8F08FC8
S21403B730121AD2B2F918914209DA0C302044D21BFD
S21403B740D21A014438440193FFF7E8FC019BE279DF
S21403B750D31AE371C7E7A3462468D8E70846E4E7A5
S21403B7602046E2E710B5C4790246C4F14503D8B2D1
S21403B770884228BF08460444D47110BD38B5054630
S21403B780C079C0F14504E4B2944288BFD4B20C3009
S21403B79022462844FFF7E7FCEB7920462344EB7167
S21403B7A038BD1FB503910021009103A9FFF762FF7F
S21403B7B005B05DF804FB38B50446206800B938BD0B
S21403B7C00568F5F7DFF92560F7E7034610B501F0DE
S21403B7D0EC0103B910BD1A7902F013020A431A7179
S21403B7E01A1A544254415A7964F300025A711B6878
S21403B7F0EFE710B558B1016802685AB1136823B170
S21403B8005C79E40704D5002414600360084610BD81
S21403B8100360F1E71346F8E7034658B10020DA79E8
S21403B82099791B68521A50FA82F01BB15A79D207DB
S21403B830F5D57047704770B50D460446E8B186796E
S21403B8408E4203D3751A8571012070BDC27906F145
S21403B85045039B1ADBB299420FD806F10C0101444B
S21403B860921BA81BD2B20844FFF758FC0023A3710F
S21403B870E3791D44AD1BE571E6E70020E5E710B567
S21403B8800C4698B191B18979E279C379521AC3F11A
S21403B8904503D2B2DBB2934208D30C312144FFF7FF
S21403B8A06DFF2046F5F76EF9012010BD0020FCE77A
S21403B8B00346006818B102681A60002303607047E5
S21403B8C00346002003B97047DA7999791B68521A40
S21403B8D050FA82F0F6E72DE9F84F89461446824679
S21403B8E0FFF7EEFF05464846FFF7EAFFA542074681
S21403B8F001D3A04208D2BD4208D10024A346A046E5
S21403B900264647B9384604E02746F6E738D24FF0CE
S21403B910FF30BDE8F88F5EB99AF806809AF807609C
S21403B920A6EB080608F10C08D044DAF800A0F6B235
S21403B930BBF1000F0BD199F8064099F807B0ABEBB3
S21403B940040B0C344C44D9F800905FFA8BFB5E452D
S21403B950354628BF5D46BD4228BF3D4621462A469A
S21403B9604046FFF7CBFB0028D3D1A8442C447F1BCB
S21403B970EDB2761BABEB0505F6B25FFA85FBC0E7C7
S21403B9800120C6E703680BB9016070471A461B68B7
S21403B990002BFBD111607047036803B10B60016095
S21403B9A0704739B10B461A461B68002BFBD1036858
S21403B9B013600160704770B5046806460D4644B1CF
S21403B9C02046FFF77DFFA84211D8236813B9E37911
S21403B9D0A37170BD20463360F5F7D4F83468F4E7F6
S21403B9E0ED1A236820463360F5F7CCF83468002D4B
S21403B9F0EFD0A279E3799B1ADBB2AB42F0D92A44A3
S21403BA00A271E6E7F8B5066805460C4646B1304629
S21403BA10FFF756FFA0421DD8336813B9F379B37105
S21403BA20F8BD30462B60F5F7ADF82E68F4E706460A
S21403BA3038460768002FFAD1C2798379D31ADBB266
S21403BA40A34202D9121BC271EAE7E41AF5F79AF881
S21403BA503EB13760002CE3D028680028E0D00026EB
S21403BA60E7E72E60F6E7F8B504460F46BC4200D17A
S21403BA70F8BDA179E5796D1AEDB2C5F14506B6B202
S21403BA800EB92468F2E749B10C312A46214404F181
S21403BA900C00FFF743FB0023E571A3712368BB4249
S21403BAA0EFD05A79D207ECD49979DD79A0796D1A5B
S21403BAB0EDB2B54228BF3546E2790C3010440C315E
S21403BAC02A4619442044FFF74EFBE379206853FACD
S21403BAD085F3E3718379761B53FA85F5C379EDB263
S21403BAE0AB42B6B2857103D103682360F5F74AF813
S21403BAF0002ED3D1C5E738B50C46016809B90460F2
S21403BB0038BD0D4609680029FBD1236823B12046BA
S21403BB10FFF7A9FF2C60F3E721462846FFF7AFFEA1
S21403BB200028EDD1F6E748B10023027943600360AD
S21403BB3083604379027143F0040343717047002224
S21403BB401146F5F77BB838B504460D46FFF773FE86
S21403BB5098B984B12079FFF7F2FF58B16379427937
S21403BB60C3F3400363F3410245235D1B0460427144
S21403BB70C371857138BD0120EDE72046FAE738B575
S21403BB80036804460D469BB11879FFF7D8FF88B1C2
S21403BB902368427903605B79C3F3400363F341028E
S21403BBA045235D1B4271C37185712060002038BD3B
S21403BBB00120EAE71920FAE738B50C46054640B3F4
S21403BBC0006830B309B9002038BD4AB9C9B2FFF7D7
S21403BBD032FE0028F7D12B689A799871A41A06E0EA
S21403BBE0452918D8C9B2FFF726FE0028EBD1442C06
S21403BBF007D8002CE7D02846E1B2BDE83840FFF767
S21403BC00BEBF45212846FFF7BAFF0028DCD1453CD6
S21403BC10EDE72220D8E72120D6E72DE9F84390F870
S21403BC20078090F806900446A8EB0907FFB2B942CE
S21403BC300D4602D30020BDE8F8830079FFF77FFFA7
S21403BC4006460028F6D0A17980790C317F1B29445B
S21403BC500C30BAB221443044FFF785FAF379012059
S21403BC603B44F371E37999444D442368A5EB0805F7
S21403BC70E57133602660DEE7F8B5076806460D46CD
S21403BC803C46002305B12CB90BB100221A60346080
S21403BC903846F8BDE379A2799B1ADBB2AB4207D8E4
S21403BCA0E379A2799B1ADBB2ED1A23462468E9E707
S21403BCB02046E9B2FFF7B1FF0028F1D10746E7E7D0
S21403BCC05318452B02DCC9B2F4F7B8BF00207047FF
S21403BCD0F7B5002605460F4601960DB9019C09E007
S21403BCE0002238461146F4F7A9FF044628B901A8EE
S21403BCF0FFF761FD204603B0F0BDAB798371EA79A7
S21403BD00C27168796179D21A60F300016171697949
S21403BD106079C1F3400161F34100607103F10C00E7
S21403BD202918D2B22044FFF71EFA019B03B90194E7
S21403BD3006B1346026462D68CFE72DE9F8430D4655
S21403BD401446064610B319B3DAB1034699461B6880
S21403BD50002BFBD12746C8463A4629464046FFF7FE
S21403BD600DFDC145A7EB0007054418BFC9F80080C1
S21403BD7037B10022B1793079F4F760FFC14618B9BC
S21403BD80E41B2046BDE8F8838046E5E70446F8E76B
S21403BD900C46F6E737B51546C9B200221C46F4F73B
S21403BDA04DFF019040B122462946FFF7C6FF844265
S21403BDB002D901A8FFF7FFFC019803B030BD034684
S21403BDC010B501391A1A914200D810BD445C1A788E
S21403BDD003F8014B42540139F4E700230144884237
S21403BDE000D1704700F8013BF9E738B505460C4625
S21403BDF004B938BD013C55F834305B68002BF7D0E6
S21403BE009847F5E72DE9F0410446002654F8363006
S21403BE102BB904F10408B34203D100250FE0013621
S21403BE20F4E754F833205F1C12685AB158F833000D
S21403BE309047054630B139462046FFF7D6FF2846D9
S21403BE40BDE8F0813B46E6E77047704770477047AA
S21403BE507047F5F707B838B50446FAF7F5F8054618
S21403BE6058B9C820E2F7EEFCC82202212846E2F7BA
S21403BE70A9FC8442A8BF044624B22046E2F7E2FCAB
S21403BE80FAF7E2F8BDE83840C8220221E2F79ABC86
S21403BE90B0F90020B1F900302DE9F0479A42044684
S21403BEA00D4648DCF5F74DFA8046DDF763FC0028BF
S21403BEB03ED1E2F77DFC8246FAF7C6F8C822022195
S21403BEC0E2F780FC47F6FF73B5F9002081469A42F5
S21403BED002D1E2F791FC288047F6FF73B4F90020FD
S21403BEE09A4202D1E2F782FC2080B5F90000FFF700
S21403BEF0B2FFB4F9003007468342C8BF2080B4F9C6
S21403BF000000E2F77FFCF7F7D2FD064658B150462D
S21403BF10E2F778FC4846E2F795FC4046F5F717FA51
S21403BF203046BDE8F087E2F743FC20802F80F4E735
S21403BF3041F20C06F1E72126F2E7000000000000BC
S21403BF40F8B500BFF8BC08BC9E467047F8B500BFFE
S21403BF50F8BC08BC9E4670475FF800F0150D00203D
S21403BF605FF800F0750E00205FF800F0CD0D00209E
S21403BF7000000000000000000000000000000000B9
S21403BF8000000000000000000000000000000000A9
S21403BF900000000000000000000000000000000099
S21403BFA03E3E3E2052617720414443203D20257586
S21403BFB00A004E6F74696679205241572041444304
S21403BFC0206661696C65643A203078253034580AF7
S21403BFD00052617720414443206E6F746966696539
S21403BFE0643A2025750A00566F6C74616765203ABB
S21403BFF020256C75206D560A003E3E3E2042617435
S21403C00074657279204C6576656C203D2025752510
S21403C010250A00496E697469616C697A696E6720DE
S21403C02041444320776974682057696E646F7720AC
S21403C030436F6D70617261746F722E2E2E004144D1
S21403C0404320776974682057696E646F7720436F5F
S21403C0506D70617261746F7220696E697469616C68
S21403C060697A65642E00566F6C74616765203A20A2
S21403C07025646D560A00454E41424C4544004449EA
S21403C0805341424C454400426C7565746F6F746847
S21403C0902053797374656D20426F6F7465642E2028
S21403C0A0496E697469616C697A696E672041647662
S21403C0B06572746973696E672E2E2E004164766509
S21403C0C072746973696E6720737461727465642130
S21403C0D0004661696C656420746F207374617274C2
S21403C0E0206164766572746973696E673A20307886
S21403C0F0253034580A00424C4520436F6E6E656304
S21403C1007465642E2053656E64696E6720696E6974
S21403C1107469616C204144432076616C75652E2EEC
S21403C1202E00446973636F6E6E65637465642E00D8
S21403C13052652D6164766572746973696E672073E0
S21403C1407461727465642E004661696C656420745C
S21403C1506F2072657374617274206164766572749D
S21403C1606973696E672E204572726F723A20307853
S21403C170253034580A004E6F7469666963617469C2
S21403C1806F6E732025730A0041707020496E6974C0
S21403C1902E2E2E004661696C656420746F207374BE
S21403C1A0617274204144432074696D65722E204584
S21403C1B072726F723A203078253034580A000000C5
S21403C1C0000002000000000000000000BA040000A7
S21403C1D00000000000000200000000000000000055
S21403C1E0BA04000000000000342E342E33005B43F4
S21403C1F05D20002E2E2F736C5F676174745F73650A
S21403C20072766963655F6465766963655F696E66A2
S21403C2106F726D6174696F6E2E630025733A2564C1
S21403C220203A25733A200073630053746174757360
S21403C2303A202573203D203078253034782000417D
S21403C2407373657274696F6E206661696C656400EA
S21403C250736C5F676174745F736572766963655F39
S21403C2606465766963655F696E666F726D6174692E
S21403C2706F6E5F6F6E5F6576656E74009CC20300BB
S21403C2802300230032C503001000100012C503006C
S21403C290020002000200FFFFFFFF00000100000093
S21403C2A00108FFFF00000000CCC4030002000200E8
S21403C2B00108FFFF0500000020000C0003000C002F
S21403C2C00008FFFF01000000680C002004000F00B8
S21403C2D00308FFFF03000000020000000500020041
S21403C2E00108FFFF0500000002000D0006000D0018
S21403C2F00108FFFF01000000720C00200700020087
S21403C3000108FFFF050000000A000E0008000E00EB
S21403C3100308FFFF01000000880C0020090000004E
S21403C3200108FFFF00000000D0C403000A0002005B
S21403C3300108FFFF050000000A0003000B000300CE
S21403C3400308FFFF01000000900C00200C00020011
S21403C3500108FFFF05000000020004000D000400B2
S21403C3600108FFFF00000000D4C403000E00000015
S21403C3700108FFFF00000000D8C403000F000200FE
S21403C3800108FFFF0500000002000500100005007D
S21403C3900108FFFF00000000DCC4030011000200D8
S21403C3A00108FFFF05000000020006001200060059
S21403C3B00108FFFF01000000A40C00201300020088
S21403C3C00108FFFF05000000020007001400070035
S21403C3D00108FFFF01000000B20C00201500020058
S21403C3E00108FFFF05000000020008001600080011
S21403C3F00108FFFF01000000BC0C0020170002002C
S21403C4000108FFFF050000000200090018000900EC
S21403C4100108FFFF01000000C80C002019000000FF
S21403C4200108FFFF00000000EAC403001A00020030
S21403C4300108FFFF0500000002000A001B000A00B7
S21403C4400108FFFF01000000D60C00201C000B00B3
S21403C4500108FFFF07000000000000001D000000A9
S21403C4600188FFFF00000000EEC403001E00020068
S21403C4700108FFFF05000000120000801F00008077
S21403C4800108FFFF070000000000000020000F0067
S21403C4900308FFFF03000000010100002100000065
S21403C4A00108FFFF0000000000C503002200020091
S21403C4B00108FFFF0500000008000180230001803B
S21403C4C00208FFFF0700000000000000020001183A
S21403C4D0020000180200000002000A180C0053694C
S21403C4E06C69636F6E204C61627302000F18100054
S21403C4F00EDF79B9CCB75FBA364FBD1E841269B06A
S21403C5001000F01921B4478FA4BFA14F63FDEED6E8
S21403C510141D4EBA5543D71729AD3141C33A341AC1
S21403C5209534636032E0375EA488534E6DFB643502
S21403C530BFF7002801280328002A012A292A242ACB
S21403C540272A262A232A192A0429052A2A2B292BAD
S21403C55002290000050000000000000000C20100E0
S21403C56000050000001000000000000000000000AE
S21403C570433A2F55736572732F6A6167616E2F5343
S21403C580696D706C696369747953747564696F2F28
S21403C59053444B732F6765636B6F5F73646B2F61D5
S21403C5A070702F626C7565746F6F74682F636F6D30
S21403C5B06D6F6E2F696E5F706C6163655F6F74611C
S21403C5C05F6466752F736C5F62745F696E5F706C11
S21403C5D06163655F6F74615F6466752E630064658F
S21403C5E06C61795F74696D65725F636200736C5F1B
S21403C5F062745F696E5F706C6163655F6F74615FC1
S21403C6006466755F6F6E5F6576656E74003F0028BF
S21403C6100029200013B779FAC925DDB7ADF3CFE0BB
S21403C620F1B614B80102000000000000FFFFFFFF90
S21403C63020000000010000000000000000000000D1
S21403C64000000000000000000000000000000000E2
S21403C65000000000000000000000000000000000D2
S21403C660000000001E00000327110300231103002F
S21403C67001110300FF100300893701003111030085
S21403C6804D3701002C000000020002010009007F64
S21403C690C4C603000100000FA4C603000000000088
S21403C6A000000000E1FE59FF8FFFADFFC1FFD0FF82
S21403C6B0DCFFE4FFEBFFF2FFF6FFFAFFFDFF0000EF
S21403C6C0030005005500EDFEFF0064001E00000099
S21403C6D07F001B0DD063FDFF3600B7034DDAFFFF67
S21403C6E01C005901EC3600001100BD00C83B0000D9
S21403C6F00B0071001435000007004900352C0000BC
S21403C700050037000526000003001400FF14000090
S21403C71000000000000000000000004000000000D1
S21403C7200100000038C70300C0000000000000003E
S21403C7300000100020000000FFFFFFFF00000001C4
S21403C740000000000000000000000000FFFFFFFFE5
S21403C750FFFFFFFFFFFFFFFFFFFFFFFF00000000DD
S21403C760FFFFFFFFFFFFFFFFBCE6FAADA7179E84A0
S21403C770F3B9CAC2FC6325516B17D1F2E12C4247C9
S21403C780F8BCE6E563A440F277037D812DEB33A086
S21403C790F4A13945D898C2964FE342E2FE1A7F9B2E
S21403C7A08EE7EB4A7C0F9E162BCE33576B315ECE4D
S21403C7B0CBB6406837BF51F5FFFFFFFF000000010F
S21403C7C0000000000000000000000000FFFFFFFF65
S21403C7D0FFFFFFFFFFFFFFFC5AC635D8AA3A93E7D1
S21403C7E0B3EBBD55769886BC651D06B0CC53B0F644
S21403C7F03BCE3C3E27D2604B6BC0BCE12A459991A9
S21403C800E134741A7F9E1925AE2D8A571E03AC9CFD
S21403C8109EB76FAC45AF8E5130C81C46A35CE4117F
S21403C820E5FBC1191A0A52EFF69F2445DF4F9B1703
S21403C830AD2B417BE66C37103FF1CAA1681FAC09EC
S21403C840120ECA307586E1A72B7E151628AED2A621
S21403C850ABF7158809CF4F3C6C5C5854801024FF07
S21403C860FFFFFFFFFFFFFFFFFFFFFFFFFFFFFF00CF
S21403C870000000000120000000200000000000006F
S21403C880B95F01000040025C0000000000000010D9
S21403C89001030401010109030B0000000B00000063
S21403C8A0020000000000202000000000030000003B
S21403C8B08C8C3C000000000000000000000000001C
S21403C8C00104104001000000050002000003000000
S21403C8D03CCB030018CB03008CCA0300ACCA03008E
S21403C8E0C0CA030064CB0300FCCA0300E8CA030003
S21403C8F00000000050CB0300000000002CCB030018
S21403C9000000000020CA030000000000D4CA030091
S21403C91000000000DCCA030000000000A0CA0300F9
S21403C92064C9030078CB030066C9030010CB030079
S21403C93000000000000000000000000000000000EF
S21403C9404E0C000000000000000000007CC2030044
S21403C95000000000000000000400000000000000CB
S21403C960E2FF500001000400FB00141400001C202A
S21403C97030401C2000001C203040505341004B45E3
S21403C980590000010102010202030102070B0B0713
S21403C99001160C00000108080000050108FFFF024D
S21403C9A0FFFF0808020204FF010022FFFFFFFFFF4C
S21403C9B0FF030404FFFFFFFF2AFFFF1419191B01DF
S21403C9C01C15120400480C14131510801A801280CC
S21403C9D080000F0E0C080C080D181001020404004A
S21403C9E0F4010000FA000000960000006400000056
S21403C9F04B000000320000001E0000001400000080
S21403CA000000000001015000400008005000240010
S21403CA1004009001500240009001AE011000000097
S21403CA20C1F7010000000000004972531449720761
S21403CA30FF000102030405FF145300724907CDF6F5
S21403CA40916D0300690B0200392302008F6D03000A
S21403CA50316F03002B6F0300D52602006B90030093
S21403CA60E56E03002D6F03002F6F0300D96E0300DE
S21403CA70276F0300A9060200E16B0300FD0702000F
S21403CA8001020C000000040000000800040000007F
S21403CA90000000000000000000000000000000008E
S21403CAA0656D030000000000A001040156000000AD
S21403CAB0000000000000000000000000000000006E
S21403CAC00500000000000000000000000000000059
S21403CAD0000000000000000000000000C16E03001C
S21403CAE000000000A01305000A000000000000007C
S21403CAF00000000000000000000000000900000025
S21403CB00000000000000000000000000000000001D
S21403CB10C76E0300000000000F00000000000000C6
S21403CB20000000000000000000000000D16E0300BB
S21403CB3000000000000000000000000001000000EC
S21403CB4000000000000000000000000000000000DD
S21403CB50F50C020000000000A0010107A00001047C
S21403CB6002040800060000000000000000000000A9
S21403CB70BD0E0200850E0200ED0E0200000000004E
S21403CB80A0030601A0090609A0020608A0050607D9
S21403CB90A0050606A0070605A0020604A0010610C7
S21403CBA0A00A0602A00D0600000004020503060103
S21403CBB007010108090A0000A0015C02A0035C014A
S21403CBC0A0025C00A0020F09A0030F04A0030F033A
S21403CBD0A0050F02A0010F01A0050F00A004010885
S21403CBE0A0020105A0030106A01201000101020430
S21403CBF0200304098970020020000401150B0200BB
S21403CC0020025602B90B0200200256018D0B0200C9
S21403CC10200106053D11020020030A11D10C020073
S21403CC2020040A049D0C020020050A026D0C020073
S21403CC30200A011ADD0D020020000115A10D0200D5
S21403CC4062676170692062756666657273000100CB
S21403CC500200000000000000030000000D000300B7
S21403CC600200010005006761747420636F6E6E65D1
S21403CC706374696F6E00000000FB349B5F800000E6
S21403CC808000100000000000000000002F8E03004C
S21403CC90CF74030015900300198F0300E69D350E2D
S21403CCA0480103CCDBFDF4AC1191F4EFB9A5F9E927
S21403CCB0A7832C5E2CBE97F2D203B020008BD289BA
S21403CCC015D08E1C742430ED8FC24563765C1552E6
S21403CCD05ABF9A32636DEB2A65499C80DC006C88E8
S21403CCE08391AAF5A53860370BDB5A6083BE000034
S21403CCF00001000100050100050202030002000016
S21403CD00000000020501000500000100010000010B
S21403CD1000010202030002000000000002020100FC
S21403CD2002BF01FB9D4EF3BC36D874F53941386813
S21403CD304C8BD28915D08E1C742430ED8FC245637C
S21403CD40765C15525ABF9A32636DEB2A65499C800E
S21403CD50DCE69D350E480103CCDBFDF4AC1191F403
S21403CD60EFB9A5F9E9A7832C5E2CBE97F2D203B0E0
S21403CD70203F49F6D4A3C55F3874C9B3E3D2103F46
S21403CD80504AFF607BEB40B7995899B8A6CD3C1A3A
S21403CD90BD000000A0010A05A0030A04A0080A03B8
S21403CDA0A0070A02A0060A01A0070A00A0030906B4
S21403CDB0A0060905A0070904A0040903A0050902A3
S21403CDC0A0060901A00309000202030000000000F8
S21403CDD0B98C0200018D0200AD8C02000D8D02009D
S21403CDE0F58C020077A70300B3A70300D9A70300B7
S21403CDF0FBA703001DA80300E9A00200A1A00200F0
S21403CE00ADA0020081A1020093A903001FA50300A1
S21403CE1023A503002FA5030027A503002BA50300C6
S21403CE200000000088010000B80F0020E1FE0000AB
S21403CE3002000080FF7F00000080FF7F0E02524149
S21403CE40494C0000A0000000459802005000000076
S21403CE50BD9702000000000100000101000101016E
S21403CE60F59A0200D99A020011D00200B9D2020044
S21403CE70F1D1020001010203000000011F150F1586
S21403CE80150F151FFFFFFFFFFFFFFFFFFFFFFFFF4E
S21403CE90FFFFFFFFFFFFFFFFFFFFFFFFFFFFFFFF9A
S21403CEA0FFFFFFFF00A801A802A8000000B801B812
S21403CEB002B800B0C8010400E0010400F801040051
S21403CEC010020400280204000304040808050000F6
S21403CED0000000000000000000000000B832000060
S21403CEE0F8040000B037000004000000303E0000E5
S21403CEF00300000000000000B8320000343E0000CB
S21403CF0000000000343E0000410000000000000066
S21403CF10303E0000853200009D3200009D32000046
S21403CF209D3200009D3200009D320000000000008C
S21403CF300000000000000000000000009D3200001A
S21403CF409D3200009D320000112B00009D32000030
S21403CF503B2C00004B2C0000D12C0000192D0000A8
S21403CF609B2D0000012F0000BB2D0000912F000019
S21403CF70072E0000452E0000B92E0000F1300000F9
S21403CF80C53100000D2C000071280000212400008C
S21403CF908F280000012900009D320000D9290000D7
S21403CFA09D2900009D3200009D320000212A0000CA
S21403CFB09D3200009D3200009D320000F90F0000F4
S21403CFC0E90F0000031000000D100000171000000A
S21403CFD08C488068000200D4704780B580208002A9
S21403CFE0A8490860CF2000F04BFA01BDF8B5864883
S21403CFF00068864C802292032260854E31680905BC
S21403D0001DD5110BA023034001D0216017E0024079
S21403D0103FD180277F4A17607F4A1760084038D081
S21403D020784D287A400705D501207C490860000220
S21403D0307B4908602878002801D0062801DB0020F9
S21403D040F2BD00F057FB716889684E682978052998
S21403D05007D1B905A1606E60B668CC218901704A14
S21403D060116000F050FB012E00DA0226BC2080057A
S21403D0708549086094208005844908606548002136
S21403D080C94301647142416481490F6040210160D4
S21403D090D5E7B1480160FFF79BFF0120F2BD5A4870
S21403D0A00168890504D5C06E0004000F022801D06C
S21403D0B0002070470120704738B580245548046027
S21403D0C000F018FB05007348006800F065F92800B7
S21403D0D000F019FBFFF77CFF4A48007A000705D5E6
S21403D0E0A0004A49086000F0E6FB31BD60039A4998
S21403D0F00860B048046031BDFEB50500CC20800151
S21403D10096494860012696480660FFF7C8FF002840
S21403D11077D03C4C2078002873D03102019505283F
S21403D12002D02A460A406CD1CC27BF018B4A17602F
S21403D130A14A126853075B0F022805D1022B5ED360
S21403D140080137490860F7BD4D01032804D1022BB7
S21403D15055D933480560F7BD042802D111404ED097
S21403D160F7BD05284BD10198002848D0C005C10F4C
S21403D170684641700198C004C10F6846017000F00C
S21403D180B9FA0290606869464978002903D00668B0
S21403D1908021214A11602C0488496A461278002AA5
S21403D1A00CD0C2680B68D21AA74B1B68234001D069
S21403D1B0066800E04668964200DD1600684640783A
S21403D1C06A461278024308D008684242B01E82427A
S21403D1D002DA7042886000E00026029800F093FAB4
S21403D1E00198800501D5994804600198054001D04F
S21403D1F097480460002E02D009480760F7BDFFF782
S21403D2005BFFF7BD343E0000400002A8402002A8A2
S21403D210C43E00000CC001A890E001A894D000A86A
S21403D220505201A838B580248A48046001204C492E
S21403D2300860894D2878052802D060008749086071
S21403D240FFF72DFF002812D012480068000A80213D
S21403D2504140A868000EC9B2814208D25648006809
S21403D2604007400F022802D2FFF726FF31BD7C4855
S21403D2700168C0220A4002D1C06F204001D0044892
S21403D280046031BD1C1002A808E001A808D001A85C
S21403D29094D001A818C000A8F1B582B00F0080266C
S21403D2A0B600A020384002D06E48066052E000F078
S21403D2B021FA00906C480468F80202D5A068006959
S21403D2C0029000F045FBB102606800F06FF9227827
S21403D2D020000021521C4378934200D200221823D8
S21403D2E05343C5180C352B78082BF3DA1400027059
S21403D2F085602878584A10703E400CD000F0FAF942
S21403D300594909688968CE6800F0FDF9F80201D426
S21403D310032086433100504881600126084630408A
S21403D32003D100F0D2FB00F07BFFF104686900F044
S21403D3303DF93C2000F0A4F8E0B200F0A1F8009814
S21403D34000F0E1F9300547490860484806603002B6
S21403D350024908600298FEBD401002A84C6201A86C
S21403D36094E000A810B542480068800501D4FE206A
S21403D37010BDC02080033F49086000F0BBF93A495E
S21403D38009688A78D20702D589688C7800E00C7819
S21403D39000F0B9F9200010BD334909688A688B7814
S21403D3A0DB0704D5927818235A438A180C32906008
S21403D3B070470000100002A8084001A848C001A852
S21403D3C0F1B582B02C4F3C680026200F000702D12F
S21403D3D0E00102902AE000F023FF00F08BF90190B1
S21403D3E080210903606800F0E1F825786D1C6078F9
S21403D3F0A84200D20025E80020180C3000900068F0
S21403D4000290802109030098406800F0CFF83D2081
S21403D41000F036F8E8B200F033F825700098A06004
S21403D420019800F070F902A800F05EFF1348006848
S21403D430800407D5786901F026FC02990818029043
S21403D44000D502960298FEBD480002A8481002A81E
S21403D450482002A894E001A8343E0000506201A8C8
S21403D46014C001A8402002A8C83E000090E000A80F
S21403D470400002A8401002A8CC3E0000FC0302A80D
S21403D48041490968002901D5404908607047F3B54A
S21403D49081B03F4FB9683F4C4A004CD5012509017E
S21403D4A000D5212501003C4A10685668226892067A
S21403D4B0920E94463A6893008022134062461343C2
S21403D4C0802252001A4300920A0023D0890601D50F
S21403D4D0012008E0F021014007D16946097A0C22B1
S21403D4E00A4002D0022000F03FF82C4909680904DC
S21403D4F00AD53968090701D5022605E039684903C4
S21403D50001D5002600E003264835009A2449096819
S21403D510890003E0009A2249C96909094023194092
S21403D52011439A00002E02D016432666083521665C
S21403D530024322662566E06D4407640F00F0C4F8D4
S21403D540A0070BD0052C09D0B868000406D400F059
S21403D550D1F80221134A116000F0D5F800F0BDF8A7
S21403D560002000F001F8F7BD0B490A68F0239A4340
S21403D570000110430860C0B270478020C0020A4909
S21403D58008607047000000004C0002A8884000A80E
S21403D590440002A8284000A8683F0000384101A8BC
S21403D5A0084001A87CD40350485000A880B55E4AC2
S21403D5B0116001F093FBFFF7E0FF01BDFEB500F03D
S21403D5C099F80290102059490860002358480360D0
S21403D5D00220584908605848C0684005C20DD52A3D
S21403D5E001D2D52204E0D1204000824200D90200B5
S21403D5F010000100514C0194883C246864011DD539
S21403D6004F4C0094251D4F4E367806277E43AA536B
S21403D6100024019D2D7CE540ED070CD5009D0626D4
S21403D6206643AD19AD888FB2BD4200D2290086B2DB
S21403D630AE4200D22800641C022CEAD389B24631DB
S21403D6400904414C0C404638C005C00D20433A49F6
S21403D6500860C02000063D4908603848017D00295F
S21403D6600CD03B49D52A02D98024E4050C60D1248A
S21403D6706400A24202D2802424060C601021354C9A
S21403D680216035490B604188002900D10280029849
S21403D69000F039F8F7BD80B53048314908603148A5
S21403D6A0C1680902090A1922514341600521016034
S21403D6B0FFF784FF01BD2B480068C00300D4704702
S21403D6C080B5FFF77BFF01BD8020C00216490860C6
S21403D6D0254800684007FBD470478020C0022349D2
S21403D6E00860704701E02249086022490968014042
S21403D6F0F9D17047204800682021204A1160102184
S21403D7001F4A116070473021014002D110201B4987
S21403D710086070471848006830210140102901D17D
S21403D7200120704700207047401002A8F41302A897
S21403D730048002A8409002A87C400050743F00007A
S21403D740603E00005C3E00000000FF01A060005049
S21403D750A4500050F42302A818E000E07F1A060144
S21403D760500002A810E000E0400002A8402002A8F3
S21403D770282002A8280002A85C0002A85C2002A8B1
S21403D7805C1002A8F8B54E48802149028161022147
S21403D7904C4A516000214C4A11604C4A11800321C7
S21403D7A0484A116002210160202049490860802010
S21403D7B048490860CC208001474908600120474952
S21403D7C008604148806F00900F24070B27404448A9
S21403D7D00068C505ED0D103DC0202843C0B2FFF715
S21403D7E04FFE40480068C00505D5092F03D001F059
S21403D7F0ADFB01F0C9F80098044000943A48046869
S21403D8000098032803D0022806D1032F35D000F052
S21403D810EBF90098032803D0062F2ED1062D2CD023
S21403D820324800680104C90F01D001F081FD304879
S21403D8300068000109D5052D07D1012501202D49D2
S21403D84008604005FFF74EFF00E000252100380082
S21403D85000F0CCF90400284E002D06D000F068FB3B
S21403D860012030600220254908608020800370650F
S21403D87080092349086001F049FB124880214902C8
S21403D880C161002F08D10221416000200E490861C2
S21403D890C020C0001B4908602000F2BD80B5FFF71A
S21403D8A013FF19480078800602D40220174908603F
S21403D8B0FFF713FF01BD02201549086070470000FB
S21403D8C02C1002A8282002A8340002A8703E0000EC
S21403D8D094E001A80CC001A8506201A894E000A837
S21403D8E004ED00E0B40002A8B44000A800E200E0A3
S21403D8F0EC3E0000645000A8646000A82C4000A81A
S21403D90080E200E02C6001A8C43E0000081002A8D4
S21403D910082002A87F480068800700D4704730B507
S21403D9207D4804218C4A0123E024E40085682540D1
S21403D93002D01360D160D3600068044002D0136045
S21403D9405160536030BD8548012181600160704796
S21403D95010B5012071498A680240FCD1804A04232D
S21403D960D3600C680440FCD15360106010BD7D4941
S21403D97008680122104200D1704710B5E023DB008F
S21403D9800340FF24A41CA34204D3774B1B689B06C7
S21403D99000D54868024001D000F0ABF810BDFEB5D4
S21403D9A00700C82071490860062071490860802076
S21403D9B040037049086070480168704A0A40802135
S21403D9C00901114301606E4CC020C000206002258F
S21403D9D0A56168036B4908606B4E6C48F0664C2083
S21403D9E06B49C86638686B498968814201D20191E0
S21403D9F000E001900199401A38600121380000F0D8
S21403DA0040FB694608703868019940183860FFF78C
S21403DA1081FF5F4800685F4908605F480168490600
S21403DA2001D55E4900E05E493167694609780029F9
S21403DA3008D10321E16100683068054002D08020E8
S21403DA408002206168460078FEBDF8B50400554D97
S21403DA508020C0012860544801218162534A116026
S21403DA601F2303605623436606230366504B1B6837
S21403DA70002B02D40823036643664E4B0365C0237C
S21403DA80DB004D4E3668F827FF01374001D1836728
S21403DA9000E05361E86B014008D0286BC00705D44B
S21403DAA046480078800701D401F0E0FC4448454925
S21403DAB00860FFF72FFF200001F084FD286B80012C
S21403DAC0FCD4286AC8490860F1BD3F48012141617A
S21403DAD0C1603E4A3E4B5366364B136503230360D1
S21403DAE000203C4B186011609162C8032D49086002
S21403DAF07047F0210901384A116001403748016038
S21403DB00202037490860374909680840B749086044
S21403DB10704700004C0002A86C0102A8700102A81E
S21403DB2080B5B3480821B34A13680B4001D001619E
S21403DB3041611178C90602D5862109010160FFF704
S21403DB4016FF1420AC490860AC480168490701D0A9
S21403DB50FF21416101BD0000681102A86C2102A8E3
S21403DB60682102A8783F0000400002A8548001A85C
S21403DB700C9001A8942002A8680102A8FFF1FFFFF9
S21403DB80441102A8A01002A8E40002A8294E060029
S21403DB90300002A8A03F0000FC0302A8CC3F000010
S21403DBA0C43F0000100002A8E01002A8442102A807
S21403DBB028C000A80C1E0000A88001A83C3E000058
S21403DBC0FFFF7F7FB46000A8602102A8E02002A8C0
S21403DBD05E060000400102A82C6001A82C5001A894
S21403DBE0442002A8084001A870470000F8B586B094
S21403DBF005000C008248866AFFF77CFD0590B00599
S21403DC0003D580480068FFF7C7FB00200290012277
S21403DC107306DB0F7C498E688860B82040007B4F14
S21403DC2038606708B82038400978F0270F40402F3F
S21403DC3002D10100402008430D2D02D131000426F5
S21403DC400E43710704D501001420084310218C43AA
S21403DC50AC4909686D462A700493019605006C4F1B
S21403DC60C80506D580204000A24908602800012583
S21403DC7005430498002811D10C20284008280DD00D
S21403DC8028005F49496BCA0601D4102290438906CF
S21403DC9001D420218843B12101405AD06846007838
S21403DCA0002859D0B86DC004C00C792809D3802544
S21403DCB00620534908606802A149086000206946A7
S21403DCC008708120284049D008200499002900D1F3
S21403DCD0386201990843019010208443042003907E
S21403DCE0000598490860400897490860012097494D
S21403DCF008606846007800282ED00398062833D399
S21403DD009348806BC0062FD592480068000E029099
S21403DD108F480668B6B28F48006A000603D0300004
S21403DD2080267601064301F060F8002809D0FB2020
S21403DD3080010078C00604D030008026F601064332
S21403DD40B6B23E61301238616E480168C80587D4A2
S21403DD500AE0082039460862009531E08FA069067C
S21403DD60C90E405C0390C4E7009503982449CB6A28
S21403DD70784A12683D686E46B58128251D400543DE
S21403DD80980CC00128431D001B0E2B4010252B406A
S21403DD900343900040221040184303AA9070086B78
S21403DDA0000A03A9C870FFF7DDFA03A908710298F1
S21403DDB0487169480068C8800398F8660498F8664E
S21403DDC00598FFF7A0FC0820610601D55D49886029
S21403DDD0624908600198C1B20098C0B2FFF757FBCA
S21403DDE0200007B0F0BD00009C3F0000441002A8CE
S21403DDF0301102A8F84F0000703F00000C4000A846
S21403DE00180002A81CC000A8683F0000B46000A861
S21403DE10540000AAF8B5524F524C0F25012652491A
S21403DE20606BC00621D50120087050480068504931
S21403DE300A68824204D289695118491C081A00E00C
S21403DE40101A4C4909684018012852DB01F05EFE9F
S21403DE5049490968090B0D40022D48D17105474A07
S21403DE6011601021F963266041E0E06BC00026D5FF
S21403DE7043480068E021890501403AD03E4C4148BA
S21403DE800068C00504D42068000B28400228F5D09B
S21403DE903D480668FFF72EFC3C49F2B20A6032049E
S21403DEA0120E0A603202120E0A60320E0A60FFF782
S21403DEB02AFC2068000B28400228DFD0F1BD344C32
S21403DEC02068002815D00E7001F07CFB002810D1C6
S21403DED001F01CFE28490968090B0D40022D06D1E6
S21403DEE03104264A1160022139600021216001F0C5
S21403DEF011FEF1BD1C2100AA80208004254908607C
S21403DF00704700001C0100AA8020400421490860D5
S21403DF1070478020C0041F490860704780200005B2
S21403DF201C4908607047802040051A4908607047FE
S21403DF3019480168490701D0FF2141617047000075
S21403DF40141100AA401002A8205001A8006101A8DD
S21403DF501C4000A8084001A8448001A8845000A8DB
S21403DF60082002A8100002A8733E00001CC101A8E6
S21403DF7020C001A8DC3E0000AC0002A81C1002A8CA
S21403DF80204001A8084000A8904000A8640000AA0A
S21403DF90483E0000382002A80C4000A803010706EC
S21403DFA00301070605010606050106060302070622
S21403DFB0030207060502060605020606FF2807D023
S21403DFC0032805D2AC490978C140C807C00F70477B
S21403DFD000207047F8B58020000200908E48038822
S21403DFE008208E4908600A220120012494400099E3
S21403DFF00C43A249B6A5AD5C25438D60F025A04E23
S21403E0003560864DB5A6B65C022737432F600426D7
S21403E0102E60814D9B4E3668064008D12E88F61A30
S21403E020B6B2012E03D88E6C3603F3D401E0022079
S21403E030F2BD8D6CCE6C6D036D0BAE4200D20094B8
S21403E040521ED2D508228E4B1A60009A8A608E4AD8
S21403E0501268520113D58D4B5A78541C012525405E
S21403E0605D70140006256C431C190968A18000998D
S21403E070E1801A7080490B7890401843087000209E
S21403E080F2BDF1B582B0FFF75EFC00247E4800685F
S21403E090400102D4012001901DE07D48826B0020E0
S21403E0A07A49C3B206256B43CB189B8895B2AB421D
S21403E0B004D0401CC3B2022BF3D3FF200870012008
S21403E0C0019071480068400105D50878FFF776FF90
S21403E0D0002800D001946F4800686F4988616F4D2F
S21403E0E002980068296D4618002E15DD00F07FFDA6
S21403E0F02860C001301A00280EDDFFF729FC00F067
S21403E1008FF802980068296D401801F05BFA010049
S21403E11002D002990C60FEBD614F802080003860FB
S21403E1205D4A10680226072829D0052108400528DD
S21403E13005D011600C2001F057FA01006AD1594D41
S21403E14059482862FFF704FC2E60E020C0025749B6
S21403E1500860000256494860300678603E60012039
S21403E16001F042FAF0012862022001F03DFA902005
S21403E17040012862022001F037FA700228624D4DF2
S21403E180E02040002860042001F02EFA07003BD16F
S21403E19047480660B002A862C001A86210203C4946
S21403E1A008600126EE6540254348006828401BD1D9
S21403E1B035480068400113D534480078694608702E
S21403E1C068460078FFF7FAFE002809D02F4869460C
S21403E1D00978062251434018C0882D49086403E095
S21403E1E0FFF7F8FE07000FD129480660C467022030
S21403E1F001F0FAF9314C2560A8002060022001F0F6
S21403E200F3F98120C002A0620198002801D0FFF72D
S21403E21052FA3800FEBD0000703E0000889001A848
S21403E22070B5FFF790FBFFF793FB022618480660CE
S21403E230234DF0022862C4082C62012001F0D4F9B1
S21403E240600828622E601F482862E02040001B49B1
S21403E2500860174D2E60FFF737FA1B4E30780028FC
S21403E26000D005200C490860FFF737FA2C601748E2
S21403E2700068706370BD0000843F0000448001A8FE
S21403E28088A001A8140002A8EC3E00005C3E000033
S21403E2900C8001A8F80302A83C0102A88C3F0000EA
S21403E2A0941002A83C1102A8BD080000142102A87D
S21403E2B0942002A82C9001A84C0002A82CA001A828
S21403E2C03C2102A8FD680000603F0000300002A861
S21403E2D000000001010204081020200050505040A6
S21403E2E04040403020202000F8B50400FFF730FB04
S21403E2F02948C021C900294A1268F823DB011340C4
S21403E30002D1274A116000E0016000942549AC223F
S21403E31052008A640A220A602349802252030A6052
S21403E320224C626A224B13408022D2001A43626256
S21403E33080222260022242605003C8601D48E060CB
S21403E3401D4E4C20F0661D4D68699621C90147187D
S21403E35000980068874200D30700C01B0099086036
S21403E36000210098FFF78DFE00990968C919009AE5
S21403E37011603168296012490968490601D51149B7
S21403E38000E011492161F2BD802000010F490860B9
S21403E39000010F4908607047582102A8AC8001A805
S21403E3A0581102A80C8001A8941002A8440102A8E0
S21403E3B0FFF1FFFF286E0600300002A8903F000022
S21403E3C0FC0302A8CC3F0000C43F0000401002A894
S21403E3D0685000A8F1B584B0BD4800680290BD48F7
S21403E3E0006B9621C90140180499884205D2081A81
S21403E3F001F0E8F8002800D027E2B74C6068C007B1
S21403E40000D522E20420B54988628003B4494862F5
S21403E410B44800680090606B8607B60F1025032E7D
S21403E42002D0AE48856222E0084669034162A26BC9
S21403E430920601D5012065E0009A12060FD5A36B5C
S21403E440022213400BD1A84B05271F60A76B2F4052
S21403E4503A431A6000221A60626B120A1A60042298
S21403E4608262A06B002802D59C4841620026606B3E
S21403E470400704D5606BC0002901084003E09548B7
S21403E4808068C10701D5FFF734FBC1490098052210
S21403E4900240052A07D1BF48B2018018006AC004AB
S21403E4A0C00C401E08600020BB4AD26E12041AD568
S21403E4B0BA4A1268002A16D40122012049690029A3
S21403E4C011D0B7490A700021B64A1160B6498D6269
S21403E4D0C106B64A91670722B44B1A600022B24BB4
S21403E4E01A601A46D167B249C02292000A60330204
S21403E4F0002801D0100000E01800AE4D28604A60E6
S21403E5006B600020E16B942292050A40150000D050
S21403E5100125802636022843000637D07148282175
S21403E520405CC021014040290DD1FFF7B7F9694887
S21403E530C06D00906846FFF732FA002876D100983F
S21403E540FFF783FA01E0FFF7B6F9202020602D06D7
S21403E55000D17AE1944D606B400708D57008604996
S21403E56048620220E86200F05DFA002806D0042024
S21403E5705A49886240025A494862EE62594800780E
S21403E580000600D461E130015449FFE001256068CC
S21403E59028404BD1AE480068C005400F022803D080
S21403E5A0032801D0062802D169464D7005E00020F5
S21403E5B069464870A748A84948606804484988627D
S21403E5C0FFF782F8E06B064006D1FFF793F80221C7
S21403E5D0A24A1160FFF797F8FFF77FF82803206039
S21403E5E09F4EC0200006706028049B490860606B3D
S21403E5F04007C10F68460170E027FF0230200299EA
S21403E60049072FD54021A54A11624901924A11664E
S21403E6100321A24A91640021116030608E4845654B
S21403E62080207060062000F0DFFF002800D00CE199
S21403E630894D80204000E866022000F0D5FF802048
S21403E64040009749886618207060082000F0CCFFC9
S21403E6500028EBD1242070609148C765A020C00233
S21403E660286672E0E16BC90249D5C04949680902C8
S21403E670090E01914909022901DB8A4901E0B32108
S21403E6808900019A302A3AD3124A1288E72A36D3E7
S21403E69095235B009A4205D89A1A12095143890AB0
S21403E6A04B4204E0804BD218120951438B0A5BB2EB
S21403E6B00199C918074A126B9446064AD26B53430C
S21403E6C06246D218034B1A639F290FD39F2110E08B
S21403E6D0FC0302A8743F0000100002A81C2002A836
S21403E6E01C1002A8C43E0000E40000AA202900D89B
S21403E6F021210A020A4309041143274A1160674984
S21403E700AA020A629A4A8A6414220A60306052484D
S21403E71045656348C765A8034F498866400270602D
S21403E720062000F061FF002831D12D064A48C56651
S21403E730022000F059FF5A48856668097060082071
S21403E74000F052FF002822D17560032000F04CFF32
S21403E75088481649886700F04AFA874D401DC0016D
S21403E760296B47188548406F8021C90108400190EE
S21403E770084683490860049887421ED2296B401ACC
S21403E78000F020FF002817D001987E4908605CE05F
S21403E790204000A80C0000AACC4001A8784201A89B
S21403E7A0723E00006C3E00003C5000A83C6000A88F
S21403E7B0046100A8045100A8049F206AE862029836
S21403E7C0400701D5402003E0802080047060C00825
S21403E7D07060012000F008FF802040001E4908609A
S21403E7E0380000F0EFFE8B4E68460078002806D10E
S21403E7F062480068F0618020C0038749086001987A
S21403E80060490860854886490860254880210901D3
S21403E810416669464978002901D104210160206ACE
S21403E820686268460078002809D0012000F0DCFE04
S21403E8303078000603D58020000391490860E06B1A
S21403E840C00202D549480068286305B0F0BD000041
S21403E850204001A8040000FFB41002A87CE4035083
S21403E860441102A810B5FEF745FF864900240C6044
S21403E8700A22CA61FEF747FF8348C0218902016066
S21403E88082494160824810210160C90541654020E4
S21403E890804908608048047010BD0000400102A84B
S21403E8A0B82002A833070000D6FEFFFF7B48406B64
S21403E8B0800300D47047F8B5794804680027002021
S21403E8C000257849E20706D5C02080028025ED039F
S21403E8D0EA0A0A6003E0A20701D40320402528437E
S21403E8E0C862012000F080FE802040006E49086761
S21403E8F008206E4908606E490968090203D46D4909
S21403E90009680140FBD0012000F06EFE6A4EE00766
S21403E91002D58020800430643564042000F064FE51
S21403E920600702D5E020C002F0606448306401202E
S21403E93000F05AFE62483064C320000630645A482A
S21403E9408021490201671021B163890271615D4923
S21403E9500F60012232603022F2638F6280218901C8
S21403E9604E4A116009010160F1BD0000F83F000046
S21403E970F3070000FFFF7F7F743F000020C001A85D
S21403E98094E001A894D001A8F8B54F4800680D2775
S21403E99007400424002F00D104274C4810256603A3
S21403E9A008214B4A4B4B1B682340126814D0426025
S21403E9B0394004D00220FEF7D7FD474806603C40A6
S21403E9C007D046480068054344480560B0084249F6
S21403E9D008600220424915E00260394005D0022053
S21403E9E0FEF7C2FDA0023C4908603C4006D03B4807
S21403E9F001680D43056070093749086038480660AA
S21403EA00300329490860FFF751FF00210020FEF775
S21403EA103EFDF1BDC43E00001C1002A80300030027
S21403EA20482102A810B580202E490A6802400AD061
S21403EA302D4B1A680624144005D15C6E2B4A2240DF
S21403EA401B6D9C0101D5002010BD096808400DD040
S21403EA502748824203D1180501D5012010BD254859
S21403EA600068C107C90F481E8041C00F10BD224869
S21403EA700321C163A8218163102101607047000050
S21403EA801C2002A8D80000AA402002A80400008088
S21403EA90646000A82C4000A8723E0000100002A884
S21403EAA0FC0302A81C1102A8442002A84C6201A879
S21403EAB0C44001A84C4201A8082102A82400000172
S21403EAC098008800600102A8B44000A8E43E000055
S21403EAD01CC101A8440002A8401002A8683F000019
S21403EAE0685000A8400002A814C001A81F1F000019
S21403EAF0010C000030C101A8082002A86C48006879
S21403EB000121084209D16B4A12686B4B000C18406E
S21403EB10F03291400B40984201D00220704700200B
S21403EB207047F8B507000F386A461080604CA06837
S21403EB300A0004D16B461B8882B29A423AD200225C
S21403EB406B461A80012502263A0013D0226832400B
S21403EB5007D000292ED059480088401C5749088002
S21403EB6000203900E16056490E6080B2B84201D3F6
S21403EB7069460D805348456000E030BF206830404A
S21403EB8003D1FFF7BBFF0028F7D04D484560390097
S21403EB9010D02168314005D048490A886B461B8847
S21403EBA0D2180A8006600020E060A068B84201D24E
S21403EBB044480660FFF7A2FFF2BD38B5050000F033
S21403EBC0A5FF0400012199204543A8093E4A12687F
S21403EBD08018123880B2FFF7A4FF05008020C0011A
S21403EBE03A490860200000F095FF280032BD3348FC
S21403EBF003883549096802889342F9D11004081836
S21403EC007047FEB51238070C6946088000F07EFF91
S21403EC100190274C294D2888B8421ADA01202C493E
S21403EC200860274E30BF02202168014006D03060BE
S21403EC304003264908602888401C2880FFF75EFFAB
S21403EC40010002D12988B942ECDB0121716000285A
S21403EC500DD12888B8420AD1A06869460988884237
S21403EC6005D2002168460088FFF75BFF01E0FFF747
S21403EC7045FF04008020C00114490860019800F095
S21403EC8049FF2000FEBD10B512490A680E4B1B68EB
S21403EC900C689442FAD0DB014033141A02D2886916
S21403ECA02418641C0C4800684443181B10BD00005D
S21403ECB0280002A804ED00E0FF3F0000703E0000BD
S21403ECC0282002A8281002A8300002A880E200E04C
S21403ECD02C1002A820C001A8B43F0000F0B502E043
S21403ECE00A601C602E607EC84F1C07D05F1C04D0D1
S21403ECF06F1CF5D10A601C60F0BD0A60F0BD000011
S21403ED000006800F70479D4909684143880B70478A
S21403ED108A4800680104C80F7047884801680904D8
S21403ED2007D587490A68964B1A604A68426188681D
S21403ED30C860704780B5FEF7DDFC01208149087086
S21403ED4081480068022808D28E480068F021090529
S21403ED500140C02080048142F2D08B480068C01C6A
S21403ED608A4901438A48016001BD8A488849086088
S21403ED7000208949086080218902884A1160714908
S21403ED8008707047F1B582B00F001400C006000E7D
S21403ED9000901038912827D2FFF7BAFF002823D017
S21403EDA0002501260298FFF7ABFF002802D00228B1
S21403EDB004D004E07A480068304000D001252600DD
S21403EDC0784C38000C30FFF79EFF801920600098BF
S21403EDD03818FFF798FF80196060C02080017249D9
S21403EDE00860280371490860F7BD6D48007806215E
S21403EDF0014001D100207047B848006802288041CE
S21403EE00C00F7047F8B56A4C634A0421C0239B04BD
S21403EE10F0252D055B4E2069084204D0107C800641
S21403EE20C10F490020E0800720D5D068042803D20C
S21403EE30306828409842F8D0107C0007000F072857
S21403EE4014D1507C022811DD907C8006800E0228A7
S21403EE500CDBD07C009007460F4207D0C00700D5D6
S21403EE600A21B80700D5891D002904D1FFF77DFFC5
S21403EE700020A061F1BD481CD768874203D23768DB
S21403EE802F409F42F8D09648405CA061C300F8210B
S21403EE90194002D08023DB04136049005160A16847
S21403EEA0002932D10102F82252010A4061689142D8
S21403EEB000D20A0023681D1F8A498B61AA184A617B
S21403EEC0864A1368002B01D1BF2600E09326304BF9
S21403EED01D686769BF00BF0BF6193603AD05AD0D98
S21403EEE035431D6080235B010B60810908D11168DF
S21403EEF0002901D1282200E019220021FFF742FF52
S21403EF00207C000701D40120A060F1BD80B5FFF787
S21403EF106CFF002811D01A484168002903D0724AB2
S21403EF2011600021416007480078002805D0FFF7EC
S21403EF301CFF1C486D490160416001BD584201A891
S21403EF40983E0000743E0000D04000A880B5FFF74E
S21403EF504CFF002811D0062065490860002065494B
S21403EF600860F0200001644908608020400063497F
S21403EF7008600C485D490160416001BDBC3E00006D
S21403EF80403E00000C0002A8204000A800F0FF3F0F
S21403EF90544201A8FFF3FF3FC44000A84C6201A8F7
S21403EFA0B83E00005C4201A8586201A8585201A866
S21403EFB0A83E0000F0B581B00400A0031CD5474866
S21403EFC00068002800D081E0474801684C4A516039
S21403EFD0CAB2FF239943D30702D5EC23DB02C91831
S21403EFE052080A4302600E2000F0FEFA0820454944
S21403EFF00860C0034449086044480168444D090456
S21403F0003FD569694161FEF775FB3D490A68531CA4
S21403F0106A68934200D32B681E78B706BF0E5B1C44
S21403F020934200D32B68BC461E78B701FC263601F4
S21403F0303E4067463E435B1C934200D32B68B44670
S21403F0401E783603FC27BF023740664637435B1CF1
S21403F050934200D32B68BC461E78B704FC263604BE
S21403F0603E4067463E435B1C934200D32B681A78A8
S21403F0701706FC2292053A4032430B606A61FEF79C
S21403F08042FBA00727D58020C0021F490860FFF770
S21403F090ACFE00281FD0686AC0B2002802D0062142
S21403F0A01C4A1160810916D01B490A68012AFBD93C
S21403F0B049680905090D091DC900084A1268012A8D
S21403F0C000D14908002A03D1282202E00C208BE74E
S21403F0D01922FFF757FE01B0F0BD00006C3F000099
S21403F0E0D44000A82C4000A8EC4001A8FFFF030072
S21403F0F0846201A8504000A80C6000A80C5000A829
S21403F100403E0000846000A84C6201A8584201A853
S21403F110903E0000845201A81C4000A880B5FEF76C
S21403F12023FA01207E49086001BD80B5EB2000F07C
S21403F13001F801BD30B57B490B6818401022134215
S21403F14010D0794B794C2468224008D0A94A146819
S21403F1502402FF252D022540DD6200241460802250
S21403F16052031A60086030BDF3B5010016001C0098
S21403F17000250095A048019A330000270BE0BC4603
S21403F1804F5D4743AE009E597E40575D4743374029
S21403F190664637436D1CA542F1D3390939438A08BD
S21403F1A00A43510811430840C10901430F208A0B43
S21403F1B00A4302405040F6BDF1B582B00E0000206F
S21403F1C08C4908608D4DEF7AA87A01900F2139405B
S21403F1D000910ED00B468A4A8A490298FFF7C4FF6D
S21403F1E001990140834801608748414387480840A6
S21403F1F001D1012400E04401380915D032003B094F
S21403F20029000298009E6D7A75194019FFF7ACFF26
S21403F210019909110140774802680B011343036003
S21403F220002901D04800444379480068204001D1B2
S21403F2300420FEBD0020FEBD80B50A00002111801B
S21403F240744952888018FFF7B7FF02BD70B50F22C6
S21403F250714B5C7905780F202040C5402009284073
S21403F2609C79C440E40701D4032070BD2F4C246866
S21403F270A50705D59D684600AD5B6D1E674E3560D8
S21403F280DD78DE79C640F00711D5E0060FD5002DF0
S21403F2900DD0634848600888488008881C780019A1
S21403F2A02A4080185A7880182A09801800E000201F
S21403F2B00880002070BD80B55A4801685A4A082065
S21403F2C0014201D050611061C90602D586210901A9
S21403F2D011605649564A126812040CD5554A1268EC
S21403F2E0530401D5C00305E0C0239B01134042022B
S21403F2F0934200D008600D480078C022024002D135
S21403F3008020400508604C480068202210400860B2
S21403F3104A480068C00101D4FFF707FF01BD00009B
S21403F3202C4000A8703F00001C1002A8C43E00003A
S21403F330F8B5434F38687E68064042483040424935
S21403F34008608024A403414DF00228D54048016894
S21403F350080606D53F480068A860012028700220EA
S21403F36015E00120014202D03B49A9600FE00020CE
S21403F370C9060CD52A49A960384A91780B071B0F92
S21403F38012789A1809095118A980E880A888A880D5
S21403F390A888002801D0264301E0FFF7C6FE2640D2
S21403F3A026D0294E74603460A88800280ED0F969E8
S21403F3B081420BD3291D2A48AA6890470100F3D03F
S21403F3C0FEF7D2F8012027490860F1BD01000CD0F2
S21403F3D0FC218902B161244902038A6134604C60CE
S21403F3E0FA69824204D30C60F1BDEB20FFF7A2FE5C
S21403F3F0F1BD00004C3E0000010101013C3F00004E
S21403F400F43E0000343F0000111100002184000088
S21403F410F03E0000143F0000443F0000204000A8D8
S21403F42029230000F84F0000302102A8441002A848
S21403F430384101A8204201A8084001A8CC4000A8F2
S21403F440B44000A8FFFFDFFFB46000A8503E0000F2
S21403F450C43E0000B03700003D230000453F0000D7
S21403F460D44000A82C4000A8B45000A8FEB5C02085
S21403F470C0043649086036483649C86510243648FD
S21403F4800460102000F0B0F801005ED1FF200005F4
S21403F4903249086032483349086033482D490860CA
S21403F4A025042E48056031480768082000F09CF8BC
S21403F4B001004AD108262E480660012000F094F881
S21403F4C02A48806802902B4806602B48214908602A
S21403F4D022480560082000F087F8010035D124484B
S21403F4E00660012000F080F8204DA86801902148AE
S21403F4F00660184E214830600299019800F046F8DD
S21403F5000104FC208003084000900298C10B019878
S21403F510C00B00F03BF80006FC218905014000986B
S21403F520014317480A0C4240FF239B1CD218104085
S21403F530084330602F60E0030849086028682860A5
S21403F54010480460104981640020FEBD20E000A836
S21403F550F71700002C0102A8401102A8B02002A849
S21403F5600000380EB01002A810103030E04001A89A
S21403F570E05001A8E06001A83030101020202020C1
S21403F5803F3F0000402102A8F7FFF00010B54904F2
S21403F590CA104004C310991A00209A18D30F9A1859
S21403F5A0521052188B115B0E5B18DB11D2182023F6
S21403F5B0541A01D422001843CC0F611849105B0873
S21403F5C0F6D110BD10B5C409FFF711FB201A312878
S21403F5D006DAC000183801D4C01EFDD5002010BDC1
S21403F5E02000FFF70EFB10BDC32148436F3801D43C
S21403F5F01E38FDD50020704710B5C20018231340EF
S21403F600FF249C40E2438907090E9940030004D473
S21403F61076489B089B00C01806E0B04B0007000F17
S21403F620083880088000181803681A4011430160E0
S21403F63010BD80B57B225421002000F021FA01BDC5
S21403F64010B500F063FA0121694A1160694B6A4AF2
S21403F65013606A4A13600323694C2360694C236072
S21403F660694B1960694B196080239D4C2360D160F8
S21403F67000F050FA10BD00F049FA050000240121FD
S21403F68060B2FFF7B9FF641C0E2CF8D301210F20DC
S21403F690FFF7B2FF01211120FFF7AEFF0121132070
S21403F6A0FFF7AAFF01211720FFF7A6FF032101207A
S21403F6B0C043FFF7A1FF01211B20FFF79DFF012198
S21403F6C01C20FFF799FF01211D20FFF795FF01215D
S21403F6D01E20FFF791FF01211F20FFF78DFF6E48C5
S21403F6E06E4908606E48C16AC16201680160022003
S21403F6F06C49086001208549086047046A4C206805
S21403F7003840FCD0FDF7C7FF280000F003FA754D1C
S21403F7100AE000281BD0FDF7EDFF18E0206838400C
S21403F720FCD0300000F0F6F9206D0004000F02282C
S21403F73001D1FEF76FFB00F0E9F90600FDF7EAFFDB
S21403F7400028A878E5D0002801D1FDF7DCFF0120CA
S21403F7506978002909D12978002905D16C490968F7
S21403F760890601D44F49086030BF002169702978A3
S21403F7700029D6D102214B4A116064490860CDE7BF
S21403F7806448016842680A40634810401A490860A2
S21403F790800703D5A0480188491C0180704770B5CF
S21403F7A05E48016840680840000E00065C498022F7
S21403F7B01205104218D05B4B1C68641C1C605A4C24
S21403F7C05A4D2D682D0407D5A568002D04D00725AE
S21403F7D00D600125A74E3560402525601B68012B6B
S21403F7E002D910238B62CA67886770BD00E400E005
S21403F7F0040002A80000FF3F282002A82C1002A83D
S21403F80040E002A844C002A804C001A8044001A81E
S21403F810F8B5824C206B616B01400091964D08460B
S21403F820286000989549014001D0FFF7C3FB80206C
S21403F830009901401CD0F821C90123680B4017D05A
S21403F840C0221201934213D880231B06EB6226685C
S21403F8500E40944F3F683F043F0F022F01D0032F03
S21403F86003D1002E01D09642F1D38F490B60286056
S21403F8708E48007806280DDA0098CC2189010140CD
S21403F88008D000F043F904000098FDF735FC20008B
S21403F89000F040F9F1BD0000FFFF9BF800E100E037
S21403F8A0E04001A85C2002A85C0002A810B58048CE
S21403F8B0016844680C407F48046080210C4205D0F0
S21403F8C041607D4801600020FDF716FC600403D507
S21403F8D0802040057949086010BD00001CED00E05B
S21403F8E0505201A8723E000038B575480168446856
S21403F8F00C40E00707D500F009F90500FDF792FC78
S21403F900280000F007F96F48046031BD5C1002A8B8
S21403F910F40302A8280002A8FFFF00C0B44000A812
S21403F9203C6000A86C3E00002C4000A8384101A8AB
S21403F930FEB5654C206C666C064001273E4216D029
S21403F9403D0662480560206861490F60002802D0C2
S21403F9500021FDF72BFE5F480068A021C9018842FD
S21403F9608041C043C00F5C4988705C480560FDF762
S21403F970C1FE029002210E4049D06068C2B20192D5
S21403F980000A009008224B4B4C03554D0020019E65
S21403F990012E27D0022E38D1009E012E24D1EE79D7
S21403F9A00096504E2F780C2047430020F0512878BD
S21403F9B0400590277F04C719032038434A4F386011
S21403F9C01C604A480460301D2B780C246343484C63
S21403F9D02468009FE419C45028780C2358433150F8
S21403F9E0444811E00091DCE7002E0ED1424E37600A
S21403F9F03C4E361D2D780C277D4370515C601C6091
S21403FA00C8043E4B18603E480260314801600298C5
S21403FA10FDF779FEF7BD0000703E00001C4201A80A
S21403FA2070B5FDF767FE040000F070F82E490A680B
S21403FA30D20718D52B4A121DFA239B015D790C2693
S21403FA40754356592A4D2D681E60CE689E604968D8
S21403FA50D9808021C9041D4E3160197B69185B79F2
S21403FA600C256B43D15000F055F82000FDF74BFEF4
S21403FA7070BD00003C5000A84C6201A802000600BE
S21403FA80002800D0704710B50C00FDF733FE1D4963
S21403FA900C6001221C4B1A600B6C1340FCD1FDF763
S21403FAA032FE10BDAC0002A8785201A8343E000016
S21403FAB090C001A890E001A80CC001A804ED00E0E6
S21403FAC090C000A890E000A800C002A8401002A8BA
S21403FAD040E002A8404000A8723E0000402002A872
S21403FAE0853E0000300000A860C101A894D001A89C
S21403FAF0200000A8F42302A860E101A880E200E049
S21403FB00F41302A8008002A8409002A8EFF3108026
S21403FB1072B67047002800D162B6704780B5FDF70D
S21403FB2031FEB348006800030AD4FEF75DF8FEF71B
S21403FB30BDFEFDF7CAFF0120FEF794FEFEF770FB3D
S21403FB4080208005FDF7CEFD01BD80B5FDF71AFECA
S21403FB5080204002FDF7C6FD01BDF8B5FDF7B4FDF4
S21403FB60052098490860FDF7B8FDFDF7ECFEFDF7A4
S21403FB7009FEA048016800919F4B406818609F48A3
S21403FB8001688A05D00F0022012421420FD000927B
S21403FB909B4D6E681E602E689A4B1F68BD1BBE4247
S21403FBA002D39F69ED196D1C974FBD42F5D3974D50
S21403FBB02A60002803D00098FDF76EFB00902868A3
S21403FBC0204004D16846FDF7EAFE002802D10098DB
S21403FBD0FDF73BFFAA4804606004FDF783FDF1BD13
S21403FBE038B5A84CE06BC00506D58020000620601B
S21403FBF000BF00BF40082060FDF792FFFDF7C2FD7F
S21403FC00FDF7F4F90500A048A0490860FFF785F85A
S21403FC108020C002FDF766FD002D01D08020206005
S21403FC2001209B49087031BDF8B5FDF7ABFDFDF724
S21403FC304BFD02249348C06B000405D4FDF75AFD20
S21403FC4094490C60FDF75FFDFDF747FD1020C043A8
S21403FC509149086000258B48856390480560FFF747
S21403FC60C4F80700FB26B601002F02D0FFF762F8A0
S21403FC7000E035602C20305C0521014002D0FDF702
S21403FC800DFE01E0FDF717FEF06A044002D00120E6
S21403FC907C490860FFF70FFB002F01D0FFF7B2F88F
S21403FCA080200003FDF71EFDF1BD80B5FDF76AFD5C
S21403FCB04F480068000303D4FDF707FFFEF7B0FACA
S21403FCC080204003FDF70EFD01BD38B5FDF75AFD54
S21403FCD06C4C2025FEF7A6FE002806D0206B0007F6
S21403FCE004D5FEF7C4FEFEF74FFB2560FDF7EDFED9
S21403FCF0FEF796FABD4800780C210140042902D18C
S21403FD00FDF7CCFD01E0FDF7D6FD6804FDF7EAFC40
S21403FD104020206031BD1CB5FDF7D6FC05202949DF
S21403FD200860FDF7DAFCFDF72DFDFEF7A0FEB048F0
S21403FD30006800906846FEF7D7FA0400FEF7EDFF6A
S21403FD40002C02D10098FEF745FB80204004FDF707
S21403FD50C9FC13BDF8B5FDF715FDA64C256A502062
S21403FD60284002D0FDF79AFD01E0FDF7A4FD454FBC
S21403FD70FEF758FE00281BD1786B40071DD4386B5E
S21403FD80E0214901014018D1A80611D4FDF79CFCD7
S21403FD90256A994E354207D0FF20C0432D182562A9
S21403FDA08020000595490860FDF797FC2E4002D099
S21403FDB00120386001E00020206080208004FDF7E9
S21403FDC091FCF1BD3C1102A880B5FDF7DBFCBC48F5
S21403FDD00068400601D5FDF778FE0120FEF742FDD8
S21403FDE0FEF71EFA8020C004FDF77CFC01BD000070
S21403FDF00C0002A8B83F0000483E0000400002A8DE
S21403FE00D03E000020C001A801FF00003C3E0000D9
S21403FE1010B576480468FDF7B5FCAA4909680903D6
S21403FE2028D40321C00601D5214001E0A0080140E3
S21403FE30012902D1FDF732FD0BE0200107D50E2084
S21403FE40FFF76CF9A0480421016008210160FDF763
S21403FE5032FD9E4C20699E490860FEF75EFF2068CF
S21403FE60002807D04000122802D2FFF7BDFB01E0AE
S21403FE70FEF7A3FE80208003FDF734FC10BD0000D0
S21403FE80402002A8100002A870012000B46000A859
S21403FE90733E00007CE40350442002A84C3E00005E
S21403FEA0F8B584B001266846067000270297FDF76A
S21403FEB069FC0390834C2068000300D58FE0032081
S21403FEC0A449C863A4480068A44D0F210F2202402A
S21403FED0032A03D0000B014006294DD1A048006831
S21403FEE0A0498E6DE16B890701D59E49CE6DFEF75D
S21403FEF0CAFE8619FEF779FF00280ED02879C106B8
S21403FF000BD02868090D4143890B76189549096873
S21403FF10002902D10002400C3618002E01D50197A5
S21403FF2000E00196606B0107C80F03212A6B0A40A5
S21403FF30022A1BD1039AD20618D5AA68D30513D56D
S21403FF40A66B894B1E409E4203D11021814AD16382
S21403FF500CE092050AD4E26B2823134006D16B46C5
S21403FF601F70264A116001E06A46177002906846C1
S21403FF700678002E03D10FE07A48406D0190FEF715
S21403FF8051FD002808D0FEF772FD0298002802D023
S21403FF90FEF7FAF900E0002602206E490860002EFC
S21403FFA010D03020285C0C210140042902D0A06B1D
S21403FFB0C00602D5FDF772FC01E0FDF77CFC2020AD
S21403FFC060600CE0FDF781FD01A8FEF78DF90400E3
S21403FFD0FEF7A3FE002C02D10198FEF7FBF9802062
S21403FFE00004FDF77FFB05B0F0BD0000EC3E00000B
S21403FFF0CC3F0000CC3E000000FFFF00441002A8E8
S214040000FEB500240194FDF7BDFBFEF786FE574EB1
S214040010F06E574D0007000F072807D170680028B8
S21404002004D40020FEF71EFC286841E001210320CA
S214040030504A73685B070BD44F4B1B680B4007D0C2
S2140400401368DF050BD55B0502D43368DB0503D4E0
S2140400500191916A890904E01021484B1960916A5C
S2140400600909084000900020FEF7FCFB00980028D1
S21404007005D17068C00602D4FDF71DFC01E0FDF74B
S2140400800DFC00200199002903D13D480068FEF7C5
S214040090FAFD6969401801D5009400E000906846AE
S2140400A0FDF77DFC002805D10098FDF7CEFCA86975
S2140400B00749086080200005FDF714FBF7BD000023
S2140400C0440102A80C0002A880E200E0AC3F000055
S2140400D0483E0000F8B5FDF755FB002400252948E6
S2140400E0066B80277F05300606D5300709D5FEF750
S2140400F0BEFCFEF749F929E001251F4800682840A0
S21404010019D00020FEF7AEFB0220064002D01E499E
S2140401100C60C8611D480468002D03D02000FDF75C
S2140401204FF90400FEF7A3FC2000FEF753F938004D
S214040130FDF7D8FAF1BD16480078C02101404029E1
S21404014002D1FDF7ABFB01E0FDF7B5FB20200D491E
S2140401500860ECE7082002A8AC0002A8BC3E000039
S2140401600CC101A86C3F000010000010400002A85B
S214040170BC3F0000C43E0000B44000A8441002A8DF
S2140401801CC101A8100002A8180000AAD83F00004D
S214040190EC3E0000FFF754FA024803494860FFF7B4
S2140401A06AFA00BF672700000000000080B5EFF37E
S2140401B005800B2801D23A2100E029218C22520026
S2140401C00020FFF75DFCFEE7880A0400000000003C
S2140401D040020400010000000000000000F0490294
S2140401E0880A040000000000640204000100000005
S2140401F00000000000F04902880A04000000000025
S21404020088020400010000000000000000F049021B
S214040210880A040000000000AC0204000600000087
S2140402200000000000F04902880A040000000000F4
S21404023084030400010000000000000000F04902EE
S214040240A8030400809C2B8F80841E0000000000FE
S2140402502700FF7F040C002000000000340E04007A
S2140402600000000008050400809C2B8F80841E007C
S214040270000000002700FF7F040C002000000000A0
S214040280340E04000000000068060400809C2B8FD7
S21404029080841E00000000002700FF7F040C00205E
S2140402A000000000340E040000000000C80704002C
S2140402B0809C2B8F80841E000000000022002C01EE
S2140402C0040C002000000000340E040000000000AF
S2140402D0C8070400809C2B8F80841E000000230027
S2140402E02300B600040C002000000000340E0400B6
S2140402F000000000C8070400809C2B8F80841E002A
S2140403000000240024009D00040C002000000000CF
S214040310340E040000000000C8070400809C2B8FE5
S21404032080841E000000250025007D00040C0020AB
S21404033000000000340E040000000000C80704009B
S214040340809C2B8F80841E000000260026003A0026
S214040350040C002000000000340E0400000000001E
S214040360C8070400809C2B8F80841E000000270092
S21404037027002C01040C002000000000340E0400AA
S2140403800000000028090400809C2B8F80841E0037
S214040390000000002700FF7F040C0020000000007F
S2140403A0340E040000000000FC4F0103A40C0400FB
S2140403B010400100004100003C4001000000000025
S2140403C048400100200704005040010000000000DF
S2140403D05C4001000D0F000004410100FF4C0000CA
S2140403E020400301000000861FC00100002000001A
S2140403F038400101000000005840040118000500C0
S21404040040080000090000009200040080400F012C
S2140404108C002C02000000001200120000808C19D0
S214040420000000000002050E1C2F43536269686139
S2140404305543320416100E0E0D0C0A080706050462
S214040440030302020201010101010100EC40010163
S21404045080B0B18CFC4003019C200B00055B6080DF
S2140404604737414A0C410301B85512002A19492955
S2140404700908404028410101FFDD0000384107011A
S2140404804CD4E83B04196F10080E141A20262C329C
S214040490383E10325476980A1D000000704101015F
S2140404A0C0030000344201010008000E4842010166
S2140404B058AA1EC07842010100000080388001015D
S2140404C0114910009C800301EB40020070380300C1
S2140404D0D0000000A8800111F0010000A8800131BE
S2140404E0055AFD01AC800111F0010000AC80013119
S2140404F0053EFD00E40001026C2C5111540101027A
S214040500C43F0000FFFFFFFFFC4F0103F40C040090
S21404051010400100004100003C40010010000000B3
S2140405204840010020170400504001000104000068
S2140405305C4001000D0F00000441010003C00100EF
S21404054020400301300000461FC8010000200010B0
S214040550384001010000000058400401180005005E
S214040560400800000900000092000A0080400F01C5
S2140405708C002C0200000000120012005B808C1B12
S214040580000000000002050E1C2F435362696861D8
S2140405905543320416100E0E0D0C0A080706050401
S2140405A0030302020201010101010100EC40010102
S2140405B080B0B18CFC4003019C200A0001612080BD
S2140405C0B75635120C410301B8551200A01B042976
S2140405D00888404028410101000000003841070116
S2140405E04CD4E83B04196F300A10161C22282E340B
S2140405F03A4010325476980A1D5F80A47041010177
S21404060000000000344201010008000E48420101C7
S214040610F4811F00784201010000000038800101C7
S214040620114910009C800301EB400200703803005F
S214040630D0000000A8800111F0010000A88001315C
S214040640055AFD01AC800111F0010000AC800131B7
S214040650053EFD00E40001026C2C51115401010218
S214040660C43F0000FFFFFFFFFC4F0103440D0400DE
S21404067010400100004100003C4001001000000052
S2140406804840010020070400504001000004000018
S2140406905C4001000D0F00000441010003C001008E
S2140406A020400301300000461FC80100002000104F
S2140406B038400101000000005840040118000500FD
S2140406C0400800000900000092000A0080400F0164
S2140406D08C002C0200000000120012005B808C1BB1
S2140406E0000000000002050E1C2F43536269686177
S2140406F05543320416100E0E0D0C0A0807060504A0
S214040700030302020201010101010100EC400101A0
S21404071080B0B18CFC4003019C200A00016120805B
S214040720B75635120C410301B8551200A01B042914
S21404073008884040284101010000000038410701B4
S2140407404CD4E83B04196F30080E141A20262C32B9
S214040750383E10325476980A1D5F0000704101013D
S21404076000000000344201010008000E4842010166
S214040770F4811F0078420101000000003880010166
S214040780114910009C800301EB40020070380300FE
S214040790D0000000A8800111F0010000A8800131FB
S2140407A0055AFD01AC800111F0010000AC80013156
S2140407B0053EFD00E40001026C2C511154010102B7
S2140407C0C43F0000FFFFFFFFFC4F0103940D04002D
S2140407D010400100014100003C4001000000000000
S2140407E048400100A007040050400100000000003B
S2140407F05C4001000000000004410100FF4C0000C2
S21404080020400301000000861FC0010000600000B5
S2140408103840010100000040584004016402FF0013
S21404082040080000010000009200080080400F010C
S2140408308C000C0200000000D70322000000000019
S214040840000000000002050D1A2D3F506068696321
S21404085057463525150D090807060505040404033F
S214040860030303020202020201010101EC4001013A
S21404087090382C8CFC4003019C200A00055B5880B1
S2140408804737414A0C410301B85552002A194929F1
S214040890893B404028410101FFDD00003841070143
S2140408A0E853FA000000000000000000000000000A
S2140408B0000000000000000000000000704101017C
S2140408C0C1030000344201010000000E4842010149
S2140408D058AA1EC0784201010000000038800101B9
S2140408E0114910009C80030100000000707803008A
S2140408F0FFC00200A8800111F0010000A8800131A9
S2140409000542CB01AC800111F0010000AC8001313E
S214040910050A0D00E40001026C2C51115401010279
S214040920C43F0000FFFFFFFFFC4F0103E40D04007B
S21404093010400100014100003C400100000000009E
S21404094048400100A00704005040010000000000D9
S2140409505C4001000000000004410100FF4C000060
S21404096020400301000000861FC001000060000054
S214040970384001010000004058400401C804FF004C
S21404098040080000010000009200040080400F01AF
S2140409908C000C0200000000B603220000000000D9
S2140409A0000000000002050E1C2F435362696861B4
S2140409B05543320416100E0E0D0C0A0807060504DD
S2140409C0030302020201010101010100EC400101DE
S2140409D090E82B8CFC40030190200A00055B5880AD
S2140409E04737414A0C410301F56252002A19492946
S2140409F0893B404028410101FFDD000038410701E2
S214040A00E853FA00000000000000000000000000A8
S214040A10000000000000000000000000704101011A
S214040A20C1030000344201010000000E48420101E7
S214040A3058AA1EC078420101000000003880010157
S214040A40552510009C800301000000007078030008
S214040A50D0000000A8800111F0010000A880013138
S214040A600542CB01AC800111F0010000AC800131DD
S214040A70053EFD00E40001026E2C511354010102F0
S214040A80C43F0200FFFFFFFF0C400100018101008C
S214040A902040020000000000010000003040030077
S214040AA000000000000000000000000040400200BB
S214040AB0000000000040000060400100010100004A
S214040AC0A840010007000000BC400400000000002D
S214040AD000000000000000000000000008410300C1
S214040AE0FF4C0000FF4D0000FF4D000020C0011029
S214040AF000F8070020C00130F502080024C00800F2
S214040B0000130000EC80B38343754051A00F0048E7
S214040B103040000000000000000000002E0200002C
S214040B2050C00400511130040E2D09E6540607087F
S214040B30D1B6020064C00A000430001C4030180914
S214040B400D647920EBFCFB017FF6E803BD4B7215C0
S214040B5011A3180510325476980A0000000000000D
S214040B60080001010807000018000101AAAAAA004B
S214040B70200001010060DA001C40010110000000A2
S214040B802C40030100800000000000030000000069
S214040B90684002012941767100000000BC40020151
S214040BA00000000000000000E040020133000000E6
S214040BB000000000F4400201640483078813C83A66
S214040BC02441010100000000304102016406660C65
S214040BD00C010000544101010101000068410201BA
S214040BE06404830788138200304201010000000079
S214040BF038420201000000000000000044420101E7
S214040C0000000000544209010000000000003C00FF
S214040C100000000000000000555555551700000060
S214040C200000000000000000AAAA06007C420201A0
S214040C300000000000000000108001010300000016
S214040C403C80010101000000B080020100030002A4
S214040C503700000198000202000C00044C0000005B
S214040C60A400010200040000D0000202050040AA0D
S214040C7088010000F4000202000000003D21081173
S214040C80FC0001123F000000FC0001320054040086
S214040C9030010102600051026801010200040000F4
S214040CA0FFFFFFFF100000000000800000000000AF
S214040CB0C80E04008C0E0400000000008025960078
S214040CC00048E80140420F000108F50011495002AF
S214040CD000000000360E04000000000000000000C3
S214040CE0000000003D420F0000000000000000006D
S214040CF0000000001000000000008000000000005B
S214040D00C80E0400980E040000000000802596001B
S214040D100048E80140420F000102F5001149500264
S214040D2000000000360E0400000000000000000072
S214040D30000000003D420F0000000000000000001C
S214040D40000000001000000000008000000000000A
S214040D50C80E0400A40E04000000000080259600BF
S214040D600048E80140420F000108F500114950020E
S214040D7000000000360E0400000000000000000022
S214040D80000000003D420F000000000000000000CC
S214040D9000000000100000000000800000000000BA
S214040DA0C80E0400B00E04000000000000478600D1
S214040DB00048E80180841E000101F5001149500234
S214040DC000000000360E04000000000000000000D2
S214040DD00000000054841E00000000000000000014
S214040DE0000000001000000000008000000000006A
S214040DF0C80E0400BC0E0400000000008417430064
S214040E000024F40040420F000101F500552550036C
S214040E1000000000360E0400000000000000000081
S214040E200000000038420F00000000000000000030
S214040E300000000003000200000000F0490206144F
S214040E40000000E0930405380000A008000000003D
S214040E50580901040706100A01040707C80A000413
S214040E600807800B00040808380C00040908610809
S214040E7000000000680800000000C709010404031D
S214040E802C0B01040404920C0104050450C3000056
S214040E90E62D0000D0070000E5BF00001027000084
S214040EA0C2010000F5DA0200102700002C01000041
S214040EB050C3000050140000FA00000050C30000A5
S214040EC0FC210000B3010000193F010604100100D4
S214040ED00001010600102700000C000000000000BE
S214040EE00000232D302B2000686C4C006566674597
S214040EF04647003031323334353637383941424389
S214040F004445460030313233343536373839616239
S214040F10636465660062675F6D6573736167652009
S214040F2072656365697665727300626762756600EA
S214040F3061636C006C6C5F636F6E6E656374696F7F
S214040F406E006C6C5F6164765F73657400676170D5
S214040F505F636F6E74657874006C6C5F76616C6941
S214040F606461746F72006D6573685F70726F765F2C
S214040F7064620062675F6D65737361676500736FB3
S214040F8066745F74696D65725F6D657373616765BA
S214040F9000666F756E646174696F6E5F636D64007E
S214040FA06C6C5F6164765F73796E63006C6C5F7300
S214040FB063616E5F73796E63006761705F706572FC
S214040FC0696F6469635F616476006761705F70650A
S214040FD072696F6469635F73796E63006C32636110
S214040FE0705F636F635F6368616E6E656C006D65EA
S214040FF073685F70726F765F64625F6170706B6552
S21404100079006D626564746C735F636F6E74657883
S214041010740000002A0F0400300F0400340F04008C
S214041020420F04004D0F0400590F0400660F04001D
S214041030730F04007E0F0400910F0400A00F040039
S214041040AC0F0400B90F0400CA0F0400DC0F040040
S214041050EE0F04000210040062676275665F696E34
S2140410600062676275665F6F7574006267627566B4
S2140410705F6E6F666C6F770062675F6D616C6C6F36
S2080410806300000000
S20C0410847412FD7F0100000058
S21004108C98100400C00A00200D010000AB
S21404109834120020F2000000ED290100E8030000E5
S2140410A8C0EA2101C0EA21010080000000F04902DC
S2140410B8802A0020E80A002000C0040000A00000DF
S2140410C824140020C8000000FE00000000000000F1
S2140410D868C60300F80E002002000000371F03004D
S2140410E851B10300200000000000000000000000CA
S2140410F8000000000000000000000000D5110200F7
S214041108000000000000000000000000F1F00100EC
S214041118000000000000000000000000C1FB010001
S2140411280000000000000000000000006D0A020035
S214041138000000000000000000000000D56E030058
S21404114800000000810D02000000000000000000FE
S21404115800000000310D020000000000000000003E
S21404116800000000250F0200000000000000000038
S214041178FD1702000000000000FFFFFFFF0000004C
S214041188338F0300378F03003B8F03003F8F030022
S214041198FFFFFFFF5FA5030020CE0300FFFFFFFF4E
S2140411A82CCE030055A9030051A90300FFFFFFFF37
S2140411B861A90300FFFFFFFF13AD030069AD030039
S2140411C8FFFFFFFFFFFFFFFFFFFFFFFFFFFFFFFF1E
S2140411D823270000FFFFFFFF0000000000000000B8
S2140411E803000000302700201C0C0020000000002C
S2140411F83027002098270020002800200000000040
S21404120800000000000000000000000000000000CD
S21404121800000000000000000000000000000000BD
S21404122800000000000000000000000000000000AD
S2140412380000000000000000200004000000000079
S214041248000002001000000000000000000000007B
S21404125800000000000000000A0001000000000072
S2140412680A000D0000004144435F4D3300000000AF
S2140412780000000002000800000030303030303033
S2140412883030020003000000303030000200050051
S2140412980000302E302E3000020008000000000047
S2140412A80000000000000200010000000000FFFF2C
S2140412B8FFFF0400E40C020002001700FFFF0E0004
S2140412C800000000FFFF1F04010101BF8FAF7F87E6
S2140412D800370F10100004040F05140A0301FF0E4C
S2140412E8FF0F7F0082B030BF074BD3F8F030DB0720
S2140412F804D500230193019B052B01DD02B070473A
S214041308019B0133F6E700BF00ED00E0F0B5114A93
S214041318114C124E00F00105E3695F0713D40DB9AA
S214041328334213D103EA00078F4207D10B4A1A4007
S214041338002A0CBF00206FF00100F0BD013AEBD183
S2140413486FF00200F9E74FF0FF30F6E76FF00100A0
S214041358F3E700BF809698000000035002000100DF
S2140413680B4B70B5D96911F480310DD101244FF4B3
S2140413788072084E084DF46020462C641A61FFF704
S214041388C5FF3464EC6070BD6FF00100FBE700BF76
S2140413980000035000100350002003504FF400329E
S2140413A838B50F4B0F4C9A6641F671330122E5693E
S2140413B8E3630D4B0021DA60022360612120236178
S2140413C805F48035FFF7A2FF10B92120FFF79EFF2A
S2140413D80122064BDA600DB10023E36338BD00BF73
S2140413E800900050000003500010035000200350E3
S2140413F870B5134C6061E3695B071ED40E4656F855
S214041408043B8D18A361AE420BD10423002121208E
S2140414182361FFF77BFF58B9BDE870402120FFF72A
S21404142875BF08210846FFF771FF10B1042323612E
S21404143870BD56F8043BA361E5E74FF0FF30F7E7C5
S214041448000003502DE9F84315464FF40032184BB4
S21404145889469A6641F6713203F51C33DF69DA6306
S2140414680122064603F58053DFF84C8007F48037DC
S214041478DA6055B9284601220E4BDA601FB10022FD
S214041488A3F50053DA63BDE8F88306F5005404EAC6
S2140414980804A41BAC4228BF2C46494622463046BC
S2140414A8FFF7A6FF0028E6D12644A1442D1BE0E753
S2140414B8009000500020035000E0FFFFD5220100F2
S2080414C8AD22010047
S804012F9536
