S01A0000424C455F4D6F64756C655F7365727665725F322E733337BB
S214012000C00A00205532010041B0020041B0020072
S21401201017C0020041B0020041B0020041B0020008
S21401202041B0020041B0020041B0020041B00200DE
S21401203041B00200F03D0300F9AE020041B00200DB
S21401204041B0020041B0020041B0020041B00200BE
S21401205041B0020041B0020041B0020041B00200AE
S21401206041B0020041B0020041B0020041B002009E
S214012070657B0100CD2C0100A7AF020041B0020034
S21401208041B0020041B0020041B0020041B002007E
S21401209041B002007539010041B0020041B00200B2
S2140120A041B00200513B01002D3B010041B002004E
S2140120B041B00200098A020041B0020051940200B8
S2140120C0D9290300D5290300418C0200E529030024
S2140120D0DD29030029940200E129030091940200FE
S2140120E01D6E0200E16F02000195020041B0020080
S2140120F041B0020041B0020041B0020041B002000E
S21401210041B0020041B0020041B0020041B00200FD
S21401211041B0020041B0020041B0020041B00200ED
S21401212041B0020041B0020041B0020041B00200DD
S21401213041B0020041B0020041B0020041B00200CD
S214012140002370B5404C05468AB0E36318B1008899
S21401215023600AF043FC3D481FF09DFF3C4E3D4B7B
S214012160304633603C4B73601DF0ECF8002130467E
S21401217010F0D8FD32A3D3E90023A062C4E90623F8
S2140121801DF0EBF8D4E9062319431043C4E9060110
S214012190CDE900014FF0FF334FF0FF32A06A1FF088
S2140121A0F5FF02224FF0FF31A06A1FF0F4FF012075
S2140121B00AF096F94FF4007300222849A06A20F02D
S2140121C03DF8B0F5007F38D100239422CDE90733DE
S2140121D009933C23CDE9033205939623A06A03A90C
S2140121E0069310F0BDFE35B3287C0AF075FD054652
S2140121F0F0B9A06A20F003F90AF01CFD0AF052F9C2
S21401220020B14FF48070002108F0C4F90AF05AF9A1
S21401221020B14FF40060002108F0BCF91DF060F910
S214012220012010F0D3FD0E4A0E49A06A1DF088F871
S21401223028460AB070BDFF20D7E70725F8E700BF9C
S2140122400DD5015520000000680F0020690345ECFC
S214012250A022002065C30100B0220020A02000209B
S214012260E9F2020029F302000348044B834202D03C
S214012270034B03B118477047F40E0020F40E0020FC
S21401228000000000064B0749C91A891048BF0131F2
S214012290491003D0044B0BB101481847704700BFE3
S2140122A0F40E0020F40E00200000000010B5064CCD
S2140122B0237843B9FFF7D8FF044B13B10448AFF3B3
S2140122C000800123237010BD282A00200000000092
S2140122D0A486030008B5054B1BB105490548AFF3B5
S2140122E00080BDE80840FFF7CDBF00BF000000003A
S2140122F0C8110020A4860300A3F5803A704700BFEA
S214012300174B002B08BF134B9D46FFF7F5FF002127
S2140123108B460F461348144A121A20F018FC0E4B2F
S214012320002B00D098470D4B002B00D0984700207B
S214012330002104000D000D48002802D00C48AFF320
S214012340008017F079FD2000290018F0C9FD17F06C
S214012350F3FA00BF000008000000000000000000C3
S214012360C00A0020F40E0020382B002000000000D8
S21401237000000000154B37B5186818F081FE08B14B
S214012380012820D18DF80700012200211D200DF122
S21401239007030CF02DFF044690B9032000F0C6FD9C
S2140123A070B10B4D0B49286819F07DFC18F046FEFC
S2140123B018F045FE9DF807200749286819F073FCB8
S2140123C0204603B030BD0124FAE700BFCC0A002046
S2140123D098120020C0380300C538030030B585B018
S2140123E00DF10B05012200211D20009503AB0CF019
S2140123F0CDFE044668B92A4601211D200CF026FFB1
S214012400044630B9044B9DF80B200449186819F0AE
S2140124104AFC204605B030BD98120020DF38030084
S214012420014B186818F035BECC0A002038B5154B9C
S2140124301A782AB300221A70FFF79CFF044618B9CF
S214012440FFF7CCFF0446D8B1012000F06FFDB8B10C
S2140124500D4D0E49286819F026FC18F0EFFD18F00E
S214012460EEFD23460A490B4A286819F01CFC204653
S21401247000F0A2FD28680849BDE8384019F013BCF1
S21401248038BD00BF292A002098120020FB3803001F
S2140124900339030000390300CC3903007FB5036814
S2140124A0AC4A23F47F4323F00703934200F0A38151
S2140124B00AD8A2F5102293422AD002F5A02293420E
S2140124C000F0FA8004B070BDA34A934200F0068182
S2140124D002F101729342F5D1B0F805301D2BF1D10E
S2140124E003890320DB0740F1F98100F01FFD002876
S2140124F000F0BD80994C9A49206819F0D4FB18F079
S2140125009DFD18F09CFD9749206819F0CCFBAEE0C4
S214012510954E30460CF0C6FD054610B38F4C9349D8
S214012520206819F0C0FB9249206819F0BCFB18F02E
S21401253085FD18F084FD8F4B8F4A00938F496B23DE
S214012540206819F0B0FB8E492B468E4A206819F098
S214012550AAFB284600F030FD8B49206819F0A3FB42
S214012560FEE7022130780CF0D7FD044610B37B4D10
S2140125707E49286819F097FB7D49286819F093FB76
S21401258018F05CFD18F05BFD7A4B7B4A00937B49A3
S2140125907023286819F087FB79492346794A286809
S2140125A019F081FB204600F007FD7749286819F0ED
S2140125B07AFBFEE7A02200900346114630780CF025
S2140125C089FD054610B3654C6849206819F06BFB18
S2140125D06749206819F067FB18F030FD18F02FFDE9
S2140125E0644B654A009365497923206819F05BFBC3
S2140125F063492B46634A206819F055FB284600F0CC
S214012600DBFC6149206819F04EFBFEE702213078B9
S2140126100CF096FD054610B3504C5449206819F04D
S21401262042FB5349206819F03EFB18F007FD18F0ED
S21401263006FD504B504A009350497E23206819F0FE
S21401264032FB4F492B464F4A206819F02CFB28468F
S21401265000F0B2FC4C49206819F025FBFEE74B4B15
S214012660186818F012FDFFF785FE044628B9FFF733
S214012670B5FE044600283FF425AF012000F056FCC5
S21401268000283FF41FAF354D4149286819F00BFB70
S21401269018F0D4FC18F0D3FC39492346394A286887
S2140126A019F001FB204600F087FC3A49286804B07F
S2140126B0BDE8704019F0F7BA032000F037FC002897
S2140126C03FF400AF254C2649206819F0ECFA18F0C3
S2140126D0B5FC18F0B4FC30492068E8E7032000F0A8
S2140126E025FC60B11D4C1E49206819F0DCFA18F073
S2140126F0A5FC18F0A4FC2949206819F0D4FA1A4C54
S214012700022120780CF008FD0546002848D0134C1D
S2140127101649206819F0C7FA1549206819F0C3FA56
S21401272018F08CFC18F08BFC124B134A00931349DB
S2140127309C23206819F0B7FA11492B46114A2068E4
S21401274019F0B1FA284600F037FC0F49206819F055
S214012750AAFAFEE7A0000A00A000060198120020CF
S214012760C03803009F390300F20C0020CB39030068
S21401277018390300CD3903001D390300263903003B
S214012780033903000039030032390300CC0A002064
S214012790FB380300CC3903004339030057390300E3
S2140127A0022120780CF0CCFC054600283FF48AAEC6
S2140127B0524C5349206819F076FA5249206819F0AC
S2140127C072FA18F03BFC18F03AFC4F4B4F4A009354
S2140127D04F49A123206819F066FA4E492B464E4A06
S2140127E0206819F060FA284600F0E6FB4B4920689D
S2140127F019F059FAFEE7B0F805001B287FF462AE1F
S2140128000DF10B0300930122002103AB0CF0BEFC7B
S2140128100446C8B99DF80B30002B32D1404B1868DE
S21401282018F0AFFC032000F081FB00283FF44AAE0D
S214012830324C3C49206819F036FA18F0FFFB18F0C4
S214012840FEFB3949206819E0012000F06FFB0028E3
S2140128503FF438AE294D3549286819F024FA18F0A6
S214012860EDFB18F0ECFB2B4923462B4A286819F0A0
S2140128701AFA204600F0A0FB2D49286819F013FA31
S21401288020E6012B14D1264B186818F077FC03209C
S21401289000F04CFB00283FF415AE184C2149206887
S2140128A019F001FA18F0CAFB18F0C9FB2149C9E76B
S2140128B0012000F03BFB00283FF404AE0F4C1B49FF
S2140128C0206819F0F0F918F0B9FB18F0B8FB9DF87C
S2140128D00B201949206819F0E6F9F3E500F026FB0C
S2140128E000283FF4EFAD054C0E49206819F0DBF9DE
S2140128F018F0A4FB18F0A3FB1049EDE6981200208F
S214012900CB39030018390300CD3903001D39030004
S2140129102639030003390300003903003239030066
S214012920D00A0020C03803006B390300FB380300CF
S214012930CC390300753903007E390300B53903002D
S214012940034B1B68834202BF0122024B1A70704779
S214012950CC0A0020292A002030B50368514A23F406
S2140129607F4323F00703934289B040F09880052205
S214012970002116204C4B0CF03BFC054610B34B4C8B
S2140129804B49206819F08FF94A49206819F08BF9EC
S21401299018F054FB18F053FB474B484A009348493C
S2140129A05923206819F07FF946492B46464A206884
S2140129B019F079F9284600F0FFFA4449206819F021
S2140129C072F9FEE70DF10F0104A80CF055FC044660
S2140129D010B3364D3649286819F065F93549286827
S2140129E019F061F918F02AFB18F029FB324B334A2B
S2140129F0009333496423286819F055F93149234671
S214012A00314A286819F04FF9204600F0D5FA2F49C7
S214012A10286819F048F9FEE7BDF8143001465BBA9C
S214012A20ADF818309DF8133008228DF81A30FF23C0
S214012A308DF81B30FE238DF81C309DF812301820BF
S214012A408DF81D30BDF810305BBAADF81E3006AB00
S214012A500CF0CEFB054610B3144C1549206819F04E
S214012A6022F91449206819F01EF918F0E7FA18F04F
S214012A70E6FA114B114A009311497423206819F0A4
S214012A8012F910492B46104A206819F00CF928460D
S214012A9000F092FA0D49206819F005F9FEE709B031
S214012AA030BD00BFA0000100DC39030098120020F1
S214012AB0CB390300183903000A3A0300E239030050
S214012AC026390300033903000039030032390300B5
S214012AD010B5234C01F01EFB01F0FAFC236F23F026
S214012AE0070343F00303236718F0A1FC1D4B0020E6
S214012AF09B6A9B075EBF01221B4B9A62D4F820316A
S214012B0023F0030343F00203C4F82031D4F8243140
S214012B1023F0070343F00203C4F82431D4F840310C
S214012B2023F0030343F00103C4F84031D4F86031C5
S214012B3023F0030343F00103C4F86031D4F84032B4
S214012B4023F0030343F00103C4F84032D4F8003203
S214012B5023F0070343F00103C4F8003210BD00BFA1
S214012B600080005000C0005000E0005008B502F0A0
S214012B70F7F801280ED1114B04205A6E4FF480232A
S214012B800F49520358BF0F4A4B6601F510410862C0
S214012B9058BF536603F0F6FB03F09AFB03F0BAFB4B
S214012BA019F030F8FFF794FF03F0A2FB00F00CFCDD
S214012BB000F0E0FFBDE8084004F050B80080005087
S214012BC00090005000A0005030B51C4D95B00DACE3
S214012BD00FCD0FC495E80700282384E80700184A9C
S214012BE00021CDE9022305230E24CDE904118DF839
S214012BF01130062322460DF1260006918DF813307A
S214012C001FF0A5FF4FF480210E4B0DAACDE9071347
S214012C100D238DF824300C4B07A90A9320230B9320
S214012C2001238DF83130094B0948009302AB8DF82A
S214012C30254003F0D5FD15B030BD00BFF83C0300BC
S214012C4000C0055024C005502A2A0020E0110020AB
S214012C5034120020831E012B10B512D8012922D868
S214012C60114B04221B6905210020C3F3401301F018
S214012C707BFE0E4B1B681868A8B1BDE81040436A7E
S214012C8018478B1E012B0CD801280CD8BDE8104024
S214012C900022054B05211B691046C3F3401301F0C2
S214012CA063BE0129E5D910BD00C00350C00A00204B
S214012CB008B50449044804F097F8BDE80840FFF752
S214012CC083BF00BFC40A002058120020014819F033
S214012CD058B900BF34120020014B1A6A1868104711
S214012CE034120020014818F0C6B900BF143D030095
S214012CF0014818F040BA00BF2C3D0300184B37B509
S214012D0083422AD1174B1B783BB3C8B20CF02CFA7E
S214012D10054610B3144C1549206818F0C4FF144931
S214012D20206818F0C0FF18F089F918F088F9114BDF
S214012D30114A009311498523206818F0B4FF104901
S214012D402B46104A206818F0AEFF284600F034F9EA
S214012D500D49206818F0A7FFFEE703B030BD00BF9D
S214012D60601200204A2A002098120020CB39030066
S214012D7018390300B73D0300443D0300263903001C
S214012D8003390300003903003239030030B500254A
S214012D900368584A23F47F4323F0070385B0934220
S214012DA004460295ADF80C507ED002F5802293427F
S214012DB00ED0A2F18272934240F09A804E4B1B785D
S214012DC0002B00F0958005B0BDE8304019F00CBA34
S214012DD0B0F80530212B40F08B80FF2304A91A465A
S214012DE011E9030018F023F9012814BF41F2FC157C
S214012DF0414B05F0FC0208BF1870212120790CF028
S214012E000DFA054610B33D4C3D49206818F04BFFBE
S214012E103C49206818F047FF18F010F918F00FF930
S214012E20394B3A4A00933A495923206818F03BFF38
S214012E3038492B46384A206818F035FF284600F0F6
S214012E40BBF83649206818F02EFFFEE7344900909B
S214012E502379344A0968344800F008F90546002801
S214012E6046D0264C2649206818F01DFF25492068C3
S214012E7018F019FF18F0E2F818F0E1F8224B234A8F
S214012E80009323496223206818F00DFF21492B4641
S214012E90214A206818F007FF284600F08DF81F49E0
S214012EA0206818F000FFFEE7B0F80530B7EE047AA8
S214012EB007EE903AF8EE677AB0F8073067EE877A51
S214012EC0013307EE103AB8EEC77A67EE877AB1EEAD
S214012ED0047A67EE877AFAFE677AFCEEE77A17EEEF
S214012EE0903AB3F57A7F38BF4FF47A730C4A136081
S214012EF005B030BDA00006024A2A00209812002024
S214012F00CB39030018390300C63D0300443D0300D6
S214012F102639030003390300003903003239030060
S214012F20D40A0020FD2C0100601200200B4B024643
S214012F301B7883B10A4B1B78834234BF00200120E3
S214012F40084B1B7833B1084B1B78134113F0010F64
S214012F5008BF002070470120F2E700BFF80C0020F0
S214012F60F70C00204B2A0020F60C0020012208B5A1
S214012F70074B1A700022074B1A700422064B1A7070
S214012F801F22064B1A7003F027FA054B186008BD7E
S214012F90F80C00204B2A0020F70C0020F60C00202D
S214012FA098120020024B0349186818F07CBE00BF37
S214012FB098120020E63D030070B50C4C0C490646FD
S214012FC0206818F070FE03F007FA0546206803F043
S214012FD0F7F93046FFF7E6FF284603F0F1F92068D7
S214012FE00449BDE8704018F05EBE00BF981200208C
S214012FF0E83D0300EA3D030038B5054618F033FA0C
S21401300000230B4A14685CB1AC4206D1A96A6BB1C5
S214013010996218F02EFA012007E02346A46AF2E727
S214013020002DF3D018F025FA204638BD1160F0E7E0
S2140130309C12002010B5044698B104F03FFB2046D0
S214013040FFF7DAFF10B194F82C300BB9002010BD51
S21401305018F009FA044A1368013B136018F009FADC
S214013060F4E72220F3E700BFA01200202DE9F04389
S21401307085B00546914698460E469DF8307009B9CA
S214013080002F5CD12846FFF7D5FF0446002836D12D
S21401309085F82C00686304F003FC864233D904F0FB
S2140130A09FFB2146844640F2E7304FF47A720023B4
S2140130B0E6FB0C0116F0A8FA4FF0FF32002316F0DB
S2140130C0A3FA2B46E88611462846CDE900441D4A58
S2140130D019F017F8044690B9C5E9089885F82D70D7
S2140130E02E6318F0C0F9184A136833B31A469B6A60
S2140130F0002BFBD195620023AB6218F0BAF920468B
S21401310005B0BDE8F08347B12B4631462846CDE9E8
S21401311000440C4A04F088FBDCE7304603A904F0BF
S21401312065FB04460028EAD12B462846CDE9007700
S214013130044A039918F0C1FFCCE71560DBE72124A8
S214013140DDE700BF4D3101009C12002091F82C30C4
S21401315013B50C4683B98B8ECA8E93420ED243B9F1
S214013160CDE9003320460B46104A4FF0FF3118F0E8
S21401317088FFA38E0133A38602B010BD52B191F829
S2140131802D307BB101230093D1E908232046096B3A
S214013190FFF76CFF0123064A84F82C3013680133CD
S2140131A01360E9E7084604F089FAF3E74D310100B8
S2140131B0A01200202DE9F041144E336823B34FF0DE
S2140131C00008134F18F04FF905463C6824B9284605
S2140131D0BDE8F04118F04DB994F82C3093B133683E
S2140131E084F82C80013B336094F82D3013B92046C7
S2140131F0FFF702FF284618F03CF9D4E908312046CB
S2140132009847DFE7A46AE1E7BDE8F081A012002055
S2140132109C120020034B1B68002B14BF04200120C6
S214013220704700BFA0120020024B1868B0FA80F069
S21401323040097047A01200200348044A0449121AA4
S214013240921017F0FEBE00BFEC8A0300EC8A030062
S214013250382B002008B500F02FF8FFF7EDFF124BD2
S21401326012498B4212D30020114B12498B4218D3BC
S214013270FFF746F8186850F82240586840F8224090
S214013280013298688242F5D30C33EAE70022F8E768
S2140132901C6844F8220001325C68A242F8D3083365
S2140132A0E4E70022F8E700BFAC860300B886030017
S2140132B0B8860300B88603004FF400414FF0FF3094
S2140132C0124B134A10B59A60D3F8882042F4700264
S2140132D0C3F888200F4A916601F1884101F5005232
S2140132E010664FF6DF7050660220C3F8D000BFF3B9
S2140132F04F8FBFF36F8F08244FF440330648C0F852
S2140133008041D36004600B6110BD00BF00ED00E09A
S214013310002001000090005000E100E0014B186819
S214013320704700BFDC0A0020084B1B6F03F0070341
S214013330022B04D0032B05D0012B05D0FEE7044B4E
S21401334018687047034BFBE703487047008000503E
S214013350DC0A0020E40A0020002D310108B5FFF741
S214013360E3FF054B1B6FC3F303330133B0FBF3F0ED
S214013370024B186008BD00BF00800050D80A00202C
S2140133800048704700B4C404014B1868704700BF7A
S214013390E40A0020054B1860054B1B6F03F007037A
S2140133A0032B01D1FFF7DABF704700BFE40A002004
S2140133B00080005000487047002D3101014B18680D
S2140133C0704700BFE00A002000239B6A10B5B3F5E2
S2140133D0903F11D219680A4A91420DD1094C2278C0
S2140133E012F0FD0F01D0002010BDDB6998470028C0
S2140133F0FAD101232370F6E74FF48170F4E700BF9A
S21401340007B0CD5E4C2A00204FF00053074A1A60E1
S214013410BFF34F8F0649074BCA6802F4E0621343B5
S214013420CB60BFF34F8F00BFFDE700BF02020FF076
S21401343000ED00E00400FA050346054A0549106858
S21401344003448B428CBF4FF0FF301360704700BFC0
S214013450E80A002000800020F7B50468012105462F
S2140134603A2000F07DFD002301226179207901F0E8
S2140134707BFA14233021227911FB023101F1A0419C
S21401348001F5703109686379D940C943A37901F020
S2140134900101022B217017D100F0C2FA164A2B4601
S2140134A06179207900F0E6FAFF28024660790ED1AC
S2140134B02A46114900F008FB01230246617920796A
S2140134C0CDE9003301F0F6F9002003B0F0BD012686
S2140134D02779002301460096384601F0ADFA2A46C0
S2140134E00549607900F0F0FA0023617902462079F7
S2140134F0009301963346E5E79BB0020010B5012222
S21401350043780178847830209A40054B00FB0133DC
S2140135101CB942F210015A5010BD41F21001FAE7EF
S21401352000C0035010B5012243780178847830201A
S2140135309A40054B00FB01331CB941F210015A5069
S21401354010BD42F21001FAE700C003502DE9F04F1A
S2140135509A46564B85B01B7806460F461546DDF84B
S2140135603C909DF844B0DDF85080002B00F0978029
S214013570072A00F296800E9B002B00F09280B9F18C
S214013580000F00F08E80129BB3F5006F00F3898068
S214013590012803D1109B002B00F08380444B03EBE2
S2140135A005131B7B002B7ED0424C1022002168465F
S2140135B01FF0CDFA04EB45141022A7BB394620466E
S2140135C01FF0C5FA43F210036380BBF1000F03D16D
S2140135D0E37843F00303E370364A0E9B02EB451C87
S2140135E0CCE90193129B6901581E9DF84C30C0F33B
S2140135F00A0003F003039B0643EA001E53582E48B5
S214013600012E00EA03004EEA0003CDF800A0535055
S21401361017D0B8F1000F2ED19CF8023068F30413CE
S2140136208CF8023027E0002120461FF090FA4FF474
S21401363044736380BBF1000FCED1E37843F03003CF
S214013640C9E713230CF1100ECCF80C309CE80F00E0
S2140136508EE80F006FF00301DCF81C20109B61F36D
S2140136609F02012FCCF81C20CCF8143003D1CCF8E3
S2140136701890CCF8043000270D4A290102EB0513F7
S21401368042F80180159A28465A60694622469F608C
S2140136905E7301F04DFA384605B0BDE8F08F074875
S2140136A0FAE70748F8E70748F6E700BF4D2A002083
S2140136B0A4130020A41200200F80FFF3028000F064
S2140136C0018000F0078000F038B5124B05461B78E4
S2140136D0DBB1E0B117F0C7FE0F4A00231146147B99
S2140136E054B92B6001251A0101EB03131D738C508D
S2140136F017F0BFFE204638BD0133082B02F1100239
S214013700EDD117F0B6FE0548F5E70548F3E705489D
S214013710F1E700BF4D2A0020A4130020048000F02A
S214013720028000F0018000F038B517F09CFE0023FF
S21401373005460B4A147B6CB90133082B02F11002C3
S214013740F8D101F097F9074B28461C7017F091FE47
S214013750204603E0284617F08CFE034838BD00BF1C
S214013760A41300204D2A0020058000F00D4B10B553
S2140137701B78044693B1072812D817F074FE0A4B3B
S21401378003EB04131A7B2AB100241C7317F071FE95
S214013790204610BD17F06DFE0448FAE70448F8E726
S2140137A00448F6E74D2A0020A4130020068000F006
S2140137B0028000F0018000F0154B13B51868002355
S2140137C001908DF8043017F04EFE124B1C7824B190
S2140137D017F04FFE104802B010BD01221A7017F004
S2140137E048FE0E4B01A81C731C7783F82C4083F807
S2140137F03C4083F84C4083F85C4083F86C4083F887
S2140138007C4008238DF8073001F060F92046E2E796
S214013810403E03004D2A0020038000F0A413002040
S2140138200A4A08B512785AB107280BD8084A02EB9B
S21401383000131B7B43B1002101F03AF9002008BDBB
S2140138400448FCE70448FAE70448F8E74D2A002054
S214013850A4130020028000F0018000F0078000F031
S2140138600A4A08B512785AB107280BD8084A02EB5B
S21401387000131B7B43B1012101F01AF9002008BD9A
S2140138800448FCE70448FAE70448F8E74D2A002014
S214013890A4130020028000F0018000F0078000F0F1
S2140138A00A4A08B5127852B107280AD8084A02EB24
S2140138B000131B7B3BB101F087F9002008BD0548CA
S2140138C0FCE70548FAE70548F8E700BF4D2A00205F
S2140138D0A4130020028000F0018000F0078000F0B1
S2140138E00D4B1B7893B1072812D889B10B4B03EB0C
S2140138F000131B7B73B10A4B1A6D012383401342DD
S21401390014BF0123002300200B7070470548704741
S21401391005487047054870474D2A0020A41300202B
S21401392000000450028000F0018000F0078000F0E3
S2140139300B4A10B512780C4662B107280CD859B15B
S214013940084A02EB00131B7B43B101F04FF92070CC
S214013950002010BD0448FCE70448FAE70448F8E7ED
S2140139604D2A0020A4130020028000F0018000F000
S214013970078000F0184B2DE9F0411F6D5B6D1F406D
S21401398000D5FEE701260025144CDFF858803742A3
S21401399018D02368C8F85060A3B1A1682846013141
S2140139A06268A1609847637B012B0BD150B90C4B21
S2140139B003EB45131A7B60F341021A731A7F60F317
S2140139C041021A770135082D4FEA460604F1100424
S2140139D0DDD1BDE8F08100BF00000450A413002033
S2140139E0A41200200020045070B5044601250B4E99
S2140139F004B970BD94FAA4F0B0FA80F005FA00F3A9
S214013A0006EB001224EA03045368002BF0D0117B66
S214013A1011B191689847EBE79847E9E7241400202D
S214013A2008B5192000F080FD28B14FF00072074B51
S214013A30C3F880211A601A2000F076FD28B14FF0F5
S214013A408062024BC3F880211A6008BD00E100E0E5
S214013A5038B505460C4617F006FD0022044B03EB6D
S214013A6005135C601A73BDE8384017F002BD00BF4D
S214013A7024140020F8B504460D4617461E4617F0D6
S214013A80F2FC1CB9052D0DD0FF2414E0012C03D146
S214013A90012DF9D1032405E0022CF5D17DB1052DC8
S214013AA0F2D10724074904F1100301EB03110123A6
S214013AB0C1E901760B7317F0DCFC2046F8BD06243D
S214013AC0F0E700BF24140020F8B505460E46174659
S214013AD017F0C9FC134B2C46D3F8242405F0FC013F
S214013AE022FA05F3DB0712D500230133DBB2042BE0
S214013AF004D1FF2417F0BDFC2046F8BDEC1804F0F5
S214013B0003040C4422FA04FC1CF0010FEDD1FF2C37
S214013B10F0D00122044B03EB0413C3E901671A73C7
S214013B20E8E700BF00C0035024140020074BD3F879
S214013B302404D3F8202403F50053104000F0553038
S214013B4020F05020C3F82004FFF74EBF00C00350FA
S214013B50074BD3F82404D3F8202403F50053104070
S214013B6000F0AA3020F0A020C3F82004FFF73CBFE5
S214013B7000C00350024B1968024B18680EF0E4BCF3
S214013B80EC0A00200C0B002070B594002246054676
S214013B900E461FF079FE431C0AD058B9224631461C
S214013BA028461EF0AAFF0028034808BF002070BD63
S214013BB00248FCE70248FAE710E000F021E000F0D6
S214013BC024E000F010B504461FF056FE431C10D04A
S214013BD088B901F0CDF8234620F00300204498422E
S214013BE001D1002010BD53F8042B0132F7D0034851
S214013BF0F8E70348F6E70348F4E700BF0EE000F0F5
S214013C0021E000F024E000F008B517F025FC014B98
S214013C10186008BD141D0020014B186817F020BC61
S214013C20141D0020044BD3F88420D206FBD4D3F80D
S214013C308400C0F3811070470040005038B5104B27
S214013C400546D3F820310C4603F00303022B0BD0B4
S214013C50032B0DD0012B0FD1FFF760FB052305B118
S214013C60286004B1236038BDFFF78EFB0323F6E717
S214013C70FFF7A0FB0223F2E701230020EFE700BFD6
S214013C800080005073B50D4600210E4B0191D3F80C
S214013C908041064604F00304012C09D0022C0CD006
S214013CA00C460EB1019B336005B12C6002B070BDAD
S214013CB001A8FFF7C3FF0F24F3E7FFF77BFB019093
S214013CC0EFE700BF0080005038B5184B0546D3F823
S214013CD024010C4600F00700062823D8DFE800F090
S214013CE0040A121A1E0E1600012305B1286004B13B
S214013CF0236038BDFFF712FB0523F6E7FFF70EFB3F
S214013D000623F2E7FFF740FB0323EEE7FFF73CFB52
S214013D100423EAE7FFF74EFB0223E6E717F09CF9D8
S214013D200723E2E700231846DFE700BF00800050C4
S214013D3038B5104B0546D3F840310C4603F0030363
S214013D40022B0BD0032B0DD0012B0FD117F086F9C8
S214013D50092305B1286004B1236038BDFFF72EFBA7
S214013D600823F6E717F07DF90B23F2E7012300207D
S214013D70EFE700BF0080005038B5144B0546D3F876
S214013D8000020C4600F0070004281BD8DFE800F00C
S214013D9003090D111500012305B1286004B1236044
S214013DA038BD17F05BF90923F6E7FFF707FB082391
S214013DB0F2E717F056F90B23EEE7FFF7CFFA0E23DB
S214013DC0800AE9E700231846E6E700BF00800050B6
S214013DD038B5104B0546D3F840320C4603F00303C2
S214013DE0022B0BD0032B0DD0012B0FD117F036F978
S214013DF0092305B1286004B1236038BDFFF7DEFA58
S214013E000823F6E717F02DF90B23F2E700231846EF
S214013E10EFE700BF0080005038B5104B0546D3F8D9
S214013E2060310C4603F00303022B0BD0032B0DD09D
S214013E30012B0FD117F012F9092305B1286004B13F
S214013E40236038BDFFF7BAFA0823F6E717F009F939
S214013E500B23F2E701230020EFE700BF00800050AC
S214013E6010B40D4C0B46D4F8204204F00304012C88
S214013E700AD0022C0CD008B1002101600BB100223F
S214013E801A605DF8044B70475DF8044BFFF7D6BE29
S214013E905DF8044BFFF74CBF0080005038B50C4668
S214013EA0054617F0D9FA054B9A6A54402C405440FF
S214013EB09C62BDE8384017F0D3BA00BF00C000507E
S214013EC0B0F5207F1FD009D8B0F5007F15D003D8F4
S214013ED068B1B0F5C07F0AD000200CE0B0F5607F75
S214013EE0FAD10B4BD3F88000C0F3011003E0084B66
S214013EF0186FC0F3033001307047054BD3F89000BC
S214013F00C0F30460F7E7024B186FC0F38020F2E7B6
S214013F10008000504FF400320E4B014610B50020D1
S214013F209A66FFF7CDFF484341F671320A490B4BBB
S214013F30884294BF00200120DC69DA639A6822F483
S214013F40401242EA00529A60E20344BF0022DA635A
S214013F5010BD00BF00900050005A620200000350DE
S214013F60420910B50FD0012A0FD00A4B0A4C022A7B
S214013F7018BF234600F01F0049B103F58053012204
S214013F8082401A6010BD1346F4E7044BF2E703F5CE
S214013F900053F4E76880005060820050648000504F
S214013FA008B5802017F07AF9034B98429EBF4FF46C
S214013FB08032024B1A6708BD005A620200A0005008
S214013FC01FB50023B0F5807F019377D028D8382815
S214013FD000F094800BD82438092810D809280ED868
S214013FE0DFE800F0676767670D0D620D377D5228C1
S214013FF05FD008D83D283BD03E2800F08480019849
S21401400005B05DF804FB8028F9D1414B1B6F03F026
S2140140100703013B032BF2D8DFE803F044413F6C72
S214014020B0F5D06F5BD019D8B0F5A06F66D00AD8BE
S214014030B0F5806F3DD0B0F5906FE0D1002001A9BA
S214014040FFF742FEDBE7B0F5B06F2DD0B0F5C06FDD
S214014050D5D1002001A9FFF76BFED0E7B0F5006FC0
S214014060ECD00AD8B0F5E06F4DD0B0F5F06FC6D100
S214014070002001A9FFF7D0FEC1E7B0F5086FBED159
S214014080234BD3F8003103F00303022B2CD0032B70
S2140140902ED0012B30D1FFF777F9032300E005235B
S2140140A00193ACE70223FBE7002001A9FFF7EAFD35
S2140140B0A5E7002001A9FFF7C1FDA0E702934FF095
S2140140C0E0231B695B0705D5FFF748F90C2303932B
S2140140D0039BE5E703A902A8FFF72AFEF8E70020FD
S2140140E001A9FFF749FE8AE7FFF768F90823D7E732
S2140140F016F0B2FF0723D3E70123D1E7002001A979
S214014100FFF7AEFE7BE7002001A9FFF761FE76E729
S214014110008000504FF40022034B5A66012203F53B
S21401412080439A62704700BF0090005008B5FFF7C1
S21401413047FF082811D00938012802D94FF6FF7029
S21401414008BD4FF40012064B5A6603F5D8335B6A76
S214014150DB07F3D54FF4FA70F2E7024B1888EFE766
S21401416000900050E00C0020F8B504468020FFF7D0
S21401417027FF032800F087804FF40022424B0221DC
S2140141805A6645F60E03414AC2F88030404B9962A2
S214014190012103F580539962936DD903FCD4D4E9C8
S2140141A000131B0543EA0163E17B94F820500B439F
S2140141B0217BE77E43EA0143617B6D0143EA0133DC
S2140141C0A17B43EA811313619169D4E904031B06B9
S2140141D043EA806301F000410B43A17E94F823007B
S2140141E00B43217E43EA0143617E43EA0123936147
S2140141F0136AE66923F00D0394F8221043EA870355
S214014200002E2DD11362966A94F8213045EA0313E5
S21401421026F033052B4343F0010393621D4D1B4BE0
S2140142209A6D35EA0202FBD10222194DAA621A657D
S2140142309A6D5200FCD41A69A56822F4700242EA0B
S21401424005521A614FF00042114B9A6119B90222C8
S21401425003F580539A6278B901220F4B9A620BE0FC
S214014260334343F008031362936A23F03303034393
S2140142702B4343EA4103936294F824301BB1034B6A
S214014280064AC3F88020F8BD0090005000C00050D8
S21401429000D000500300014000E00050F1A7FFFFEE
S2140142A01E4BFF2870B59E6A35D89A6D12F4803F72
S2140142B018BF01211A4A18BF9162022191629B6DB3
S2140142C0DC0303D5154A936D9907FCD50222144BDE
S2140142D0124D1A65AC6D14F08044FBD1114AAB69DE
S2140142E092F9002023F47F03024423F47F4382F3F0
S2140142F0080243EA002343EA0243AB613146022047
S214014300FFF7CCFDAB6DDB0303D531460120FFF78C
S214014310C5FD204670BD2124FBE700BF00C000504C
S21401432000D000504E2A0020014B93F90000704740
S2140143304E2A002001221548154B816A9A62826D29
S21401434002F00302032AFAD102229A621A650F4A80
S214014350936D5B00FCD40F48936D30EA0303FBD1E9
S21401436001220B4B1A65A3F580539A6D9007FCD476
S2140143709A6D9207FCD50222054B1A65034A936D86
S2140143809B07FCD50320FFF789BD00BF00C0005086
S21401439000D0005003000100014B1880704700BF99
S2140143A0DE0C00204FF4001208B5184B5A660223A3
S2140143B0174A5360936813F48033FBD1012822D146
S2140143C0FEF7E2FF134B984215D003F5122303F5CF
S2140143D0F863984213D0104B00EB8002400AB3FBFF
S2140143E0F0F3520A0A49CA620B6301234B620022A8
S2140143F0074B5A6008BD45F67A13084AF2E745F6B8
S2140144001A03074AEEE75362F1E700BF0090005037
S2140144100040025000F0490264666666D8B805009E
S214014420BBCF0500B0F5207F10B50C4642D008D8AA
S214014430B0F5007F33D003D888B1B0F5C07F0ED079
S21401444010BDB0F5607FFBD11F4A4C1ED2F88030FC
S21401445023F0300343EA0413C2F88030F0E716F085
S21401446015FF16F0DFFF4FF48031184B164A196717
S214014470136F013C23F4704343EA04331367FEF7DA
S2140144806DFF0446FFF7CEFBC0F10201204616F091
S214014490C3FF00F02DF8BDE81040FFF781BD0A4AC2
S2140144A04C1ED2F8903023F0F85343EA0463C2F866
S2140144B09030C5E7044A4C1E136F23F4806343EA29
S2140144C084231367BCE700BF0080005000900050B3
S2140144D008B50121022000F0F5F816F0D7FE16F017
S2140144E0A1FF4FF48032014B1A6708BD00900050BF
S2140144F008B54FF4C07016F0D1FEBDE80840044977
S214014500884294BF012102214FF42070FFF78ABF31
S21401451080F0FA02034B5868C0F30800003818BF51
S2140145200120704700ED00E0054B420953F82230A8
S21401453000F01F0023FA00F0C04300F001007047AE
S21401454000E100E010B5224B70B94FF40031214A6A
S2140145501860516602F598325268012A03D11E4A44
S214014560D2F800211A6010BD1B68002BFBD01B4A35
S2140145705268012AF7D0184A8020C2F80031FFF7A6
S2140145801FFD05281FD14FF4C070FFF799FC0128C5
S214014590044604D102214FF4C070FFF743FF0722FF
S2140145A00F4B1A610122A3F580535A600B4A136917
S2140145B0DB07FCD5012CD6D12146BDE810404FF4CF
S2140145C0C070FFF72FBF0122064B5A60CBE700BF32
S2140145D0181D0020009000500080005000C00150BF
S2140145E000E0015000D00150044A4178536F23F493
S2140145F0407343EA01235367704700BF00400050F1
S21401460010B5044610B10020FFF79CFF104A13694D
S21401461043F00403136102F023FE16F02DFF0D4B49
S2140146200D4AC3F8202416F017FF1FF029F916F0DB
S21401463017FF16F022FF02F03BFE1CB9BDE8104042
S214014640FEF78CBE0120BDE81040FFF77BBF00BF20
S21401465000ED00E000E003500000FF0F10B5044637
S21401466010B10020FFF76EFF0E4A136943F00403F2
S21401467013610D4B0D4AC3F8202402F0F1FD16F02C
S214014680EBFE1FF0FDF816F0EBFE02F011FE1CB972
S214014690BDE81040FEF762BE0120BDE81040FFF7FE
S2140146A051BF00BF00ED00E000E003500000FF0F27
S2140146B0034A0179D36E23F030030B43D366704768
S2140146C000400050F8B504461C4BD3F88420D106B0
S2140146D0FBD4D3F88430C3F381139C422CD0FEF76D
S2140146E023FE012C064602D1214616F095FE16F051
S2140146F0B3FE4FF00072124B07465A66204616F07C
S214014700C3FE4FF480630D4D621E93402B676B6EA4
S2140147109A0103D4D5F884309B060AD5384616F09C
S2140147209FFE022C08D13046BDE8F840002116F065
S21401473073BED5F88430EAE7F8BD00BF00400050EC
S2140147400060005010B50C4608B9FEF7EDFD074BAA
S21401475021461B783BB1064B984204D80120BDE8A0
S2140147601040FFF7AFBF0220F9E700BF4F2A002035
S214014770005A62020278034B012100201A70FFF7EB
S214014780E1BF00BF4F2A00204FF0004238B5264B4C
S21401479026495A6601224A604AF6CD3103F50B23B3
S2140147A05D6C1964154030BB9968C9070BD40024A9
S2140147B001221F4B5A6015B11E4B1F4A1A641DF089
S2140147C0FDFC204638BD1A498A601C4AD96ACC07C6
S2140147D005D4904201D10724EAE70130F6E790427A
S2140147E0E5D1F8E70132DC6A14F0080406D08A4203
S2140147F0F8D10724DFE700221049F4E78A42F8D00F
S21401480020220B4B0B495A620122A3F580539A6072
S21401481023460A4A486A800603D49342E9D0013304
S214014820F8E79342C7D1E4E70090005000500950E2
S21401483000600950004009503254FFFF40420F000B
S2140148404FF0004238B5174B174C5A66012203F554
S2140148500C235A604AF6CD33656C23644378934043
S2140148601343124AD363C3788178A2689B0043EA54
S214014870011322F074021343A3600279837943EA99
S214014880022323614279C37943EA022363610078F4
S214014890FFF77AFFEB0744BF054B23641DF08EFC40
S2140148A0012038BD009000500040095000400050E3
S2140148B03254FFFF072A2DE9F041154698464FF07E
S2140148C0030401F003072DD89600B44000FA06F25F
S2140148D021461C4816F0D9FD21461B4807FA06F268
S2140148E016F0D3FD194B1A499DF81800B8F1000FC0
S2140148F018BF1946012303FA05F50D60154B164935
S214014900002818BF0B461D60144B9DF81C00C3F809
S2140149102054103103F22443002818BF0B461D60B3
S214014920BDE8F081A2F10806B600B44000FA06F22E
S21401493021460B4816F0A9FD21460A4807FA06F259
S214014940CEE700BF00C4035008C4035010D4035080
S21401495010E4035014E4035014D4035000E0035051
S21401496004C403500CC40350F8B504460D461F4654
S21401497016464AB101238B403021184A01FB00221A
S214014980F7B141F21001535004EB4403072D4FF0E9
S2140149900F014FEA031316D8A80006FA00F2814069
S2140149A00F48184416F071FD4EB9012330210B4A09
S2140149B0AB4001FB042277B141F210015350F8BD20
S2140149C042F21001DFE7A5F10800800006FA00F2C6
S2140149D081400448E5E742F21001EFE700C00350CA
S2140149E004C003500CC00350104B0140D3F83024D0
S2140149F022EA0002C3F83024D3F830241143C3F866
S214014A003014D3F82C240243C3F82C24084AD36E5E
S214014A1003F03003202B1FBFD36E23F0300343F087
S214014A201003D366034BC3F82004704700C003503D
S214014A300040005000E0035038B514461D460322DE
S214014A4083F00103FFF790FF012004F11001884075
S214014A5005FA01F1FFF7C8FF9DF81010034B044A51
S214014A60002918BF1346186038BD00BF24E4035060
S214014A7024D403504FF400120B4B10B5C3F880201A
S214014A80BFF34F8FBFF36F8F0024FF22074B2146E2
S214014A905C6520209A625C60FFF762FA2146BDE8F9
S214014AA010402120FFF75CBA00E100E0000004504E
S214014AB0044A054B002908BF1346012282401A60AA
S214014AC0704700BF401004504020045010B501212B
S214014AD004462020FFF744FA01212120FFF740FA7F
S214014AE00122114B5A60227812069A606178A278E8
S214014AF042EA01429A61FF229A6200229A631A648C
S214014B004FF000425A654FF0FF324FF4001103F5A3
S214014B1000531A65054AC2F88011E3781B01DBB21F
S214014B2082F81533116010BD0000045000E100E06A
S214014B30F8B50125C3B2DFF888C0D1F800E09D4082
S214014B408F7ACB7A0C46097BCCF850500CF5005C7A
S214014B504CF820E04FF0300E184E1B050EFB00609F
S214014B6094F80DC043EA074343EA415322F0030297
S214014B70C0F860C0C365026716F075FC736D2B4301
S214014B807365237A13B1336C2B433364637A13B1A1
S214014B90B36B2B43B3632279A37943EA0243084AF2
S214014BA093616179E37943EA014306498B61034BDB
S214014BB055639D64BDE8F84016F05BBC00000450E8
S214014BC0002004500010045010B50124C0B28440E7
S214014BD016F049FC044B5A6D22EA04025A659C629F
S214014BE0BDE8104016F045BC0000045010B5012485
S214014BF0C0B2844016F037FC074BDA6A224208D16D
S214014C005B6B9C430CBF0124002416F032FC20464B
S214014C1010BD0024F9E700BF000004504FF4003235
S214014C20054B9A6641F6713203F51C33DA630122AD
S214014C3003F50053DA6070470090005041F6713278
S214014C400121064BDA6303F50052D1600022DA63D4
S214014C504FF40032A3F518339A66704700000350EC
S214014C60CB784A7810B55B010C7843EA82030A795F
S214014C70234343EA02130C22424302F1B042136378
S214014C80012C02BF8A78024B43F8202010BD00BFDA
S214014C90E880035008B54FF0B0435A686AB958B176
S214014CA05B680BB116F000FC01210D4B596016F044
S214014CB0FBFB4FF0B043D96008BD5B680BB116F043
S214014CC0F3FB0028F0D116F0EFFB4FF0B0430222C1
S214014CD0DA6016F0E9FB0122024B5A60ECE700BFEE
S214014CE000100058002000584FF0B0414B6810B536
S214014CF00BB116F0D9FB01220B4BC4785A608378AE
S214014D00934043EA840344782343047943EA041333
S214014D10447943EAC4038B60044B5A600378C3F1B9
S214014D200203CB6010BD00BF0020005800100058E1
S214014D304FF48032064B5A6603F5E6235B69C3F3EC
S214014D408512827003F03F021B0B4270037070479E
S214014D5000900050014B986CD96C70470080E00FB2
S214014D60024B1868C0F30740704700BF0080E00F91
S214014D700120034B9B680A3303F01F0398407047DA
S214014D800080E00F70B5054616461C4621B94FF463
S214014D90207016F083FA0146402C1BD003D8DCB1F4
S214014DA0202C1BD070BD602CFCD1042303FB06F223
S214014DB0530803EB4113B3FBF2F3094A203B02EA23
S214014DC0C303AA6822F06002AA60AA681443AC6012
S214014DD0EB61E7E70623E9E71023E7E70823E5E7C2
S214014DE0F8FF7F00012200F580535A6040F6AA635F
S214014DF041F20502436100230B498360C365C2602B
S214014E0000F500520361C361C36491640749836579
S214014E10884203D103650023436502E004498842C2
S214014E20F8D0012353607047FFFF010000C0055012
S214014E300000065070B50D46FFF7D4FF012300F5BC
S214014E4080567360AB7C04461BB1836843F0804395
S214014E508360EB7C5BB1354A2B7D944245D1A2F54C
S214014E601032C2F88C31E36D43F08003E3652A8A81
S214014E706B7B20461343EA891343E3602B7BD5E91A
S214014E800112FFF77FFF6B7D1BB1A36843F48033EC
S214014E90A360AB7D1BB1A36843F40043A360EB7D25
S214014EA02A7E1B07120502F4E00203F0E0431343D7
S214014EB0A365697E1D4A8B1E012B1D4B1FD894428C
S214014EC01BD002F5804294420CBF01224FF0FF3204
S214014ED003EB4213022041F21C620329985020D1B1
S214014EE00423F3652B78636170BD124A944204BFB4
S214014EF0A2F52032C2F89C31B5E70022E8E79442D9
S214014F000DD00C4A94420CBF01224FF0FF3203EB46
S214014F104213022042F21C6201299850DFE7002268
S214014F20F5E7042204F50053DA65DBE700C0055017
S214014F3000C003500000065038B50446054D1DF06C
S214014F4061F90FCC0FC594E8030085E80300002043
S214014F5038BD00BF1C1D002047F6FF739A42F0B50E
S214014F606FD002296FD8394B5B5C012B6BD8384D5B
S214014F70DF0005EBC30415F83330A178012B13D1FC
S214014F800025E078401AA84202D80844C0B2F0BD15
S214014F90431B6668A0EB530336F913609642D4BFF1
S214014FA01D4603F1FF30EEE760680028EFD0B0F948
S214014FB00040944204DBB0F902409442B8BF144664
S214014FC083883D44FF2B19BFC8224FF0280CB0F947
S214014FD00620B0F908C0A2EB04030CBF0126002688
S214014FE093FBFCF333446E781BB29E4201DD002B2B
S214014FF001DA731E1BB24FF47A7C01339BB2071D94
S2140150005D1E2DB24FEAC50E00EBC505EA88AD68F8
S2140150109E4214FB025222EAE27202F15C02B2FBE9
S214015020FCF204DD37F8335001339542E8D200EB49
S2140150300E039888904228BF1046884238BF08461B
S214015040A4E7FF20A3E70020A1E700BF653E030019
S2140150501C1D00200229F0B555D82C4B585C0128A0
S21401506051D82B4C04EBC00114F830004B680128D2
S2140150700FD1C8788C78904294BFC4EB0001C4EB82
S2140150800201001BCAB28242C8BF002233F91200D5
S214015090F0BD002B37D08878904202D3B3F90200D6
S2140150A0F6E7CC78B3F900009442F1D94C789988A8
S2140150B0013CA1F1FF06714203F10405E4B271411E
S2140150C003F10C07CEB2B44216D805EBC1014FF47A
S2140150D07A756A43B1F902404968521A04EBD471F1
S2140150E002EB610292FBF4F29042D1DBB3F90200CB
S2140150F09042CDDC10B2CBE737F831C04E1C944558
S214015100E3D33146DEE70348C2E700BF653E03004E
S2140151101C1D00200080FFFF08B50448FFF70CFFA8
S214015120BDE8084001201DF071B800BF683E0300CD
S21401513000487047E20C00207FB51422002101A828
S2140151401DF005FD044B01A94FF0FF3002931DF041
S21401515092F807B05DF804FB006A18001B0603F01E
S214015160706300F00F000902034301F4706112043A
S21401517002F470220B431343014A1360704700BFC9
S2140151800020025C60B5054619B10139B1F5806FA2
S2140151900FD2094EF06810F48030FBD143EA0123A8
S2140151A012072B4302F08052134343F0004373600F
S2140151B060BD0120FCE700BF0020025C0122054B18
S2140151C09A60DA68D203FCD4D86820F00F00000495
S2140151D0000C70470020025C014B1868704700BF46
S2140151E00040025C014B5868704700BF0010025C2B
S2140151F0014B186B704700BF0010025C014B18682A
S214015200704700BF0010025C014B9860704700BFFA
S2140152100010025C014B1864704700BF0010025C6E
S214015220014B5864704700BF0010025C014B586385
S214015230704700BF0010025C0022014B1A607047E5
S2140152400010025C024A136843F0010313607047C2
S2140152500010025C024A136823F0010313607047D2
S2140152600010025C43F20402014B1A60704700BF53
S2140152700010025C024A136843F030031360704763
S2140152800010025C044B1A6842F480721A601A68B5
S21401529022F480721A6070470010025C024A13689A
S2140152A043F48063136070470010025C034A13687E
S2140152B023F4702343EA0043136070470010025C36
S2140152C0044B1A6902605A6942609A698260DB6916
S2140152D0C36070470010025C0268044B1A614268A2
S2140152E05A6182689A61C268DA6170470010025C8E
S2140152F0024B1A6BD207FCD4186270470010025C8E
S2140153000322024B186019615A6370470000025C61
S21401531082B01FB507930A9B04AC8B4228BF0B468D
S21401532004E907001048D100079948BF033301601C
S214015330099948BF23F0030323F0704301F0E041CD
S214015340194341F000518160002102F0E042019CC6
S2140153501A4342F00052C16004618261416304B0A5
S214015360BDE8104002B070470000025C3F22034BCC
S2140153701A631022DA6103229A6370470000025C06
S214015380024AD36B9B07FCD4704700BF0000025C47
S214015390044B9B6A13F0240F14BF012000208000E9
S2140153A0704700BF0000025C08B5FFF7F1FF064B2F
S2140153B0DB6B23F47F4323F0EF0303431EBF01227D
S2140153C0024BC3F8FC2F08BD0000025C00F0FF3F53
S2140153D04368182B0AD0202B1DD0102B2BD1174B2E
S2140153E0D3F80434DB010AD401207047134BD3F8F9
S2140153F004349A01F8D50B6843F008030B60036880
S2140154000F4A934210D10B6843F040030B60002310
S214015410436000207047094BD3F804345B01E3D5A1
S2140154200B6843F00403E9E7064A9342F1D10B689F
S21401543043F08003EAE70720704700BF0000025CE4
S214015440512A0020502A002013B5084CD4F80444F1
S214015450E40508D5009313460A460146002000F0ED
S2140154601BF802B010BD0120FBE700BF0000025C84
S21401547013B5084CD4F80444E40508D50093134644
S2140154800A460146002000F02BF802B010BD0120AC
S214015490FBE700BF0000025CF0B516465A688DB007
S2140154A0102A0D46129F15D17A68102A12D10A4A7F
S2140154B009AC07CA84E8070022462946CDE9054714
S2140154C0CDE90344CDE901440448009616F000F9FD
S2140154D00DB0F0BD0720FBE7EC3E030030000100F5
S2140154E0F0B516465A688DB0102A0D46129F15D192
S2140154F07A68102A12D10A4A09AC07CA84E807005A
S21401550022462946CDE90574CDE90344CDE9014497
S2140155100448009616F0DCF80DB0F0BD0720FBE756
S214015520EC3E03001000010070B598B0002843D08F
S2140155302C4C08AD0FCC0FC50FCC0FC50FCC0FC52B
S21401554094E80F0085E80F006D4604AE04F11003E1
S21401555020340FCB85E80F0094E80F0086E80F0093
S214015560FFF790FE0420FFF7A1FEFFF77BFE304613
S214015570FFF7B2FE002408AE56F8040B0134FFF71D
S214015580B7FE102CF8D1FFF72DFE0328FBD9002417
S214015590FFF752FE2646FFF71FFE55F8043B01367D
S2140155A05840042E44EA0004F5D12CB1012206200D
S2140155B00D4B1A7018B070BDFFF764FE0820FFF798
S2140155C023FE0020FFF726FE0720FFF729FE4FF4F3
S2140155D00070FFF72BFE0820FFF768FEFFF732FE8C
S2140155E00020E7E7CC3F0300532A002008B5FFF769
S2140155F049FE0122014B1A7008BD00BF522A002045
S2140156001FB516F0C2F9044630B1012206240D4B2F
S2140156101A70204604B010BDFFF7DEFD0090FFF7BC
S214015620DBFD0190FFF7D8FD0290FFF7D5FD039053
S2140156306846FFF751FEFFF7D9FFFFF71BFEFFF79E
S2140156402DFEE6E7532A002006289ABF014B185C78
S214015650002070472C40030030B5154B87B00293ED
S214015660144B0390049346F611030D46059300F080
S21401567077F91428044616D1684616F030FA4FF02A
S214015680A843032202A95A6319601D619A63DA6B63
S2140156909207FCD1142C02D1684616F02EFA00F0BF
S2140156A093F9044601E00028E9D0204607B030BD52
S2140156B0341D0020040000202DE9F04FB1B005464E
S2140156C08C469E46E8466F4EDDF8EC90409C06F10F
S2140156D0100A474630687168083603C75645B8460B
S2140156E0F7D13E9B03EB0208C8F1000A0AF00F0A45
S2140156F0B9F1000F00F09D80C9F1000707F00F0710
S2140157000121DDF8FCB044F00050C4F11006CDF8DC
S21401571010B005910690300200F4F85040F02100D8
S2140157200790B9F1000F40F08680CDF820D047F001
S2140157300050002D00F08480099121210A9041EA51
S21401574007210B9142F00050CDF830C03D9B08A9CF
S2140157504FEA0A2C0D910E904CF041000F901093D9
S214015760002A75D13E9B119143F0005312933C9B46
S2140157701390149310AB1593434B444A169340F67B
S21401578011031793424B0021002D08BF13461893AF
S21401579014AB19933F4B10221A9311231B931CAB86
S2140157A018461DF0D4F901221D92002246F08046CB
S2140157B003461E96239205B9EB46102CCDF880B011
S2140157C024AE4BD101232246002130462193229458
S2140157D01DF0BDF920AB002125938F4218BF33463B
S2140157E047F0804226923A9A2CA828922993B2FA38
S2140157F082F35B0949EA837310222B912A931DF0E9
S214015800A6F9B9F1000F00D028AED04448F0804385
S2140158102CA918A82D962E93FFF71EFF30B92DB987
S2140158200346A34225D1002818BF2C2031B0BDE87D
S214015830F08F102764E7CDF820E049F0005078E7B4
S214015840002C3FF479AF04A9099101210A9076E76B
S2140158503E9B0CAA11924120129388E71022002148
S2140158603046219322941DF072F9002CB2D1012307
S214015870B1E703F1C0026A4412F8C02C01331043A9
S214015880CFE700BF3340030010000020484003006C
S2140158904C40030004000020F0B5C0299FB0DDE9AC
S2140158A0244557D0B1F5807F04D0802948D02920DF
S2140158B01FB0F0BD01265CB140F2344702941024BB
S2140158C003960494212401970594069502AC0AE0F8
S2140158D040F214470294102403960494212405945C
S2140158E0012401970695079401251024089409952B
S2140158F00A9221220B950C940D92174A0AAD0E922C
S214015900164A0F95109242F61102119212931395B0
S2140159101494159201AA1692D3B112AB17930423CD
S21401592018931123199316AB1A901B9340F6110383
S214015930C9081C911AA806A91D93FFF78DFEB7E7A3
S214015940012614B94FF48267C4E74FF48667B5E7BA
S2140159500EABE3E70F20ABE7444003001000001056
S21401596038B5164B5A6E42F004025A66D3F88022B6
S21401597042F00102C3F88022114B5B68C3F30803AF
S21401598043B14FF0A842D36B13F0430FFBD114245D
S214015990204638BD4FF0A843DC6B14F04304FBD11E
S2140159A0084D2B681BB90421284602F021FB2B6801
S2140159B0013343F000432B60EAE700BF008000504C
S2140159C000ED00E0341D0020014B00205B687047AD
S2140159D000ED00E04FF40052034B00209A660322CC
S2140159E0C3F86022704700BF009000504FF4005289
S2140159F0034B00209A660322C3F86022704700BF5B
S214015A0000A00050012300F01F02A0F5062009495E
S214015A10A0F550604009934051F820201A4341F800
S214015A202020054951F8202022EA030241F82020CF
S214015A30704700BF4C1D0020381D00200121A0F535
S214015A4006230E4AA3F550635B0900F01F00814050
S214015A5052F82300014342F823100949D1E90030E6
S214015A60034488680344C868096903445B1802BF95
S214015A70C2E90033C2E9023313617047381D0020C2
S214015A804C1D00202DE9F04FA9B003921D46044697
S214015A900822339ECDE90401414021FA02F34B402E
S214015AA0980702F1080218BF9B00202A1C44F4D173
S214015AB08123B4FBF3F303EBC313E41A734B04F52E
S214015AC006241B7804F55064002B3ED1FEF752F8ED
S214015AD0074620B16FF0910029B0BDE8F08F01466E
S214015AE0402208A81DF033F84022394618A81DF0B8
S214015AF02EF8DFF8B481DFF8B491C3460BF10F0A34
S214015B00CDF800A0102208A95B46D9F800001CF0C9
S214015B1008F90022014608F1100808AF914246D163
S214015B20CDF800A05B461022D9F8000018A91CF099
S214015B3001F94FF0000A834618AFD34541D1544BC3
S214015B409845DAD10122514B1A704FF0810A4FF075
S214015B500008DFF85CB1A4F50627A7F550635B09DA
S214015B605BF8232004F01F01CA40D2073DD4494AFE
S214015B7052F82330CB40DB072AD5B8F1000F08BF17
S214015B80A0468123A7F6FF47B7FBF3F303EBC31346
S214015B90FF1A07F50624BAF1010A04F55064DAD1B2
S214015BA0039BBBB1B8F1000F14D0444619E057F877
S214015BB0040BCDE90612FFF725FF079A0699013275
S214015BC0ACE757F8040BFFF739FF0AF1010AB4E70F
S214015BD0039B13B96FF08B007EE7B8F1000F18BF77
S214015BE04446349B00201C6076E7329B13B10023A9
S214015BF0329A13600EB1002333601023DFF8AC90A5
S214015C0000932A4600232146D9F800000CF00EFE28
S214015C1060BB32992A68204BC9B99A4206D0214600
S214015C20D9F800000CF09AFE0028D3D1D5E902235A
S214015C30DDE90410834208BF8A42A2D1039B002BF0
S214015C40CFD06B68012BCCD16FF0840044E71020D5
S214015C5032999A420860E2D1002EE7D033462146B7
S214015C60D9F8000018AA0CF035FE48B10B4B984243
S214015C70D5D00B4B9842D2D00A4B9842D6D029E7C2
S214015C80329A336812689B1A3360CFE7542A002091
S214015C9000710800381D0020105D175EFFDF00F060
S214015CA011E000F0FEDF00F0006D08000C0B002094
S214015CB04C1D00202DE9F04F87B082468946984654
S214015CC01646DDF840B02AB1002B4FD040F26C7377
S214015CD09A424ED8BBF1010F4ED8002406F11007A8
S214015CE039460120059416F098FA0546002846D054
S214015CF021463A461CF02BFF05ABCDE90143009443
S214015D002B46012250464946FFF7BCFE044680B1A9
S214015D1010F18C0F08BF6FF08D043A46002128461B
S214015D201CF015FF284616F088FA204607B0BDE895
S214015D30F08F144BC5E902A92B60C5F804B02EB14B
S214015D403246414605F110001CF00CFF059E0E4838
S214015D503B462A46314600680CF0D0FC18B930465E
S214015D60FFF750FED9E76FF09104D6E76FF086048F
S214015D70DBE76FF09104D8E76FF08504D5E76FF0A5
S214015D808C04D2E7105D175E0C0B00202DE9F04362
S214015D908DB08146DDE914780E4615461C469BB14A
S214015DA0B8F1000F05D16FF0860630460DB0BDE89C
S214015DB0F083002FF7D0B7F1005FF4D3C3F100539F
S214015DC003F500439F42EED81022002108A81CF0DC
S214015DD0BEFE002207AB029305AB019306AB31462C
S214015DE00093484608ABCDE90522FFF74BFE064671
S214015DF00028DAD1059BA4B1AB4215D853EA0504B5
S214015E00D1D1069B0B48C8F8004000943A46079942
S214015E1000682B440CF00AFD002818BF6FF09106AD
S214015E20C3E7AB42EDD2BEE75B1B9C4228BF1C46D4
S214015E30E7E700BF0C0B002030B58DB00C460546D9
S214015E401022002108A81CF082FE002207AB029354
S214015E5005AB019306AB21460093284608ABCDE976
S214015E600522FFF70FFE0446D8B9099B012B1BD06C
S214015E70079D104B294618680CF070FDB8B9012231
S214015E80A5F506230C49A3F550635B0905F01F0031
S214015E90824051F823004240284641F82320FFF76C
S214015EA0CDFD20460DB030BD6FF08404F9E76FF0EC
S214015EB09104F6E70C0B00204C1D00202DE9F04F55
S214015EC089B007460E46FFF799F9C00709D404249E
S214015ED0012015F067FD80B3013CF9D16FF0920007
S214015EE028E0102200210DEB02001CF030FE04A871
S214015EF0FFF7E6F9049B002BE9D0059B002BE6D0C3
S214015F00069B002BE3D0079B002BE0D00025DFF893
S214015F10808008F10409B54219D34FF48A74FFF75B
S214015F2067F900F00E03062B2DD1C30501D5FFF747
S214015F3091F9002009B0BDE8F08FFFF759F910F08C
S214015F400E03FAD0022BF8D04105DFD5C4E7FFF7E0
S214015F5049F9A6EB050A8400544528BF544699E83A
S214015F60030000238DE80300CDE9054307EB050B8D
S214015F70CDF810B0029404AAD8F8003007CA15F07C
S214015F807DFC2544C7E724FA03F3DA07A6D5C6E75E
S214015F90504003002DE9F04389B00E4615461F46D2
S214015FA0DDF8488020B96FF0860009B0BDE8F083BF
S214015FB00029F8D0002AF6D0B8F1000FF3D00388F4
S214015FC003F44F42B2F5824F02D06FF08500ECE742
S214015FD0DAB2122A01D0172AF7D123F0FF03B3F55C
S214015FE0E24F41D14488C8F8004044B9EB00B3F50C
S214015FF0807FC8F80030E8D1122A0DD108E0E31DF1
S214016000B5EBD30FCFD1B4F5807FDED1122A29D1DB
S214016010354B1C681B691C440023194670192C4417
S21401602014F801CD10F8012D1143B2EB0C020CBF90
S2140160304FF0FF3C4FF0000C86420CEA030343EAA4
S2140160400203EDD10029AED0002BACDA109B9D42A5
S21401605046D82A46314638461CF084FD119B00205E
S2140160601D60A2E70024D7E73378042B9BD16B1E73
S214016070DB005B08B3F5807FC8F80030A5D1122A93
S21401608006F1010318BF4FF000094FF040020593D7
S2140160904FF000030ABF144C4C46D4F80C90CDE9DF
S2140160A00623FFF797FC00287FF47FAFCDF80C900E
S2140160B0D8F800300733DB08029308AB13E9030076
S2140160C08DE80300059B94E8070015F028FC0446BC
S2140160D0FFF78CFC00287FF468AF002CB6D062E78F
S2140160E06FF0890061E700BFF83E03000388B3F54F
S2140160F0105F0ED14388DB08103B102B0CD8084AE2
S21401610022FA03F313F0010F14BF00206FF086008C
S21401611070476FF0850070476FF08600704700BFCC
S214016120010101002DE9F041069F0C461646054681
S21401613010B309B302B9FBB96288B3EBD20F4FEAC9
S214016140D20819D34C22002128461CF000FD0D4B25
S21401615027F47E129A4212D12046FFF7C7FF044663
S21401616038B942463146281D1CF0FCFCC5F824808F
S2140161702F602046BDE8F0816FF08604F9E76FF0E6
S2140161808504F6E70002C0032DE9F0410E461446E9
S2140161900546002840D000293ED092B10368214828
S2140161A023F47E1383423AD1AF6BF7B1C7F11008DF
S2140161B007F128004245284406D227441CF0D2FCA9
S2140161C0AF630020BDE8F08142461CF0CBFC1022F4
S2140161D0103C3C19AA63F4D0284605F1280115F0B5
S2140161E0D4FC0028EED14644A863102C0CD9671EB7
S2140161F027F00F073A463146284615F0C6FC002818
S214016200E0D1E41BDDD03E442246314605F12800AC
S2140162101CF0A8FCAC63D4E76FF08600D2E76FF001
S2140162208800CFE70002C0032DE9F04388461F46E9
S21401623005468BB070B169B163B10368234923F495
S2140162407E1088423ED113F47C1FC3F3054604D06A
S214016250102E03D96FF086042AE0102696422BD81A
S214016260FFF7B8FB044618BBAB6B05F12802CDE976
S21401627001236B6A2A1DCDE904231023CDE90830DA
S21401628007AB1A460390069005F13C0901A904A83C
S214016290CDF81C90FFF7ECF80546FFF7A7FB044680
S2140162A06DB928B93246494640461CF05BFC3E6053
S2140162B020460BB0BDE8F0836FF08904F8E76FF075
S2140162C09204F5E76FF08504F2E700BF0002C00311
S2140162D007B56B46054A1068516803C36846FEF762
S2140162E0AFFA002003B05DF804FB00BF5C4003007A
S2140162F013B50024064A6846536F43F001035367FB
S21401630000948DF80440FEF7D3F9204602B010BD84
S2140163100040005030B58BB06C46174D0FCD0FC402
S2140163200FCD0FC495E8030084E80300134BD3F8A0
S2140163304C2112031CD5A3F5FE431C884FF6FF73B0
S2140163409C4208BF8C248DF81940FDF7EDFF2044D0
S21401635080F308008DF818000948FDF71BF8684619
S214016360FDF702FF3220FEF717F800200BB030BD14
S214016370D3F85041E4B2E6E7644003000080E00F42
S21401638000F049026FF00403502110B50A480B4C87
S21401639013F0800F03F1010207D12344402A83F84A
S2140163A000131346F4D1002010BD03F00F03043B85
S2140163B0034419761346EBE700ED00E000E100E048
S2140163C010B5044615F048F8024B1C6015F048F865
S2140163D0002010BD601D002010B515F03DF8034BE0
S2140163E01C6815F03DF8204610BD00BF601D00205A
S2140163F0034B0222186800238068194613F008BC74
S214016400080C002030B51446054687B0104615F036
S21401641094FC6369024683423CBFD4E903315B18AE
S2140164201B1A7BB10F49049403910021CDE9013178
S214016430012300932846D4E9001314F0D8FE002067
S21401644007B030BD0122627694F82D20002AF6D0DE
S21401645084F835301321E369204698472046636A5D
S2140164609847ECE7056401002DE9F04788B004463B
S2140164700F461646984614F0F6FF8146002E7AD04F
S214016480237E03F0FF02002B00F0A280204615F0C9
S21401649054FC6569A84205D1637ED4E903321344EE
S2140164A05D1B01E0F9D9451BB54228BF354614F0FE
S2140164B0DAFF94F82D308246002B6DD12A463846F5
S2140164C061691CF04FFB63692E462B44636121E032
S2140164D0037803F0FD0111295BD1216B814205D1BF
S2140164E0A3F111014B424B4184F83430013E6369FC
S2140164F0216B01328B4203F1010308BF2363636101
S21401650095426069E4D1D4E90323216B134499428F
S21401651000D122630025D4E903236169134499421B
S21401652008BF6261207A6576FDF77AF9204615F094
S21401653004FC6369834232D1257694F82D30E568F0
S214016540656103B125632046636A9847214B04942D
S21401655003930023029323692A46019301230093A0
S21401656063682168207A14F042FE207AFDF778F9F4
S214016570504614F07EFF4846C8F8006014F079FFD4
S214016580D8F80030002B0CBF1B20002008B0BDE857
S214016590F08707F8013BAAE72E460022B0E7012361
S2140165A0207A23760DF11E01FDF7C2F99DF81E3003
S2140165B0002BDAD00DF11F01207AFDF791F99DF835
S2140165C01F100029D1D12246207AFFF71BFFCCE706
S2140165D01646D0E705640100002807DB01234109C0
S2140165E0034A00F01F00834042F82130704700BF85
S2140165F000E100E0002808DB01224309034900F01E
S2140166001F008240603341F82320704700E100E01C
S21401661070B504460568FFF7DFFE844202D100200C
S214016620FFF7CEFE95F936603046FFF7E3FF002E02
S2140166300CDB01221949730906F01F06B24020330C
S21401664041F82320BFF34F8FBFF36F8F95F9376063
S2140166503046FFF7CFFF002E0CDB01220F497309EE
S21401666006F01F06B240203341F82320BFF34F8FB8
S214016670BFF36F8F287AFDF713F9287AFDF776F8BE
S214016680FDF752F800232846C4E90033C4E9043371
S214016690A360AB6ABDE87040184700BF00E100E0A8
S2140166A02DE9F0430C461546064687B040220021E8
S2140166B020461F461CF04BFA95E8030000232A6982
S2140166C02376EB6884E80300C4E904232A7DE360AB
S2140166D084F82C20AA7D2363012384F8343084F8BF
S2140166E035300E9B84F82D2023620F9BE761636291
S2140166F0109BA3622B7A84F836306B7A84F8373095
S2140167002D4B346073602D4BB3602D4B33612D4B95
S21401671073612D4BF360FDF74FF838B12B4B984260
S21401672004D01024204607B0BDE8F083002104F110
S2140167300800FCF7C9FF07460028F2D14FF0010810
S214016740234B3362234B84F83C80B361224BF361C5
S2140167509DF8483084F8390084F83B309DF8443081
S214016760204684F83A30697D84F8388015F0F5FAC9
S21401677095F909904846FFF73DFF4846FFF72CFF7D
S214016780164B0494CDE902732369CDE9008363684F
S214016790E2682168207A14F02AFD04460028C0D158
S2140167A095F908502846FFF725FF2846FFF714FFFE
S2140167B03046FFF705FEB5E7ABBD02006964010090
S2140167C029BD02002FBD020011660100038000F002
S2140167D003BD02005BBD020035BD02000564010079
S2140167E02DE9F04101271C46584B86B00293584BC1
S2140167F00C9D0193574B904600930A46CDE90377CB
S2140168002946554BFFF74CFF0646002840F0968078
S214016810236839462B6463683A206B64637A85F88B
S2140168204930237A85F84830E37A85F84B30A37AE5
S21401683085F84A30637B85F84D30237B85F84C30EC
S214016840E37B85F84F30A37B85F84E30FDF788FB58
S2140168503B460422617A207AFEF786F83B460222FE
S214016860E17AA07AFEF780F839466068FDF778FB92
S21401687088F8006041462068FEF7DCFA1422637C43
S2140168805B0103F1A04303F57033C3F81C26617A5C
S214016890227A42EA0142C3F83426E17AA27A42EA2F
S2140168A00142C3F82C2685F8506098F81930032B5E
S2140168B04AD8DFE803F03447021C022385F850303B
S2140168C000230422E17BA07BFEF74EF8022741F26B
S2140168D01C61627C214B03EB42104750E07BA17B9D
S2140168E0B13241EA004103EB4213996017E00127F8
S2140168F085F8503002220023617B207BFEF734F8B6
S214016900637B227B617C42EA0342154B49015A5064
S2140169100422236803F58053DA65002FD0D1237A49
S2140169202A6C85F84830637A052185F84930D36C9E
S214016930206843F00403D36414F0BEFD304606B06D
S214016940BDE8F0810027D3E72326F7E7D9BE02008A
S214016950CDBE020065BF020059BF020000C0035051
S21401696024D60350BFF35F8F074B5A6A22F4803256
S2140169705A62D3F8942022F00102C3F89420BFF3A0
S2140169804F8FBFF36F8F704700ED00E070B5294859
S214016990294CFFF7E7FF8442284D294919D1D5F83C
S2140169A0C03023F0FF0343F0A003C5F8C0304FF01A
S2140169B080430A68214D234EC5F8982043F0010311
S2140169C001328442C5F89C60C5F8A0300A601ED02A
S2140169D00DE0D5F8C02020F01F03203B22F0FF0277
S2140169E042F0A002B3F1005FC5F8C020E1D2164B19
S2140169F00A68124823F01F0343F00303C0F89820E7
S214016A00C0F89C30114B0132C0F8A0300A60BFF3C9
S214016A105F8F0522094BC3F894205A6A42F48032EC
S214016A205A62BFF34F8FBFF36F8FBFF34F8FBFF322
S214016A306F8F70BD140D0020EC0E002000ED00E0FD
S214016A40641D0020030000200B0F0020E1FFFF3F24
S214016A50F8B51446FFF786FF1F2C27D90027C20674
S214016A602A4D1CBF20F01F0020302A68CB06284B79
S214016A7018BF21F01F01FCB2A2422BD8D3F8C040A8
S214016A8020F01F0024F47F4444F4807421F01F0199
S214016A90C3F8C04040F00300C3F8982041F003015A
S214016AA00132C3F89C00C3F8A0102A600020BFF38F
S214016AB05F8F0522164BC3F894205A6A42F480323F
S214016AC05A62BFF34F8FBFF36F8FBFF34F8FBFF382
S214016AD06F8FF8BDC3F89840D3F89C40D3F8A060F8
S214016AE024F01F04A04226F01F0601D1B142DDD0DA
S214016AF0B04201D8A14207D2D3F89840013724F01A
S214016B00FF04C3F89840B6E72820D0E7641D0020AC
S214016B1000ED00E0BFF34F8F0549064BCA6802F44B
S214016B20E0621343CB60BFF34F8F00BFFDE700BFAA
S214016B3000ED00E00400FA05054B1A782AB95B78E7
S214016B40002B0CBF0320022070470120704700BFB6
S214016B505F2A00200329F8B598BF124B05460E465A
S214016B608CBF00245C5C032805D8DFE800F002082F
S214016B700B0E44F002040C4B1F684FB9F8BD44F0ED
S214016B800804F8E744F02004F5E744F08004F2E74F
S214016B907B681A68144203D0314628465B689847DA
S214016BA03F68EAE78C400300941D002038B5104D7D
S214016BB02B78ABB10F4C23781BB100F0B7FB002349
S214016BC02370002015F037FA0B4C50B100F000FC92
S214016BD00023012120782B70FFF7BCFF01232370CF
S214016BE038BD0122054B1A702278054B1A70F7E75B
S214016BF05A2A0020582A0020612A00205B2A0020F9
S214016C005C2A002010B514F027FC064B04461B78BE
S214016C101BB1BDE8104014F023BCFFF7C7FF2046A8
S214016C20F7E700BF572A0020094A137830B101332D
S214016C301370084B1B78012B03D87047013B137068
S214016C407047054B1B780BB9FFF7B0BF704700BF05
S214016C505F2A0020612A00205B2A002070B514F00C
S214016C60FBFB124E054633789BB900F0EDFC04465B
S214016C7020B1284614F0F4FB204670BD0C4814F0F1
S214016C80F3F900F089FF0B4B1C6000F0A9FD0A4BDD
S214016C90186000F02BFA15F0D0F9084B00241860A4
S214016CA001232846337014F0DBFBE5E7622A002057
S214016CB0941D0020681D0020901D00206C1D0020E2
S214016CC02DE9F843284A0138135C39B1274F0133BF
S214016CD039781354012904D8BDE8F883013B1354CD
S214016CE0FAE7FFF729FF0128044635D814F0B4FB6C
S214016CF0DFF88480054698F8003013B31C4E3378CD
S214016D001BB9012232701B4A1370DFF8709099F894
S214016D10003023B100F00AFB002389F80030284632
S214016D2014F09EFB012015F086F914F095FB3378DC
S214016D3005461BB100F04CFB00233370002388F896
S214016D400030284614F08CFB3878A042C4D0214687
S214016D50FFF700FF3C70BFE70329F5D10228F3D106
S214016D6015F06FF9F0E700BF5F2A0020612A0020C6
S214016D70572A00205B2A00205A2A0020582A002081
S214016D8010B5044614F068FB002C0CBFFF2101214E
S214016D90064A13780B44DBB21370B3FA83F3BDE8EB
S214016DA01040034A5B09137014F05ABB5E2A002098
S214016DB05D2A002038B514F04FFB094B05461B78B9
S214016DC0012B04D814F04CFB0024204638BD054B9B
S214016DD01C6800F047FB0444284614F041FBF4E726
S214016DE0612A0020681D002038B54160044614F071
S214016DF033FB05462146044814F039F92846BDE818
S214016E00384014F02DBB00BF941D0020054B1B68B5
S214016E105843054B00F5742000F23F20B0FBF3F019
S214016E20704700BF901D002040420F002DE9F04F33
S214016E3085B0EFF3108772B6AFF3008014F0B9F89F
S214016E4000286FD0804EDFF82C82337823B10020E3
S214016E50FFF7EAFE00233370FFF76EFE04460028B4
S214016E6067D0841EE4B2012C6AD9FFF765FE0128BB
S214016E700546764CDFF8009200F28C802078854239
S214016E8040F0C680207800F0D7FA99F8003013B1A8
S214016E906F4B1B782370AFF3008007B962B6EFF330
S214016EA0108772B66B4B1A7852B100221A70684B73
S214016EB020781B78984203D101212170FFF74AFE02
S214016EC0654800F0FBFB14F083F805460028BCD1AA
S214016ED0624BDFF89481187098F80030ABB189F8EE
S214016EE00000DFF88C9199F800301BB100F01EFA13
S214016EF089F80050002015F09EF8002800F09B80CD
S214016F0000F066FA002388F80030337823B10020B9
S214016F10FFF78AFE0023337000212078FFF71AFE60
S214016F2000232370AFF3008007B962B605B0BDE851
S214016F30F08F3378002B98D0FFF776FE347094E705
S214016F40002003A900F008FC044600288DD1D8F8DB
S214016F500030039A9A4205D80120FFF765FE012307
S214016F60337082E73E4B1D6800F07CFA039B0544B4
S214016F709D42F1D200F08EFA8200039942F002029D
S214016F8092B2CDE900422346364A491B324815F0F3
S214016F9059F86AE7344BDFF8C4A093F800B0BBF1A8
S214016FA0000F25D100F046F92078854230D19AF8B5
S214016FB000307BB92C4D2B78002B7FF463AF2B4B25
S214016FC01B7823B900F0ACF90122294B1A70012372
S214016FD02B7057E7022DEDD18AF800B015E0237823
S214016FE0022B25D100238AF800301BF047FA1FE058
S214016FF0207885420CD19AF80030002B3FF442AF3E
S214017000022DD7D100238AF800301BF037FAD1E7DA
S2140170100023DFF848A08AF8003099F8003013B949
S2140170202946FFF797FD9AF800302570002BD6D138
S214017030012DBFD826E7012000F0FEF907B962B698
S214017040EFF3108772B655E7592A0020612A00200F
S2140170505C2A0020552A0020701D00205D2A002091
S214017060681D0020056C01005A2A00205E2A0020B7
S214017070582A00206C1D00205B2A002010B514F051
S214017080EBF90022044B1C781A7014F0E9F900F0B1
S214017090C9FC2043C0B210BD562A002073B5114E5C
S2140170A00446337883420FD04FF400730E4DADF88B
S2140170B0043058B101A8FDF797FA4020FFF7A6FE65
S2140170C02B68181A2860347002B070BD8DF8050060
S2140170D001A8FDF789FA4020FFF798FE2B681844AF
S2140170E0F0E700BFF90C0020CC1D002073B500248A
S2140170F001A88DF80440FDF73DFB2046FFF7CEFFC3
S214017100404A4149136F414803F007030B60D2F828
S21401711000113F4D01F0030101604FF400203D498D
S214017120032B48664FF40030486601F598318969AB
S214017130C1F3400129705DD0D2F8203103F003037A
S214017140981E43424341D2F82421334C02F00702F1
S214017150022A08BF43F001034FF4C8702370FFF7FB
S21401716055FE00222D4B2E4918602E4E0B6801321B
S214017170D2B20A2A46F8040BF9D1034400EBC00048
S21401718003440B602B78284D63B323781D4A3BB923
S214017190D2F8003103F00303591E4B424B412370D2
S2140171A0D2F8003103F00303022B25D0032B26D09F
S2140171B0012B17D1FCF7E8F8024698B11B4B1C4E81
S2140171C0DC6800231946C4F30B04013404EB840481
S2140171D00138E4FB060112F017FAFFF717FE2B68D9
S2140171E003442B601F20FFF711FE2B6803442B601E
S2140171F002B070BD0123A6E7FCF7E0F8DCE713F068
S2140172002BFFD9E700800050D01D0020D41D0020A0
S214017210662A002000900050672A0020981D002052
S2140172209C1D0020A01D0020CC1D002000C0015088
S21401723040420F00074A0849D2F8203103F0030301
S2140172400B60D2F82431054A03F00703136014F0EB
S21401725015B900BF00800050DC1D0020D81D00209D
S21401726008B5104B1A78C2B100221A700E4B1A6F6D
S21401727022F0070242F001021A67D3F8202142F0F9
S2140172800302C3F82021D3F8242122F0070242F09A
S2140172900302C3F82421FCF761F80122034B5A6765
S2140172A008BD00BF652A00200080005000E00050A5
S2140172B00122154B10B55A67144B154C1B7813B3A6
S2140172C0022014F064FFF0B100F076FAD8B1A36D95
S2140172D0D90302D5E36D9A0715D40D4B9B6DDB07D9
S2140172E011D401220B4B1A7014F030FFBDE8104088
S2140172F0094B0A4A1860136F23F0070343F0030390
S2140173001367FCF72BB810BD00D00050672A002089
S21401731000C00050642A0020C81D002000800050D4
S2140173200122014B1A707047652A0020F8B51F4BE1
S2140173301B78002B39D01E4C2378B3B91D4B9A6DA0
S214017340D10302D5DA6D92072FD49B6DDB072CD4BF
S21401735014F0FCFE184B194A1860136F23F007034C
S21401736043F003031367FBF7F9FF14F0EFFE124B2C
S214017370134D1B68134EC01A2B78134F56F8232053
S21401738046F82300111A3A681048521A0A213A6040
S2140173900932B2FBF1F20133DBB20260B3FBF1F268
S2140173A001FB12332B7000232370F8BD672A0020DF
S2140173B0642A002000C00050C81D00200080005034
S2140173C0632A0020A01D00209C1D0020981D00207F
S2140173D008B514F056F8124B12491A6F096822F0D4
S2140173E007020A431A671049D3F82021096822F0D8
S2140173F003020A43C3F820210C49D3F82421096863
S21401740022F007020A43C3F82421094B1B7813B163
S2140174100122084B9A62BDE80840FBF79FBF00BFF8
S21401742000800050D01D0020DC1D0020D81D00204B
S214017430672A002000E0005002280AD003280BD05B
S21401744001280CD1064A136923F00403136130BFE7
S21401745070470020FDF7D4B80020FDF7FFB870474D
S21401746000ED00E0054B187818B1054B186800EBE5
S214017470D000044B1B681844704700BF672A0020E1
S214017480981D0020CC1D00200122014B1A70704768
S214017490672A0020014B1878704700BF672A002032
S2140174A038B514F061FE0025084B094C1A682368AC
S2140174B0C31A2AB123B15169994203D3C91A51613A
S2140174C0206038BD55615B1A9268F2E7E81D00201E
S2140174D0E41D0020C38870B504460D463BB9FFF78E
S2140174E069FC8542064602D214F099FD35460E49DE
S2140174F065610B688BB90C60A3600DE0AD1A9A68E4
S214017500184665616AB113465A69AA42F6D930B17E
S2140175108460521BA3605A6170BD0020F4E70C60C2
S214017520F7E79C60A260F7E7E81D002038B5134D29
S2140175302B685B6993B1124A022014681C4414F04C
S2140175401AFE204600F0BCFA00230E492A680B708A
S214017550D088800709D501230B7038BD022014F0AE
S2140175600AFE022000F0F6FAEEE79268002AF4D04E
S21401757050690344012BEBD9EFE700BFE81D00205B
S214017580E41D0020692A002070B516469DF81420D7
S214017590C0E903360271049ABDF818300260002271
S2140175A004460D468260C380EEB914F0DDFD284422
S2140175B0A0619DB12E4613F04FFF0546FFF770FF01
S2140175C031462046FFF786FF104B1B68A34201D1C8
S2140175D0FFF7ACFF284613F043FF02E0E36865615E
S2140175E07BB9002070BD14F0BFFD3044A061002DB2
S2140175F0E0D1E3686561002BDDD02046216898471D
S214017600D9E7204621689847EBE700BFE81D002030
S21401761000220C490B687BB183420AD183687AB198
S214017620936083681BB15A6941690A445A61002014
S21401763070471A469B68EEE70028EFD00220704795
S2140176400B60EEE7E81D002070B513F00CFF144E3A
S21401765005463478FCB9134B1C60134B1C60134B66
S2140176601C8000F0EBF9012014F085FD14F09EFD5E
S2140176700F4B0246186020B9284613F0FAFE232065
S21401768070BD234640F2E7310A4811F0BDFF0A4BB0
S214017690186001233370284613F0EBFE0020EFE755
S2140176A06A2A0020E81D0020E41D0020D4290020BD
S2140176B0EC1D002018FCFFFFE01D002070B50446FD
S2140176C040B313F0C9FE144E0546FFF7E9FE3068D5
S2140176D0A04209D02046FFF79BFF0446B0B12846DA
S2140176E013F0BEFE204670BDFFF792FF0446002849
S2140176F0F5D133683BB9022000F014FA284613F09E
S214017700AFFE0024EEE7FFF711FFF7E73368002B23
S214017710F4D1F0E72224E5E7E81D002038B50C4651
S2140177200546A8B1A1B100230B7013F09CFE012100
S214017730084B1B6833B913F09CFE002038BD9D42F0
S21401774004D121702278002AF9D0F4E79B68F1E78A
S2140177502220F3E7E81D0020F8B506460F4613F091
S21401776082FE00250446124B1B6823B9204613F0FF
S21401777080FE1B2011E05A691544DA88B2420DD109
S21401778014F0F2FC0B4E3368C01AA8420AD3002349
S21401779020463B6013F06DFE0020F8BDFF2EEFD0B3
S2140177A09B68E2E714F0E0FC33682B441B1AEFE712
S2140177B0E81D0020E41D002008B5074B187848B1E5
S2140177C014F0C4FC054B1B689B69C01A02288CBFC9
S2140177D00020012008BD00BF692A0020E81D002006
S2140177E0014B1868704700BFEC1D0020F8B50C4B24
S2140177F005461B680E4683420FD3002440F2E7304D
S2140178002146084B4FF47A721F680023E5FB0701F7
S21401781011F0FAFE30602046F8BD2120FCE700BFDB
S214017820E01D0020EC1D0020F0B51F46002387B0A8
S2140178300C46164605468DF8133050B30DF113016C
S214017840FFF76CFF9DF813302BBB204605A9FFF709
S214017850CDFFE0B9114BE8831B6828465C434FF423
S2140178607A73B4FBF3F203FB1244191B89B29942F3
S21401787008BF0021BDF83430A983059A02939DF80C
S21401788030301146CDE900733346FFF77DFE07B071
S214017890F0BD2220FBE70220F9E700BFEC1D002027
S2140178A0014B1868704700BFE01D00200F4B10B554
S2140178B01A689AB14FF47A71531E1342A0FB010164
S2140178C00ED1B2FA82F2C2F11F04531CD243E04039
S2140178D001FA03F3184321FA02F20243104610BDDF
S2140178E0002311F091FE0246F8E700BFEC1D0020D0
S2140178F0C2072DE9F04704460BD5474A13880133E2
S2140179009BB21380FFF7CCFD444B1B680BB1FFF70E
S2140179100DFEA3077ED513F0A6FD4FF00009054620
S2140179204E46FFF7BDFDC8463C4F3C680CB1636947
S2140179308BB100223A4B012E1A7003D119F0020FB7
S21401794018BF1E70002C61D0FFF7F0FD2846BDE879
S214017950F04713F08EBD23465A693AB91A79217950
S214017960914288BF1C469B68002BF5D1284613F030
S21401797080FD2569DDB114F0F7FBA269A0EB0209D1
S2140179804FEAE9734D4578EB030311DA2369134493
S214017990A361E368B4F80690013613B12046216866
S2140179A0984713F060FD0546FFF77AFDBDE7A94647
S2140179B013F059FD82462046FFF72AFE504613F083
S2140179C058FD2369002BE4D0A38BB5EB090533B131
S2140179D0E28B13449BB2B3F57A7F0FD2E38313F0A5
S2140179E042FD814629462046FFF774FDA3692269B8
S2140179F048461344A36113F03CFDCAE7A3F57A7326
S214017A00E383A369013D013BA361E8E7022000F09F
S214017A1089F89BE7BDE8F087D4290020E81D0020FF
S214017A20682A002010B513F01EFD034B1C7813F0D6
S214017A3020FD204610BD00BF682A00201FB5002487
S214017A401C4B012118689A880290D3F806009B7A8D
S214017A5000903E20ADF80C208DF80430FCF780FA3B
S214017A6002A88DF808408DF80C40FDF73DF96946EF
S214017A7001208DF80040FDF7F3F84FF0B04240F2D8
S214017A80FF31936923F47F7323F0030393610A4B59
S214017A905961936A13F00803FBD113620120FDF7C5
S214017AA0F9F84FF48052054BC3F880211A6004B0F0
S214017AB010BD00BF904003000020005800E100E028
S214017AC010B5044613F0C8FC4FF0B042936A19078C
S214017AD0FCD4136A116C5269520604D4CA1A032ADA
S214017AE001D899420ED1E21A022A98BFDC1CB4F1E1
S214017AF0FF3F38BF013C4FF0B0431C649A6942F027
S214017B0040029A6113F0ACFC054A13783BB14FF082
S214017B10B041CB6B43F00203CB630023137010BD5F
S214017B20FA0C0020820700F001030AD50121084A59
S214017B3043F0400311704FF0B041CA6B22F00302CC
S214017B40CA634FF0B0418A6922EA03038B6170472A
S214017B50FA0C0020830742BF4022014B5A6170474E
S214017B600010005810B513F07EFC4FF0B0430446E9
S214017B705B695A06074A03F0010003F0510348BF48
S214017B8040F002005361FFF7B3FE2046BDE8104007
S214017B9013F06FBC002000580A4B10B5D3F84032E2
S214017BA003F00303013B012B0BD813F055FC0446ED
S214017BB001210220FFF784F82046BDE8104013F0AB
S214017BC04FBC10BD00800050024A0349034805F02F
S214017BD089BB00BF9C400300B4400300D4400300AF
S214017BE010B50A46044619B1024B00211B68984796
S214017BF010BD00BF100B00200E4B0340B3F1607F99
S214017C0006D1B1F5885F14BF6FF08600002070477B
S214017C10B3F1707F0BD101F4E043B3F5005F06D1F9
S214017C2011F4E06F0CBF6FF08600002070476FF014
S214017C30860070470000C07F8A42F8B506460C46AB
S214017C4000F0DB806F4922F4FF7323F001038B42BF
S214017C500ED06D4B22F0FF01994209D06B4822F4F9
S214017C607F7323F00303834202D0694B994228D1E4
S214017C70684B24F0FF0199420FD114F0FF000BD09E
S214017C80654B40F00070984240F0B98082EA0400EB
S214017C90FF288CBF00200120F8BD5B4B9942ECD039
S214017CA0A3F588539942E8D024F4FF7323F0010327
S214017CB0B3F1062FE1D056488142DED053498B42BC
S214017CC0DBD004F0FE43B3F1A06F14D102F0FE4303
S214017CD0B3F1A06F40F0938082EA040333F47E137D
S214017CE040F08D8014F40040D6D0C4F30540C2F3B2
S214017CF005429042CDE7B3F1407F6AD102F0FE43E0
S214017D00B3F1407F7BD182EA040535F47E1576D146
S214017D1031462046FFF770FF002870D13F4B12F422
S214017D207C1703EA02031BD0B3F1607FC2F3054759
S214017D303FD13B49D3B243F000738B423DD003F1B0
S214017D407E43043B0F2B01D83649CD5C14F47C1FCF
S214017D50C4F3054333D1BD4214BF002001209BE785
S214017D60B3F1607F0DD12E49D3B243F000738B423D
S214017D701DD003F17E43043B0F2BDAD82A49CF5C92
S214017D80D7E7B3F1707FE1D106F4E043B3F5005FC6
S214017D9003D10127C6F302239F4006F4E043B3F55F
S214017DA0005FD3D10125C6F302218D40CEE710270F
S214017DB0BFE7B3F1707FC9D1EFE71025C6E712F42C
S214017DC07C1F01D1AB4218D022047FF565AFBB42C0
S214017DD05FE7B3F1106F12D124F01F6020F470201A
S214017DE068B902F0FE43B3F1106F7FF455AF0F4848
S214017DF0104040F01060A042AEE701204CE70020A2
S214017E004AE700BF00020006001300060004000651
S214017E100009000600030006FF0000020000C07F04
S214017E200300000202410300024103000000FFF6C6
S214017E302DE9F8431746002288461C4600F0A6F9AD
S214017E40054688BBD8F80060B6F8009009F4E04310
S214017E50B3F5804FF36808BF27F0010737EA03033D
S214017E601AD10CB3254B24F0FF029A421FD114F00D
S214017E70FF0304D0224A43F00073934232D02246D5
S214017E8048463169FFF7D8FE074668B92246484694
S214017E907169FFF7D1FE70BB6FF084050023304691
S214017EA0C8F8003014F017FD2846BDE8F883154BD6
S214017EB09A42DCD0A3F588539A42D8D024F4FF73B3
S214017EC023F00103B3F1062FD1D00F498A42CED059
S214017ED00E4A9342CBD004F0FE43B3F1407F04D167
S214017EE02304CCD56FF08605D8E7B3F1A06FF7D0A1
S214017EF0034B9C42C2E73D46D6E700BF000300069F
S214017F00FF00000200130006000900060004000638
S214017F1038B500F0FE43B3F1407F04460D4602D06B
S214017F206FF0860038BDFFF767FE0028FAD114F41B
S214017F307C1F12D0C4F30543032B137022D9284AA1
S214017F402240B2F1607F3DD1264AE4B244F000748B
S214017F5094422BD1102BE5D9E2E7214B2340B3F114
S214017F60607F15D11F49E3B243F000738B4202D103
S214017F7010231370D6E703F17E43043B0F2B04D97D
S214017F80002313706FF08500CCE71749CB5CD3E76D
S214017F90B3F1707FF4D101F4E043B3F5005FEFD1A4
S214017FA00123C1F302218B40DBB2C5E704F17E4415
S214017FB0043C0F2CB4D80D4A125D9342B0D8142B52
S214017FC0B0D9DFE7B2F1707FAAD105F4E042B2F58D
S214017FD0005FA5D10122C5F30225AA40EDE700BF47
S214017FE00000C07F030000020241030002410300BB
S214017FF037B50B4D0C462B787BB100230A4601930F
S214018000014601AB281D13F0F1FD20B9019BA342E7
S21401801018BF6FF0930003B030BD6FF08800FAE729
S214018020F01D002008B500F05FF8064B5A7812B133
S2140180300022C3E90122BDE808400C210148FFF7F0
S214018040CFBD00BFF01D002070B50C4D2B7873B965
S21401805013F0CAFD044668B902230126C5E90100EA
S214018060AE706B7000F038F8044618B92E70002414
S214018070204670BDFFF7D6FFFAE700BFF01D0020CF
S21401808000F100420332022A38B504460D4609D8EB
S2140180902C21104B01FB02339A68824211D06FF0FB
S2140180A08B0010E0012114F0C8FB78B1094B9A68E7
S2140180B0944206D05A6B944206D01A6E9442EED180
S2140180C0583300202B6038BD2C33FAE76FF0870059
S2140180D0F9E700BFFC1D00200122024B002083F8B7
S2140180E084207047FC1D002070B5094C00252646EB
S2140180F00421204614F0B2FB0135204614F0EAF9BB
S214018100032D04F12C04F3D1002386F8843070BDCE
S214018110FC1D0020F8B51B4C064694F884300F462B
S2140181204BB300252346294693F820001A46B8B1DA
S21401813025B91A7912B1022808BF1D460131032953
S21401814003F12C03F0D115B96FF08C0015E0042172
S214018150284614F083FB68B9284614F0BBF92A4672
S2140181600020094B141BA4105C4304F10044033C9B
S21401817034603A60F8BD6FF0880000233B603360DE
S214018180F8E700BFFC1D0020A38B2EBA2DE9FF41A6
S21401819000230B60394B804693F884300D46164613
S2140181A0002B68D0FFF76CFF0446A0B92EB92868EB
S2140181B004B0BDE8F04114F07BBB012E04D00024CE
S2140181C0204604B0BDE8F0810521286804B0BDE86A
S2140181D0F04114F043BB10F18C0FF1D1294601A8F0
S2140181E0FFF798FF04460028EAD101232F68CDE95E
S2140181F00200C7F8088038467B6003AA02A914F07B
S21401820015FC044688B1DDE9020114F00DFC2D6869
S2140182100421284614F022FB284614F05BF914F1D9
S2140182208C0F08BF6FF08704CAE7DDE902123846F3
S21401823014F0DBF80446DDE9020114F0F5FB002C2E
S214018240E5D10221384614F009FB04460028DED1A8
S2140182502868C368D90444BF43F48063C360C36815
S2140182609A0444BF43F40063C360002EA0D0012EDD
S214018270A5D10521AAE76FF08804A1E7FC1D00201F
S21401828030B40D4D2C681C606C685C6000249C60EA
S2140182905468DC6014881C8254885C82D4685C61F3
S2140182A014699C61526930BCDA6119620A4601465A
S2140182B003F124001AF056BC124103002DE9F843DD
S2140182C0232904460F4691469846089E04D86FF027
S2140182D098052846BDE8F883082219491AF00DFCCE
S2140182E005460028F3D1A368002BF0D1216A243F6C
S2140182F08F42C8F80010EAD3B1F5005FE7D271B932
S214018300C9F80000E3687360238A3380638A738048
S2140183106369F360A3693361E3697361D9E7012097
S21401832013F07BFFC9F8000030B1D8F8002004F143
S21401833024011AF017FCE5E76FF08C05C9E700BFCA
S21401834012410300F7B505466B461646164A0C461B
S2140183501068516803C395F82A3008336B4413F844
S214018360087CAB8DDA0609D43346224639462846C0
S21401837014F0E6FB00F5FA7003B0F0BD20461AF0E3
S214018380D4FFAB8D00F10A049B074FEAC40405D065
S21401839030461AF0CAFF04F50C740444E823781E2C
S2140183A0584304FB0700E5E71A4103009022174BE8
S2140183B010B51C68002102FB004420461AF0C7FBDA
S2140183C0134B04F108001B680021DB78637615F077
S2140183D05CFC4FF40063E3842385072384F82A308A
S2140183E01323FF22A385236A84F8242043F0130372
S2140183F0236284F85420074B074A2046C4E91C32FE
S214018400C4E92032BDE8104014F0BEBB841E002033
S21401841058200020D6BE898E55555500F0B5104B14
S21401842002461E6893F804C035464FF0FF34002319
S2140184309C4508DC91B1631C10D0902303FB0460BB
S21401844080F82420F0BD95F8247028469742F9D08C
S214018450FF2F08BF1C4690350133E9E70020F1E7FE
S214018460841E002070B50446234D002842D00830F3
S21401847001F02EFD0026FF2304F1400084F824308D
S214018480E6611AF0CDFE04F144001AF0C9FE04F1CB
S21401849048001AF0C5FE04F14C001AF0C1FE04F1C2
S2140184A050001AF0BDFE2868144B201A00115843DC
S2140184B0C0B214F03CFB0146304614F033FBE06ECC
S2140184C010B100F037FEE666606E18B114F042FB9C
S2140184D000236366A06E14F039FB0023A36670BD0B
S2140184E0286806FB0400FFF7BDFF01342B79A34281
S2140184F0F6DCF4E79026F9E7841E0020398EE3388F
S214018500F7B5044616F0F0FEC0F30F23542B3ED900
S214018510AA2B34BF01230223C0B27E288CBF0222BD
S214018520012203218DF804301344B3FBF1F000EB74
S21401853040001B1A8DF805301344B3FBF1F202EB31
S21401854042029B1A8DF80630002318461D461A462D
S214018550104901AF4B7517F8016B44FA06FC1CF085
S214018560010F06D053009E40012330430132C0B2B2
S214018570D2B20135EDB2032DEDD103B148754B7D75
S21401858043EA82134B75FF230B7503B0F0BD00233E
S214018590C2E700BF841E0020064B1B68D97ADA7832
S2140185A0437E5B1A9342A8BFDAB20021427614F0EA
S2140185B027BB00BF58200020B0F862302BB9836873
S2140185C013F4601F08BFA0F8623011B1012911D061
S2140185D070474369417E23F010034361064B1A68D6
S2140185E0D37A92780B449342D8BFDAB2012142760D
S2140185F014F006BBFFF7D0BF582000202DE9F0414C
S2140186000025344E8AB03379AB4203DC01200AB030
S214018610BDE8F0819023346803FB054494F82430C8
S214018620FF2B0DD0236A980106D504F15008404669
S2140186301AF073FE074628B9226A12F0A06F1ED1FF
S2140186400135E0E7BB7908A90C333B44D8689A7A30
S2140186501B8AC2F38012ADF8243000238DF81F2048
S21401866008901A460DF11F0014F078FA38469DF866
S2140186701F2094F8241008AB15F086FBD7E7A38DCE
S2140186801D2B18D13C23FF210020CDE90431CDE973
S21401869002000121CDE9000004F12E03C2F380227D
S2140186A015F0BDFD0028B2D04FF0A06104F1200006
S2140186B014F016FAC4E712F0807F08BF3C214FF091
S2140186C0000218BF432194F8393094F8240015F0BD
S2140186D0B8FCE7E7841E00202DE9F0411F46C36978
S2140186E004460D4616468BB169B912F0BCFE064625
S2140186F02946A06E14F026FA2046294614F069FA97
S214018700304612F0B6FE0020BDE8F0810029FAD00E
S214018710036A03F01203022B00F0BA80236ADD0716
S21401872000F1BE8094F82430FE2B0CD104F15500E4
S21401873001F094FE01F08AFE28B14FF4800104F1A5
S214018740200014F0C5F9256A614B2B40B3F5807FF4
S21401875000F0B980A8052FD5C5F3802504F12E08B1
S21401876000224146284614F0FDF9002184F8540001
S21401877014F007FA41460022284614F0F8F9A18DB4
S21401878020B194F95400002880F296804FF40071CD
S21401879004F1200014F0A4F9A28D02F00302012ACC
S2140187A00AD14146284614F0E2F928B14FF4006197
S2140187B004F1200014F08CF9236AD90600F18180B7
S2140187C0D4E910122046FFF7BDFD012F0ED040F26E
S2140187D07123E28C5A43904208D9228D5A43904223
S2140187E073D800F51C70B0FBF3F0E084394BE361FD
S2140187F0002384F83930236AE168B4F8625023F420
S214018800803284F83870226221613DB913F0100F6E
S2140188100CBFC8253C25257605F2B3154EB140F2AE
S2140188207121238D42F48032C3EB06134B4322623F
S214018830E363236A43F400232362274B1B68DB7838
S214018840637612F010FE6369074643F0100304F1E5
S21401885008002946636115F018FA012002F0FCFDB4
S21401886028B963691A075CBF43F00403636126B144
S21401887016F076FDE36B0344E363204602F0F6FD53
S214018880384612F0F6FD0121A06E14F05BF93AE7C6
S214018890406C1AF04AFD00287FF440AF0C2033E705
S2140188A0E36E002B7FF43EAF00F0EEFBE06600289F
S2140188B07FF438AF092027E701F0010114F061F9D0
S2140188C06AE7064B93E712201EE745201CE700BF28
S2140188D00001400009CB020058200020158A010043
S2140188E070B500249026094D2B79A34200DC70BD9B
S2140188F0286806FB040090F82430FF2B04D00023E0
S2140189001A461946FFF7E8FE0134EDE7841E0020FB
S2140189102DE9F04F91F806B08DB00BF10C0B044623
S2140189200E46012201EB0B050DF127000AA914F0F2
S21401893024F9824668B19DF827100AAF384600F040
S21401894041FC60B1304612F0FFF800200DB0BDE8E2
S214018950F08FA97A05F10C07C1F38011EEE7E36EFB
S214018960E06695F807900793236A4846298956F8E2
S2140189700BB003F0100803F047FC8344B8F1000F76
S21401898039D1A9F10303012B94BF0323022340F23B
S21401899071225B0002FB03B21D4B1B685B79637699
S2140189A005F11803BAF1000F27D09DF8271094F8A7
S2140189B024E0B8F1000F24D04FF0010CA87AC0F3E0
S2140189C0401095F90550CDE902E0CDE90071CDE9F9
S2140189D004C50121079800F06BFCB8F1000F05D023
S2140189E016F065FC0121204614F0F3F8304612F02B
S2140189F0ABF80120AAE70123C9E7A97AC1F38011E0
S214018A00D5E794F88FC001200CF00F0CD9E700BF12
S214018A1058200020012810B50C461CD0022822D070
S214018A2030BB084614F009FB40F27121E38C228D1D
S214018A3094F82A00D21AE36803F59C53083301FB25
S214018A4002332361FFF75CFD0A4B2046BDE8104068
S214018A50996802F05FBF02F06DFE844208D1BDE85E
S214018A60104016F024BC0846BDE81040FFF794BD40
S214018A7010BD00BF841E002038B50A4D0020FFF748
S214018A80F1FCAB6813B100221A60DA8015F0DAF94E
S214018A9000242B79A34200DC38BD2046FFF786FC74
S214018AA00134F6E7841E002070B52A4C0546A068FE
S214018AB018B112F049F80023A360FFF7DDFF00208C
S214018AC014F039F855B9032025712560E58211F0B7
S214018AD087FF207914F02FF828B970BD02201AF00C
S214018AE00CFDA06048B90025A0682571256060BB13
S214018AF0002014F020F80720EFE700260320257158
S214018B002660E68211F06CFFB542E2DD05EBC50199
S214018B10090133460122032089B211F013FF0646EC
S214018B200028E0D1032011F08BFF20600028DAD066
S214018B30902231466A431AF00AF82379B342C8DD17
S214018B403046FFF733FC0136F7E711F0FDFFA5606D
S214018B50CEE700BF841E002030B5174B826A1B6823
S214018B601206597926D5028F1C79436B1203B2FB84
S214018B70F3F2631AB2FBF3F2B0F89C3003B1013B97
S214018B80D0F8A05005B15B101B02B3FBF2F35B18E3
S214018B900CD090F895200F2A08D91209B3EB820F52
S214018BA0B8BF00234FEA8201A8BF5B1A9C42A8BF48
S214018BB01C46E1B2417630BD58200020084B9A7E13
S214018BC082420AD94FF4A4721B6802FB0030836A02
S214018BD013F0100F08BF002070470020704700BF39
S214018BE09C1E0020084A09491368C31AD810002B96
S214018BF001FB00F005DB937E8342D8BF4FF0FF30C8
S214018C0070474FF0FF3070479C1E0020199C8FC1A3
S214018C1070B504460E4612F026FC3146054604F1B0
S214018C20300014F04EFA2046FFF7DCFF01218140A8
S214018C30054814F046FA4FF4807004F03FFD2846CC
S214018C40BDE8704012F015BCC01E0020F329F8B52F
S214018C5004460D46724E25D1338D63B9A36813F4CD
S214018C60601F00F0BA80238F626B1B01B3FBF2F327
S214018C70F32D9FB22DD1204614F0C4FAB4F89C709F
S214018C80002F40F0B380A36A13F0800F0CBF3E2381
S214018C90082384F877302046FFF75EFFF32D36D1A0
S214018CA0012057E07369590640F18F80836A1A07DD
S214018CB040F18B80336900F14001436015F08AFC76
S214018CC0338D002BCAD0238F626B1B01B3FBF2F3EB
S214018CD09FB2618FB4F89C209BB25B1A9A427EDCED
S214018CE0736994F836019B074CBF0021022116F0E8
S214018CF0AEFB40F2022372699343BCD12046A4F82E
S214018D009C7014F080FA2046FFF726FF0127A36A1D
S214018D101807C5D5628F002AC2D013F4C05FBFD131
S214018D20726912F00C0FBBD140F202239343B7D104
S214018D30D4F8A430002BB3D12046A18F15F0F9FD4D
S214018D40002855DD638F0133984251DC0128A7D0F6
S214018D50013880B2236BA4F87C00590409D54FF47E
S214018D60804104F1300014F0B4F900212046FFF7E9
S214018D704FFFB4F87C20A38F94F870101344A38798
S214018D80B4F89C309B1AA4F89C3094F86F3002FB20
S214018D9001332522B3FBF2F102FB113384F86F3065
S214018DA04FBBA36A1A0702D41E4B1B68984720467E
S214018DB0082115F078FC20460221FFF729FF2046FE
S214018DC0BDE8F840012102F09FBB318D238F626B15
S214018DD000293FF443AF1B0178E7338543E7737FF0
S214018DE0002B86D0032194F8360180E7012752E74D
S214018DF0608F0130ADE7204613F08DFE2046A18F2F
S214018E0015F021FCA36A05461B0702D4054B1B6817
S214018E109847002DCBD02046BDE8F84014F070BA34
S214018E209C1E0020D01E00200022074B10B55A774A
S214018E30202204465A6114F090F984F8360120463F
S214018E4014F0C2FA10BD00BF9C1E0020012810B508
S214018E500C462AD0022830D000283DD191F8953012
S214018E6060F3071381F895300846FFF7DDFFA36A24
S214018E7020461B0716D502F0E1FF042001F084FB13
S214018E8050B3164A937F3BB3D37F0133DBB2D3771C
S214018E9092F821209A421FD8BDE810404FF080601A
S214018EA004F00CBC03F09EF9E7E702F043FC8442B1
S214018EB012D1BDE8104002F0B5BF91F895302046BA
S214018EC0C3F30312013262F3071381F89530BDE84C
S214018ED01040F321FFF7BABE10BD00BF9C1E002054
S214018EE010B501F0B1FBFB22114B10F0020F1A77FF
S214018EF00CBF012203224107197E48BF42F004023B
S214018F0062F3030119761A7EC2F3030161F30712B5
S214018F101A764FF4417100221984DA76DA835A629E
S214018F201A611A85034BBDE810401B68184700BF3D
S214018F309C1E0020C81E00202DE9F8434B4C054618
S214018F40A06818B111F000FE0023A360022011F002
S214018F5047FD5FFA85F8002013F0EBFD404614F05C
S214018F6018F90646002868D1404614F01DF9074650
S214018F70002862D1002D75D005EB850105EBC101F6
S214018F80C90033460122022089B211F0DBFC002819
S214018F9050D14FF4A479022084F81A8011F050FDC4
S214018FA009FB05F731463A46206019F0D0FD3246F6
S214018FB02368681E03EB0901824233DB002DA7F507
S214018FC0A4724FF00001D8BF002299502846636072
S214018FD013F0AFFD88BB404614F0CDF868BB4046A1
S214018FE014F0CFF8074640BB002D16DD02201AF01C
S214018FF084FA0223A060C37183793946C3F1020261
S2140190000C33D2B2184419F0A2FD0121A3689A7953
S21401901013441A7B61F301021A73FFF761FF3046AE
S214019020BDE8F88309FB02FC013243F80C1001F598
S214019030A471C1E7C4E90077A7760025002014F0E3
S214019040A8F8002014F0B0F82846C4E90055A57623
S21401905014F091F8284613F06CFD022011F0C0FCC4
S2140190600726DCE72B46A5762560AFE79C1E002089
S214019070014B987E704700BF9C1E0020014BD87E96
S214019080704700BF9C1E0020F8B5284D12F0EBF982
S2140190906C681CB912F0EDF92046F8BD4FF4A476C1
S2140190A0012723686B60EB7E0133EB7612F0E1F962
S2140190B032460021204619F04AFD04F128004021DD
S2140190C0676113F0FEFF2B8B0722A4F8443194F856
S2140190D03731002167F3030384F837314FF6FF7306
S2140190E0A4F87A302B7FA4F8866084F8423144F2E3
S2140190F09023A4F8403194F8853004F1080062F317
S214019100030384F885300A4BC4F8883003F1CE5344
S21401911003F59813C4F88C3041F61B33A4F890304D
S2140191201B2384F8923014F0B0FDB5E79C1E002096
S21401913048014801F8B50446002615F063FC04F121
S214019140A4001AF06DF804F1A8001AF069F804F109
S214019150AC001AF065F804F1080000F0B9FE04F15D
S214019160A0001AF05DF8154B20461B68984720466C
S214019170C4E90A66FFF736FDC5B2284613F0D3FCEC
S2140191800746284613F0D1FC0146384613F0CAFCC0
S21401919012F069F905464FF4A4723146204619F0DB
S2140191A0D6FC074B28465A682260DA7E5C60013A94
S2140191B0DA76BDE8F84012F05CB900BFCC1E00209C
S2140191C09C1E00202DE9F04106464FF480400F46D4
S2140191D001F0DAF9044630B90E4B1D6893F81A808F
S2140191E07135A04502D80020BDE8F08155F8493C0C
S2140191F0DA0609D5C3F38003BB4205D10622294608
S214019200304619F07AFC18B1013405F5A475E8E783
S2140192100B20E9E79C1E002008B5B0F894305A1CD4
S21401922062F30B03A0F89430042001F0ADF970B19D
S214019230074A937F0133DBB2937792F820209A4254
S21401924005D8BDE808404FF0806004F037BA08BD85
S2140192509C1E002038B58B7905460B449B7D0C4639
S21401926003F00303032B09D101212C3013F029FF4E
S2140192704FF4006105F1280013F023FF214605484D
S214019280A5601AF05DF8BDE838404FF0005004F0D4
S21401929015BA00BFA81E0020014B1877704700BF03
S2140192A09C1E0020014B187F704700BF9C1E0020AB
S2140192B02DE9F74F1D4616462A4604469DF83830D6
S2140192C09DF83C8080F89B3052F8103B0F46C0F862
S2140192D0283100F14401B8F1000018BF0120DDF883
S2140192E030A09DF840909DF834B003F001FF204671
S2140192F015F0D2F9204613F059FF16F0AEF849469C
S2140193000246204613F04CFFC82320460DF1060105
S214019310ADF8063013F037FF47F6FF73A4F8303187
S214019320AB88A4F82C31AB7984F82E31DAF800300A
S214019330C4F87130BAF8043004F1280AA4F875307C
S214019340BBF1000F03D00421504613F0BAFEB8F16A
S214019350000F04D04FF40051504613F0B2FE4FF404
S214019360607001F011F9C0F3C018C3054FEA881800
S21401937048BF48F08008810548BF48F4807812F05D
S21401938072F883464FF48261504613F09AFE4146C6
S21401939004F12C0013F095FE584612F06AF8BB1E35
S2140193A0012B7AD84FF40021504613F08AFE012192
S2140193B02046FFF72DFC0421204615F074F96B7D3D
S2140193C02046C3F3040384F870306A8907F0FD076A
S2140193D052006263697B2A7B42EA01226287E97B4B
S2140193E0AA7B42EA012222876A7D84F86F30C2F3A3
S2140193F0421284F83E2000220523A2870122A4F807
S2140194009C30A4F87C209DF9441013F0D4FE01F0A2
S21401941015F920F40060C4E908012046FFF79CFB1B
S2140194203A4A3B4BB2F82880B8F1000F68D1002FBA
S21401943038D140F2C7186660E3612046166113F022
S21401944051FEB9F1010FE0600AD094F83731204699
S21401945069F3030384F8373109F00F0114F02CF88F
S21401946004F10800414614F010FC012001F0F4FF5D
S21401947028B963691A075CBF43F00403636140F2CD
S21401948071216B892046013B594313F04AFE204661
S21401949001F0ECFF03B0BDE8F08F012F87D140F259
S2140194A0014185E74FF4D778E36140F271272B89B4
S2140194B040F608015B0007FB03665046666004F150
S2140194C0400613F0FEFD3146204615F083F82B8941
S2140194D0314601335B0020467B4304F1340201F040
S2140194E0C1F8EB7931465B00012220467B4315F03B
S2140194F077F8236C20469E0813F0F4FD3044A0E76D
S2140195006660E361002FD0D197E700BF9C1E002064
S2140195104D8E010070B51D46C36A04461B071646EC
S21401952013D408212C3025F4105513F0CAFD25F06C
S2140195301005064B2D0433402D0C2046C4E9083592
S214019540BDE870404021FFF763BB70BD2FCF87F7A2
S2140195502DE9F04F85B004460191084689B34B7951
S2140195609A071FD419F0E1FE019D70B96B79DB07EC
S21401957005D54FF4803104F1280013F0A2FD01A8AF
S21401958019F04EFE05B0BDE8F08FA36ADF0309D5DA
S2140195904FF4803104F1280013F09BFD6B7943F002
S2140195A001036B71019E11F05EFF737931469E07D0
S2140195B005461ED504F1AC0019F0D1FE284611F07F
S2140195C058FFDFF8909111F04EFFA36A0746DD05BC
S2140195D014D5D4F8AC3043B19A7913441B7B392B9C
S2140195E003D829FA03F3D80711D4384611F041FFFE
S2140195F0C8E704F1A80019F0A3FEDFE794F94631A5
S214019600022BF2DCD4E92A2372B9002BEDD004F147
S214019610AC0019F023FE0546384611F02AFF29460C
S214019620204614F0F7F8CEE7002BF0D194F892809C
S214019630039304F1A80BD4F8A86096F807A0B379B1
S214019640AAEB030A5FFA8AFAC24527DC584619F0E4
S21401965064FE0546A8EB0A086B7929466FF3C30337
S2140196606B7103A819F06CFED4F8A8302BB15B79A6
S214019670990702D1B8F1000FDDD1039B002BB4D0BE
S2140196809B79022B40D8002019F037FF014670BBAA
S214019690039904F1A80019F062FEA6E7002019F06C
S2140196A02CFF054630B9039904F1A80019F057FEBE
S2140196B003959AE78079B1790C300C3142463144F2
S2140196C0284419F04FFAEB7953FA88F3EB71B37922
S2140196D0727953FA88F3B3716B794FF0000862F32D
S2140196E000036B7173796FF300037371B4E7039B27
S2140196F04A79587960F300024A715A7903A86FF3E0
S21401970000025A7119F026FEE36A9A0512D50398EB
S214019710034600680028FBD1DB79C3F14503DBB2C1
S214019720032B07D819F0E9FE01460028B0D003A89C
S21401973019F006FED4F8A83013B15B79DB0704D51F
S214019740039A537943F008035371384611F091FE9A
S214019750039965E77C2C020070B5036B0446DA07B3
S21401976086B033D5866A330723D516F4002F14BF87
S214019770032501252046FFF735FA94F89B30294644
S21401978005930023049394F83E30C6F380020393B6
S214019790238F80B20293638F0193636BC3F34F03EE
S2140197A0009304F1710314F03AFD30B9002006B0BD
S2140197B070BDB50C05F00205DCE7012104F13000AF
S2140197C013F087FC4FF4005113F07BFC236B9804D5
S2140197D010D52046FFF706FAA16AC0B2C1F34031A0
S2140197E014F0EBFA0028E1D04FF4005104F13000F8
S2140197F013F06FFC236BD90409D500212046FFF72F
S214019800A7FE4FF4805104F1300013F062FC236B85
S2140198105A0512D52046FFF7E5F9002394F89B5028
S214019820C2B21946284614F00CFC0028BED04FF4EC
S214019830806104F1300013F04CFC236B5B0711D5FB
S2140198402046FFF7CFF9616B238F628FC1F34F017B
S21401985080B214F0C4FC0028A8D0042104F1300022
S21401986013F037FC236B1E0709D5204615F04FFA77
S21401987000289BD0082104F1300013F02AFC236B4A
S214019880DD0618D52046FFF7ADF9E16A80B211F47E
S214019890805100F0C580002114F036FD002885D0E7
S2140198A04FF4805104F12C0013F013FC102104F145
S2140198B0300013F00EFC236B580615D52046FFF733
S2140198C091F994F8773080B20093D4E9082314F024
S2140198D0FEFC00283FF46AAF0023402184F877306D
S2140198E004F1300013F0F5FB236B190516D520465D
S2140198F0FFF778F900230093B4F89830B4F896206F
S21401990094F89A1080B214F018FA00283FF44EAF7B
S2140199104FF4006104F1300013F0DBFB236B13F40A
S214019920804532D19A0516D52046FFF75BF994F8A3
S214019930371194F8772001F00F0180B200F0F8FC9F
S21401994000283FF433AF4FF4007184F8775004F1E8
S214019950300013F0BEFB236B1B0616D52046FFF71F
S21401996041F9B4F88C3080B2009394F89130B4F891
S2140199708A2094F8901014F0F9FC00283FF416AFF2
S214019980802104F1300013F0A4FB236B9E0612D550
S2140199902046FFF727F994F8771080B214F0CBFC35
S2140199A000283FF403AF0023202184F8773004F128
S2140199B0300013F08EFB236BDD0508D504F1300073
S2140199C04FF4807113F085FB204615F035F8236BB4
S2140199D0180408D504F130004FF4004113F079FB68
S2140199E0204613F065FD236BD90308D504F130003A
S2140199F04FF4803113F06DFB204613F0CCFB236B44
S214019A009A0308D504F130004FF4003113F061FBDE
S214019A10204613F0CEFB236B9B0704D40120C6E639
S214019A2014F089FC3AE700222046114613F0BFFBEA
S214019A30204613F0BEFB2046FFF7D4F894F87710C3
S214019A4080B214F02EFD00283FF4B0AE022104F1DE
S214019A50300013F03EFB2046FFF76CFB014B1B6802
S214019A609847DBE7C81E0020F8B50023124A02F12A
S214019A70240151E8004F41E80035002DF7D10127B8
S214019A8034B9BDB10D48294613F01BFB2046F8BD7D
S214019A9094FAA4F0B0FA80F007FA00F624EA060475
S214019AA0FFF78CF80028EBD0FFF756FE0028E7D129
S214019AB03543E5E70120EAE79C1E0020C01E002092
S214019AC02DE9F74F04460190002860D0C5794FF084
S214019AD000080C35054411F0C6FC464600904FF4CC
S214019AE0A47A40462B4FBA7E5FFA88F94A4517D9C1
S214019AF00AFB09FB3A685A44916ACB0644D5B2F888
S214019B009420C2F30B02002A3ED0E279C2F145024C
S214019B10D2B2032A15D8022019F0EFFC044640B948
S214019B2000230098FB8311F0A4FC304603B0BDE887
S214019B30F08F014601A819F003FC0020E5790C35E9
S214019B40254404220123002112FB003305F820904E
S214019B50E9543B6802FB005C5B44B3F89430013681
S214019B608CF80230032312FB0032A9543B68013003
S214019B705B44B3F89420C0B261F30B02A3F89420BF
S214019B80E379F6B20433E37108F10108ABE7064660
S214019B90CBE700BF9C1E0020F7B5684603F09CFA91
S214019BA000254FF4A477124EB37EAB4201DC03B01E
S214019BB0F0BD346807FB0544A36A03F01803102BB5
S214019BC013D10522694604F1450018F096FF60B1ED
S214019BD00121204614F051FF38B9012019F08DFCFF
S214019BE0014610B1204601F00DF90135DCE700BF52
S214019BF09C1E00202DE9F74F11F035FC424BDA6828
S214019C0000920022DA6011F034FC009B13B903B015
S214019C10BDE8F08F684619F021FB8279876802F16A
S214019C200C04044401460190A07A0A3210F0200F79
S214019C3014BF0320022002448A71FA6A52050FD526
S214019C40E07AA27A42EA0022384613F0D1FF38B908
S214019C5001A819F0E5FA3D21384613F0BBFED4E71A
S214019C60BA6A94F80AB012F4007201990BF0030074
S214019C7013D003288A79EBD10A44127B392AE7D814
S214019C80224B23FA02F2D307E2D54A79384642F04C
S214019C9002024A7100F0BEFDB7E70328F5D0487905
S214019CA00BF0030B62F341004871084694F80690E6
S214019CB094F905A019F039FB019D0646AC793846A2
S214019CC0063CE4B2AC71FEF78DFF0C34C0F30323FF
S214019CD005EB040843EA0B1388F803302B46F6B26B
S214019CE088F80200A8F8046005F804A088F8019036
S214019CF05A796FF341025A711B68002BF8D1284636
S214019D0014F072F881E700BF9C1E00207C2C020034
S214019D10002370B50D46D1688AB009BA0291C178A0
S214019D20C66861F30703817836BA61F30F23417879
S214019D3006AC61F317439168069609BA03918168E8
S214019D4009BA07915168126809BA12BA04910592C4
S214019D500178426861F31F6312BACDE908232346EE
S214019D608022012002A9009411F05CFE0028F6D1A1
S214019D70DDE90810DDE9063200BA09BA12BA1BBAE3
S214019D8028606960AA60EB600AB070BDF8B5044649
S214019D900026084F0CB90748F8BDA179E579B8192E
S214019DA06D1AEDB20C3121442A4618F0DBFE2E4422
S214019DB02468EFE7D81E0020F8B504460026084FB1
S214019DC004B9F8BDA079E579B9192D1AEDB20C30B0
S214019DD020442A4618F0C6FE2E442468F0E700BF49
S214019DE0D81E0020104B1A7842F0F0021A701A7C26
S214019DF042F0F0021A7493F8202042F0F00283F841
S214019E00202093F8302042F0F00283F8302093F8B7
S214019E10402042F0F00283F8402093F8502042F0B0
S214019E20F00283F850207047E81F00200368054AB7
S214019E3023F07F6323F4002302EAC1421343036045
S214019E40704700BF0000F80FF8B54488054604F0D7
S214019E500704072C1C4E28D111F005FB0022110126
S214019E60735C06EB02171B090F2B0AD00132062A78
S214019E70F5D1164A13880133138011F0FAFA192026
S214019E80F8BD2B6894B27B801123735411F0F1FA5C
S214019E9015F066FA06EB0413D8602B68002023F44D
S214019EA0E02343EA04432B60EAE72301F15CC1F3B4
S214019EB00312013202F00F02052A28BF002262F3C4
S214019EC00711F154E4E700BFE81F0020D62900205F
S214019ED038B54488054604F00704072C0FD011F066
S214019EE0C2FA074A2401135D43F0F00313552B68A9
S214019EF043F4E0232B60BDE8384011F0BABA38BD10
S214019F00E81F00202DE9F0474588074605F00705BC
S214019F10072D894637D01D4C4FEA051814F80860FE
S214019F2015F01EFA04EB051ADAF80C30360906EBC2
S214019F30C506C01A04EB4606708014F8083003F014
S214019F400F02042A9EBF013262F3030304F80830AD
S214019F50B9F1030F14D114F8081004EB0514A01C72
S214019F6001F00F0115F011F9044611F07CFA3A6878
S214019F70074B134023433B60BDE8F04711F079BA25
S214019F804FF6FF74F1E7BDE8F08700BFE81F002039
S214019F900000FF7F064A08B59268824207D04279E0
S214019FA022F0030242F00302427103F0EFFB08BD08
S214019FB04820002010B5064C204619F031F9201D26
S214019FC019F02EF904F10800BDE8104019F028B97F
S214019FD04820002010B5022019F08FFA034C60606B
S214019FE0022019F08AFAA06010BD00BF48200020A8
S214019FF008B5FFF7DFFF0022024BDA60BDE8084034
S21401A000FFF7E8BF48200020014B5868704700BFA3
S21401A01048200020014B9868704700BF4820002068
S21401A02038B50C4CE3681BB1E36898470023E3603E
S21401A03023686BB1074819F011F9054640B123684A
S21401A0401BB14FF0004003F039FB284614F042FAEA
S21401A05038BD00BF4820002010B5084CE0604FF026
S21401A060004003F02BFB00BF00BF00BF00BFE3684A
S21401A0701BB1E36898470023E36010BD4820002029
S21401A08038B58379044603445B7B13F0300F43797C
S21401A09023F0030308BF43F00103437111F0E3F912
S21401A0A005462146054819F04BF94FF0004003F0EC
S21401A0B005FB2846BDE8384011F0DBB948200020F2
S21401A0C010B5084C6068837918440F3000F08AF99F
S21401A0D00023A0681A46BDE810404FF6284113F049
S21401A0E0E2BD00BF48200020242816D80F2805D836
S21401A0F002280CD8B0FA80F040097047084B103897
S21401A10080B2C34003F0010383F0010070470538B5
S21401A110012894BF0020012070470120704700BF2E
S21401A1202D2011002DE9F04F95B0FFF76DFF42F29B
S21401A1303603867905460C3630F80680841998452C
S21401A1400ED1FFF761FF022119F041F87F22A378B3
S21401A1500233A370AA550023202223776270637707
S21401A1600121E078FEF75AF900230646002800F0A0
S21401A170D780CDE91233237AE2888DF84A30E37A24
S21401A180ADF848208DF84E30A388B4F8092013F0B6
S21401A1901000ADF84C2003F0050306D093B1E37D23
S21401A1A0012B51D00025122614E07BB3E37D657E9A
S21401A1B0012B37D16B1EDBB2022B09D800F044FA13
S21401A1C0012338E04FF48043DDE91212914220D991
S21401A1D000251126FFF71EFF012332464146ACB289
S21401A1E013F061FD002DCCBF0534053C24B2002ED2
S21401A1F040F099800A2394FBF3F4E4B2FFF70AFFD8
S21401A200C3791844C47215B0BDE8F08F4FF6FF73DA
S21401A210DAE71F29DCD99A42DAD8E37D657E002881
S21401A220BED1C5E7032BD3D16B1EDBB2022BCFD831
S21401A23000F00AFA04230342CAD0032D08BF0425FE
S21401A2402840C0B20028C3D0E07812F077FC20B1D5
S21401A250A088FFF749FF0028A4D0344A237F12784C
S21401A260002A54D0042B9DD8637F042B9AD8A38848
S21401A270DB0653D415F0F1F80121C822084002F09C
S21401A280A5FD94F91630B4F804E003EB8303B0EBB4
S21401A290430F4FEA4302637B677E0F93A37BE188FC
S21401A2A0109304F10F031193637F94F80C9094F8C4
S21401A2B015A094F818B00546E07DC8BF15B2B4F8ED
S21401A2C009200C93237F03280B93E37E08BF042009
S21401A2D0032F08BF0427003B18BF01230A93A37E60
S21401A2E01FFA85FCCDE90873119BCDE9060B029395
S21401A2F0109BCDE904ACCDF80C9001930F9B304632
S21401A30000935FFA8EF312F0CEFC064662E7002B4E
S21401A3107FF45EAF637F002BA9D059E70020ABE73F
S21401A3200546072656E7002468E700BF6B2A00208B
S21401A330F8B5074601200D46164619F0DEF8044624
S21401A340C0B106220C2113F0C1FC691EC9B2032953
S21401A35088BF0022A37998BF074A03F10C0398BF70
S21401A360525C234420469F80DE70DA719A71FFF7B3
S21401A37011FE0120F8BD00BF22410300F8B5FFF72A
S21401A38043FE83791844B0F80F60B0B2FEF716FCAE
S21401A3900446C0B113F0F8F90138C0B2032814D846
S21401A3A000270B4B1C5CFFF735FE054604233A4697
S21401A3B042F2300113F077FCAB790C33E818C68013
S21401A3C004724472F8BD0227EDE700242746EAE747
S21401A3D022410300024B1A6802609B888380704703
S21401A3E0732A002013B50D4C28B1036823608388B7
S21401A3F0A38002B010BDFAF7ADFCCDE900019DF8CF
S21401A4000230BDF80020A370BDF805302280A4F804
S21401A41003309DF807306371EBE700BF732A002015
S21401A42010B5044611F01FF82268064B1A60A28880
S21401A4309A80054A137843F00103137011F019F856
S21401A440012010BD6D2A00206C2A0020024B1878CE
S21401A450003818BF012070476C2A0020024B1A688A
S21401A46002609B88838070476D2A0020024B186922
S21401A47008B103F023B97047480F0020002310B538
S21401A4803C4A02F1100151E8001F02F1100C4CE8A1
S21401A4900034002CF5D140EA0104A10201D501F0F7
S21401A4A04FF8220101D502F053FB002C01DAFFF729
S21401A4B0B7FD630001D513F0F2FBA00001D5FFF74D
S21401A4C099FBE10007D5FEF799F820B94FF08051C6
S21401A4D0294814F052F8620107D513F020FA20B982
S21401A4E04FF08061244814F048F8A30105D514F014
S21401A4F0ADFFFFF751FB12F026FBE00108D512F085
S21401A5003EFE072804D14FF080711B4814F035F841
S21401A510610201D512F011FB220201D512F001FBF6
S21401A520E30207D512F029FE20B94FF48011124834
S21401A53014F023F8A00507D500F03AF920B94FF436
S21401A54000710D4814F019F8E10507D5FFF78CFAEC
S21401A55020B94FF48071084814F00FF8620503D54E
S21401A56013F09FFB13F09EFB230501D514F00DF8A5
S21401A57010BD00BF480F0020580F002001460148BB
S21401A58013F0FBBF480F0020014B1B6818407047B3
S21401A590480F002010B5044BD3E9064204430A4392
S21401A5A0C3E9064210BD00BF480F002070B51E4D1E
S21401A5B004462B68002B03DAFFF71AFD002031E072
S21401A5C04CF20C000021FFF7E5FF0023174E336025
S21401A5D024B163682B60A36803B133604FF0004079
S21401A5E0FFF7CCFF33680BB9114B3360114B1248A0
S21401A5F0AB6000232B7310F0E3FAFFF7F3FB204662
S21401A600F7F79EFD70B92CB1B4F90E10B4F90C0031
S21401A61001F028FE14F025FF02F02CFD02F0BAFC32
S21401A6200028C9D070BD00BF480F00205820002068
S21401A630FB0C00206DA401004C0F0020014BD3E958
S21401A64006017047480F0020054B9B69DA054CBF91
S21401A650032001201B0548BF40F00400704700BFDF
S21401A660480F0020F8B517461C460D46064602F070
S21401A670AFF91C4BBA7A1C4953F8222053F8203004
S21401A6808C421A4424D9194B9C4214D9184B013CCC
S21401A69093FBF2F3002BB8BF03339A1004EBA30429
S21401A6A0B4FBF2F371682A68A1EB930102EB430253
S21401A6B071602A60F8BD0F4B0F49A3FB04435B0989
S21401A6C002FB03F303F6C313A1FB0313DB0AE9E75B
S21401A6D002FB04F3094A03F574338F33A2FB032309
S21401A6E01B0CDFE7644103004C621000136666062C
S21401A6F040420F001F85EB515917B7D183DE1B432C
S21401A700024B1A6802601860704700BF6020002084
S21401A7100022024B1A6000F0FBB900BF6020002047
S21401A7202DE9F843064612F089FD0446002835D087
S21401A73045784DB910F097FE237863701B4B1B6864
S21401A7402570636010F095FE4FF00108677837B901
S21401A75023781BB34FF4007002F0B0FF1EE097FAA7
S21401A760A7F5B5FA85F508FA05F55FFA85F9636880
S21401A77033B90E4B27EA050565701B686360E5E78C
S21401A7809B681BB963681B686360F0E749463046FF
S21401A7909847012805D163681B6863600120BDE8FE
S21401A7A0F8830228EED10020F9E700BF60200020E0
S21401A7B070B500250D4EFEF75BFCA84201D80120BE
S21401A7C012E03068FEF7FAF950B93468FEF750FC2B
S21401A7D00134B4FBF0F303FB104401353460EAE7BF
S21401A7E0FFF79EFF0028F0D170BD00BF5C2000205F
S21401A7F010B50446837903441B7B392B96BF044A64
S21401A800FF21D15C18F0E3FCA0790C30204410BD88
S21401A810264103002DE9F34105460C46019112F04D
S21401A82000FD830605D501A818F0FAFC02B0BDE8C4
S21401A830F081019FBE790C36BB5D392B18D8164ABC
S21401A84012F80380B8F1FF0F12D0384618F06DFDEC
S21401A850013840450CD1114B1E6896B92146284651
S21401A860A37923441A7B02B0BDE8F04113F07DBF03
S21401A870019818F0D5FC2846BA5D019913F075FFCA
S21401A880D4E773680BB93668E7E721462846984748
S21401A8900028F8D0CAE700BF264103006020002048
S21401A8A037B504460D46202112F0BDFC2946204648
S21401A8B012F023FD2146012013F0FEFF2146002061
S21401A8C013F0FAFF012000232146034A009013F0FB
S21401A8D084FF03B030BD00BF43E6020073B50C46EB
S21401A8E01646054614F05AF980F001002946C0B212
S21401A8F012F08EFCC368012C9A7907D032462146A5
S21401A900284602B0BDE8704014F04EB91344102238
S21401A910DB8A294600920020024A13F05EFF204699
S21401A92002B070BDA9EB020037B5044614F076F903
S21401A9300321204612F092FC002503462146012001
S21401A940034A009513F049FF284603B030BD00BF07
S21401A9508FEA02002DE9F347074602200E4618F05B
S21401A960CCFD0546002846D0B37900210C3333448C
S21401A970B3F80480B3F806A0B3F8089013F0ABFE62
S21401A9802846FFF735FF02210446384612F066FCDA
S21401A990A4F804806081A4F806A0A4F8089014F036
S21401A9A0A3FC08F10108B0FBF8F303FB180002232F
S21401A9B060806370AB79B371EA7903F10C00F271D0
S21401A9C0D21AD2B22918304418F0CCF839460120F0
S21401A9D012F01EFC1022C6606389394601200092DF
S21401A9E0064A13F0FAFE3846294613F072FE002096
S21401A9F002B0BDE8F0870720FAE700BFA9EB020026
S21401AA002DE9F34104460D460146012012F000FCF3
S21401AA1001210746284613F05EFE2846FFF7E8FEAA
S21401AA20064600F10108404602F056FBD6F8013012
S21401AA300221C7F8123073792046BB7512F00EFC5E
S21401AA4029460746F080204613F043FE2023214680
S21401AA50009301203B46034A13F0BFFE002002B0DC
S21401AA60BDE8F08175EB02007FB504460D46014650
S21401AA70012012F0CDFB50E8003F43F4806340E82C
S21401AA800036002EF7D1204614F088F8D8B32046B9
S21401AA9012F0CCFB430715D53346324620460DF15E
S21401AAA00F0112F058FE9DF80F30062B0AD82846E3
S21401AAB010F04AF8012200232046FEF72BFD002065
S21401AAC004B070BD0E21284613F005FE2846FFF798
S21401AAD08FFE0646FFF7B2FDC6F80510FFF7AEFD7E
S21401AAE02946C6F80100204613F0F3FD032120464F
S21401AAF012F0B4FB00220346009221460120034ACD
S21401AB0013F06BFEDBE70821DDE700BF93EA0200E6
S21401AB1010B5054C054A2046054913F0A9FF204605
S21401AB20BDE81040FFF7ECBD642000205BEC02009E
S21401AB309DAC0100F7B58B7904460C33CE18CB5C7F
S21401AB400D46023B0F2B00F2A080DFE803F0089EC3
S21401AB509E9E9E739E829E9E2C689E9E9E4F10F089
S21401AB6082FC71780746204612F0C7FB202120465A
S21401AB7012F059FB2146012013F09EFE21460020CB
S21401AB8013F09AFE01230093002321461846404AFB
S21401AB9013F023FE28460FF0D7FF384610F069FC65
S21401ABA0012003B0F0BDB3887288717812F0B9FD48
S21401ABB0204612F03BFB830708D42946204614F0B2
S21401ABC02DF80121204613F06EFDE9E7214601200C
S21401ABD012F01EFB2F4B82689A4203D121460120B8
S21401ABE013F03AFE28460FF0AFFFEAE777780846FB
S21401ABF0B6780FF0A9FF162F05D13246032120465D
S21401AC0014F0C4F9CCE72146012012F001FB836859
S21401AC10002BC5D03246032120469847C0E701469F
S21401AC20012012F0F5FA0746284676780FF08CFFD9
S21401AC30BB68EDE70146012012F0EAFA074628460E
S21401AC4076780FF081FFBB68002BA9D0324604212D
S21401AC50E2E70146012012F0DBFA0F4B82689A42C6
S21401AC6003D028460FF070FF9AE7D6F80120D6F8F1
S21401AC7005302046FEF74EFC28460FF065FF2146BC
S21401AC80012013F0E9FD02219CE7002089E700BFBF
S21401AC9011EC02008FEA020093EA02002DE9F3416B
S21401ACA00C46054613F07AFFA37900286BD00C33C7
S21401ACB014F80380E618B8F1010F41D0B8F1080F77
S21401ACC039D0B8F1000F51D17189284613F073FDC0
S21401ACD0B188738872788B4294BF0746002709298A
S21401ACE00B4638BF0923013B9BB29A420FD8002A74
S21401ACF008BF00270846F388328913F07BFC40B969
S21401AD0020460FF021FF012002B0BDE8F081474642
S21401AD10F0E7002FF4D02946002012F079FA10222D
S21401AD20C46073890092013B1B4A9BB229460020EE
S21401AD3013F053FDE7E72146284613F0CDFEE2E780
S21401AD402846F18813F037FD0746701C14F097FB70
S21401AD500028D5D0002FD3D02946002012F058FA6B
S21401AD602023C4600093F3880C4ADFE72146284677
S21401AD7014F0F9F90028C6D12146284602B0BDE8EC
S21401AD80F041FFF7D7BE23441B7B0E2BD3D02146C1
S21401AD90284614F0D7F9EDE7DDA801002DEB0200F7
S21401ADA038B504460D4612F041FA42070BD4204648
S21401ADB012F03CFA830706D429462046BDE83840FF
S21401ADC0034A13F0EABD28460FF0BEFE002038BD48
S21401ADD029A9010038B505460C4612F022FA00F002
S21401ADE01800102806D121462846BDE83840044AF6
S21401ADF013F0D3BD20460FF0A7FE0C2038BD00BFD0
S21401AE0055A90100014A13F0C8BD00BF01AA0100FF
S21401AE1070B505460C460146012012F0F9F90646C2
S21401AE20284612F003FA020704D520460FF08CFEDE
S21401AE30002070BD33685B05F7D4284613F0AEFEDC
S21401AE4040B121462846FFF7ABFF18B918F055FB6D
S21401AE50044630B121462846BDE87040024A13F048
S21401AE609CBD0720E5E700BF69AA010073B504464B
S21401AE700E4612F0D6F900F0300010284FF002000E
S21401AE8031D118F03AFB054678B34379022143F0F5
S21401AE900203437113F01FFC2846FFF7A9FC29465D
S21401AEA04670204613F015FC1621204612F025FAAE
S21401AEB02021204612F0B7F92146012013F0FCFCB0
S21401AEC02146002013F0F8FC204613F09BFD0121DB
S21401AED0204612F0C3F90346012021460090044A99
S21401AEE013F07BFC002002B070BD0720FBE700BF1B
S21401AEF0BDEA0200F0B589B00D46044613F0C8FE5F
S21401AF00AB79002800F0A3800C33EA18EB5C033B16
S21401AF10082B00F23881DFE813F00900360136010C
S21401AF2084003601360136015D007E00D2F801004C
S21401AF30D2F8051003ABB2F8097003C302F113038C
S21401AF4001210B32204612F09BFD0421284613F006
S21401AF50C2FB2846FFF74CFC06460C2105A802F06A
S21401AF602DF805AB03CB3346C6F80100C6F805102D
S21401AF70079A002143F8092F2046721C12F080FD23
S21401AF802146002012F044F9034603AA478303CA68
S21401AF90C3F81200C3F8161020460821FDF738FE44
S21401AFA04FF40071204612F03EF9204612F084FD5F
S21401AFB02946204613F08DFB0321204612F04EF958
S21401AFC0034600202146714A009013F006FC01203A
S21401AFD009B0F0BD0B21284613F07DFB2846FFF78C
S21401AFE007FC2946204613F074FB10F03CFA054690
S21401AFF04FF44071204612F016F94FF48051204666
S21401B00012F016F9284610F034FA4FF48061204603
S21401B01012F011F9DBE728460FF096FD4FF40071A8
S21401B020F5E70621284613F056FB2846FFF7E0FB16
S21401B030204612F0A1FB2946204613F04AFB204683
S21401B04012F060FD2146002013F006FCBFE72B44FA
S21401B0501B7B043B072BBBD801A252F823F000BF91
S21401B06081B00100A7B0010009B10100D1AF010014
S21401B070D1AF0100D1AF0100D1AF01001FB1010076
S21401B08020464FF4007112F0CEF8AA7920460C3211
S21401B0902A4402F109030021013212F0F1FC28468C
S21401B0A00FF052FD93E74FF48060FFF76DFAB0B1F1
S21401B0B000274FF40061204612F0B5F82046CDE98E
S21401B0C00577FDF78FFD0646204612F0A8F83946AB
S21401B0D00346009505AAB0B213F08BF977E721462F
S21401B0E0012012F095F800F11201204612F01FFD22
S21401B0F00621284613F0EFFA2846FFF779FB294682
S21401B100204613F0E6FA62E728460FF01DFD2146B9
S21401B110012013F0D1FB204612F0F4FC57E710F0A3
S21401B120A2F906464FF40071204612F07CF84FF45F
S21401B1308051204612F07CF8304610F09AF94FF410
S21401B140C061204612F077F82946204613F0C1FA6E
S21401B1502146012012F05CF8C268054682B1937957
S21401B16001210C331A4402F1130320460B3212F06C
S21401B17087FC204612F0A0FC2046E96813F0A9FAE5
S21401B1800023EB6023E7002022E700BF9DEC0200CE
S21401B19010B5074C07492046002213F069FC2046EB
S21401B1A0FFF7AEFABDE8104001200021FFF7F2B923
S21401B1B070200020F5AE010038B50C468B790546A7
S21401B1C00C331944E35C142B03D0152B0FD000204D
S21401B1D038BD013113F0DCFD15212846224613F057
S21401B1E01FFE2146284613F074FA0120F0E70146B7
S21401B1F0012012F00DF80B4B82689A4203D02046CC
S21401B2000FF0A2FCF1E7A179284621440D3113F095
S21401B210BFFD20460FF098FC2946012013F01CFBC9
S21401B220E3E700BF75EE020037B504460D460A4651
S21401B230142113F0F5FD2946204613F04AFA03219E
S21401B240204612F00BF830220346009221460120D8
S21401B250024A13F0C2FA002003B030BD75EE0200B8
S21401B26010B5074C07492046074A13F001FC204653
S21401B270FFF746FABDE8104020200021FFF78AB903
S21401B2807C200020B9B1010079EE020073B51E469C
S21401B290ADF800208DF80230009B044601A801930A
S21401B2A00D46114613F05EFD9DF80630B34203D1FC
S21401B2B0BDF804308B4205D028460FF045FC12201D
S21401B2C002B070BD204612F0F5F89DF80230827A81
S21401B2D09A4209D18288BDF800309A4204D12846A4
S21401B2E00FF032FC0020EBE76946204612F09EFB89
S21401B2F029462046014A13F050FBE1E729B2010036
S21401B3002DE9F04116461A4307460C461D46BDF880
S21401B310188005D12046BDE8F041114613F0FFBD67
S21401B3204146204613F033FA78B12146384611F0EB
S21401B3306FFF40238674C5742146069338464346FC
S21401B340BDE8F041024A13F048BABDE8F08100BFFB
S21401B350D7EF0200F7B505460E460146012011F06B
S21401B36057FF036813F0F00F03D02946012013F0AE
S21401B370A3FA284612F005FAB3790C3333445F7802
S21401B3809B781F400378C3F3030000EA131038408C
S21401B39013F09FFD044668B9284613F0A3FD384014
S21401B3A013F097FD044628B9284612F0EDF900F08F
S21401B3B04FFF04462846002112F07EF8172130463A
S21401B3C013F089F93046FFF713FA3146447084705A
S21401B3D0284613F07EF90321284611F03FFF40224C
S21401B3E00346009229460020024A13F0F6F903B0FC
S21401B3F0F0BD00BF8DEF020010B5074C2368DA06DA
S21401B40007D523F01003236018B90120A16811F0B5
S21401B4107CFB0023A36010BD88200020014610B5E8
S21401B4200446022011F071FB054B1B68D90305D4B5
S21401B43063691A075CBF43F00403636110BD00BF74
S21401B44088200020034B10B5DC6813F089FFDC3C34
S21401B450201A10BD88200020034B1B6813EA004306
S21401B46014BF0120002070478820002038B5002333
S21401B47003604369044658070DD5204650F8081F57
S21401B480C90C01F4FC7141F00501FEF7CFFC6369BC
S21401B49023F0040363616369D90602D513F060FFE4
S21401B4A060601848024652F8043F8BB92360146066
S21401B4B083684BB1617E5A7E914219D26269D20687
S21401B4C00ED50020FFF798FFBDE8384013F07AB894
S21401B4D059686568491B0029E8DA1A461B68E4E7DB
S21401B4E05A681B69134462689B1A002BECDBE8E779
S21401B4F01A895B68D31A62681344E268D342E3D5BB
S21401B500DFE700BF8820002038B504460A4D08460C
S21401B510AB68A34201D1FFF76FFF6B68074A1BB107
S21401B520A342196804D11160BDE8384013F04AB847
S21401B5301A460B46F3E700BF882000208C20002027
S21401B5402DE9F047754D2B685B0700F1AF80AB68BE
S21401B550002B40F0AB8055E8003F43F0040345E87C
S21401B5600032002AF7D16C689CB113F0F9FED4E9D9
S21401B570043717F0100F0646A26819D010FA82F2A7
S21401B58062602068D4F8048038BBDC334344C5E9E4
S21401B590024355E8003F23F0040345E80037002F37
S21401B5A0F7D1AC68002C74D1BDE8F04701F02AB998
S21401B5B0606892B2811AFF07A1EB060109D400293F
S21401B5C0DFDAE768DF1BCF4205D432441844831A1A
S21401B5D0D6E70029D5DA20464FE041690289CF0631
S21401B5E0D0F804E048BF06EB020EAEEB020211F003
S21401B5F0010C11BF1146D0E90371C91B891808EB6C
S21401B60003077F1A002F28DDBB4205D9E768A1EBA7
S21401B6100801DC378F423AD9D4F814A01AF0010F8A
S21401B6201DD12169D0F80C9027894144A1EB09016D
S21401B630C91BE768A1EB0E01DC37B9420FDD971B8A
S21401B640BCF1000F03D10169A1EB09010F44002FE2
S21401B65005DB4B46C0F804E00446006892E7477EE7
S21401B660617E8F42F9D2921BBCF1000F03D1D0E963
S21401B67003135B1A1A44002A02DAFFF7CFFE72E7B9
S21401B6801AF0100FA7D0C368C0F804E0E4E70B4631
S21401B690E3E7A36813F4601FC3F3C24008D1214651
S21401B6A02B6843F010032B6011F02FFABDE8F087EA
S21401B6B004F108063046FEF7C7FB2B68214643F027
S21401B6C010032B60F8B911F020FAA36813F4601F79
S21401B6D04FEAD341C3F3C24517D0013DEDB201F4A1
S21401B6E0FC7130462943FEF7A1FB03213046FEF7E5
S21401B6F009FC75B1A268237E1344120C9BB2120496
S21401B7001343A360D2E73846CEE703213046FEF75F
S21401B710F9FB3046FEF7DCFBECE700BF8820002093
S21401B72008B5034B996809B111F0EFF908BD00BFE0
S21401B73088200020014B9868704700BF88200020B1
S21401B7400A4B70B59C6884420FD12146012011F046
S21401B750DCF96668258913F003FEAD1BC542214658
S21401B7604CBF0020022011F0D0F970BD88200020C7
S21401B770054B1B681B6A13F0100003D013F003007F
S21401B78018BF0120704700BF9820002006222DE92F
S21401B790F341344B06469C688846A5790C35635DB3
S21401B7A0671903F04F036355838D7A70103B0D2B99
S21401B7B031D8DFE803F053304F07300C30303030EB
S21401B7C03030300C635D6FF30303635523E00123D0
S21401B7D0625D006A63F3030262550C2210F4006F87
S21401B7E07A7006F12E0107F108020CD001924FF093
S21401B7F0FF32C0F3802000921A4611F0B6F9635D5D
S21401B80043F08003E1E7D6F82E30BB608B88938047
S21401B810336A5B05F3D4B28D635D304662F345133C
S21401B8206355B91C13F0E9FD635D60F38613635538
S21401B830A3797A7802331344E371B38D03F01403CA
S21401B840142B04D0B8F1000FC4BF42447A7002B082
S21401B850BDE8F081635D62F30303B6E70222635D30
S21401B860F9E700BF841E002038B5294904460B7D40
S21401B8704A7D0133DBB2B3EB921F0B7503D303236F
S21401B88000200B7538BD016AC90234D5032390F830
S21401B8907E20243A92FBF3F303EB4303D21A2532BC
S21401B8A0D2B2A18D94F87F3011F01001B4F93400B2
S21401B8B084F87E2003F00F0323D113F0C9FD00F0B6
S21401B8C0E9FCB4F9782004F17005824204D0A4F8AA
S21401B8D0780001F07DF96881284600F0DDFF00223E
S21401B8E01146104611F013F994F87E00002113F06A
S21401B8F0AEFD0120C6E75B001A4102F003022532C5
S21401B900CFE702461946002001F060FAD7E700BFEC
S21401B910841E00201F4B2DE9F04104461860006C80
S21401B92017F003FD01462046FFF730FFA38D1A4EA0
S21401B93003F01403142B0CBF0022226CB3682046BC
S21401B9401A60FFF791FFFFF713FF144B051E14480B
S21401B95008BF184601F036F96369676803F01008F6
S21401B96013F0FEFC6D000346627EE8B2B8F1000FEC
S21401B97003D1FF1AB7F59B7F07D5114600F0F2FFFA
S21401B980B068BDE8F04100F0C1BF616813F0EEFC9D
S21401B990F6E700BF98200020841E002031BA01007F
S21401B9A07DBC010070B50546FFF7E2FE104B041E94
S21401B9B0104808BF184601F005F92846FFF754FF5E
S21401B9C00D4E054660B133686000597E00F0FE00FA
S21401B9D000F0C8FFBDE87040084B986800F096BFBD
S21401B9E001F0F0F829463068BDE87040FCF7E4BD88
S21401B9F031BA01007DBC010098200020841E002081
S21401BA00034610B5094C052B20680AD0062B0CD12D
S21401BA10002001F0D7F820680121BDE81040FCF7AE
S21401BA20CBBDBDE81040FFF7BDBF10BD982000207C
S21401BA30032803D1024B1868FFF7B4BFFFF7E0BF36
S21401BA40982000200C4B032810B51C680FD1206CE1
S21401BA5017F06BFC01462046FFF798FE074B226C59
S21401BA609B682046BDE810401A60FFF79BBFBDE803
S21401BA701040FFF7C5BF00BF98200020841E00209D
S21401BA802DE9F8438B7906460C33CC182379DA076F
S21401BA9003D44FF0FF30BDE8F883E77A252FF8D8B6
S21401BAA03C4B9A6893790C33D118D35CA27AC3F3D2
S21401BAB08013B3EBD21FECD1056A0622EB064CBF0E
S21401BAC00231043104F1120017F017F80028E0D112
S21401BAD094F80A9011F04DF805F4C04580F0010382
S21401BAE02A1EC9F3801904F10C08414618BF012229
S21401BAF04846DBB213F044FC014658B1A37A03F082
S21401BB000F03032B16D1336A9807C2D50C2FC0D169
S21401BB100320C0E711F033F80028BAD1A37A03F066
S21401BB200F03002DEDD0032B85F4C04513D1A904D6
S21401BB30AFD5E8E7052BACD1306AC207A9D500F02E
S21401BB401403142B0CD004F1180013F087FB002803
S21401BB509FD005209FE7052B9BD16B04ECD498E77B
S21401BB6006F12E052946C0F3802010F0F9FF0028C3
S21401BB70E9D1A27A336AC2F38012C3F380239A42D0
S21401BB8087D106222946404616F0B7FF0028DAD0AC
S21401BB907FE700BF841E00202DE9F74F00244FF0F9
S21401BBA0FF31074601A8019400F0B4FC019949B1A0
S21401BBB03846FFF765FF032806D005284BD001A8B5
S21401BBC017F02EFB01203FE0DFF8A880284800F0A0
S21401BBD0F9FFD8F800302046597E00F0E5FED8F887
S21401BBE000B0DFF89490DBF84400D9F8086017F04D
S21401BBF09CFBB47905460C34335D06EB040A03F06E
S21401BC00400343F0040333550AF10201584613F08A
S21401BC10F4FB335D002D60F386133355D8F80030FE
S21401BC20D9F808005B6CA4BF06358AF8015003609A
S21401BC3000F06CFED8F800301B6ADB0407D53846E6
S21401BC40019911F032FA002003B0BDE8F08F01A887
S21401BC5017F0E6FAF7E7019800F012FD3846019969
S21401BC6011F0CCF90028ADD0204600F0ABFFEAE792
S21401BC7045BA010098200020841E00200E4A0328A1
S21401BC8010B5146805D0042809D0BDE81040FFF7A8
S21401BC90B7BE617E0120BDE8104000F021BE2046FF
S21401BCA0FFF77AFF30B100F01FFF2046BDE81040D5
S21401BCB0FFF778BE10BD00BF9820002038B50D46AE
S21401BCC00446002000F07EFF00F00EFF29462046C5
S21401BCD0FCF7BCFF0022014B1A6038BD9C200020F7
S21401BCE00123074A03FA00F002F1140353E8003F68
S21401BCF0034302F1140C4CE800310029F4D17047DB
S21401BD009C1E0020F8B5244F05467B690C4613F4AB
S21401BD10C07F03D099063BD401200CE039B15A0705
S21401BD2005D4D5F8A43013B90820FFF7D9FF7B69ED
S21401BD309B0601D50020F8BD7B7FAE6A022B06F07C
S21401BD40080604D916B114B90220F4E7E4B995F847
S21401BD50921095F83701063100F00F0000F054FA02
S21401BD6085B20EB904B16D00FFF76CFBA8420DDB7E
S21401BD707B6913F01C0FDDD11EB1002CDAD1052032
S21401BD80D9E7002CFBD1D5E70320D4E70420D2E77E
S21401BD90002CCFD0C3E700BF9C1E002038B5044658
S21401BDA0114D4FF480616B69283043F400736B6169
S21401BDB013F085FA0121204611F03DFA00212046B4
S21401BDC0FFF7A0FF014620B12046BDE83840FFF747
S21401BDD075BF6869617E80F48070C0F30020BDE89D
S21401BDE0384000F07DBD00BF9C1E002038B50446DB
S21401BDF00B4B186000F5947000F04EFD2046FCF7E2
S21401BE00F1FEC4B2204610F08EFE0546204610F024
S21401BE108CFE29460246022010F079FE38BD00BF8E
S21401BE209C20002008B5002000F0CCFE00F05CFE4F
S21401BE300022014B1A6008BD9C20002010B5044664
S21401BE40FFF7D4FF064800F0BDFE6168226C637EF2
S21401BE501120BDE8104001EB920200F0E9BD00BFE1
S21401BE602DC101003F4B37B51C680023A26A019320
S21401BE705005D4F8A03012D504F1A400019317F0B0
S21401BE80EDF9C4F8A00050B194F846314FF4806142
S21401BE90013B84F8463104F1280013F010FAD4F877
S21401BEA0A0500DB9304B9D6894F94631022B0DDC3C
S21401BEB0D4F8A83013B1A36AD90502D5D4F8AC30AA
S21401BEC023B14FF480512046FCF7A2FED4F8A4100B
S21401BED0A36A002914BF01210021AA794FEA83032E
S21401BEE002F10C0203F00C0343EA0113A95C21F0F2
S21401BEF01C0143EA0103AB540DD11B4A02F11403A2
S21401BF0053E8003F23F0080302F1140040E8003133
S21401BF100029F3D102E00320FFF7E2FE284600F0F5
S21401BF20F5FC019B53B15B7903F00A03082B02D1A0
S21401BF302046FDF771F901A817F072F96B799A0797
S21401BF400ED5A36A1B040BD50820FFF7C9FE4FF4D4
S21401BF50004104F1280003B0BDE8304013F0AFB94A
S21401BF6003B030BD9C2000209C1E002000232DE93C
S21401BF70F04385B00446032103A8039300F0CAFAF0
S21401BF80039D35B9F4212046FFF798FE05B0BDE8BC
S21401BF90F083AB79644F0C331D442A797B69D6074D
S21401BFA04ED4DD064CBF07200420FFF799FE00267D
S21401BFB001212046FFF7A6FE054650B97869617E45
S21401BFC080F48070C0F30020400000F0EDFCFFF725
S21401BFD049FF039800F054FBDDF80C807A6998F865
S21401BFE00630510603F10C0308EB030915D458F883
S21401BFF0033006203B61FFF773FEA36A1A060CD4D2
S21401C00004F1280252E8003F43F0800342E8003181
S21401C0100029F7D10120FFF763FE4946204611F0BB
S21401C02010F999F80430DB077BD5002E52D11DB1EB
S21401C03029462046FFF742FE03A800F045F9A5E78A
S21401C040012023F010037B61FFF74AFEAE7AF0066B
S21401C0502FD50220FFF744FEA36AAA7A83F00203D3
S21401C060C2F38002C3F340039A422FD14FF400611A
S21401C07004F1280013F023F950E8002F42F48062FF
S21401C08040E80023002BF7D1A26A82F00202A262E6
S21401C0907B77AA7AA36AC2F3C00203F001018A423F
S21401C0A085D183F0010316F0030618BF0126A362AB
S21401C0B07EE707F1140353E8003F23F0040307F17A
S21401C0C0140141E80032002AF3D1C5E77B7F013332
S21401C0D0DBB2DDE72046FCF785FDC0B210F023FD9C
S21401C0E006462046FCF77EFDCDF80480A38F82B27B
S21401C0F0009331460023022010F011FD4FF0FF316E
S21401C10003A800F007FA03998B790B44DB7D002B1B
S21401C1108DD02046FDF79EF8002D3FF437AF294617
S21401C12031E7002E83D0E9E79C1E002008B50346C0
S21401C130114A042B10680BD002D8032B18D008BD67
S21401C140053B012BFBD8BDE80840F121FFF7B6BD42
S21401C150FFF70CFF094A02F1140353E8003F23F0EE
S21401C160200302F1140040E800310029F3D1E6E78C
S21401C170BDE80840FFF712BE9C2000209C1E002050
S21401C180164B033810B51C68032818D8DFE800F0F2
S21401C1900702181E2046BDE81040FFF7E7BE2046FE
S21401C1A0FFF7FCFD0E4A02F1140353E8003F23F0AB
S21401C1B0200302F1140040E800310029F3D110BD3C
S21401C1C0F1212046BDE81040FFF778BD4FF48061AD
S21401C1D004F1280013F073F8F221F2E79C20002006
S21401C1E09C1E002010B50446FFF700FE054800F02F
S21401C1F0E9FCFFF737FE627E61680220BDE8104069
S21401C20013F0B4B881C10100064B10B55B690C464A
S21401C21010B101F02BF8034618795B8804FB003057
S21401C22010BD00BF680F0020084B10B55B690C46B7
S21401C23010B101F01BF803465A88A2423DBF1B7994
S21401C240A41AB4FBF3F0002010BD00BF680F002055
S21401C2500138C0B203289ABF014B185C0020704712
S21401C260604103008BB200294FF00A01B4BF053BC1
S21401C27005331BB293FBF1F3014A108093707047AC
S21401C280DE290020024B9B78C01A40B2704700BFDF
S21401C290DE290020024B1B88C01A00B2704700BF7F
S21401C2A0DE290020074B186840F20D1338B9002B21
S21401C2B0C1BF45224433B3FBF2F0C0B270470068F9
S21401C2C0453BF3E7680F00202DE9F04106460FF0E5
S21401C2D0CAF80746FFF7E6FF35460446286818B150
S21401C2E06CB9284616F09CFF31680A4817F028F802
S21401C2F038460FF0BEF800233360BDE8F081D0F871
S21401C300008017F0EEF82B68013CC3F800802D681A
S21401C310E4B2E3E7680F0020024BDB6B03B118477A
S21401C320FFF7FEB9680F0020C04310B5054A131D7C
S21401C33053E8003F0340141D44E800310029F6D1BC
S21401C34010BD00BF680F002010B5054A131D53E845
S21401C350003F0343141D44E800310029F6D110BD07
S21401C360680F0020F8B516461C46074619461046C3
S21401C37012F0EBFF32462346384612F0EBFF434DF0
S21401C380D5E9062300EA020401EA030654EA060395
S21401C39013D0670104F0806010D56B68180623D4AB
S21401C3A03B4B234093BB3B4B06F0200223401343F9
S21401C3B056D12046314612F0C4FFF8BDA4F1080359
S21401C3C033431CD1EB7A012B42D16B68D90743D595
S21401C3D00323EB7204206B8C01336B84FFF79CFF05
S21401C3E0012012F0B3FFE4E72B1D53E8003F23F0D2
S21401C3F08003291D41E80032002AF5D1DDE7A4F1CA
S21401C4000C03334317D112F0A1FFDBE724F001132D
S21401C41023F4A0433343C6D1EB7A012B18D140F263
S21401C42001436A680520934314BF00230323EB727C
S21401C430FFF772FFBDE7231F334302D112F087FFD8
S21401C440B7E704F17F433343AAD1EB7A022B0FD02F
S21401C450042012F060FFACE713F40063BAD1B8E72A
S21401C4600420FFF771FF4FF0006001F027F9A0E705
S21401C4706B689A0706D50423EB722B8C03200133D5
S21401C4802B84ABE713F02003F7D1F5E7680F002004
S21401C490015001000DD50155014B986A704700BF48
S21401C4A0680F002010B5064CA06A15F06EFF28B97B
S21401C4B0A06A15F06CFF00F0010010BD0120FAE73C
S21401C4C0680F0020014B986A15F063BF680F0020C3
S21401C4D0024B5868C0F34020704700BF680F002029
S21401C4E010B504464FF40070FFF71EFF084B986A1C
S21401C4F015F051FF38B10CB9002010BD4FF4007093
S21401C500FFF722FFF8E7002CF6D00C20F5E700BF76
S21401C510680F00202DE9F04F046806468846574DFF
S21401C52089B0002C48D02046A77916F0FEFE0C37BD
S21401C53027443C890A38B8F1FF3FA4EB000402D037
S21401C5404445A8BF4446B5F83890B0EB090713D464
S21401C550002C0EDD6D6B36683D44FF2C22462946C5
S21401C5603046A8BFFF2216F03EFE241A3668054460
S21401C570F3D109B0BDE8F08FA9EB0009A145A8BF2A
S21401C580A146296BC846D6F800A001EB000BB9F10D
S21401C590000F0DD04246FF2A59465046A8BFFF223B
S21401C5A016F021FEB8EB0008DAF800A08344F1D1BA
S21401C5B0A4EB09044F44CBE70321A86A03AA15F0AC
S21401C5C041FEBDF80E70A14602940A3702ACE8623D
S21401C5D009E023601B682B602368C3F8009023687A
S21401C5E0002F1C4611DD2B68453F002BF1D10120A1
S21401C5F016F083FF034620600028F1D1019002A8BF
S21401C60016F00EFE019B3360B3E72B1D53E8003F87
S21401C61043F008032A1D42E80034002CF5D14FF000
S21401C620006001F04BF80298BDF8102043790A210A
S21401C63043F001034371069B30606B63059B2A87B9
S21401C6402B638379BDF80E200C3303441C711A81C9
S21401C6502A7ADC719A719DF80C20072A0BBF0122F9
S21401C660AB8C1A7101331FBFAB846B8C03F1FF33A4
S21401C6706B8416F0ACFD346855E700BF680F0020E8
S21401C6802DE9F041877905460C37C419237986B020
S21401C69013F002081BD1174E43F0020323716A46BA
S21401C6A0D6E90A0115F0D2FD238969460333B06A3B
S21401C6B0ADF8043015F0CCFD009B9DF90E00EB5152
S21401C6C0FFF7E0FD6071B37A022B03D8E37106B081
S21401C6D0BDE8F0819DF81130012B04D0022B04D067
S21401C6E02BB90423F2E70323F0E70123EEE784F8EE
S21401C6F00780ECE7680F002037B5124B00F00F04F7
S21401C7001B88012CADF8043015D0022C15D18DF8FC
S21401C710044042F222000C4D6B680340A3420ED047
S21401C720FFF702FE2046FFF70FFEA86A01A915F0E3
S21401C73015FD03B030BD2024EBE70024E9E7002017
S21401C740F7E700BF88410300680F00202DE9FF418D
S21401C7501746022300250E46124C8046A06AE37255
S21401C760CDE9025506F02AFB384602968DF80C50A4
S21401C77012F0E9FD0090617AA06A2A4602AB06F043
S21401C78059FB044648B94046FFF7B6FF3B46044608
S21401C7902A460121304612F0D2FD204604B0BDE8FB
S21401C7A0F08100BF680F002037B5144B00F00F046E
S21401C7B01B88012CADF8043014D0022C16D00024AE
S21401C7C041F601000E4D6B680340A34213D0FFF7FC
S21401C7D0ABFD2046FFF7B8FDA86A01A915F0D4FC09
S21401C7E003B030BD04238DF80430E9E78DF804402A
S21401C7F04FF40064E4E70020F2E700BF884103003D
S21401C800680F0020002210B5084C1046114612F0A1
S21401C81095FDA06A06F0D2FA12F09BFD204616F0AE
S21401C820FFFCBDE810400820FFF77EBD680F002022
S21401C830014B986A15F0EBBD680F002038B5154C12
S21401C8400546A37A834210D0431E042B08D8DFE89E
S21401C85003F0030D11161800A06A06F0F9FE20B9C0
S21401C8602846A57200F002FD606138BDA06A12F08C
S21401C87079FDF4E70121A06A12F076FDEFE70321C6
S21401C880F9E7FFF725FE0028EAD0A06AFFF7D0FFF8
S21401C890E5E700BF680F002073B50446408900F045
S21401C8A0F5FA0E4DA07B0026287212F01FFD687265
S21401C8B0E07B00F00F00FFF7C1FF0096A37BD4E9F1
S21401C8C00021A86A15F0C7FD32463146304610F001
S21401C8D01EF9206812F03CFD02B070BD680F002002
S21401C8E00122094B10B50C46DA72FFF75DFF10B155
S21401C8F0042012F010FD22460021012012F01EFD38
S21401C90010F006F910BD00BF680F0020F8B5044608
S21401C91010F0FFF80746A179E279114E521A0C3150
S21401C9200123B06AD2B2214415F086FCE579A379D9
S21401C930ED1A57FA85F524680CB93561F8BDA17969
S21401C940E2790023521A0C31D2B2B06A214415F0B2
S21401C95073FCE379A2799B1A55FA83F5EBE700BFDE
S21401C960680F0020F8B502230E4E0D46F372FFF74E
S21401C970C3FE044620B1BDE8F840042012F0CBBC4B
S21401C980284612F0E0FC07462A462146012012F00E
S21401C990D5FC3B462246717AB06A06F03DFA00287D
S21401C9A0E9D1F8BD680F00200222084B10B50C46ED
S21401C9B0DA72FFF7A1FE10B1042012F0ACFC224699
S21401C9C00021012012F0BAFC10BD00BF680F002044
S21401C9D0014B187B704700BF680F002068B1084BF9
S21401C9E0194653F8042F0AB18242FAD25B1A9B10F9
S21401C9F0013BDBB2034A137370470123FAE700BF1A
S21401CA0064410300680F002010B5084C606810F4FC
S21401CA1080700AD0A06A15F02CFC30B90121A06AFA
S21401CA2015F025FC80F00100C0B210BD680F002093
S21401CA302DE9F0434FF0010985B0244D04460E461A
S21401CA4090460021102268461F4685F80B9016F086
S21401CA507EF8A86A06F0B2F90023E20600968DF881
S21401CA600430CDF8088005D56B691B888DF80D90CC
S21401CA7043440293002338468DF80C30C4F3401328
S21401CA808DF80E3012F05FFC6A460346697AA86A92
S21401CA9006F0DCF928B1042012F03DFC05B0BDE833
S21401CAA0F0832046FFF780FE3B460121C4F3801247
S21401CAB00546304612F043FC10F02AF8230601D54D
S21401CAC0FFF7A2FF002DE6D1E8E700BF680F0020C0
S21401CAD0044B5A68D20503D50021986A15F0C7BBE6
S21401CAE0704700BF680F002038B5114CE37A23B1B8
S21401CAF000221146104612F021FC00252846E57258
S21401CB0012F024FCA06A0122032115F0B6FA2A4687
S21401CB10A06A012115F09EFBFFF7DAFF8020FFF7E0
S21401CB2003FCBDE838404FF44050FFF70DBC00BF92
S21401CB30680F002008B5FFF7D7FF044A0620D38CFC
S21401CB400133D384BDE80840FFF7E6BB680F002039
S21401CB50F8B51B4D6B68590704D50420FFF7E4FBB5
S21401CB60FFF7E8FF6B681A070FD50EF07CFC064648
S21401CB70FFF798FB0446124F24B1012016F0BDFCC6
S21401CB800146A8B930460EF074FC6B68DB0615D575
S21401CB901020FFF7C9FB00F07BFB78B10EF063FCB9
S21401CBA00446FFF7C7FF2046BDE8F8400EF061BC1B
S21401CBB03846013C16F0CEFBE4B2DDE7F8BD00BF17
S21401CBC0680F0020014BD863704700BF680F002034
S21401CBD073B50F4B04469B7D0E4EFF2B15D10023DC
S21401CBE0ADF804000DF10302B06A01A98DF8033017
S21401CBF006F0F8FC9DF8035022462946B06AF8F77D
S21401CC00ABF940EA052002B070BD034B1D78F3E78F
S21401CC10DE290020680F0020D8290020044BC2B26C
S21401CC20C0F30721986A82B002B0F8F713BA00BFC2
S21401CC30680F002010B50D4C0021A06A15F074FA9B
S21401CC400B49A06A15F0CDFAFE21A06A15F0B8FAD4
S21401CC50A06A06F0E1FA074BB3F910208242C8BF7A
S21401CC6018821A8A9A805A8ADA8010BD680F0020C4
S21401CC70D8290020DE290020F0B585B0ADF80210D5
S21401CC80ADF8042069464FF0C812ADF806304FF0F3
S21401CC908213ADF80000CDE9022304200B460C4CAC
S21401CCA002ADB4F91070B1F9002035F9026BBA4241
S21401CCB0A8BF3A46B242A8BF3246013821F8022B35
S21401CCC0F1D103CB034BA060596005B0F0BD00BFA6
S21401CCD0DE290020E629002073B50546F8F728FA74
S21401CCE0314E0368314C33608388FF2DB3804FF09B
S21401CCF00003A3702380337818BF1D46A5752C4DFD
S21401CD008DF801300DF10303A86A0DF102020DF151
S21401CD10010115F035FB9DF8013040B90133DBB256
S21401CD200D2B8DF80130EDD9012002B070BDA27D2A
S21401CD30FF2A00D0A3758DF8053033709DF80230B8
S21401CD408DF804300198FFF769FFC828A8BFC820EE
S21401CD509DF8033020828DF804300198FFF75EFFBE
S21401CD60144B9842B8BF18466082B4F91000FFF71A
S21401CD702FFFADF804000198FFF750FF2082B4F9A9
S21401CD801200FFF725FFADF804000198FFF746FFF4
S21401CD904FF6FF73A382642360821A46184619462B
S21401CDA0FFF76AFF0020C0E7D8290020DE2900200F
S21401CDB0680F00200CFEFFFF0346034AB2F9060087
S21401CDC00BB1FFF767BA7047DE290020084B10B594
S21401CDD0B3F9044030B903EB4103B3F906309C4282
S21401CDE0A8BF1C46A242A8BF2246104610BD00BFDF
S21401CDF0DE290020014BB3F912007047DE2900201E
S21401CE00014BB3F910007047DE29002073B50646C2
S21401CE100EF029FB0C4D0446B5F91200B5F9103099
S21401CE20B042B8BF30469842A8BF1846FFF7D0FEBA
S21401CE30ADF804000198FFF7F1FEE880204602B045
S21401CE40BDE870400EF015BBDE29002073B506461E
S21401CE500EF009FB0C4D0446B5F91000B5F9123079
S21401CE60B042A8BF30469842B8BF1846FFF7B0FE9A
S21401CE70ADF804000198FFF7D1FEA880204602B065
S21401CE80BDE870400EF0F5BADE290020F0B5C0F31B
S21401CE90072585B0FE2DADF8040027D09DF8047057
S21401CEA00EF0E1FA124C0646637DAB420ED0114BF2
S21401CEB002A918689B880290ADF80C300E4B8DF8CD
S21401CEC00850986A15F08DF9FF232375237DBB4220
S21401CED006D0094B3946986A15F072F927756575BB
S21401CEE0304605B0BDE8F0400EF0C3BA05B0F0BD5F
S21401CEF0DE290020D8290020680F00202DE9F04700
S21401CF0007460E461446DFF8409086B00DF1080835
S21401CF10A9F1100A3A4680215046CDE900980A4BFD
S21401CF20F8F7BAFC0028F5D1102C254628BF1025A5
S21401CF3030462A46414615F015FE641B2F442E4402
S21401CF40E8D106B0BDE8F087892A002030B589B05F
S21401CF5020226946FFF7D2FF6A460C4D04AB144601
S21401CF6003CC9C4228606960224605F10805F6D18B
S21401CF70074C08AD1A4603CAAA42206061601346F0
S21401CF8004F10804F6D109B030BD00BF792A0020AB
S21401CF90892A002010B588B0694620200DF082FF4E
S21401CFA0044630B96846FFF7D1FF0122024B83F8E9
S21401CFB02020204608B010BD792A002070B5134BFA
S21401CFC0054693F820300C468CB00BB9FFF7E2FF0C
S21401CFD00023CDE90033CDE9023354B91C222146A2
S21401CFE005A8049415F0B3FD04A8FFF7AFFF0CB035
S21401CFF070BD102C264628BF1026294632466846A4
S21401D000FFF77CFF3544A41BE7E700BF792A002021
S21401D010174B2DE9F047D3F8048098FAA8F4B4FA30
S21401D02084F406460F464FF0010A1D6804EB4402DD
S21401D03093F8089005EB82054C4504DB4FF0FF346E
S21401D0402046BDE8F0870AFA04F313EA080F0BD06E
S21401D050AB6803F00103B34206D1062229463846DF
S21401D06015F04BFD0028EBD001340C35E4E700BF8A
S21401D070C02200200022014B5A607047C0220020C7
S21401D080F8B5044624EAE4740EF0EDF9202CA8BFA6
S21401D0902024104D06462B7AA34205D100243046A3
S21401D0A00EF0E7F92046F8BD002728682C726F605D
S21401D0B010B10DF0D7FE2F602B7A002BEED00C208E
S21401D0C060430DF0B1FE28600028E7D107242872DE
S21401D0D0E5E700BFC0220020044BD3F80120026020
S21401D0E05B7903F01F030371704700BF9A2A002083
S21401D0F0244BF0B5002918BF0B4614460021012524
S21401D10012688BB0C3F80120227919705A71C1F3E5
S21401D110C402A65C01F0070205FA02F21642CFB27B
S21401D12007D01A7802F128066E44013206F8287CE8
S21401D1301A7001312529EAD11A7828B16946981D55
S21401D14015F010FD0BB0F0BD002AFBD0012605330B
S21401D150C0F3C405675D00F0070506FA05F52F4222
S21401D160C1B208D1B1FBF2F502FB15110AAD55FAB1
S21401D17081F111F8281C0130252803F8011FE7D199
S21401D180E0E700BF9A2A0020034B002818BF034699
S21401D1900B449879704700BF9A2A0020224B10B59D
S21401D1A0002814BF84469C464FF0010E82EA1242C4
S21401D1B090B280EA010393FAA3F31BBA9BB203EB86
S21401D1C0031303449BB293FAA3F31BBA9BB203EB7C
S21401D1D0031303449BB293FAA3F31BBA9BB203EB6C
S21401D1E0031303445840114C82B2A4FB0234131BB0
S21401D1F004EB5304630903EBC30103EB8103D31A66
S21401D200C3F3C401D8B2614403F007030EFA03FE68
S21401D2104B7813EA0E0F01BF9CF8003053430CEB1A
S21401D220134C9CF8060010BD9A2A00204D91CFBAE7
S21401D230064B074A01201A60064B074A1A60074B3D
S21401D240074A1A60074B084A1A607047D41E002026
S21401D250A5F40200D01E0020DDF40200CC1E002042
S21401D260A3F40200C81E0020DFF40200052808BF50
S21401D27003200622024B013802FB0030704700BF34
S21401D2808A410300014B186E80B2704700C001B896
S21401D2900A4BD86800F07060B0F1106F0CD008D857
S21401D2A0B0F1E06F08D0B0F1006F14BF002001208C
S21401D2B07047B0F1406FF8E701207047000002B8F0
S21401D2C0431C07B5014606D00023044ACDE90033C6
S21401D2D003480EF0B7FE03B05DF804FB87F50200C5
S21401D2E0E823002070B50E461546044618B302F032
S21401D2F045F910B3236813F4807F18BF0122104B41
S21401D30018BF1A700F4A1B7814600F4A16600F4A2E
S21401D31015601BB913F09EF802F01AF90DF078FDAE
S21401D32001F0D4FF0A4B0B48197801F0DBFFBDE88A
S21401D330704001F05BBD212070BD40F20440FBE768
S21401D340C62A0020D4220020D0220020CC22002091
S21401D350362B002029AE02002DE9F04186B00DF0F3
S21401D3602BFD8A4B8A4D1A7811208A490DF054FB01
S21401D3702B6851215A685423B2FBF3F2002392B270
S21401D38018460DF0DFFA0446002840F0F1800DF053
S21401D3909DFB814B1968814B186805F0D5F800F0A4
S21401D3A059F90446002840F0E3802B681C7F002CC6
S21401D3B000F0B080102C28BF102415F07DFE621CF2
S21401D3C081B200230820D2B20DF0BCFA0446002830
S21401D3D040F0CE800A20724A72490DF0E7F9044601
S21401D3E0002840F0C5800DF067F80221322004AA1B
S21401D3F000F0E8F928B94FF0FF30BDF8101014F02E
S21401D40019FF6E460023324606212C208DF8063081
S21401D41000F0D8F958B9304612F078FE08B1302835
S21401D4207AD13C2000F0ECF92C2000F0E9F99DF8C7
S21401D4300630190740F1818096E80300ADF80C101C
S21401D440090C02908DF80E109DF8063013F0280F87
S21401D45007D1DDE90201ADF80410090C00908DF842
S21401D46006102B68186900287CD12B68586900F0D3
S21401D47037F92B6893F82220D2077DD40EF072FE7E
S21401D48002A902460746286812F081F804460028D9
S21401D4906ED106F07FFA0EF0A9FE0446002867D189
S21401D4A0012000F0CFF9404B186816F036F9044613
S21401D4B000285DD113F0F9FA044602F019FB804604
S21401D4C012F04EFE41460246204611F05FF8044631
S21401D4D000284DD12B681B689B050CD4B7F5FA7F45
S21401D4E009D90DF0B9FF012107460846F9F7E8FB0F
S21401D4F038460DF0B5FF2B689A692C4B1A6012F06E
S21401D50090F82B4B1860304600F05AFA29480DF077
S21401D51047F92DE0042450E701213C2004AA00F03D
S21401D52051F940B99DF81030012B14BF49237223DD
S21401D5308DF806307BE74923FAE7F7F70BFCCDE9D0
S21401D5400401030C8DF80A30BDF81530ADF808005B
S21401D550ADF80B309DF817308DF80D3049238DF856
S21401D5600E3071E712F0F1FC044600283FF47DAF5F
S21401D570204606B0BDE8F08193F8230012F06BFF59
S21401D58000283FF47BAF40F20C44F1E7362B002035
S21401D590D422002029AE0200EC0A00200C0B002049
S21401D5A027F6020023F60200D02200200C240020D9
S21401D5B008240020C1D2010000220321014815F0F1
S21401D5C020BD00BF94240020F8B5114812F04BFE90
S21401D5D0E0B912F026F80F4D0D4E286006F10C0743
S21401D5E0286812F049FD0CF0A3FF0446304612F0FD
S21401D5F036FE10B9384615F013FE01F027FF08B9BC
S21401D600002CEDD1BDE8F84012F0A9BDF8BD00BF71
S21401D610140B00200824002008B5054B1B782BB9F5
S21401D62011F097FFB0FA80F0400908BD0020FCE732
S21401D630C52A0020012310B5044C2370044B1B6837
S21401D64003B198470023237010BD00BFC52A0020F0
S21401D6500C2400200D4B98420DD8023B984210D85E
S21401D66070B1023B98420ED020F0704020F460402A
S21401D67000F590607047064B9842F5D140F21C4089
S21401D68070472120704740F21B4070470AE000F0C7
S21401D6900BE000F04FF08052014B5A60704700BF1C
S21401D6A000ED00E00023044A52E8000F42E8003192
S21401D6B00029F9D1FCF7E2BE14240020064A52E8FC
S21401D6C0003F034342E800310029F8D1034B1B68B1
S21401D6D003B11847704700BF14240020102400200F
S21401D6E0034B002814BF02461A46024B1A607047C5
S21401D6F095D601001024002037B51C68E10705D532
S21401D70012F0ADFC1649174815F083FCA20723D585
S21401D71001F01AF8D0B9144D01900DF0A4FE04469C
S21401D720284615F09BFD019020460DF0A2FE0198BB
S21401D73090B143799B070CD401A8022115F019FE7C
S21401D740019800F0F1FF12F00DFCE6E712F00AFC7A
S21401D750DEE700F0DDFFF6E7002003B030BD00BFD6
S21401D760280B0020942400201824002008B5054822
S21401D7700CF0AEFE044B01211870BDE808400CF019
S21401D780B7BE00BF380B0020C72A002038B50446B4
S21401D79048B10DF068FE05462146084815F0D0FD53
S21401D7A028460DF066FE064B022193F900000CF0A8
S21401D7B09FFEBDE83840FFF73DBF00BF182400209C
S21401D7C0C72A0020F8B50C4B0C4F04460E463868A5
S21401D7D01968154604F0B8FEFFF73CFF50B933460A
S21401D7E02A46386844F4802104F0D2FFBDE8F840A8
S21401D7F0FFF730BFF8BD00BFEC0A00200C0B00207D
S21401D80038B50A4B0A4D04461968286804F09CFE90
S21401D810FFF720FF40B9286844F4802105F09EF800
S21401D820BDE83840FFF716BF38BD00BFEC0A002040
S21401D8300C0B00200149024815F0EBBB480B0020F9
S21401D8409424002010220A4B2821DA826422C3E99C
S21401D85006124FF6FF721A8402225A60002283F8DB
S21401D8602B200F2283F82D0083F82C20704700BF51
S21401D8701C24002038B511F0DBFE40B9094B4824C2
S21401D8801A6893F82A1003462432994200DC38BD00
S21401D89004FB03F55559ED0601D40133F5E70120E4
S21401D8A0F5E700BF1C24002038B5104C94F82B3047
S21401D8B0D3B1626812F0010516D104F1080012F026
S21401D8C0A5FBFFF7D7FF78B14EF6602294F82C300F
S21401D8D04FF48271534306482A460CF08BFF18B961
S21401D8E0636843F00103636038BD00BF1C24002059
S21401D8F09424002022F00042052A10B50DD0B2F57E
S21401D900827F13D0032A06D1114A536823F00203FB
S21401D910536000F01FF8002010BD0D4A1B88118DC2
S21401D9209942F8D1002313850120F5E7084B5A6880
S21401D93093F82B4022F00102012C5A60F4D102F038
S21401D94085F9FFF7B1FF204600F01EF8ECE700BFAF
S21401D9501C24002010B50B4C63685A0701D4002024
S21401D96010BD00F021F883791B0708D500F048FEAA
S21401D9700028F5D1636823F004036360EFE700F045
S21401D98023FEF5E71C24002008B5044A536843F03B
S21401D99004035360FFF7DEFF08BD00BF1C24002010
S21401D9A0004870472B240020044890F82B1000F103
S21401D9B00F020830012918BF104670471C240020AA
S21401D9C0F0B48279034612F0280F26D00025144AB7
S21401D9D0016892F82A60C2F80F108188A2F8131025
S21401D9E0817951751168AE4207DCF0BC536803209B
S21401D9F043F004035360FFF7C7BF4C6A14F4404F6B
S21401DA0008D1186844F0080408609F8898798F80C8
S21401DA1088714C6201354831E5E72120F0BC70473A
S21401DA201C2400204379024A9B09D05C704700BF42
S21401DA30B24103000B6810B503608B88FF2A0446C9
S21401DA40838002D10723A37109E0032A08D8054B76
S21401DA509B5C072B837102D1FFF7E4FFA07110BD19
S21401DA600023F0E7B64103008379024A03F0070377
S21401DA70D05C7047AA41030010B582798B79094CB6
S21401DA8002F0070203F00703A25CE35C9A4206D1A8
S21401DA90062215F032F8B0FA80F0400910BD0020D9
S21401DAA0FCE700BFA24103007FB5134B0E460546B7
S21401DAB004460393A0B113F0F7F878B90022314673
S21401DAC0204613F026FA022807D101233146009397
S21401DAD02046042303AA11F04FFE0DB104B070BD19
S21401DAE0204613F0B0F804460028F7D013F0DCF80F
S21401DAF00028F5D1E2E700BF0100FFFF2DE9F04F56
S21401DB0097B08346099113F015F8099883790C3379
S21401DB10C45CC51815F009FC1E2C0646099F24D8BE
S21401DB20012C26D9C54BE340DA0722D5384697F8AB
S21401DB30068015F0FAFBBBF80A2083B29A4228D277
S21401DB4014F0010240F0A18004F07F03522B00F094
S21401DB509C801E2C00F09980099B21460093584614
S21401DB60042312F029FD21240CE004F07F03522B3C
S21401DB70DCD02146062300225846009712F01CFDF1
S21401DB8041F20614584612F0DAFF204617B0BDE8F7
S21401DB90F08F47443A7B013B1E2A9BB242D8012AAA
S21401DBA0CED9023A1C2ACBD801A151F822F000BFE7
S21401DBB041DC010041DB010045DC010041DB0100E5
S21401DBC03BDC010041DB010031DC010041DB0100EF
S21401DBD041DC010041DB010045DC010041DB0100C5
S21401DBE049DC010041DB010031DC010041DB0100C1
S21401DBF077DC010041DB010041DB010041DB010074
S21401DC007BDC010041DB01007FDC010041DB010020
S21401DC1041DB010041DB010041DB010041DB01008A
S21401DC2083DC0100522A26D0D22A89D10D2B05E0A9
S21401DC30062B0FD0142B83D10CE0052B80D909E0DD
S21401DC40022BF8E7042BF6E7032B7FF679AFDB0709
S21401DC503FF576AF022C00F0F380DBF800309B68CE
S21401DC609F0516D40BF1440015F0DAFA099BCBF8A0
S21401DC704430002486E7012BE0E7032BDEE7012B87
S21401DC80D9E7002B7FF45CAFE4E709A815F0C8FAE2
S21401DC9069E71E2C584600F0918313F005F80746F5
S21401DCA0002840F08280584612F0F9FF00287CD008
S21401DCB004F07F03522B00F0BC80082C68D1B6B26A
S21401DCC0152E14BF02201020691D12F0D3FF002864
S21401DCD05ED0DBF81430D8074BBF23F0010343F0C6
S21401DCE001033946012158464CBFCBF81430CBF816
S21401DCF0143012F0F0FF09980D9012F0CBFB044699
S21401DD00B0F80180B0F803900D9815F00EFB1528B9
S21401DD1014BF0225102505342146284602F0CEFE02
S21401DD2021460390284612F0A5FF0490B8F1000F93
S21401DD3000F04381C84500F24081022109200D9A76
S21401DD4012F0CBFBBBF80A708246023FBFB23E46DA
S21401DD5040464FF0FF354946039A13F08CFA0446C5
S21401DD60002800F06C8113F059F8002800F0848137
S21401DD7001222146584613F0FBF803468DF82E0083
S21401DD80002800F01F810D9A009222460821A3E088
S21401DD90DBF8143013F001063CD023F00103002118
S21401DDA05846CBF8143012F096FF1E2C63D8032C7D
S21401DDB066D9231F142B63D801A252F823F000BFA3
S21401DDC08FE0010081DE01007FE1010081DE0100BC
S21401DDD0F7DC010081DE010065E2010081DE010061
S21401DDE083E2010081DE010099E2010081DE01008B
S21401DDF08DDE010081DE01008DE3010081DE010080
S21401DE0081DE010081DE0100A9E3010081DE01005F
S21401DE10B3E3010043F0010301215846CBF8143067
S21401DE2012F059FF1223324621465846009612F048
S21401DE30C3FB09A815F0F4F91BE700BF545545418B
S21401DE40099DBA4C284612F025FB2188B0F80160DE
S21401DE502A46584612F0C5FB2388BBF80A10B3427F
S21401DE6028BF3346172BB8BF17235846ABF80A30DE
S21401DE7012F04CFEFDE6522C00F08F82D22CD8D048
S21401DE80099B002200932146062325E0099F384678
S21401DE9012F000FB0546B0F80180B0F803A0384642
S21401DEA015F043FA15280CBF20460220691D02F022
S21401DEB005FEB5F8053004900793B8F1000F07D0BA
S21401DEC0D04505D813F02EFB50B91023009701E07A
S21401DED00123009742461021584612F06DFBC8E612
S21401DEE03A460221112012F0F8FA44464FF0FF3567
S21401DEF0BBF80A3005909E1E0393063B9BB2B6B252
S21401DF00089351462046049A13F0B5F9814668B342
S21401DF105146079A13F0FCF90446484612F07EFF74
S21401DF2040B94FF6FF739C4201D00134A4B2544568
S21401DF30E7D91BE04FF000030DAAADF8343049468F
S21401DF400CAB584613F0B1F8039ABDF83430053AD5
S21401DF509A42089A0690D8BF1346002DADF8343081
S21401DF6009DB9D4202D1EB1CB34208DB691C1CD1C4
S21401DF700A230097AEE7351F9D42A8BF1D4604221F
S21401DF8011A93846ADF84490ADF8464015F060FB4F
S21401DF902A463846069915F05BFB4FF6FF73043E9A
S21401DFA0761B9C42B6B2C0D1E0E73946059B0435E4
S21401DFB05D70584601F03CFC5BE60D9B0093012327
S21401DFC04246E3E6049B13B1204612F00BFF2046BF
S21401DFD012F03CFFD8B1002D54DC0DA815F020F945
S21401DFE0082358468BF81C3050F80C2B40F202518F
S21401DFF092F870208DF8483000238DF8442011AA3D
S21401E000ADF84640ADF84A3015F03FF831E6ADF8C8
S21401E01044000DF12E032146584611AA13F045F887
S21401E020BDF844300590BB4228BF3B46002DADF8F5
S21401E03044300ADBAB4202D16B1CB34209DB6A1CDB
S21401E0400D9B1FD100930A23BAE7B51E9D42A8BFB8
S21401E0501D4602220CA90D98ADF8304015F0F8FACD
S21401E0602A4605990D9815F0F3FA4FF6FF73023E0E
S21401E070761B9C42B6B2E2D0601C80B28145BFF4EA
S21401E0806AAEDCE702350D998AF8015091E7DDF8B2
S21401E0902490484612F0FEF9B0F80330B0F801803B
S21401E0A00493B8F1000F43D0984541D84FF6FF7757
S21401E0B04A460221052012F010FA4546BA46BBF838
S21401E0C00A400590023CA4B22946584613F0AEF920
S21401E0D0504506464BD04FF400622946584612F08A
S21401E0E047FF00283ED1304613F038FA00280CBF0F
S21401E0F0022310235745039320D0304613F02EFAFF
S21401E1000690384613F02AFA069B834203D1039BF6
S21401E1100133A34213DB384613F020FA059B013086
S21401E12019465870584612F030FAA2E5E80C00205D
S21401E1300123CDF8009042460421CDE637460DF185
S21401E14046013046ADF8445002F00EFD039B4846AA
S21401E1509A1C11A915F07CFA039B023CE41A55455A
S21401E160A4B2D8D0049B0135ADB2AB42ACD24FF6C7
S21401E170FF739F42CFD10A23CDF80090DBE7DDF88D
S21401E18024900024484612F085F9B0F80530B0F81E
S21401E19003A0B0F8016007464846039315F0C5F89A
S21401E1A0C51FADB2102D0C9458D82A46F91D0DA8DE
S21401E1B014F0D8FC002E53D0564551D84A460121BA
S21401E1C0072012F08AF9A046074633460A249A45E4
S21401E1D0049307D93946BBF80A0012F061F90328FF
S21401E1E0049B04D8B8F1000F1AD039469AE7ADF867
S21401E1F04430039B5846ADF848300DAB13930BAA39
S21401E2000DF12E0311A9ADF846A0ADF8505013F04C
S21401E210ABF80A280446E5D0BDF82C3030B11E46CE
S21401E220234632460621CDF8009055E6ADF830304B
S21401E230BDF82E300CAAADF8323039460423BBF8AF
S21401E2400A0012F038F94FF6FF72BDF82E309342ED
S21401E250CBD001334FF001089BB2B8E70424DFE7C7
S21401E2600124DDE70A23099C8BF81C30204612F0B6
S21401E27011F923460022B0F80110584611F04CFB64
S21401E280F7E4099C204612F005F90C238BF81C30A4
S21401E290B0F803202346EEE7DDF82480404612F06E
S21401E2A0F9F80546404615F040F80023441EBBF831
S21401E2B00AA08DF8343061D014F001075ED12046F3
S21401E2C00CF0B2FD064600285ED00AF1FF33224666
S21401E2D0691C039314F046FC424601210F2012F0FC
S21401E2E0FCF8B1460490002C04DC30460CF0BAFD74
S21401E2F0049917E739F8025B01222946584612F0BD
S21401E30037FE023C8DF8340068B9284612F0A8FCA6
S21401E31010B1284612F066FD284612F097FD60B14E
S21401E32080238DF8343030460CF09CFD2A460E21B1
S21401E3309DF83430CDF80080CEE529460DAB584621
S21401E34011AA12F0B2FE9DF834300146002BEAD134
S21401E350039BBDF84420DB1B9A42C2BF0AF1FF3380
S21401E360DB1BADF844304046BDF8442015F070F98B
S21401E370BDF844309842B8D31F44B4E704230025BF
S21401E3808DF834302E46CEE71123F8E75846099A21
S21401E390B5F8011011F08AFB6BE45846099AB5F8F6
S21401E3A0011011F0DEFB64E45846099911F018FCDF
S21401E3B05FE45846697811F07EFC3AE511F09BFC63
S21401E3C037E500BF7FB5174A0646136842F60520B3
S21401E3D023F00803136012F089FF054650B1684622
S21401E3E002F024FA002012F02EFC044620B9294639
S21401E3F0FFF75AFB04B070BD1022684604F12101F4
S21401E40014F07BFB38B10121204612F064FC6369ED
S21401E41023F0010363611EB13146204613F037F83D
S21401E4202046E0E7F024002007B5837801916A468C
S21401E430082104488DF8003014F027FE03B05DF87B
S21401E44004FB00BF942400200022054BC3E90322ED
S21401E450C3E905221A70DA614FF6FF725A847047D3
S21401E46070240020014B1860704700BF6C24002008
S21401E47082780D4B13B55A60B0F8032091B210297B
S21401E48010D040F60344A1420CD041795B8C8DF844
S21401E4900210ADF8042005216A460448ADF80030A4
S21401E4A014F0F3FD02B010BD702400209424002067
S21401E4B073B5837901900C33C418C35C132B0ED843
S21401E4C0042B10D9053B0E2B0DD8DFE803F01E0CEC
S21401E4D00C1E0C0C0C0C0C161A0C0C0C2300302BFE
S21401E4E013D03E2B1BD0FBF795FD019B834202D038
S21401E4F001A814F095FE02B070BD2046FFF7B8FFE4
S21401E500F1E7E2780E4B5A60EDE7204601A901F0EB
S21401E510C5FEE8E7204601A911F025FEE3E7002540
S21401E520084E019B3BB1204656F8043B01A9013534
S21401E53098470E2DF5D101A814F072FED3E700BF5F
S21401E54070240020BC41030007B500F0E7F820B1B5
S21401E55003B05DF804EBFFF7ABBF00F0EBF80190FA
S21401E56018B1054B1B681BB1984703B05DF804FB57
S21401E57001A814F055FEF8E76C240020024610B1FD
S21401E580022804D070470321024814F03ABDFFF771
S21401E590DBBF00BF94240020024B1A78024B53F8CD
S21401E5A02230184770240020F441030010B50446B9
S21401E5B00120FFF7F1FF034B00201C70BDE810405F
S21401E5C0FFF7EABF7024002010B50446062142F288
S21401E5D0050011F0CDFC2368C0F80330A388A0F82D
S21401E5E007300648FBF738FD11F006FD407920B1EB
S21401E5F011F002FD407940F4805010BDA7DE020004
S21401E60010B5044606214FF6284011F0B1FC2368E8
S21401E610C0F80330A388A0F807300648FBF71CFDB6
S21401E62011F0EAFC407920B111F0E6FC407940F4A3
S21401E630805010BDC1A00100014814F00FBE00BFFC
S21401E6408024002040F6FF732DE9F3410D46B0F813
S21401E6506E100192994205D101A814F0E1FD02B0B5
S21401E660BDE8F0811146134601229BBB1E4814F0FB
S21401E67067FEFFF7E1FF04460028F0D014F055FED0
S21401E6806379074603F001086FF300036371042101
S21401E6902046A66814F035FF4379044668F3000364
S21401E6A04371DB438179B6F86E200C31866003F046
S21401E6B001036254C2F30322084442EA0312427081
S21401E6C0478022463046294611F052FD2046FBF788
S21401E6D0D7FCCEE75C79986024F0030414435C71A0
S21401E6E000221B68C1E700BF8024002070B50546E4
S21401E6F0064C206800B970BD8368AB4204D1066839
S21401E7000CF022FA2660F4E70446F2E780240020A3
S21401E7100146014814F014BE84240020014814F078
S21401E7209DBD00BF842400200146014814F008BEA8
S21401E7307C240020034BD86818B103F10C0014F0B8
S21401E7408DBD704770240020044BDA6822B95869E1
S21401E750003818BF01207047012070477024002040
S21401E7600138C0B20A289ABF014B185C00207047D6
S21401E770FC41030007B5064814F070FD0421019022
S21401E7800DEB010014F0F5FD019803B05DF804FBF4
S21401E79098240020F7B5186810F0020003D0164E32
S21401E7A0316811B9012003B0F0BD002404222346CC
S21401E7B00DEB0200019414F029FDBDF80630DB07CD
S21401E7C002D4FFF7D7FF044600250C4F57F8043B49
S21401E7D023B12146BDF80400984748B13368002BA1
S21401E7E0E0D0074B022193F900000BF081FED9E738
S21401E7F00135062DEAD1F1E7982400209C2400205B
S21401E800C82A002010B509480BF062FE0024084B08
S21401E8100849187020200C600CF0E0F9064BC3E99B
S21401E8200044C3E90244C3E9044410BD580B002068
S21401E830C82A0020982400209C24002013B5C37AFF
S21401E8400093B0F80930D0F80520D0F80110007810
S21401E85001F04EFB0446034800F006FE848002B039
S21401E86010BD00BF20020403FF2337B50DF10700DA
S21401E8708DF8073001F0AAFB044604489DF80750BE
S21401E88000F0F2FD8480857103B030BD20030401E1
S21401E89038B54B7905465B070C460CD41421204647
S21401E8A0054A11F066FC2046217911F012FD10B9D7
S21401E8B0A3791C44257438BD24420300837810B51F
S21401E8C0132B0C4608D1054B1B6803B1984720460D
S21401E8D0BDE8104014F0A4BC10BD00BFB424002055
S21401E8E010B500210446007811F020FC48B161788B
S21401E8F0207812F00CF80446034800F0B5FD848039
S21401E90010BD0224F8E700BF2002560110B5417879
S21401E910007801F02BFB0446024800F0A5FD848038
S21401E92010BD00BF2002560213B541880DF1020347
S21401E93001AA008811F049F8BDF802300446F82B08
S21401E94084BFF823ADF80230019ABDF802100348DF
S21401E95000F0D6FD848002B010BD00BF20030A007F
S21401E960002110B5421D03790446084614F09DFEA9
S21401E970024648B16188208811F053F804460348DE
S21401E98000F072FD848010BD1A24F8E720020A0206
S21401E99013B50446007812F050F970B10023CDE9A2
S21401E9A00033E278B4F8011011F014FA0446044872
S21401E9B000F05AFD848002B010BD2524F7E700BFA1
S21401E9C020020A0408B50146034631F8030B9A787B
S21401E9D011F0BDF9034800F047FD002303714371B0
S21401E9E008BD00BF20020A1108B50649064814F002
S21401E9F010FB0649064814F00CFB06480CF0E2F939
S21401EA00002008BD700B0020BC240020800B0020D5
S21401EA10B8240020680B0020014811F020BC00BF7C
S21401EA20140B002030B5114B0D469942144685B0A3
S21401EA3019D193000FD503A902A80BF06FFF082385
S21401EA400193039BE1B2009300222846029B41F00A
S21401EA50005114F0C1FA064811F099FC00B1047196
S21401EA60012005B030BD0020FBE700BFB824002020
S21401EA707442030022F00042B2F1A04F08B504D15F
S21401EA80034811F084FC012008BD0020FCE700BF0C
S21401EA907842030070B5FFF7BFFF90B1FEF780FF25
S21401EAA0002604462046FEF7DFFF0546064800F02E
S21401EAB0DBFC86802268C0F80620A28805734281A6
S21401EAC070BD0226014CEDE72009011550420300F6
S21401EAD000200A4B10B5187100F0B6FD04463CB98B
S21401EAE001F014FBBDE810400549064814F0B5BA1C
S21401EAF0204611F0E0FF6468F1E700BFF629002028
S21401EB00900B00209424002070B5002000F09CFD9E
S21401EB1001260446074D04B970BD94F8723033B12E
S21401EB202E7111F01AFB1321204611F0C0FF646804
S21401EB30F1E700BFF629002038B50023094C236011
S21401EB40A38003682360207811F0ADFF054630B935
S21401EB500548064914F05DFA608801F0EDFA28468A
S21401EB6038BD00BFF629002094240020900B002019
S21401EB7022F00042B2F5887F2DE9F0471C4600F0EE
S21401EB80E5800ED840F203139A423CD040F20913B6
S21401EB909A4200F0C5800E2A00F0B6800020BDE83B
S21401EBA0F08740F207239A424AD0B2F5037F59D044
S21401EBB040F206239A42F1D120684C30FEF754FF0A
S21401EBC025680746664895F8736095F870A095F92C
S21401EBD0759095F87680A48811F0D9FB0028DDD0D1
S21401EBE0EB6C4360B5F8503087720381731E5E424A
S21401EBF05E41C67280F80CA080F80D9080F80E80F9
S21401EC00A0F80F40CAE7207800F010FD0028C5D014
S21401EC10544894F80090B4F80280A788E688257ACC
S21401EC20648911F0B4FB0028B8D080F80490A0F8ED
S21401EC300580A0F80770A0F80960C5728481ADE769
S21401EC40207800F0F3FC0028A8D060782578FFF73C
S21401EC5087FD0446444811F09AFB00289ED00571B2
S21401EC6044719BE7A578012D1ED0022D2DD0CDB97C
S21401EC70E37894F80080023BDBB2022B8CBF0125BF
S21401EC803A4A94F90470667998BFD55C94F90640BF
S21401EC90374811F07CFB28B180F8048045718771F4
S21401ECA0C671047201207AE7E37894F80080023B8B
S21401ECB0DBB2022B98BF2D4A94F90470667998BF8F
S21401ECC0D55C94F906402B48E3E7E3782A48023BF3
S21401ECD0DBB2022B94BF254A012594F801802778E0
S21401ECE098BFD55C94F90490667994F9064011F0C2
S21401ECF04EFB0028D6D0A0F804808771C57180F835
S21401ED00089046728472CDE723460822002113F844
S21401ED10014B1A4811F04CFB0028C3D00471C1E71F
S21401ED20174894F800806788A688E588248911F03A
S21401ED302EFB0028B6D080F80480A0F80570A0F855
S21401ED400760A0F80950A0F80B40ABE70D481C7807
S21401ED5011F01DFB00283FF421AF04711EE700BF30
S21401ED60C0420300BC420300B44203007C420300DD
S21401ED70AC420300A8420300B0420300A4420300D1
S21401ED80A0420300B842030010B5007800F04EFC24
S21401ED9040B1132111F08BFE0446034800F064FBDA
S21401EDA0848010BD2524F8E72002060570B51446B8
S21401EDB006460D46204614210A4A11F0DAF9204685
S21401EDC0217911F086FA58B9A3790C331C44064B05
S21401EDD0A6711B79A5801BB1BDE8704011F0BEB9C4
S21401EDE070BD00BF9C420300F6290020024B0020A4
S21401EDF01A68024B5A607047CC220020140B002080
S21401EE0010B5FEF7A9FA044630B9044811F0FDF929
S21401EE10044608B9FEF7D0FB204610BD140B0020AF
S21401EE2073B51C4640F20A6322F000429A4208D8A3
S21401EE30B2F5C06F08D8042A49D00D2A4FD0032A4C
S21401EE401ED0002002B070BD6FF4C0631A44092AB8
S21401EE50F7D801A353F822F043EF0100F1EE0100C9
S21401EE6015EF010025EF01003BEF010043EE010025
S21401EE705BEF010071EF010091EF0100DDEF010092
S21401EE8001A8F5F755FF5748BDF8044011F07FFA81
S21401EE900028D6D000234371C3714372C372037333
S21401EEA043738373C3732623072283746FF0480367
S21401EEB00271C37401226FF04003827102720375FE
S21401EEC06FF00B025123827204824375B9E74648FC
S21401EED0246811F05CFA0028B3D08480B1E7234699
S21401EEE00422002153F8044B404811F061FAF2E77E
S21401EEF0207800F09BFB0028A3D03D48267894F9A3
S21401EF000150A47811F043FA00289AD00671457191
S21401EF10847196E72478374811F039FA002890D0A2
S21401EF2004718EE725783448646811F030FA0028B9
S21401EF3087D00571C0F8054083E725782F486468B7
S21401EF40F3E72F482578646811F021FA00283FF48A
S21401EF5078AF0571A0F8054073E72A4825786468FC
S21401EF6011F015FA00283FF46CAF0571447168E79B
S21401EF70637825480D2B96BF244A0125D55C247855
S21401EF8011F005FA00283FF45CAF0471457158E7AB
S21401EF90637800210D2B98BF1C4A1D4898BFD55C8D
S21401EFA06368A27888BF0125267811F001FA08B1B6
S21401EFB0067145716378012B3FF643AF8DF8043037
S21401EFC001220021124801AB247811F0F1F9002842
S21401EFD03FF437AF01230471437132E724780D48BB
S21401EFE09AE700BF04430300FC420300004303000A
S21401EFF0E8420300F0420300F4420300EC4203003F
S21401F000E4420300E0420300DC420300C442030082
S21401F010D8420300D442030014220021014813F011
S21401F02096BD00BFC024002070B505460CF01BFA43
S21401F0301A4C064663795B070ED414212046184AFB
S21401F04011F097F82046217911F043F920B13046A6
S21401F050BDE870400CF00DBAA3790C3323442DB9EA
S21401F0601A79FF2AF3D001321A71F0E7012D05D182
S21401F0705A79FF2AEBD001325A71E8E7022D05D101
S21401F0809A79FF2AE3D001329A71E0E7032DDED1A7
S21401F090DA79FF2A1CBF0132DA71D8E7C0240020D2
S21401F0A0F842030038B50546084800F059F9044609
S21401F0B048B900F0ABF904461DB1054B1B689B79B6
S21401F0C02B7000F0BBF9204638BD00BF104303008B
S21401F0D0DC2400202DE9F84380460D480F461646ED
S21401F0E01D469DF8209000F03BF978B9094B1C6845
S21401F0F084F80480C4F80570C4F80960A4F80D50BB
S21401F10084F80F90BDE8F84311F0B4B8BDE8F88371
S21401F11008430300E024002038B5054606480C469F
S21401F12000F01EF938B9054B1B681D715C71BDE80E
S21401F130384011F09FB838BD20430300E02400207A
S21401F14038B5054606480C4600F00AF938B9054BAD
S21401F1501B681D715C71BDE8384011F08BB838BD75
S21401F16018430300E024002010B50446054800F0CB
S21401F170F7F830B9044B1B681C71BDE8104011F05C
S21401F18079B810BD28430300E02400202DE9F84398
S21401F190804614480F4616461D46DDF8209000F0BE
S21401F1A0DFF80446C0B9104B1B68A3F80480DF8063
S21401F1B000F02CF90D4B044619680DB18B792B60C4
S21401F1C0B9F1000F06D08A79B24208D8484607310D
S21401F1D013F0C8FC00F032F92046BDE8F8831D2480
S21401F1E0F8E700BF48430300E0240020DC240020A9
S21401F1F038B505460C460748012100F0C1F838B974
S21401F200054B1B689D80DC80BDE8384011F032B8A4
S21401F21038BD00BF40430300E024002070B5064619
S21401F22008480D46144600F09BF848B9064B1B6883
S21401F2301E71A3F80550DC71BDE8704011F01AB8D4
S21401F24070BD00BF38430300E024002010B513460C
S21401F25004460A460648012100F092F830B9054BEB
S21401F2601B689C80BDE8104011F004B810BD00BFBB
S21401F27030430300E024002070B505460B480E46D7
S21401F28000F06EF8044678B900F0C0F8084B044662
S21401F2901B6825B1D3F806202A605A89AA800EB1C8
S21401F2A01B7B337000F0CAF8204670BD5043030044
S21401F2B0DC240020044A0346106810B102789A4202
S21401F2C000D170470069F8E7D824002008B510F08F
S21401F2D09AFFFFF7A1FE0022014B1A6008BD00BF8E
S21401F2E0D824002038B5104D0446104A284614F09C
S21401F2F036FA4FF48270A0470D4B01461860287805
S21401F30018B14FF4827214F02DFA4FF48270A047B0
S21401F310084B01461860287828B1BDE838404FF4FC
S21401F320827214F01FBA38BDC92A00205843030060
S21401F330E0240020DC240020084A136833B9417811
S21401F340036141F00101417010607047197802783D
S21401F3509142FAD003F110021B69EFE7D82400208E
S21401F36010B5044612F0AEF928B9034B22681C60AA
S21401F370024B1B681A6010BDD4240020E024002034
S21401F3802DE9F84F046898464FEA042A0AF4E06A21
S21401F390C4F307234AEA030A0AEB0209B9F5807F98
S21401F3A083460F46154603D91D263046BDE8F88F1D
S21401F3B012F088F906460028F7D1124B24F47F4450
S21401F3C0C3F800B024F0C7040F4B44EA19244FEAEF
S21401F3D009291B681FFA89F944EA090443F8044B12
S21401F3E053442A464146184613F0BCFB012F04D16C
S21401F3F0FF2DD9D800F8015CD7E7022F08BF20F807
S21401F400025CD2E7D4240020E024002008B5074B94
S21401F4101A68074B52F8040B1968064B49681B68B3
S21401F4209847054B1B68988808BD00BFE02400205C
S21401F430D4240020A00B0020DC2400200022024B54
S21401F4401A6012F041B900BFD4240020054B186899
S21401F45008B1C3681BB1003818BF012070470069A6
S21401F460F6E700BFD824002010B5034C23681860C7
S21401F470FEF7E0F8206810BDDC240020F8B504464D
S21401F4800D4601460020174610F0BEFEF5F742F87D
S21401F490194E78BB194B1B681C603368187058707E
S21401F4A09870D870204610F089FE18B165B9436887
S21401F4B0220E2BB90F250DE05979914204D008335D
S21401F4C01D68002DF8D1F5E73846A84733681B6854
S21401F4D04BB9012524F47F4020F0C70040F40070AA
S21401F4E0FFF7C2FF85803268012052F8041B10F036
S21401F4F08BFEF8BD1425EDE7DC240020E024002077
S21401F500F8B50E460502C0F3072305F4E0651D4372
S21401F5100E4B691E1B680446043300F038075E5420
S21401F520581811462AB10130904202D0324613F0E3
S21401F530F4FA240C240435443C4344EA15242D02F1
S21401F540A8B22043BDE8F840FFF78EBFDC240020B8
S21401F5504022094B83F8212383F8222383F82323AF
S21401F56083F8262383F8252383F8202383F824238E
S21401F570502283F8222C704700E100E0044BD86942
S21401F58010F480501CBF186A00F00100704700BFDD
S21401F5900080E00F70B504460D461B4A13686BB336
S21401F5A093F87D10586811F0040129D110608C225F
S21401F5B0184693F8706013F0CAFA034680F8706034
S21401F5C02268C0F85A20A288A0F85E20A27980F8A6
S21401F5D060202868D864AA79A98883F85220FF2277
S21401F5E083F8752083F8762040F6FF72A3F86E2024
S21401F5F0064AA3F85010116813605960184670BD8A
S21401F6001A1D0346CBE700BFE8240020E4240020AF
S21401F610054A0346106800B97047B0F86E209A4252
S21401F620FAD04068F7E700BFE4240020054A034605
S21401F630106800B9704790F870209A42FAD0406876
S21401F640F7E700BFE424002010B9024B18687047A2
S21401F65040687047E42400200023114A2DE9F04158
S21401F6608C2113608046024601200BF06BF904469C
S21401F67020B905460B4E3060A84502D82046BDE8A5
S21401F680F08101200BF0DCF907468C2200210135C0
S21401F69013F05DFA87F8705037603E1DECE700BF47
S21401F6A0E4240020E8240020012310B58B4090F8C4
S21401F6B07110044621EA030149B280F8711000294D
S21401F6C049D110F054FD204610F0C5FC102104F17C
S21401F6D0180014F00DF82046FFF708F804F138007A
S21401F6E013F09EFD204611F0ECFF214A13681BB172
S21401F6F09C42596830D11160A36859050BD51A058B
S21401F70009D443F40063A18994F87000A36004F15E
S21401F7107802FFF74BFB00232046636013F0A1FC41
S21401F72010F0B2FE4FF48072B2FBF0F2424394F84E
S21401F73070300344B3FBF2F102FB1133DBB2591E06
S21401F740C9B2FD29F5D884F8703000236360094BEF
S21401F7501A6852B91C6010BD1A465B68002BCBD0E4
S21401F7609C42F9D163685360C6E7131D5268F0E7FF
S21401F770E4240020E824002010B5084C206830B9A5
S21401F780BDE81040064B186001200BF029B943680C
S21401F79090F871102360FFF787FFEFE7E42400205D
S21401F7A0E824002090F8743003F00B03013BDBB231
S21401F7B00A2B9ABF014AD05C0020704766430300BB
S21401F7C01FB5014690F870308DF80430FFF7EAFF58
S21401F7D0B1F862308DF80C00ADF80630B1F864303F
S21401F7E001AAADF80A30B1F866300748ADF808301E
S21401F7F0B1F86C3040F20311ADF80E3013F045FC51
S21401F80005B05DF804FB00BF9424002007B590F80E
S21401F81070308DF8051001AA40F2072103488DF8D3
S21401F820043013F032FC03B05DF804FB942400208E
S21401F83038B50A4B04461B680D462BB143699B0736
S21401F84002D511F081F930B12A4620680421BDE8BD
S21401F850384011F0E4BEA3699D6138BDEC24002058
S21401F860024B1868003818BF01207047EC240020AE
S21401F87013B50446019120B901A813F0D1FC21204B
S21401F88012E008460029FAD013F04FFD80B2002896
S21401F890F2D0094B20461B6801994BB1984728B90D
S21401F8A020460199FEF72AF902B010BD0020FBE7B9
S21401F8B011F06BFEF3E700BFEC24002038B5436A75
S21401F8C00446590415D4134A03F4004392F82B2036
S21401F8D0012A0FD1826A92040CD4002B01460CBF78
S21401F8E0532014200FF0A6FE18B9636A43F00803EC
S21401F8F0636238BD002BFCD1074D20462946FEF732
S21401F900BBF80028F5D12868AA88AB792060A280C8
S21401F910A371EAE71C2400202B2400202DE9F041E6
S21401F920164D85F82A0038B300EBC000C10000234D
S21401F930012204200BF006F8044650B904200BF00F
S21401F9407FF84827A046286095F82A30A34203DCB2
S21401F95000242046BDE8F0812E68142207FB0466C9
S21401F9600021C6F8188006F1340013F0F0F830468E
S21401F97010F00FFF0134E7E72860E9E71C240020B8
S21401F980074B93F82A20824281BF1B6800EBC00018
S21401F99003EBC003586A8CBF00F0010000207047DB
S21401F9A01C24002008B50146FFF7EAFF40B1054BCD
S21401F9B001EBC1011B6803EBC103586AC0F3C02009
S21401F9C008BD00BF1C2400202DE9F04F0746384A29
S21401F9D093B0106851680FAB03C39068354A18603E
S21401F9E0146807EBC70304EBC304E37B12AA02EB1C
S21401F9F0430333F80C1C636A94F82E80DA0494F8F7
S21401FA002F6047D40126B04641F0100194F80D90BE
S21401FA10C3F3404A5B0348BF4AF0020A8BB289F03F
S21401FA200809B8F1010F94F831500B9304F1070B54
S21401FA30D4E90723C9F3C00994F9324009D0B8F1D3
S21401FA40020F06D0B8F1040F14BF4FF000084FF0B4
S21401FA500308012E05D0022E03D0042E14BF002663
S21401FA6003263846CDE90C23FFF79CFFDDE90C237E
S21401FA700121CDE90760CDE900513846CDE90548B9
S21401FA80CDE903BA0B99CDF8089001F009FA13B045
S21401FA90BDE8F08FA26A950648BF41F020015006E6
S21401FAA048BF41F04001DA0348BF41F00401ADE729
S21401FAB0724303001C240020002170B50B4B93F801
S21401FAC02A601C688E4202DCFF25284670BDCDB236
S21401FAD02846FFF755FF28B1E37B012B02D1636A65
S21401FAE0DB06F2D401314834ECE700BF1C240020C9
S21401FAF0014B93F82A0070471C24002070B5044679
S21401FB001546FFF73DFFB8B10E4A04EBC40413686F
S21401FB10E60003EBC4035B6A13F010040FD0C3F3D3
S21401FB2000330B7013683344DB7B5A1E042A04D857
S21401FB30033B18BF01232B7070BD0023FBE7204653
S21401FB40FAE700BF1C2400203F4A70B5146800EB9A
S21401FB50C00304EBC304636A06465B0704D50023AF
S21401FB601A46194601F07EFA636A9D0706D53046A5
S21401FB70FFF72AFF636A23F002036362636A1807CA
S21401FB800CD5A27921463046C2F3C00201F008FA2C
S21401FB900546E8B9636A23F008036362304610F04D
S21401FBA0A2FF0546A0B9626AD10611D5D30404D5D1
S21401FBB030460FF03BFD40B11BE01206E37B09D453
S21401FBC0E37B626A023B012B15D9616A48071FD4A1
S21401FBD0284670BD03F0FB03012BF6D030462169A1
S21401FBE001F004FA636A256123F08003636200284A
S21401FBF0E6D00546ECE7D305E7D53046616901F066
S21401FC0013FA00236361636A23F480736362D2E7A5
S21401FC10E37BA28D012B03D1A2B1802A28BF8022CB
S21401FC2011F0400F94F830304FF0010118BF012356
S21401FC30304601F017FA0028DBD1636A23F004038B
S21401FC406362C5E74022EBE71C2400202DE9F04162
S21401FC5000244827104D95F82A30A34201DCBDE860
S21401FC60F081E6B23046FFF78BFE98B107FB04F849
S21401FC7028684044436ADA060CD55B040AD4FFF7C9
S21401FC801DFE2B68304643445A6A42F006025A6209
S21401FC90FFF75AFF0134DEE71C2400202DE9F04F60
S21401FCA0DFF8489200EBC003D9F8004089B004EBB6
S21401FCB0C30404F1100A804650460E46174613F058
S21401FCC0AFFA04F114031846029313F0A9FA0020C0
S21401FCD013F013FC0546002800F00381012F40F2C3
S21401FCE0726718BF1F27012EA6735CD0022E0CBFA9
S21401FCF0062604260221284610F06FFD012128461B
S21401FD0010F06BFD3146284610F067FD284613F0CB
S21401FD100CFB012386B2B91B0A22009389B242F674
S21401FD200723284610F0A9FD04230644B6B2B91BE2
S21401FD300093122242F60423284689B210F09DFD54
S21401FD400644B6B2BB1B012B069503932DDC00239C
S21401FD5099F82B20002A00F0A480504613F060FA90
S21401FD60636A256143F080026262DB0400F1AB80C6
S21401FD7099F82B00002840F0A68013F0BEFB0790F0
S21401FD80002800F0A080394610F032FD002800F06F
S21401FD90A4800298079D13F043FA636A656143F4F1
S21401FDA0807363628FE00526A4E7002013F0A5FBAD
S21401FDB007900028CBD0BB1E9B1B02211FFA83FB9A
S21401FDC000F06CFF8345064611D22BF001018AB282
S21401FDD0411A07A8049213F0F3FA049A164602226F
S21401FDE03EB90798F0B907A813F01AFAAFE703224D
S21401FDF0F6E7711C0698C9B2049210F0EEFC049A5C
S21401FE000698114610F0E9FC079906A813F051FB75
S21401FE10002013F072FB0790002836D0ABEB0603E8
S21401FE201FFA83FB5B46022B38BF02239A1E92B24F
S21401FE300F2A31D91021049200F030FF049A0346AC
S21401FE4082421FD222F00F018AB29346411A07A8B6
S21401FE5013F0B6FA5B460622591C0698C9B20493FB
S21401FE60059210F0BAFC059A0698114610F0B5FCFA
S21401FE70079906A813F01DFB049BB21C13449BB202
S21401FE803EB965E740B10722E6E707A813F0C8F9CF
S21401FE90334602339BB25BE707A813F0C1F933463A
S21401FEA0EEE7039A2846D11A89B210F0A1FC06465D
S21401FEB0504613F0B5F9636A256143F08002626229
S21401FEC0002E3FF452AF606A10F010000AD0404690
S21401FED009B0BDE8F04FFFF737BE07A813F0A0F949
S21401FEE0F1E71A2009B0BDE8F08F00BF1C240020FE
S21401FEF070B5054614461E46FFF742FD30B3144B57
S21401FF0005EBC505186800EBC500426A93050BD4DE
S21401FF104FF6DF73A1F120059D4217D8A4F1200505
S21401FF209D4213D8A14211D8C3698B4202D1036AFC
S21401FF30A34204D0C0E9071442F0020242629DF8CF
S21401FF401030868580F83030002070BD2120FCE717
S21401FF501C240020044A00EBC003116801EBC30116
S21401FF60CA7B10F0E3BC00BF1C240020F8B5054690
S21401FF700C46FFF705FD28B3052923D8124E05EBDD
S21401FF80C5023368D70003EBC203186913F0CDF935
S21401FF901F2817D833683B44586913F0C6F91F2841
S21401FFA010D8012C0ED0231F012B0BD93168224605
S21401FFB039444B6A284623F482534B62BDE8F84025
S21401FFC010F0B4BC2120F8BD1C240020002270B51E
S21401FFD00546114890F82A400368944201DC1A202D
S21401FFE016E0596ACE0714D493F83960760710D410
S21401FFF0D0F80F00094C1860A688A07941F00901D5
S214020000D4B298719E8020465962FFF7DDFC2C70B0
S21402001070BD01324833E0E71C2400202B24002068
S21402002070B5FFF749FDFF28044615D00B4D03B205
S214020030286803EBC30300EBC300DE00436A23F029
S2140200401003436210F09BFB29682046314434318A
S214020050BDE87040FEF71CBC70BD00BF1C2400202B
S21402006083782DE9F041122B0F464BD10B689A7913
S2140200700C321344DD781E790DB145F480553046B6
S214020080FFF77EFC48B3DFF8808006EBC604D8F89C
S2140200900020E10002EBC404636A23F010036362EB
S2140200A005BB40F20320A369A56183F87660A3F836
S2140200B072005058A188A279C3F85A00A3F85E10BD
S2140200C0184683F8602008F12E0100F059F8222223
S2140200D0294608F12E0012F03AFD3846BDE8F041F6
S2140200E013F09EB8204610F04AFB636A5A0603D500
S2140200F023F040036362F0E7304604F13401FEF772
S214020100C7FBEAE7BDE8F0811C2400200020094B6B
S21402011010B55862FFF798FA04461CB9BDE81040BD
S214020120FFF72ABB204641F2160110F039FC64683C
S214020130F3E700BF1C240020A0F11B03E02B10B540
S214020140044618D8042142F224000FF011FF6FF083
S2140201506F0343714223A0F8034083710748F9F7FF
S2140201607BFF0FF049FF407920B10FF045FF407941
S21402017040F4805010BD2120FCE700BFB7E102002A
S21402018037B504460D4610F032FC6988204610F05A
S21402019070F96A7E2B7E204643EA0223A4F8623078
S2140201A06A7F2B7F43EA0223A4F86430EA7EAB7EA2
S2140201B043EA0223A4F866301B23A4F86C302D4BC6
S2140201C0DA8B1B8CA4F86820A4F86A30022384F821
S2140201D072300FF0CBFF20460FF036FF94F87330E4
S2140201E0022B15D10FF010FF70B194F97530013360
S2140201F00AD105212046A36843F48053A36003B0C6
S214020200BDE8304010F053BC0021204610F034F90F
S2140202100021204600F00CFA4FF6FF73288C984215
S21402022025D000F0A5F9009400F090F96A46ADF8E2
S214020230040040F20621104812F027FF002240F286
S2140202400221204612F0DDFE2046FFF7B9FA2046CC
S2140202500FF000FF204600F0F7FDA368012123F40B
S21402026080432046A36010F02AFC03B030BD002075
S214020270D9E700BF1C2400209424002007B590F87C
S21402028070304FF4887101AA03488DF8043012F0DA
S214020290FCFE03B05DF804FB942400202DE9FF4128
S2140202A003780446302B0E4639D006D8052B25D0C7
S2140202B0082B41D004B0BDE8F0813E2BFAD18378FA
S2140202C00C2B4BD8022BF5D9033B092BF2D801A2F3
S2140202D052F823F06D030200D1040200B5020200B8
S2140202E0B502020069040200B5020200B50202006D
S2140202F0B5020200B5020200BD040200B0F8030017
S214020300FFF786F928B1617909B141F4805110F0FE
S21402031047FB304604B0BDE8F04112F081BFB0F8AA
S2140203200300FFF775F90028F3D0A17809B141F46C
S214020330805110F08EFBECE7B0F80300FFF768F987
S2140203400028E6D0627990F8743022B143F00103B7
S21402035080F87430E9E703F0FE03F9E7212B00F09A
S214020360CC80292B1FD0202BD3D0A3E78088FFF781
S2140203704FF90028CDD0E278002ACAD1E179A279D5
S21402038042EA0122A0F86220E17AA27A42EA012237
S214020390A0F86420227A617A42EA0122A0F8662056
S2140203A0FFF70EFAB5E7C778851C3C2F02D1FFF798
S2140203B037FEAEE790F80680B8F1000F23D15F4A09
S2140203C0546AC2F82480CFB12946204647F48057A3
S2140203D010F00DFBE76084F8728040F2012120469F
S2140203E001AACDE9014712F050FEA368414643F444
S2140203F080632046A360FFF757F98AE7294620461E
S214020400FFF7BEFE85E74FF6FF73408C984220D07A
S21402041000F0AEF8E8B101A8E27904F10801FDF7B0
S21402042009FB01A810F036FB28B140F20322294648
S214020430A0F87220E4E7032140F206400FF098FD90
S214020440A388A0F803300D2343713D48F9F704FE54
S2140204505FE73C4B223455F8042BA54243F8042BA5
S214020460F9D12A881A8054E7B0F80300FFF7D0F8CB
S21402047000283FF44EAF40F20911B4F8053090F868
S2140204807020A0F86C308DF80420ADF80630227A81
S214020490E37943EA0223ADF80830A27A637A43EAA4
S2140204A00223ADF80A30227BE37A43EA0223ADF850
S2140204B00C3001AA244812F0E8FD2AE78088FFF7EC
S2140204C0A7F800283FF425AFA179FFF79FF920E7A8
S2140204D08088FFF79DF800283FF41BAF90F8703035
S2140204E00E218DF80430D4F8063001AACDF8053076
S2140204F0D4F80A30CDF80930DCE78088FFF788F8B0
S21402050000283FF406AF90F870304FF403718DF870
S2140205100430E37801AA8DF80530A3798DF8063009
S214020520E3798DF80730237A8DF80830637A8DF8F0
S2140205300930A37A8DF80A30BCE700BF1C240020DD
S2140205409BE002004A2400209424002050B10C2292
S214020550064B1B68C31AB3FBF2F3807A40EA032009
S21402056080B270474FF6FF70704700BFA40B0020A2
S214020570024609490B7A0968FF2B01D10020704711
S21402058003EB430301EB830031F82330C3F30B0381
S2140205909342F4D0C37AEFE7A40B002008B5054BCC
S2140205A0054A1978054813F0DAF8F722044B1A8040
S2140205B008BD00BF362B00207E430300CA2A002057
S2140205C0E80C002010B5044670B30068836CA342A2
S2140205D022D1636883642246144912F01EFD04F198
S2140205E00C0012F03EFD04F1440012F019FEFFF773
S2140205F037F958B1A06948B1143012F011FEA0695B
S214020600183012F00DFEA0690AF02CFC2046BDE858
S21402061010400AF027BC1346002BDCD05A68A242D0
S214020620F9D162685A60D6E710BD00BFD90B030045
S214020630F8B5054648200E4613F096F8294F0446AC
S214020640387818B14822214613F08CF88CB1FFF79F
S21402065007F998B11C2013F087F80146A061387894
S21402066010B11C2213F07EF8A3692BB920460AF0BB
S214020670F9FB00242046F8BD00221A700321284602
S2140206800FF0FAFEAB6C22466360AC641723268139
S21402069000266381144928462560267766640AF098
S2140206A0C5F800F01DFF3246014604F10C000AF0C0
S2140206B0BDF802232374FFF7D3F80028DAD00B4BD9
S2140206C019881729D6D920460FF065FF0028D1D100
S2140206D01221204610F045FA636943F00203636173
S2140206E0C8E700BFCA2A0020D90B0300E80C002086
S2140206F0F8B5054610B3002920DB114C2468247E89
S2140207008C421BDD3F2919DC032701F0030600EBB0
S214020710A10191F831407600B74002F0030224EAC4
S2140207200704B240224381F8312013B1002110F0B1
S214020730D2FA2846BDE8F84010F02ABBF8BD00BF42
S214020740F824002070B5164600221A7032800A7A03
S2140207500D46072A4DD8DFE802F004090D111A1ECD
S214020760304AE86830F8023B338043E0EB68981D75
S2140207705B88F9E7EB68981D9B88F5E7697B10F0C4
S214020780F7FA02221C4B18801846328032E0022307
S2140207901A4833802EE01A4C2B7BE88923702B886C
S2140207A0E11C013363702B8801331B12A37000F027
S2140207B0DBF90330308020461CE0124CA889EB8916
S2140207C0020AA3701B0A20706270E37000F040FAFF
S2140207D058B1C3681A88022A07D19A782271DB7840
S2140207E0637106230748338004E00423FAE7802275
S2140207F01A70002070BD00BFE42A00208E4303005A
S214020800D12A0020CB2A0020054A064B186013681E
S21402081043F001031360828B034B1A80704700BFBC
S214020820F0240020F8240020FC29002000232DE9D3
S214020830F04FDFF8C09191B0D9F80070054617F076
S2140208400807CDE90633CDE908330AD0664B03F133
S214020850100253F8041B934245F8041BF9D10020FA
S21402086011E00320F4F7F0FE12F07EFF804648B156
S2140208700620F4F7E9FE12F077FF064630B9404646
S2140208800AF0F0FA1A2011B0BDE8F08FCDE904772D
S214020890F7F7DAFB044668B140460AF0E3FA304658
S2140208A00AF0E0FA40F2074021460FF0ACFB40F2B5
S2140208B00740E8E74FF4A0524C4BC6E90323F3691E
S2140208C0002B42D14FF410533380802310227380C2
S2140208D0304604AB06A90BF057FE0446A0B94046C4
S2140208E0424A04990BF02EFF044668B98346404BF1
S2140208F0BAB21B68D98891422FD8102229464046A0
S21402090005AB0BF03DFF044640460BF0A5FE404605
S2140209100AF0A8FA30460BF064FF30460AF0A2FA54
S21402092004980BF01DFE002CBCD12F4B05F11002D3
S21402093055F8041B954243F8041BF9D1D9F8003048
S21402094043F00803C9F8003089E73B463A464FF4BD
S214020950105130460BF051FFB7E71A68BCB22101BE
S21402096002EB04142046ADF80EB00191009210F08E
S214020970F7FD8246204600F03FF930B3DDE900215C
S214020980AAF5205080B2032802D9BAF5245F1ED1F8
S214020990525A00202146ADF828200DF10D030DF124
S2140209A00E02ADF82AA0FFF7CDFEBDF80E200146D6
S2140209B00BA812F0D7F8BDF80E20404604320AA95A
S2140209C00BF0C3FE044600289ED101378FE70AF5D6
S2140209D05640FF3080B20428F7D8525AADF82AA003
S2140209E0ADF82820E7E700BFE62A00200002C00391
S2140209F0F8240020F0240020134B01461B6870B533
S214020A0013F0040306D00022104B1C68E38990B250
S214020A10834209D80E4A14680022E58990B28542BC
S214020A2009D84FF6FF7005E0A56835F81250013276
S214020A308D42ECD170BDA66836F8126001328E4245
S214020A40ECD1034498B2F5E7F0240020F424002009
S214020A50F8240020094B1B685B070AD5084B1A6866
S214020A60D389834203D9936833F810007047C01ABB
S214020A7080B2044B1B689B68F6E700BFF024002098
S214020A80F4240020F824002038B5046805460C2219
S214020A902046084912F031F850B90222064904F1FC
S214020AA00E0012F02AF818B902200C342C6038BD59
S214020AB01020FCE7914303009F4303002DE9F74310
S214020AC0102801910BD0022804D04FF6FF7003B015
S214020AD0BDE8F083019B1888FFF78EFFF7E701A8B1
S214020AE0FFF7D2FF0228F5D01028EED11B4B019F4C
S214020AF01E6816F0040608D00024194BD3F80080AE
S214020B00B8F81660A5B2AE421AD80025154BD3F82F
S214020B100080B8F81690ACB24C45D6D2D8F8100081
S214020B20102200EB0510394611F0E7FF01350028C8
S214020B30F1D1A0196FEA40406FEA504080B2C6E792
S214020B40D8F81000102200EB0410394611F0D5FF39
S214020B5001340028D6D145F40040B8E7F02400203E
S214020B60F4240020F8240020020408B51DD5124BF8
S214020B70C0F30E001B685B0713D5104B1A68D38AA6
S214020B8098420CD2136903EB001000F1100350F8E0
S214020B90042B984241F8042BF9D1102008BDC01A44
S214020BA080B2074B1B681B69EDE7FFF753FF08701F
S214020BB0000A48700220F1E7F0240020F424002006
S214020BC0F824002070B5044642F60306094B1B685B
S214020BD01D68A5420AD2204629B910F0C1FCB042CF
S214020BE006D1103402E010F0C5FC08B1204670BDF4
S214020BF0103CEEE7F8240020437ADA0702D5C3F366
S214020C0080007047034BC2881B881A4214BF01201B
S214020C1000207047FC2900200A4B1B68DB0708D51A
S214020C2070B1094B1B68DB88834234BF0020012069
S214020C30704728B1054B1B88834294BF00200120D1
S214020C40704700BFF0240020F8240020FE29002070
S214020C5070B50246FFF7E0FFE8B10F4B1968CD8882
S214020C60954209D302F180500B680138040103EB68
S214020C7000101B5B93420ED0002398B2854201D827
S214020C80002008E00E681C01345B06EB0310944259
S214020C9003F10103F1D170BDF82400202DE9F341E0
S214020CA000250E46A846174F01903A68ABB2D18887
S214020CB099421DD91468ABB204EB0314B4F904309C
S214020CC0002B1CDA2046FFF797FFC0B1E1680B88BD
S214020CD09E4214D132460198023112F0B9FCE36802
S214020CE082B21B88934207D0114601A812F068FB15
S214020CF0404602B0BDE8F08143441FFA83F801354E
S214020D00D3E700BFF824002008B5002142F20E0007
S214020D100FF02EF9BDE808400148F9F79DB900BF6B
S214020D2087E1020038B590F872300446032B154668
S214020D3006D1FFF7E9FF0123002084F8723019E09C
S214020D40C9B9012B2DD9032140F206400FF010F944
S214020D50B4F86E304571A0F803301348F9F77CF901
S214020D600FF04AF98378002BE5D00FF045F980782A
S214020D7040F4805038BDA3B102214FF604400FF074
S214020D80F7F8B4F86E30A0F803300848F9F764F9BB
S214020D900FF032F94379002BCDD00FF02DF94079C0
S214020DA0E6E70220E6E700BF9BE00200D1E0020091
S214020DB0F8B507460E4642F213000E2115461C46AB
S214020DC00FF0D6F8B7F86E30A0F80560A0F803303A
S214020DD0BDF81830A0F80750A0F80B30BDF81C304C
S214020DE0A0F80940A0F80D30BDF82030A0F80F306A
S214020DF00648F9F731F90FF0FFF8807820B10FF0C6
S214020E00FBF8807840F48050F8BD00BF13E1020082
S214020E1070B506460D4642F27A00042114460FF0DB
S214020E20A7F8A0F80360457184710648F9F714F92B
S214020E300FF0E2F8407920B10FF0DEF8407940F486
S214020E40805070BD13E5020010B50446022142F23E
S214020E5030000FF08DF8B4F86E30A0F803300F486B
S214020E60F9F7FAF80FF0C8F8437963B90FF0C4F847
S214020E70C088FEF7CDFB044628B10FF0BDF8017A14
S214020E802046FEF7C3FC0FF0B7F8407920B10FF00A
S214020E90B3F8407940F4805010BD00BF7DA3010036
S214020EA02DE9F041154606460F4642F23600192154
S214020EB01C46DDF824800FF05BF82B0AC371230A68
S214020EC083729DF81830857103739DF81C30447246
S214020ED043739DF820302D0C240CC6708780057253
S214020EE0C4728373D8F80030C0F80F30B8F80430F4
S214020EF08676A0F813309DF8283043759DF92C307D
S214020F0083759DF83030C375002303769DF8343020
S214020F1043769DF83830C3760648F9F79DF80FF009
S214020F206BF8407920B10FF067F8407940F48050B2
S214020F30BDE8F08125A1010038B505460C464FF6FE
S214020F40194005210FF014F8C57044600648F9F7F9
S214020F5083F80FF051F8407920B10FF04DF8407940
S214020F6040F4805038BD00BF47DE020038B5054663
S214020F700C464FF61A4005210EF0FAFFC570446083
S214020F800648F9F769F80FF037F8407920B10FF004
S214020F9033F8407940F4805038BD00BF77DE020057
S214020FA070B50D4606460121DAB1FFF7C5FF0446C5
S214020FB0A8B9072142F235000EF0DAFFC6702B6898
S214020FC04360AB8803810848F9F746F80FF014F837
S214020FD0437923B10FF010F8447944F48054204644
S214020FE070BDFFF7C3FFE2E707E002000A4610B54E
S214020FF00421044642F237000EF0CFFF03230371AA
S2140210000023C470437183710648F9F725F80EF081
S214021010F3FF407920B10EF0EFFF407940F48050A4
S21402102010BD00BFFBDE02000A4610B504210446CE
S21402103042F238000EF0B1FF032303710023C4709E
S214021040437183710648F9F707F80EF0D5FF407929
S21402105020B10EF0D1FF407940F4805010BD00BFA1
S21402106047DF0200F8B506460F4642F2390006216F
S21402107014461D460EF07CFF01238471240A037178
S214021080C7704671C47105720648F8F7E5FF0EF0A0
S214021090B3FF407920B10EF0AFFF407940F48050A4
S2140210A0F8BD00BF93DF02000148FDF7DBB900BFC1
S2140210B0B51002002DE9F04F867987B00C36059000
S2140210C00546805BC0F30B00FEF7A2FA044618B989
S2140210D005A812F0A5F84EE090F87230022BF7D170
S2140210E0AB5B059AC3F30B0103F44053B3F5805F81
S2140210F09060A95342D153796FF300035371836B07
S214021100002BE5D0042105A804F1380612F031F9C7
S2140211103046059912F014F9A06B002301465A1CBA
S214021120A9BBDBB2012B01D912F07BF9A06B12F03E
S214021130FCF803281FD9D4F83890484699F8067068
S21402114012F0F3F80C3709EB070539F80770A0F12F
S2140211500408474522D9524FD4F838A007F110099F
S21402116057F804BB5346424629462046D8474F45C1
S21402117010D00028F4D007B0BDE8F08F383012F057
S2140211804FF8059A537943F001035371BAE71346B1
S2140211900968C4E70028EED130469AE7A06B12F041
S2140211A0C4F804378742F7D36988A1F140033F2B7E
S2140211B00BD80421304612F0DCF82046A26B698870
S2140211C010F077FA0023A363D5E705290BD006298A
S2140211D061D00429E0D1304612F0CBF8A16BA06CA6
S2140211E0FEF746FBEEE72946204610F060FA024676
S2140211F00028D1D12B79122B06D0132B36D02046BD
S214021200697910F02CFAC7E794F87330022BF6D0FF
S21402121040F67A4029898B1F9BB2834224D86A897A
S214021220931F9BB283421FD891421DD8AB89B3F558
S214021230FA7F19D240F6764CEF89A7F10A0080B2FF
S214021240604511D8B4F86A000290B4F86800CDE997
S21402125000702046FFF7ACFD021E18BF0122204692
S214021260697910F0B8F997E70122F8E794F8733035
S214021270012B03D12046697910F0F1F9A3681A040C
S2140212808AD523F40043A3602B89012B84D1204600
S214021290FEF7F4FF80E72046A16B0EF0BCFE91E756
S2140212A0A4430300184640F20A4322F000429A4240
S2140212B02DE9F04120D8B2F5806F01D800203EE03B
S2140212C06FF480642244092AF8D801A353F822F066
S2140212D017130200231302004313020091130200A5
S2140212E065130200AD130200CF130200D7130200EB
S2140212F0BD120200EF1302006FF4A0615318042B14
S214021300DCD8A2F20252032A79D8DFE812F08A0069
S2140213109200B700CB000578448864480FF037F88F
S2140213203EE005784468826900F1080300216048BF
S2140213300FF03EF810B10571C0F805400120BDE877
S214021340F081067845880479826900F10803002155
S21402135058480FF02DF80028F0D00671A0F8055076
S214021360C471EBE704790778A4F11B03594259418B
S2140213704688C58800F1080289004F480FF03DF8FC
S2140213800028DBD00771A0F80560C4710581D5E797
S214021390057844884269031D002148480FF008F882
S2140213A00028CBD00571A0F80540C7E70678458827
S2140213B0848800F10802002141480FF01EF8002838
S2140213C0BCD00671A0F80550A0F80740B6E705782D
S2140213D044683C48A2E704783A480EF0D8FF002852
S2140213E0ACD007234371002304718371A6E7047807
S2140213F035480EF0CCFF0028A0D004719EE707788F
S21402140046880579C48800F1080200212F480EF0AC
S214021410F4FF002892D00771A0F80560C571048118
S2140214208CE7077846880579C48829480EF0AFFF0E
S214021430EFE787684588047906787FB1C78800F1A8
S2140214400802002123480EF0D8FF00283FF476AFAA
S2140214500671A0F80550C47107816FE73B463A460D
S21402146039461C480EF0A4FF00283FF467AF067109
S214021470A0F80550C471077247725FE790F80080C3
S21402148047880679C588048913480EF080FF00282D
S2140214903FF454AF80F80480A0F80570C671058149
S2140214A044814BE7057844680C4837E7E443030079
S2140214B0E0430300DC430300D4430300D8430300A5
S2140214C0D0430300CC430300B4430300C8430300E5
S2140214D0C4430300C0430300BC430300B8430300F5
S2140214E000487047A51202002DE9F04F144687B057
S2140214F09B46C36B06460D465B69012202A96068DD
S2140215009847F36B012203A95B692846984702A80D
S21402151010F092FC074648B10023A37563754FF09E
S214021520FF33A360002007B0BDE8F08F03A810F0D9
S21402153090FC0123A375237E04EBC303DD611F84A5
S2140215406368AB420ED1206003A810F0A4FC4FF0F3
S214021550FF332075A360237D043B022B25D800238E
S214021560A375DFE723681A1A03A853425341A375EB
S21402157010F091FC237D834203A818BFA77510F0D4
S2140215806CFC074602A810F068FC874203A81CBF42
S2140215900023A37510F069FC074602A810F065FC4C
S2140215A087421CBF0023A375D5E703A810F055FC9D
S2140215B080B1F36B022204A928465B69984704A807
S2140215C010F05AFC0346207D032839D8DFE800F0E5
S2140215D03838040903A8F3E7237ECC2204EBC303BE
S2140215E01A8401F0C9FA109B187003A8277E10F01F
S2140215F028FC04EBC70787F8220003A8237E04EB27
S214021600C303B3F8209093F8227010F026FC8046AD
S21402161003A810F02AFC8246B8F1000F15D0F36B2F
S214021620022204A928465B69984704A810F0E9FB41
S2140216306075637D6BB90023A3754FF0000838E030
S214021640227E04EBC2021384CBE703A810F0C4FB8D
S214021650EEE794F81680B8F1000FEED0B9F1000F5D
S21402166009D1DFB10123627EE375002A44D19F428D
S21402167018D1677614E0736C05EB0A02594285EAC4
S214021680020008421CBF0021A175591E0A409B1A7F
S2140216909945D0D8A37D002BE3D1CEE7E37D43B9AD
S2140216A04FF000084B4652462946304610F040F9A5
S2140216B0A060A27D12B123694B4423611349237EA5
S2140216C0097899421ED901332376BBF1000F1BD04D
S2140216D0D2B1E37DC3B1B8F1000F15D1032F13D0F9
S2140216E0A1684B1C10D0109B224630460093012363
S2140216F0FFF7FAFEA07507E0012FDAD0032F08BF26
S214021700A376CDE70023A375A07D0CE7643E030015
S2140217102DE9F04F0E468BB09846002304464FF054
S214021720FF31104617468DF8133001F00FFAB6F562
S214021730801F3BD3B21C53D1E56A6B1C57D1616A3A
S214021740204610F03BF80546B31CDFF8189118BF88
S21402175001230193636A05A9626C4FF0000B0293A2
S214021760236802FB053AE36B05225B6950469847FD
S21402177005A810F01AFC10F03DFC504610F045FC8F
S214021780824601464B1C05D0636C81EA0A025B4224
S214021790134232D02946204610F010F8029BAB4284
S2140217A04DD0BBF1000F4DD10546D3E7314605AA11
S2140217B004F1080010F0F6FA0146481C10D038462C
S2140217C001F0C4F90DF1130301223946204610F048
S2140217D02BF928B19DF8133088F80030002003E07A
S2140217E0237C002BA8D11D480BB0BDE8F08F2368E0
S2140217F0ED1A636CB5FBF3F5A6E7484601F0A6F9C9
S2140218000DF11303019A4946204610F00DF90346DE
S21402181090B1B21C03D0D9F80020B2420CD19DF888
S21402182013204946039338460D4B88F800201A6861
S21402183011F098F9039B9B46D9F80810A2E7BBF172
S214021840000FD0D0B6F5801FC8D298F800303146C7
S2140218507A6804F1080001F0BDF8BFE70BE000F07B
S214021860603E0300901C00202DE9F3410E4604461C
S21402187017469846816A194DE36A8B422AD04B1C5A
S21402188018E0284601F062F90DF107030122294605
S214021890204610F0C9F830B143469DF80720294685
S2140218A02046B847B0B1A9684A1C05D0012E0AD016
S2140218B0E36A9942E5D10DE06968204610F00BF81C
S2140218C0012E0146D8D16B6881EA0302636C5B4243
S2140218D01A42D1D002B0BDE8F08100BF641C0020DD
S2140218E02DE9F041036B9046826B90B007680E4676
S2140218F09A42426C01A9044688BF8363436A02FB8C
S2140219000377C36B05225B693846984701A810F037
S2140219104CFB01280146307056D0656C06A9E26B76
S2140219202368606AD2F814C0052205FB0030002541
S214021930E04706A810F039FB012823D001218DF8D4
S21402194034800E958DF83C10D4E90A32CDE90B4569
S21402195093422AD1194620460FF0BDFF236B626CD4
S2140219601433E0629B1A23630C9B53B99DF83C30F8
S2140219703BB1626A616C2368E06B01FB023110F0D6
S214021980CCFA0C9DE36B052201A938465B699847A1
S21402199001A810F00AFB3070236B2846A26B9A420D
S2140219A088BFA36310B0BDE8F081237C33B90BAACD
S2140219B01C4904F1080001F05DF8D5E70BAB1A4AA2
S2140219C02046FFF751FFCFE7237C23BB2246174969
S2140219D004F1080001F04EF8616A20460FF00FFF8E
S2140219E0616A421C20460FF0D8FE054620B9236BDA
S2140219F0626C1344143B2363A16A20460FF06BFF0C
S214021A002368A062C01A636CB0FBF3F060622046E3
S214021A100FF0A5FFB6E70023054A2046FFF724FF8E
S214021A20DAE700BF1522020091210200B11A030074
S214021A304D1A030073B50D46D11E1C461B7E4A4244
S214021A404A419A4226D129682368994222D363687A
S214021A5099421FD8114E0DF107033246FFF758FE82
S214021A60C0B972686B689A4214D19DF80730DA1EC4
S214021A7053425341227E93420CD163690133636120
S214021A80D4E90323934205D22968A26842F82310B8
S214021A9001332361012002B070BD00BFBC1C0020D0
S214021AA02DE9F04F8BB09A46DFF854B180469DF888
S214021AB050300D4616460293DBF810305345C0F000
S214021AC09880DBF80430D1460193B9F1000F00F09C
S214021AD08C80D8F83C30012207A901985B699847A8
S214021AE007A810F0B6F9DBF80030984240F0848080
S214021AF007A810F0BAF90428074614D107A810F070
S214021B00BBF9019B029A04463B44002A3ED1864218
S214021B1012D9361A1446019940460FF0DCFEA9EB9C
S214021B2004090190D1E7D8F83C30022208A90198AE
S214021B305B69984708A8E2E7841B9F19544528BFAB
S214021B405446032CAAEB040A4FEA94021CD9D8F88E
S214021B503C302946384604F003065B69984724F071
S214021B6003031F441D44002ED5D0D8F83C30012272
S214021B7008A938465B6998473246284608A935447C
S214021B8010F0F0FF0026C6E72646ECE700F0030258
S214021B900344074603922A1805930492049BDD1B0E
S214021BA0059BD81B039B9F420FD1002FB3D0D8F8BA
S214021BB03C30012208A95B6998473A4608A928469C
S214021BC010F09BFF78B93D44A5E7D8F83C300122D7
S214021BD008A95B699847042208A9284610F08DFFD9
S214021BE008B9043FDAE7DFF81C9048460BB0BDE8B8
S214021BF0F08FDFF81490F8E7DFF81090F5E700BFF3
S214021C00E81C002012E000F011E000F022E000F0F4
S214021C102DE9F0410F4688B016469846044660B352
S214021C2090F83450FDB101210FF08DFD0E9B00217E
S214021C30CDF804800496CDE902379DF83C308DF845
S214021C401C30237CCDE905118BB901AA0C4904F19D
S214021C50080000F00FFFE06BDDE90553002E08BF19
S214021C601D460FF033FF284608B0BDE8F08101ABF1
S214021C70044A2046FFF7F8FDEDE70546F3E700BF06
S214021C807B1A0300351A02002DE9F04F99B00F4671
S214021C90044609920A69416C0E93D31D1439B3FBAC
S214021CA0F1F3013302EBC302036B9342C0F00F82DF
S214021CB00023DFF824940D93E36A484619460793F7
S214021CC000F044FFD7E9033604930E9B022B4ED155
S214021CD0CC2E40F08C81099B002B42D03946204600
S214021CE00FF052FF656C079A6B1E14901340ED1AA4
S214021CF0E36B012216A978685B69984716A810F06C
S214021D00ACF800280CBF04230823782E06933FD98C
S214021D10012300254FF0080A05933B6805990E98A3
S214021D20C9F80030C9F8106010F0B9F84FEA9A0303
S214021D30DDF81CB089F81400109300230B930F9360
S214021D4008930C93616C4A1E0BEA02028B1A002E51
S214021D503AD05544AB4242D8236B5B1A13442363F2
S214021D60ADE0049B1B68149308230693D0E7656CCA
S214021D70782E079A05F1FF3303EA0203A5EB030563
S214021D8016D8FB7D7BB9099B002BB1D104230693A1
S214021D90331DAB4210D9A6B1082DB9D804250023AD
S214021DA0AA460593B9E7099B002BA1D10823EEE7C3
S214021DB0099B002B9CD1D7E7002505954FF0040A16
S214021DC0ABE704250596F9E75345C5D30BEB0A03A3
S214021DD0B0460393089B002B18BF032313E0A3EB24
S214021DE00A03B0460BEB0A029E42039228BF9846AD
S214021DF09E42EFD9D9F810200123964289F817306F
S214021E0071D1C9F804B0089399F81730002B6CD03A
S214021E1099F818200899D31C013209EBC30389F8F4
S214021E201820C3F804B0A3F808809972B8F1000F1E
S214021E3014D00E9B022B5BD10B9B7BB90F9B4344AA
S214021E40032B0BD9E36B012214A903989B699847CD
S214021E500546002840F03D8101230B93089B16A8F7
S214021E600193059B0093434699F81420396800F0C5
S214021E7023FEE36B109A16A99B6958469847051EDF
S214021E800D9B18BF5B4652460D9359464346204665
S214021E900FF04EFD236B08F10302C9F80800A3EB0E
S214021EA00A0322F003029B1A2363002D40F01181DD
S214021EB00F9BA6EB0806DDF80CB043440F93594679
S214021EC020460FF008FD00258346002E7FF43AAF29
S214021ED0814A04F10800396893685268E3620E9BEF
S214021EE000F078FDDEE002238DE7C9F804B09DE736
S214021EF0099B002B30D1049BB8F1030F43440A938D
S214021F0027D9E36B4FEA98029B69DDE903019847FC
S214021F100546002865D118F003025FD028F00305B5
S214021F20049B2B440493039B1D444FF0FF330499F8
S214021F3015A8159310F016FEE36B2846012215A984
S214021F409B6998470A9B05460493002D86D0039BFF
S214021F5099E7039D4246E8E7039B0A9307F12003AD
S214021F601193FB7D78689BB13D7E00230C9AD9B213
S214021F708D4211D9119903F1010C31F833109142B7
S214021F8026D907EBC3030699D8690A44104403E02E
S214021F900C9B069A13441844E36B012215A95B694D
S214021FA09847159B012213A913930C9B0A98043396
S214021FB00C93E36B9B699847039B0A9A0546434436
S214021FC09B1A042B07D978B9134604330A93C8E739
S214021FD0521A6346CBE70A9B0393B6E70A9B04931F
S214021FE03CE70A9B0493B2E70A9B0393AFE73B4E98
S214021FF004F1080303932368079A606CA2EB030AB2
S214022000BAFBF0FA00FB0A300FF0FFFFE16A8046E7
S21402201020460FF060FCA26A82424AD0626CD9F86F
S2140220200830511E2568E0620B40216B891A0B446A
S21402203023630D9B5D1BB5FBF2F5AA4536D1079BC4
S214022040B3EB080A12D0E36B4FEA9A0241469B6949
S2140220509847E36A079A834653440398DA46E3624C
S214022060236B9B1A434423630FF06DFE2368616C57
S214022070E06B01FB05310FF03DFF20460FF06EFBD3
S21402208020460FF06CFC2063BAF1000F11D03A69BB
S214022090616CD31D1439B3FBF1F3013302EBC302B7
S2140220A09042A8D2304619B0BDE8F08F4FF0000A31
S2140220B0DCE73A69616CD31D1439B3FBF1F30133E3
S2140220C002EBC302236B9342BFF4F6ADEAE7044E7B
S2140220D0E8E72E468CE700BF901C002023E000F0C5
S2140220E006E000F02DE9F3471E464369044688469B
S2140220F0B34217469DF828903DD300258DF8075029
S214022100D4F830A020460FF0F5FA82450AD2236AA8
S214022110B5EB430F06D200220DF107012046FFF76A
S214022120DFFB30B39DF80730012B05D100220DF1FD
S21402213007012046FFF7D4FBB9F1030F06D0256B43
S214022140314620460FF0C1FA854218D30D4D4FF0A6
S214022150FF31284600F0FAFC4B460022294620466C
S214022160C5F80080C5E9037602B0BDE8F047FFF780
S2140221708BBD0135C4E7044802B0BDE8F0870348CA
S214022180FAE700BFBC1C00200FE000F006E000F0FB
S214022190032A2DE9F34106460D4617461C4606D18C
S2140221A0237A012B23D0012002B0BDE8F081DFF8AC
S2140221B060800DF1070309684246FFF7A9FA6060DE
S2140221C00028EDD19DF80720237A032AE8D0D8F814
S2140221D004106A689142E3D1012B2969D4F80CC035
S2140221E007D10CEB01037269934202D92074207C5A
S2140221F0DAE708313B46012230466144E16029466F
S214022200FFF742FD60600028CAD00020CCE700BF7E
S214022210BC1C00202DE9F341089C032A17462668B9
S21402222006D1237A012B24D0012002B0BDE8F0812A
S214022230DFF890800DF1070330464246FFF768FA52
S21402224060600028EDD12568D8F80400A96AD5F8A0
S21402225044C04840227ACCF100031840E1D1012A5A
S21402226009D1E268D8F8103013447269934202D951
S2140222702074207CD9E72868EB6A1B1A081AB3FB7D
S214022280FCF3B0FBFCF083420BD1706CF36A421E87
S2140222901340326B121A2846134433630FF01BFBAB
S2140222A0E862D8F81020E36808320649206813442A
S2140222B00122E3603B46FFF7E7FC60600028B0D0EF
S2140222C00020B2E7BC1C00202DE9F04F4FF0FF3390
S2140222D04FF6FF72002500F10806044687B0C36277
S2140222E00F4605620563C0E9092330460FF02BFD51
S2140222F020460FF033FA28BB204639460FF0AEFAD6
S21402230020460FF02BFA28BB8A4D20460FF05AFBC8
S214022310ECE0E26B01A92368606CD2F814C00522D7
S21402232000FB0530E04701A80FF03FFE012828D148
S214022330294620460FF063FA421C294620460FF033
S2140223402CFA0135E3699D42E3D320460FF006FAE4
S2140223500028D1D000254FF0FF394FF6FF73CA464A
S214022360A846C4E90853E369984514D3A5EB0905C2
S214022370012D37D8636A4FF6FF72934247D16E4DEE
S214022380C3E70FF03CFE0028DBD0294620460FF0BC
S21402239036FA0246D1E7236801A9E26B606C5769F8
S2140223A0052200FB0830B84701A80FF0FEFD834661
S2140223B001A80FF0D1FD074658460FF01BFE70B17C
S2140223C05745236ABA4638BFC4F82480B94503F194
S2140223D0010328BFB946BD42236238BF3D4608F115
S2140223E00108C0E74FF6FF7300256362E3699D426A
S2140223F0C0D2676C0522206801A9E36B07FB0500C3
S21402240001355B69984701A80FF0A6FDEEE7E26B7F
S21402241001A9676C20685569052207FB0300A847D7
S21402242001A80FF099FD626A2368606C434D00FBB9
S21402243002300FF0EAFD4FF0FF33A0622A46E36255
S2140224406FF001010DF103032046FFF761F9002842
S21402245050D1AD6829462046E5620FF05BF920634D
S21402246020B9E16A20460FF036FAE0622946204695
S2140224700FF031FA0546A36A9D423DD165692046B2
S214022480626CE91C143AB1FBF2F105EBC1050335A7
S214022490B5FBF2F502350FF095FA8046A8423DD21A
S2140224A0616A20460FF08AF90027064604F1400AC0
S2140224B0474512D3626C01A9236802FB0639E36B17
S2140224C005225B694846984701A80FF045FD53462A
S2140224D002464946E06B0FF09AFD01373146204628
S2140224E00FF06CF9AF420646E2D3154D284607B008
S2140224F0BDE8F08FA56AADE7294620460FF00AF937
S214022500236B074629460344204623630FF0E3F96C
S2140225100546002FAFD1C4E90B07ACE730460025CD
S2140225200FF011FC0023074A20461946FFF79CF9D4
S214022530EBE600BF03E000F016E000F0BC1C002053
S21402254013E000F0171A0300634A00232DE9F04156
S21402255017680E460446136018B9604D2846BDE853
S214022560F08190F834500DB309680268914240F049
S214022570AA8071684268914240F0A580B16882687C
S214022580914240F0A080F168C268914240F09B8080
S21402259031694269914240F09680B169C26B9142BC
S2140225A040F0918072691D468261D7E75022294623
S2140225B0D0F8388010F0CBFA336804F10800C4F87B
S2140225C03880236073686360336963617369D6E930
S2140225D00212A3610FF0C9FBB36904F14000E36382
S2140225E09B68984794F8432020B1E561002AB4D04E
S2140225F03B4DB3E7656C002DF7D06668B6FBF5F386
S214022600E361002AA9D0B542F2D82268B2FBF5F1FE
S21402261005FB1122002A58D105FB1363002B54D167
S21402262020460FF067F8A369043303449E424ED354
S214022630636940F63472CC3B93424AD8B5F5007FC4
S214022640D6D3032120460FF07EF8E36BD4E90001CF
S2140226501B689847E36B05460220DB6898471DB166
S214022660002384F834301EE039462046FFF72CFE5D
S2140226701C4B0546984204D139462046FFF724FEF5
S2140226800546636C143B002DEAD1226A204602FB03
S21402269003F60FF02FF8A369043303449E4206D2D2
S2140226A084F83450104DE06B0FF010FA56E70F4ADC
S2140226B0012384F8343013680133D4E9000113602F
S2140226C008F0DFFDEFE70A4D48E70A4D46E7064DFC
S2140226D044E7094D42E700BF0025002009E000F06C
S2140226E004E000F013E000F002E000F0FC2400201A
S2140226F008E000F001E000F005E000F02DE9FF41FF
S2140227000F4690461E46054698B390F8343093B36B
S214022710B1F5801F31D21A4C02210FF014F80DF1D8
S2140227200F03224639462846FEF7F2FF024678B1E4
S214022730012342463946284600933346FFF7D2FC29
S2140227400446E86B0FF0C2F9204604B0BDE8F081FB
S2140227509DF80F30012BEBD12169B142E8D10093ED
S214022760414633462846FFF79BF904460028DFD148
S214022770E7E7044CE8E7044CE6E7044CE4E700BF6E
S214022780E81C002009E000F007E000F00AE000F094
S2140227902DE9FF410C4616461F46054688B390F8BB
S2140227A0343083B3B1F5801F2FD2DFF87C8001214D
S2140227B00EF0C9FF21460DF10F0342462846FEF7EA
S2140227C0A7FF044670B99DF80F30012B11D1D8F837
S2140227D01030BB4213D10246009031462846FFF71E
S2140227E05FF90446E86B0FF071F9204604B0BDE8C5
S2140227F0F081074C074A022B08BF1446F2E7064C44
S214022800F0E7064CF1E7064CEFE7064CEDE700BFB3
S2140228100BE000F00CE000F011E000F009E000F040
S21402282007E000F00AE000F0E81C00202DE9F04383
S21402283085B00C4617461E46DDF830800546A0B326
S21402284090F834309BB3B1F5801F32D2DFF8809017
S21402285001210EF078FF21460DF10F034A46284665
S214022860FEF756FF044688B99DF80F30012B14D1A7
S21402287006EB0803D9F810209A4214D30090434678
S214022880324639462846FFF70BF90446E86B0FF046
S2140228901DF9204605B0BDE8F083074C074A022B17
S2140228A008BF1446F2E7064CF0E7064CF1E7064C82
S2140228B0EFE7064CEDE700BF0BE000F00CE000F09F
S2140228C011E000F009E000F007E000F00AE000F096
S2140228D0E81C00202DE9F3411F4600230C4616464D
S2140228E005463B6050B390F834304BB3B1F5801FC9
S2140228F028D2DFF8648001210EF025FF21460DF173
S214022900070342462846FEF703FF0446A0B99DF891
S2140229100730032B10D0022B0AD101233360042385
S2140229203B60E86B0FF0D2F8204602B0BDE8F081BB
S214022930D8F810303060F3E7034CF2E7034CF3E7C5
S214022940034CF1E7034CEFE70BE000F009E000F080
S21402295007E000F00AE000F0E81C002030B50C4664
S21402296085B0054628B390F8343023B3B1F5801FFE
S21402297023D202210EF0E7FE0DF10F03104A214684
S2140229802846FEF7C5FE034688B99DF80F20032A9F
S2140229900DD003222146009202462846FFF7A2FBEC
S2140229A00446E86B0FF092F8204605B030BD054CA1
S2140229B0F7E7054CF8E7054CF6E7054CF4E700BFE9
S2140229C0E81C00200BE000F009E000F007E000F051
S2140229D00AE000F02DE9F0414668002E46D0056870
S2140229E04FF0000CA846AE4655F83C400CF1010CE0
S2140229F0C4F31307013401D0B94218D0B4450EF11E
S214022A00080EF1D12F46002403E0B44207F108076E
S214022A1013D055F834C00134BCF1FF3FF5D1C1F3F1
S214022A2013017A6041EA03513960BDE8F08141EA58
S214022A300353CEE90032BDE8F081032B16D0002402
S214022A4003E0B44208F1080810D055F83470013497
S214022A50C7F30757032FF4D1C1F31301C8F80420B4
S214022A6041EA0353C8F80030BDE8F081012303723F
S214022A70BDE8F0812DE9F043476883B0C7B106464A
S214022A808846914600243368304653F8345003EBA8
S214022A90C4030134C5F30752C5F31301013505D04B
S214022AA05B68CDF80090C04710B17768BC42EAD3A5
S214022AB003B0BDE8F08300BF73B5012A044622487E
S214022AC09DF8185000EAC11123F07C4007D9961EE3
S214022AD0012E28D9073303F07F03194308E09DF837
S214022AE01C300A43DB0603F0C053134343F0604135
S214022AF00023C4E900108DF80730B5B12022214624
S214022B000DF107000FF0D8F91A220DF10700211D6A
S214022B100FF0D2F963689DF80720082043EA826323
S214022B20636002B070BD1143E2E71B220DF107009D
S214022B3021460FF0C1F923689DF80720042043EAD6
S214022B40C2632360EDE700BF80FFFF0738B5094B7D
S214022B500D46002104461A680FF0F9FF00234FF0D5
S214022B60FF322361A260E3822383A376C4E90025B1
S214022B7038BD00BF603E03000138C0B205289ABFC8
S214022B80014B185C01207047E84303002DE9F04131
S214022B900E46596888B007461546490A0024012998
S214022BA022464FEA510104F10104F8D8DC785203B8
S214022BB099784FF0000824031B88C9020DF107001C
S214022BC004F48054C3F30A0301F4006192B28DF850
S214022BD007800C4302A923449C18254B1B2203930F
S214022BE025F07843ED436FEA044402930FF064F94C
S214022BF09DF8072025F07845029B02A90DF10700F3
S214022C00029543EAC2631B228DF807806FEA1444DA
S214022C1004930FF051F99DF8072007A9029B06F1CD
S214022C201000079443EAC263012205934FF0FF3374
S214022C300693BB6998470446BB6905A9012206F1BB
S214022C4008009847404518BF0446BB6904A90122FC
S214022C50301D9847404518BF0446BB69012203A9A8
S214022C6030469847404508BF204608B0BDE8F08188
S214022C7001009AB21046044A1368591E033102D85C
S214022C800021116018477047B00B0020034B1868EC
S214022C90034B002808BF1846704700BF04250020D3
S214022CA01844030001480FF016BB00BF0C25002095
S214022CB013B50B4C0229226005D10A480FF00BFB14
S214022CC0002002B010BD0A4600930146064B054896
S214022CD00FF0E3FA003818BF01204000F1E700BF0A
S214022CE0B00B00200C250020752C020001480FF0C6
S214022CF005BB00BF0C250020002101480FF020BBB9
S214022D000C25002008B5064B1B68013305D0FFF7DB
S214022D10EDFF80F00100C0B208BD0020FCE700BF56
S214022D20B00B0020F8B50D4610B900242046F8BDB9
S214022D300E4F3E68002EF8D100F0A2F80446002896
S214022D40F3D0386000F0E8F820460FF0ABF938B15F
S214022D5030463E6000F0E0F820460FF09EF9E4E7C9
S214022D60002DE3D02046A847E0E700BF0825002054
S214022D70024B1868003818BF01207047082500204B
S214022D8038B50C4601F088FFA3780B4A13705A1E1A
S214022D9055425541A8420CD0012B04D02846BDE826
S214022DA0384001F05BBF204601F02AFF0028F5D02C
S214022DB038BD0020FCE700BFF62A00200021024BA7
S214022DC008465B68184700BFC40B002010B50446CF
S214022DD0FFF75CFF0C4B1A1A53425341A34201D130
S214022DE0012010BD094B1B683BB9094A064B002C53
S214022DF008BF1346074A1360F2E70FF05CFB002891
S214022E00F3D00020EDE700BFF043030008250020C2
S214022E10184403000425002010B50FF03DFC0446BC
S214022E2018B9034B01215B689847204610BD00BFC6
S214022E30C40B002010B50FF038FC20B9BDE81040D6
S214022E40014B1B68184710BDC40B002010B50FF0CD
S214022E50A4F920B9BDE81040014B1B68184710BD05
S214022E60C40B0020431E033306D8044B984228BFE7
S214022E701846642838BF6420704700BF40420F00DF
S214022E80F8B5054608F0E8FA07460F4B1E6826B95D
S214022E90384608F0E5FA344611E0B4688CB194F886
S214022EA010C01CF0010F0CD14CF0010C95E80F007D
S214022EB084F810C084E80F00384608F0D1FA20469D
S214022EC0F8BD3668E3E700BFB80B002038B5054604
S214022ED00C4641B10B6833B11B68013303D0CB6893
S214022EE00BB18B684BB90FF097FCBDE838404FF436
S214022EF092724121002000F0C9B9084602F09CFEF9
S214022F000023044A85F81031C5E93043C2E900338C
S214022F1038BD00BFA80F002010B5044618B9054BEF
S214022F20054A136010BD00F0E5FED4F8CC30002B45
S214022F30F6D1F4E783200300B40B002010B50C464C
S214022F4000F016FF054B002103205B6898471CB172
S214022F5002F02EF80128FBD110BD00BFC40B0020E2
S214022F6008B502460868FFF77DFF08604868FFF765
S214022F7079FF48608868FFF775FF8860C868FFF7C2
S214022F8071FF0B69C860581C03D00B48834228BFE8
S214022F9003460B614B69581C03D00748834228BF7F
S214022FA0034688694B61FFF75DFFBDE8084088610C
S214022FB0104601F0A9BD00BF40420F002DE9F84FB0
S214022FC0D0F8C43006460F4613B1038B8B4244D06A
S214022FD0D6F8C0B0BBF1000F42D0DBF80830002BA9
S214022FE03ED0DBF80C1000293AD0D6F8D4A0BAF1BD
S214022FF0000F38D04FF000094D46C84601E0DBF816
S214023000083005EBC50203EB8204E3890135BB42B7
S21402301014D8238ABB4211D3B4F91220B6F924304D
S214023020934250DD304696F80411F1F795FF737D12
S21402303081468342A04606D9DBF80C108D42DED3C9
S214023040B8F1000F39D00023424630461946D04721
S2140230503783C6F8C48086F80D910020BDE8F88F45
S2140230600320BDE8F88FD14647F6FF755446524610
S21402307004EBC40803EB8808B8F80E30BB4216D837
S214023080B8F81030BB4212D3B8F91220AA4202D1C5
S2140230904FF0FF09DCE7304696F80411F1F75CFFC3
S2140230A0737D81468342D3D94246DBF80C10013445
S2140230B0A14204D9DBF80830DAE70120CEE7002A7D
S2140230C0FBD09046C4E7A046BDE700BF2DE9F04717
S2140230D082B004468946164601F018FF002847D1FA
S2140230E03B4D2B68D4F8C0A0D4F8C4700BB153453E
S2140230F04FD04FF00008C5F8089001F059FF01289C
S2140231003AD12B68DAF800103A6813B11868884288
S2140231104AD020460FF08DFAC5E900A7D4F8D4505D
S2140231208DF80760002D46D00022204611460DF18C
S2140231300703A847204601F0A3F90546B8F1000F99
S21402314000D08EB1B5FA85F040F2DE323321400966
S21402315000F09CF83146204601F09AFB1D4B0546CE
S214023160394620461B689847284602B0BDE8F087D5
S2140231700023174D6B60B4E7012000F0F9FD164BF3
S214023180002103205B68984701F012FF0128FBD15B
S214023190B7E76B68002BACD0BB42AAD1AB689945A7
S2140231A014D04FF00108A6E7696811B10968914288
S2140231B0B2D05968ADE7617D94F80D313246994236
S2140231C028BF1946204601F0E1F8B3E70025CBE711
S2140231D0A80F0020B40B0020C40B0020F8B50E4642
S2140231E0054608F039F9314607462846FFF7E6FE57
S2140231F0044620B1384608F033F92046F8BD01F0FF
S2140232006DFE224631462846FFF760FF04463846E2
S21402321008F026F92046F8BD13B5044669460EF0B6
S214023220F3FF20460FF07AF9FF28024606D0204622
S2140232309DF80010F1F70EFF02B010BD0048FBE744
S2140232400080FFFF4FF4007307B50A490DF106022E
S214023250ADF806300EF0F4FFBDF80630B3F5007F89
S21402326005D1022808BF002003B05DF804FB012048
S214023270FAE700BF24250020024B1960024B1860B3
S214023280FEE700BFBC0B00202427002008B550B97B
S2140232900548064B01601A60054B1A68054B1A6012
S2140232A01868FFF7E9FF08BDBC0B0020282700209E
S2140232B00825002024270020054B1B680BB918465A
S2140232C07047834201D01B69F8E70120704700BFB0
S2140232D030270020094A13680BB918467047834204
S2140232E007D11B6901201360054A1368013B13606E
S2140232F0704703F110021B69EEE700BF302700207B
S2140233002C2700202DE9F74F064608F0ACF8DFF828
S2140233102881012398F800B0DFF820910190BBF1D4
S214023320000F06D089F8003003B0BDE8F04F08F071
S214023330A0B83F4F88F8003089F800B00FF04EF87A
S21402334008B10FF049F83D683A495DB9DFF8F0A0D8
S214023350DAF800200024AA423B682FD84FF0FF314B
S21402336034483BE06B7D8BB12B68B34202D09A1B8C
S2140233708A420BD96A6813442B60AB68003A18BFBE
S2140233800122003B18BF01236A75AB752D69DCE785
S214023390907D20B1107D88429CBF0146144612697A
S2140233A0002AF5D1002CD9D0D4E90001A275411A21
S2140233B0D4E90232204698470135C9E71A46FF216A
S2140233C0EEE75A7D4AB11A68B24224D0921B824274
S2140233D021D8914201D311461C461B69002BF0D11D
S2140233E05CB12046FFF776FF38B13B683C6023614C
S2140233F0DAF800300133CAF800303B685A7D6AB901
S2140234000EF0E8FF064699F80030002B94D101989A
S21402341088F8003088E71C460021DEE7186800F0CE
S214023420D3F804460EF0D6FF0646002C84D1EAE70F
S21402343030270020FCFFFFBFF82A0020F72A0020D2
S2140234402C27002038B5054608B3182200210FF0B5
S2140234507EFB08F008F802462846FFF72DFF20B14B
S214023460104608F006F8022038BD0A4B1C6854B90C
S21402347009491D600B68104601332C610B6007F08A
S214023480F8FF2046F0E704F110032469EFE7012075
S214023490EAE700BF302700202C27002038B5044674
S2140234A0FFF70AFF07F0DFFF05462046FFF704FF97
S2140234B0637D23B9284607F0DCFF032038BD0023CE
S2140234C06375064B1B68A34203D10EF083FFFFF71A
S2140234D019FF284607F0CDFF0020EFE7302700202F
S2140234E02DE9F84FDDF82890984604460D46924698
S2140234F0FFF7E2FEDDF830B007F0B5FF07460EF044
S21402350069FF06462046FFF7D7FE637D23B12046B5
S214023510FFF7C4FF0023A375BAF1010F23D175B9D3
S214023520B8F1000F21D1B9F1000F03D05A46314647
S2140235302046C847384607F09CFF002019E035446D
S2140235400D4BAA1B9A4210D8012363759DF82C30A6
S2140235503046C4E90058C4F808902375C4F80CB085
S214023560FFF7D0FEE6E7AE42EAD1384607F081FF23
S2140235700120BDE8F88F00BFFCFFFFBF2DE9F04138
S21402358007468846FFF798FE07F06DFF3D68064639
S2140235900EF020FF7B7D7BB185420DD0094B2C1AA5
S2140235A09C4209D8304607F064FFB8F1010F08BF05
S2140235B025462846BDE8F081304607F05AFF00252A
S2140235C0F7E700BFFCFFFFBF08B50023044A194611
S2140235D000F086FD10B1012818BF032008BD00BF09
S2140235E09F2303000E232DE9F74F06460F46144687
S2140235F000254FF00609DFF854801370EBB209FB82
S21402360003F3D8F80010CA185079012807D9207891
S214023610A0F10E035842584103B0BDE8F08F31F9CD
S21402362003B01179B2F902A03046002201910EF0E1
S2140236309AFE019908B90135E0E72170B7F9003022
S2140236405B45F8DB5345F6DC0020E5E7C00B0020BF
S21402365001490EF0C5BE00BFC151020001490EF07D
S214023660BFBE00BF9551020070B5164E0328044631
S2140236700D4633781ED023FA04F202F00102AA4263
S2140236801DD053B10122A240A54023EA02032B43D8
S214023690DBB233704BB1012070BD2DB10A4B012055
S2140236A01B6898473378EDE73570074B00201B6898
S2140236B09847F0E79A07DED003F0FC03E9E700201C
S2140236C070BD00BFFA2A002070270020F8B5054614
S2140236D00C4607F0C1FE104F06463B7833B1012D6B
S2140236E004D01CB90D48F3F7E9FF3C702146284682
S2140236F0FFF7BAFF0A4B04461B783BB93B782BB957
S2140237000EF0C8FF10B1074B1B689847304607F00B
S214023710A7FE2046F8BD00BFFB2A00204427002053
S214023720FA2A0020C40B0020054A0B46117831B154
S21402373000211170034A0121526818781047704719
S214023740FB2A0020C40B002038B5074D04462B7810
S214023750834207D001F016FC20462C70BDE83840A4
S214023760F3F70EBB38BD00BFF92A002038B5044671
S21402377080B107F071FE012104460846F3F7A0FA6D
S21402378001210B4A084608F055FC2046BDE83840A1
S21402379007F066BE07F060FE054621460120F3F7F5
S2140237A08FFA01202146024A08F044FC2846EDE73B
S2140237B05E4403001B4B022910B5187002D0032981
S2140237C004D010BD184B1B78002BFAD1FFF7D0FAA5
S2140237D00028F6D04FF00052144BC3F88020BFF3F7
S2140237E04F8FBFF36F8F01F0A5FB0028E9D001F0E1
S2140237F017FA0028E5D10E4B1C6834B123689847A7
S214023800BDE81040002001F0B1BB0EF042FD094BAE
S214023810186008F09BFC084B1860204601F092FBEB
S214023820EEE700BF0D0D0020F92A002000E100E0BF
S214023830902700206C2700206827002038B5044611
S2140238400D46FFF795FA80B14FF00052124B1A6000
S21402385001F070FB48B9012D07D8012001F086FB64
S2140238600E4B1B6823B15B6898470D4B1C7038BD26
S21402387008F06CFC0B4B1A68801A1860F4F716F8FE
S2140238804FF47A72084B1B6802FB00300EF003FD01
S214023890012001F057FBE8E700E100E09027002056
S2140238A00D0D0020682700206C270020F0B585B09B
S2140238B007F0D2FD304D04462B7823B12F48F3F79C
S2140238C0FDFE00284BD1F3F78BFF02AA03A90EF0E8
S2140238D0CBFE0346002833D00EF0DAFE029B984257
S2140238E01ED10020264B03991B68264E9942307043
S2140238F022D90027C91A012320482B70224A3346B0
S214023900CDE9007708F0D9FB002830D11F4A13789A
S214023910D90718D4204607F0A3FD002005B0F0BD55
S2140239200EF0B4FE029B98421FD00023184614499C
S214023930144A0968137003910121FFF795FEE9E71F
S21402394020462B70E7E731780029E3D103F0FE0327
S2140239501370002BDED10E4B1B689847DAE7204621
S21402396007F07EFD032005B0F0BD0220BAE7032370
S21402397020462F703370F3E7FB2A002044270020EE
S214023980642700200C0D002029370200FA2A0020A6
S2140239907027002070B507F05FFD164D04462B78A1
S2140239A00BBB154A15491370154B164A16481A6072
S2140239B0164A174E5A60F3F717FA16491648F3F7DF
S2140239C013FA164B80203360F0F7FAFA052804BF84
S2140239D0134B3360134B5B6F9B0542BF0222124BA5
S2140239E01A6001232B70F3F74FFD204607F038FDCF
S2140239F0002070BDFC2A0020FB2A0020644403003D
S214023A00C40B0020AD38020034270020CD36020059
S214023A10702700206C4403003C2700204937020030
S214023A206D370200004000506427002037B50C4670
S214023A30234D59B90A46072105F080FD214BAC6497
S214023A405C6003B0BDE8304005F096BD0722114623
S214023A5005F074FD07221C4B0121DA60237901A8C8
S214023A6085F84830637901930EF0BEFF019BC2B21F
S214023A70D34000F00F0040EA031085F84900A2790F
S214023A8085F84A20E27985F84B202068E86401939D
S214023A909BB1012102888B4208D82379013B13444B
S214023AA00A4A136205F068FD03B030BD30F81150C3
S214023AB00131AA4228BF2A46EDE71A46EDE700BFC3
S214023AC0003F00B0483F00B0006000B8004000B8B9
S214023AD010B5054C237823B103F086FB0020207036
S214023AE010BD0320FCE700BFFE2A002008B503F045
S214023AF049FB0122014B00201A7008BDFE2A002055
S214023B00431C07D06FF0FF02034B10405A62A3F526
S214023B1080535862704700BF00E000B810B5042317
S214023B204FF03A4101240A4AD1F81801C2F8183176
S214023B30C2F814314C634FF400511163410742BF7F
S214023B40C2F81431A2F58052C2F8183110BD00BF77
S214023B50002000BA00F01803182B0AD003070AD474
S214023B6040F2011310F0100018BF1846034BD86736
S214023B7070470020FAE70120F8E700BF003F00B0D8
S214023B80344B2DE9F7431E6801F4007900F0010377
S214023B90174653EA090205460C462ED04FF0000897
S214023BA003B30023002201200021CDE9008804F09F
S214023BB003FB4146304603F09DF8414670830120E0
S214023BC0FFF7BCF9716B06F1D80003F00DF9224934
S214023BD00868FFF795FF4FF0FF330B60337C43F026
S214023BE004033374B9F1000F07D0012130460EF0FA
S214023BF00FFB24F4007405430C43D6E94A232A40FB
S214023C00234052EA030103D0144930460968884724
S214023C10FB070FD51249134A086800211368116082
S214023C200121114A117003B19847104B002102205E
S214023C305B68984717F00E0F08D040F2F3123B214C
S214023C40002003B0BDE8F043FFF720BB03B0BDE899
S214023C50F08300BF08250020CC0B0020D00B0020EC
S214023C608427002088270020002B0020C40B002079
S214023C70F7B504461046D4E94AC7DDE908268CEAB9
S214023C80020587EA06010540194085EA0C057940D7
S214023C90C4E94A51002523F4004106EA010320F054
S214023CA0010043F40073024043F00203CDE90055DD
S214023CB004F082FA237C9A0717D5D4F82C319B0598
S214023CC013D54FF4881120460EF0A2FA237C65F332
S214023CD041032374D4E94A2302400B4052EA03010B
S214023CE003D00349204609688847002003B0F0BD88
S214023CF0D00B002038B10368044A002B08BF1346D5
S214023D00034A13607047014BFAE700BF852403009D
S214023D10D00B0020024B986E00F00F00704700BFD9
S214023D20003F00B00F2938B505460C460ED801F004
S214023D303FF901280CD1074A2846936E23F00F0359
S214023D40234393660EF0C1FC002038BD0120FCE739
S214023D500220FAE7003F00B0014BD86E704700BF62
S214023D60003F00B0014B0020D9667047003F00B00C
S214023D7003282DE9F7434CD8274B13F80080274B2E
S214023D801E5C274B13F8009007F066FB074604F00C
S214023D90E1FB054640B100230022CDE900330120B5
S214023DA00023002104F008FA04F0DCFB48B10023EB
S214023DB00022CDE90033002000234FF4004104F036
S214023DC0FBF926B3174BDC6C04F00804164B31469D
S214023DD0DC64404604F0D4FD4A463146404604F0D0
S214023DE05BFE124BDC6465B1114B1868416BD83030
S214023DF002F0FAFF0F490868FFF782FE4FF0FF3322
S214023E000B60384603B0BDE8F04307F029BB3446E2
S214023E10DCE703B0BDE8F0837C440300784403008B
S214023E2074440300004000B8006000B8005000B8B8
S214023E3008250020CC0B00200F4A136C13F0A00FAD
S214023E4015D1506C10F0040013D10C4BD3F8EC3E95
S214023E5023F07F4323F0FF035BB1D368C3F303620F
S214023E60092A07D0B2F10C0018BF012070470020C3
S214023E7070470120704700BF000002B8003000B053
S214023E8070B504460D4616462BB1FFF747FE294687
S214023E90204601F087FA4FF03A420124D368D26AEC
S214023EA003F0070306339C40C2F30C03E41AA4B2E1
S214023EB0B44228BF344629462246024801F0BCFBDB
S214023EC0204670BD0C0000BA70B50D46064620B9F5
S214023ED0194B1B68A3B1032011E001F069F8012811
S214023EE028D1164B93F90040C4F12704641BC4F191
S214023EF01C03002BB8BF5B42232B0CDD012070BDD8
S214023F00A1F10B03002BB8BF5B42232BF6DC0B4B55
S214023F1019700020F3E7B57407F09EFA084AE40227
S214023F20136A04F4FF2423F4FF231C43146207F0ED
S214023F3097FAEEE70220E2E708250020FD2A002095
S214023F4000C000B8094B08465A6A91020BD4D3F84F
S214023F500021D20708D4D3F8803013F4706F14BF50
S214023F600120002070470120704700BF004001B8C2
S214023F70F8B50D46436B02EA010423EA0103234324
S214023F8043633D4A01F00B0323EA0401D164234054
S214023F90A2F580526F070646D36410D50121FFF7BB
S214023FA0D1FF60B104F08EFC4FF4007314F0040FDE
S214023FB014BF324A324A53620422324B1A64E9066A
S214023FC006D514F0100F14BF00221B222E4B5A6582
S214023FD02A061DD5230616D54FF40012274B1A6261
S214023FE0012203F58053C3F8002107F035FA0E21AB
S214023FF00746032002F044FE40F20122224B3846D6
S214024000DA6207F02DFA214606F1D80002F0ECFE3D
S214024010EF0503D5E00529D502F002FEA90503D572
S214024020A20526D502F008FE15F0600F09D0D6F8D4
S214024030C81030460EF027FA8022144B9867144BAD
S2140240401A612B0510D504F03DFC124A14F4006FD9
S214024050D2F8EC3E14BF43F0006323F00063C2F8CC
S214024060EC3E0422074B1A640020F8BD02F0D2FD93
S214024070D4E702F0DBFDD7E7006000B8005001B8D5
S214024080006001B8002002B8004000B8003F00B04F
S214024090000002B8003000B0014B1868704700BF3D
S2140240A08027002037B5012300240022CDE9003402
S2140240B000231046194604F07FF8022002F05AF94F
S2140240C0054D064B21461C6002206B6898472B68FC
S2140240D003B0BDE830401847C40B002088270020F4
S2140240E02DE9FF4102290C4615469846039005D154
S2140240F0FFF7D8FF002004B0BDE8F08107F0ACF966
S214024100184E074633683BB1AB4205D007F0A8F914
S214024110002301203360EEE7134B0022C3F8008031
S21402412001233560CDE900330023002510461946E9
S21402413004F042F80D4B02201D7002F01BF92246D5
S2140241402B4603A9022002F033F90446084B039AD1
S2140241501A60084B1B689847384607F081F9002C0E
S214024160C8D1D5E78827002084270020002B00200E
S21402417080270020C40B0020044B5B6E5B054EBFFD
S2140241800120034B187800F00100704700C001B808
S214024190002B0020014B186A02F084BD004001B8D3
S2140241A0014B186A0EF0BABB004001B8437C5A1F96
S2140241B0012A01D9082B05D14B7C2BB1012B05D046
S2140241C0022B05D00EF08AB90248704702487047A3
S2140241D00248704720A1070048E8010040420F004D
S2140241E070B50E4607F038F9054600F005FF04469E
S2140241F020B1284607F034F9204670BD04F062FB71
S214024200104B3278D3F8EC3E022A23F0F00315D096
S214024210101F42424241520043EA02137278022AB7
S2140242200ED0111F4A424A41520043EA8213054AFF
S214024230C2F8EC3E0422044B1A64DAE70122EBE7EA
S2140242400122F2E7003000B0002002B870B50E4638
S21402425007F002F9054600F0E5FE044620B12846BE
S21402426007F0FEF8204670BD04F02CFB104B3278A7
S214024270D3F8EC3E022A23F00F0314D0101F42425A
S2140242804241520013437278022A0ED0111F4A424C
S2140242904A41520043EA8203054AC2F8EC3E04222F
S2140242A0044B1A64DBE70122ECE70122F2E700BFC7
S2140242B0003000B0002002B82DE9F8430E7804461C
S2140242C0042E0D4690F804810BD100275FFA87F979
S2140242D0484601F0FFFC08B14E4602E00137042FC3
S2140242E0F4D1304601F0F6FC002845D094F80431AB
S2140242F0B34208D1AA88A36C9A4204D16A88B4F859
S21402430006319A4235D084F80461AB883046A4F868
S21402431008316B88A4F80631AB8804F58275A3646D
S214024320FF23A3750EF07EFA6075284601F092FC14
S21402433018BB284601F0C4FCF8B9D4F8C43053B10F
S21402434094F80411414506D02046B3F91220F0F73E
S21402435003FE84F80D01204601F0FEFC0949A4F88C
S21402436008010123084AD1F8FC1004F1D80003F032
S21402437011FD0020BDE8F88301200E2384F80431E5
S214024380F8E700BF004F00B0A43F00B070B5054686
S21402439090F804010C460E281DD0FF291DD01AB134
S2140243A04FF0FF320E4B1A600EF03CFA064695F8B6
S2140243B0040101F0C3FC844228BF0446E4B2B442BE
S2140243C038BF3446E0B2A87501F0BAFDA0F1FF038B
S2140243D05842584170BD0220FCE70120FAE700BFB0
S2140243E0D40B002010B590F8043104460E2B3ED0B4
S2140243F0D0F8C4304175BBB3D0F8D420DAB990F8FF
S2140244000D318B421DD300222046FFF7BFFF88B92D
S214024410184B1B7813F0FD0F0BD1204601F09CFCC5
S21402442015490123154AD1F8FC1004F1D80003F00F
S214024430B1FC002010BDB0F92420B3F912309A4224
S214024440E1DD0022204694F80D11FFF79FFF0028B9
S214024450F0D1C4F8C40020460DF068FE014620469E
S214024460BDE81040FEF7BABEFF238375E1E70220DF
S214024470E0E700BFEC0C0020004F00B0A43F00B005
S214024480C36B012B01D10020704770B505464D491C
S2140244908EB00EF004FAD5F8C46001462C8BC5F82F
S2140244A0C80026B1336813B15B68002B5CD106F0F6
S2140244B0D3FF06F0D5FF0123D5F8C8108DF80E30CD
S2140244C0B389D6E90120E31A9BB200FB03223E48D9
S2140244D0ADF80C3003680292994207D028460DF0D8
S2140244E0D2FF802239493A4B88671A61394C384ED6
S2140244F000F05EFD0128FBD1236CDA07F8D4336C9A
S214024500DB01F5D4D5F8C81028460D919DF80E208B
S214024510029908AB03F032F918BB08A901A803F008
S21402452045FBF0B92A8B2C4B5A642B7C60F3410373
S2140245302B740EF001F9D5F8C43002465B6919688F
S214024540431EDBB2FD2B049114D9CC1C12D9234B8B
S21402455001311B6815D0D81C10D8284604A904932C
S2140245600AE002200EB070BD1A68032A9FD99B6A21
S2140245705B0EA3E7284604A90EF0C8F800200EB08A
S21402458070BDD91C04D8284604A904930EF0BEF8C0
S214024590D5F82C319B0504D42B7C43F002032B74F4
S2140245A0ECE74FF4803128460DF032FED5E94A2377
S2140245B002400B4052EA0301E0D009492846096846
S2140245C08847DBE7FC4F00B074270020003F00B0AE
S2140245D0000002B800C002B8008001B8E00B00205C
S2140245E0D00B002038B590F8105104463DB306F0C3
S2140245F033FF1F22124B013D5A621540114A1249DF
S2140246005562D4F814518D66D4F81851CD66D1F897
S2140246100011C9070FD54FF0FF31C3F80411216C02
S214024620C2F804114FF0F041C3F81011E37CDB0628
S2140246300B40C2F81031BDE8384006F011BF38BD55
S214024640006001B8005001B8004001B82DE9F74FEC
S21402465006461546084619B9012003B0BDE8F08F94
S214024660002AF9D0032904D8002101F02DFA0028E7
S214024670F2D0B0F90010837800290488077990F800
S21402468005B0B0F806C003F00702C0F2CE80A2F171
S2140246900708D8F1000141EB0801052A297394BFE7
S2140246A00021C3F30011C3F38010697399092874BB
S2140246B001F00201C3F3C0000143C3F3401369745F
S2140246C0AB74EF74736BA5F814C0D80600F199802A
S2140246D0063A012A00F29580554B4FF001095B6DB0
S2140246E04FF03A431A6DDB6C083C03F007030633BF
S2140246F009FA03F9002309F1FF3942F0005804EAE7
S214024700090418F804A0013404EA0904AB60631D26
S21402471003EA09035A1C02EA090218F8037018F899
S2140247200220BAF1800F737C18BFAAF1320A47EA58
S21402473002270CBF6FF07F0A4FFA8AFA3FB2A3B382
S2140247400020D6F8D0300BB1514698470134E873B2
S21402475085F80EA004EA090418F80410013404EAE5
S214024760090418F80430013404EA090441EA032172
S21402477018F80430013404EA090441EA034118F83F
S214024780043041EA036117F4804305D0294BDB6EFF
S214024790B3FA83F35B095B0030466A7C03F0BCFB2A
S2140247A006232860AB71002057E7F90425D5D6F812
S2140247B0C830ABB11A68022A12D993F82400C7F39C
S2140247C00B03DB0008B1B3FBF0F39B45B8D8002B14
S2140247D0B6D0CBEB0B20B0FBF3F0C043C0B2B0E7D1
S2140247E029463046FFF7E2FC019030460DF066FEA1
S2140247F0019BB3FBF0F0C0B2E1E718F804004000FA
S214024800ECE700230020EB730B4BDA69C2F30723B5
S214024810120448BF63F0FF035AB212F1800F1CBFA6
S214024820323B5AB2AA730346BBE7022015E700BF23
S214024830004000B8003F00B000C000B870B54FF0AE
S2140248403A434FF480640A4DD3F818610020C5F845
S2140248501841C5F8144104F0FBF84FF400532B67D7
S214024860730542BF034BC5F81441C3F8184170BD27
S214024870002000BA001000BA082310B1024A1364DE
S2140248807047024AFBE700BF001002B8002002B8D9
S214024890F8B504460E4611B9037C5A0647D44FF6BD
S2140248A0FF73A18BD4F8C870994204D0344B1B68AE
S2140248B00BB120469847334D2B68BB4254D0324B3F
S2140248C01B683BB11FB13A68002A4FD0BF68394611
S2140248D0204698470727204601F03EFA002E39D098
S2140248E004F04AFE0620294B94F9122093F9003070
S2140248F02749C3F127039B1A0A6ADB0222F4FF2226
S21402490003F4FF2313430B62D4F8C820214B2A601A
S214024910986701F07DFB002501211F4A1F4B11708D
S214024920204683F884500DF0D0FE2846F8BD4FF698
S214024930FF71144DD0F8C8702A6866F38613974242
S2140249408183037417D0104B1B68002BBAD101F079
S21402495003FA072712493B46124AD1F8FC1004F123
S214024960D80003F017FABBE70127B4E7174620463C
S21402497039469847AEE701F0EFF90127EAE700BFAC
S2140249807C2700207427002078270020FD2A00209C
S21402499000C000B8006000B8FF2A0020003F00B048
S2140249A0004F00B0A43F00B02DE9F8430D4600F0DA
S2140249B0FFFA0128044630D1194F3B7883B92846BE
S2140249C0EFF76EFC054610B9EFF7B4FC2C463B78C1
S2140249D01BB10121022003F055F92046BDE8F883F9
S2140249E00021022003F04EF90DF028FF0646DFF8FC
S2140249F03490DFF83480D9F8F4331B07DFD40DF097
S214024A001DFF801B404541F6A2224FF045018CBF98
S214024A1000200120FEF73AFCEDE70224DDE700BFA6
S214024A20012B0020000002B83F420F0008B55822B2
S214024A30002106480EF08BF81022FF2104480EF0E3
S214024A4086F8BDE8084004F097BD00BFF03E00B00F
S214024A50343F00B0002373B583746923C0F8E03096
S214024A6074234FF0FF350E26A0F8F4306423044674
S214024A70C0E93933C0E93B33C0E9075580F8046121
S214024A8085644575C58203F075FD2046FFF7CEFFA7
S214024A9094F912102046FFF717FA6023114A40F6DF
S214024AA0FF71D3644FF03A42116311670E4A2946EA
S214024AB0D36440220D4B20461A64626BFFF758FA05
S214024AC0002240F2022310461946CDE9006603F0A2
S214024AD073FB01F013F9204602B0BDE87040FEF702
S214024AE0B1BB00BF004000B8005000B8002002B8BA
S214024AF0044BD3F8EC3E13F0806F14BF2320002043
S214024B00704700BF003000B00246F8B5B0F8084162
S214024B1000F1D805FFF7ECFF0B688E68013304BF7F
S214024B20D2F8E0300B604B68013304BFD2F8EC30A9
S214024B304B60771C37D1D2F8E830CF688B607E1C8A
S214024B4038D1D2F8E4600F69CE60013704BFD2F8DC
S214024B50D8700F614F69013704BFD2F8DC704F611D
S214024B608F69013704BFD2F8F0708F618F6947BB37
S214024B70C0F1640408688C61C2F8E8304B68C2E988
S214024B803806C2E93B340B692846C2F8D8304B696E
S214024B900F49C2F8DC30D1F8FC1007230D4A03F0A7
S214024BA0F9F80020F8BD04F169031B1AB34238BFB6
S214024BB03346C2E704F17406361ABE4238BF3E4692
S214024BC0C1E76934241ABC4238BF3C46D2E700BF6C
S214024BD0004F00B0A43F00B038B50446074D21464A
S214024BE02868621C003818BF012002F0BBFA2B6846
S214024BF00020003B18BF0123A37038BD8C2700207D
S214024C0038B5054C054B417800782568236002F0DC
S214024C10FBF900B1256038BD8C27002088440300CC
S214024C2070B506F019FC05460B4E00F0C1F90128D6
S214024C3004D0284606F014FC022070BDF36813F078
S214024C40706FF2D1F46814F08054EED1284606F064
S214024C5007FC2046F1E700BF000002B80A4B10B579
S214024C601B68044673B1094B48B10121084A1A6011
S214024C70022003F007F80020064B1C7010BD014608
S214024C801860F5E70220F9E78C270020902700201D
S214024C9080440300012B0020014B1878704700BFA8
S214024CA0012B002038B506F0D7FB4FF6FF710A4AF3
S214024CB013888B4203D106F0D3FB032038BD074C82
S214024CC0074D1B046566A4F580546366118006F0E2
S214024CD0C7FB0020F2E700BFEA0C0020006001B824
S214024CE00000FFFF2DE9F34105460F461446FFF785
S214024CF0A3F890B1DFF8E08102F0B0FFD8F81430E4
S214024D00DE0740F1CE8006F0A7FB0646032001F040
S214024D1055FC38B1304606F0A3FB0226304602B0F8
S214024D20BDE8F081D8F8143013F0060FF2D1304601
S214024D3006F096FB5C4B4FF400612846D3F8EC8EE7
S214024D40D3F8CC6E04F00EFC38B14FF40072012199
S214024D50564B08461A64FEF7F1F839462846FEF71F
S214024D603DFA514BC3F8CC6EC3F8EC8E06460028CB
S214024D70D4D12B7CD80601D4002C55D0C4F34000E5
S214024D8003F066FD022314F4807F1FBF484A002109
S214024D9013644FF03A420BBF444A91611364536363
S214024DA003F090FD4FF4806314F0040F14BF414AE1
S214024DB0414A14F0400F53624FF004023B4B204628
S214024DC01A644FF0400314BF3C4A3D4AC2F888308A
S214024DD0FEF7C0FE28460DF0A8FB38B14FF48073EC
S214024DE014F0010F14BF324A304A1364A10642D5AA
S214024DF04FF6FF726B8C93420FD0324A3249526E94
S214024E00100CC2F301120132B3FBF2F30880294AF6
S214024E1029492E481B0448665366003C18BF0124E5
S214024E202B7C64F304132B7428460DF04BFCF0B174
S214024E3028460DF07AFBD0B14FF40031284604F034
S214024E4091FB431C03229BB2214801A90DF0AAFC48
S214024E509DF8042002F00703052B9DF8053013D1B8
S214024E6012070BD443F480731A4AC2F8D4300020D7
S214024E700DF0D5FC52E7FFF715FFCEE713F0040F4F
S214024E8009D19DF80630EDE703F03002202A05D15D
S214024E9013F0010FF4E74FF48073E5E79DF8063050
S214024EA0E2E703263AE700BF003000B0002002B86F
S214024EB0001002B8005001B8006001B800D000B877
S214024EC000E000B8004001B8EA0C00200000FFFF36
S214024ED00C0000BA003E00B000C001B808B5094B8D
S214024EE0D3F84C315A1C0CD05B000AD40320FEF7D0
S214024EF03FFF4FF08062044BDA6401225A610222BD
S214024F009A6208BD0080E00F001002B84FF400223B
S214024F10034B186C03F500531A64C0F3C040704785
S214024F20000002B8014B024A1A6070477827002038
S214024F302D3A0200024B586900F00100704700BF8C
S214024F4000C001B8084B5A69D10707D508B901F065
S214024F50EDB95B69DA0706D401F0DAB95B69DB07FB
S214024F6001D40028F8D1704700C001B84FF0806322
S214024F7010B1024A53617047014AFBE7001002B8BB
S214024F80002002B8202350B1064AC2F8F433064B7A
S214024F90196C11F0020104D1032002F073BE034A19
S214024FA0F3E77047001002B800C002B8002002B84B
S214024FB00F4BDB68C3F30363013B0B2B0FD8DFE811
S214024FC003F006060C06060606080A08080802206B
S214024FD07047042070470520704703207047054B32
S214024FE05B6913F0060F0CBF01200420704700BF58
S214024FF0000002B800C001B8094AD368C3F30363CD
S2140250000B2B08D06FF49050184100F0010080F08E
S214025010010040007047106C10F48030EDD17047EC
S214025020000002B80C4AD368C3F30363062B07D802
S214025030042BD8B20BD8C31E5842584140007047C2
S214025040072B06D1D2F844010028ECD17047022083
S21402505070470020704700BF000002B8F0B5CF07C7
S2140250602BD5002A14BFAA2555250E461E24154FF9
S21402507001F0030383F001033B449B7806F0070C20
S21402508017F80CC0013C63444FEA5606F6D10E4EA2
S21402509073436FF481769B0C334482B991FAA1F183
S2140250A095FAA5F54A082D0F490042EAC57201F0A5
S2140250B00204C474C0E91023F0BDAA25D5E7034A4A
S2140250C0F7E700BF9C44030036FC1000B7563512C3
S2140250D030B547F6FE74164BC3F83042456C04EA08
S2140250E04504144DC5F830420F245C66CC071CD527
S2140250F0DAB901246C664FF0FF34C3F80441056C3C
S2140251000C4CC4F804514FF0F045C3F81051C37C60
S214025110DB062B40C4F8103132B14FF03A4302227C
S214025120C0F88010C3F8F42030BD0224E2E700BFC6
S214025130006001B8005001B813B5437C0446033B37
S214025140DBB2072B96BF104A0021D15CFEF70AFE9F
S214025150012001F057F84FF4F0620C4BDA644FF47A
S2140251600072A3F58053DA64637C053B012B08D8F2
S2140251700421074B01229B6E0DEB0100019300F008
S21402518021FB02B010BD00BF94440300006000B8CB
S214025190004001B8012310B580F8F6302823C0F885
S2140251A0DC30042304464374044B19680CF088FF71
S2140251B02046FFF7C1FF002010BD00BFE0440300F9
S2140251C0012310B580F8F6302823C0F8DC3002231D
S2140251D004464374044B19680CF072FF2046FFF72E
S2140251E0ABFF002010BD00BFE4440300012910B548
S2140251F0044604D90239012914D9032011E00B4BC5
S21402520019680523012284F8F6204FF4BC726374F1
S214025210C4F8DC2020460CF053FF2046FFF78CFF34
S214025220002010BD024B19680623EBE7DC4403009E
S214025230D8440300012310B580F8F6304FF4BC734F
S214025240C0F8DC30082304464374044B19680CF09B
S21402525037FF2046FFF770FF002010BDD44403003E
S21402526038B5184B04461D6845B1EB6833B128685B
S21402527001F016FCAB68186801F012FC124B1B68B2
S2140252802BB1DA681AB19B68186801F009FC0F4B5B
S2140252901B682BB1DA681AB19B68186801F000FC2B
S2140252A00B4B1B682BB1DA681AB19B68186801F0C1
S2140252B0F7FB2046FFF784FF2046BDE83840FFF79D
S2140252C03BBF00BFE4440300E0440300DC440300A9
S2140252D0D8440300F8B5D0F8143104468B420D4684
S2140252E0164603D190F81031202B0ED032462946AE
S2140252F02046FFF7B3FE202384F810310023C4F8BB
S2140253001451C4F81831FFF76DF94FF00077074BC8
S21402531032461F6429462046FFF7DAFE8022044BF7
S2140253201A6103F500531F64F8BD00BF001002B8EF
S214025330000002B8072330B5124D134CEB63134B33
S21402534069B1442140F04000596398630123E36346
S2140253504FF4804392B1C4F804310A4A07E0596315
S21402536099634FF48043084AE163C4F80431C2F8F3
S2140253700831C2F80C31C2F8103130BDC5F804311C
S214025380EBE700BF006000B8005000B8004000B86D
S214025390034BD3F8F80780F00070C0F34060704704
S2140253A0000002B810B5407CA0B1304BD3F8B8204C
S2140253B012F0060F01D004280DD94FF470622C4B60
S2140253C0DA604FF48072A3F58053DA600022274B2E
S2140253D0C3F8B42010BD02F0020412F0040202D098
S2140253E00B789B0637D4002C39D00B7803F00F03CA
S2140253F0072B34D14B78022B31D98B7813F03E0F22
S2140254002DD0CC7814F0040F29D014F0010F0CBF65
S21402541004230A23A40748BF0633CB5CFBB1002A49
S21402542014BF02220122042840F6FF7003F01F0177
S21402543008BF4900013940EA01310E4801654FF4C0
S21402544070600B491202C860A1F58051CA60074A13
S214025450C2F8B430BEE7002CC7D18B7823B900233C
S214025460044A13650122EAE70222DCE7003E00B0A6
S214025470006000B8004000B80A68064B12F0802FA1
S2140254801CBF42F20101C3F82812C3F88822C3F8EF
S2140254908C227047004001B8F0B585B06C460E46C7
S2140254A00B4B074615460FCB84E80F00094BD3F883
S2140254B04822009226B16B1EDBB2FD2B88BF3260FB
S2140254C02A46214638460DF021F905B0F0BD00BF48
S2140254D0A44403000080E00F30B50823054685B0DB
S2140254E080B9094AC2F8FC3351B96C46074B0FCB58
S2140254F084E80F00064B2A4621461868FFF7CCFFC1
S21402550005B030BD034AEDE7001002B8B44403000C
S21402551008250020002002B838B5044601F0D6F966
S21402552001213A20EEF71CFDE0782179154A40EA7F
S2140255300143C2F8DC34E579A37943EA0543C2F8AD
S214025540E03423781BB100230422EFF70DFA6378C8
S2140255502BB100230422E179A079EFF705FA22782D
S214025560012352B1084AC2F8D8346278022332B113
S214025570054A0020C2F8D83438BD044AF3E7034A85
S214025580F7E700BF00C0035000D0035000E003500E
S2140255904FF03A43D3F81421D2031ED54FF480328B
S2140255A00E49C1F81421A1F58051C1F818215A6D8F
S2140255B0D1B2C2F30722C3F8A410C3F8A42004226F
S2140255C0C3F8A4200022C3F8A420C3F8A420C3F87A
S2140255D0A420C3F8A420C3F8A4207047002000BA71
S2140255E0F8B50D464FF03A441746064605F034FF26
S2140255F001230421074A6363E76026616561C2F8F6
S2140256001411054AC2F8843105F02AFF0DB10223AF
S2140256106363F8BD002000BA00E100E0054B0122FA
S21402562018604FF03A435A6740F6FF72D96418651D
S2140256301A677047982700202DE9F0410546012495
S214025640006800F00700063004FA00F3A868EC6869
S2140256505E1EA04262D000EA060E6C6810441E432C
S2140256600640A3EB0E000EEB040C8242644618D9E9
S214025670D31A0EEB030298B1431E052B04D94B1C1A
S214025680ACEB0303022B59D80B460844ACEB010ED5
S21402569003EB0E0113F8014B83420C70F8D101465E
S2140256A06C688AB1531E052B01F1010302D9E01A78
S2140256B0022812D80A44611E00E0013313F8010CD6
S2140256C0934201F8010FF8D105F0C6FE0223AE6040
S2140256D0AB62BDE8F04105F0C3BE0B46204622F0A1
S2140256E0030E8E4453F804CB734540F804CBF9D12D
S2140256F022F00303D01A920701EB030C04EB030714
S214025700E2D0CA5C0128E254DED09CF801300228BE
S2140257107B70D9D09CF80230BB70D5E7042A35D905
S2140257200878043AA86148780431A86111F8020C96
S214025730A86111F8010CA861A8688CE70B4620F056
S21402574003070F44ACEB010E1C684EF8034004330B
S214025750BB42F9D120F0030310F0030F01EB030E56
S214025760A0EB03040CEB030728D011F80380012CEE
S2140257700CF8038022D09EF80130022C7B7018BFF2
S2140257809EF80230084418BFBB7088E7013A032A25
S21402579012D8DFE802F00F1507020B4613F8012BAA
S2140257A01946AA610A4612F8013BAB61114611F886
S2140257B0013BAB610B78AB61BDE8F08108446EE754
S2140257C00A46F3E738B50B46154601464FF03A440B
S2140257D070B101221048C4F8F4201A46FFF72CFFD5
S2140257E025B14FF03A430422C3F8F420002038BD16
S2140257F073B1D4F8D8209A4284BF0122C4F8F420A8
S2140258004FF03A42C2F8D4300223C2F8F430E7E747
S2140258100123C4F8F430E3E7CC0000BA10B505F073
S2140258201BFE4FF03A4301225A67C3F8B420C3F86E
S2140258308C20154A1549C3F890200722C3F8B020D9
S214025840134B04461A800023124A13804FF4A022F8
S214025850C1F81421A1F58051C1F818210E4A13602F
S2140258600E4B1B6C5B020AD54FF480020C4B186879
S2140258700C4BD8301A6450F8A41C01F0B5FA204636
S214025880BDE8104005F0ECBD40110020002000BA33
S214025890022A0020002A002094270020000002B8D6
S2140258A008250020002002B807220D4B01211A808D
S2140258B000220C4B1A804FF03A43C3F8F410C3F898
S2140258C0CC204FF40052C3F8D000C3F8F020F022E8
S2140258D0054B9A64A022A3F580539A64FFF79EBFF5
S2140258E0022A0020002A0020006000B82DE9F041BC
S2140258F0044688B105F0B0FD3D4E3E4A3388032C7F
S21402590003F0780105463C4F03F07F0C11445DD14D
S2140259103C6824B905F0A4FD0320BDE8F08124F01C
S2140259200104386820F00100A04254D100223A60F7
S21402593022888C426FEA42426FEA5242228040D16B
S2140259402E4CDFF8D0C02788ACF180083A46083AD9
S21402595092B201F10800604528BF4046082A04D9E1
S214025960B0F900E0BEF1000F40DB228088780C8898
S2140259704FF03A413B449B1ADBB2C4F30C048C65ED
S2140259803380C1F89830C1F8B0204FF480221C4B07
S21402599000F00700C3F8142101221A4BC3F8842131
S2140259A0FFF7F6FD04280CD14FF48002164B1B6C51
S2140259B0164B1868164BD8301A6450F8A41C01F01F
S2140259C013FA284605F04CFD0020A6E7601E0128C3
S2140259D098BF0C46A5E7094862440088A21A48BF49
S2140259E0803208389042A3DC284693E70146AEE7A9
S2140259F0002A00204011002094270020022A0020BE
S214025A00002000BA00E100E0000002B808250020ED
S214025A10002002B8C01100201249134B0A881B88C6
S214025A2012481344083292B20A804FF03A41C1F843
S214025A30B0204FF480210E4A073BC2F81411012110
S214025A4003F07803034498780A4A00F00700042813
S214025A50C2F8841103D10849CA681203FCD4074A63
S214025A6013607047022A0020002A002040110020FE
S214025A70002000BA00E100E0000002B894270020EF
S214025A8010B5054C206828B1C30701D4FFF72EFFD6
S214025A900023236010BD00BF942700204FF48033FC
S214025AA0084AC2F81831A2F58052C2F814314FF0F3
S214025AB03A43D3F8AC30C3F30C03782B01D8FFF784
S214025AC067BD7047002000BA2DE9F84304460E462B
S214025AD005F0C2FC514B81461A885148514D02F0DE
S214025AE07801032C2D8802F07F03014417D14E4C17
S214025AF024688CB92A44073A02F0780284180344D0
S214025B00E31A48BF8033AB4210DB484605F0A8FCD8
S214025B1000242046BDE8F88324F00104EFE7012CB8
S214025B2002D0022CEBD1083D0C46E8E7002E44D00A
S214025B308C4246D14FF03A42D2F858804FF03A4162
S214025B400127CA6C02F0070206329740D1F8AC2051
S214025B50C2F30C029A4247DDB4F900302588002BC6
S214025B60D3DBA378C5F30C0503F007037A1EA5EB77
S214025B7008053A43052B337005EA02052CD82DB2E8
S214025B80E84340F236420421C00FFDF77FFB7580E2
S214025B90E378264A337412687B1E03EA0803D11898
S214025BA0B160A9B213FA85F5BD4291BF0023FF1A70
S214025BB0B780F2609CBFB180F360484605F050FCA7
S214025BC0A7E7A4F10802824238BF04F17802B2F8CD
S214025BD00080C8F30C08B1E7154B5B6D003B18BF9D
S214025BE00123A5EBC305CAE74B6D7A1EA3EB080398
S214025BF03A431A400F4B15B2DB6862B9C3F303632C
S214025C00D91E4B424B41DB0033700A4B72809B6CB1
S214025C10C3F30723BDE70823F6E700BF002A0020E8
S214025C2040110020022A00209427002098270020F6
S214025C30004000B8000002B8054BA622D3F84C017B
S214025C403121431C0CBF0120C0F38070FDF71EBB40
S214025C500080E00F38B5134D0446297819B9202282
S214025C6011480CF074FF6188104A23785180002195
S214025C7013700F4A022BC2F8CC104FF0FF010D4AE8
S214025C800D4B11704FF007010C4A4FF00000C2F89E
S214025C90FC130CBF04220122C3F8FC2301232B7041
S214025CA038BD00BF022B0020E03F00B0EC0C002005
S214025CB0004001B8100D0020001002B8002002B803
S214025CC0034B1A6802609B8883800020704700BFDF
S214025CD0EC0C002010B5044600F0F8FD064BD3F895
S214025CE0F83724B983F40033C3F3404010BDA31E33
S214025CF058425841FAE700BF000002B84FF63F721A
S214025D0008B50A4BD3F8FC37934206D0084AC3F3C9
S214025D1001131370E022074B1A7000F031FE41F6B1
S214025D206A03B0FBF3F0044B186008BD000002B82B
S214025D30110D0020120D00209C27002020B1022801
S214025D4004D1034B18787047024BFBE700207047DC
S214025D50110D0020120D00202DE9F74F846C4C2205
S214025D60022C38BF02246A49013C0B6AD1F8CC5097
S214025D706849C3F38213DA400B680646A34290F8DA
S214025D8004B1654BDFF8ACA1DFF8AC91DFF8AC816B
S214025D9002F0010214D11878904211D19AF800004C
S214025DA058450DD1F06C58B1A84209D1B57D99F885
S214025DB00000854204D1B8F8040003B0BDE8F08FB5
S214025DC00C6098F800101A700846FFF7B7FF002A12
S214025DD000F0868004234FF07F4100254F4AC2F828
S214025DE0B8304F4BC3F8B810B37D1B06C2F8B830B4
S214025DF04FF08052494BC3F8B42000F0C1FD40F288
S214025E007123B0FBF3F0192160431828B0FBF1F1BF
S214025E104FEA054470D8002C78D0B4FA84F2C2F166
S214025E202002C2F10F03012B38BF0123D440A14246
S214025E3001D2013B64086A1C03F01F0152008A402B
S214025E40384F121B9208C7F8B0201A0242EA031211
S214025E501343019305EB052305EB0325324B40F66E
S214025E60C70218682B21003818BF0120FDF70EFA6A
S214025E70FA222D4B02FB04F01B6840F6FF72B0FBC1
S214025E80F3F00A235843294B00F57A74C3F8C4206A
S214025E90019AA3F58053C3F8C420A3F58053C3F830
S214025EA0CC50D3F8CC3000F58C50C7F8FC30F564F3
S214025EB01F4D14302C6001F017FF4FF47A72C7F8AA
S214025EC0A400C7F8F8002B68B4FBF2F0B3FBF2F3B9
S214025ED0A8F80430B37D8AF800B089F800306CE781
S214025EE0002914BF10252025B37D834294BFED18E8
S214025EF02D1805F0FF057BE7B1FA81F234B1B4FA4A
S214025F0084F3D21A002A8CDC0F2390E70F2392E741
S214025F10004001B8D40B0020032B0020001002B86A
S214025F20002002B8003F00B09C270020006001B8A5
S214025F30A02700200F0D00200E0D0020EC0C0020E4
S214025F4010B5114B01461B78104C0E2B02D1FF20C8
S214025F50207010BD18460CF065FC02461846FFF786
S214025F60EDFE884228BF0846C0B2904238BF1046AF
S214025F702378C0B28342ECD0054B20701868FFF736
S214025F80EBFE2078E5E700BFEC0C0020100D0020A9
S214025F900825002010B50446FCF7EAFE78B1154B3A
S214025FA01B786BB964B1144B1B784BB1134B1B783F
S214025FB0013B012B04D84FF40042114BDA6410BDAA
S214025FC0104BDB6C1B04FAD405F046FA044602F0CA
S214025FD079FC4FF400420C4B2046BDE81040DA64D0
S214025FE002220A4BC3F87C240422054B1A6405F0ED
S214025FF037BA00BF042B0020052B0020A427002060
S214026000002002B8000002B8001002B800D0035008
S2140260104FF48022014B9A64704700BF005000B8CC
S21402602070B5054600F052FC01213A20EDF798FFC4
S214026030424C434B00201D70FFF7ACFF2378013B18
S214026040012B0CD80122217CE37B8A4030214B4372
S21402605042F2100103F1A04303F570335A500022B6
S214026060384BC3F87C24ADB94FF6FF71364AC2F8F6
S2140260708410F821A2F58052C2F88410C3F87C542A
S214026080324B4FF08042DA644FF48022304B0020CD
S2140260909A6470BD636883B300F072FC626800EBBA
S2140260A05203B3FBF2F3013B1B0243F0F8032678DC
S2140260B02549022E264A22D0032E4FF6FF75214886
S2140260C02AD0012E33D143F00203C1F88450C2F81D
S2140260D084300723C0F87C343021E37B01204B4315
S2140260E041F21001227C03F1A04300FA02F203F50A
S2140260F070335A50FFF74EFF17E0F823D7E74FF6F4
S214026100FF7043F00103C1F88400C2F8843006220F
S2140261100C4BC3F87C24DFE743F00503C1F8845038
S214026120C2F884300423C0F87C340A4BA9E7C1F8CD
S2140261308450C2F884300023F5E700BFA42700206D
S214026140052B002000C00350006000B8002002B8F3
S214026150005000B8001002B8F8B5214F06463D467A
S21402616004460FCE0FC533682B6000F0AFFB01214B
S2140261703A20EDF7F5FE00221A4BC3F87C24A17AEA
S214026180627A42EA0142C3F88824217CE27B42EA30
S2140261900142C3F88424207B617B40EA0142C3F8B3
S2140261A080243B78032B19D8DFE803F01202060C92
S2140261B000230422EEF7D8FB00230422217CE07B96
S2140261C0EEF7D2FB01230422A17A607AEEF7CCFB2B
S2140261D0054B1878BDE8F840FFF722BF0120F8BD4E
S2140261E0A427002000C00350052B0020034BDB6CC5
S2140261F0002BBCBF024BC3F888007047000002B8F1
S214026200004000B84FF0006338B1064AD364064B2C
S2140262104FF40032C3F884207047044AD364044B18
S214026220F6E700BF001002B8005000B8002002B81F
S214026230006000B82DE9F0472D4B2E4C4FF47A76CD
S214026240A36000F09DFB4FF4FA73B0FBF6F67343BF
S21402625007462948190E1B021818284A4FF0000351
S21402626041F1000103F0D0F9A0F5807305462363DF
S21402627020B966222B21FDF709F801254FF47A7220
S2140262804FF0000A6A4353465008310203F0BCF945
S2140262901B4BB7F57A7F19601A4B4FEA0568894699
S2140262A0044618604FEA152505D276222B21504661
S2140262B0FCF7ECFF01264FF47A73A8FB030103FBFD
S2140262C005117308C01841F100010023324603F09D
S2140262D09BF90D4B023419600C4B49F10009A408D6
S2140262E0186044EA8974034B013C9C63BDE8F0875E
S2140262F00211010000C001B820A1070040420F00B1
S214026300C4270020C0270020BC270020B827002072
S2140263101022044BC3F884215A600122024BDA6031
S214026320704700BF00E100E000C001B81022064B33
S214026330C3F88421C3F88420BFF34F8FBFF36F8F57
S2140263400422024BDA60704700E100E000C001B8A8
S21402635010B50446A242A2EB0000A3EB010104D250
S214026360034B01399B6B0133184401F0030110BD46
S21402637000C001B838B501250A4B02019D504FF402
S21402638080730446084A8340536605F065F8074A58
S214026390A540137823EA05031370BDE8384005F0DC
S2140263A05FB800BF00E101B800E001B8062B00208C
S2140263B02DE9F84F164605468A461F4605F04CF864
S2140263C0022E00F0B080804605F04DF8694B6A4A0E
S2140263D0D3F8209092F88D405A6EE4B2520744BF2A
S2140263E0D3F82090013405F044F8644B644A1B68E5
S2140263F01168A3FB093213F100434FEA847301FBD1
S214026400093343EB020304F00302DAF80040012EDC
S21402641004BF0134E418A3EB040308BFCAF8004023
S214026420B3F1804FC0F093804FF0004000235549EF
S214026430D1F800C024F04041ECFB01035248A40FFF
S214026440006800FB01334B495048896B8B4281BF81
S214026450013401315B1A04F00304A41A994584BF7F
S214026460444A04F1FF3404F0030488BF926BA3EBA2
S214026470090C4455A4B1FC0742BF41F61F71444AB9
S2140264805167B90742BF424A424951677A0742BF3B
S2140264900021384A91673C0742BF0021354A916580
S2140264A04FF0110A4FF0010E324A05F11004240192
S2140264B002EB051BCBF80C3142F804A0136A3649EE
S2140264C0A3EB09030EFA05F4D2F864900A78E4B254
S2140264D0224363450A7025D34FF48073AB4019EA12
S2140264E0030F1FD1425D002A40D10EB32B4AF80794
S2140264F0536607D541F61F7140F20110244B5967C7
S21402650050675967B90706D5214B224A23492448C2
S2140265105A6748675A677A0742BF0122214B1A61B7
S2140265203B071AD4404604F09BFF0120BDE8F88FD3
S2140265301D4A2D0142F805E042F89C3C04F08CFF0F
S21402654015490B7823EA04030B7004F089FF4046D2
S21402655004F086FF0020BDE8F88F2120FFF746FEF4
S2140265604FF48032034B4046DA60DCE70B4A404683
S2140265705366D8E700C001B8003E00B0B827002036
S214026580BC270020C0270020C4270020072B00209D
S21402659000E001B800001F1F062B002000D001B843
S2140265A000000101000002B800E101B8024B1878B1
S2140265B0003818BF01207047062B0020034B10300E
S2140265C00001185800F00100704700BF00C001B873
S2140265D0044B01F0F071103041F003010001195034
S2140265E0704700BF00C001B838B504F03CFF084B46
S2140265F0084A1D6A92F88D405A6EE4B2520744BFAA
S2140266001D6A013404F035FF284604F0030138BD44
S21402661000C001B8003E00B038B50B4B03EB0012C9
S21402662010300001D2F80C411D58FFF7DDFFAB0712
S21402663006D5844200D90139204601F0030138BD4F
S214026640844238BF0131F7E700C001B808B52220FE
S214026650FFF7CCFD4FF48022014BDA6008BD00BF85
S21402666000C001B8064B1B68434303EB8171054B20
S2140266701B68A3FB003013F1004341EB0000704798
S214026680BC270020B82700200C4A20F040430146D1
S21402669010B5002014684FF00042E4FB0320084ABD
S2140266A0890F126802FB0300064B9B6B984204D9C3
S2140266B001330131C01A01F0030110BDC0270020CA
S2140266C0C427002000C001B8F8B50646FEF732FC23
S2140266D0044608B1FFF72AFE00230B4D0B4FAB61B1
S2140266E03046EB612B6287F88D30FFF7CDFFC9B2DB
S2140266F087F88D1028622CB1FFF70AFE4FF08062F1
S214026700034B1A640020F8BD00C001B8003E00B07A
S214026710002002B870B50C68651C15D0C4F302667A
S2140267209E42C4F3074530D1A4B294422DD804EB5E
S2140267308506B24229D2141BA50824F003040E597A
S214026740340F04D0012C09D00022012303E06B1C75
S21402675051F8232000230260037170BD0D4C34F8FB
S214026760133042EA03431A686B1C51F8234001EBCC
S21402677083014B6822405E4036F07044EAD11B0F1C
S214026780032B04BF8B681A43E4E7013501EB85014E
S214026790C1E700BFCC44030070B51646054610B9E3
S2140267A00124204670BD0029FAD04268104B0068CA
S2140267B003321B68920800F13040984704460028CE
S2140267C0EFD1002EECD0EA68A86803323146920870
S2140267D000F130400CF05AF804460028E1D1D5E921
S2140267E00402214600F130400CF0B1F9D9E700BFAF
S2140267F0DC0B002007B501A8EEF79AFA9DF80530E3
S214026800022B02BF40220B4BC3F8FC23C8220A4BC2
S2140268105A650A4B0A4AD3F86032DBB2FF2B08BF2E
S21402682003239B0043F47F53C2F8F83303B05DF8AA
S21402683004FB00BF001002B8008001B80080E00F21
S214026840000002B8002310B5194C012123643A2037
S2140268506364A364EDF784FB0122164B5A6102229D
S2140268609A62E368C3F303630D2B01D0002BF8D1C1
S2140268701123114AA36311491148FFF78DFF01F056
S21402688069FB104A936843B94FF08062094B5A611C
S214026890012203F580535A6110BD0B49D26809687C
S2140268A003F13043032AEFD943F8041B043AF9E70D
S2140268B0000002B8001002B82C4503003045030061
S2140268C014450300FC440300F00B0020012341F6AC
S2140268D0FF710D4AC2F8803291660C4A53600C4A28
S2140268E053600C4A5360A2F580425360A2F54042C0
S2140268F0536002F5C032536002F580425360A2F53F
S21402690000425360704700BF0090005000D000B8AD
S214026910001000BA005001B838B50324FFF7D6FFBE
S214026920114A124B124DDA64FFF764FF114BC3F89B
S214026930E0400123EB6401F091F94FF460736B6160
S2140269404FF40073EB640BF0F7FE0021FEF7C4FD74
S2140269508022094B1C64A3F580535C64074BC3F882
S21402696084215A6038BD00BF0048F000000002B81B
S214026970001002B8005001B800A002B800E100E022
S21402698008B5ECF7D1FC044B1B6FC3F3004301338D
S214026990B0FBF3F008BD00BF008000502DE9F04FB9
S2140269A0044687B003908A465AF8046B731C06D1D5
S2140269B0039B2660E01A801007B0BDE8F08FC6F38E
S2140269C00745012D38BF0125324BC6F3016233F865
S2140269D01230B7B247EA0347EB002F490493043359
S2140269E023448B424FEA167602D92C4B9C424ED950
S2140269F007234FF00109D346D34003F0010309FAF7
S214026A0006F9029309F0940304F108080195059328
S214026A10059B0BF1040B53B919F0420F19D119F06B
S214026A20280F0BD148F8087C5BF8042C20E040F2D3
S214026A30AA7232210020FCF729FCF3E740F2AF727B
S214026A4032210298FCF722FC07F5805248F8082CFF
S214026A50EAE74FF4F76232210298FCF717FC07F5D3
S214026A600052012E48F8082CDED15BF8042CD243E3
S214026A70019B48F8042C013B07F1040708F10808BB
S214026A800193C5D1049B0AEB85011C448BE70020C9
S214026A9092E700BFC4440300DF4F00B0E04F00B0EF
S214026AA0F8B50646E0B10024144B25461F461449A5
S214026AB053F8042BAAB91348314600EB8500FFF7BA
S214026AC06DFF30B940F661023621BDE8F840FCF7AA
S214026AD0DDBB0D4B0135281847F8246023F8140057
S214026AE0F8BDB242FCD001340C2C02D031F814505E
S214026AF0DEE740F66F0236210020E6E7C8270020D0
S214026B00022A0020404000B0042A002070B5044645
S214026B1090B1A9B13A4A52F8043B834212D10023FB
S214026B20384A116CC907FCD49B0003F580434033F6
S214026B301360354B01221A6470BD01330C2B02D14F
S214026B40324D2CE0012352F8041BA142F5D1304A03
S214026B5032F81330E4E7C2F3016335F81300110C80
S214026B6093B211F0FE0F43EA0043606820D004346B
S214026B70CAB2022A216808D9D4E90160033AC3E9F5
S214026B80001698600C340C33F3E704D16268C3E94C
S214026B900012083403E0012A01D104341960226885
S214026BA0531CD8D10022174B1A6003F58053C1E755
S214026BB0120F072AEDD8DFE802F00704090D1013BA
S214026BC0181DC04303F500531860E2E71A684240F6
S214026BD01A60DEE703F58053F6E70BF04CFED8E7C3
S214026BE0012203F580538240F2E7012203F50053A7
S214026BF08240EDE71A6830EA0202FBD1C9E700BF1D
S214026C00C827002000C002B800D002B8CC44030057
S214026C10022A00200122014BDA647047001002B8F3
S214026C200122014BDA647047002002B84022014B71
S214026C30DA647047002002B84022014BDA647047DB
S214026C40001002B808B50C4B1B68D3F8C83023B145
S214026C501A68022A01D9186A08BDFFF791FE074B87
S214026C6002469B6D98B20028F6D0C3F30743D208BB
S214026C705343B3FBF0F0EFE708250020004001B8CD
S214026C80064BDB68C3F30363984206D1044A936E4D
S214026C9023F0F00343EA011191667047000002B840
S214026CA0003F00B010B50446FFF7CCFF0F4AD2F8FB
S214026CB038311B040E4B48BF40089B6C03F4C0538C
S214026CC0B3F5805F0ABF936BC4F30113C3F341634A
S214026CD0012B02D0022B02D010BD4008FCE7C4F301
S214026CE0C4240134B0FBF4F0F6E700BF004001B85C
S214026CF0004000B82DE9F0470E460BF09FFD002439
S214026D008046DFF8B4A0DFF8B49004F0A5FBDAF80A
S214026D100C300746C3F30363012B0BD1711C35D02D
S214026D200BF08CFDA0EB0804384604F099FBA64253
S214026D30EBD80DE0052BF1D00B2BEFD0023B012B4D
S214026D4009D9013602D00BF079FD384604F088FBEB
S214026D501848BDE8F087D9F80C3013F4603FDDD050
S214026D60D9F818301A04C3F3891512D4013602D0A2
S214026D700BF064FD384604F073FB2DB26FF4FF731C
S214026D80A5F1C8009842B8BF1846E2E704F068FBCF
S214026D90BBE7731C03D00BF051FDA0EB08046FEAAF
S214026DA085556FEA9555384604F05AFB15F5007F6F
S214026DB0BDD0E3E700FEFFFF000002B800C000B847
S214026DC00122024B98611A61704700BF000001B8A9
S214026DD0044BD3F8AC3010B1C3F30332027003F0A5
S214026DE00F007047000002B8094B01F080011B6CCF
S214026DF003F480030B4309D14FF40012054B1A62C9
S214026E00837F1BB10122044BC3F80021704700BFE9
S214026E10000002B8006001B8005001B810B504F0D6
S214026E201BFB084B04461B683BB1984728B100225F
S214026E3000204FF4806101F0A7F92046BDE810401B
S214026E4004F00EBBF82700204FF604014FF60502A9
S214026E50044B01201B6C9BB28B4208BF1346024AAE
S214026E60136670470080E00F00C001B8074BD3F8E6
S214026E70483203F00303012B03D0022B03D0002079
S214026E80704704F0EBB8ECF799BA00BF00800050E8
S214026E902DE9F74FDFF8ECB081460F46DBF808A085
S214026EA0FFF7A2FB4FF0FF35CDE9000100202C468C
S214026EB0064606F110031B015BF8033003F00308D5
S214026EC0B8F1010F15D13046FFF7A6FB02460B4676
S214026ED0DDE90001FFF73CFADBF8643006F1080250
S214026EE0D340DB0737D5002F3ED000252C463E6028
S214026EF040460136082EDCD150B3224F0AF4403306
S214026F00B96B00220131A4FB0141641941F1000171
S214026F10B3F5003F30D17B6B0AF4405A013342F19D
S214026F200006BAF5805F22D13D6B15F5807505FB2C
S214026F3006F642F1000203FB0266A5FB0332324468
S214026F40594304FB0212A3FB04341444C9E9003477
S214026F5003B0BDE8F08FA84271EB0403C8D207B1B4
S214026F603E6005460C46C3E73D463C46C0E7320255
S214026F7042EA13621B02E3E73B6B13F5807342F1AE
S214026F800002DDE700C001B8F8B506200BF05DFC94
S214026F9004460BF053FC42F21073041B9C42054657
S214026FA018D94FF080624F240B4B1A6441F26F7768
S214026FB00A4E0BE00BF042FC401BB8424FF0F702C1
S214026FC021468CBF00200120FCF760F9336C5B0180
S214026FD0F0D5F8BD1A24E9E7002002B8000002B88E
S214026FE008B50BF0C0FC0122054B93F8853002333E
S214026FF05B00DBB202FA03F3024A536108BD00BF2C
S214027000003E00B0002000B80B2870B500F2958054
S214027010012900F292804A4B83F8840083F8851097
S214027020484B5B689D05C3F3402227D44FF0384394
S2140270305A60454A506E44026BD5444B5B6803F077
S2140270400303022B65D00223C2F848320122404BCA
S2140270509A604FF038435A60DA60996A0807FCD1A2
S2140270601969C907F8D540F2FF323A4B9A615A615C
S2140270704FF40072334BC3F884215A60304C01211E
S2140270803B20ECF76DFF94F8853094F88420324963
S21402709043F4402343F41063063241F82230FFF7EC
S2140270A06FFC4608C507FFF7E1FE0023024631469D
S2140270B0284602F0A9FA090241EA1061C0F3C0505C
S2140270C040EA4100254BA067186B10F5807005D189
S2140270D04FF4E1722B21FCF7D9F802200246002376
S2140270E00020012102F090FAE067FFF7BFFE40F6AB
S2140270F049435843000DFF2828BFFF20022838BF07
S2140271000220002184F88C00012000F0BBFD002044
S21402711070BD10F4001006D0114B586800F0030042
S214027120023818BF01204FF4A9721B21FCF7AEF8F3
S2140271300122054BC3F8482288E70120E8E700BF92
S214027140003E00B000E100E0008000500000025067
S214027150001000B8002000B80080035000C001B83C
S2140271600040025038B1064B93F88400087093F83A
S21402717085301370704707230B700123F9E700BFB1
S214027180003E00B070B5FFF7FFFE0021022000F0BF
S21402719079FD0BF053FB04460F4D104ED5F8F43331
S2140271A01B070BD504F058F9BDE8704002220C4BC1
S2140271B0DA6001220B4B1A7004F052B90BF03EFB58
S2140271C0001BB04240F22A224FF045018CBF00203D
S2140271D00120FCF75BF8E1E7000002B83F420F002F
S2140271E000C001B80F2B0020224910B50B78002BE7
S2140271F03FD00122204C94F8853002335B0002FA1D
S21402720003F31E4A93614FF400721D4BC3F88421A8
S21402721000230B701B4B4FF43072186C3921C0F3ED
S2140272208060FCF733F84FF48041174B174AC3F8D7
S21402723094100C2194F885304B4303F138435B6B72
S214027240D4F88010994202BFD2F86C31C4F8883064
S214027250D2F86431D4F8880008BFA4F88630B4F8AF
S214027260861000F0A7F8BDE810400121022000F0C9
S21402727009BD10BD0F2B0020003E00B0002000B854
S21402728000E100E0000002B800E001B800C001B86A
S21402729010B50446FFF7EAFD6043044B00F5F42000
S2140272A000F59070B0FBF3F010BD00BF40420F0037
S2140272B02DE9F74FFFF7ECFF0546FFF765FE04F0F2
S2140272C0CBF800214FF0384ADFF8E49006466846CD
S2140272D089F80010FFF7DCFD304BDAF82070DB6827
S2140272E013F0706F1DD12E4B5B6913F0060818D190
S2140272F000284CD0FFF744FB691DA1FB00B4FFF742
S214027300B5FD214602464346584602F07DF9DDE9C0
S214027310004B090241EA10610002A04271EB0B0128
S21402732005D3304603B0BDE8F04F04F099B8FFF736
S2140273309DFD220A42EA0B624FEA1B23A0FB02B221
S21402734000FB0324FFF71CFB434602462146584631
S21402735002F05AF90C220121124B013593F88530BE
S2140273607F1B5A4302335B00074402F13842DCB209
S214027370576301FA04F40C4F99400C4B7C619961F7
S214027380DAF82030526B2D1A9B1AAB42C9D302226E
S214027390034BDA60012389F80030C2E7000002B826
S2140273A000C001B8003E00B0002000B8001000B8CF
S2140273B00F2B00202DE9F04F4FF00C0A0027B54A9C
S2140273C0054692F8854088460AFB04F303F13843E3
S2140273D01F6392F88420B04B87B0C3F8B4204FF4F2
S2140273E00032AE4B46461A610222A3F58053DA609B
S2140273F04FF03843AA4A1B6A92F82413AB46C9B226
S214027400059192F829130134C9B20491012104F0BE
S214027410010482F8247382F82973A21C0AFB04F47E
S214027420500001FA00F003F1FF390290019004F1D6
S2140274303844A3EB0903002B40F3FF800137022FE9
S21402744065D9DB220D210020FBF720FF4FF0805389
S2140274509449934A4B66059B934C03F0F00382F8DB
S2140274602433049B03F0F00382F82933894A4FF44D
S2140274700033C4F86CB1C4F86461A2F886600026D2
S214027480C2F88090C2F888B00B61834BC3F8B46030
S2140274900C2392F885205A4302F13842166303F011
S2140274A0DBFF334632464FF4807E276AD4F864C048
S2140274B003F110010901615801F00301012910D1FD
S2140274C00EFA03F111EA0C0F0BD104EB0316AF42CE
S2140274D0D6F80C61C0F0D880B54202D2B74280F02E
S2140274E0D6800133082BE3D1704D2C68012C40F274
S2140274F0E3803AB16749B1F88E301343A1F88E3073
S214027500664B5A6607B0BDE8F04F03F0A9BF4FF0CE
S214027510000B604E96F885300AFB03F303F13843FE
S214027520C3F830B003F098FF4FF080515D4B0390E4
S21402753059664FF0384396F885201B6A00920AFB7C
S21402754002F203F1010902F13842C2F83490534ABA
S21402755002331167C4F830B0029A6363544B524840
S2140275605A61019AA3F580539A618368DB0340F15E
S2140275708880D6F88030B26FA9EB0303A3FB022102
S214027580036B03F5807CF36FA1FB0360A2FB03E3AE
S2140275909B19ACFB03E640F100000CFB0066B2EB65
S2140275A00E0261EB0606120A42EA06624244B2EB99
S2140275B01C2F4FEA1C2603D3013340F10000921B16
S2140275C0043E964228BF16463749324A8E6192F8E2
S2140275D08D20D1F820C0EB18D2B2896B40F10000A2
S2140275E0654584BF02F1FF32D2B2B1F1FF3F0ED041
S2140275F04FF0000E01F1010C99427EEB000B08D20F
S2140276000132B3EB0C03D2B260F10000F4E702449D
S214027610D2B29B461F49244B02F0030281F88D200A
S214027620C3F820B00222009B03980AFB03F303F17F
S21402763038431A63226303F013FF4FF038431B6A82
S214027640009303F009FF1B490A6922F004020A614B
S21402765030BF4FF08051019B154A936102F5E0322C
S21402766011670022102122630D4AC2F8841103F02A
S214027670F7FE0D4A009B526E12F0805F3FF4D9AEC1
S214027680E4E64646AB46CDE7B542BFF427AF114324
S2140276908AB226E7003E00B00080035000D001B850
S2140276A000E100E000E001B800C001B86427002055
S2140276B0002000B800ED00E011490B78142B01BF42
S2140276C00023104E0B7033700B7801330B70002AB8
S2140276D03FF418AF0C4EB6F88E301343A6F88E3031
S2140276E00A4B5A66074A13780133DBB2022B137031
S2140276F07FF408AF002301342C600B70137001E78F
S214027700112B0020102B0020003E00B000D001B844
S214027710F8B50B46002213F8044B944225D91D688F
S214027720854224D106245A791D79124B88181E6880
S21402773004FB0503104F33F8063C7B43B3420ED9D5
S21402774000238A5A7A43964202D804FB0300F8BD05
S2140277509D42FAD9013304FB03F2825AF2E740F261
S2140277605F423D210020FBF791FD0020EFE7083342
S2140277700132D2E7FC27002040420F0000202DE90C
S214027780F84FA2FB018BBD4EBD4F18EB060699467D
S2140277906BF10003B74270EB030307D240F25922A3
S2140277A00E21FBF773FD0220BDE8F88FD9F814A06E
S2140277B00C461546BAF1000F04D0DAF80030032B57
S2140277C000F21D81AF4BB04A9F6BA3F58043D3F8FE
S2140277D0EC30C7F314075900AC4B48BF47F4001708
S2140277E01B6ED2F8FCA05A074EBF4FF440039B050F
S2140277F003F0E0731F43A64BD3F8E4309E0748BF5E
S21402780047F0807747EA4567EBF7BEFD012D06464F
S214027810C9D10028C7D09F4B984200F0FF8003F5DD
S214027820122303F5F863984200F0FE809A4B9842C2
S21402783000F07581002502462B4600204FF00071AD
S21402784001F0E2FE2B46013008FB03F3C7F31301F7
S21402785000FB0B33A1FB0662A8FB008001FB05229E
S214027860034420339B09C9F80030F60C8B4B46EADA
S2140278704236F8021C6058BF7642894B894D344422
S2140278801E602C60BAF1000F00F0B7800023F901E9
S2140278908549C7F381528A5C194648BF6408002EA0
S2140278A0B8BF764292066008C2FB0601224601F085
S2140278B0ABFEDAF800600E2E08D9744B714A916B53
S2140278C0DA69D3F80C31D20600F1CF8017F400172C
S2140278D014BFC42240F207127449C0F31300A1FB7E
S2140278E004C14FEA511102FB01F1C9F80400DAF8AB
S2140278F018004FF4FA73B1FBF0F118BF002701FB32
S21402790003F3A4FB02C2FA33A3FB003004FB0722F4
S2140279106345904138BF0131C9B241F4006CC9F8E1
S21402792008C000297ED0DAF81C00A1FB00371CB183
S214027930B4FA84F20E2A7EDDE203002F78D1B2FB7F
S214027940F3F2530003FB0113A3FB00874FEA044E36
S214027950C6454FEA144474EB070709D34F003B446D
S214027960A0FB0381C64574EB010102F10102F6D2C7
S214027970C2F30E024CEA023C4CF00063062EC9F833
S214027980083040F29980DAF83030002B00F094800C
S2140279900023C9F80C30C9F81030EBF7F5FCDAF81A
S2140279A03010FFF7B5FE044618B18378002B40F07E
S2140279B0D580EBF7B3FCDAF83010FFF7A9FE0446E1
S2140279C0D8B18378CBB1407940F28B52003818BFD9
S2140279D001203D21FBF75AFC207940F28C520038F8
S2140279E04FF03D0118BF0120FBF750FC2379627966
S2140279F01B0243EA0213C9F810300020D4E6042B17
S214027A00DAF828707FF400AFF8014CBF4FF4400359
S214027A1007F0E07327F0E0771F43F5E600232448DB
S214027A201D4611E70120BFE6002322481D460BE74C
S214027A300B46002288E7C2F10F0E02F1110807FA80
S214027A4008F823FA0EF343EA0803AEF1200827FAF1
S214027A5008F843EA080327FA0EFE01334EF1000740
S214027A6004FA02F2002FE3D169E701F4801103F46D
S214027A700013194308BFC0F5801027E7006CCA88B8
S214027A80807C814A008001B8004F00B0004001B8F7
S214027A90000002B800F04902005A620204280020E0
S214027AA000280020FC270020E8440300D34D621083
S214027AB00A3BB2DF313641DCEBF766FC2C6894B346
S214027AC0B4FA84F3D3F1020358BFDC40354B9C4230
S214027AD088BF6408C8B3B4FBF0F3642100FB13420A
S214027AE001FB02F2904203F1FF3253D85D085308BD
S214027AF0013D1B0243EA0515C9F80C50EBF714FCCE
S214027B00E0B1B4FBF0F2642100FB124401FB04F482
S214027B10A0423DD8531E52085B08013A68E700238C
S214027B2021481D4690E66FF01F050028E4D140F27A
S214027B30DD422B210020FBF7A9FBDDE74FF4A06214
S214027B402B21FBF7A3FB621EE4E7631EA51E5B0860
S214027B506D08013B2D0245EA0315E8E740794FF42C
S214027B60AE62003818BF01203D21FBF78FFB20795B
S214027B7040F27152003818BF01203D21FBF786FB08
S214027B80237962791B0243EA0213C9F80C3010E724
S214027B901446D8E79D1E6D085308013B2D0245EAA0
S214027BA00315A9E73FBE4025D694BFD610B50446B6
S214027BB086B059B9214B4168D3F8FC30827A204806
S214027BC0059300686B46FFF7D9FD69461D4B0A68A8
S214027BD05A631A4BD3F8FC3033B34B6843B11A4B93
S214027BE01A4AC3F80C214A68A3F58053C3F80C213D
S214027BF08B6843B1144B164AC3F8EC208A68A3F587
S214027C008053C3F8EC20134AC868D2F8743123F4C0
S214027C10EE630343C2F87431D2F86C31096923F477
S214027C20EE630B43C2F86C31002022890A4B9A623B
S214027C3003F5A033186406B010BD00BF004F00B0B5
S214027C4008250020008001B8006001B8FFFF0F0081
S214027C50FFF8FF0F000002B8004000B8064B9A6E0D
S214027C60920607D55B6E002B4FF48043B4BF034ADF
S214027C70034AD3640020704700800050002002B8F8
S214027C80001002B8064B1A6C9207FCD4022240EA95
S214027C9001205860034B1A640122034B1A70704786
S214027CA000C002B800D002B8122B002040B1036810
S214027CB0012B05D90069034B002808BF18467047F8
S214027CC000487047F0440300064B586E5B6AC0F3E8
S214027CD00112000C02FB000003F01F0301331844DC
S214027CE0704700BF004001B8084BC1171A68A2FBD4
S214027CF0000302FB013310F1807043F10003400ED3
S214027D0040EAC310803820EAE07070470C28002052
S214027D100722194B70B5DA63FEF732FE174BC4081A
S214027D20010B0546E005C018154A41F10001002383
S214027D3001F06AFC134B144E18601448FFF7D4FF88
S214027D404042C6F8DC0049F65800FFF7CDFFC6F8F9
S214027D50A8000F48FEF798FC024660B1E3015008FF
S214027D6018184FEA15714FF0000341F1000101F0B7
S214027D704BFCC6F8B40070BD000002B8B2E60E00B6
S214027D8065CD1D000C280020003F00B070110100D8
S214027D9040420F002DE9F047064608469846FFF790
S214027DA085FF1546074616B308F0020918F00408C0
S214027DB01FD1B9F1000F1AD04FF47A707368584386
S214027DC0002B40F08680FFF78FFF28637369002B35
S214027DD000F085804FF47A72B86802FB0300A0F5C3
S214027DE0FA50FFF781FFE862B8F1000F53D1BDE801
S214027DF0F0873069002863D04FF47A735843BB6823
S214027E00A0F57A60C01AFFF76FFFA862B08B002851
S214027E1059D04FF47A735843BB68A0F57A60C01AFB
S214027E20FFF762FFE861324BF468D3F800A0002C3B
S214027E304CD04FF47A735C43BB68A4F57A64E41AB8
S214027E407B68E41A2B4BE1171A68A2FB044302FB79
S214027E50013314F1807443F10003640E44EAC31440
S214027E60803C254B2C62D3F8C430244C6B622368CA
S214027E704BB150460AF026FC28B12A4639462368FA
S214027E80DAF87C009847B06900210AF098FD68632A
S214027E90B9F1000F90D1B06820BB47F23050FFF71F
S214027EA023FF68614FF47A703368584323B13B6806
S214027EB003F51C5310331844FFF716FFA86196E724
S214027EC049F640409FE749F64040A9E749F6404454
S214027ED0B8E73B6803F51C531033184473E747F2C0
S214027EE030507EE74FF47A735843A0F5FA50D6E73F
S214027EF0082500200C280020003F00B0082800209B
S214027F0008B9FFF7E1BE034881420CBF2F20BC2010
S214027F10704700BF48E8010010B508461C460AF044
S214027F209BFC094B0246D3F8FC00FFF7BFFE4368F2
S214027F30A018002B054AA8BF4FF4FA721A44044B45
S214027F4092FBF3F2104410BD004F00B00CFEFFFF90
S214027F5018FCFFFF70B588B06D46124C0FCC0FC5EB
S214027F6094E80F0085E80F00B02200210E480AF0C0
S214027F70EEFD202200210D480AF0E9FDD82200215C
S214027F800B480AF0E4FD0AF019FD0A4B1B783BB1D8
S214027F906D46044E0FCD0FC695E80F0084E80F001D
S214027FA008B070BDE03F00B0503F00B0E04F00B0F8
S214027FB0783E00B0022B00200A4B197801F0FF022F
S214027FC029B10021197008499202C1F80421597892
S214027FD001F0FF0229B1002159709302024AC2F849
S214027FE008317047132B0020005000B8064BD3F818
S214027FF0EC0E064B5B6C1A0103D4054B9B6E1B04FE
S21402800001D500F580707047003000B0000002B85D
S214028010004000B808B503F01FFA0E4B1A78A2B952
S2140280200D4A126812F4843F0FD10C4A1021D16413
S2140280301B7863B9084B1B68DB0508D4074B202264
S214028040DA64BDE8084003F00BBA054AEEE7044BD3
S214028050F5E700BF172B0020C0110020002002B851
S214028060001002B810B503F0F7F90E2104460320FB
S214028070FEF706FE40F20122034B2046BDE8104002
S214028080DA6203F0EDB900BF004000B80022044BEC
S2140280901A70044B197811B11A70FFF7BBBF7047FC
S2140280A0162B0020172B002008B503F0D5F94FF049
S2140280B00042264BC3F88020BFF34F8FBFF36F8F6B
S2140280C00122C3F88420BFF34F8FBFF36F8F0222C3
S2140280D0C3F88420BFF34F8FBFF36F8F0422C3F819
S2140280E08420BFF34F8FBFF36F8F0822C3F884201C
S2140280F0BFF34F8FBFF36F8F4FF00052C3F880204D
S214028100BFF34F8FBFF36F8F1022C3F88420BFF3E5
S2140281104F8FBFF36F8F2022C3F88420BFF34F8F99
S214028120BFF36F8F4022C3F88420BFF34F8FBFF395
S2140281306F8F4FF48062C3F88420BFF34F8FBFF374
S2140281406F8FBDE8084003F08BB900BF00E100E086
S21402815008B503F081F94FF000420A4B1A6001227B
S2140281605A6004225A6008225A604FF000521A607F
S21402817010225A6020225A6040225A60BDE8084007
S21402818003F06EB900E100E0012370B5074C2370DE
S214028190074B1E68074B3240D3E90053194028406C
S2140281A0FBF7EEFC0023237070BD00BF152B0020EA
S2140281B014280020C01100202DE9F047DDF820A089
S2140281C003EA0108099B06460D4602EA000703EA8F
S2140281D00A09BAF1000F40F05C81031F0B4300F05E
S2140281E01C81052871F1000380F0F28050EA010339
S2140281F000F07281431E0B4300F03281FFF754FFFA
S214028200B64AD2E9004323EA050324EA06043C43BD
S21402821043EA0807B24BC2E900471E6826EA0A0686
S21402822046EA09061E60FFF7F5FE14F02A4F14BF51
S21402823048F202034FF40043AA4AB007D26EAA4895
S21402824048BF43F4005383EA020122EA0302C266ED
S214028250A64A0B408166D366C4F38042120321030A
S21402826048BF42F48072E30648BF42F40052A04B75
S214028270A50648BF42F400726006D3F80C3248BF27
S21402828042F48062210648BF42F40062994882EABC
S214028290030123EA0203C0F80C32974B0A40C0F8E7
S2140282A00812C3F80C22BA0507F4007300F1108115
S2140282B0924A1D46D2F8A41002F50052C2F8A41043
S2140282C0C2F8A0104FF05022C2F8A4308C4ADFF851
S2140282D06C8282F88830E30448BF45F48035A003F8
S2140282E048BF45F48015A10748BF45F4001514F4AD
S2140282F0001F06D0D8F800000AF088FB08B945F43B
S2140283000025E20248BF45F40035FB067D4B48BF18
S21402831045F480051A6A7C4985EA020323F00103C4
S2140283201A400A621D40CB61784B16F0010F1D629F
S214028330774B784A18BF1A46774B7D071B6F48BFA4
S21402834042F00062754882EA030123EA02030367E9
S214028350734B0A4041661A67724A04F00103916C35
S214028360A0F5803081EA030221EA030181644264B7
S2140283701A406D4B20029A64D8F8002048BF6B4B17
S21402838092F81D2158BF6A4B610748BF43F48063C9
S21402839022B114F4C06F18BF43F4807332074FF053
S2140283A03A42BDE8F047D2F8181148BF43F00043FE
S2140283B083EA010222F4A0225E481140C0F8181196
S2140283C01340C0F814215C4AC2F81831FFF7C0BE49
S2140283D0A0F580630B4306D020F48063A3F50073F8
S2140283E00B437FF40BAF03F037F83C49D1E9003278
S2140283F023EA060322EA050242EA08023B43C1E9EF
S21402840000324E4A126892F81D114A4A09B313F412
S214028410C06F1ED04FF4807311E003F01DF82F4A90
S214028420D2E9003123F004033B4341EA080157EA4C
S2140284300807C2E900314FF480633E4A0BD0C2F807
S2140284401431A2F58052C2F81831BDE8F04703F0A5
S21402845007B84FF48073C2F81831C2F81431F4E743
S21402846002F0FAFF1D4AD2E9003123F001033B4332
S21402847041EA0801C2E900310123314A57EA0807F6
S2140284801BBF5364A2F580529364936408BF53647F
S214028490DBE750EA01037FF4B1AEBAF1010F7FF4D5
S2140284A0ADAE02F0D9FF0E4A136823F0010343EA89
S2140284B0090313604FF48063184AB9F1000F04D021
S2140284C05366A2F580521367BFE713675366BCE78D
S2140284D001234FF48025F9E6BDE8F087C01100209D
S2140284E014280020004000B8006000B8005000B811
S2140284F0004001B8006001B8005001B800400050CA
S214028500003F00B0000002B8002002B8001002B817
S214028510041C00030418000300C001B800E001B800
S21402852000D001B800C000B800D000B80D0A0A0991
S214028530090A0A09002000BA001000BA082500201D
S21402854000E000B8024B5868C0F3C000704700BF96
S214028550C0110020024B186800F00100704700BFEF
S214028560C0110020024B5868C0F3C030704700BFED
S214028570C011002010B50446FEF7CEF9FFF794FDB1
S21402858004F18000FDF790F9FEF75CF9FDF752FE64
S214028590FDF7BEFEFFF7BCFB13490723134AD1F8CB
S2140285A0FC1004F1D800FFF7F5FB4FF080710020B5
S2140285B0FEF70EF84FF000720D4B4FF4001101203B
S2140285C0C3F80021FEF704F8FEF73EFC20B940F29D
S2140285D0E7221421FAF75AFE0AF0EEF9BDE8104037
S2140285E00120FDF71DBD00BF004F00B0A43F00B044
S2140285F000D001B88022074B1A64082203F5805384
S2140286001A64054AD2F8C43E23F02003C2F8C43ED8
S214028610704700BF001002B8003000B008B502F084
S2140286201BFFFFF7E7FF0122024B1A61BDE8084075
S21402863002F016BF000002B8F0B583B01446064634
S214028640FFF70CFBFCF776FC002800F09780524BF5
S2140286505D6915F0060540F0918002F0FDFE237973
S2140286600746022B00953ED1237B022B35D00320F2
S214028670FDF7A4FF18B9494BDB685B047BD5A37BE7
S214028680257B003B18BF0123A2684549012D0192B4
S2140286900B705ED00023434A434C13702278002AA4
S2140286A062D10420FDF766FE04203B4E2A46736F15
S2140286B00DEB000123F0F85323F4F81343F0506354
S2140286C043F4803373670223FDF772FE00285CD002
S2140286D001213022354B2170DA64384602F0C0FEA2
S2140286E0002003B0F0BD0320FDF768FF002842D14A
S2140286F02279D6F8E030012A226839D0D51A00212C
S214028700254B2B4A00955A679967637B294A8B4209
S21402871014BF0B4601231370274B274AD3F8C43ED7
S2140287204FF003000CBF43F0200323F02003C2F8EF
S214028730C43EFDF71FFE184B204A03205A676946BF
S21402874001232279FDF734FED0B101221C4B1A70A8
S2140287508AE72379022B9DD0009BD6F8E0100025ED
S2140287600B441344019395E72370FFF753FC98E7F5
S2140287709A42C4D3C2E7384602F072FE0320B0E73C
S214028780384602F06DFE0120ABE70320FDF7F2FD4E
S214028790074B38467367EFE700C001B8000002B81F
S2140287A0192B0020162B0020172B0020001002B8D1
S2140287B000000101182B0020003000B0010C01005F
S2140287C01A2B00202DE9F34100240D46074602F03D
S2140287D043FE1B4BDFF874801C70FFF70BFF194B30
S2140287E00646C8F87430C8F878406879431E58427E
S2140287F05841FCF741F840F60143C8F878302A7928
S2140288002968012AD7F8E83001D1994200D3CC1A58
S214028810042303200DEB03010194FDF7C9FD48B9BB
S2140288208822094B30461A6402F01AFE012002B072
S214028830BDE8F081304602F013FE0020F7E700BFE5
S2140288401A2B002000000101002002B800C001B867
S214028850F8B5194C0546207840F20642B0FA80F088
S2140288603E214009FAF712FD55B9607840F20642F9
S214028870BDE8F840B0FA80F03E214009FAF706BD9E
S2140288804FF440660D4F0E4DD7F8043140F20642C3
S214028890C3F381232370C5F8046160783E21B0FAE1
S2140288A080F04009FAF7F2FCD7F80831C3F38123C7
S2140288B06370C5F80861F8BD132B0020004000B8AD
S2140288C0006000B8F8B5084C084D236C0423084F26
S2140288D02B64236C5B0300D4F8BD042602203E649E
S2140288E009F0C9FF2E64F4E7000002B8001002B8CF
S2140288F0002002B8A82238B51A4B1D6C03F50053A7
S2140289001A6410229A60A3F5804302F100521A6795
S2140289105A66FFF751FB144B1B7813B90320FDF779
S21402892029FD0024114B9C67FFF7CCFF104A114B20
S214028930D2F8EC1E0B40C2F8EC3E04220E4B1A6430
S2140289400E4BAA06C3F8CC4008D503F580739B6F7E
S214028950B3F5817F22BF8022024B1A61BDE8384000
S214028960FCF7A0B9000002B81A2B002000C001B81C
S214028970003000B0DF0000FF002002B8003E00B06A
S21402898010B528B979B94FF4C062154BDA6210BD3A
S21402899049B9144BDB681B0E13F00E0FF3D1124BC2
S2140289A01B6CD907EFD4FFF75DFB0E4C0020FEF7D9
S2140289B00FFA032801D0092805D1A36ADA07F5D4ED
S2140289C0636CDB03F2D4FFF77DFF0122074B5A618B
S2140289D002229A62042203F580531A64D3E700BF88
S2140289E0006001B8000002B800C002B8001002B869
S2140289F008B503210920FEF743F92022014B1A612C
S214028A0008BD00BF000002B80D4A10B5D2F8A0306B
S214028A10D2F8A4100B40B3F1804F0CD34FF0404075
S214028A200849094CC1F8A400D467C1F8A0004FF465
S214028A308021064AD161034AC2F8A03010BD00BFA9
S214028A4000400050006000500000FF01001002B815
S214028A5038B5054602F000FD0446FCF7DFFE35B1E8
S214028A60FFF714FB2046BDE8384002F0F9BC084B7D
S214028A701B78002BF6D0074B1D78002DF2D1FFF79E
S214028A8005FB2A464FF480400021FFF77DFBE9E70D
S214028A90162B0020152B00202DE9F84F5A4B0646C0
S214028AA00D4614461B6C002A40F0AB8013F0A00F54
S214028AB014BF4FF001094FF00009FCF7F3F8A023AA
S214028AC04FF0000ADFF85C810320C8F84030FDF75B
S214028AD051FC0420FDF74EFC4C4FFFF7D7FA4C4BE7
S214028AE04FF0040B7B67C7F878A0FFF7EBFE494B05
S214028AF04FF48071D3F8C42E42F02002C3F8C42E7D
S214028B00FF22C8F80820404A1161D3F8EC2E4249E9
S214028B101140C3F8EC1EC8F840B0C3F8CCAE7B696F
S214028B2013F0060F04D0FDF791FD5846FDF722FC20
S214028B30B9F1000F08D04FF40062384B1A644FF4B4
S214028B400042A3F5E0339A6666B1354BDB6C180734
S214028B5001D4FFF787FAFFF74BFF0420FDF70AFC64
S214028B60FFF72AFA284B5A69D10748D5DA6812F075
S214028B70706FFBD12B4B2C4A1A642C4A936E23F04F
S214028B80F003936615B12046FFF762FF284BD3F831
S214028B904C315A1C01D05B0002D50122214B5A618E
S214028BA06CB31F4BDA6E03F500539A6603F5D033A7
S214028BB01B6A1C4A23F00103D3611E4BD3F80C1226
S214028BC003F50053C3F8081203F50053D3F88410D4
S214028BD003F5005399674FF03A43D3F8181103F59B
S214028BE00053C3F81411144B996C03F500535964DF
S214028BF0124903F5803359664FF608431364BDE8FD
S214028C00F88F4FF0000958E7000002B800C001B81C
S214028C1000000101003000B0DF0000FF001002B8C3
S214028C20004000B8002002B810003000003F00B03C
S214028C300080E00F004001B800C000B85000002FCE
S214028C409D4B2DE9F04F9F6EDB6E85B01F409B4B10
S214028C509F664FF03A43D3F81451D3F818311D40AB
S214028C60974BC3F81451974BD3F80822D3F80C321B
S214028C7002EA0309944BC3F8089203F52043DA6923
S214028C801B6A02EA0308914B914A08EA0303D3617E
S214028C90904BD3F80422D20605D4D3F80431C3F39A
S214028CA00016DB0652D502F0D7FB8B4B5A695E6E76
S214028CB01B6F12F0060F06EA0306884A26F00073B8
S214028CC014BF4FF0010A4FF0000A23F40063740742
S214028CD0536606D5824A92F88D300133DBB282F8AB
S214028CE08D3002F0BDFB002F00F0E38017F4004346
S214028CF000F0D48002F0B0FB0146FFF777F9044695
S214028D00DFF8D4B1DBF82020DBF820309A42FBD023
S214028D10DBF820209342FBD0FFF768F9A04217D178
S214028D20084602F09DFB6F4B1C606F4BD3F840B0B9
S214028D301BF4E0520ED124F07F4424F0DF040CB979
S214028D40FFF7D8FD4FF0807B002414E0B246CAE756
S214028D500446D7E70192FFF7CDFD5D4B019A1BF45F
S214028D6080541A6440F09C801BF4806F0CBF4FF056
S214028D70805B4FF0806BB80715D55B4A5448126C7F
S214028D8002F460410164002900F08D80110400F1B4
S214028D908D8012F4005F0CBF4FF000524FF000625D
S214028DA000244BEA020BC7F340377F004F4A2A40A3
S214028DB0002A4BD015F4206F0AD040F60502062191
S214028DC00020FAF763FA0020FFF742FE25F480251A
S214028DD0EB0506D5FF213E4A4BF4C06B9160FFF7C8
S214028DE041F915F0090F0BD040F61A0208210020AF
S214028DF0FAF74CFAFFF7FCFD4FF03A4201215163B5
S214028E0015F0106F0CD040F6230209210020FAF765
S214028E103DFAFFF7EDFD002211461046FCF7D2FCA4
S214028E2015F4202F0AD040F62B0207210020FAF76D
S214028E302DFA0020FFF70CFE25F48025E80301D565
S214028E40FCF72CFE002DB8BF47F0080769070ED5C1
S214028E504FF03A42126B12F4005F4FF4005217BF03
S214028E60174923490A634BF4000B08BF0A636A05D5
S214028E7048BF4BF0040B15F48023019300F0A18049
S214028E80FCF7CAFD0138062834D8DFE810F01701CF
S214028E901A0117011D012001230123019B4653E7F6
S214028EA04FF0804B50E74FF0007279E74FF00042E8
S214028EB076E7BB463C4679E7004000B8006000B85B
S214028EC0002000BA004001B8006001B80000F7FFB9
S214028ED0002002B800E100E000C001B800E001B8DE
S214028EE0003E00B010280020000002B8090B0B89D3
S214028EF0001000BA40F65C0203210020FAF7C6F919
S214028F004FF03A400121D0F88C20D0F8AC3002F075
S214028F100702063201FA02F2C3F30C0CA2EB0C02B1
S214028F2092B2072A12D9754A126C53020ED4744BA7
S214028F30C26CC06E5B6D5BB102F0070206329140F6
S214028F40C0F30C00091A89B2072901D84BF4007B3A
S214028F506C4A1278002A34D04FF03A42D2F81421E2
S214028F6012F4A02F2DD1684A684912789AB9F204F1
S214028F7011D40A787AB14FEADB02654842EA4472B3
S214028F8082F00102D0F8EC0E02F00102520020FA42
S214028F9002F2930715D10420FDF7ECF95D4A5E480C
S214028FA05067FFF773F859490A7832B95B4A5C4949
S214028FB012680BEA02020A4201D14BF4804B26F4F5
S214028FC08056B9F1000F1DD019F4805F18BF4BF41C
S214028FD0802B19F4807F18BF4BF4002B19F4005F26
S214028FE018BF4BF0100B19F4007F18BF4BF0200B84
S214028FF019F4806F18BF4BF0400B19F4006F18BFBE
S2140290004BF0800BB8F1000F3AD018F4802F18BF3F
S21402901044F4007418F4803F18BF4BF4805B18F4D5
S214029020801F18BF4BF4003B18F4001F18BF4BF00C
S214029030020B18F4003F18BF4BF4801B18F4800F85
S21402904018BF44F0100418F4002F19D0304AD2F892
S214029050C42E12F0C00F13D02849CA68C2F30362A6
S214029060032A01D0072A05D14A6CD00602D48A6C9C
S214029070110732D54FF400212A4A28F40028D1617C
S214029080002E00F01581320540F187802648DFF871
S2140290908490C2782549002A4ED04FF40063013AE4
S2140290A0D2B24B66C27032B9214A1278C2B140F6C9
S2140290B00141204A5167002200216BE04BF4803BBD
S2140290C01EE74BF4006B1BE74BF4806B18E74BF480
S2140290D0807B15E74BF0080B12E74BF4001BCFE73B
S2140290E0D9F8782012F4A05F15BF4FF4807240F6CC
S2140290F00142C9F85820C9F87820DCE7000002B817
S214029100004000B8172B0020162B0020182B00203A
S214029110003000B000C001B800000101C0110020FC
S214029120088D0100002002B8072B002000E001B8DD
S2140291301A2B002000D001B80320FDF71BF9D9F83E
S2140291401420A34B12F0060F04BF41F61F72A1496A
S214029150A14808BF4A674FF400619E4A5166D9F893
S214029160142012F0060208BFC9F87820B3F88E2041
S21402917012F400615DD022F40062A3F88E20027819
S21402918002F0FF09002A58D1FDF760FAFFF7B2FB9A
S2140291904A4620214BEA020B0C43B30009D52E2087
S2140291A0FDF724F84FF000518A4A44F0080411678C
S2140291B05166F00606D52B20FDF718F81021854AD1
S2140291C01167516616F0306F05D1F1045DD5BAF11C
S2140291D0000F00F0A780320111D52920FDF706F80E
S2140291E0FFF7B0F948B17D4A7D487A494A66026778
S2140291F000F54050C068430422D444F0040416F03C
S214029200007A28D00420FDF7B5F82720FCF7EEFFF9
S214029210FFF770FB4FF000716E4A5166714AD2F842
S214029220EC1E490678D4704A0221916044F002048A
S21402923028E002784FF40052ACE74FF400423BE7D6
S2140292400A6720204A66FCF7D1FF2D2044F00C0462
S214029250FCF7CCFFD3E716F0807FDFF8909146D07C
S2140292600420FDF787F82820FCF7C0FFD9F87820FD
S214029270002A39D1FFF73EFB564A584944F001040A
S214029280116751660021594A9165320405D5584A3C
S214029290126890474BEA000B0C43730508D55549F4
S2140292A08A78002A00F08E80013A8A7000221743DC
S2140292B03A4658462146FEF767FF019B0BB1FCF77C
S2140292C0DFFB01224C4B05F00435C3F814514B4B1F
S2140292D018F4002FC3F884211EBF4FF40022424B1D
S2140292E0DA6105B0BDE8F08FC9F878A0C4E7F004EB
S2140292F0C8D50420FDF73EF8414AC9F87420FDF7A8
S214029300A5F9D9F8642012F0407FBBD12A20FCF7D9
S2140293106DFFFFF7EFFA81E7D2F8C42E930685D4E5
S214029320384A81E733490A7952B1013AD2B20A7110
S21402933012B92B4A3449516700224BEA020BA4E7C2
S2140293400420FDF717F80320FDF714F8274A2C49E6
S214029350516702F081F881460DF10F00FDF738FDE6
S2140293602A4A824612780AB1FEF77CFEBAF1030F49
S2140293700ED1DFF8A0A00020FDF72AFD032807D1B2
S214029380DAF82820D007F6D4DAF84420D103F2D44B
S2140293909DF80F20032A06D101211D4A4846117066
S2140293A002F05EF8C8E74FF03A42D2F8142112F4FF
S2140293B0A02FF1D1FEF76AFE484602F051F84FF4AC
S2140293C08042BAE70220FCF7D5FF01226FE700BF12
S2140293D0003E00B000E001B81A2B0020100000206A
S2140293E000D001B8003000B0002002B800C001B8BA
S2140293F0D80B0020072B0020002000BA00E100E076
S21402940000000101001002B80000010D192B002017
S214029410162B0020000002B80122024B1A62DA6103
S214029420704700BF002002B8074A08B5D369116A20
S2140294300B40064998B2DB07C86104D5D068C0F372
S2140294400360FFF7E9FF08BD000002B8002002B87B
S2140294500C4A08B5536C926C13400B4A5364DB07F4
S2140294600FD50A4B4FF42A621878122100F0010039
S214029470F9F70CFFBDE80840002201200021FEF7A4
S21402948083BE08BD00C000B800E000B8C0110020CE
S214029490184B70B51C6C5A6C1440174A24F0020123
S2140294A01164E10705D540F6E72200201968F9F7AE
S2140294B0EDFEA2071CD502220F4B1A64A3F5005339
S2140294C05B68DBB2A3B9FDF78FF804460D460B4E78
S2140294D0D6F8F433DB060BD5FDF786F802460B46C4
S2140294E020462946FCF734FF652871F10001EFD3C8
S2140294F070BD00BF008002B800A002B8000002B82B
S21402950070B580260A4C0B4DD4F88430DB070AD49B
S214029510A36FD4F884201340074A936770BDFFF701
S214029520B7FFC5F88461D5F804311A06F7D4EBE71D
S214029530008001B800E100E000A001B870B5144652
S2140295400D4601F089FF064BD3F8C46E74402C40DA
S2140295507440C3F8C44E01F083FF06EA050070BDEE
S214029560003000B0034BD3F8C43E99430CBF012031
S21402957000207047003000B01E4BD3F8C43E13F0F4
S21402958001001ED01C4B93F848001C4A40F0807322
S214029590C2F8CC304FF480131949C1F8B430A1F5A3
S2140295A08051C1F8B830D2F80C31DBB2FF2B1FD095
S2140295B0984294BF0020012040F6D3323C21F9F7AE
S2140295C065BE1A06E1D40F4A92F8471121B1DB06AE
S2140295D002D592F84401D8E74FF480120020084BD7
S2140295E00649C3F8B820C1F8CC00C3F8B4207047C7
S2140295F00120E1E7003000B0003F00B0004000B8B4
S214029600006000B8003E00B053B94AB9002908BF4E
S21402961000281CBF4FF0FF314FF0FF3000F082B938
S214029620ADF1080C6DE904CE00F006F8DDF804E0B2
S214029630DDE9022304B070472DE9F04F099D0C4680
S214029640002B4DD18A420F4684469646B2FA82F3E2
S21402965060D94BB102FA03FEC3F120029F4000FA22
S21402966003FC20FA02F217434FEA1E461FFA8EF454
S2140296704FEA1C42B7FBF6F106FB117701FB04F03A
S21402968042EA0742904208D91EEB020201F1FF3776
S21402969002D2904200F231813946121A1FFA8CFC2D
S2140296A0B2FBF6F006FB102200FB04F44CEA024C76
S2140296B0644508D91EEB0C0C00F1FF3202D2644559
S2140296C000F21E81104640EA0140ACEB040C002179
S2140296D025B12CFA03F30022C5E90032BDE8F08F6B
S2140296E08B4205D90DB1C5E9000100210846F5E710
S2140296F0B3FA83F100294DD1A342C0F0F380904221
S21402970080F0F080064623460846002DE6D0C5E9DE
S2140297100063E3E7002B40F0A3808A1A4FEA1E4755
S2140297201FFA8EF60121B2FBF7F407FB14204FEA6C
S2140297301C4242EA004206FB04F090420FD91EEB9E
S214029740020204F1FF382CBF4FF001094FF0000966
S214029750904203D9B9F1000F00F0CC804446121AA9
S2140297601FFA8CFCB2FBF7F007FB102200FB06F692
S2140297704CEA024C664508D91EEB0C0C00F1FF328F
S21402978002D2664500F2B3801046ACEB060C40EA05
S21402979004409DE7C1F120068B4004FA01FE22FA3E
S2140297A006F720FA06FCF4408A401F434EEA0C03F2
S2140297B000FA01FE4FEA17484FEA13491FFA87FCE0
S2140297C0B4FBF8F008FB104449EA044400FB0CF929
S2140297D0A1450ED93C1900F1FF3A2CBF4FF0010B00
S2140297E04FF0000BA14503D9BBF1000F00F08B80B0
S2140297F05046A4EB09041FFA83F9B4FBF8F308FBFE
S214029800134403FB0CFC49EA0444A44506D93C195C
S21402981003F1FF3801D2A4457BD8434643EA004011
S214029820A4EB0C04A0FB02984445CC46434602D364
S21402983006D1CE4504D20138B9EB020C68EB070319
S214029840002D6CD0BEEB0C0264EB030422FA01F38B
S21402985004FA06F6CC4000211E43C5E900643DE743
S21402986002FA03FEC3F1200104FA03F200FA03FC33
S214029870CC404FEA1E4720FA01F11FFA8EF6B4FBDF
S214029880F7F00A4307FB1044110C41EA044100FBBF
S21402989006F48C420ED91EEB010100F1FF382CBFF4
S2140298A04FF001094FF000098C4202D9B9F1000FBE
S2140298B02CD04046091B92B2B1FBF7F407FB1411F9
S2140298C042EA014204FB06F1914207D91EEB02026C
S2140298D004F1FF3801D291421ED84446521A44EA95
S2140298E0004120E7861A64EB030301200DE7F444E7
S2140298F002384AE7023C724431E702397244CCE647
S214029900F4440238DFE602383C4472E70238714417
S214029910D0E7023B3C4481E7023C7244DEE729463C
S214029920DCE600BF704700BF024B0A4601461868D5
S21402993009F06EB8080C002008B5064B044613B1B1
S2140299400021AFF30080044B1B6803B19847204602
S21402995002F0B8F90000000058290020024B014628
S214029960186800F02DB800BF080C0020024B014614
S214029970186800F085BA00BF080C002070B50F4EBC
S2140299800C460546316811B900F034FA30602146BB
S214029990284600F02FFA431C03D14FF0FF3420462E
S2140299A070BDC41C24F00304A042F8D0211A284635
S2140299B000F020FA0130F2D1EFE700BF18280020AD
S2140299C02DE9F041CD1C064625F0030508350C2D81
S2140299D038BF0C25002D01DBA94204D90C233360C5
S2140299E00020BDE8F081314F00F062F83B681C466B
S2140299F044BB29463046FFF7C1FF431C044650D1FC
S214029A003C682146002941D1002C44D023683046C8
S214029A1004EB030800F0EEF980453CD1216830469D
S214029A206D1A2946FFF7AAFF013034D023682B446B
S214029A3023603B68002B36D05A68A24229D1002206
S214029A405A600EE02268521B1DD40B2A16D96119E1
S214029A50A342256018BF5960636808BF3960625127
S214029A604B60304600F02AF804F10B00231D20F06C
S214029A700700C21AB5D01B1AA350B2E7A342626807
S214029A80DED13A60EDE723466468B1E70C464968E2
S214029A90B8E71346CEE70C233046336000F00EF8E4
S214029AA09EE70560DDE75B60FFDE00BF1C28002046
S214029AB0014809F055B800BF1B2B0020014809F0E9
S214029AC050B800BF1B2B0020002310B5044683604D
S214029AD0818119464366C28108228361C0E9003348
S214029AE0C0E904335C3009F032F80D4B246263623D
S214029AF00C4BA3620C4BE3620C4B23630C4B9C4255
S214029B0006D003F16802944202D0D0339C4205D1BB
S214029B1004F15800BDE8104009F021B810BD00BF9E
S214029B20752A0300972A0300CF2A0300F32A0300AC
S214029B3020280020024A0349034808F07DBF00BFE0
S214029B40FC0B0020BB2D03000C0C002041680C4BC4
S214029B50994210B5044601D009F02FF9A168094BC5
S214029B60994202D0204609F028F9E168064B99424C
S214029B7004D02046BDE8104009F01FB910BD00BF52
S214029B802028002088280020F028002010B50B4B43
S214029B9004210B4C0B4A20461A600022FFF794FF62
S214029BA004F1680001220921FFF78EFF04F1D000BC
S214029BB002221221BDE81040FFF786BF5829002076
S214029BC020280020359B0200014808F0C9BF00BFCC
S214029BD01C2B0020014808F0C4BF00BF1C2B00202D
S214029BE010B50446FFF7F0FF236A1BB1BDE810402C
S214029BF0FFF7F0BF044B2362044B1B68002BF5D122
S214029C00FFF7C4FFF2E700BF4D9B02005829002071
S214029C102DE9F7431D46574B04460E461F689046ED
S214029C2027B13B6A13B93846FFF7DAFFB8F1020FDD
S214029C3006D0B8F1010F00F29980002DC0F296808E
S214029C40636ED90705D4A3899A0502D4A06D08F0DD
S214029C5087FF2146384609F0B0F8616B41B104F13E
S214029C604403994202D0384600F00AF9002363639F
S214029C700023A3616360A3891B0603D521693846C6
S214029C8000F0FEF8A389B8F1020F23F44A6323F02A
S214029C900303A38160D001AB6A462146384609F029
S214029CA0B4F8A3891843A0812DBB009D2846FFF770
S214029CB055FE0646002851D1DDF80090A9453FD151
S214029CC04FF0FF35B4F90C3043F00202A2810022B5
S214029CD0A26004F147022260226101226261626E82
S214029CE0D60704D4980502D4A06D08F03AFF284699
S214029CF003B0BDE8F083002ED8D03B6A13B93846CD
S214029D00FFF76EFFB8F1010F266002BFA38943F08A
S214029D100103A381B4F90C3013F00802C4E9046508
S214029D201ED0D90745BF00226D42A560A26048BF7B
S214029D30A561626ED20701D49B0513D50025D6E72E
S214029D404846FFF70BFE06460028B9D0A3894D46C3
S214029D5043F08003A381D0E70025B3E7A946F5E7E1
S214029D60A260E6E7A06D08F0FCFEE7E74FF0FF35DD
S214029D70BDE700BF080C00200B46034902460868F0
S214029D80816800F0C7B800BF080C002038B5002371
S214029D90054D044608462B6001F092FF431C02D193
S214029DA02B6803B1236038BD5C29002038B5044611
S214029DB0064D0846114600222A601A4601F08AFF1E
S214029DC0431C02D12B6803B1236038BD5C290020F6
S214029DD038B50446064D0846114600222A601A4641
S214029DE001F07AFF431C02D12B6803B1236038BD11
S214029DF05C29002038B50023054D044608462B6032
S214029E00E9F71AFB431C02D12B6803B1236038BD65
S214029E105C29002038B50446064D08461146002245
S214029E202A601A4601F066FF431C02D12B6803B172
S214029E30236038BD5C29002070B50D4D00260D4C00
S214029E40641BA410A64209D10B4D00260B4C09F048
S214029E5007FD641BA410A64205D170BD55F8043B4D
S214029E6001369847EEE755F8043B01369847F2E785
S214029E70EC0E0020EC0E0020EC0E0020F00E00206F
S214029E8038B50546002941D051F8043C0C1F002B7A
S214029E90B8BFE418FFF70CFE1D4A136833B96360B7
S214029EA014602846BDE83840FFF708BEA34208D92A
S214029EB0206821188B4201BF19685B680918216067
S214029EC0EDE71A465B680BB1A342FAD9116850183F
S214029ED0A0420BD120680144501811608342E0D1A1
S214029EE018685B68084453601060DAE702D90C23EE
S214029EF02B60D6E7206821188B4202BF19685B6880
S214029F000918636008BF21605460CAE738BD00BF05
S214029F101C2800202DE9F04F0D469DB014469846A9
S214029F20064618B1036A0BB9FFF75AFE6B6ED907DD
S214029F3005D4AB899A0502D4A86D08F011FEAB8948
S214029F401B0701D52B699BB92946304600F026FA35
S214029F5070B16B6EDC0704D54FF0FF301DB0BDE864
S214029F60F08FAB899805F7D4A86D08F0FAFDF3E7F1
S214029F700023CDF80C804FF00109DFF8B481099375
S214029F8020238DF8293030238DF82A3023469A462E
S214029F9013F8012B0AB1252AF9D1BAEB040B0BD020
S214029FA05B4622462946304608F000FE013000F0A5
S214029FB0A780099A5A4409929AF80030002B00F0BA
S214029FC09F8000234FF0FF320AF1010A04930793A1
S214029FD08DF853301A93CDE905235446052254488A
S214029FE014F8011B08F0B0FF049AD8B9D10644BF92
S214029FF020238DF85330130744BF2B238DF853309C
S21402A0009AF800302A2B15D0079A544600204FF0B3
S21402A0100A0C214611F8013B303B092B4BD9B0B153
S21402A020079214E0A0EB0803A24609FA03F31343CF
S21402A0300493D2E7039B191D1B68002B0391BBBF39
S21402A0405B4242F0020207930793B8BF049223785A
S21402A0502E2B0AD163782A2B32D1039B02341A1D87
S21402A0601B6843EAE37303920593DFF8D4A0032246
S21402A0702178504608F068FF38B1A0EB0A0040226B
S21402A080049B013482401343049314F8011B0622F6
S21402A09028488DF8281008F057FF00283FD0264B96
S21402A0A01BBB039B073323F0070308330393099B69
S21402A0B03B4409936AE70CFB02320C460120A8E7F0
S21402A0C0002301344FF00A0C19460593204610F877
S21402A0D0012B303A092A03D9002BC6D00591C4E7D2
S21402A0E00CFB012104460123F0E703AB2A4604A930
S21402A0F030460093114BAFF300800746781CD6D14A
S21402A1006B6ED90705D4AB899A0502D4A86D08F000
S21402A11028FDAB895B063FF51FAF09981EE703AB28
S21402A1202A4604A930460093044B00F00BF8E4E7F5
S21402A130028503000C85030000000000AD2B03001F
S21402A140088503002DE9FF470F7E914680460C46A0
S21402A150782F9A460C9E01F1430207D8622F0AD83E
S21402A160002F00F0DD80582F00F0C38004F1420675
S21402A17084F842703AE0A7F16303152BF6D801A1E2
S21402A18051F823F0DDA10200F1A102006DA1020048
S21402A1906DA102006DA102006DA10200F1A10200F4
S21402A1A06DA102006DA102006DA102006DA1020068
S21402A1B007A302007FA20200BFA202006DA1020056
S21402A1C06DA1020029A302006DA102007FA2020077
S21402A1D06DA102006DA10200C7A2020033681A1D1B
S21402A1E01B68326004F1420684F842300123A8E07C
S21402A1F031682368081D30601E0601D50D6803E02D
S21402A2005D06FBD5B1F90050002D616878DA2D2085
S21402A2100029A16084F843002DDA6D425D480A23C6
S21402A2201646B5FBF3F103FB1157C75D06F8017D31
S21402A2302F460D46BB42F4D9082B0BD12368DF0705
S21402A24008D5236961689942DEBF302306F8013CCF
S21402A25006F1FF36921B22614B4603AA2146404670
S21402A260CDF800A008F0B4FC01306FD14FF0FF30FB
S21402A27004B0BDE8F08723F004032360CDE721682D
S21402A2803368080653F8045B02D4490648BFADB2E9
S21402A2906F2F33603F4814BF0A230823002184F837
S21402A2A043106668002EA660BADB216821F004011E
S21402A2B02160002DB4D1002EB2D11646BCE7236829
S21402A2C043F02003236078273348236884F84570D8
S21402A2D01F06316851F8045B02D45F0648BFADB270
S21402A2E03160D90744BF43F0200323601DB1102319
S21402A2F0D4E72848E9E7236823F020032360F6E73B
S21402A30024480A23CDE733682568181D6169306042
S21402A3102E061B6801D5196002E06806FBD5198077
S21402A32000231646236197E7336800211A1D326020
S21402A3301E686268304608F007FE08B1801B60603F
S21402A34063682361002384F8433085E72369324635
S21402A35049464046D047013088D023689B0714D42C
S21402A360E068039B9842B8BF184681E7012332464D
S21402A37049464046D04701303FF478AF0135E3689E
S21402A38003995B1AAB42F1DCEAE7002504F11906F1
S21402A390F5E700BF138503002485030038B5294B73
S21402A3A005460C46186818B1036A0BB9FFF718FC85
S21402A3B0B4F90C30190722D4DA0607D409222A6027
S21402A3C043F040034FF0FF30A38133E0580712D525
S21402A3D0616B41B104F14403994202D02846FFF76B
S21402A3E04FFD00236363A38923F02403A381002384
S21402A3F0636023692360A38943F00803A38123696A
S21402A4004BB9A38903F42073B3F5007F03D021462A
S21402A410284608F01FFDB4F90C3013F001020AD0EA
S21402A4200022A26062695242A261226942B913F016
S21402A4308000C5D138BD990758BF6269A260F4E7AB
S21402A4400020F7E7080C002038B50023064D044626
S21402A450084611462B6001F036FC431C02D12B68DD
S21402A46003B1236038BD00BF5C29002038B5002345
S21402A470054D044608462B6001F02AFC431C02D117
S21402A4802B6803B1236038BD5C290020094A516855
S21402A490C84390FAA0F048B1B0FA80F0042805DC70
S21402A4A0012383400B43536040B270474FF0FF30A6
S21402A4B0704700BF882900200021034B282203484A
S21402A4C0C3E9001108F043BB882900206029002058
S21402A4D038B50546FFF7DAFF04460448294600EB7E
S21402A4E0C40008F096FD204638BD00BF6029002053
S21402A4F0C3B2042B10B515D804230B4A03EBC003D2
S21402A500134453E8002F0A4343E80024002CF8D1F2
S21402A51001220649824051E8003F134341E80030D9
S21402A5200028F8D110BD00BF60290020882900202D
S21402A530F7B54FF0040C01260827184A1849194D9A
S21402A540106800B30B7806FA03F420421DD0E043ED
S21402A55052E8004F044042E8004EBEF1000FF7D129
S21402A56017FB03C32B4453E8000F43E800E4002C18
S21402A570F9D1019048B1087801AA0B4905EBC00051
S21402A58008F083FD012003B0F0BD0B7850688342CB
S21402A5902EBF00230133DBB20B70D1E788290020DF
S21402A5A01D2B00206029002078563412024B1868B2
S21402A5B0003818BF012070478829002010B50446CD
S21402A5C000F051FF074B1B684BB1DB681B1B002BCF
S21402A5D0CCBF0024012400F04CFF204610BD1C46D0
S21402A5E0F9E700BFA029002038B54FF0FF34054632
S21402A5F000F039FF084B1A681AB900F03AFF2046F5
S21402A60038BDD2E903310B445B1B23F000439C4266
S21402A61028BF1C465268EFE7A02900202DE9F84F14
S21402A6200C9F0E461546994680469DF82CA008B10A
S21402A63003687BB937B129463046B84740F2034033
S21402A640BDE8F88F002DF9D0002EF7DB284600F083
S21402A65009FCF3E700F007FF8346504600F0F0F9E6
S21402A6600446584600F005FF8CB947B129463046E5
S21402A670B8470320314600F0BBFB1A20E0E7002D66
S21402A680F7D0002EF5DB284600F0ECFBF1E765611B
S21402A69000250A9BC4F80080DFF87080C4E907979B
S21402A6A0A660236184F818A0D8F800306560984741
S21402A6B009EB000600F0D7FE07461248E66002687D
S21402A6C0114631B1CB689B1B002B13DBCB689E4235
S21402A6D010D09DB90C4B626004601C682CB1D8F88F
S21402A6E000309847FFF780FFA047384600F0C1FECB
S21402A6F00020A5E74B680D461946E2E76B686360E3
S21402A7006C60F2E7A02900209029002098290020FA
S21402A7102DE9F74F81460D4692461E4600F0A3FEEF
S21402A7204FF00008DFF874B00190DBF800402CB957
S21402A730019803B0BDE8F04F00F09BBE23684B457E
S21402A7401CD12DB1A3682A6823F00043934215D189
S21402A7507EB96368B8F1000F13D1CBF800300D4B09
S21402A7601F6887B10C4A12689047FFF73DFFB8474B
S21402A77009E051466069B0470028EAD0A0466468FE
S21402A780D5E7C8F804306768204608F0FEFB3C466A
S21402A790CDE700BF9029002098290020A02900209C
S21402A7A0014B1860704700BF9029002070B50B4B14
S21402A7B004460E4615461978094A0A4808F0CFFF9D
S21402A7C00023094A24211360084A07201660084A13
S21402A7D015602246BDE8704000F0B4B8362B002063
S21402A7E0358503001E2B0020A02900209829002072
S21402A7F0942900207FB504461846002303930A4B8B
S21402A8000D461B68164613B9212004B070BD03A975
S21402A81098470028F8D10090324629462046039BE6
S21402A82008F0E6FBF1E700BF94290020F8B50546DC
S21402A83010200F46164600F0F7FA0A4B0446187820
S21402A84018B11022214608F08DFF44B101230020E2
S21402A850E3602B68C4E9017623602C60F8BD1A20F9
S21402A860FCE700BF1E2B00202DE9F843264FDFF839
S21402A870A880264D38603868FFF7A0FE30B9244B12
S21402A8801B689847BDE8F843FFF7AEBE00F0EBFD45
S21402A890D8F800400646ECB16368C8F800301D4B95
S21402A8A0D3F80090B9F1000F0CD100F0E2FDA368D6
S21402A8B02C6033F0004311D1286808F066FB0023B1
S21402A8C02B60D8E7124B1B689847FFF78DFEC847E8
S21402A8D03046EAE700F0CDFD2C60CCE72368002B7B
S21402A8E0EAD018680028E7D0A26832F00043E3D026
S21402A8F0D0E90069636921688068C8470028DBD10F
S21402A900002ED9D03046EFE7A42900209C2900204B
S21402A9109829002090290020A029002038B5044656
S21402A9200D4600F0A0FD064B1B683BB1DA692260BB
S21402A9301B692B60BDE8384000F09BBD2360F8E73A
S21402A9409C2900202DE9F74F4FF6FC770024164687
S21402A950DFF884900331DFF884B009EB00150F406E
S21402A9604FEA001ADBF800306A80804629F80A703F
S21402A97002FB07F0EC60984717FB06F292B203461A
S21402A98068602A8108B300921148124A9BF80410A4
S21402A99052F82820404408F0E3FE21462A896868D7
S21402A9A008F0D5F8214623469E4206DC0020D14414
S21402A9B0A9F8026003B0BDE8F08F6A68E868541828
S21402A9C050500133EC603944EEE71A20F2E700BF3C
S21402A9D01F2B002034860300D8220020A82900203E
S21402A9E070B50B4E044606EB0015696839B1094B83
S21402A9F02A89185C08F0B5FE686800F033FA06EBA0
S21402AA0004101022BDE87040002108F0A0B800BF74
S21402AA10D82200201F2B0020044B19601A71986060
S21402AA2002010021024808F092B800BFA8290020BF
S21402AA30D8220020014B185C704700BF1F2B002055
S21402AA4070B50A4C060104EB0013DD68084B185C6F
S21402AA5018B12946A25B08F085FE2DB12B68344456
S21402AA60E3606388013B6380284670BDD8220020DD
S21402AA701F2B0020024B03EB00139878704700BF91
S21402AA80D8220020094B10B403EB00135A88DC6866
S21402AA9001320C60D9605A80054B185C18B15DF81B
S21402AAA0044B08F060BE5DF8044B7047D8220020C5
S21402AAB01F2B0020044A010102EB0013505A10B16A
S21402AAC01B89B3FBF0F07047D822002038B500246B
S21402AAD0154B164D1C70164B20461C60154B2C60F1
S21402AAE01C706C60AC60FFF7E5FF80B2A0F10E034D
S21402AAF06B80A0F11403013068812046EB80FFF7DB
S21402AB0099FF04460C4D01460C4A284608F027FEDB
S21402AB102146681E0A4A08F022FE2146681C094A97
S21402AB20BDE8384008F01BBE342B00201C2A00204B
S21402AB30CC290020332B0020312B002078860300FE
S21402AB40818603008B86030070B5044680B300F04E
S21402AB508AFC637905466FF382036371237913F0E7
S21402AB60100605D010232371BDE8704000F081BCAA
S21402AB70104903F0030331F823203046013A21F846
S21402AB8023202146FFF77EFF0B4B0C4E1C681CB998
S21402AB900A4B28461C70E7E7237A1BB933781BB9A1
S21402ABA02468F4E7012BFBD1204663689847F7E751
S21402ABB070BD00BF1C2A0020CC290020342B0020A8
S21402ABC010B5044600F04FFC034B1A6822601C6066
S21402ABD0BDE8104000F04DBCCC29002010B5064B55
S21402ABE000F0E0001A78541C1C70044B03F8320084
S21402ABF003EBC203596010BD332B0020B42900209A
S21402AC002DE9F04F0446460789B048BF00F0F70426
S21402AC100492029100F027FC614F04F0030607EB52
S21402AC20860337F826205B8881469A4204F0EF0AAC
S21402AC304FEA860831D20020FFF702FF054640B3EE
S21402AC4037F826304846013327F8263000F011FC44
S21402AC50284608F046FC029B029AAB71049B85F8D4
S21402AC6004A01344EB7100F0FEFB07464D4B1C6834
S21402AC70002C40F08C80384600F0FBFB4A4B985D77
S21402AC8018B14522294608F06DFD284609B0BDE8F0
S21402AC90F08F01224846454B1A7000F0EAFB250762
S21402ACA01DD51F2C1BD904F0E003039300F0DBFB39
S21402ACB007EB08035B8837F826804FF0000B9845B1
S21402ACC02CBF00230123DFF8EC90019300F0D1FBA8
S21402ACD007EB86030593364B1B789B4508D384F017
S21402ACE004005146C0F3800000F082F80025C5E754
S21402ACF099F80030039A1A4204D0D9F80480D8F89A
S21402AD00003023B90BF1010B09F10809E3E70793B9
S21402AD105A79D00708D51A79510705D5019941B94C
S21402AD208AEA0202920704D098461B68002BEFD1EB
S21402AD30E5E7404608F092FA0579079007A808F07A
S21402AD406FFA2946002000F053F800F08CFB059BB2
S21402AD5037F826205B8805469A4234BF0123002333
S21402AD60019309D20020FFF76BFE079058B137F81F
S21402AD702630013327F82630284600F07AFB079D56
S21402AD80002DBCD064E70122084B1A70F4E7237A40
S21402AD90012B02D1204663689847246868E700BF03
S21402ADA01C2A0020CC290020302B0020342B002027
S21402ADB0332B0020B42900200022014B1A60704772
S21402ADC0D029002010B5044600F04DFB074A136850
S21402ADD02BB914602360BDE8104000F04ABBA342C2
S21402ADE002D01A461B68F3E710BD00BFD029002028
S21402ADF070B505460E46054B1C6804B970BD6368FF
S21402AE003146284698472468F7E700BFD029002035
S21402AE10024B034A1978034808F0A1BC352B0020E0
S21402AE2098860300362B002038B5C41C24F0030491
S21402AE30204601F0E4F90A4B0546187818B1224676
S21402AE40294608F08FFC2DB921460220FFF7D0FFD5
S21402AE50284638BD22460021284607F078FEF7E746
S21402AE60362B002010B5044628B1054B187810B1D1
S21402AE70214608F078FC2046BDE8104001F0DDB916
S21402AE80362B002010B5064C237823B9EDF7DCF8F4
S21402AE9018B901232370002010BD40F20740FBE7DB
S21402AEA0372B002038B50B4B04461B780D464BB1AA
S21402AEB021462846EDF79CF8002840F2074008BFD6
S21402AEC0002038BD04490548FFF7DCFF0028EFD014
S21402AED0F7E700BF372B0020EFBEADDEBEBAFECAD4
S21402AEE008B501F069F9E7F79BFA01F072F9E7F79E
S21402AEF09DFAEBF79BFFF8E7F2F7D4BB08B5ECF741
S21402AF0063FEBDE80840F3F77BBF10B50446E7F7DB
S21402AF103DFF2046E7F720FD2046E7F7BFFA10BDC3
S21402AF200120704700B5C3B0F2F74EFB04F0E1FA19
S21402AF3048B1FFF7F5FF30B101A805F039F910B9AD
S21402AF4001A8FFF7E2FF43B05DF804FB08B5E8F797
S21402AF5067FDE7F7C7FEBDE80840E7F7C9BE08B5D4
S21402AF60ECF772FBEBF744FA00F029FDEBF70EFD67
S21402AF70EDF76AF800F0ACFDBDE80840E7F798BECA
S21402AF8008B5EAF7C9F800F0ABFAEAF7D5F8BDE873
S21402AF900840FFF7B3BFE7F7E9BF7047E8F70AB91B
S21402AFA0FFF7C0BF7047E7F791BE01207047012048
S21402AFB0704738B5E8F738F90546F2F72DFB041E58
S21402AFC018BF2C46FFF7F1FF002818BF204638BDF1
S21402AFD038B5ECF753F80446E8F71CF904281ED0F7
S21402AFE002284FF0000508BF012404F0C4FA042822
S21402AFF017D0022808BF0124E7F76EFE042812D0F5
S21402B000022808BF0124FFF7D2FF04280DD0022829
S21402B01008BF0124002D18BF0024204638BD012594
S21402B020E3E70125E8E70125EDE70024F5E782B02E
S21402B03002AB03E90300012002B070477047704775
S21402B040FEE710B53AB1002350F8234041F82340FA
S21402B05001339A42F8D110BD002070474FF40040E9
S21402B06070474FF47A707047002303607047036896
S21402B0700B6001607047436803B11847222070478F
S21402B080436903B11847FF207047C36803B11847E6
S21402B0907047036903B11847704710B40A68084638
S21402B0A01378022B13D014213023147913FB0413C4
S21402B0B003F1A04303F570331B685179CB40DB43A1
S21402B0C003F0010313705DF8044BE7F739BC5DF833
S21402B0D0044B704703681878704702681378022B8F
S21402B0E027D014213023107913FB001303F1A04359
S21402B0F003F5703351791B68CB40917903F0010355
S21402B100012912D1508843EA40034FF6E07063F0FB
S21402B1103F039BB2834202D11170538070474FF6B1
S21402B120DF718B42F9D10021F6E711B983F00103F2
S21402B1301370704703681A78022A03D100225A80D5
S21402B140E8F78AB9704713B504682378022B10D043
S21402B150A379022B0BD100216079E8F779FC002352
S21402B160627920791146CDE90033E9F7A3FB022381
S21402B170237002B010BDD0E9000318478368006848
S21402B1801847C3680068184710B5044601213A20DC
S21402B190E8F7E6FEA3782078B3FA83F30422617810
S21402B1A05B09E9F7E1FB002010BD01224178037834
S21402B1B08A4030214B4343F2100103F1A04303F5CA
S21402B1C070335A507047102130230246007813FB22
S21402B1D0001303F1A04303F570331B685178CB408C
S21402B1E003F0010093780BB980F00100704710B5A8
S21402B1F088B004460E98009207900D982246069054
S21402B2009DF8300005900B9804909DF82800039056
S21402B2100020CDE901300B460121E8F797F908B086
S21402B22010BD704713B5044601A8E9F781FD9DF8E5
S21402B230063023804FF480736380E9F799FD6060DF
S21402B240002002B010BDE9F7F9BC08B5E9F7E6FC44
S21402B250002008BD10B5044644EA010313F00303B8
S21402B260084609D1934201D1002010BD54F823109C
S21402B27040F823100133F5E72146920007F072FCEE
S21402B280F2E70A4601390144EBF7E2BB08B5E8F7F4
S21402B29077F8BDE808400021E8F73CBE1FB500235A
S21402B2A080280446019371D02AD8002872D0A0F1D3
S21402B2B02004412C32D8412C30D8DFE804F06B6EE3
S21402B2C06B6E7E7E7E7E6E6E883C9E623C6E6E6E80
S21402B2D02F2F2F2F2F2F83546E6E6EA8A36E2F2F15
S21402B2E02F2F2F2F2F2F2F2F2F2F2F6B2F6B6B6B77
S21402B2F07E2F2F2F2F2F2F2F2F2F2F2F2F2F6B6B90
S21402B300B0F5806F59D021D8B0F5007F50D008D85C
S21402B310B0F5807F60D0B0F5C07F3BD0019804B016
S21402B32010BDB0F5607F43D0F8D8B0F5207F34D09A
S21402B330B0F5407FF2D1E8F711F802464FF42070DC
S21402B340E8F7BEFDB2FBF0F252082FE0B0F5C06F90
S21402B35053D00DD8B0F5A06F34D0B0F5B06F36D05C
S21402B360B0F5906FDAD1002101A8E8F7ADFCD5E779
S21402B370B0F5E06F46D0B0F5F06F48D0B0F5D06FBC
S21402B380CCD1002101A8E8F7F7FCC7E7E7F7CCFF26
S21402B3900190C3E7E7F7E2FFFAE7E7F7DFFF0246C7
S21402B3A04FF42070E8F78CFDB2FBF0F20192B5E79D
S21402B3B0E7F7BAFF02462046F4E7002101A8E8F7BD
S21402B3C03DFCABE7002101A8E8F74AFDA6E700210D
S21402B3D001A8E8F757FCA1E702934FF0E0231B69A8
S21402B3E05B0705D5E7F7BAFF0290029B019395E744
S21402B3F003A902A8E8F79CFCF7E7002101A8E8F7F2
S21402B40097FC8BE7002101A8E8F7E2FC86E700211B
S21402B41001A8E8F701FD81E70029CCBF0121002140
S21402B420E8F778BD02214FF42070E8F7FBBF10B5AD
S21402B430E7F794FF0446E8F7F5FBC0F10201204661
S21402B440FFF7EAFF01210020E9F77CF9E9F750F857
S21402B450BDE81040E8F7A4BDEFF3108072B670475F
S21402B46000B962B67047EFF31180302383F3118878
S21402B470704780F311887047704770470020E9F7DD
S21402B48061B80120E9F75EB8704770B50546144604
S21402B4900E46FFF7E1FF2B685C4034405C402C60B0
S21402B4A0BDE87040FFF7DCBF4FF0B0435A6812B1F8
S21402B4B09A6A002AFAD17047012200F580535A6030
S21402B4C0CB43934003F00A034361416111B900F58F
S21402B4D000504260704783695B06FCD5C1637047C3
S21402B4E0F8F758BA0020704713B51AB10024009432
S21402B4F000F0BEF802B010BDF0B58DB005AC84E821
S21402B50007001C46A1420D4628BF2546129B0DB3D6
S21402B51004B311462846002603F53813CDE90A4639
S21402B5208DE8030003F241135F02C5EB4323099340
S21402B53002950CAA059B12E90700069500F09EF9F3
S21402B540A54207D23146621B381B0DB0BDE8F0405B
S21402B55000F092B90DB0F0BD30B591B001AC84E800
S21402B56007001C461346DA0049BF029A62000332FD
S21402B57022F00302014604A8FFF7B6FF04A800F073
S21402B5808CF81499224601F5381101F241114D0248
S21402B59008A8C4EB41210023FFF7A6FF05F50071BA
S21402B5A000232246091B0CA8FFF79EFF0CA800F0FA
S21402B5B074F808A904A800F050F811B030BD10B510
S21402B5C08CB005AC84E807000E9ADDE9060102F5A8
S21402B5D0381202F5A0725202CDE9092300228DE844
S21402B5E003000B9202930CAA059B12E9070000F0D7
S21402B5F045F90CB010BD2DE9F04B4FF00008994606
S21402B6000746164645468AB003AC84E8070002F0B1
S21402B610805B07AC049A424502D80AB0BDE8F08BBC
S21402B620139B13B9AA1E012A0AD9129BCDE90779E0
S21402B630099600955BB194E807004B46FFF75CFF5E
S21402B640BBF1000F00D14F440135C844E2E74B4638
S21402B65094E80700FFF7B3FFF2E708B5E9F750FEF4
S21402B660E9F784FEE9F78CFEBDE80840E9F79CBEE0
S21402B67010B5044622F07042103060602160A2606D
S21402B68039B1A26803F070431343A360029BE360E0
S21402B69010BDA36843F08043F7E701234360C36805
S21402B6A043F02003C360836843F00053836070470F
S21402B6B037B515464A6804463AB18C68009309685D
S21402B6C045EA0403FFF7D4FF0446204603B030BD24
S21402B6D02DE9F04FD3B0CDE90123DDE95D7BDDE94D
S21402B6E05FA900230390042003ACCDE9050307C934
S21402B6F007AB83E8070021461846619E0494E9F7E3
S21402B70067FE8046002840F0B3805C9A0AAB07CA00
S21402B710DBF8045083E80700DAF804304C421D4494
S21402B720D9F804306D425B420093BB6805F00F0502
S21402B730DA0048BF7B6804F00F0442BF033323F0ED
S21402B74003037B60B368DB0041BF7368033323F0F7
S21402B750030373600023DBF80400DAF80420CDE963
S21402B760153381182944CDE90E1379680D934942A1
S21402B77001F00F01CDE9103171681293494201F0D0
S21402B7800F01CDE91331CDE9173319935C9B5B6842
S21402B7904BB9D9F804301343184301BF1024CDE93E
S21402B7A00B4016AB0A9311234FF0005204A932A89D
S21402B7B0FFF77EFF40F611034FF0005207A9FFF78E
S21402B7C077FF42F611034FF000520299FFF770FF1F
S21402B7D044F611034FF000520199FFF769FF412327
S21402B7E000225946FFF764FF2B024FF000525146E3
S21402B7F043F04103FFF75CFF23024FF0005243F091
S21402B80001030AA9FFF754FF009B4FF000521B02E8
S21402B81003F47063494643F00103FFF749FF10380B
S21402B820FFF73BFF00230DA91A461AA8FFF740FFB1
S21402B830002339461A46FFF73BFF002310A91A4693
S21402B840FFF736FF002331461A46FFF731FF002383
S21402B85013A91A46FFF72CFF002362991A46FFF730
S21402B86027FF1038FFF719FF1AA932A8FFF7F5FECF
S21402B870404653B0BDE8F08F07F069B982B02DE9B3
S21402B880F0438BB005AE86E80700079D1F4615F00D
S21402B890804513938046DDE914328946169C16D1FC
S21402B8A08C4228BF0C46D20016D584B10F2C1AD86B
S21402B8B0A9EB0502042A3B6828BF042208EB050010
S21402B8C009A90435099307F04DF9AC42F0D80BB03C
S21402B8D0BDE8F04302B070479C4228BF1C46002CCD
S21402B8E0F5D00F2C13D9DDE914018DE8030002947C
S21402B8F0139B96E80700E9F70BFDE9F737FDE9F732
S21402B9003FFD0BB0BDE8F04302B0E9F74DBD22465D
S21402B91039460BB0BDE8F04302B007F023B982B057
S21402B92070B586B00E9E0B930C9B03ADB3EB460F21
S21402B93085E8070027D10122314626200F9BE9F72A
S21402B94021FC0446C8B90123CDE9003395E8070077
S21402B95006253346FFF74FFE00950BAA07CA334665
S21402B960FFF7FAFD2346224621462846E9F7F6FB6C
S21402B970E9F724FC041E18BF0524204606B0BDE8DD
S21402B980704002B070470724F7E708B5E9F730FCC5
S21402B99010F00E03FAD0022BF8D010F4806018BF15
S21402B9A0062008BD10B50446E9F746FC2046E9F72E
S21402B9B0BBFD18B9BDE81040E9F722BE10BDFFF77F
S21402B9C091BDF0B5154649228FB0149C8DF82420FF
S21402B9D004F10C060DF1250254F8047BB44242F839
S21402B9E0047BF9D1247814704FF48074ADF8344097
S21402B9F09DF8544000228DF8364004240694169C86
S21402BA00CDE9001505941324049409ACCDE902345B
S21402BA100B4611468DF832208DF83350E9F74CFE6E
S21402BA200FB0F0BD30B5C02A93B02FD0B2F5807FEC
S21402BA3029D0802A2CD14FF4807480F00100204354
S21402BA400190169801250290102421200395049453
S21402BA500590069301AB0795089409900A9306ABE6
S21402BA600B9304230C9311230D930AAB0E910F93A1
S21402BA7040F61103D20802A90EA810921193E9F714
S21402BA80EBFD13B030BD4FF48274D6E70F20F8E713
S21402BA902920F6E71FB5079C02949DF81840CDE9C9
S21402BAA0003413460A4601460020FFF78AFF04B018
S21402BAB010BD1FB5079C02949DF81840CDE90034CE
S21402BAC013460A4601460120FFF77BFF04B010BD6D
S21402BAD008B5E9F745FFBDE80840E9F775BF10B5B8
S21402BAE00446FFF7B9FC4FF0A8431A6822601B69A8
S21402BAF06360FFF7B5FC002010BD10B50446FFF7E3
S21402BB00ABFC4FF0A84322681A6062681A61FFF71E
S21402BB10A7FC002010BD70B506460D4614468CB034
S21402BB20CAB11022002108A807F011F8002207ABBC
S21402BB30029305AB019306AB00933046294608AB49
S21402BB40CDE90522E9F79EFF18B9099B6360059BBC
S21402BB5023600CB070BD6FF08600FAE770B505463C
S21402BB600E46E9F737FF044648B931462846EAF753
S21402BB70A5F9044628B1E9F739FDE9F737FF20466B
S21402BB8070BDBDE87040E9F731BF10B5436A8AB0B0
S21402BB90041DCDE901430023CDE9052310223C30E4
S21402BBA0CDE90331CDE908230790E9F713FF60B921
S21402BBB007AB1A4604A901A8E9F746FC0446E9F7CA
S21402BBC015FF002C18BF6FF092000AB010BDEAF7FE
S21402BBD0A9BA08B528B14C22002106F0B8FF002009
S21402BBE008BD6FF08600FBE70020704738B51C469C
S21402BBF000230846236011461546FFF7AFFF00B93B
S21402BC00256038BD08B50120E8F7CCFB002008BD4A
S21402BC1070B50C46154610B9EAF7DEFB38B1436834
S21402BC202BB12A462146BDE87040006818472320FB
S21402BC3070BDF7B50D4616461C4648B103B901ACB1
S21402BC4087685FB12346324629460068B84706E051
S21402BC50EAF7C2FB04B901AC0028F1D1232003B0F5
S21402BC60F0BDF8B50C461546064658B9EAF7B4FBD9
S21402BC7020462946FEF780F80446002CD4BF37201B
S21402BC800020F8BDEAF7A8FB86420746F0D0304609
S21402BC90EAF796FB29462046FEF76EF80446384633
S21402BCA0EAF78EFBE9E70EB403B503AA52F8041BC3
S21402BCB00192FFF7D6FF02B05DF804EB03B07047BF
S21402BCC000207047FEE74FF4005300204B60704799
S21402BCD0012070470020704707B5002001AB019095
S21402BCE0FFF7A7FF0198002808BF4FF0FF3003B008
S21402BCF05DF804FB10B514460020FFF789FF2046C6
S21402BD0010BD034670B190F8382090F83C002AB176
S21402BD10022803D1012283F83C20704704284FF002
S21402BD200102F8D00120704780F82C10704790F876
S21402BD302C00704790F8390070473022037A53433C
S21402BD4003F1A04303F58023D96ED0E903231344FD
S21402BD50994214BF084610467047F8B504460D4689
S21402BD6090F8393081B173B990F83A60FFF774FBF6
S21402BD70054601213046EAF7A3FF2846FFF770FB87
S21402BD80012384F83930F8BD002BFCD090F83A70C5
S21402BD90FFF762FB064629463846EAF791FF304629
S21402BDA0FFF75EFB84F83950EDE72DE9F8430446C9
S21402BDB016460D4690F82C80FFF755FB94F838206F
S21402BDC003469AB1FFF755FB94F83B90FFF744FB06
S21402BDD0074601214846EAF773FF3846FFF740FB5D
S21402BDE0FFF741FB0022034684F838201846FFF787
S21402BDF040FB2E44B54204D101212046236A9847CF
S21402BE003DE094F82D302BB3FFF72DFB237E07463B
S21402BE10EBB12046FFF791FFE1680138884238BF50
S21402BE202069D4F830C03CBF00F1FF30401803460A
S21402BE309C450BD013F80129112A01D0132A21D1CF
S21402BE40A2F111035A425A4184F83420206338463C
S21402BE50FFF70FFB94F83430002BCBD0B8F1000F6D
S21402BE6006D02B780A2B03D10D212046E36998478A
S21402BE702046E36915F8011B98470028BAD000202F
S21402BE80BDE8F883994282BF236903F1FF335B184A
S21402BE90CEE7F8B590F83830044603F0FF06A3B9AB
S21402BEA03146036A9847012384F8383094F83B7089
S21402BEB0FFF7D2FA054631463846EAF701FF28462A
S21402BEC0FFF7CEFA022384F83C30F8BD026CD36C3E
S21402BED043F00403D364704710B50446026C9369BA
S21402BEE05906FCD5002394F849101A4694F84800DF
S21402BEF0E8F73AFD002394F84B101A4694F84A00E5
S21402BF00E8F732FD94F85030DA0707D5002394F8A4
S21402BF104D101A4694F84C00E8F726FD94F8503077
S21402BF209B0707D5002394F84F101A4694F84E0044
S21402BF30E8F71AFD206C0021C36C23F00103C364EA
S21402BF40C36C23F00403C364FFF7B6FA606C0021E7
S21402BF50E8F706F8002010BD08B5006CFFF7BBFA3C
S21402BF60002008BD036CDA6C19B142F00102DA64F3
S21402BF70704722F00102DA64012203F500539A6444
S21402BF80704738B50468206C856C15F001050BD037
S21402BF90012200F500539A6483699B060FD520465A
S21402BFA0BDE83840FFF775BF042384F83C30237E93
S21402BFB033B9C36C23F00403C3640123237638BD6C
S21402BFC0637E1BB394F82D3003B3132184F83550E7
S21402BFD0FFF781FA236CDA6C42F00402DA645B6AD9
S21402BFE0DBB2112B0DD1012384F834303022237AB0
S21402BFF0534303F1A04303F58023DB6E013B236327
S21402C000DDE7132BDBD184F83450EFE7C36C23F063
S21402C0100403C364D3E708B5EAF77CFD08BD10B590
S21402C020FFF71AFA0446EAF7C1FD2046BDE81040BB
S21402C030FFF716BA7047012070474FF4C870EAF748
S21402C040E5BE70472DE9FF410D4616461F460446DB
S21402C050A8B14FF00008C0F81C80EBF72FFBBDF824
S21402C0602C30424602939DF828302946CDE90073CB
S21402C07020463346EBF788FA04B0BDE8F08122206A
S21402C080FAE7F0B50D4616461F46044685B090B14F
S21402C0900023C361EBF712FBBDF82C302A4602934D
S21402C0A09DF828302946CDE9007320463346EBF743
S21402C0B06BFA05B0F0BD2220FBE7F0B51F46002361
S21402C0C087B00D46164604468DF81730A8B1C361F0
S21402C0D00DF11701EBF722FB9DF817207AB9BDF890
S21402C0E03430294602939DF830302046CDE900735D
S21402C0F03346EBF749FA07B0F0BD2220FBE70320F0
S21402C100F9E7F0B51F46002387B00D4616460446EB
S21402C1108DF81730B0B1C3610DF11701EBF7FEFAD7
S21402C1209DF8173083B9BDF834302A4602939DF83D
S21402C13030302946CDE9007320463346EBF724FA21
S21402C14007B0F0BD2220FBE70220F9E738B5FFF77B
S21402C1508AF9054600F008F804462846FFF789F9EA
S21402C160204638BD00F025B84FF0B0439A6A120751
S21402C170FCD4186A704782074FF0B04200F0010301
S21402C180916948BF43F040030B43936170474FF0F9
S21402C190B04301285B6904D0022805D1C3F380109E
S21402C1A0704703F001007047002070473E20FFF7FB
S21402C1B075B83E20E7F7BABF08B5E6F7D7FCFEF734
S21402C1C0C5FEFEF7CCFEFEF7DBFEBDE80840FEF736
S21402C1D0E2BE08B5FEF7E1FEFEF7E0FEFEF7E0FE81
S21402C1E0BDE80840FEF7DEBEE7F70EB908B500F078
S21402C1F0C9FC01F033FC02F0BEF9002008BD38B5D8
S21402C2000446FFF729F905462046FDF7A7FB044634
S21402C2102846FFF725F9204638BD70B504460E4677
S21402C220FFF71AF9314605462046FDF77DFB044620
S21402C2302846FFF715F9204670BD38B50546FFF7C4
S21402C2400BF904462846FDF791FB2046BDE8384028
S21402C250FFF706B910B5044608B1EBF7C1FC204655
S21402C260BDE81040FFF7E9BF00F4E040B0F5805F9C
S21402C27004D0A0F500535842584170470120704739
S21402C2803AB1002918BF00232121D21A184406F019
S21402C2905EBC704738B5037904460D463BB9A368C1
S21402C2A0022120462B6000F0D9FA38B938BDD0E911
S21402C2B0091200F069FB0028F1D0F7E700232B6093
S21402C2C0F4E700232DE9F341D0E9016804460F465E
S21402C2D030461146136000F028FB054688B9304602
S21402C2E000F025FB054660B9F6B276B9B8F1000F44
S21402C2F005D1E36823F47F4323F0030363B16FF0B1
S21402C3008605284602B0BDE8F0810146A06800F026
S21402C31094FA0028EDD1F2E74FF6F87362889A4253
S21402C3201ED8238B012BEAD8394601A8EBF7F2FE7A
S21402C33005460028E5D10FCC3F683E460FC694E876
S21402C34007003B7986E807000BB9019BBB603B8B75
S21402C350012123F0010338463B8300F07FFAD0E741
S21402C3606FF08505CDE741F2052398421AD8B0F55D
S21402C370905F09D241F2010398420CD0B0F5885F73
S21402C38009D06FF0850070472923A0F5905080B23F
S21402C390C340DB07F5D511F0070F0CBF00206FF086
S21402C3A086007047B0F5105FEBD121F04003802B7A
S21402C3B006D0B1F5807F0CBF00206FF08600704774
S21402C3C00020704770B5446A05460E463CB9012007
S21402C3D0FFF723FF686228B12046AE6270BD6FF099
S21402C3E08A00FBE76FF08C00F8E7F8B50F461146B7
S21402C3F006461546FFF7E6FF044620B92A463946A2
S21402C400706A06F0AFFB2046F8BD2DE9F041089DA4
S21402C41088461F46048802B32046FFF725FFE0B190
S21402C4202B680BB9D3002B6020462968FFF79BFFC9
S21402C430044678B9CE1DB2EBD60F11D1069B9A42AE
S21402C44011D84146384606F08DFB2B68079A07330B
S21402C450DB0813602046BDE8F0816FF08504F9E73B
S21402C4606FF08604F6E76FF08904F3E72DE9F04FE4
S21402C470476885B03F0A0446DDE90E9A0D46164621
S21402C4809846DDF840B015D1CDE901ABCDF8009065
S21402C490E9F780FD10F1860F0ED143463246294653
S21402C4A02046CDE90FABCDF8389005B0BDE8F04F89
S21402C4B0FFF7ABBF6FF0860005B0BDE8F08F10B592
S21402C4C00446406A10B1A16AFFF7C4FE0020C4E920
S21402C4D0090010BD38B50546FFF7F1FF95F8203084
S21402C4E00446043B012B0CD8EB69002B0CBF044618
S21402C4F06FF096042C220021284606F028FB2046E0
S21402C50038BD6FF09604F5E710B5044638B104213D
S21402C51000F0A4F92046BDE81040FFF7DBBF10BDCF
S21402C52038B590F820300546052B16D10479FF2C35
S21402C53007D1FFF7CFFF041E08BF6FF08404204622
S21402C54038BD1CB1806800F004FA04462846FFF79E
S21402C550C1FF002818BF0446F1E76FF08804EEE733
S21402C56007B558B1012201A9EBF710FE30B90198C0
S21402C57000F0ACF928B10198FFF7D2FF03B05DF8DE
S21402C58004FB6FF09900F9E72DE9F0411F460023FE
S21402C59088B0054688461646CDE905333B60002A34
S21402C5A054D0B2F1005F54D206AA05A9FFF789FE5D
S21402C5B00446A0B90598436AABB1059B41465A8822
S21402C5C02846079207AA029203F1280201929A6A63
S21402C5D000925B6A3246FFF749FF044680B105982F
S21402C5E0FFF792FF28E06B681B0A02D06FF0860402
S21402C5F0F5E73146FFF7E6FE04460028DDD0EEE713
S21402C6000598079B4288DAB943804FF6F872934240
S21402C61019D82B8813B102889A42E7D12B6A002BCD
S21402C620E4D16B8813B142889A42DFD13946FFF7CC
S21402C63031FE04460028D2D1204608B0BDE8F0817B
S21402C6409A42D3D1E1E76FF08504C8E76FF086041B
S21402C650F2E76FF08504EFE710B50446006868B1AC
S21402C66006280CD104F10800FFF7B3FA0023236072
S21402C670A38823F4FF7323F00103A38010BD6FF099
S21402C6808600F3E72DE9F0430546984600238DB071
S21402C69002932B6808461746002B47D1B8F1000FC5
S21402C6A0134602A914BF4FF480624FF40062EBF700
S21402C6B0BFFB044600283BD1DDF8089003AC4E468B
S21402C6C0CDE90A000FCE0FC496E8070084E80700FB
S21402C6D03846BDF80C102A1DEBF71AFC044638BB88
S21402C6E06B79049968F300036B71090AD9E9092387
S21402C6F0B8F1000F12D011BB009703A905F108008C
S21402C700E9F710FD044698B9062302982B6000F05C
S21402C710E2F8044620460DB0BDE8F08379B90097EA
S21402C72003A905F10800FFF752FAEBE76FF0880459
S21402C7302846FFF791FF029800F0CDF8EAE76FF07F
S21402C7408604F5E70123FFF79DBF38B50546006866
S21402C75098B112B90024204638BD06280AD105F140
S21402C7600800E9F711FD04460028F3D02846FFF733
S21402C77073FFF0E76FF08604F8E76FF08804EAE7E5
S21402C7802DE9F04105460068884616461F46F8B170
S21402C7906A79D2071CD52A79D2B1B2421BD80628AA
S21402C7A01CD105F10800E9F73FFD044610B100234D
S21402C7B03E602B713246214640463B68FFF760FDDD
S21402C7C02846FFF749FF002C18BF2046BDE8F08137
S21402C7D06FF08804EBE76FF08904E8E76FF08604F1
S21402C7E0E5E710B50446C069FFF727FD2046BDE819
S21402C7F010402422002106F0AAB92DE9F041054690
S21402C8000F4690461C469BB119460120FFF705FDD0
S21402C810064678B12246414606F0A4F9E86908B110
S21402C820FFF70BFD0020C5E907642F80BDE8F08105
S21402C8301E46F3E76FF08C00F8E703466FF04042BF
S21402C8400846591E914207D338B103F1404393423A
S21402C8508CBF0020012070470120704790F82030DE
S21402C860052B11D8DFE803F0030B16141F214B1E0D
S21402C870012B09D9042907D06FF0870070470229D7
S21402C88002D00B1F012B0BD880F820100020704717
S21402C890022902D0CB1E022BF5E7C369002BF3D088
S21402C8A06FF0880070470529EED00029ECD0F7E734
S21402C8B010B503210446FFF7D1FF30B9E3695A1CCD
S21402C8C00EBF6FF096000133E36110BDC069B0FA87
S21402C8D080F04009704708B90020704790F8202081
S21402C8E0032A08D1C269EAB1013AC261002AF3D129
S21402C8F00221FFF7B3BF052A09D0042A0FD1C26965
S21402C90082B1013AC261002AE6D1FFF7E3BDC269ED
S21402C91042B1013AC261002ADED1FFF701BE6FF0D2
S21402C920880070476FF09600704700207047C0B2CC
S21402C930FF280CBF6FF086000020704707B5002165
S21402C9406A46FFF7E8F88C3018BF012003B05DF89E
S21402C95004FB13B500216A460446FFF7DCF88C3068
S21402C96002D1002002B010BD00212046E9F764FA89
S21402C970014610B16FF09800F4E76A462046FFF7CA
S21402C980CAF88C30EDD0F5E72DE9FF41074614468C
S21402C990884600293FD0002A3DD0B2F5005F3DD23E
S21402C9A002F1240631460120FFF737FC0546C0B3E4
S21402C9B003463A4621464046EBF762FCBF6800242F
S21402C9C03846FFF7BBFF01281FD021462B463246CA
S21402C9D038460094E9F76EF90146C8B9384602AA05
S21402C9E0FFF799F8044620B9029B9E4205D06FF0E5
S21402C9F0980438460021E9F71FFA31462846FFF721
S21402CA0029FC204604B0BDE8F0816FF08A04F4E702
S21402CA106FF09804F1E76FF08604F2E76FF08D048A
S21402CA20EFE76FF08C04ECE7FFF714BC2DE9F04754
S21402CA30D0F808A086B081468846174650460021A0
S21402CA4004AAFFF768F8044610BB049E012031468C
S21402CA50FFF7E3FB0546002837D02146504604AAD6
S21402CA600394FFF758F8044670B903AB0246214612
S21402CA70CDE9005350463346E9F788F9039B04464E
S21402CA809E4209D06FF0980431462846FFF7E2FB33
S21402CA90204606B0BDE8F0870028F5D13B46424660
S21402CAA031462846CDF80090EBF708FC04460028ED
S21402CAB0EAD1D8F800302BB13B68002B08BF6FF0E4
S21402CAC09104E1E76FF09104DEE76FF08C04DFE794
S21402CAD050E8003F0B4340E80032002AF8D1704786
S21402CAE0C94350E8003F0B4040E80032002AF8D124
S21402CAF07047431E032B06D8DFE803F00204020445
S21402CB0003207047042070477047CB691847704768
S21402CB1070470020704770474FF0000070470020B3
S21402CB20704770477047002070470020704700200B
S21402CB3070470020704700207047704700207047FB
S21402CB400020704770477047002070477047704754
S21402CB5011207047002070470020704770477047CA
S21402CB60002070474FF0FF307047112070470020BA
S21402CB707047012070470020704700207047002051
S21402CB807047704701F05EB938B50446FEF76BFC95
S21402CB90D4E9101205462046EBF7D4FBE18C228D31
S21402CBA0E060521A40F2712101FB020303F59C5326
S21402CBB0083328462361BDE83840FEF75ABC08B55C
S21402CBC02030FFF785FFBDE808404FF08050F0F7B1
S21402CBD075BD38B50D4604460830EDF779F9294695
S21402CBE000252046EEF790FCE06EE56110B1ECF70A
S21402CBF0A1FAE56604F15000BDE8384006F010BB25
S21402CC0038B5044619B390F838208AB190F839300E
S21402CC100133DBB29A4280F8393009D10121FFF79D
S21402CC20D8FF4FF080712046BDE83840FFF7C7BFF7
S21402CC30236ADA030BD5E36B62689B1A002B06DACB
S21402CC4001212046FFF7C5FF4FF08061EBE7236A1C
S21402CC501B0426D402F048FB1123B0FBF3F303EBCC
S21402CC600313C01A94F9613085B213FA80F01028C3
S21402CC7088BFC5F110056DB2083B2B4484F86130BD
S21402CC8020460121EEF740FC40F27121E28C6368F7
S21402CC902A4401FB023320466360BDE83840EEF7C3
S21402CCA0E5BB0025ECE72DE9F84F1D46C3690F46A4
S21402CCB004461646DDF830809DF838909DF840B060
S21402CCC09DF848109DF850A0002B40F0D180EB064E
S21402CCD000F1BE8005F00303032B08BF05F0FD0537
S21402CCE005F0F705BDF83C30A806A3869DF854006B
S21402CCF048BF05F0FC05FFF7FCFE47F6FF731BF086
S21402CD00020F84F83600A4F8783040F0A4801BF0B6
S21402CD10040F00F0A28000F0FD00012814BF0323D8
S21402CD20042394F87F209DF8580063F3030284F8E6
S21402CD307F20FFF7DEFE47F6FF738A0784F8370088
S21402CD40A4F8883000F18B804B0740F18A8000F00F
S21402CD50FD00012814BF0321042194F88F30606E71
S21402CD6061F3030384F88F30FFF7F1FE00222046BA
S21402CD70216CEBF7E7FA40F271237343984279D8B5
S21402CD8049F6FF7104F12000FFF7AAFEFF2384F89C
S21402CD905430BAF1000F03D0236A43F4805323625F
S21402CDA0290705D506263746236A43F484132362E9
S21402CDB0236A6A0723F4C04323620CD419F0010FD6
S21402CDC01CBF43F400532362236A19F0020F1CBFF0
S21402CDD043F480432362236AA5852B43236204F12E
S21402CDE02E03B8F1000F3ED0D8F80020C4F82E204B
S21402CDF0B8F804209A809DF82C30012B03D14FF40A
S21402CE008061FFF765FE236A9DF8282023F44073AD
S21402CE1043EA0223236202F067FA94F860309DF830
S21402CE204C2084F85F0023F00F03C0F30320034373
S21402CE3062F3071384F860309DF834302046E784A6
S21402CE40268584F82A30FFF79FFE0020BDE8F88F7B
S21402CE5001218B4646E7022363E7012361E70221AD
S21402CE607BE7012179E7C4F82E80A3F80480CAE79D
S21402CE700C20EBE74520E9E72DE9F74389461746FC
S21402CE800446019330B901A806F0CAF9422003B05D
S21402CE90BDE8F083012920D0022910D089B9C369E0
S21402CEA0C3B900F140054FF40036236AD9061ED5F1
S21402CEB05A0726D501A806F0B3F90020E7E7406E28
S21402CEC020B901A806F0ACF90C20E0E71946FFF7F6
S21402CED03FFEDCE700F14805E5E7C36923B900F148
S21402CEE044054FF48026E0E700F14C05F9E79B077E
S21402CEF007D5B9F1000F04D101A806F091F9122066
S21402CF00C5E704F1200840463146FFF7E9FDF80779
S21402CF1002D5284606F084F9019921B1284606F082
S21402CF200FFA00230193286806F0FFF9236AD90650
S21402CF3005D51F2801DC032F16D02846DDE740F270
S21402CF407262904204DD284606F06AF907209EE7E0
S21402CF50B9F1000F08D1BF2806DD9A0704D028468B
S21402CF6006F05EF9452092E72046D4E91212EBF766
S21402CF70E9F9E3696BB140F27122E38C53439842BC
S21402CF8007D9238D8342EAD300F51C70B0FBF2F07A
S21402CF90E084FEF768FAE36905467BB1BB070DD568
S21402CFA031464046FFF794FD6368C3F57A7602F091
S21402CFB0D7F9F04202D52046EEF7C2FB2846FEF726
S21402CFC058FA7AE708B548B1CB0701D4002008BD65
S21402CFD04FF400112030FFF77BFDF7E74220F6E71B
S21402CFE008B548B1CB0701D4002008BD4FF40011A4
S21402CFF02030FFF775FDF7E74220F6E7EBF788BC2F
S21402D00038B5C36904460D463BB1036A13F0010006
S21402D01011D194F82430FE2B0CD004F120004FF4EA
S21402D0208001FFF755FD01202B68C4F85530AB8808
S21402D030A4F8593038BD0020FCE7036A10B5044650
S21402D04013F4602030D09A0307D504F1400006F0AE
S21402D050E7F8A36C23640023A364236A5B0307D563
S21402D06004F1440006F0DCF8E36C63640023E36436
S21402D0704FF4602104F12000FFF732FD2046FFF74F
S21402D08083FD012094F8602094F85F3002F00F01CF
S21402D09043EA0123013384F85F3022F00F02C3F320
S21402D0A003231A4384F8602010BD10B5044650309E
S21402D0B006F046F92046BDE810404FF00071FFF733
S21402D0C07EBD50E8003F0B4340E80032002AF8D10C
S21402D0D07047C94350E8003F0B4040E80032002A40
S21402D0E0F8D1704738B50446D0F8A00010B9D4F885
S21402D0F0A40058B194F8375106F0C3F805F00F05AE
S21402D10081B206312846EFF77FF880B240F27122EC
S21402D110B4F8783000F5487053439842B8BF1846C2
S21402D12038BD38B505460C4602F099F920B149F6E5
S21402D13040439C4228BF1C46EA68A2420BD240F2F9
S21402D1407121B5F87A304B43934238BF1346A34257
S21402D15028BF23461A462A6138BD03469A6A4430D7
S21402D160920404D5D3F82821998FF0F717B893F8CC
S21402D1706F10F0F709B800207047012070470020B2
S21402D18070470020704701207047C8207047002073
S21402D19070470020704770477047112070477047ED
S21402D1A07047002070477047002070477047012084
S21402D1B070477047704790F8852010B5531C03F0EF
S21402D1C00F03072B28BF0023044663F3030203441E
S21402D1D080F8852083F87E1090F885306F2B4FEA12
S21402D1E013129EBF013262F3071380F88530FFF7F1
S21402D1F0E1FF94F83711204601F00F01FFF7CCFF4C
S21402D20010BD704770477047002070470020704777
S21402D21010B101F1B000704701F1D4007047F83048
S21402D2207047806A70472830FFF74BBFC06A704766
S21402D2302C30FFF746BF2C30FFF74BBF00F59C7033
S21402D240704708B50B79DB0702D4FFF7DAFF08BD93
S21402D25091F90510BDE80840FFF7ADBF0229034665
S21402D260808F11D0032909D0012906D11A8F5B6B52
S21402D2701201B2FBF3F3184480B270475A6B4FF4B4
S21402D2807A43B3FBF2F3F6E75B8F073000EB43001B
S21402D290F2E770B540F2712606FB01F34568564385
S21402D2A0826A1D441207044645600ED500F1400509
S21402D2B0294600F13402EDF7D5F9334629462046D1
S21402D2C0BDE87040012201F08BB905EB56054560BA
S21402D2D070BD836A590505D4D0F8A03013B15B79C6
S21402D2E09A0708D4D0F8A40000B9704743799B0780
S21402D2F001D40068F8E70120704780F8771070477D
S21402D30038B5836A04461B0713D50246B0F87C304C
S21402D31052F8341F4B4340F271214B4300F1400157
S21402D320EDF7A0F9236C20469D08FFF7DBFE2844A4
S21402D330E06040F27125616B204601396943FFF7D0
S21402D340F0FE20460121EEF7DFF8636BB4F87C208E
S21402D35020465A43636805FB02336360BDE83840E3
S21402D360EEF784B8B0F8303110B5A0F83431044680
S21402D370EBF738FCC0B2FFF708FF94F8373194F8A1
S21402D380362103F00F0304F1440102F061F8EEF7D0
S21402D39081FFB4F93021824205D0A4F83001EFF7BC
S21402D3A017FCA4F83201B4F93421B4F930319A42A8
S21402D3B009D0A36A9B0306D52046BDE810404FF469
S21402D3C00041EBF725BC10BDFFF7CCBF836A0A46C7
S21402D3D000F14401C3F34030EFF78ABE10B5A0F85F
S21402D3E07810A0F87A200446FFF77CFE2169E060F8
S21402D3F02046BDE81040FFF794BE38B504460D46F9
S21402D4003AB94FF4C0212830FFF763FE9DB90020D9
S21402D41038BDFFF7C6FE98B128344FF4C021204627
S21402D420FFF757FE1DB14FF40031FFF74AFE4FF4E7
S21402D4308021204601E04FF40031FFF742FEE6E786
S21402D4401120E5E72DE9FF41836A04469B032CD5AC
S21402D450B0F93081B0F934710020EFF7ADFC8045A9
S21402D460CCBF0025012501F0F8FF94F83711C82239
S21402D47001F00F01EFF7AAFC06462046EBF7B2FBD7
S21402D480B045B4BF00260126002394F83711A8EB56
S21402D49007073FB245EA46051A46CDE900850297D8
S21402D4A001F00F0180B200F0A3FC04B0BDE8F081E9
S21402D4B0FFF7C8BF86307047F8B504460E46002907
S21402D4C05AD040F27123476B30465F43A7F28A2751
S21402D4D07F083946EEF7A8FE94F88E30851FADB267
S21402D4E09D4239463046A8BF1D46EEF79DFE94F88B
S21402D4F08F20831F9BB29342A8BF1346F21E012AB7
S21402D500B4F88610B4F888202BD8B1F5296F44F207
S21402D5109020B8BF4FF429618142A8BF0146B2F5F8
S21402D520296FB8BF4FF429628242A8BF02461B2D5C
S21402D530B8BF1B251B2BB8BF1B23304684F891307F
S21402D54084F89050A4F88A10A4F88C20EEF76CFEAB
S21402D550831F9BB2AB42A8BF2B46DBB284F8923045
S21402D560F8BDB1F5A47FB8BF4FF4A471B2F5A47F9D
S21402D570B8BF4FF4A472DAE71B23EFE770B5490091
S21402D580466B89B28E4218BF40F27125044617BF19
S21402D5904068002105FB060005FB1100658F1EBFD3
S21402D5A06060616301219542208F17D083426287B3
S21402D5B000D02387238F626B1B01B3FBF2F394F830
S21402D5C037112046A4F89C3001F00F01FFF774FFD4
S21402D5D02046BDE870400421EBF71ABB8342E8D12F
S21402D5E0A36A1B07E6D50029E4D170BDF0B585B065
S21402D5F004460E466A4600F1860300F18E0715467B
S21402D60018685968083303C5BB422A46F7D118681A
S21402D610314628609B882046AB80FFF74DFF9DF879
S21402D6200B2094F891309A4211D1BDF80620B4F836
S21402D6308C309A420BD19DF80A2094F890309A4288
S21402D64005D1BDF80420B4F88A309A4207D04FF4C8
S21402D6508141204605B0BDE8F040EBF7D9BA05B0E7
S21402D660F0BD37B5044694F88E50BDF818008D42CA
S21402D6700BD1B4F88650954207D194F88F509D424C
S21402D68003D1B4F8885085421DD08DF80610ADF847
S21402D6900420019D84F88E1094F8371184F88F3098
S21402D6A0A4F88800C4F840512046A4F8862001F069
S21402D6B00F01FFF79BFFB4F88A30A4F88630B4F85F
S21402D6C08C30A4F8883003B030BD90F8373170B58E
S21402D6D003F00F03044616460D46D9B18B4219D005
S21402D6E00122FFF75CFD294600222046FFF755FD82
S21402D6F094F83731204665F3030384F8373105F092
S21402D7000F01FFF773FF2046BDE870404FF48441D7
S21402D710EBF77EBA19462046FFF768FF002EF2D1D5
S21402D72070BDF8B51D46C36A04465B070F4616462B
S21402D73010D404212C30FFF7C4FC84F89A702046DB
S21402D740A4F89660A4F898504FF40061BDE8F8403B
S21402D750EBF75EBAF8BD10B511B190F89A400C70AE
S21402D76012B1B0F89610118013B1B0F898201A8052
S21402D770C06AC0F3800010BD4FF400412830FFF7A6
S21402D780A0BC00F5A270704790F8370100F00F00B9
S21402D790704770B50446FDF766FE6568064601F0FA
S21402D7A0DFFD2D1AB5F5FA7504D53046BDE8704092
S21402D7B0FDF75FBE40F27122636B94F8701053431C
S21402D7C0B5FBF3F5A38FAAB29B1AA38794F86F3022
S21402D7D0154602FB1133252193FBF1F001FB1033B2
S21402D7E0002BB8BF5B1884F86F30B4F89C30204624
S21402D7F09B1AA4F89C300021EDF786FE40F27122B7
S21402D800636B20465D43636802FB15336360EDF786
S21402D8102DFECAE700232DE9F3474E790446B007EA
S21402D82058BF06F0010608460D4648BF0326ADF867
S21402D830043058BF0136FFF76FF9074607F01F039B
S21402D840002BE36A15BF4FF001084FF000084FF0B7
S21402D85003094FF0020999050CD59DF804302946B4
S21402D86066F3010368F345138DF804302046019AE7
S21402D87000F08EF9284605F058FD824649462846AD
S21402D88005F00EFD9DF80430AA7966F3010368F3ED
S21402D89045138DF804308DF805A0BDF804300C321F
S21402D8A0AB529DF80430A9189A066B7948BF8F7060
S21402D8B043F001036B71FDF7D6FD06462046294666
S21402D8C050F8A48F05F03CFD94F84631013384F8F5
S21402D8D04631A36A1B070CD5B4F87C30012B02D95B
S21402D8E02046FFF756FF304602B0BDE8F047FDF788
S21402D8F0C0BD656801F034FD0746EDF71BFF8442A4
S21402D900F1D1ED1BB5F57A7FEDDDB8F1000F03D04E
S21402D910D4F8A030002BE6D1EEF7A4FAE3E708B578
S21402D920022005F0EAFD10B100F0A1FD012008BDBD
S21402D93010B504464FF440712830FFF7CAFB204664
S21402D940BDE810400021EBF703BE012310B5A1F19C
S21402D9502002C1F1200423FA04F403FA02F222435D
S21402D9608B40D0E9084123400A40134314BF0120EC
S21402D970002010BDC36A10B5044613F0080012D08A
S21402D9800123A1F12002C1F1200023FA00F003FADC
S21402D99002F202438B40D4E9080103400A401343D3
S21402D9A014BF0120002010BD10B50C46C9B2FFF707
S21402D9B0E1FF70B1ECF742FEC4F12002A4F12003AD
S21402D9C0E04001FA02F2104321FA03F3184300F092
S21402D9D0010010BD70B504460E46ECF761FFFDF778
S21402D9E042FD05460221204684F87760EBF710F9DF
S21402D9F020460021EDF788FD2846BDE87040FDF779
S21402DA0038BD70B504460D46FDF72DFD0646EDF70A
S21402DA1091FE844201D1EEF705FA3046FDF729FD64
S21402DA2029462046BDE87040FFF7D4BF0B68C0F811
S21402DA304031704738B540F64805D0F840310C46BC
S21402DA400B609BB2AB4204D90B21FFF7ADFF08B9BE
S21402DA50258038BD44F290232380FAE708B500F00B
S21402DA60FBF8EBF73DFA00F00EFB00F008F8ECF7D7
S21402DA704FFEEDF78DFBBDE80840EDF7F1BB7047B2
S21402DA8070B515460E461C46FFF7C9FB2B684EB10D
S21402DA9003606B6843602368C0F825302368C0F8CB
S21402DAA0153070BD83606B68C3602368C0F8293088
S21402DAB02368C0F81930F4E770B50546FFF7AFFBE8
S21402DAC00446FDF7D0FC06464FF480712846FFF761
S21402DAD0AAFB4FF400612846FFF7AAFB3046FDF783
S21402DAE0C8FC0023284623612375236284F8243069
S21402DAF0FFF797FB802310F0080F14BF237584F8F6
S21402DB00243070BD10B50446FFF712FF2046BDE86C
S21402DB1010401021EBF77CB810B504464FF4606154
S21402DB20FFF789FB2046BDE81040FFF701BF7FB52F
S21402DB3006460C46FFF773FB4FF4C06105463046B7
S21402DB40FFF776FB4FF400613046FFF774FB4FF4A5
S21402DB508060ECF719FD224670B969462846ECF754
S21402DB60D7F86B4605F1100213F8011B02F8011DE7
S21402DB70AA42F9D104B070BD6C4602F110062346E3
S21402DB8010685168083203C3B2421C46F7D1E8E770
S21402DB90F0B587B00D46ADF80C20FFF740FB044603
S21402DBA0284605F0C2FB064600B32846ECF7EEF818
S21402DBB09DF80C3005AF03F023032246314600934E
S21402DBC0019704F12003FDF774FF2846ECF7F4F8FA
S21402DBD004223946284605F03BFD236A01332362B8
S21402DBE023B994F82430013384F8243007B0F0BD0A
S21402DBF030B585B00391ADF80820FFF710FB044658
S21402DC00039805F092FB051F002D02DC002005B0EC
S21402DC1030BD0398ECF7BAF8431901939DF8083023
S21402DC20224603F023030093294604F11003FDF76E
S21402DC3031FF0028EAD10398ECF7BEF8042103A8C6
S21402DC4005F0BEFB2369013323610BB10120DEE739
S21402DC50237D01332375F9E708B54FF40060ECF72E
S21402DC6093FC40B94FF48050ECF78EFC40B9BDE807
S21402DC700840EFF7DDBAFFF7C7FA0028F2D008BD72
S21402DC80FFF7C4FA0028F2D0F9E741F0004141F468
S21402DC90E0210160704700207047002070477047FF
S21402DCA070477047704710B5DC1D043383734379A1
S21402DCB0C47123F0030343F003030E2443710123CC
S21402DCC044738371C3730182827410BDD31CC37103
S21402DCD03E2343734379827323F0030343F0030323
S21402DCE043710123C173837170470F234373042367
S21402DCF083734379A0F8111023F0030343F0030360
S21402DD00437140F20173C3800123C27303747047E8
S21402DD10D31CC3714379417323F0030343F0030317
S21402DD204371012382738371704708B50023FFF79E
S21402DD30BAFFBDE80840ECF72DB92DE9F843804656
S21402DD400220894617461E4605F0D7FBD0B10C23A3
S21402DD5043730823837340F601334579C38025F065
S21402DD6003059DF8203045F003054571A0F81080A4
S21402DD7080F81290A0F81370A0F81560C373ECF741
S21402DD8009F90120BDE8F883F8B504460F461646A1
S21402DD9013211D460922FFF799FF83790C331C4491
S21402DDA0A170E77026712B68C4F80530AB88A4F81A
S21402DDB00930BDE8F840ECF7EDB870B5064602202B
S21402DDC00D4605F09AFB044668B114210422FFF7BB
S21402DDD07DFF83790C331C44A170A4F8036065713F
S21402DDE0ECF7D8F8012070BD08B501F018FC08BDA4
S21402DDF02DE9F041074602200D4690461E4605F0E4
S21402DE007CFB0446E0B109222121FFF75FFF0A22CC
S21402DE1083790C331C44BDF9183084F8038093FBD5
S21402DE20F2F323729DF81C30A7806372BDF920308E
S21402DE30A67193FBF2F3E571A372ECF7ABF801203F
S21402DE40BDE8F081704710B5ECF7DEF88379002163
S21402DE500C33C418E078EAF7E1FA6168FFF7B2F823
S21402DE600446ECF7D7F82246BDE8104000234FF6EA
S21402DE701941FFF718BF10B5ECF7C6F883790021F1
S21402DE800C33C418E078EAF7C9FA6168FFF7A8F815
S21402DE900446ECF7BFF82246BDE8104000234FF6D2
S21402DEA01A41FFF700BF70B5ECF7AEF8002186798D
S21402DEB00446FE20EAF7B2FA0546FFF7ECFE50B13A
S21402DEC00C24ECF7A7F82246BDE87040002342F285
S21402DED00501FFF7E8BEFFF7E0FE0028F0D1344464
S21402DEE00F342DB121462846FFF78AF80028E7D0DE
S21402DEF02046ECF795FA0024E3E72DE9F041ECF72B
S21402DF0083F8837900250C33C418E678ECF77CF89E
S21402DF100768ECF779F8A6F1FE0359425941056005
S21402DF203046EAF77BFA3B4629462279FEF7A4FFFB
S21402DF300446ECF76FF82B462246BDE8F04142F263
S21402DF403701FFF7B0BE2DE9F041ECF75DF88379B3
S21402DF5000250C33C418E678ECF756F80768ECF799
S21402DF6053F8A6F1FE035942594105603046EAF7D6
S21402DF7055FA3B4622790121FEF77EFF0446ECF76E
S21402DF8049F82B462246BDE8F04142F23801FFF737
S21402DF908ABE2DE9F047ECF737F883790C33C418BC
S21402DFA0277994F8038027B9B8F1010F27D0EAF74A
S21402DFB097FC00260534BE420ADB0025ECF72AF859
S21402DFC02A46BDE8F047002342F23901FFF76BBE4E
S21402DFD02078B4F80150A0F1FE035942594194F852
S21402DFE003900434EAF71AFA58B12A464B464146D9
S21402DFF0EAF772FB05460028E0D10136DBE7122578
S21402E000DCE74225DAE710B5EBF7FEFF837900215D
S21402E0100C33C418E078EAF701FA80B1211DFEF746
S21402E020EFFF00280CBF0C240024EBF7F3FF224678
S21402E030BDE81040002342F23501FFF734BE422409
S21402E040F3E7FE282DE9F8430646894690461F4622
S21402E05016D0022005F051FA044690B1062212218B
S21402E060FFF734FE1223A57920460C352544AB7003
S21402E07085F803902E71A5F80580EF71EBF78AFFFD
S21402E0800120BDE8F883704710B5FFF704FE04468A
S21402E090FEF75AFD2043C0B210BD10B5EBF7B4FF31
S21402E0A083790C3318444479B0F80300EAF786FD06
S21402E0B060B12146ECF7DAFE0446EBF7ABFFE2B2BC
S21402E0C040F20641BDE81040FFF70FBE0224F4E717
S21402E0D070B5EBF799FF83791844B0F80F50FDF747
S21402E0E0C2F904462846EAF769FD80B11621FFF711
S21402E0F088FC00252046FDF7BCF9EBF78BFF2A4685
S21402E100BDE8704000234FF60441FFF7CCBD022560
S21402E110F0E7F8B5EBF778FF847905460C3404444B
S21402E120B4F80300EAF74AFD064640B9EBF772FF79
S21402E1300222BDE8F84042F21301FFF7D6BDAB79E2
S21402E140E97903F10C020220CB1A2A44002105F0D9
S21402E150ACFA014618B9EBF75DFF0722E9E78379C7
S21402E160033383713046B4F80D50B4F80F70ECF7F1
S21402E17031FE04463A4629463046FFF72FF9EBF7BA
S21402E18049FF2246D5E738B5FDF76DF90446FFF795
S21402E1907BFF00280CBF0C250025EBF73BFF2A4629
S21402E1A042F20E01FFF7C1FDFFF77AFD2046BDE8F9
S21402E1B03840FDF75EB910B5EBF726FF83791844B1
S21402E1C0B0F80F00C0B2EBF767F8EBF723FFBDE835
S21402E1D01040002342F224011A46FFF764BD2DE9DF
S21402E1E0F84381460220884617461E4605F085F902
S21402E1F0044690B10A220321FFF768FD0023A579A1
S21402E20020460C352544EB70A5F80490A5F8068048
S21402E2102F816E81EBF7BEFE0120BDE8F8832DE963
S21402E220F043814685B002200E461F469DF8448084
S21402E2308DF80F2005F061F90546002844D0222209
S21402E2402921FFF743FD0022AC7930460C342C44DA
S21402E25004F10E0304F11401C4F80E209A806261E0
S21402E260228300913A460DF10F01FEF778FC9DF8E5
S21402E2704030A4F80490E37006F00103A3719DF801
S21402E2800F3016F0FD0FE3713B68A360BB88A381D5
S21402E2904FF6FF7304D0032E08BF43464FF0FF0825
S21402E2A0BDF8302028466283BDF8342084F82180E9
S21402E2B0A283BDF838206384E2839DF83C2084F86C
S21402E2C02020EBF767FE012005B0BDE8F083F8B525
S21402E2D00746022016461D4605F00FF9044690B181
S21402E2E00C220421FFF7F2FCA1799DF818300C31BC
S21402E2F0214420468F80C1F80660C1F80A50CB70D0
S21402E300EBF748FE0120F8BD70B5064602200D4622
S21402E31005F0F3F8044668B103223021FFF7F8FC53
S21402E320A37920460C332344A3F803609D70EBF7D1
S21402E33031FE012070BD70B5064602200D4605F07E
S21402E340DCF8044688B104220821FFF7E1FCB5FA9E
S21402E35085F2A37952090C3323442046A3F80360BE
S21402E3605A719D70EBF716FE012070BD2DE9F84339
S21402E37081460220884617461E4605F0BEF8044629
S21402E380B0B10B220721FFF7A1FCA579BDF820301A
S21402E3900C3525442046A5F80390A5F80580A5F877
S21402E3A00770A5F80960A5F80B30EBF7F3FD01201E
S21402E3B0BDE8F883F8B5074602200E46154605F076
S21402E3C09CF80446A0B10D220521FFF77FFCA37935
S21402E3D020460C332344A3F80370A3F80D602A6882
S21402E3E0C3F805206A68C3F80920EBF7D3FD0120BD
S21402E3F0F8BD2DE9FF4116466A4680460F46154689
S21402E4000A9C03F1100E9446186859680833ACE863
S21402E410030073456246F6D124B9022005F06DF872
S21402E420044608B31D22ED212046FFF74FFCA379D0
S21402E4300C332344A3F80380A3F80D702EB1326880
S21402E440C3F805207268C3F809200F3304AE2A46C3
S21402E45003CAB24218605960154603F10803F6D1A2
S21402E4602046EBF797FD012004B0BDE8F08113B516
S21402E4701321827901900C32841881544FF4407231
S21402E480C280EBF71DFBA07020B901A804F0C8FEFD
S21402E49002B010BD8000013060700198EBF77AFD83
S21402E4A0F6E770B5064602200D4605F026F8044645
S21402E4B078B104220521FFF72BFC0022A37920461F
S21402E4C00C332344A3F803605D719A70EBF762FD88
S21402E4D0012070BD13B5837901900C33C418C05C5B
S21402E4E0EAF76CFB20B901A804F09AFE02B010BD50
S21402E4F06378019913F0300F0CBF012200228B794A
S21402E50004338B714B7962F300034B71EBF720F8FF
S21402E510ECE72DE9F041EBF777FD83790C33C4186D
S21402E520B4F803801FFA88F0EAF748FB054600B302
S21402E530A2796179FEF761FF0646EBF76BFD0746A7
S21402E5400223324642F27A01FFF7ADFBBB79384628
S21402E5503B44A3F81280EBF71DFD46B9A37933B10D
S21402E5602846FFF711F901462846FEF71CFEBDE8CD
S21402E570F0810226E1E700F007BE50E8003F0B43B9
S21402E58040E80032002AF8D17047704770B50E4650
S21402E5901546EAF7D1FC044648B93046EAF784FA4B
S21402E5A0044620B92846EEF76BFD044640B100202B
S21402E5B0EAF7C2FC0020EAF777FA0020EEF760FDE1
S21402E5C0204670BD4FF40010EFF778B8EDF764BF41
S21402E5D0EBF708BF4368143B4360A0230B60704709
S21402E5E01AB94268A2EB530242600A6802EB83023F
S21402E5F00A607047884210B518D8052816D9B1F5B2
S21402E600486F13D8B3F5FA7F10D240F67644A2F1DB
S21402E6100A0080B2A04209D801339BB24B435B008A
S21402E620B3EBC20F94BF0120002010BD0020FCE710
S21402E630C94350E8003F0B4040E80032002AF8D1B8
S21402E6407047002070472DE9F04104460F46002629
S21402E6504FF00108214686F00100FEF7D9FD4FF47F
S21402E6608051FFF7E5FF836833B940460EB1BDE837
S21402E670F08101268046EDE7028ABA4206D10022E0
S21402E6800121204698470028EFD1EFE70268D2051D
S21402E690EBD500221146F4E708B5FEF7CFFD0023BE
S21402E6A00380436008BD70B506460C46FCF7DBFEE9
S21402E6B005463046FEF7C2FD30B103781C430470AF
S21402E6C04FF40070EEF7FAFF2846BDE87040FCF7FC
S21402E6D0D0BEEAF73DBF07B542798DF8071022F0A3
S21402E6E0030242F00302427140F203320DF10701C7
S21402E6F0C280012204F077FD03B05DF804FBF8B592
S21402E700174606460C461D46FEF790FD020713D531
S21402E71002213046FFF719F970B111212046FFF7A2
S21402E720DAFF2046ECF764F84570877021463046DB
S21402E730BDE8F840EAF70CBF28204FF08861C5F123
S21402E7402002A5F12003E94000FA02F220FA03F3C0
S21402E75011431943CB07E0D40D212046FFF7BBFF38
S21402E7602046ECF745F84770E0E770B50C460546DC
S21402E770072120461646FFF7AEFF2046ECF738F88C
S21402E780214646702846BDE87040EAF7E1BE38B535
S21402E7900C4600210546FEF761FD47F6FE73241A75
S21402E7A0A4B29C4205D928462821FFF713F9002077
S21402E7B038BD0120FCE738B504460D460146002068
S21402E7C0FEF726FD03689B0505D429462046BDE8CC
S21402E7D03840FFF7DCBF002038BD2DE9F041154672
S21402E7E01F469DF81880FEF713FD0446FCF73BFE15
S21402E7F0B8F1010F064623D154E8003F43F4807374
S21402E80044E80032002AF7D105B354E8002F42F458
S21402E810007244E80023002BF7D1FF212046FFF7C1
S21402E82007FF54E8002F48EA020244E80023002BC0
S21402E830F7D13046A5602782BDE8F041FCF719BE45
S21402E8404FF480712046FFF7F3FEDDE74FF40071C8
S21402E8502046FFF7EDFEE0E773B5064601200C46BC
S21402E860FEF7D6FC002305461A460093214630469C
S21402E870FFF7B3FF6B6863B14FF480712046EAF787
S21402E880C7F955E8003F43F4007345E80032002A12
S21402E890F7D1FCF7E8FD05462046FEF7CFFC28B187
S21402E8A003881BB14FF40070EEF708FF284602B04B
S21402E8B0BDE87040FCF7DDBD38B505460C46FEF7F0
S21402E8C0A7FC83684BB102212046002298472146C6
S21402E8D02846BDE83840FFF7BFBF38BD012938B526
S21402E8E005460C4608D0CC1E012C03D80146012052
S21402E8F0FFF7E2FF012038BD2221FEF7FEFC20468C
S21402E9002946FFF7D9FF0020F5E708B5FEF780FC99
S21402E910006800F0F00008BD10B50146044601206C
S21402E920FFF7F3FF20B92146BDE81040FFF7EDBF21
S21402E93010BD70B506460C4601460120FEF768FC7F
S21402E940314605460020FEF763FC2B680268014646
S21402E95043EA0200C0051ED49B0502F4007203D4EB
S21402E9609AB94FF0FF3070BD2B8A1B1B98B27AB152
S21402E970098A091B89B28842A8BF08464FF6FF7368
S21402E980984208BF4FF0FF30EDE74FF6FF70EFE713
S21402E9904FF6FF71EFE70120E5E72DE9F341044664
S21402E9A00191014601201546FEF732FC2146064635
S21402E9B00020FEF72DFC80462046FEF732FC81063C
S21402E9C006D501A804F02CFC0C2002B0BDE8F081AC
S21402E9D0FCF749FD336807469A0503D4D8F8003099
S21402E9E09B0509D50199301D8D6004F0A9FC3846B7
S21402E9F0FCF73FFD0020E8E7FCF73BFD20460199C7
S21402EA00A847E2E738B5014604460120FEF700FCB7
S21402EA1005460C3004F004FC281D04F001FC2146D7
S21402EA200020FEF7F5FB04460C3004F0F9FB201D2F
S21402EA30BDE8384004F0F4BB70B501460546012037
S21402EA40FEF7E6FB0646043004F067FC044670B1A7
S21402EA504FF400713046FFF7EBFD21462846A368C7
S21402EA60984720B12046BDE87040FCF76DB870BDEF
S21402EA7000238260C0E90031704708B50B460146A4
S21402EA801846FEF7C5FB0068C0F3402008BDFFF736
S21402EA9025BFCB1E012B70B504460D46164606D87A
S21402EAA01A21FEF72AFC40212046EAF7B1F8324640
S21402EAB029462046BDE87040FFF710BF38B5044629
S21402EAC00D46FEF706FC28B1012D04D12221204670
S21402EAD0FEF713FC002038BDF8B50C468B790746C6
S21402EAE00B44D3F80D60D3F811303246EAF712FD24
S21402EAF009212046FFF7EFFD2046EBF779FEA579C0
S21402EB00EBF79CFD0C3566F0FF0625440640C5F87B
S21402EB100160EBF793FD3846C5F805102146FFF76E
S21402EB20D8FD02213846FFF7BEFDF8BD70B50E4689
S21402EB30054601460020FEF76BFB012E044603D075
S21402EB40022E11D0012070BDC16828468B79194467
S21402EB500D31FEF73BFCE068FBF7F6FF0020294686
S21402EB60E060FFF779FEEDE7C068FBF7EDFF0023F4
S21402EB70E360E7E738B50D46044601460120FEF796
S21402EB8047FB012D08D100F112012046FEF71EFCBC
S21402EB9021462846FFF760FE012038BD08B5FEF77D
S21402EBA040FBC0F3C00008BDF8B50C460746FFF7A9
S21402EBB0F5FF80F00106F6B239463046FEF728FB2E
S21402EBC00546C068012C837903D0022C1BD0012095
S21402EBD0F8BD0C33C41823893846E288A188FEF7AC
S21402EBE0CDFC618862784900384689B25200FEF749
S21402EBF050FBE868FBF7A8FF002339463046EB6077
S21402EC00FFF72AFEE3E7FBF79FFF0023EB60DEE752
S21402EC1008B5FEF70BFB00F0010008BD38B50C4640
S21402EC2002210546FEF704FB0C212046FFF753FDA2
S21402EC302046EBF7DDFD4FF0FF3383700223C370EF
S21402EC400D2343706FF02F03037105232146437192
S21402EC502846BDE83840FFF73CBD042910B50446F7
S21402EC6001D0002010BDFFF799FFC0F10200EBF7BC
S21402EC708BFC0028F5D104F040FC014608B90220BE
S21402EC80F0E72046ECF7C4F80028F8D10120E9E7BF
S21402EC9008B5FEF7C6FAC0F3C00008BD2DE9F0417C
S21402ECA00F4604469046FFF7F3FF80F00105EDB2EB
S21402ECB021462846FEF7ACFA012F064603D0032F5C
S21402ECC00FD001200BE02046FEF726FF2221204629
S21402ECD0FEF713FB28462146FFF7EEFD0020BDE8AF
S21402ECE0F081C068FBF730FF00232046F360FEF792
S21402ECF013FF20465FFA88F1FEF7FFFA204620212E
S21402ED00E9F786FF21462846FFF7D6FDD9E7F7B58D
S21402ED10014604460020FEF77BFA054600F112077C
S21402ED204FF48060EBF730FC50B92046E9F75AFF03
S21402ED303A46698B80B203B0BDE8F040FFF73ABBB3
S21402ED402046E9F74FFF064620466D8BFEF767FA28
S21402ED5000220346009229463A46B0B2FFF749FB24
S21402ED6003B0F0BD83781A2B09D81B238370028860
S21402ED70B2F5A47F07D24FF4A473038007E0FB2BFF
S21402ED80F5D9FB23F2E744F290239A42F5D870476E
S21402ED90F0B50446CA798B7987B043EA0223ADF808
S21402EDA00C308B8803A88DF80E30CA788B7840F624
S21402EDB0480543EA0223ADF810300B8805A98DF802
S21402EDC01230FFF7CFFF04A8FFF7CCFF2046FEF76E
S21402EDD031FE0B212046FEF7E7FD44F29023002881
S21402EDE018BF1D46BDF80C709DF80E30BDF81460B5
S21402EDF0BDF810209DF816009DF81210AF42D4BF41
S21402EE0000970095FB2BA8BFFB23B242A8BF324651
S21402EE108142A8BF01462046FEF723FC07B0F0BD9C
S21402EE2037B5144605461046FFF755FC2046EBF765
S21402EE30DFFC01A904462846FEF7FCFD0B21284606
S21402EE40FEF7B2FD6FF004036370002344F29022D3
S21402EE50A37040F64803002818BF1346A4F80330F0
S21402EE609DF80630A4F80530BDF80430A4F8073043
S21402EE7003B030BDFFF732BD022973B505460C4616
S21402EE8003D00024204602B070BD0521FEF75DFDCA
S21402EE900028F6D0EAF706FA1B28F2D94FF400400B
S21402EEA0EBF772FB0028ECD104F027FB064600289D
S21402EEB0E8D0284601A9FEF7BDFD314628469DF852
S21402EEC00630BDF80420ECF7E1F90028D9D1012478
S21402EED0D8E730B190FAA0F00123B0FA80F0834070
S21402EEE0D8B2704770B50646FEF7A0F980F0400427
S21402EEF002060546C4F3801406D408213046FEF7FF
S21402EF0039FD08B144F00204EB0506D40B21304665
S21402EF10FEF730FD08B144F00404204670BD2DE92A
S21402EF20F843044691460F46FEF780F9C0F34015B3
S21402EF302046FEF726FC214680462846FEF768F95C
S21402EF40494606462046FEF7D8F998F80110384694
S21402EF5001F00F0100F0BCF9062814BF014600219B
S21402EF602A462046FEF7B1FB21462846FFF774FCE8
S21402EF7020212046FEF75FF956E8003F43F480530F
S21402EF8046E80032002AF7D1BDE8F883F8B50E4607
S21402EF9004461546FEF74AF9032EC0F340170DD075
S21402EFA0042E16D0012E12D122212046FEF7A5F9F4
S21402EFB038462146FFF780FC0020F8BDEAB2002161
S21402EFC02046FFF7ACFF21463846FFF775FC0120C6
S21402EFD0F3E70C22F3E7012910B504460BD1FEF73E
S21402EFE025F92146C0F34010FEF712F90022817C73
S21402EFF02046FFF794FF012010BD2DE9F7430F4688
S21402F0000546FEF713F900F02009C0F3401828461B
S21402F010FEF7B7FBBB790C333B445E789B781E4009
S21402F0200378C3F3030000EA13103040FFF751FFE2
S21402F030044648B9B9F1000F06D12846FFF752FF39
S21402F0403040FFF746FF04462846FEF79DFBEDF7E5
S21402F050FFF8A04223D01CB302212846FEF7FEF892
S21402F060002106462846FEF727FA18213846FFF7FB
S21402F07032FB3846EBF7BCFBB6B2394644708470B6
S21402F080A0F803602846FFF724FB234622462946BB
S21402F09040460096ECF734F903B0BDE8F08300244E
S21402F0A02646E2E770B504460D46FFF735FC28B95A
S21402F0B029462046BDE87040FFF79FBF40282946F4
S21402F0C02046BDE870404FF0160314BF2A222322C2
S21402F0D0FFF715BB38B505460C46FEF7A7F88306BC
S21402F0E004D42046BDE83840FBF72EBD214628460C
S21402F0F0BDE83840FFF781BF73B58C7906460C34FD
S21402F1000C440D46FEF792F8A278C0F34010032A8C
S21402F11014D0052A28BF00226378032B10D0052BB3
S21402F12028BF0023B4F8031000913146ECF7E8F844
S21402F130284602B0BDE87040FBF706BD0022EBE7AA
S21402F1400023EFE708B58B790B441B7B162B03D005
S21402F150172B05D0002008BDFFF7A4FF0120FAE711
S21402F160FFF7B8FFFAE708B58B790B441B7B162B23
S21402F17003D0182B05D0002008BDECF7EBF80120D1
S21402F180FAE7FFF7B9FFFAE770471FB54A1E042AE7
S21402F19003460C465FD8012902D1008804B010BD90
S21402F1A0022905D100885B88984238BF1846F5E7E1
S21402F1B04A00014601A803F0D5FC032C07D1002320
S21402F1C0ADF80A304FF6FF73ADF80C3001E0042CB0
S21402F1D0F8D0BDF80620BDF80430934284BFADF8DF
S21402F1E00630ADF80420BDF80A30BDF80C20934274
S21402F1F088BFADF80A20BDF80A2088BFADF80C30EB
S21402F200BDF80430934288BFADF80A30BDF8062038
S21402F210BDF80C309A4288BFADF80630BDF808201B
S21402F220BDF80630934284BFADF80830ADF806202C
S21402F230BDF80A30BDF808209A4288BFADF80830FB
S21402F240BDF80820BDF806309A4238BFADF808303F
S21402F250BDF80800A2E74FF6FF709FE710B5418998
S21402F26004468389C2890846FFF7C4F9E0B1E27909
S21402F270531E072B19D86389934216D922899A42BC
S21402F28013D8237C43B9637C33B9A37C23B9E07CCF
S21402F29010B9237D0F2B07D9607D1B3000F01F00AD
S21402F2A00B288CBF0020012010BD0020FCE708B50B
S21402F2B0EDF71AFCBDE808400020EDF783BCC94311
S21402F2C050E8003F0B4040E80032002AF8D1704771
S21402F2D0022808D0042803D0012818BF0620704749
S21402F2E001F00101C81C7047EDF7CCBF0A2802D80E
S21402F2F00130C0B27047242801D80230F9E7252829
S21402F30005D0262805D0272818BFFF2070470020E2
S21402F31070470C20704708B5EDF716F8BDE80840B0
S21402F3204FF00060EEF7CAB908B5EDF7B1FF20B1AD
S21402F330BDE808401020FFF7EEBF08BD70477047D3
S21402F3407047704770470020704770477047704795
S21402F35070477047104619467047002000217047D4
S21402F36002F097BFF4F77AB903F04BB808B5EDF799
S21402F370EDF920B1BDE808400420FFF7CCBF08BD78
S21402F380F0B585B00D4616468DF8070002B983B370
S21402F39029469DF80700FDF7EEFB044690B929467C
S21402F3A09DF80700FDF7EBFB20BBF6B19DF80700C2
S21402F3B0003818BF01202946EDF72AFE441C18BF64
S21402F3C0012417E002AF012239460DF10700FDF7CE
S21402F3D0D4FB024604464EB19DF80730181E18BFED
S21402F3E00120002A18BF3D46E5E70124FDF7B4FBDD
S21402F3F000B90124204605B0F0BD37B50246136AAF
S21402F400084603F4007403F40015DB0505D47CB942
S21402F410EAF7E0FF204603B030BD4CB9B5FA85F4F2
S21402F420D2F8551064090160B2F859208280F1E7DB
S21402F430019092F95430B5FA85F4009300231A46E7
S21402F44019461846FDF791FB6409E3E770477047D3
S21402F450024619460020EDF7B9BC0020704700208E
S21402F460704707B500214FF0FF336A4608460093FF
S21402F4708DF80430EDF73CFE03B05DF804FB38B5BA
S21402F4800546006803F06EFD0446287900F01F006A
S21402F49003F068FD2044C0B2012894BF002001207A
S21402F4A038BD7047914270B50D4614461E4609D2C5
S21402F4B0FFF71AFF641B013490FBF4F303FB1400FE
S21402F4C00544ACB23480FFF70FFF33880133B0FB3C
S21402F4D0F3F202FB1300049B188070BD704770475E
S21402F4E0704708B5202000F0D0FE003818BF012073
S21402F4F008BD08B5FFF7F5FF20B1BDE8084020209B
S21402F50000F0CBBE08BD73B506460D461446D2B112
S21402F51000F0B8FEA84218D8304600F0C8FE0146F1
S21402F5200190A0B100232A46204603F06FFE01A8F0
S21402F53003F076FE2246022052F8041B00F064FE18
S21402F540002002B070BD2220FBE72120F9E72D2023
S21402F550F7E708B5FBF72AF808B1012008BD00F066
S21402F56060F8FBF72BF80028F7D1EFF76FFF0038AB
S21402F57018BF0120F2E708B5EEF74EF800280CBFD8
S21402F5800420012008BDEEF755B80020704730B5BC
S21402F5900446154687B00846FFF71AF812220021DD
S21402F5A00DF1060003F0D3FAA368ADF804500293F7
S21402F5B0E3680393E38BADF81030238CADF812307A
S21402F5C0FFF7E3FF029B8DF8140043F410530293F7
S21402F5D000F0CAFD18B1029B43F00403029301A88F
S21402F5E0EAF7E4FF10F0FF0516D1A38C0DF1020135
S21402F5F0ADF80030E38C6846ADF8023000F04CFD02
S21402F600EEF7B4F8FEF7E2FF012102F025FDEFF770
S21402F610F9F8284607B030BD40F20C40FAE7EEF79C
S21402F620B5B8FCF793BDE8F7E1B87047002070471D
S21402F63000207047532838B505460C4604D1BDE86D
S21402F6403840084600F0E2BC0620FBF72BFC68B9FF
S21402F6506379142D03F03F03637104D0722D08D131
S21402F66063F03F0363710020A57138BD40F2074086
S21402F670FBE72120F9E71FB550F80C4BADF80A302E
S21402F68094F87040069BADF806108DF8082040F2FC
S21402F690035101AA8DF80440039303F0F6FC10B957
S21402F6A006A803F0BDFD04B010BD2DE9F0414FF0F1
S21402F6B0000886B004460E461546CDF80C8000F1CA
S21402F6C0440712B303A803F0ABFD384603F0A8FDC7
S21402F6D084F81C8000233246009318212B462046CD
S21402F6E000F06AFF05F58855204650F80C3B40F2BC
S21402F6F0055193F8703004AA8DF81030059503F082
S21402F700C4FC002006B0BDE8F08143691A0710D495
S21402F710A846384603F0A2FD03460390C0B903A8E4
S21402F72003F07EFD384603F07BFD0023237755B1B8
S21402F730D0E723F00803436103A803F071FD3846BF
S21402F74003F06EFD2577204600F0B2FF0025CBE7DA
S21402F7509979204601F10C021A44B2F8016005318B
S21402F760B2F803209971314601F0CDFCCDF80C8039
S21402F7700028CED00546D2E72DE9F84F0E46914630
S21402F7809A4605469DF828B010B1037C012B60D03E
S21402F790284601F0CFF9304601F048FB00223146F8
S21402F7A08046284601F0B5FB0746304601F037FE94
S21402F7B042F6052398421CD118F0300F26D1BBF131
S21402F7C0000F33D018F0200F3FD0BA073FD5EB8B8F
S21402F7D0002B38D153464A463146284600F09AFF57
S21402F7E00446E8B940F20A412846EE8301F0B0F931
S21402F7F016E0284601F053FA0028DDD0284601F02C
S21402F80063FA0028D8D041F2121409E0B907D6D01C
S21402F8103146284601F019FC0028D0D000F588545D
S21402F820284601F08CF92046BDE8F88F18F0100F34
S21402F8300BD0FB070BD553464A463146284600F006
S21402F84046FF0446ECE70524EAE72124E8E702241B
S21402F850E6E70724E7E72DE9F047002586B09DF89E
S21402F860389090F81CA004460F4690460F9E0577E7
S21402F870B9F1000F09D00A464B465146009600F0F1
S21402F8809BFE284606B0BDE8F087BAF1080FADF831
S21402F890169026D145893246043DADB29D424FF0C0
S21402F8A002014FF00900A8BF1D4600F016FE022214
S21402F8B0814605A93046ADF8147003F0C9FE2A4603
S21402F8C04146304603F0C4FE0546831C31462046B8
S21402F8D089F80130EFF7ACFFADF81650BDF8160008
S21402F8E0D0E7BAF10A0F0DF116020CBF0B210D215B
S21402F8F0CDE9016200930122434600F081FE1A28F8
S21402F900ECD111233A4651462046CDF80090ADF888
S21402F910169000F051FEE1E7F0B5002589B01746D3
S21402F920012204460E460393ADF8165001F020FB62
S21402F9308DF81500002846D1304601F091F910B135
S21402F940304601F04FFA304601F080FAB8B103A80B
S21402F95003F066FC204650F80C2B237F92F87020AA
S21402F96040F202518DF8182006AAADF81A608DF8FA
S21402F9701C30ADF81E7003F088FB09B0F0BD0DF127
S21402F98015030DF116023146204601F08EFB9DF856
S21402F990153002465BB9BDF81630BB4235BF0723A9
S21402F9A0DB1B8DF81530D21928BFADF81630039B35
S21402F9B0314601939DF8153020460093BDF8163067
S21402F9C0FFF749FFD9E72A46F1E7F7B51E460023B7
S21402F9D01360338004460D46174601F041F910B114
S21402F9E0204601F0FFF9214600200DF105030DF136
S21402F9F0060201F05AFB9DF8054024B9BDF8064000
S21402FA002CB9002001E004F5885003B0F0BDAC42EA
S21402FA1004D32844641B38603480F2E741F20710AE
S21402FA20F3E770B504460D46164601F019F940B9DB
S21402FA3033462A46214601F066FB08B100F5885097
S21402FA4070BD41F20310FBE71FB550F80C4BADF842
S21402FA500A3094F87040069BADF806108DF8082020
S21402FA6040F2015101AA8DF80440039303F00DFB06
S21402FA7010B906A803F0D4FB04B010BD1FB550F8A9
S21402FA800C4BADF80A3094F87040BDF81830ADF85B
S21402FA9006108DF8082040F2045101AA8DF80440A1
S21402FAA0ADF80C3003F0F1FA04B010BDF0B5122731
S21402FAB085B003920777022205460E4601F058FAF1
S21402FAC0044668B103A803F0ABFB00232B770023A0
S21402FAD03246009312212346284600F06DFD0FE0C1
S21402FAE0039A304693790333937101F0AFF948B124
S21402FAF0039B3A460093314623462846FFF7BBFD52
S21402FB0005B0F0BD42F6293001F0F0FBB04220D13C
S21402FB10039830B903A803F083FB00230D242B7748
S21402FB20D5E703F002FC80B20128F3D1039B2846F6
S21402FB309A791344197B01F0EDF8044603A803F002
S21402FB406FFB00232B77002CC1D1284600F077FDEF
S21402FB50D6E7224631462846039B01F0D4FA0446ED
S21402FB60EFE72DE9FF410392042204460D4601F019
S21402FB70FFF9074628B103A803F052FB04B0BDE81C
S21402FB80F0814FF05208039A284693790333937113
S21402FB9084F81C8001F05AF9064640B1039B42469F
S21402FBA0009329463B462046FFF765FDE6E742F608
S21402FBB0293001F09BFBA842039B0BD19A79204681
S21402FBC01344197B01F0A6F803A803F029FB0023CF
S21402FBD02377D3E732462946204601F094FAF6E721
S21402FBE02DE9FF418B7904460C330B44B3F80170C0
S21402FBF00E463846B3F8038001F010F9002858D0B4
S21402FC0002223946204601F0B3F90546E8B93846DD
S21402FC1001F01CF968B116222277B379394605330A
S21402FC20B371204643460096FFF725FD04B0BDE8B3
S21402FC30F081FAF71FFF33461B680135EDB2002B41
S21402FC40FAD10635A8421DDC092504F1440003F06A
S21402FC50E7FA2B463A4616212046009600F0ACFC00
S21402FC60092DE3D1204650F80C3B40F2055193F89B
S21402FC70703002AA8DF8083041F20913039303F09C
S21402FC8004FAD3E70121304603F0ADFC0146002812
S21402FC90DAD004F1440003F053FBB379424605334D
S21402FCA0B37139463346204604B0BDE8F04100F051
S21402FCB0D5BC0125C9E713B5044641B9443003F063
S21402FCC0AFFA204602B0BDE8104000F0F1BC1822A0
S21402FCD04369027713F0080306D0002319460093FF
S21402FCE0FFF7C9FC02B010BD1A46194602B0BDE8BD
S21402FCF01040FFF7DABC7FB5C58B04462DB342F63B
S21402FD00052001F0F3FAA84207D10021204600F0B0
S21402FD10E2FF636923F001036361002640F20A41B1
S21402FD20204600F01BFF29460DF10E022046ADF8D4
S21402FD300E6001F0EEF8BDF80E200346009229464A
S21402FD4002222046FFF79AFEE68304B070BD2DE934
S21402FD50F74305460F46904601F060F898B32846EA
S21402FD6001F064F810F0300F30D0284601F05EF84B
S21402FD700646002000F067FF044606F010091CB98C
S21402FD80204603B0BDE8F08300222946204601F053
S21402FD90C0F8B9F1000F01D0C10712D4B20617D5C8
S21402FDA0830715D5012300933A4643462946204643
S21402FDB0FFF7E2FC1A28E4D0204600F044FF04468F
S21402FDC0DDE70023EFE741F20110DAE72120D8E76A
S21402FDD00220D6E7F7B504461F460E46154600F043
S21402FDE0A9FE237C012B58D0237F182B2CD06369C5
S21402FDF01B0713D5217F16292DD008D8122914D017
S21402FE000225204600F09BFE284603B0F0BD1829C6
S21402FE101AD05229F4D10023237713E0304601F09A
S21402FE2015F80028E6D12125EBE70023237735B124
S21402FE30009332462B46204600F0BEFB02E02046E8
S21402FE4000F0FDFB0025DCE72A4631462046FFF798
S21402FE502CFC0546D5E700232377002DE8D10521A3
S21402FE601720BDF82430089A009500F05AFB20B9F6
S21402FE701123324612210095DDE700F00FFB62697E
S21402FE80034642F008026261827931460532827187
S21402FE903A46204600F0E2FBD4E70725B1E72DE913
S21402FEA0F041054688B042F6052001F01FFA0646E4
S21402FEB004A8F0F7BBFC102205F121010DEB0200AD
S21402FEC002F01BFE50B10121284600F004FF28462E
S21402FED001F0BEFA6B6923F001036B6142F603037D
S21402FEE0022003A9ADF80C30F0F7E8FD012407461E
S21402FEF04FF0000820463A464FF6FF7101F0BBF974
S21402FF00044610B908B0BDE8F08100F087FF01345E
S21402FF10A4B20028EED0A64203D131462846EDF719
S21402FF20C3FD214628460DF10E02ADF80E8000F004
S21402FF30F0FF03460028DDD0BDF80E2021460092D1
S21402FF4028460122FFF79AFDD4E708B5F0F75CFCD5
S21402FF500020EEF737FA002008BD10B90120EEF7B0
S21402FF6025BB70470220EEF717BB0020EEF714BB46
S21402FF7038B50C460546EAF747F84379C47523F0C8
S21402FF80030343F0030343710923837104F10C0353
S21402FF90C371A0F81550153038BD2DE9F3410D4652
S21402FFA016468046EAF730F805F10C03C37143792A
S21402FFB0044623F0030343F003034371092301902D
S21402FFC08371A0F8158000F11507304603F0ADF9ED
S21402FFD033460544E5753BB901A8314603F0B0F94E
S21402FFE0384602B0BDE8F0815A7922F0030242F0A8
S21402FFF002025A711B68EEE708B5EAF70BF8837936
S2140300000C33184408BD7047002070470F20704714
S21403001070470020704713B5044601A8019103F00A
S214030020FFF802220821002003F0D5FA024648B161
S214030030052183790C331844D15441700621204698
S21403004001F0EDFA02B010BD836843F400738360D9
S214030050002070477047704700207047704708B508
S214030060EEF7F2F9F1F720F8EDF7E4FBF0F796FA7E
S214030070BDE80840FFF779BF10B50446EEF764FB0A
S21403008020B92046BDE81040FAF7EEBB2046FAF743
S214030090EBFBFFF767FFF1E773B50E4603F083FB51
S2140300A0044600BB42F6072001F020F90546D0B10E
S2140300B00A22B6F900300021002BCBBF0533053BDF
S2140300C0B3FBF2F393FBF2F35BB28DF80730012335
S2140300D00DF10702184603F0E8FA00220346294604
S2140300E0104601F010F8204602B070BD430803F036
S2140300F05503C01A00F03303C0F3850000F0330045
S214030100184400EB101000F00F007047002110B5E4
S214030110421D441E14F8010FFFF7E8FF9442014402
S214030120F8D1084610BD0078EFF7F8BB13B50C46B8
S2140301300DF107020DF10601EFF7E0FC30B19DF873
S2140301400600031B5842584102B010BD0120FBE7CE
S21403015070477047EEF768BF704770477047704741
S21403016000F005BB70477047002070477047704724
S2140301707047F8B504460F46164613680A461D0A26
S2140301800021043502F0E3FCEDB221222046394675
S21403019002F094FF2046294603F019F8A279336843
S2140301A01444E360F8BD7047704770477047704764
S2140301B002464FF482712020FFF7A5B9014608B521
S2140301C000F03800EFF776F878B1D0E901324078DE
S2140301D0C1F3074110F0020F08BF1346043B53F860
S2140301E0040F10B102788A42F9D108BD38B5054626
S2140301F00C4604B938BD013C55F824301B69002B66
S214030200F7D09847F5E770477047F8B54378054643
S214030210DB0701D4EFF790F800266B786F6823F0BE
S2140302200C0343F002036B7057F826402CB92020CA
S21403023005F10C01FAF7D2FC0FE0A3680136002B98
S214030240F2D0984704460028EED031463846FFF7EA
S214030250CDFF6B7823F002036B702046F8BD407821
S214030260C0F340007047437813F00E0F0CBF012015
S2140302700020704710B5EFF7C9F80446EFF7DEF82D
S214030280204610BD4FF48270704708B5EFF712F89A
S214030290C068003818BF012008BD08B5EFF70AF894
S2140302A020B1BDE80840C06802F0EBBF08BD38B512
S2140302B0EFF700F8044650B1FBF7D5F8054604F10E
S2140302C00C0002F0CBFF04462846FBF7D2F8204684
S2140302D038BD37B58379019003440446D86800F0E7
S2140302E03800EEF7E7FF054628B901A802F098FFA5
S2140302F0022003B030BD204602F09CFFFBF7B3F8A4
S2140303000446019905F10C0003F01AF82046FBF7A2
S214030310B0F8EDF78FF90020EBE72DE9F04104463E
S2140303201F462502C4F3072305F4E06524F47F443F
S2140303301D4324F0C704EE1944F080048B7944EA85
S21403034016243602B6B20C333443084601EB0308D0
S214030350CC501146FFF7BDFF20B94544EF70404629
S214030360BDE8F0814FF00008F9E7427810B5043293
S214030370044601F00400D2B2002140F0290003F045
S2140303802AF918B1837922680344DA6010BD10B5E0
S2140303900021FFF7EAFF044608B9002010BD0179E3
S2140303A0FFF797FF0028F8D1A3790C33E018F5E799
S2140303B02DE9F04117461A46036801F004011C02B2
S2140303C004F4E064C3F307231C4341F02905043413
S2140303D006463B462146284603F067F9804650B159
S2140303E0E1B202F05DFF3B462A4641463068BDE86F
S2140303F0F041FFF792BFBDE8F0812DE9F3410024F9
S21403040001F004010768064641F0290510682946ED
S2140304101460019002F00EFF019802F086FF390285
S21403042001F4E061C7F3072739438046012204310C
S21403043001A803F09FF830B101A802F0F1FE2046B0
S21403044002B0BDE8F08143462A4601993068FFF7BB
S21403045064FFF5E77047002307B5CDE90033694627
S2140304608DF802004FF0FF3001F092FE03B05DF806
S21403047004FBA0F86E10704701238B4090F87110B0
S214030480194380F87110704708B50120FAF712FB7C
S214030490C0B208BD83790C331844704714387047CC
S2140304A010B50446A1F1140002F03FFF201A20EA1B
S2140304B0E07080B210BD70B51C460D461646FFF7B9
S2140304C0EFFFA04207D322463146A5F1140003F0FE
S2140304D0BFF8012070BD0020FCE770B506460D4648
S2140304E014467AB90A462046082103F074F80446EF
S2140304F090B92A460821292003F06DF8044658B916
S214030500204670BD104602F08BFE204602F0E9FF3F
S21403051008231D44A371E571A3790C331C4426708C
S214030520EEE72DE9F0411646069A074688461D462D
S214030530FFF7D3FF0446F0B114382A463146069037
S21403054003F086F8854217D9069B06A81C7904F0A3
S214030550200402F065FE74B942460821292003F000
S2140305603AF82A463146069003F072F8854206D9D1
S21403057006A802F055FE00242046BDE8F081069A40
S21403058093790C33D418D754F6E711B11439EFF72F
S2140305904FB91A20704738B5002204460D4602208C
S2140305A00321FFF79AFF014608B1A0F80150204641
S2140305B0BDE83840FFF7E9BFF8B504460F461646D0
S2140305C005210120069A1D46FFF787FF014638B12D
S2140305D04770468005712046BDE8F840FFF7D5BF53
S2140305E0F8BD38B50D46032104460846FFF775FFE8
S2140305F0A0F8015001462046BDE83840FFF7C5BFC6
S21403060073B50546084611466C891A46641ABDF842
S2140306101830A4B29C4228BF1C46079B089E009332
S2140306202346FFF77EFF014630B12846348002B0EA
S214030630BDE87040FFF7A9BF1A2002B070BD0121C4
S21403064010B5002204461320FFF747FF014620B1EA
S2140306502046BDE81040FFF798BF10BDF7B54489A4
S214030660054618460F461646019302F05EFE053C05
S214030670A4B2844203DA011B01A802F0A1FE0521FD
S214030680019802F03EFF014628B901A802F0C8FD12
S2140306901A2003B0F0BD83790C33C2181720C85450
S2140306A02846A2F80170A2F80360EFF7C1F8F0E756
S2140306B0012110B5002204461920FFF70EFF01465C
S2140306C020B12046BDE81040FFF75FBF10BD73B5ED
S2140306D00E46002144890546033CA4B2A34200917A
S2140306E028BF234603211B20FFF71BFF014670B1DB
S2140306F0012210F80F3CA0F8016062F3071300F81C
S2140307000F3C284602B0BDE87040FFF73EBF1A20F4
S21403071002B070BD73B50E46002144890546033CFE
S214030720A4B2A342009128BF234603211D20FFF74E
S214030730F8FE014638B1A0F80160284602B0BDE8CD
S2140307407040FFF722BF1A2002B070BD4B88042BFF
S21403075007D1836C08885B8998428CBF00200120F0
S2140307607047002070470020704700F004B8002050
S214030770704700F002B80E2070470020704710B58F
S2140307800446806920B10021EEF78EFF0023A361A3
S21403079010BD38B5A0224FF4A0730025C0E9072387
S2140307A00723044680F83130C5818571103002F086
S2140307B037FD04F1140002F033FD2046FFF7DFFF98
S2140307C040F20113E3857F2384F832302046A56286
S2140307D06562BDE83840FEF728BF07B501228DF8ED
S2140307E007100DF1070102F033FF03B05DF804FBB9
S2140307F0F7B505464FF428500C4600F077FD06463D
S21403080000F00CFBB0B3022C02D8002003B0F0BDFE
S214030810002731460DF105030DF106023846ADF803
S214030820067000F042FCBDF80620631E934206469F
S2140308301EDC072C1AD9023CADF806400824BDF886
S2140308400630002BE1D00133D9B22846FFF7C5FFA7
S21403085021462846FFF7C1FF31462846BDF8062045
S21403086002F0F6FEBDF806000230CFE7ADF80670DC
S2140308700924E4E74FF0FF30C8E702292DE9F341E6
S21403088004460D461746184603D8002002B0BDE8B6
S214030890F08100F02BFD064600F0C0FA0028F4D0E5
S2140308A04FF0000831460DF105030DF106024046F0
S2140308B0ADF8068000F0F9FBBDF80630BDF8202041
S2140308C00646934228BF1346AB4228BF2B469DF8E5
S2140308D00500ADF80630C0B9002BD7D001339AB265
S2140308E09542D3D9D9B22046FFF777FF394620463B
S2140308F0FFF773FF31462046BDF8062002F0A8FE38
S214030900BDF806000230C0B2C0E74046BEE738B5C1
S2140309100446EFF735F838B1022905D82046BDE876
S21403092038400022EFF7BAB9212038BD91F83930A4
S21403093073B55B0706460C4615462DD40846EEF7F8
S214030940BDFF6B1E042B16D8032D14D0A379142BCE
S21403095024D0A3697BB90093ADF804308DF8063034
S214030960EDF722F86946EEF715FE18B91A2528465C
S21403097002B070BDA061636AE57343F01603636259
S214030980ECF792FF3046EFF7DFF805460028EED087
S2140309902046FFF7F4FEEAE70225E8E72125E6E727
S2140309A0002337B580F8723040F6FF73A0F86E3038
S2140309B083680446DA040D46C16010D443F48063AA
S2140309C06A46A36040F203212046CDE9004502F0C3
S2140309D05CFB00212046EEF767FE03B030BD90F8BF
S2140309E07600EFF7B7FAA36823F48053E8E773B506
S2140309F06E4604464A7930460D460631EDF71AF838
S214030A0096E80300A4F85010090C11F0800FE06478
S214030A1084F8521004F1530312D00122184605F14C
S214030A201201EDF707F80C352846FFF76FFB28B1E0
S214030A300122294604F15A00ECF7FCFF02B070BD10
S214030A40B4F8501094F85220C4F8530099809A7161
S214030A50E9E71FB590F87420044602F001030190FD
S214030A608DF808300BB102F002038DF8093094F8C4
S214030A70753020468DF80A300391FFF7C9FA4FF414
S214030A80017101AA204602F000FB2046EEF798FE0D
S214030A9004B010BD10B50446ECF786FF2146BDE84A
S214030AA01040EEF777BDEEF7D7BDFFF7EDBC0A466D
S214030AB00021F0F737B913220121F0F733B9826822
S214030AC038B5C2F380320446B0F86E000D46F0F730
S214030AD09FF920B9A3681DB143F40053A36038BD42
S214030AE023F40053FAE70020704710B5044660B1BC
S214030AF0806C50B1EFF766FDA06C0028FAD1204653
S214030B00BDE810400321EEF7CFBD10BD438907B5FE
S214030B108B420CD050F80C2B40F2014192F8702017
S214030B20ADF806308DF8042001AA02F0AEFA03B041
S214030B305DF804FB436943F004034361704743696C
S214030B4023F00403436170474069C0F38000704795
S214030B5047F2305300220068F9F74CBE006802F0F3
S214030B6031BA38B5436904469B070D4603D540F2B0
S214030B700941FFF7F3FFEEF773FE08B1A3691D7093
S214030B802046BDE8384040F20941FFF7E1BF07B50C
S214030B90027C012A09D00122027440F209429142E2
S214030BA006D040F20A4291420ED003B05DF804FB31
S214030BB04FF4816150F80C3B01AA93F870308DF81E
S214030BC0043002F062FAF0E750F80C3B01AA93F8FF
S214030BD070308DF80430F4E738B522F000430D4644
S214030BE0114640F20322934204461AD0B3F5017F1E
S214030BF009D240F20122934213D040F202229342DA
S214030C0009D0002038BD6FF481621344012BF8D855
S214030C10FFF7BDFFF5E700F022F92046FFF73FF99F
S214030C20EFE763699B0704D540F209412046FFF7C7
S214030C3095FF2846FFF759FFE3E708B5EEF7F6FCFE
S214030C4000B1806C08BD08B500B10068EEF7FCFC87
S214030C5008B9034602E0836C002BF7D0184608BD9C
S214030C6010B5044642F62A3000F040FB031B5842F8
S214030C70584110BD022806D142F62A330888C31A03
S214030C805842584170470020704710B5044642F654
S214030C90293000F02BFB031B5842584110BD90F837
S214030CA0200000F0010070471FB504466846EFF7C2
S214030CB0BDFD1022694604F1210001F01EFFB0FAC3
S214030CC080F0400904B010BD08B5FFF7EDFFB0FA99
S214030CD080F0400908BD70B5044600F1210591B9BE
S214030CE02846EFF7A3FD236893F97500FFF741FD48
S214030CF078B120682B46BDE8704010220D2190F98C
S214030D007500FFF732BD10220021284601F01FFFB1
S214030D10E9E770BD38B50446002390F8202041FA71
S214030D2003F0C50703D442FA03F0C0071ED4013309
S214030D30082BF4D101F0010523682A4384F8202008
S214030D4093F97500FFF715FD40B1234653F8200BC2
S214030D5001220C2190F97500FFF707FD0DB900205D
S214030D6038BD00212046FFF7B6FFF8E71320F7E764
S214030D7068B13F290AD800EBA10090F8310001F0D2
S214030D8003014900084100F0030070470020704744
S214030D9010B50368044693F97500431C0DD0FFF79E
S214030DA0E8FC50B12346BDE8104053F8310B10223F
S214030DB00B2190F97500FFF7D8BC10BD10B590F85D
S214030DC07430DB0706D490F97530013314BF0F2057
S214030DD0052010BD847CFFF73FF9844234BF0C2006
S214030DE00020F6E730B5044685B06846EFF71EFDEB
S214030DF01021684602F06EFC2046EFF729FF6B468B
S214030E00C26804AD06321C4603CCAC421060516087
S214030E10234602F10802F6D105B030BD08B5EFF758
S214030E2017FF08B1EFF7E8FEC0B208BD013810B5EA
S214030E3080B2EFF70DFF044608B9002010BD4088C6
S214030E4000F07FFB0028F8D0207BF7E708B5EFF724
S214030E50FFFE18B1007AC31F5842584108BD70B54B
S214030E60054655F8213B044693F97500431C04D107
S214030E702846BDE87040EFF7D9BCFFF77AFC002898
S214030E80F6D0234653F8310B10220B2190F9750048
S214030E90FFF769FC234653F8200B01220C2190F937
S214030EA07500FFF760FC20682B46BDE870401022F3
S214030EB00D2190F97500FFF756BC01302DE9F0417E
S214030EC085B228460E46EFF7C3FE42F602170446DF
S214030ED042F603089CB12046EFF78EFE78B1204613
S214030EE000F03EFBB84205D10EB123883380607B09
S214030EF0BDE8F081204600F033FB404502D14FF0B9
S214030F00FF30F5E70135ADB22846EFF7A1FE0446FC
S214030F10E0E72DE9F04707460E4690460D4642F6B3
S214030F20021942F6030A0135ADB22846EFF790FEE2
S214030F30044678B1EFF760FE60B1204600F010FB80
S214030F40484505D1237A072B04D10320BDE8F08753
S214030F505045E8D141463046FFF7AFFF431C0146F4
S214030F6004D03846BDE8F047FFF702BF0020EDE7A0
S214030F7070B5054608461646EFF76AFE044608B9F6
S214030F80012070BDEFF738FE0028F9D0F00713D420
S214030F90B10734D4720702D5A3885B0732D516F09F
S214030FA0060F31D116F40060EBD0A38813F4006F5C
S214030FB014BF00200620E4E7A388DA0743D513F01E
S214030FC0700F0AD1980610D45806E1D52B6893F90A
S214030FD075300133DCD10820D3E72868FFF7EEFE2F
S214030FE0A388990608D50028CBD12A6892F87420DE
S214030FF09207E9D40520C4E70028C2D1E4E7A38812
S2140310009907C7D40320BCE7A38813F4E06F09D17C
S21403101098050FD45B05C5D52B6893F97530013356
S214031020C0D1D8E72868FFF7C9FEA388990507D576
S2140310300028A6D12A6892F874209207EAD4D9E742
S21403104000289ED1E6E702209BE738B5044608460B
S214031050EFF7FEFD054608B9012038BDEFF7CCFDD6
S2140310600028F9D0AB8813F4E04F0CD1980412D4BF
S21403107013F48040F1D0236893F97500431C58425B
S2140310805841C000E9E72068FFF798FEAB8899044B
S21403109008D50028E1D1226892F874209207E7D495
S2140310A00520DAE70028D8D1E2E72DE9F0474FF02C
S2140310B00009044683F800900846A2F80090884684
S2140310C016461D46EFF7C4FD074620B90123002048
S2140310D02B70BDE8F08774B1EFF78EFD0028F5D0CE
S2140310E04046FFF7D2FD30B1012385F8009004F1A6
S2140310F020003380EDE72B46324639462046BDE8CE
S214031100F047EFF71FBB2DE9FF4107460846884621
S21403111016460393EFF79CFD044638B903A802F07E
S2140311207FF80125284604B0BDE8F0811FB1EFF72C
S21403113063FD0028F2D0237A072B05D8DFE803F0F7
S21403114017262F381C17172126BB0398002835D1DE
S2140311503246257A022D62D0032D64D0012D3BD072
S214031160002F7FD1002503A802F05AF8DAE703A878
S21403117002F056F80325D5E703A802F051F8062532
S214031180D0E703A802F04CF88025CBE7E3685D8838
S214031190B54209DA03A802F043F80725C2E7E36875
S2140311A09A88B242F6D35D88039840B9024609E0AE
S2140311B0022EEFDC039868B90246CAE7354602F00A
S2140311C0B4F882B29319AB42C3DD03A802F028F841
S2140311D00D25A7E70225F2E7E0680630002303990A
S2140311E0304402F013F8002FBCD0237A032B39D1F6
S2140311F003A802F015F800212046EFF7E3FC68B3D6
S2140312000588617B3846FFF7B3FD0122034629466E
S2140312103846CDF80080FEF731FC002582E7E0680B
S214031220B3188380D9E7039B9A79D979891AC9B207
S214031230481E012810D8134402291A7B04BF5B7B7F
S21403124042EA0322237B32EA03038CD10123384686
S214031250617BEFF74DFAC6E70D2584E708F1FF3506
S214031260ADB2CEE7039B41460093384633463A7FFA
S214031270FEF7EAFBD1E7884270B504460D461646EC
S21403128011D8012838BF01242046EFF7E1FC10B13E
S2140312904388B34208D00134A4B22046EFF7BCFC1F
S2140312A008B1A542F0D20024204670BD70B50C46A6
S2140312B016461D460146B8B1B3B1022C01D0102C18
S2140312C012D1E0B2EFF7FAFB4FF6FF7188420246FF
S2140312D002D141F20A1070BD3046FFF7CCFF00285A
S2140312E0F7D028800020F6E72120F4E7002307B58F
S2140312F00122ADF80400ADF8063002210DF1060315
S21403130001A8FFF7D3FFBDF8060003B05DF804FBA2
S214031310F8B50F461646441CA4B22046EFF798FCD1
S21403132010B9013CA0B2F8BD00F01AF905463046E4
S21403133000F0F2F820B1284600F0EEF80028F0D1CD
S214031340304600F0E2F820B1284600F0DEF8002828
S214031350E7D10134A4B22046EFF75EFC08B1BC42E5
S214031360DBD94FF6FF70DEE72DE9F04F9A4687B0DC
S2140313708B880D460C88814604A90220ADF81030F0
S2140313809046EFF79BFBAB680090A888AF89059360
S21403139000F0BBF838B1102F05D105A8EFF774FBA2
S2140313A0022808BF02274FF6FF7B33E02046009A49
S2140313B0FFF761FF064680B3AA886988FFF7A8FF90
S2140313C004463046FFF72AFD00B30DF10F033146FE
S2140313D048460DF11202FFF768FE9DF80F302BB159
S2140313E0A8F80060184607B0BDE8F08FBDF81220D5
S2140313F0BA420BD13A460599019301F07EFB019B55
S21403140020B9A8F80060AAF80040EBE75C4504D0D2
S2140314100134A4B26988A142C8D80A23E2E708B512
S214031420EFF716FCBDE8084000F09AB838B5054655
S2140314300846EFF70DFC044610B94FF6FF7038BDAB
S2140314400DB96088FBE7EFF7D7FB0028F9D1F4E77F
S21403145070B5044642F60520FFF748FFB0B10021F9
S214031460FFF72BFD054601462046FFF781FC06469F
S2140314701022002104F1310001F069FB32462946AF
S2140314802046BDE870400023EFF732B970BD7FB544
S21403149004460D4610220021684601F058FB00263C
S2140314A0AB575A1C1BD031462046FFF761FC194642
S2140314B0002BB8BFD91C04AA02EBA10100F003025B
S2140314C0584200F0030003F0030358BF43425B0097
S2140314D002FA03F311F8102C134301F8103C0136FB
S2140314E0402EDDD16B4604F1310504AE1A4603CA1D
S2140314F0B24228606960134605F10805F6D1204616
S21403150004B0BDE87040FFF743BCA0F520500128A7
S2140315108CBF00200120704742F60303C31A5842CB
S2140315205841704708B5030409D4EFF793FAA0F5BA
S214031530205080B201288CBF0020012008BD002067
S214031540FCE7020408B507D4EFF784FA42F6030370
S214031550C31A5842584108BD0020FCE7C00B704729
S2140315600346B3F902304088002B01DBEFF772BA6B
S2140315700020704708B5FFF7F3FFA0F5205080B2B0
S21403158001288CBF0020012008BD13B58B790446C3
S2140315900B441B7B0A4613F0010001910AD01D2B56
S2140315A00AD101211E20FEF798FF01462046FEF7CA
S2140315B0ECFF012002B010BD01A801F031FEF8E7F0
S2140315C04B88052B05D108880E288CBF00200120E8
S2140315D0704700207047F8B505460F4616460421A7
S2140315E00A22002001F0F7FF0246B8B184790521EC
S2140315F00C3403194FF0060C00209970D87002F8CB
S21403160004C013241C7102245F715870D8719C7136
S21403161028461E81BDE8F840EDF714B8F8BD73B54B
S2140316200546104601920C4601F07FFE042186B261
S214031630019801F066FF024628B901A801F0F0FD03
S2140316401A2002B070BD837901900C33C1184C8008
S214031650C65221462846ECF7F5FF0020F1E72DE9B0
S214031660F04106468846174604210A22002001F068
S214031670B2FF0246B8B1857900240C35431905211B
S21403168006209970DC7050550120187102205C709A
S214031690987183F805803046DC711F81ECF7D2FF22
S2140316A02046BDE8F0811A20FBE7002070470020A3
S2140316B0704707B501A8019201F0B2FD03B05DF8CB
S2140316C004FB70470020704770474369406CDA1C80
S2140316D01438B2FBF0F203EBC203CA1D0333B2FBAA
S2140316E0F0F2B3FBF0F30132023301EBC20100FB6D
S2140316F00310704738B5446905462146FFF7E5FFF2
S2140317006A6CE31D143AB3FBF2F3013304EBC30430
S214031710204438BD73B506460D460024F36B0122FC
S21403172001A928195B699847019B013309D1043441
S214031730736C62195B426A401A42EFD0204602B0CD
S21403174070BD0024FAE770B505460C46E2F75CFA6E
S214031750EB6B2046DB68BDE87040184770B5002584
S21403176086B004460562E369AB4202D8206A06B037
S21403177070BD666C0522206801A9E36B06FB0500B5
S2140317805B69984701A800F010FC00F033FC10B129
S214031790236A013323620135E5E738B50446456C11
S2140317A0006804F1400305FB0101E06B00F02FFC29
S2140317B005462046FFF7D2FF284638BDF0B5054656
S2140317C087B00026EC69013CB44203D80C46204699
S2140317D007B0F0BD01B14C1E6F6C0522286801A945
S2140317E0EB6B07FB04005B69984701A800F0DDFB81
S2140317F000F000FC0028EAD101362146E2E7F0B506
S214031800044687B0466C0D4600680522E36B01A9C3
S21403181006FB05005B69984701A800F0C6FB00F0CD
S214031820E9FB20B101A800F097FB07B0F0BD2946FD
S2140318302046FFF7C3FF676C0646E36B2068052266
S2140318405B6901A907FB0600984701A800F084FB23
S214031850431CEAD0B54238BF0130E6E72DE9F04332
S214031860D0F824804FF6FF7987B004460E46C84565
S21403187014BF454600250027E369BB4202D807B0DC
S214031880BDE8F083E26B01A92368606CD2F814C04C
S214031890052200FB0530E04701A800F086FB02287E
S2140318A006D0C8450CD1721C29462046FFF775FFA3
S2140318B00135E3690137B5FBF3F203FB1255DBE7AA
S2140318C029462046FFF79BFFB0F1FF3F14BF0246B1
S2140318D032460132E8E70368F0B5CC1A436C87B0AA
S2140318E006460025B4FBF3F4F36937685A1E706C9A
S2140318F0954208D3706C336800FB043007B0BDE82C
S214031900F04000F082BB013401A9B4FBF3F203FB01
S2140319101244F36B05225B6900FB0470984701A829
S21403192000F043FB00F066FB0028E3D10135DBE75C
S21403193010B423F003049B07436C2244C3F1000353
S2140319400A4418BF043282EA0104234203D05DF836
S214031950044BFFF7C0BF10465DF8044B70472DE9F4
S214031960F041D0E90A3686B004469E4228D1C369C0
S2140319701422456802FB1355284606B0BDE8F081DD
S214031980206801A9676C331AE26BB3FBF7F3D2F84E
S214031990148007FB03000522C04701A800F005FBDF
S2140319A0012804D0636C1D44013B3340ED1A3146D5
S2140319B02046FFF790FF0646A36AB342E0D1DBE773
S2140319C00025F9E7F0B5002587B004462E46E369FF
S2140319D0B34202D8284607B0F0BD636C05222768D9
S2140319E001A903FB0677E36B38465B69984701A8B2
S2140319F000F0DBFA00F0FEFA58B1384600F005FBBB
S214031A0001462046FFF786FE636C143B834208BFFD
S214031A1001350136DBE708B508301346D1E9001275
S214031A20F0F7D8FF012008BD13B50C460021217638
S214031A300093134661682246EFF756FD18B1E37D1F
S214031A4003B1A07EA075A07D02B010BD73B500F1F2
S214031A50080516460C460DF107020968284600F0ED
S214031A60A1F9032E06D16368834203D12168284671
S214031A7000F07FF9012002B070BDD01E009B4242E9
S214031A804241187E824211D11A688A420ED85A6899
S214031A908A420BD35A6901325A61D3E9030282425E
S214031AA03FBF986840F8221001321A610120704740
S214031AB0032A10B5029C07D1A26A5340626C5242B5
S214031AC0134201D100F055F9012010BD08B5C368D3
S214031AD000209847BDE80840E2F79EB8012870B595
S214031AE014BF04200220002442431C70CC7D101D2A
S214031AF002F002024CB91AB1012220F003001A7058
S214031B0000F108034868184470BD1AB1012220F09A
S214031B1003001A700C7E002301F12005DAB294420A
S214031B2001D80020F0E735F833205E1C824206D940
S214031B3001EBC30300F10802D8691044E4E7801AF6
S214031B403346EBE773B590F8426005461C460DF145
S214031B5003033046FFF7C2FFEB6B012E5B690DD123
S214031B60324601A998479DF8033013B1BDF80630F5
S214031B700193BDF80430236002B070BD01222146F4
S214031B8002B0BDE870401847F0B50546002487B09C
S214031B904868EB6B27460E4601225B6902A90830AC
S214031BA00294984795F84230012B40F08480632CCA
S214031BB002D9029807B0F0BD612C08D805AB2246BF
S214031BC031462846FFF7BEFF9DF814301BB305AB1E
S214031BD02246314628468DF81070FFF7B3FF95F876
S214031BE04230012B059B55D14FF6FF72934200F00E
S214031BF09680082205A904A800F05EF9059B9DF8C7
S214031C001010C3F30722914240F08980DBB2029A98
S214031C101A44029283E095F84230012B30D103AB8D
S214031C20224631462846FFF78DFF04AB621C314639
S214031C302846FFF787FF05ABA21C31462846FFF769
S214031C4081FF102208230DF107000DEB02018DF82A
S214031C50073000F031F9102205A90DF1070000F056
S214031C602BF9039BDAB2002A52D19DF80720B2EB78
S214031C70132F4DD1DDE9043203EB0243029347E011
S214031C80302C2BD944E09DF80720B2EB134F3FD1FD
S214031C90049BF3E7013342D0102205A90DEB0200A3
S214031CA000F00AF9059B9DF81010C3F30742914212
S214031CB035D19BB2ABE7312C3FF67BAF87D005AB74
S214031CC0224631462846FFF73DFFBDF81430002B69
S214031CD07FF47DAF95F84230012BA0D003AB2246AC
S214031CE031462846FFF72EFF04AB621C31462846D2
S214031CF0FFF728FF102320220DF107000DEB030149
S214031D008DF8073000F0D8F8039B9AB2002ABAD0B1
S214031D1095F84230012B14BF012302231C440134DF
S214031D2040E713B500240194049C0094EFF770FF7A
S214031D3002B010BD13B501240194049C0094EFF780
S214031D4067FF02B010BD30B5002344684FF0FF3282
S214031D509C4202D10023037230BD016801EBC30528
S214031D6041F8332001336A60F2E7C0E90012FFF757
S214031D70EABFF0B5002345689D4210D00468DF0033
S214031D8054F8332004EBC306B2F1FF3F08D0C2F386
S214031D901302914204D14FF0FF33E3517360F0BD59
S214031DA00133E9E7F0B5002345689D4202D14FF0C1
S214031DB0FF300EE00468DE0054F83340671C09D099
S214031DC0C4F31307B94205D1240D147003683344D2
S214031DD05868F0BD0133E8E713B50023044601460F
S214031DE01B220DF107008DF8073000F065F8226816
S214031DF09DF80730B3EBD26F0CBF0120002002B072
S214031E0010BD13B500230446014620220DF107003A
S214031E108DF8073000F050F80DF107001A22211D47
S214031E2000F04AF862689DF80730B3EB926F0CBF78
S214031E300120002002B010BD0068431C58425841E0
S214031E407047006810F07E0F0CBFC0F3C16000201F
S214031E5070470068C0F3D3107047006800F07F0037
S214031E6001288CBF002001207047036813F07E0F03
S214031E7014BF042008207047036813F07E0F03D1B5
S214031E80406820F07C40704713F078001CBF03F0D6
S214031E907F03D81F7047006800F07F007047032851
S214031EA009D0022803D1C1F10201C8B27047002944
S214031EB00CBF0720002070471F2A0B689EBF4FF0F9
S214031EC0FF3191408B43590801F055315B1A03F0FB
S214031ED033319B0803F033330B44017803EB1313BE
S214031EE00A444FF0013103F00F334B43A2EB136266
S214031EF00270704737B501F10C040546436969461D
S214031F00012220469847BDF80030012201A901931B
S214031F102046AB69984703B030BD37B501F10C04D2
S214031F20436901226946054620469847009B4FF6BB
S214031F30FF7299B291420DD11B0C012201A92046D2
S214031F401B0443F4254343F0A5030193AB69984769
S214031F5003B030BD0020FBE737B5044600251B223F
S214031F60011D0DF107008DF80750FFF7A5FF606808
S214031F709DF80720B2EBD06F03D120F0784003B072
S214031F8030BD0DF107001B2204F108018DF8075040
S214031F90FFF792FFA0689DF80730B3EBD06F01D12F
S214031FA0C043EAE74FF0FF30E9E703684BF29A22B3
S214031FB0B2EB134F10B5044613D19BB2012B13D1CA
S214031FC0FFF7CAFF01300CD0E0684FF6FF72B2EBA2
S214031FD0104F4FEA104309D180B2C01A18BF012030
S214031FE010BD2368013303D00420F9E70220F7E786
S214031FF00320F5E701288CBF002001207047033833
S21403200001288CBF002001207047143070472DE94B
S214032010F04105469846036908460E461746984714
S214032020044638B943463A4631462846F0F7AEFDED
S214032030044618B131462846FFF75CFF2046BDE844
S214032040F08102207047002070470120704700206F
S214032050704700207047704737B504460D4601A801
S214032060F2F7BAFD01A8FFF7F6FF204601A98DF89F
S2140320700650F0F785FE03B030BD08461146F0F76C
S2140320805DBF7047431E012B03D9031F58425841B7
S21403209070470120704700F0C1BB4FF4C4720021A3
S2140320A000F055BD10B50446002100F085F8204623
S2140320B0BDE81040F2F7CEBCF2F76CB8F2F770B892
S2140320C0F8B505460E46F0F701FFD5F8C03073B1F4
S2140320D05B6963B1F4F754FCD5F8C03040F26B1279
S2140320E05B6942211B1A58425841F1F7CFF8002288
S2140320F04FF6FF734FF0240CF768D0B2B84208D3FC
S2140321001C4621462846F1F769F800F08AFB20466C
S214032110F8BDB1680CFB0011CC899C4202D2002C9E
S214032120EFD023460132E8E7F1F758B8008B704743
S2140321300A7838B505461046FFF7A4FF60B14C7819
S2140321402046FFF79FFF38B12243530704D428469F
S214032150BDE83840F2F744B8012038BDFFF7E8BFC2
S21403216010B504460878FFF78DFF58B14A78104635
S214032170FFF788FF30B1042A04D02046BDE810409C
S214032180F2F764B8012010BDFFF7EABFF1F770BDA0
S2140321900846F3F7C1B9F1F7EBBE70B504460D4632
S2140321A01646F1F71BF830B9324629462046BDE8F5
S2140321B07040F6F741BA70BDF2F7B4BEF5F74EBD00
S2140321C038B5044600200D4600F029FBD4F8D43079
S2140321D02BB929462046BDE83840F2F703B902205A
S2140321E038BD38B5044648880D4600F018FBD4F8C9
S2140321F0D4302BB929462046BDE83840F2F75CB800
S214032200022038BD00F00CBB00F07FB900F012BB13
S21403221038B505460C46F9F71FF92B6B1C40EB6ADD
S2140322202343EB62F9F71CF9211E18BF0121002096
S214032230490238BDF2F7B8BBF1F722BE00F0B3B9D6
S21403224000F0D5B908461146F3F73EBCF2F7FEB9DF
S21403225000F06FB938B50446154609B100F0E7F942
S21403226025B12046BDE83840F2F7E8BA38BD00F09D
S214032270ECB900F0F6B90846F3F76EBF10B504469E
S21403228000F08BF820B92046BDE81040F1F7DAB825
S21403229010BD00F0D3BAF4F717BA2DE9FF419846FC
S2140322A004460E461746F9F7DEF805462046FFF7BE
S2140322B0E5FF0A9B3A46029300233146CDE90083A5
S2140322C02046F1F70DF904462846F9F7D2F82046DA
S2140322D004B0BDE8F08138B50446F9F7C4F80546FE
S2140322E02046FFF7CBFF2046F1F7D8F804462846EA
S2140322F0F9F7BFF8B4FA84F0400938BD38B5044698
S214032300F9F7B1F805462046FFF7B8FF204600F078
S21403231053F804462846F9F7ACF8204638BD38B5D6
S2140323200446F9F7A0F805462046FFF7A7FF204620
S21403233000F048F804462846F9F79BF8204638BDCF
S21403234070B504460E46F9F78EF805462046FFF7A5
S21403235095FF31462046F1F711F904462846F9F76A
S21403236088F8204670BD134607B500228DF807107F
S2140323700DF10700194600F01EFA03B05DF804FBE2
S214032380084611461A4600F016BA00207047012088
S2140323907047F2F7FDBF00F0B7B9F0F78DBF10B581
S2140323A0F9F761F8044600F015F8F0F7ABFF20469E
S2140323B0BDE81040F9F75DB8024608B5F0F77CFFB4
S2140323C0507D08BD024608B5F0F776FF507D80F0D5
S2140323D0010008BD00F032BAF1F764BE00F06BB836
S2140323E0437C03B108470220704710B50446F2F752
S2140323F037FF2046BDE810400321F1F793BCFFF7F3
S214032400F4BF437C0BB1F2F7F1BE02207047437C66
S2140324100BB1F2F70FBF0220704738B5447C0D4668
S214032420BCB1053C012C8CBF00240124496822461C
S214032430F2F750FF286890FAA0F0000AF4F7C0FC01
S214032440A97A2889224681F00101F2F773FF00205A
S21403245038BD0220FCE71FB5ADF808309DF81830EC
S214032460CDE9001269468DF80A30FFF7D6FF05B0AE
S2140324705DF804FB0020704700207047022101200E
S214032480F1F798B97047436B03F06003402B0DD008
S214032490602B03D0203B58425841704749B10B6824
S2140324A0012B06D9486940F00100704740F201103D
S2140324B07047002070470220F4F780B8D0F8C83081
S2140324C04BB11A68022A06D993F8250028B11B6A6D
S2140324D0B3FBF0F07047FFF7EFBD7047D0F8C820A6
S2140324E07AB11368022B0CD9536A13F47F4FC3F3E4
S2140324F0072106D0126ADBB253438B42B3FBF1F2D9
S21403250001D2FFF7DBBD104670470346D0F804013F
S2140325100860B3F8083100208B80704790F80431C8
S2140325200E2B14BF807DFF2070474FF48071F7F7A2
S21403253019B8F8B507460E468D88F1F737FE7F7C47
S2140325400446082F737C4FEAC5051ED1012B0146AE
S21403255004D80120F5F7D4FC033502E00020F5F794
S214032560CFFC03230544B371DCB1B5F5803F18D81F
S2140325704FF22442630902FB05332409B3FBF4F349
S21403258000203268D21A3260F8BD053FFFB2012F31
S21403259001468CBF00200120F5F7B2FC012FE0D8DE
S2140325A0DAE70220F0E7084610B510F003041146F8
S2140325B01BD13F2B15D9B3FA83F3C3F11902D2B259
S2140325C0062A01D8192B0ED0062A28BF0622012474
S2140325D0931DDBB29C40A4B2A14228BF2146F2F76A
S2140325E0FFFF204610BD2246F1E70024F9E7084620
S2140325F011F0030110B518D113883F2B15D9B3FA80
S21403260083F3C3F11904E4B2062C01D8192B03D0C3
S214032610062C214628BF062101238C1DE4B2A340C5
S2140326201380F2F7FBFF002010BD0120FCE7F1F753
S21403263075BA10B5144608460121F4F767FA204622
S214032640BDE810400121F4F761BA10B50A01102164
S214032650F6F774FF0446F6F78FFF201E18BF012017
S21403266010BD1021F6F77EBFF8B504460E46174692
S214032670F8F7F2FE3A4605463146204600F07CF966
S21403268004462846F8F7ECFE2046F8BD02207047BD
S21403269003207047F3F78ABF10B5F2F723FB04460F
S2140326A008B9F5F7BBFF204610BD38B504461D46EE
S2140326B0F2F718FB28B929462046BDE83840F6F756
S2140326C081B838BD8021F6F74DBF38B50546F1F71A
S2140326D043FB04462846F1F71DFB072811D1D5F81E
S2140326E0C43024F47F41DB6921F0080103B15B7831
S2140326F041EA032141F020012846BDE83840F1F7BE
S21403270031BB24F02001F7E7F2F742BE38B50546A1
S21403271010460C46F2F7B0FE65B1D5F8C4304BB19F
S2140327205B693BB12268013204BF6FF0010222608D
S21403273022681A60002038BD002070472DE9F74F45
S21403274001251C469DF8303006460193036817465C
S21403275003F0070306339D4005F1FF380B46A1B18E
S214032760416804EA080BA5EB0B0A41F000595245F1
S21403277009EB0B0114D95246184600F0F3F9494603
S2140327807A1B5A44504400F0EDF9019B2BB13C44AC
S21403279048EA050804EA0804F46003B0BDE8F08FCD
S2140327A01846F0E737B5002514460095FFF7C6FF31
S2140327B0204603B030BD70B50E461546044608B92C
S2140327C0002070BD0378042B18D02078F3F782FA24
S2140327D0B0B923780E2BF3D10EB1FF233370CDB1EE
S2140327E0FF232B7016E020780130C0B20328207038
S2140327F0EBD8F3F76FFA0028F5D0E6E70020F5E705
S2140328001EB12078F3F79AFA30701DB1207800F0E5
S21403281009F828700120D4E7F2F760BB70477047C9
S2140328207047704710F0FD0F14BF4FF0FF300020C5
S214032830C0B27047704700200021704708B5F3F711
S214032840D3FEBDE80840F3F70DBF08B5F3F7E4FE83
S214032850BDE80840F3F706BF10B50446F3F7C4FE19
S214032860844288BF01F1FF312046BDE8104001F0E5
S2140328700301F3F7F7BE38B50446FFF7DFFF054657
S214032880FFF7DCFF431BA342FAD338BD08B521B1DB
S214032890920000F067F9002008BD0120FCE70B0C4E
S2140328A0B3F5384FF7B506460D468FB216D04BF63E
S2140328B00102934214D04BF60202934212D0B3F5B0
S2140328C0304F14BF04240324D6F8C4300BB1196860
S2140328D051B9D6F8C0309BB928680FE00024F3E757
S2140328E00124F1E70224EFE7234668463A46F3F766
S2140328F011FF9DF804300098002BEAD103B0F0BD19
S21403290019680029E8D0234668463A46F3F702FFDB
S2140329109DF804300098002BDED1EFE700F030037B
S214032920202B10B513D110F4E02FC0F302440AD0C5
S214032930C0F3C423B3FBF4F410F4C01F18BF640041
S214032940052C0ED86408F4F7ADF9604310BD6FF09C
S2140329501204C0F382131C4104F00104C4F1020400
S214032960F1E70424EFE74FF0384359699A6903F512
S21403297000530A405A617047F7B505460F46684646
S2140329801146F4F785FA064698B197B1DDE90031AA
S2140329901B0A43EA0163A5FB0343090A05FB01354A
S2140329A0F3F7EEFF0023024629462046F6F72CFEF1
S2140329B03860304603B0F0BD03207047704730B12F
S2140329C04FF47A735843A0F57A60F5F78DB949F654
S2140329D04040FAE7F6F734B9F6F732B9F6F730B906
S2140329E0F6F72EB9F6F72CB900228A4202D14FF039
S2140329F0FF30704750F8223093FAA3F30BB9013235
S214032A00F3E7B3FA83F000EB4210704700207047F9
S214032A1070B5A1FB02543CB92946F6F7D1FF06462A
S214032A2028B90026304670BD0C220260F9E72A4614
S214032A30214600F08CF8F5E72DE9F843074688466B
S214032A4014460026D4E90195B9F1010905D5246891
S214032A50002CF7D13046BDE8F883AB89012B07D9A4
S214032A60B5F90E30013303D029463846C04706432E
S214032A706835E9E710B50C46B1F90E10F7F7A8F973
S214032A800028ABBF636DA3891B1823F48053ACBF28
S214032A906365A38110BD2DE9F0411F468B8905466A
S214032AA00C46DB05164605D502230022B1F90E10A7
S214032AB0F7F77CF9A3893246B4F90E10284623F4B7
S214032AC08053A3813B46BDE8F041F7F7A3B910B5A1
S214032AD00C46B1F90E10F7F769F9431CA38915BF25
S214032AE0606523F4805343F48053A38118BFA38106
S214032AF010BDB1F90E10F7F749B90139024410B504
S214032B00904201D1002005E0037811F8014FA3425B
S214032B1001D0181B10BD0130F2E7884210B501EB57
S214032B20020402D98442234607D8431EA14208D092
S214032B3011F8012B03F8012FF8E7024401468A42F5
S214032B4000D110BD13F8014D02F8014DF7E702441A
S214032B500346934200D1704703F8011BF9E7704719
S214032B60704770470A44431E914200D1704710B520
S214032B7011F8014B914203F8014FF9D110BD936848
S214032B80013B002B936010B408DA9469A34201DB7F
S214032B900A2903D15DF8044B00F098B91368581C52
S214032BA01060084619705DF8044B7047F8B5064682
S214032BB00F461446D518AC4201D1002007E03A462A
S214032BC014F8011B3046FFF7DAFF431CF3D1F8BDB8
S214032BD02DE9F047164698468A6807460B690C4661
S214032BE0DDF820909342B8BF1346336091F8432034
S214032BF00AB1013333602368990642BF3368023350
S214032C003360256815F0060506D104F1190AE36852
S214032C1032689B1AAB422BDC94F843302268003BA5
S214032C2018BF0123920630D404F1430241463846C6
S214032C30C847013023D023681A3454F80A2C03F00B
S214032C400603042B0ABF54F80E5C002533684FF0C6
S214032C50000608BFED1A54F8123C08BF25EAE575CE
S214032C609342C4BF9B1AED18B5421AD1002008E060
S214032C700123524641463846C847013003D14FF038
S214032C80FF30BDE8F0870135C1E7E1185A1C302054
S214032C900233224481F8430094F8451082F8431027
S214032CA0C2E70123224641463846C8470130E6D0EC
S214032CB00136D9E7B1F90C202DE9F041170705468F
S214032CC00C4656D44B68002B02DC0B6C002B3DDD08
S214032CD0E66A002E3AD0002312F480522F68216A47
S214032CE02B6025D0626DA389580705D56368D21A71
S214032CF0636B0BB1236CD21A216A0023E66A28465B
S214032D00B047411C24D00023636023692360A38952
S214032D10DA0400D56065616B2F60B9B104F1440332
S214032D20994202D02846F7F7ABF8002363630DE019
S214032D3001232846B047461C0246D4D12B68002BF5
S214032D40D1D01D2B01D0162B2AD12F6000202EE0C8
S214032D502A68B4F90C3042B11D2A01D0162A21D1B3
S214032D600023636023692360D5E7626022692260DB
S214032D70CEE70F69002FE9D093070E680F600CBFEC
S214032D804B690023A6EB07088B60B8F1000FDDDD67
S214032D9043463A46216A2846A66AB047002808DC16
S214032DA0B4F90C3043F040034FF0FF30A381BDE885
S214032DB0F0810744A8EB0008E7E738B50B6905463A
S214032DC00C4613B90025284638BD18B1036A0BB95B
S214032DD0F6F706FFB4F90C30002BF3D0626ED0077B
S214032DE004D4990502D4A06DFFF7BAFE28462146FF
S214032DF0FFF760FF636E0546DA07E4D4A3899B05F5
S214032E00E1D4A06DFFF7ADFEDDE770B50C46B1F972
S214032E100E1096B0154600291E460CDAA38900212B
S214032E2013F0800F14BF40234FF4806300203160FB
S214032E302B6016B070BD6A46F7F706FB0028EDDB7D
S214032E40019901F47041A1F50053594259414FF4D9
S214032E508063EBE78B89F7B59D0706460C4607D5D7
S214032E6004F14703236023610123636103B0F0BDCC
S214032E7001AB6A46FFF7C9FF009F05463046394651
S214032E80F6F79EFD48B9B4F90C309A05EED423F054
S214032E90030343F00203A381E2E7A389206043F020
S214032EA08003A381019BC4E904075BB1B4F90E1048
S214032EB03046F7F7DBFA28B1A38923F0030343F080
S214032EC00103A381A3891D43A581CFE7F8B50E4669
S214032ED01446054618B1036A0BB9F6F781FEA369D3
S214032EE0A360A3891A0701D5236943B92146284657
S214032EF0F7F754FA18B14FF0FF373846F8BD236892
S214032F00F6B222693746981A6369834205DC21467E
S214032F102846FFF752FF0028EDD1A368013BA360C4
S214032F2023685A1C22601E70431C62699A4204D0AE
S214032F30A389DB07E1D50A2EDFD121462846FFF712
S214032F403CFF0028D9D0D6E7C9B20346024410B5E1
S214032F509342184601D1002003E0047801338C42E3
S214032F60F6D110BD430803F05533C01A00F03333CF
S214032F70800800F0333018444FF0013300EB101094
S214032F8000F00F305843000E704710B5044678B172
S214032F90036A41696BB1806898470023207E6361AA
S214032FA01028636004D82146F7F76CFD11232376B7
S214032FB010BD0029F1D08368002BEEDB0846F7F737
S214032FC051FFEAE7002307B51A46019101A9F7F76F
S214032FD09FFB03B05DF804FB1FB5002402949DF825
S214032FE01C400194069C0094F7F718FB04B010BD30
S214032FF013B507240194049C0094FFF7EDFF02B079
S21403300010BD002307B50093FFF7F2FF03B05DF88A
S21403301004FB03680B60016070472DE9F0410E4620
S214033020174600240546006808B9BDE8F081D0E9D4
S2140330300083B3420BD18368BB4208D154B9C5F8A9
S2140330400080C368DB0701D5F7F70CFF204604466C
S2140330504046E9E7C4F80080F3E7D1E90112FFF739
S214033060DCBF002370B51A46194605460468F7F711
S2140330704FFB0CB92C6070BDE3682668DB0702D5EE
S2140330802046F7F7EFFE3446F3E72DE9F8430E46FE
S2140330901746054610B90020BDE8F8830468002CDF
S2140330A0F9D0D4E900893B4632462946A068C8478A
S2140330B00028F1D14446F2E72420704738B5054688
S2140330C014460A460021FFF742FD24F01C046B79E0
S2140330D044F0100443F004032C716B7138BD2DE9E2
S2140330E0F74F1F469DF830308A46804600930028E7
S2140330F050D0002967D00C68002C66D04FF0000B28
S214033100E679A179761AF6B2BE4208D30C31394471
S21403311008EB020945462144F61BC84537E02068FC
S214033120A346BF1B002835D00446E9E7AB199945EB
S21403313038BFA9EB050632462846FFF713FD009B6A
S214033140002B3DD0E279A079F3B237BB1844A071C7
S214033150E279A37927689A4232D1DAF80030A3429B
S21403316008BFCAF80070BBF1000F01D0CBF800709F
S2140331702046F7F7E9FC3C4635444CB10027A379D3
S214033180E67903F10C01F61A2144F6B24D45CDD388
S214033190A5EB080003B0BDE8F08F121AD2B2F918F7
S2140331A0914209DA0C302044D21BD21A0144384427
S2140331B00193FFF7B2FC019BE279D31AE371C7E7E9
S2140331C0A3462468D8E70846E4E72046E2E710B5B6
S2140331D0C4790246C4F14503D8B2884228BF0846DC
S2140331E00444D47110BD38B50546C079C0F1450412
S2140331F0E4B2944288BFD4B20C3022462844FFF788
S214033200B1FCEB7920462344EB7138BD1FB503911F
S2140332100021009103A9FFF762FF05B05DF804FBE8
S21403322038B50446206800B938BD0568F7F78CFC46
S2140332302560F7E7034610B501F0EC0103B910BDAE
S2140332401A7902F013020A431A711A1A54425441A5
S2140332505A7964F300025A711B68EFE710B558B148
S214033260016802685AB1136823B15C79E40704D590
S214033270002414600360084610BD0360F1E713469C
S214033280F8E7034658B10020DA7999791B68521A91
S21403329050FA82F01BB15A79D207F5D570477047BA
S2140332A070B50D460446E8B186798E4203D3751A87
S2140332B08571012070BDC27906F145039B1ADBB206
S2140332C099420FD806F10C010144921BA81BD2B2F7
S2140332D00844FFF722FC0023A371E3791D44AD1BCA
S2140332E0E571E6E70020E5E710B50C4698B191B125
S2140332F08979E279C379521AC3F14503D2B2DBB2B4
S214033300934208D30C312144FFF76DFF2046F7F7AD
S2140333101BFC012010BD0020FCE70346006818B123
S21403332002681A600023036070470346002003B94F
S2140333307047DA7999791B68521A50FA82F0F6E7E1
S21403334003680BB9016070471A461B68002BFBD154
S21403335011607047036803B10B600160704739B1B1
S2140333600B461A461B68002BFBD1036813600160EB
S214033370704770B5046806460D4644B12046FFF70D
S214033380D4FFA84211D8236813B9E379A37170BD9B
S21403339020463360F7F7D8FB3468F4E7ED1A236862
S2140333A020463360F7F7D0FB3468002DEFD0A279C0
S2140333B0E3799B1ADBB2AB42F0D92A44A271E6E763
S2140333C0F8B5066805460C4646B13046FFF7ADFF2E
S2140333D0A0421DD8336813B9F379B371F8BD3046EC
S2140333E02B60F7F7B1FB2E68F4E706463846076806
S2140333F0002FFAD1C2798379D31ADBB2A34202D95A
S214033400121BC271EAE7E41AF7F79EFB3EB1376078
S214033410002CE3D028680028E0D00026E7E72E60DB
S214033420F6E7F8B504460F46BC4200D1F8BDA179CD
S214033430E5796D1AEDB2C5F14506B6B20EB9246844
S214033440F2E749B10C312A46214404F10C00FFF798
S21403345064FB0023E571A3712368BB42EFD05A795E
S214033460D207ECD49979DD79A0796D1AEDB2B5421D
S21403347028BF3546E2790C3010440C312A461944ED
S2140334802044FFF76FFBE379206853FA85F3E37173
S2140334908379761B53FA85F5C379EDB2AB42B6B2A0
S2140334A0857103D103682360F7F74EFB002ED3D153
S2140334B0C5E738B50C46016809B9046038BD0D4642
S2140334C009680029FBD1236823B12046FFF7A9FF2B
S2140334D02C60F3E721462846FFF706FF0028EDD1C8
S2140334E0F6E748B1002302794360036083604379BB
S2140334F0027143F004034371704700221146F7F745
S2140335007FBB38B504460D46FFF7CAFE98B984B1AB
S2140335102079FFF7F2FF58B163794279C3F340038A
S21403352063F3410245235D1B04604271C3718571D9
S21403353038BD0120EDE72046FAE738B503680446B0
S2140335400D469BB11879FFF7D8FF88B123684279F7
S21403355003605B79C3F3400363F3410245235D1BBA
S2140335604271C37185712060002038BD0120EAE7EF
S2140335701920FAE738B50C46054640B3006830B361
S21403358009B9002038BD4AB9C9B2FFF789FE002839
S214033590F7D12B689A799871A41A06E0452918D8AA
S2140335A0C9B2FFF77DFE0028EBD1442C07D8002CC8
S2140335B0E7D02846E1B2BDE83840FFF7BEBF452155
S2140335C02846FFF7BAFF0028DCD1453CEDE722206A
S2140335D0D8E72120D6E75318452B02DCC9B2F7F704
S2140335E00FBB00207047F7B5002605460F46019629
S2140335F00DB9019C09E0002238461146F7F700FB97
S214033600044628B901A8FFF70BFE204603B0F0BD19
S214033610AB798371EA79C27168796179D21A60F3FA
S2140336200001617169796079C1F3400161F341007A
S214033630607103F10C002918D2B22044FFF792FA06
S214033640019B03B9019406B1346026462D68CFE783
S2140336502DE9F8430D461446064610B319B3DAB1FE
S214033660034699461B68002BFBD12746C8463A46B5
S21403367029464046FFF7B7FDC145A7EB00070544BB
S21403368018BFC9F8008037B10022B1793079F7F74F
S214033690B7FAC14618B9E41B2046BDE8F88380464E
S2140336A0E5E70446F8E70C46F6E737B51546C9B22C
S2140336B000221C46F7F7A4FA019040B12246294699
S2140336C0FFF7C6FF844202D901A8FFF7A9FD0198B8
S2140336D003B030BD034610B501391A1A914200D81B
S2140336E010BD445C1A7803F8014B42540139F4E7E1
S2140336F000230144884200D1704700F8013BF9E7F4
S21403370038B505460C4604B938BD013C55F8343087
S2140337105B68002BF7D09847F5E72DE9F0410446A0
S214033720002654F836302BB904F10408B34203D10B
S21403373000250FE00136F4E754F833205F1C1268C7
S2140337405AB158F833009047054630B139462046FB
S214033750FFF7D6FF2846BDE8F0813B46E6E770470D
S2140337607047704770477047F7F75EBB38B5044637
S214033770FBF773FE054658B9C820E9F767FBC8226E
S21403378002212846E9F722FB8442A8BF044624B256
S2140337902046E9F75BFBFBF760FEBDE83840C8222E
S2140337A00221E9F713BBB0F90020B1F900302DE987
S2140337B0F0479A4204460D4648DCF7F754FE804627
S2140337C0E5F75CFC00283ED1E9F7F6FA8246FBF7FC
S2140337D044FEC8220221E9F7F9FA47F6FF73B5F962
S2140337E0002081469A4202D1E9F70AFB288047F671
S2140337F0FF73B4F900209A4202D1E9F7FBFA20805E
S214033800B5F90000FFF7B2FFB4F90030074683426C
S214033810C8BF2080B4F90000E9F7F8FAF9F7B7FC57
S214033820064658B15046E9F7F1FA4846E9F70EFB63
S2140338304046F7F71EFE3046BDE8F087E9F7BCFAC8
S21403384020802F80F4E741F20C06F1E72126F2E709
S2140338500000000000000000000000000000000060
S214033860F8B500BFF8BC08BC9E467047F8B500BF65
S214033870F8BC08BC9E4670475FF800F0CD0D0020EC
S2140338805FF800F0150D00205FF800F0750E0020BD
S2140338900000000000000000000000000000000020
S2140338A00000000000000000000000000000000010
S2140338B00000000000000000000000000000000000
S2140338C05B495D2000417474726962757465207784
S2140338D072697474656E3A20307825303278002029
S2140338E04E6F74696669636174696F6E2073656E83
S2140338F0743A203078253032780A005B455D200024
S2140339007363005374617475733A202573203D20E6
S21403391030782530347820005B435D20002E2E2F30
S2140339206170702E630025733A2564203A25733A36
S2140339302000417373657274696F6E206661696CEB
S214033940656400436F6E6E656374696F6E206F7097
S214033950656E65642E0A00436F6E6E656374696FE9
S2140339606E20636C6F7365642E0A004C4544206FAB
S21403397066662E0A004C4544206F6E2E0A00496E7A
S21403398076616C696420617474726962757465200B
S21403399076616C75653A203078253032780A004EA9
S2140339A06F74696669636174696F6E20656E6162C0
S2140339B06C65642E004E6F74696669636174696F23
S2140339C06E2064697361626C65642E0A00736C5FB3
S2140339D062745F6F6E5F6576656E7400342E342E88
S2140339E033002E2E2F736C5F676174745F7365727A
S2140339F0766963655F6465766963655F696E666F3E
S214033A00726D6174696F6E2E6300736C5F676174A9
S214033A10745F736572766963655F6465766963650B
S214033A205F696E666F726D6174696F6E5F6F6E5FEE
S214033A306576656E74000000583A03002100210085
S214033A40DA3C03000E000E00AA3C0300030003004A
S214033A500200FFFFFFFF0000010000000108FFFF58
S214033A6000000000683C0300020002000108FFFF9C
S214033A700500000020000A0003000A000008FFFFFC
S214033A8001000000580C002004000D000308FFFF8F
S214033A900300000002000000050002000108FFFF0B
S214033AA00500000002000B0006000B000108FFFFE4
S214033AB001000000620C0020070002000108FFFF5F
S214033AC0050000000A000C0008000C000308FFFFB6
S214033AD001000000780C0020090000000108FFFF29
S214033AE0000000006C3C03000A0002000108FFFF10
S214033AF0050000000A0003000B0003000308FFFF95
S214033B0001000000800C00200C0002000108FFFFEB
S214033B1005000000020004000D0004000108FFFF7A
S214033B2000000000703C03000E0000000108FFFFC9
S214033B3000000000743C03000F0002000108FFFFB2
S214033B400500000002000500100005000108FFFF45
S214033B5000000000783C0300110002000108FFFF8C
S214033B600500000002000600120006000108FFFF21
S214033B7001000000940C0020130002000108FFFF60
S214033B800500000002000700140007000108FFFFFD
S214033B9001000000A20C0020150002000108FFFF30
S214033BA00500000002000800160008000108FFFFD9
S214033BB001000000AC0C0020170002000108FFFF04
S214033BC00500000002000900180009000108FFFFB5
S214033BD001000000B80C0020190000000108FFFFD8
S214033BE000000000863C03001A0002000108FFFFE5
S214033BF0050000000A0000801B0000800308FFFF8A
S214033C0001000000C60C00201C0002000108FFFF94
S214033C1005000000120001801D0001800108FFFF5F
S214033C2001000000CE0C00201E000D000308FFFF5D
S214033C3003000000010100001F0000000108FFFF51
S214033C4000000000983C0300200002000108FFFF6C
S214033C500500000008000280210002800208FFFF22
S214033C600700000000000000020001180200001810
S214033C700200000002000A180C0053696C69636FA7
S214033C806E204C61627310002412B5CBD460800C96
S214033C9015C39BA9AC5A8ADE1000F01921B4478FCE
S214033CA0A4BFA14F63FDEED6141D7A086A736CBEDB
S214033CB0D84697C288401065025B9CD2702A656D11
S214033CC0539AD060C341A485A861636032E0375E2F
S214033CD0A488534E6DFB6435BFF7002801280328DC
S214033CE0002A012A292A242A272A262A232A052AB9
S214033CF02A2B292B022900000500000000000000E3
S214033D0000C20100000500000010000000000000D3
S214033D1000000000D60C002059340100DBB002007E
S214033D2035B1020047B10200D5B00200F30C002003
S214033D3089B10200FD34010025350100ABB1020054
S214033D40C7B10200433A2F55736572732F507261E1
S214033D506E617468692F53696D706C6963697479F1
S214033D6053747564696F2F53444B732F6765636B86
S214033D706F5F73646B5F322F6170702F626C756553
S214033D80746F6F74682F636F6D6D6F6E2F696E5FE0
S214033D90706C6163655F6F74615F6466752F736CC7
S214033DA05F62745F696E5F706C6163655F6F746199
S214033DB05F6466752E630064656C61795F74696D14
S214033DC065725F636200736C5F62745F696E5F70D7
S214033DD06C6163655F6F74615F6466755F6F6E5F6A
S214033DE06576656E74003F002800292000000000F9
S214033DF013B779FAC925DDB7ADF3CFE0F1B614B83A
S214033E000102000000000000FFFFFFFF200000008B
S214033E100100000000000000000000000000000099
S214033E20000000000000000000000000000000008A
S214033E30000000000000000000000000000000007A
S214033E401E0000034BB2020047B2020025B2020076
S214033E5023B20200C53B010055B20200893B0100B4
S214033E602C000000020002010009007FA03E0300B0
S214033E700100000F803E0300000000000000000069
S214033E80E1FE59FF8FFFADFFC1FFD0FFDCFFE4FF6C
S214033E90EBFFF2FFF6FFFAFFFDFF0000030005004D
S214033EA05500EDFEFF0064001E0000007F001B0DA2
S214033EB0D063FDFF3600B7034DDAFFFF1C00590140
S214033EC0EC3600001100BD00C83B00000B0071007B
S214033ED01435000007004900352C000005003700A4
S214033EE00526000003001400FF1400000000000075
S214033EF000000000000000400C3F0300C00000006C
S214033F00000000000000100020000000FFFFFFFF7D
S214033F100000000100000000000000000000000098
S214033F20FFFFFFFFFFFFFFFFFFFFFFFFFFFFFFFF99
S214033F3000000000FFFFFFFFFFFFFFFFBCE6FAAD38
S214033F40A7179E84F3B9CAC2FC6325516B17D1F237
S214033F50E12C4247F8BCE6E563A440F277037D8193
S214033F602DEB33A0F4A13945D898C2964FE342E22D
S214033F70FE1A7F9B8EE7EB4A7C0F9E162BCE33579B
S214033F806B315ECECBB6406837BF51F5FFFFFFFF00
S214033F900000000100000000000000000000000018
S214033FA0FFFFFFFFFFFFFFFFFFFFFFFC5AC635D8EB
S214033FB0AA3A93E7B3EBBD55769886BC651D06B063
S214033FC0CC53B0F63BCE3C3E27D2604B6BC0BCE135
S214033FD02A459991E134741A7F9E1925AE2D8A5786
S214033FE01E03AC9C9EB76FAC45AF8E5130C81C46C3
S214033FF0A35CE411E5FBC1191A0A52EFF69F2445A8
S214034000DF4F9B17AD2B417BE66C37103FF1CAA100
S214034010681FAC09120ECA307586E1A72B7E1516EB
S21403402028AED2A6ABF7158809CF4F3C6C5C585424
S214034030801024FFFFFFFFFFFFFFFFFFFFFFFFFFD1
S214034040FFFFFF000000000001200000002000002A
S2140340500040025C000000000000001001030401A1
S214034060010109030B0000000B0000000200000022
S2140340700000202000000000030000008C8C3C00A1
S21403408000000000000000000000000001041040D3
S2140340900100000005000200000300005842030070
S2140340A00842030028420300804203003C42030008
S2140340B0000000006C420300000000001C420300E6
S2140340C0FC40030094420300FE400300000000008F
S2140340D000000000000000004E0C0000000000007E
S2140340E000000000383A0300000000000000000053
S2140340F00400000000000000E2FF5000010004007E
S214034100FB00141400001C2030401C2000001C2060
S2140341103040505341004B45590000010102010253
S21403412002030102070B0B0701160C000001080827
S2140341300000050108FFFF02FFFF0808020204FF54
S214034140010022FFFFFFFFFFFF030404FFFFFFFF43
S2140341502AFFFF1419191B011C15120400480C141E
S21403416001020404F4010000FA00000096000000B7
S214034170640000004B000000320000001E00000038
S2140341801400000000000000010150004000080079
S2140341905000240004009001500240009001AE013C
S2140341A010000049725314497207FF00010203040A
S2140341B005FF145300724907CDF6000053010300B0
S2140341C0BDE801006100020051010300AF010300D6
S2140341D0A90103009D0202005D00030065010300C0
S2140341E0AB010300AD01030059010300A70103005F
S2140341F029E401005BFF02007DE5010001020C00DB
S2140342000000040000000800040000000000000096
S214034210000000000000000000000000270103006B
S21403422000000000A001040156000000000000008A
S2140342300000000000000000000000000A0000006C
S2140342400000000000000000000000000000000066
S2140342500000000000000000010000000000000055
S214034260000000000000000000000000E9E9010073
S21403427000000000A0010107A000010402040800DA
S21403428006000000000000000000000009EB01002B
S214034290D1EA010039EB010000000000A00306018B
S2140342A0A0090609A0020608A0050607A00506063B
S2140342B0A0070605A0020604A0010610A00A06022F
S2140342C0A00D06000000040205030601070101080D
S2140342D0090A0000A0015C02A0035C01A0025C00C6
S2140342E0A0020F09A0030F04A0030F03A0050F02EB
S2140342F0A0010F01A0050F00A0040108A0020105FC
S214034300A0030106A0120100200C04033DE80100EF
S2140343102000040169E80100200256020DE90100AD
S21403432020025601E1E801002001060589ED01009F
S21403433020030A11C5E9010020040A0491E90100DB
S21403434020050A0261E9010020040A0029E90100A8
S2140343502000011595EA01006267617069206275A5
S214034360666665727300010002000000000000002C
S214034370030000000D000300020001000500676152
S214034380747420636F6E6E656374696F6E000000ED
S21403439000FB349B5F8000008000100000000000DC
S2140343A000000000C11503004D07030013000300BF
S2140343B0AB160300A0010A05A0030A04A0080A031B
S2140343C0A0070A02A0060A01A0070A00A00309061E
S2140343D0A0060905A0070904A0040903A00509020D
S2140343E0A0060901A0030900020203000000000062
S2140343F0B12C0200F92C0200A52C0200052D0200A8
S214034400ED2C02009B220300D7220300FD220300AB
S2140344101F23030041230300E140020099400200EA
S214034420A540020079410200B7240300432003009D
S21403443047200300532003004B2003004F200300B4
S2140344400000000088010000B80F0020E1FE000015
S21403445002000080FF7F00000080FF7F0E025241B3
S214034460494C0000A00000003D3802005000000048
S214034470B537020000000001000001010001010140
S214034480ED3A0200D13A020009700200B17202004E
S214034490E971020001010203000000011F150F1558
S2140344A0150F151FFFFFFFFFFFFFFFFFFFFFFFFFB8
S2140344B0FFFFFFFFFFFFFFFFFFFFFFFFFFFFFFFF04
S2140344C0FFFFFFFF00A801A802A8000000B801B87C
S2140344D002B800B0E87703000078030018780300FA
S2140344E03078030048780300030404080805000036
S2140344F0000000000000000000000000B8320000CA
S214034500F8040000B037000004000000303E00004E
S2140345100300000000000000B8320000343E000034
S21403452000000000343E00004100000000000000D0
S214034530303E0000853200009D3200009D320000B0
S2140345409D3200009D3200009D32000000000000F6
S2140345500000000000000000000000009D32000084
S2140345609D3200009D320000112B00009D3200009A
S2140345703B2C00004B2C0000D12C0000192D000012
S2140345809B2D0000012F0000BB2D0000912F000083
S214034590072E0000452E0000B92E0000F130000063
S2140345A0C53100000D2C00007128000021240000F6
S2140345B08F280000012900009D320000D929000041
S2140345C09D2900009D3200009D320000212A000034
S2140345D09D3200009D3200009D320000F90F00005E
S2140345E0E90F0000031000000D1000001710000074
S2140345F08C488068000200D4704780B58020800213
S214034600A8490860CF2000F04BFA01BDF8B58648EC
S2140346100068864C802292032260854E3168090525
S2140346201DD5110BA023034001D0216017E00240E3
S2140346303FD180277F4A17607F4A1760084038D0EB
S214034640784D287A400705D501207C49086000028A
S2140346507B4908602878002801D0062801DB002063
S214034660F2BD00F057FB716889684E682978052902
S21403467007D1B905A1606E60B668CC218901704A7E
S214034680116000F050FB012E00DA0226BC208005E4
S21403469085490860942080058449086065480021A0
S2140346A0C94301647142416481490F60402101603E
S2140346B0D5E7B1480160FFF79BFF0120F2BD5A48DA
S2140346C00168890504D5C06E0004000F022801D0D6
S2140346D0002070470120704738B580245548046091
S2140346E000F018FB05007348006800F065F9280021
S2140346F000F019FBFFF77CFF4A48007A000705D550
S214034700A0004A49086000F0E6FB31BD60039A4901
S2140347100860B048046031BDFEB50500CC208001BA
S21403472096494860012696480660FFF7C8FF0028AA
S21403473077D03C4C2078002873D0310201950528A9
S21403474002D02A460A406CD1CC27BF018B4A176099
S214034750A14A126853075B0F022805D1022B5ED3CA
S214034760080137490860F7BD4D01032804D1022B21
S21403477055D933480560F7BD042802D111404ED001
S214034780F7BD05284BD10198002848D0C005C10FB6
S214034790684641700198C004C10F6846017000F076
S2140347A0B9FA0290606869464978002903D006681A
S2140347B08021214A11602C0488496A461278002A0F
S2140347C00CD0C2680B68D21AA74B1B68234001D0D3
S2140347D0066800E04668964200DD160068464078A4
S2140347E06A461278024308D008684242B01E8242E4
S2140347F002DA7042886000E00026029800F093FA1E
S2140348000198800501D5994804600198054001D0B8
S21403481097480460002E02D009480760F7BDFFF7EB
S2140348205BFFF7BD343E0000400002A8402002A80C
S214034830C43E00000CC001A890E001A894D000A8D4
S214034840505201A838B580248A48046001204C4998
S2140348500860894D2878052802D0600087490860DB
S214034860FFF72DFF002812D012480068000A8021A7
S2140348704140A868000EC9B2814208D25648006873
S2140348804007400F022802D2FFF726FF31BD7C48BF
S2140348900168C0220A4002D1C06F204001D00448FC
S2140348A0046031BD1C1002A808E001A808D001A8C6
S2140348B094D001A818C000A8F1B582B00F008026D6
S2140348C0B600A020384002D06E48066052E000F0E2
S2140348D021FA00906C480468F80202D5A0680069C3
S2140348E0029000F045FBB102606800F06FF9227891
S2140348F020000021521C4378934200D20022182342
S2140349005343C5180C352B78082BF3DA14000270C2
S21403491085602878584A10703E400CD000F0FAF9AB
S214034920594909688968CE6800F0FDF9F80201D490
S21403493003208643310050488160012608463040F4
S21403494003D100F0D2FB00F07BFFF104686900F0AE
S2140349503DF93C2000F0A4F8E0B200F0A1F800987E
S21403496000F0E1F930054749086048480660300220
S214034970024908600298FEBD401002A84C6201A8D6
S21403498094E000A810B542480068800501D4FE20D4
S21403499010BDC02080033F49086000F0BBF93A49C8
S2140349A009688A78D20702D589688C7800E00C7883
S2140349B000F0B9F9200010BD334909688A688B787E
S2140349C0DB0704D5927818235A438A180C32906072
S2140349D070470000100002A8084001A848C001A8BC
S2140349E0F1B582B02C4F3C680026200F000702D199
S2140349F0E00102902AE000F023FF00F08BF901901B
S214034A0080210903606800F0E1F825786D1C607862
S214034A10A84200D20025E80020180C300090006859
S214034A200290802109030098406800F0CFF83D20EB
S214034A3000F036F8E8B200F033F825700098A0606E
S214034A40019800F070F902A800F05EFF13480068B2
S214034A50800407D5786901F026FC029908180290AD
S214034A6000D502960298FEBD480002A8481002A888
S214034A70482002A894E001A8343E0000506201A832
S214034A8014C001A8402002A8C83E000090E000A879
S214034A90400002A8401002A8CC3E0000FC0302A877
S214034AA041490968002901D5404908607047F3B5B4
S214034AB081B03F4FB9683F4C4A004CD501250901E8
S214034AC000D5212501003C4A1068566822689206E4
S214034AD0920E94463A68930080221340624613432C
S214034AE0802252001A4300920A0023D0890601D579
S214034AF0012008E0F021014007D16946097A0C221B
S214034B000A4002D0022000F03FF82C490968090445
S214034B100AD53968090701D5022605E0396849032D
S214034B2001D5002600E003264835009A2449096883
S214034B30890003E0009A2249C969090940231940FC
S214034B4011439A00002E02D01643266608352166C6
S214034B50024322662566E06D4407640F00F0C4F83E
S214034B60A0070BD0052C09D0B868000406D400F0C3
S214034B70D1F80221134A116000F0D5F800F0BDF811
S214034B80002000F001F8F7BD0B490A68F0239A43AA
S214034B90000110430860C0B270478020C0020A4973
S214034BA008607047000000004C0002A8884000A878
S214034BB0440002A8284000A8683F0000384101A826
S214034BC0084001A87CD40350485000A880B55E4A2C
S214034BD0116001F093FBFFF7E0FF01BDFEB500F0A7
S214034BE099F802901020594908600023584803603A
S214034BF00220584908605848C0684005C20DD52AA7
S214034C0001D2D52204E0D1204000824200D902001E
S214034C1010000100514C0194883C246864011DD5A2
S214034C204F4C0094251D4F4E367806277E43AA53D5
S214034C300024019D2D7CE540ED070CD5009D06263E
S214034C406643AD19AD888FB2BD4200D2290086B245
S214034C50AE4200D22800641C022CEAD389B2463145
S214034C600904414C0C404638C005C00D20433A4960
S214034C700860C02000063D4908603848017D0029C9
S214034C800CD03B49D52A02D98024E4050C60D124F4
S214034C906400A24202D2802424060C601021354C04
S214034CA0216035490B604188002900D102800298B3
S214034CB000F039F8F7BD80B530483149086031480F
S214034CC0C1680902090A192251434160052101609E
S214034CD0FFF784FF01BD2B480068C00300D470476C
S214034CE080B5FFF77BFF01BD8020C0021649086030
S214034CF0254800684007FBD470478020C00223493C
S214034D000860704701E022490860224909680140AB
S214034D10F9D17047204800682021204A11601021ED
S214034D201F4A116070473021014002D110201B49F1
S214034D30086070471848006830210140102901D1E7
S214034D400120704700207047401002A8F41302A801
S214034D50048002A8409002A87C400050743F0000E4
S214034D60603E00005C3E00000000FF01A0600050B3
S214034D70A4500050F42302A818E000E07F1A0601AE
S214034D80500002A810E000E0400002A8402002A85D
S214034D90282002A8280002A85C0002A85C2002A81B
S214034DA05C1002A8F8B54E488021490281610221B1
S214034DB04C4A516000214C4A11604C4A1180032131
S214034DC0484A11600221016020204949086080207A
S214034DD048490860CC2080014749086001204749BC
S214034DE008604148806F00900F24070B2740444813
S214034DF00068C505ED0D103DC0202843C0B2FFF77F
S214034E004FFE40480068C00505D5092F03D001F0C2
S214034E10ADFB01F0C9F80098044000943A480468D2
S214034E200098032803D0022806D1032F35D000F0BC
S214034E30EBF90098032803D0062F2ED1062D2CD08D
S214034E40324800680104C90F01D001F081FD3048E3
S214034E500068000109D5052D07D1012501202D493C
S214034E6008604005FFF74EFF00E0002521003800EC
S214034E7000F0CCF90400284E002D06D000F068FBA5
S214034E800120306002202549086080208003706579
S214034E9080092349086001F049FB12488021490232
S214034EA0C161002F08D10221416000200E4908612C
S214034EB0C020C0001B4908602000F2BD80B5FFF784
S214034EC013FF19480078800602D4022017490860A9
S214034ED0FFF713FF01BD0220154908607047000065
S214034EE02C1002A8282002A8340002A8703E000056
S214034EF094E001A80CC001A8506201A894E000A8A1
S214034F0004ED00E0B40002A8B44000A800E200E00C
S214034F10EC3E0000645000A8646000A82C4000A883
S214034F2080E200E02C6001A8C43E0000081002A83E
S214034F30082002A87F480068800700D4704730B571
S214034F407D4804218C4A0123E024E400856825403B
S214034F5002D01360D160D3600068044002D01360AF
S214034F605160536030BD8548012181600160704700
S214034F7010B5012071498A680240FCD1804A042397
S214034F80D3600C680440FCD15360106010BD7D49AB
S214034F9008680122104200D1704710B5E023DB00F9
S214034FA00340FF24A41CA34204D3774B1B689B0631
S214034FB000D54868024001D000F0ABF810BDFEB53E
S214034FC00700C820714908600620714908608020E0
S214034FD040037049086070480168704A0A4080219F
S214034FE00901114301606E4CC020C00020600225F9
S214034FF0A56168036B4908606B4E6C48F0664C20ED
S2140350006B49C86638686B498968814201D2019149
S21403501000E001900199401A38600121380000F041
S21403502040FB694608703868019940183860FFF7F6
S21403503081FF5F4800685F4908605F48016849066A
S21403504001D55E4900E05E49316769460978002963
S21403505008D10321E16100683068054002D0802052
S2140350608002206168460078FEBDF8B50400554D01
S2140350708020C0012860544801218162534A116090
S2140350801F2303605623436606230366504B1B68A1
S214035090002B02D40823036643664E4B0365C023E6
S2140350A0DB004D4E3668F827FF01374001D1836792
S2140350B000E05361E86B014008D0286BC00705D4B5
S2140350C046480078800701D401F0E0FC444845498F
S2140350D00860FFF72FFF200001F084FD286B800196
S2140350E0FCD4286AC8490860F1BD3F4801214161E4
S2140350F0C1603E4A3E4B5366364B1365032303603B
S21403510000203C4B186011609162C8032D4908606B
S2140351107047F0210901384A1160014037480160A1
S214035120202037490860374909680840B7490860AE
S214035130704700004C0002A86C0102A8700102A888
S21403514080B5B3480821B34A13680B4001D0016108
S21403515041611178C90602D5862109010160FFF76E
S21403516016FF1420AC490860AC480168490701D013
S214035170FF21416101BD0000681102A86C2102A84D
S214035180682102A8783F0000400002A8548001A8C6
S2140351900C9001A8942002A8680102A8FFF1FFFF63
S2140351A0441102A8A01002A8E40002A8294E060093
S2140351B0300002A8A03F0000FC0302A8CC3F00007A
S2140351C0C43F0000100002A8E01002A8442102A871
S2140351D028C000A80C1E0000A88001A83C3E0000C2
S2140351E0FFFF7F7FB46000A8602102A8E02002A82A
S2140351F05E060000400102A82C6001A82C5001A8FE
S214035200442002A8084001A870470000F8B586B0FD
S21403521005000C008248866AFFF77CFD0590B00502
S21403522003D580480068FFF7C7FB002002900122E1
S2140352307306DB0F7C498E688860B82040007B4F7E
S21403524038606708B82038400978F0270F40402FA9
S21403525002D10100402008430D2D02D1310004265F
S2140352600E43710704D501001420084310218C4314
S214035270AC4909686D462A700493019605006C4F85
S214035280C80506D580204000A249086028000125ED
S21403529005430498002811D10C20284008280DD077
S2140352A028005F49496BCA0601D410229043890639
S2140352B001D420218843B12101405AD068460078A2
S2140352C0002859D0B86DC004C00C792809D38025AE
S2140352D00620534908606802A14908600020694611
S2140352E008708120284049D008200499002900D15D
S2140352F038620199084301901020844304200390E8
S21403530000059849086040089749086001209749B6
S21403531008606846007800282ED00398062833D302
S2140353209348806BC0062FD592480068000E029003
S2140353308F480668B6B28F48006A000603D030006E
S21403534080267601064301F060F8002809D0FB208A
S21403535080010078C00604D030008026F60106439C
S214035360B6B23E61301238616E480168C80587D40C
S2140353700AE0082039460862009531E08FA06906E6
S214035380C90E405C0390C4E7009503982449CB6A92
S214035390784A12683D686E46B58128251D40054348
S2140353A0980CC00128431D001B0E2B4010252B40D4
S2140353B00343900040221040184303AA9070086BE2
S2140353C0000A03A9C870FFF7DDFA03A9087102985B
S2140353D0487169480068C8800398F8660498F866B8
S2140353E00598FFF7A0FC0820610601D55D49886093
S2140353F0624908600198C1B20098C0B2FFF757FB34
S214035400200007B0F0BD00009C3F0000441002A837
S214035410301102A8F84F0000703F00000C4000A8AF
S214035420180002A81CC000A8683F0000B46000A8CB
S214035430540000AAF8B5524F524C0F250126524984
S214035440606BC00621D5012008705048006850499B
S2140354500A68824204D289695118491C081A00E076
S214035460101A4C4909684018012852DB01F05EFE09
S21403547049490968090B0D40022D48D17105474A71
S21403548011601021F963266041E0E06BC00026D569
S21403549043480068E021890501403AD03E4C414824
S2140354A00068C00504D42068000B28400228F5D005
S2140354B03D480668FFF72EFC3C49F2B20A60320408
S2140354C0120E0A603202120E0A60320E0A60FFF7EC
S2140354D02AFC2068000B28400228DFD0F1BD344C9C
S2140354E02068002815D00E7001F07CFB002810D130
S2140354F001F01CFE28490968090B0D40022D06D150
S2140355003104264A1160022139600021216001F02E
S21403551011FEF1BD1C2100AA8020800425490860E5
S214035520704700001C0100AA80204004214908603F
S21403553070478020C0041F4908607047802000051C
S2140355401C4908607047802040051A490860704768
S21403555019480168490701D0FF21416170470000DF
S214035560141100AA401002A8205001A8006101A847
S2140355701C4000A8084001A8448001A8845000A845
S214035580082002A8100002A8733E00001CC101A850
S21403559020C001A8DC3E0000AC0002A81C1002A834
S2140355A0204001A8084000A8904000A8640000AA74
S2140355B0483E0000382002A80C4000A80301070656
S2140355C0030107060501060605010606030207068C
S2140355D0030207060502060605020606FF2807D08D
S2140355E0032805D2AC490978C140C807C00F7047E5
S2140355F000207047F8B58020000200908E4803888C
S21403560008208E4908600A2201200124944000994C
S2140356100C43A249B6A5AD5C25438D60F025A04E8C
S2140356203560864DB5A6B65C022737432F60042641
S2140356302E60814D9B4E3668064008D12E88F61A9A
S214035640B6B2012E03D88E6C3603F3D401E00220E3
S214035650F2BD8D6CCE6C6D036D0BAE4200D2009422
S214035660521ED2D508228E4B1A60009A8A608E4A42
S2140356701268520113D58D4B5A78541C01252540C8
S2140356805D70140006256C431C190968A1800099F7
S214035690E1801A7080490B78904018430870002008
S2140356A0F2BDF1B582B0FFF75EFC00247E480068C9
S2140356B0400102D4012001901DE07D48826B00204A
S2140356C07A49C3B206256B43CB189B8895B2AB4287
S2140356D004D0401CC3B2022BF3D3FF200870012072
S2140356E0019071480068400105D50878FFF776FFFA
S2140356F0002800D001946F4800686F4988616F4D99
S21403570002980068296D4618002E15DD00F07FFD0F
S2140357102860C001301A00280EDDFFF729FC00F0D0
S2140357208FF802980068296D401801F05BFA0100B3
S21403573002D002990C60FEBD614F80208000386065
S2140357405D4A10680226072829D005210840052847
S21403575005D011600C2001F057FA01006AD1594DAB
S21403576059482862FFF704FC2E60E020C002574920
S2140357700860000256494860300678603E600120A3
S21403578001F042FAF0012862022001F03DFA90206F
S21403579040012862022001F037FA700228624D4D5C
S2140357A0E02040002860042001F02EFA07003BD1D9
S2140357B047480660B002A862C001A86210203C49B0
S2140357C008600126EE6540254348006828401BD143
S2140357D035480068400113D5344800786946087098
S2140357E068460078FFF7FAFE002809D02F48694676
S2140357F00978062251434018C0882D49086403E0FF
S214035800FFF7F8FE07000FD129480660C467022099
S21403581001F0FAF9314C2560A8002060022001F05F
S214035820F3F98120C002A0620198002801D0FFF797
S21403583052FA3800FEBD0000703E0000889001A8B2
S21403584070B5FFF790FBFFF793FB02261848066038
S214035850234DF0022862C4082C62012001F0D4F91B
S214035860600828622E601F482862E02040001B491B
S2140358700860174D2E60FFF737FA1B4E3078002866
S21403588000D005200C490860FFF737FA2C6017484C
S2140358900068706370BD0000843F0000448001A868
S2140358A088A001A8140002A8EC3E00005C3E00009D
S2140358B00C8001A8F80302A83C0102A88C3F000054
S2140358C0941002A83C1102A8BD080000142102A8E7
S2140358D0942002A82C9001A84C0002A82CA001A892
S2140358E03C2102A8FD680000603F0000300002A8CB
S2140358F00000000101020408102020005050504010
S2140359004040403020202000F8B50400FFF730FB6D
S2140359102948C021C900294A1268F823DB0113402D
S21403592002D1274A116000E0016000942549AC22A9
S21403593052008A640A220A602349802252030A60BC
S214035940224C626A224B13408022D2001A436262C0
S21403595080222260022242605003C8601D48E06035
S2140359601D4E4C20F0661D4D68699621C9014718E7
S21403597000980068874200D30700C01B00990860A0
S21403598000210098FFF78DFE00990968C919009A4F
S21403599011603168296012490968490601D5114921
S2140359A000E011492161F2BD802000010F49086023
S2140359B000010F4908607047582102A8AC8001A86F
S2140359C0581102A80C8001A8941002A8440102A84A
S2140359D0FFF1FFFF286E0600300002A8903F00008C
S2140359E0FC0302A8CC3F0000C43F0000401002A8FE
S2140359F0685000A8F1B584B0BD4800680290BD4861
S214035A00006B9621C90140180499884205D2081AEA
S214035A1001F0E8F8002800D027E2B74C6068C0071A
S214035A2000D522E20420B54988628003B44948625F
S214035A30B44800680090606B8607B60F1025032EE7
S214035A4002D0AE48856222E0084669034162A26B33
S214035A50920601D5012065E0009A12060FD5A36BC6
S214035A60022213400BD1A84B05271F60A76B2F40BC
S214035A703A431A6000221A60626B120A1A60042202
S214035A808262A06B002802D59C4841620026606BA8
S214035A90400704D5606BC0002901084003E0954821
S214035AA08068C10701D5FFF734FBC149009805227A
S214035AB00240052A07D1BF48B2018018006AC00415
S214035AC0C00C401E08600020BB4AD26E12041AD5D2
S214035AD0BA4A1268002A16D401220120496900290D
S214035AE011D0B7490A700021B64A1160B6498D62D3
S214035AF0C106B64A91670722B44B1A600022B24B1E
S214035B001A601A46D167B249C02292000A6033026D
S214035B10002801D0100000E01800AE4D28604A604F
S214035B206B600020E16B942292050A40150000D0BA
S214035B300125802636022843000637D071482821DF
S214035B40405CC021014040290DD1FFF7B7F96948F1
S214035B50C06D00906846FFF732FA002876D10098A9
S214035B60FFF783FA01E0FFF7B6F9202020602D0641
S214035B7000D17AE1944D606B400708D57008604900
S214035B8048620220E86200F05DFA002806D004208E
S214035B905A49886240025A494862EE625948007878
S214035BA0000600D461E130015449FFE00125606836
S214035BB028404BD1AE480068C005400F022803D0EA
S214035BC0032801D0062802D169464D7005E000205F
S214035BD069464870A748A8494860680448498862E7
S214035BE0FFF782F8E06B064006D1FFF793F8022131
S214035BF0A24A1160FFF797F8FFF77FF828032060A3
S214035C009F4EC0200006706028049B490860606BA6
S214035C104007C10F68460170E027FF023020029953
S214035C2049072FD54021A54A11624901924A1166B8
S214035C300321A24A91640021116030608E484565B5
S214035C4080207060062000F0DFFF002800D00CE103
S214035C50894D80204000E866022000F0D5FF8020B2
S214035C6040009749886618207060082000F0CCFF33
S214035C700028EBD1242070609148C765A020C0029D
S214035C80286672E0E16BC90249D5C0494968090232
S214035C90090E01914909022901DB8A4901E0B32172
S214035CA08900019A302A3AD3124A1288E72A36D351
S214035CB095235B009A4205D89A1A12095143890A1A
S214035CC04B4204E0804BD218120951438B0A5BB255
S214035CD00199C918074A126B9446064AD26B534376
S214035CE06246D218034B1A639F290FD39F2110E0F5
S214035CF0FC0302A8743F0000100002A81C2002A8A0
S214035D001C1002A8C43E0000E40000AA202900D804
S214035D1021210A020A4309041143274A11606749ED
S214035D20AA020A629A4A8A6414220A6030605248B7
S214035D3045656348C765A8034F4988664002706097
S214035D40062000F061FF002831D12D064A48C566BB
S214035D50022000F059FF5A488566680970600820DB
S214035D6000F052FF002822D17560032000F04CFF9C
S214035D7088481649886700F04AFA874D401DC001D7
S214035D80296B47188548406F8021C9010840019058
S214035D90084683490860049887421ED2296B401A36
S214035DA000F020FF002817D001987E4908605CE0C9
S214035DB0204000A80C0000AACC4001A8784201A805
S214035DC0723E00006C3E00003C5000A83C6000A8F9
S214035DD0046100A8045100A8049F206AE8620298A0
S214035DE0400701D5402003E0802080047060C0088F
S214035DF07060012000F008FF802040001E49086004
S214035E00380000F0EFFE8B4E68460078002806D177
S214035E1062480068F0618020C003874908600198E3
S214035E20604908608548864908602548802109013D
S214035E30416669464978002901D104210160206A38
S214035E40686268460078002809D0012000F0DCFE6E
S214035E503078000603D58020000391490860E06B84
S214035E60C00202D549480068286305B0F0BD0000AB
S214035E70204001A8040000FFB41002A87CE40350ED
S214035E80441102A810B5FEF745FF864900240C60AE
S214035E900A22CA61FEF747FF8348C02189020160D0
S214035EA082494160824810210160C905416540204E
S214035EB0804908608048047010BD0000400102A8B5
S214035EC0B82002A833070000D6FEFFFF7B48406BCE
S214035ED0800300D47047F8B579480468002700208B
S214035EE000257849E20706D5C02080028025ED0309
S214035EF0EA0A0A6003E0A20701D4032040252843E8
S214035F00C862012000F080FE802040006E490867CA
S214035F1008206E4908606E490968090203D46D4972
S214035F2009680140FBD0012000F06EFE6A4EE007D0
S214035F3002D58020800430643564042000F064FEBB
S214035F40600702D5E020C002F06064483064012098
S214035F5000F05AFE62483064C320000630645A4894
S214035F608021490201671021B163890271615D498D
S214035F700F60012232603022F2638F628021890132
S214035F804E4A116009010160F1BD0000F83F0000B0
S214035F90F3070000FFFF7F7F743F000020C001A8C7
S214035FA094E001A894D001A8F8B54F4800680D27DF
S214035FB007400424002F00D104274C48102566030D
S214035FC008214B4A4B4B1B682340126814D042608F
S214035FD0394004D00220FEF7D7FD474806603C4010
S214035FE007D046480068054344480560B008424960
S214035FF008600220424915E00260394005D00220BD
S214036000FEF7C2FDA0023C4908603C4006D03B4870
S21403601001680D4305607009374908603848066013
S214036020300329490860FFF751FF00210020FEF7DF
S2140360303EFDF1BDC43E00001C1002A80300030091
S214036040482102A810B580202E490A6802400AD0CB
S2140360502D4B1A680624144005D15C6E2B4A224049
S2140360601B6D9C0101D5002010BD096808400DD0AA
S2140360702748824203D1180501D5012010BD2548C3
S2140360800068C107C90F481E8041C00F10BD2248D3
S2140360900321C163A82181631021016070470000BA
S2140360A01C2002A8D80000AA402002A804000080F2
S2140360B0646000A82C4000A8723E0000100002A8EE
S2140360C0FC0302A81C1102A8442002A84C6201A8E3
S2140360D0C44001A84C4201A8082102A824000001DC
S2140360E098008800600102A8B44000A8E43E0000BF
S2140360F01CC101A8440002A8401002A8683F000083
S214036100685000A8400002A814C001A81F1F000082
S214036110010C000030C101A8082002A86C480068E2
S2140361200121084209D16B4A12686B4B000C1840D8
S214036130F03291400B40984201D002207047002075
S2140361407047F8B507000F386A461080604CA068A1
S2140361500A0004D16B461B8882B29A423AD20022C6
S2140361606B461A80012502263A0013D02268324075
S21403617007D000292ED059480088401C574908806C
S21403618000203900E16056490E6080B2B84201D360
S21403619069460D805348456000E030BF20683040B4
S2140361A003D1FFF7BBFF0028F7D04D484560390001
S2140361B010D02168314005D048490A886B461B88B1
S2140361C0D2180A8006600020E060A068B84201D2B8
S2140361D044480660FFF7A2FFF2BD38B5050000F09D
S2140361E0A5FF0400012199204543A8093E4A1268E9
S2140361F08018123880B2FFF7A4FF05008020C00184
S2140362003A490860200000F095FF280032BD334865
S21403621003883549096802889342F9D1100408189F
S2140362207047FEB51238070C6946088000F07EFFFB
S2140362300190274C294D2888B8421ADA01202C49A8
S2140362400860274E30BF02202168014006D0306028
S2140362504003264908602888401C2880FFF75EFF15
S214036260010002D12988B942ECDB012171600028C4
S2140362700DD12888B8420AD1A068694609888842A1
S21403628005D2002168460088FFF75BFF01E0FFF7B1
S21403629045FF04008020C00114490860019800F0FF
S2140362A049FF2000FEBD10B512490A680E4B1B6855
S2140362B00C689442FAD0DB014033141A02D2886980
S2140362C02418641C0C4800684443181B10BD0000C7
S2140362D0280002A804ED00E0FF3F0000703E000027
S2140362E0282002A8281002A8300002A880E200E0B6
S2140362F02C1002A820C001A8B43F0000F0B502E0AD
S2140363000A601C602E607EC84F1C07D05F1C04D03A
S2140363106F1CF5D10A601C60F0BD0A60F0BD00007A
S2140363200006800F70479D4909684143880B7047F4
S2140363308A4800680104C80F704788480168090442
S21403634007D587490A68964B1A604A684261886887
S214036350C860704780B5FEF7DDFC012081490870F0
S21403636081480068022808D28E480068F021090593
S2140363700140C02080048142F2D08B480068C01CD4
S2140363808A4901438A48016001BD8A4888490860F2
S21403639000208949086080218902884A1160714972
S2140363A008707047F1B582B00F001400C006000EE7
S2140363B000901038912827D2FFF7BAFF002823D081
S2140363C0002501260298FFF7ABFF002802D002281B
S2140363D004D004E07A480068304000D00125260047
S2140363E0784C38000C30FFF79EFF80192060009829
S2140363F03818FFF798FF80196060C0208001724943
S2140364000860280371490860F7BD6D4800780621C7
S214036410014001D100207047B84800680228804137
S214036420C00F7047F8B56A4C634A0421C0239B0427
S214036430F0252D055B4E2069084204D0107C8006AB
S214036440C10F490020E0800720D5D068042803D276
S214036450306828409842F8D0107C0007000F0728C1
S21403646014D1507C022811DD907C8006800E022811
S2140364700CDBD07C009007460F4207D0C00700D540
S2140364800A21B80700D5891D002904D1FFF77DFF2F
S2140364900020A061F1BD481CD768874203D2376845
S2140364A02F409F42F8D09648405CA061C300F82175
S2140364B0194002D08023DB04136049005160A168B1
S2140364C0002932D10102F82252010A406168914242
S2140364D000D20A0023681D1F8A498B61AA184A61E5
S2140364E0864A1368002B01D1BF2600E09326304B63
S2140364F01D686769BF00BF0BF6193603AD05AD0D02
S21403650035431D6080235B010B60810908D1116848
S214036510002901D1282200E019220021FFF742FFBB
S214036520207C000701D40120A060F1BD80B5FFF7F1
S2140365306CFF002811D01A484168002903D0724A1C
S21403654011600021416007480078002805D0FFF756
S2140365501CFF1C486D490160416001BD584201A8FB
S214036560983E0000743E0000D04000A880B5FFF7B8
S2140365704CFF002811D006206549086000206549B5
S2140365800860F020000164490860802040006349E9
S21403659008600C485D490160416001BDBC3E0000D7
S2140365A0403E00000C0002A8204000A800F0FF3F79
S2140365B0544201A8FFF3FF3FC44000A84C6201A861
S2140365C0B83E00005C4201A8586201A8585201A8D0
S2140365D0A83E0000F0B581B00400A0031CD54748D0
S2140365E00068002800D081E0474801684C4A5160A3
S2140365F0CAB2FF239943D30702D5EC23DB02C9189B
S21403660052080A4302600E2000F0FEFA08204549AD
S2140366100860C0034449086044480168444D0904BF
S2140366203FD569694161FEF775FB3D490A68531C0E
S2140366306A68934200D32B681E78B706BF0E5B1CAE
S214036640934200D32B68BC461E78B701FC2636015E
S2140366503E4067463E435B1C934200D32B68B446DA
S2140366601E783603FC27BF023740664637435B1C5B
S214036670934200D32B68BC461E78B704FC26360428
S2140366803E4067463E435B1C934200D32B681A7812
S2140366901706FC2292053A4032430B606A61FEF706
S2140366A042FBA00727D58020C0021F490860FFF7DA
S2140366B0ACFE00281FD0686AC0B2002802D00621AC
S2140366C01C4A1160810916D01B490A68012AFBD9A6
S2140366D049680905090D091DC900084A1268012AF7
S2140366E000D14908002A03D1282202E00C208BE7B8
S2140366F01922FFF757FE01B0F0BD00006C3F000003
S214036700D44000A82C4000A8EC4001A8FFFF0300DB
S214036710846201A8504000A80C6000A80C5000A892
S214036720403E0000846000A84C6201A8584201A8BD
S214036730903E0000845201A81C4000A880B5FEF7D6
S21403674023FA01207E49086001BD80B5EB2000F0E6
S21403675001F801BD30B57B490B681840102213427F
S21403676010D0794B794C2468224008D0A94A146883
S2140367702402FF252D022540DD62002414608022BA
S21403678052031A60086030BDF3B5010016001C0002
S21403679000250095A048019A330000270BE0BC466D
S2140367A04F5D4743AE009E597E40575D4743374093
S2140367B0664637436D1CA542F1D3390939438A0827
S2140367C00A43510811430840C10901430F208A0BAD
S2140367D00A4302405040F6BDF1B582B00E000020D9
S2140367E08C4908608D4DEF7AA87A01900F213940C5
S2140367F000910ED00B468A4A8A490298FFF7C4FFD7
S214036800019901408348016087484143874808400F
S21403681001D1012400E04401380915D032003B09B8
S21403682029000298009E6D7A75194019FFF7ACFF90
S214036830019909110140774802680B01134303606D
S214036840002901D04800444379480068204001D11C
S2140368500420FEBD0020FEBD80B50A000021118085
S214036860744952888018FFF7B7FF02BD70B50F2230
S214036870714B5C7905780F202040C54020092840DD
S2140368809C79C440E40701D4032070BD2F4C2468D0
S214036890A50705D59D684600AD5B6D1E674E356042
S2140368A0DD78DE79C640F00711D5E0060FD5002D5A
S2140368B00DD0634848600888488008881C7800190B
S2140368C02A4080185A7880182A09801800E0002089
S2140368D00880002070BD80B55A4801685A4A0820CF
S2140368E0014201D050611061C90602D58621090113
S2140368F011605649564A126812040CD5554A126856
S214036900530401D5C00305E0C0239B011340420294
S214036910934200D008600D480078C022024002D19E
S2140369208020400508604C4800682022104008601C
S2140369304A480068C00101D4FFF707FF01BD000005
S2140369402C4000A8703F00001C1002A8C43E0000A4
S214036950F8B5434F38687E6806404248304042499F
S21403696008608024A403414DF00228D540480168FE
S214036970080606D53F480068A86001202870022054
S21403698015E00120014202D03B49A9600FE0002038
S214036990C9060CD52A49A960384A91780B071B0FFC
S2140369A012789A1809095118A980E880A888A8803F
S2140369B0A888002801D0264301E0FFF7C6FE26403C
S2140369C026D0294E74603460A88800280ED0F96952
S2140369D081420BD3291D2A48AA6890470100F3D0A9
S2140369E0FEF7D2F8012027490860F1BD01000CD05C
S2140369F0FC218902B161244902038A6134604C6038
S214036A00FA69824204D30C60F1BDEB20FFF7A2FEC5
S214036A10F1BD00004C3E0000010101013C3F0000B7
S214036A20F43E0000343F00001111000021840000F2
S214036A30F03E0000143F0000443F0000204000A842
S214036A4029230000F84F0000302102A8441002A8B2
S214036A50384101A8204201A8084001A8CC4000A85C
S214036A60B44000A8FFFFDFFFB46000A8503E00005C
S214036A70C43E0000B03700003D230000453F000041
S214036A80D44000A82C4000A8B45000A8FEB5C020EF
S214036A90C0043649086036483649C8651024364867
S214036AA00460102000F0B0F801005ED1FF2000055E
S214036AB03249086032483349086033482D49086034
S214036AC025042E48056031480768082000F09CF826
S214036AD001004AD108262E480660012000F094F8EB
S214036AE02A48806802902B4806602B482149086094
S214036AF022480560082000F087F8010035D12448B5
S214036B000660012000F080F8204DA8680190214817
S214036B100660184E214830600299019800F046F846
S214036B200104FC208003084000900298C10B0198E2
S214036B30C00B00F03BF80006FC21890501400098D5
S214036B40014317480A0C4240FF239B1CD2181040EF
S214036B50084330602F60E00308490860286828600F
S214036B6010480460104981640020FEBD20E000A8A0
S214036B70F71700002C0102A8401102A8B02002A8B3
S214036B800000380EB01002A810103030E04001A804
S214036B90E05001A8E06001A830301010202020202B
S214036BA03F3F0000402102A8F7FFF00010B549045C
S214036BB0CA104004C310991A00209A18D30F9A18C3
S214036BC0521052188B115B0E5B18DB11D218202360
S214036BD0541A01D422001843CC0F611849105B08DD
S214036BE0F6D110BD10B5C409FFF711FB201A3128E2
S214036BF006DAC000183801D4C01EFDD5002010BD2B
S214036C002000FFF70EFB10BDC32148436F3801D4A5
S214036C101E38FDD50020704710B5C2001823134058
S214036C20FF249C40E2438907090E9940030004D4DD
S214036C3076489B089B00C01806E0B04B0007000F81
S214036C40083880088000181803681A40114301604A
S214036C5010BD80B57B225421002000F021FA01BD2F
S214036C6010B500F063FA0121694A1160694B6A4A5C
S214036C7013606A4A13600323694C2360694C2360DC
S214036C80694B1960694B196080239D4C2360D16062
S214036C9000F050FA10BD00F049FA05000024012167
S214036CA060B2FFF7B9FF641C0E2CF8D301210F2046
S214036CB0FFF7B2FF01211120FFF7AEFF01211320DA
S214036CC0FFF7AAFF01211720FFF7A6FF03210120E4
S214036CD0C043FFF7A1FF01211B20FFF79DFF012102
S214036CE01C20FFF799FF01211D20FFF795FF0121C7
S214036CF01E20FFF791FF01211F20FFF78DFF6E482F
S214036D006E4908606E48C16AC1620168016002206C
S214036D106C49086001208549086047046A4C20686E
S214036D203840FCD0FDF7C7FF280000F003FA754D86
S214036D300AE000281BD0FDF7EDFF18E02068384076
S214036D40FCD0300000F0F6F9206D0004000F022896
S214036D5001D1FEF76FFB00F0E9F90600FDF7EAFF45
S214036D600028A878E5D0002801D1FDF7DCFF012034
S214036D706978002909D12978002905D16C49096861
S214036D80890601D44F49086030BF0021697029780D
S214036D900029D6D102214B4A116064490860CDE729
S214036DA06448016842680A40634810401A4908600C
S214036DB0800703D5A0480188491C0180704770B539
S214036DC05E48016840680840000E00065C49802261
S214036DD01205104218D05B4B1C68641C1C605A4C8E
S214036DE05A4D2D682D0407D5A568002D04D0072518
S214036DF00D600125A74E3560402525601B68012BD5
S214036E0002D910238B62CA67886770BD00E400E06E
S214036E10040002A80000FF3F282002A82C1002A8A6
S214036E2040E002A844C002A804C001A8044001A888
S214036E30F8B5824C206B616B01400091964D084675
S214036E40286000989549014001D0FFF7C3FB8020D6
S214036E50009901401CD0F821C90123680B4017D0C4
S214036E60C0221201934213D880231B06EB622668C6
S214036E700E40944F3F683F043F0F022F01D0032F6D
S214036E8003D1002E01D09642F1D38F490B602860C0
S214036E908E48007806280DDA0098CC218901014037
S214036EA008D000F043F904000098FDF735FC2000F5
S214036EB000F040F9F1BD0000FFFF9BF800E100E0A1
S214036EC0E04001A85C2002A85C0002A810B5804838
S214036ED0016844680C407F48046080210C4205D05A
S214036EE041607D4801600020FDF716FC600403D571
S214036EF0802040057949086010BD00001CED00E0C5
S214036F00505201A8723E000038B5754801684468BF
S214036F100C40E00707D500F009F90500FDF792FCE1
S214036F20280000F007F96F48046031BD5C1002A822
S214036F30F40302A8280002A8FFFF00C0B44000A87C
S214036F403C6000A86C3E00002C4000A8384101A815
S214036F50FEB5654C206C666C064001273E4216D093
S214036F603D0662480560206861490F60002802D02C
S214036F700021FDF72BFE5F480068A021C901884267
S214036F808041C043C00F5C4988705C480560FDF7CC
S214036F90C1FE029002210E4049D06068C2B201923F
S214036FA0000A009008224B4B4C03554D0020019ECF
S214036FB0012E27D0022E38D1009E012E24D1EE7941
S214036FC00096504E2F780C2047430020F051287827
S214036FD0400590277F04C719032038434A4F38607B
S214036FE01C604A480460301D2B780C246343484CCD
S214036FF02468009FE419C45028780C235843315062
S214037000444811E00091DCE7002E0ED1424E376073
S2140370103C4E361D2D780C277D4370515C601C60FA
S214037020C8043E4B18603E4802603148016002982F
S214037030FDF779FEF7BD0000703E00001C4201A874
S21403704070B5FDF767FE040000F070F82E490A6875
S214037050D20718D52B4A121DFA239B015D790C26FD
S214037060754356592A4D2D681E60CE689E60496842
S214037070D9808021C9041D4E3160197B69185B795C
S2140370800C256B43D15000F055F82000FDF74BFE5E
S21403709070BD00003C5000A84C6201A80200060028
S2140370A0002800D0704710B50C00FDF733FE1D49CD
S2140370B00C6001221C4B1A600B6C1340FCD1FDF7CD
S2140370C032FE10BDAC0002A8785201A8343E000080
S2140370D090C001A890E001A80CC001A804ED00E050
S2140370E090C000A890E000A800C002A8401002A824
S2140370F040E002A8404000A8723E0000402002A8DC
S214037100853E0000300000A860C101A894D001A805
S214037110200000A8F42302A860E101A880E200E0B2
S214037120F41302A8008002A8409002A8EFF3108090
S21403713072B67047002800D162B6704780B5FDF777
S21403714031FEB348006800030AD4FEF75DF8FEF785
S214037150BDFEFDF7CAFF0120FEF794FEFEF770FBA7
S21403716080208005FDF7CEFD01BD80B5FDF71AFE34
S21403717080204002FDF7C6FD01BDF8B5FDF7B4FD5E
S214037180052098490860FDF7B8FDFDF7ECFEFDF70E
S21403719009FEA048016800919F4B406818609F480D
S2140371A001688A05D00F0022012421420FD00092E5
S2140371B09B4D6E681E602E689A4B1F68BD1BBE42B1
S2140371C002D39F69ED196D1C974FBD42F5D3974DBA
S2140371D02A60002803D00098FDF76EFB009028680D
S2140371E0204004D16846FDF7EAFE002802D1009845
S2140371F0FDF73BFFAA4804606004FDF783FDF1BD7D
S21403720038B5A84CE06BC00506D580200006206084
S21403721000BF00BF40082060FDF792FFFDF7C2FDE8
S214037220FDF7F4F90500A048A0490860FFF785F8C4
S2140372308020C002FDF766FD002D01D0802020606F
S21403724001209B49087031BDF8B5FDF7ABFDFDF78E
S2140372504BFD02249348C06B000405D4FDF75AFD8A
S21403726094490C60FDF75FFDFDF747FD1020C04312
S2140372709149086000258B48856390480560FFF7B1
S214037280C4F80700FB26B601002F02D0FFF762F80A
S21403729000E035602C20305C0521014002D0FDF76C
S2140372A00DFE01E0FDF717FEF06A044002D0012050
S2140372B07C490860FFF70FFB002F01D0FFF7B2F8F9
S2140372C080200003FDF71EFDF1BD80B5FDF76AFDC6
S2140372D04F480068000303D4FDF707FFFEF7B0FA34
S2140372E080204003FDF70EFD01BD38B5FDF75AFDBE
S2140372F06C4C2025FEF7A6FE002806D0206B000760
S21403730004D5FEF7C4FEFEF74FFB2560FDF7EDFE42
S214037310FEF796FABD4800780C210140042902D1F5
S214037320FDF7CCFD01E0FDF7D6FD6804FDF7EAFCAA
S2140373304020206031BD1CB5FDF7D6FC0520294949
S2140373400860FDF7DAFCFDF72DFDFEF7A0FEB0485A
S214037350006800906846FEF7D7FA0400FEF7EDFFD4
S214037360002C02D10098FEF745FB80204004FDF771
S214037370C9FC13BDF8B5FDF715FDA64C256A5020CC
S214037380284002D0FDF79AFD01E0FDF7A4FD454F26
S214037390FEF758FE00281BD1786B40071DD4386BC8
S2140373A0E0214901014018D1A80611D4FDF79CFC41
S2140373B0256A994E354207D0FF20C0432D18256213
S2140373C08020000595490860FDF797FC2E4002D003
S2140373D00120386001E00020206080208004FDF753
S2140373E091FCF1BD3C1102A880B5FDF7DBFCBC485F
S2140373F00068400601D5FDF778FE0120FEF742FD42
S214037400FEF71EFA8020C004FDF77CFC01BD0000D9
S2140374100C0002A8B83F0000483E0000400002A847
S214037420D03E000020C001A801FF00003C3E000043
S21403743010B576480468FDF7B5FCAA490968090340
S21403744028D40321C00601D5214001E0A00801404D
S214037450012902D1FDF732FD0BE0200107D50E20EE
S214037460FFF76CF9A0480421016008210160FDF7CD
S21403747032FD9E4C20699E490860FEF75EFF206839
S214037480002807D04000122802D2FFF7BDFB01E018
S214037490FEF7A3FE80208003FDF734FC10BD00003A
S2140374A0402002A8100002A870012000B46000A8C3
S2140374B0733E00007CE40350442002A84C3E0000C8
S2140374C0F8B584B001266846067000270297FDF7D4
S2140374D069FC0390834C2068000300D58FE00320EB
S2140374E0A449C863A4480068A44D0F210F22024094
S2140374F0032A03D0000B014006294DD1A04800689B
S214037500A0498E6DE16B890701D59E49CE6DFEF7C6
S214037510CAFE8619FEF779FF00280ED02879C10621
S2140375200BD02868090D4143890B761895490968DD
S214037530002902D10002400C3618002E01D501970F
S21403754000E00196606B0107C80F03212A6B0A400F
S214037550022A1BD1039AD20618D5AA68D30513D5D7
S214037560A66B894B1E409E4203D11021814AD163EC
S2140375700CE092050AD4E26B2823134006D16B462F
S2140375801F70264A116001E06A461770029068462B
S2140375900678002E03D10FE07A48406D0190FEF77F
S2140375A051FD002808D0FEF772FD0298002802D08D
S2140375B0FEF7FAF900E0002602206E490860002E66
S2140375C010D03020285C0C210140042902D0A06B87
S2140375D0C00602D5FDF772FC01E0FDF77CFC202017
S2140375E060600CE0FDF781FD01A8FEF78DF904004D
S2140375F0FEF7A3FE002C02D10198FEF7FBF98020CC
S2140376000004FDF77FFB05B0F0BD0000EC3E000074
S214037610CC3F0000CC3E000000FFFF00441002A851
S214037620FEB500240194FDF7BDFBFEF786FE574E1C
S214037630F06E574D0007000F072807D17068002823
S21403764004D40020FEF71EFC286841E00121032035
S214037650504A73685B070BD44F4B1B680B4007D02D
S2140376601368DF050BD55B0502D43368DB0503D44B
S2140376700191916A890904E01021484B1960916AC7
S2140376800909084000900020FEF7FCFB009800283C
S21403769005D17068C00602D4FDF71DFC01E0FDF7B6
S2140376A00DFC00200199002903D13D480068FEF730
S2140376B0FAFD6969401801D5009400E00090684619
S2140376C0FDF77DFC002805D10098FDF7CEFCA869E0
S2140376D00749086080200005FDF714FBF7BD00008E
S2140376E0440102A80C0002A880E200E0AC3F0000C0
S2140376F0483E0000F8B5FDF755FB00240025294851
S214037700066B80277F05300606D5300709D5FEF7BA
S214037710BEFCFEF749F929E001251F48006828400A
S21403772019D00020FEF7AEFB0220064002D01E4909
S2140377300C60C8611D480468002D03D02000FDF7C7
S2140377404FF90400FEF7A3FC2000FEF753F93800B8
S214037750FDF7D8FAF1BD16480078C021014040294C
S21403776002D1FDF7ABFB01E0FDF7B5FB20200D4989
S2140377700860ECE7082002A8AC0002A8BC3E0000A4
S2140377800CC101A86C3F000010000010400002A8C6
S214037790BC3F0000C43E0000B44000A8441002A84A
S2140377A01CC101A8100002A8180000AAD83F0000B8
S2140377B0EC3E0000FFF754FA024803494860FFF71F
S2140377C06AFA00BF672700000000000080B5EFF3E9
S2140377D005800B2801D23A2100E029218C22520091
S2140377E00020FFF75DFCFEE7A88003000000000012
S2140377F060780300010000000000000000F049026A
S214037800A880030000000000847803000100000045
S2140378100000000000F04902A880030000000000FA
S214037820A8780300010000000000000000F04902F1
S214037830A880030000000000CC78030006000000C8
S2140378400000000000F04902A880030000000000CA
S214037850A4790300010000000000000000F04902C4
S214037860C8790300809C2B8F80841E0000000000D4
S2140378702700FF7FF40B0020000000005484030061
S21403788000000000287B0300809C2B8F80841E0052
S214037890000000002700FF7FF40B0020000000001C
S2140378A05484030000000000887C0300809C2B8F18
S2140378B080841E00000000002700FF7FF40B0020DA
S2140378C0000000005484030000000000E87D03006D
S2140378D0809C2B8F80841E000000000022002C0159
S2140378E0F40B002000000000548403000000000096
S2140378F0E87D0300809C2B8F80841E0000002300FD
S2140379002300B600F40B002000000000548403009C
S21403791000000000E87D0300809C2B8F80841E00FF
S2140379200000240024009D00F40B0020000000004B
S2140379305484030000000000E87D0300809C2B8F26
S21403794080841E000000250025007D00F40B002027
S214037950000000005484030000000000E87D0300DC
S214037960809C2B8F80841E000000260026003A0091
S214037970F40B002000000000548403000000000005
S214037980E87D0300809C2B8F80841E000000270068
S21403799027002C01F40B0020000000005484030091
S2140379A000000000487F0300809C2B8F80841E000D
S2140379B0000000002700FF7FF40B002000000000FB
S2140379C05484030000000000FC4F0103C48203003C
S2140379D010400100004100003C4001000000000090
S2140379E0484001002007040050400100000000004A
S2140379F05C4001000D0F000004410100FF4C000035
S214037A0020400301000000861FC001000020000084
S214037A10384001010000000058400401180005002A
S214037A2040080000090000009200040080400F0197
S214037A308C002C02000000001200120000808C193B
S214037A40000000000002050E1C2F435362696861A4
S214037A505543320416100E0E0D0C0A0807060504CD
S214037A60030302020201010101010100EC400101CE
S214037A7080B0B18CFC4003019C200B00055B60804A
S214037A804737414A0C410301B85512002A194929C0
S214037A900908404028410101FFDD00003841070185
S214037AA04CD4E83B04196F10080E141A20262C3207
S214037AB0383E10325476980A1D00000070410101CA
S214037AC0C0030000344201010008000E48420101D1
S214037AD058AA1EC0784201010000008038800101C8
S214037AE0114910009C800301EB400200703803002C
S214037AF0D0000000A8800111F0010000A880013129
S214037B00055AFD01AC800111F0010000AC80013183
S214037B10053EFD00E40001026C2C511154010102E4
S214037B20C43F0000FFFFFFFFFC4F01031483030065
S214037B3010400100004100003C400100100000001E
S214037B4048400100201704005040010001040000D3
S214037B505C4001000D0F00000441010003C001005A
S214037B6020400301300000461FC80100002000101B
S214037B7038400101000000005840040118000500C9
S214037B80400800000900000092000A0080400F0130
S214037B908C002C0200000000120012005B808C1B7D
S214037BA0000000000002050E1C2F43536269686143
S214037BB05543320416100E0E0D0C0A08070605046C
S214037BC0030302020201010101010100EC4001016D
S214037BD080B0B18CFC4003019C200A000161208028
S214037BE0B75635120C410301B8551200A01B0429E1
S214037BF00888404028410101000000003841070181
S214037C004CD4E83B04196F300A10161C22282E3475
S214037C103A4010325476980A1D5F80A470410101E1
S214037C2000000000344201010008000E4842010132
S214037C30F4811F0078420101000000003880010132
S214037C40114910009C800301EB40020070380300CA
S214037C50D0000000A8800111F0010000A8800131C7
S214037C60055AFD01AC800111F0010000AC80013122
S214037C70053EFD00E40001026C2C51115401010283
S214037C80C43F0000FFFFFFFFFC4F010364830300B4
S214037C9010400100004100003C40010010000000BD
S214037CA04840010020070400504001000004000083
S214037CB05C4001000D0F00000441010003C00100F9
S214037CC020400301300000461FC8010000200010BA
S214037CD03840010100000000584004011800050068
S214037CE0400800000900000092000A0080400F01CF
S214037CF08C002C0200000000120012005B808C1B1C
S214037D00000000000002050E1C2F435362696861E1
S214037D105543320416100E0E0D0C0A08070605040A
S214037D20030302020201010101010100EC4001010B
S214037D3080B0B18CFC4003019C200A0001612080C6
S214037D40B75635120C410301B8551200A01B04297F
S214037D50088840402841010100000000384107011F
S214037D604CD4E83B04196F30080E141A20262C3224
S214037D70383E10325476980A1D5F000070410101A8
S214037D8000000000344201010008000E48420101D1
S214037D90F4811F00784201010000000038800101D1
S214037DA0114910009C800301EB4002007038030069
S214037DB0D0000000A8800111F0010000A880013166
S214037DC0055AFD01AC800111F0010000AC800131C1
S214037DD0053EFD00E40001026C2C51115401010222
S214037DE0C43F0000FFFFFFFFFC4F0103B483030003
S214037DF010400100014100003C400100000000006B
S214037E0048400100A00704005040010000000000A5
S214037E105C4001000000000004410100FF4C00002C
S214037E2020400301000000861FC001000060000020
S214037E303840010100000040584004016402FF007E
S214037E4040080000010000009200080080400F0177
S214037E508C000C0200000000D70322000000000084
S214037E60000000000002050D1A2D3F50606869638C
S214037E7057463525150D09080706050504040403AA
S214037E80030303020202020201010101EC400101A5
S214037E9090382C8CFC4003019C200A00055B58801C
S214037EA04737414A0C410301B85552002A1949295C
S214037EB0893B404028410101FFDD000038410701AE
S214037EC0E853FA0000000000000000000000000075
S214037ED000000000000000000000000070410101E7
S214037EE0C1030000344201010000000E48420101B4
S214037EF058AA1EC078420101000000003880010124
S214037F00114910009C8003010000000070780300F4
S214037F10FFC00200A8800111F0010000A880013113
S214037F200542CB01AC800111F0010000AC800131A9
S214037F30050A0D00E40001026C2C511154010102E4
S214037F40C43F0000FFFFFFFFFC4F01030484030050
S214037F5010400100014100003C4001000000000009
S214037F6048400100A0070400504001000000000044
S214037F705C4001000000000004410100FF4C0000CB
S214037F8020400301000000861FC0010000600000BF
S214037F90384001010000004058400401C804FF00B7
S214037FA040080000010000009200040080400F011A
S214037FB08C000C0200000000B60322000000000044
S214037FC0000000000002050E1C2F4353626968611F
S214037FD05543320416100E0E0D0C0A080706050448
S214037FE0030302020201010101010100EC40010149
S214037FF090E82B8CFC40030190200A00055B588018
S2140380004737414A0C410301F56252002A194929B0
S214038010893B404028410101FFDD0000384107014C
S214038020E853FA0000000000000000000000000013
S2140380300000000000000000000000007041010185
S214038040C1030000344201010000000E4842010152
S21403805058AA1EC0784201010000000038800101C2
S214038060552510009C800301000000007078030073
S214038070D0000000A8800111F0010000A8800131A3
S2140380800542CB01AC800111F0010000AC80013148
S214038090053EFD00E40001026E2C5113540101025B
S2140380A0C43F0200FFFFFFFF0C40010001810100F7
S2140380B020400200000000000100000030400300E2
S2140380C00000000000000000000000004040020026
S2140380D000000000004000006040010001010000B5
S2140380E0A840010007000000BC4004000000000098
S2140380F0000000000000000000000000084103002C
S214038100FF4C0000FF4D0000FF4D000020C0011093
S21403811000F8070020C00130F502080024C008005C
S21403812000130000EC80B38343754051A00F004852
S2140381303040000000000000000000002E02000097
S21403814050C00400511130040E2D09E654060708EA
S214038150D1B6020064C00A000430001C403018097F
S2140381600D647920EBFCFB017FF6E803BD4B72152B
S21403817011A3180510325476980A00000000000078
S214038180080001010807000018000101AAAAAA00B6
S214038190200001010060DA001C400101100000000D
S2140381A02C400301008000000000000300000000D4
S2140381B0684002012941767100000000BC400201BC
S2140381C00000000000000000E04002013300000051
S2140381D000000000F4400201640483078813C83AD1
S2140381E02441010100000000304102016406660CD0
S2140381F00C01000054410101010100006841020125
S21403820064048307881382003042010100000000E3
S2140382103842020100000000000000004442010151
S21403822000000000544209010000000000003C006A
S21403823000000000000000005555555517000000CB
S2140382400000000000000000AAAA06007C4202010B
S2140382500000000000000000108001010300000081
S2140382603C80010101000000B0800201000300020F
S2140382703700000198000202000C00044C000000C6
S214038280A400010200040000D0000202050040AA78
S21403829088010000F4000202000000003D210811DE
S2140382A0FC0001123F000000FC00013200540400F1
S2140382B0300101026000510268010102000400005F
S2140382C0FFFFFFFF1000000000008000000000001A
S2140382D0E8840300AC8403000000000080259600B9
S2140382E00048E80140420F000108F500114950021A
S2140382F00000000056840300000000000000000099
S214038300000000003D420F000000000000000000D7
S21403831000000000100000000000800000000000C5
S214038320E8840300B884030000000000802596005C
S2140383300048E80140420F000102F50011495002CF
S2140383400000000056840300000000000000000048
S214038350000000003D420F00000000000000000087
S2140383600000000010000000000080000000000075
S214038370E8840300C4840300000000008025960000
S2140383800048E80140420F000108F5001149500279
S21403839000000000568403000000000000000000F8
S2140383A0000000003D420F00000000000000000037
S2140383B00000000010000000000080000000000025
S2140383C0E8840300D0840300000000000047860012
S2140383D00048E80180841E000101F500114950029F
S2140383E000000000568403000000000000000000A8
S2140383F00000000054841E0000000000000000007F
S21403840000000000100000000000800000000000D4
S214038410E8840300DC8403000000000084174300A4
S2140384200024F40040420F000101F50055255003D7
S2140384300000000056840300000000000000000057
S2140384400000000038420F0000000000000000009B
S2140384500000000003000200000000F049020614BA
S214038460000000E0930405380000A00800000000A8
S214038470580901040706100A01040707C80A00047E
S2140384800807800B00040808380C00040908610874
S21403849000000000680800000000C7090104040388
S2140384A02C0B01040404920C0104050450C30000C1
S2140384B0E62D0000D0070000E5BF000010270000EF
S2140384C0C2010000F5DA0200102700002C010000AC
S2140384D050C3000050140000FA00000050C3000010
S2140384E0FC210000B3010000193F0106041001003F
S2140384F00001010600102700000C00000000000029
S2140385000000232D302B2000686C4C006566674501
S21403851046470030313233343536373839414243F3
S21403852044454600303132333435363738396162A4
S214038530636465660062675F6D6573736167652074
S2140385407265636569766572730062676275660055
S21403855061636C006C6C5F636F6E6E656374696FEA
S2140385606E006C6C5F6164765F7365740067617040
S2140385705F636F6E74657874006C6C5F76616C69AC
S2140385806461746F72006D6573685F70726F765F97
S21403859064620062675F6D65737361676500736F1E
S2140385A066745F74696D65725F6D65737361676525
S2140385B000666F756E646174696F6E5F636D6400E9
S2140385C06C6C5F6164765F73796E63006C6C5F736B
S2140385D063616E5F73796E63006761705F70657267
S2140385E0696F6469635F616476006761705F706575
S2140385F072696F6469635F73796E63006C3263617B
S214038600705F636F635F6368616E6E656C006D6554
S21403861073685F70726F765F64625F6170706B65BC
S21403862079006D626564746C735F636F6E746578EE
S214038630740000004A850300508503005485030038
S214038640628503006D850300798503008685030034
S214038650938503009E850300B1850300C085030050
S214038660CC850300D9850300EA850300FC85030057
S2140386700E8603002286030062676275665F696E74
S2140386800062676275665F6F75740062676275661F
S2140386905F6E6F666C6F770062675F6D616C6C6FA1
S2080386A0630000006B
S20C0386A4549CFD7F0100000059
S2100386ACB8860300C00A00200D01000081
S2140386B834120020F2000000552C0100143D03007C
S2140386C82C3D0300E8030000C0EA2101C0EA2101AB
S2140386D80080000000F04902382B0020F00A002032
S2140386E800C0040000A0000024160020C8000000F4
S2140386F8FE00000000000000443E0300F80E0020C1
S2140387084F2B0300200000000000000000000000BC
S21403871800000000000000000000000021EE010039
S214038728000000000000000000000000F9D6010069
S214038738000000000000000000000000F5D801005B
S21403874800000000000000000000000095E701009C
S21403875800000000000000000000000055010300B0
S2140387680000000075EA0100000000000000000099
S2140387780000000025EA01000000000000000000D9
S2140387880000000071EB010000000000000000007C
S2140387987DF401000000000000FFFFFFFF0000005B
S2140387A8FFFFFFFF8320030040440300FFFFFFFF94
S2140387B84C4403007924030075240300FFFFFFFFDE
S2140387C885240300FFFFFFFF372803008D280300D7
S2140387D8FFFFFFFFFFFFFFFFFFFFFFFFFFFFFFFF99
S2140387E823270000FFFFFFFF000000000000000033
S2140387F803000000202800200C0C002000000000C6
S2140388082028002088280020F028002000000000E8
S2140388180000000000000000000000000000000048
S2140388280000000000000000000000000000000038
S2140388380000000000000000000000000000000028
S21403884800000000000000002000040000000000F4
S21403885800000200100000000000000000000000F6
S21403886800000000000000000A00010000000000ED
S2140388780A000E000000426C696E6B792045786129
S2140388886D706C6502000800000030303030303000
S21403889830300200030000003030300002000500CC
S2140388A80000302E302E30000200080000000000C2
S2140388B80000000000000A0001000000000012008B
S2140388C80100000000000000000001010200FFFF95
S2140388D8FFFF0400E40C02001700FFFF0E00000071
S2140388E80000FF0102001F04010101BF8FAF7F874D
S2140388F800370F10100004040F05140A0301FF0EB7
S214038908FF0F7F0082B030BF074BD3F8F030DB078A
S21403891804D500230193019B052B01DD02B07047A4
S214038928019B0133F6E700BF00ED00E0F0B5114AFE
S214038938114C124E00F00105E3695F0713D40DB915
S214038948334213D103EA00078F4207D10B4A1A4072
S214038958002A0CBF00206FF00100F0BD013AEBD1EE
S2140389686FF00200F9E74FF0FF30F6E76FF001000B
S214038978F3E700BF8096980000000350020001004A
S2140389880B4B70B5D96911F480310DD101244FF41E
S2140389988072084E084DF46020462C641A61FFF76F
S2140389A8C5FF3464EC6070BD6FF00100FBE700BFE1
S2140389B80000035000100350002003504FF4003209
S2140389C838B50F4B0F4C9A6641F671330122E569A9
S2140389D8E3630D4B0021DA600223606121202361E3
S2140389E805F48035FFF7A2FF10B92120FFF79EFF95
S2140389F80122064BDA600DB10023E36338BD00BFDE
S214038A08009000500000035000100350002003504D
S214038A1870B5134C6061E3695B071ED40E4656F8BF
S214038A28043B8D18A361AE420BD1042300212120F9
S214038A382361FFF77BFF58B9BDE870402120FFF795
S214038A4875BF08210846FFF771FF10B10423236199
S214038A5870BD56F8043BA361E5E74FF0FF30F7E730
S214038A68000003502DE9F84315464FF40032184B1F
S214038A7889469A6641F6713203F51C33DF69DA6371
S214038A880122064603F58053DFF84C8007F4803747
S214038A98DA6055B9284601220E4BDA601FB1002268
S214038AA8A3F50053DA63BDE8F88306F5005404EA31
S214038AB80804A41BAC4228BF2C4649462246304627
S214038AC8FFF7A6FF0028E6D12644A1442D1BE0E7BE
S214038AD8009000500020035000E0FFFFD52201005D
S208038AE8AD220100B2
S80401325573
