S0170000424C455F4D6F64756C655F42617369632E73333704
S214006000C00A0020ED6C00009F4D02009F4D02006C
S2140060103F6002009F4D02009F4D02009F4D020010
S2140060209F4D02009F4D02009F4D02009F4D0200B3
S2140060309F4D020058FF0200894C02009F4D02004F
S2140060409F4D02009F4D02009F4D0200C17100004F
S2140060509F4D02009F4D02009F4D02009F4D020083
S2140060609F4D02009F4D02009F4D02009F4D020073
S214006070A9BF00008D6B00002F4D02009F4D02004F
S2140060809F4D02009F4D02009F4D02009F4D020053
S2140060909F4D0200997700009F4D02009F4D020021
S2140060A09F4D020075790000517900009F4D020057
S2140060B09F4D0200992702009F4D0200E131020029
S2140060C03BEA020037EA0200D129020047EA020052
S2140060D03FEA0200B931020043EA02002132020020
S2140060E0AD0B0200710D0200913202009F4D0200BE
S2140060F09F4D02009F4D02009F4D02009F4D0200E3
S2140061009F4D02009F4D02009F4D02009F4D0200D2
S2140061109F4D02009F4D02009F4D02009F4D0200C2
S2140061209F4D02009F4D02009F4D02009F4D0200B2
S2140061309F4D02009F4D02009F4D02009F4D0200A2
S214006140002370B5404C05468AB0E36318B100885A
S21400615023600CF05FF83D4827F0CEFF3C4E3D4BE9
S214006160304633603C4B736023F056FD00213046CA
S21400617016F090FC32A3D3E90023A062C4E90623FC
S21400618023F055FDD4E9062319431043C4E906015C
S214006190CDE900014FF0FF334FF0FF32A06A28F040
S2140061A026F802224FF0FF31A06A28F025F80120D9
S2140061B00BF0B2FD4FF4007300222849A06A28F0C5
S2140061C06EF8B0F5007F38D100239422CDE907336E
S2140061D009933C23CDE9033205939623A06A03A9CD
S2140061E0069316F075FD35B3287C0CF0CBF9054602
S2140061F0F0B9A06A28F034F90CF072F90BF06EFDD5
S21400620020B14FF48070002108F0F8FC0BF076FD0A
S21400621020B14FF40060002108F0F0FC23F0CBFD25
S214006220012016F08BFC0E4A0E49A06A23F0F2FC01
S21400623028460AB070BDFF20D7E70725F8E700BF5D
S2140062400DD5015520000000900F0020690345EC95
S214006250742300209D1B010084230020742100204D
S214006260BD9B0200FD9B02000348044B834202D004
S214006270034B03B1184770471C0F00201C0F00206B
S21400628000000000064B0749C91A891048BF0131B3
S214006290491003D0044B0BB101481847704700BFA4
S2140062A01C0F00201C0F00200000000010B5064C3C
S2140062B0237843B9FFF7D8FF044B13B10448AFF374
S2140062C000800123237010BD342B00200000000046
S2140062D0A849030008B5054B1BB105490548AFF3AF
S2140062E00080BDE80840FFF7CDBF00BF00000000FB
S2140062F0F0110020A8490300A3F5803A704700BFBC
S214006300174B002B08BF134B9D46FFF7F5FF0021E8
S2140063108B460F461348144A121A28F049FC0E4BB7
S214006320002B00D098470D4B002B00D0984700203C
S214006330002104000D000D48002802D00C48AFF3E1
S21400634000801DF041FC200029001EF091FC1DF08D
S214006350BBF900BF000008000000000000000000BD
S214006360C00A00201C0F0020702C00200000000037
S2140063700000000010B5042000F044FC70B1084C8A
S214006380084920681FF0A3FC1EF007FD1EF006FD5E
S21400639020680549BDE810401FF099BC10BD00BF3D
S2140063A08812002080FA020085FA020010B5042048
S2140063B000F028FC70B1084C084920681FF087FCE4
S2140063C01EF0EBFC1EF0EAFC20680549BDE8104014
S2140063D01FF07DBC10BD00BF8812002080FA0200AE
S2140063E09BFA020070B56A4D04466B68834217D16B
S2140063F01EF036FD00286AD166481EF0A7FD042070
S21400640000F000FC60B1644E644930681FF05FFC29
S2140064101EF0C3FC1EF0C2FC614930681FF057FC3A
S2140064202B68A34218D120461EF01AFD002866D11C
S2140064305C481EF08BFD042000F0E4FB60B1564E75
S214006440564930681FF043FC1EF0A7FC1EF0A6FC61
S214006450554930681FF03BFCEB68A34218D1204634
S2140064601EF0FEFC002862D150481EF06FFD04208E
S21400647000F0C8FB60B1484E484930681FF027FC62
S2140064801EF08BFC1EF08AFC494930681FF01FFC8A
S214006490AB68A3427AD120461EF0E2FC00285ED10B
S2140064A044481EF053FD042000F0ACFB00286DD0DD
S2140064B0394C3A4920681FF00AFC1EF06EFC1EF0AC
S2140064C06DFC3D492068BDE870401FF000BC2046CA
S2140064D01EF0C6FC0128A3D12E481EF03AFD04206B
S2140064E000F090FB00289BD02B4E2C4930681FF004
S2140064F0EEFB1EF052FC1EF051FC30498DE72046A4
S2140065001EF0AEFC0128A7D126481EF022FD04206E
S21400651000F078FB00289FD01F4E204930681FF0FF
S214006520D6FB1EF03AFC1EF039FC254991E72046C2
S2140065301EF096FC0128ABD11C481EF00AFD042074
S21400654000F060FB0028A3D0134E144930681FF0FB
S214006550BEFB1EF022FC1EF021FC1A4995E72046E1
S2140065601EF07EFC012811D112481EF0F2FC042019
S21400657000F048FB50B1084C084920681FF0A7FB04
S2140065801EF00BFC1EF00AFC0F499BE770BD00BF17
S214006590CC0A002038FF02008812002080FA020091
S2140065A0B1FA020020FF0200FAFA020008FF020019
S2140065B04BFB0200F0FE02009AFB0200D5FA020036
S2140065C022FB020072FB0200C1FB02000368864A3F
S2140065D023F47F4323F00703934273B505D0834A21
S2140065E0934200F0AB8002B070BD814E30460EF094
S2140065F019FE054610B37F4C7F4920681FF067FBE5
S2140066007E4920681FF063FB1EF0C7FB1EF0C6FB2A
S2140066107B4B7C4A00937C49952320681FF057FBF0
S2140066207A492B467A4A20681FF051FB284600F02C
S2140066302FFB784920681FF04AFBFEE702213078DE
S2140066400EF02AFE044610B36A4D6B4928681FF008
S2140066503EFB6A4928681FF03AFB1EF09EFB1EF0C0
S2140066609DFB674B674A009367499A2328681FF08B
S2140066702EFB66492346664A28681FF028FB2046FC
S21400668000F006FB634928681FF021FBFEE7A02206
S21400669000900346114630780EF0DCFD054610B338
S2140066A0544C554920681FF012FB544920681FF0CF
S2140066B00EFB1EF072FB1EF071FB514B514A00930D
S2140066C05149A32320681FF002FB50492B46504A2D
S2140066D020681FF0FCFA284600F0DAFA4D492068D8
S2140066E01FF0F5FAFEE7022130780EF0E9FD0546C8
S2140066F000283FF478AF3F4C3F4920681FF0E7FA88
S2140067003E4920681FF0E3FA1EF047FB1EF046FBEA
S2140067103B4B3C4A00933C49A72320681FF0D7FA1E
S2140067203A492B463A4A20681FF0D1FA284600F02C
S214006730AFFA384920681FF0CAFAFEE72C4C02214F
S21400674020780EF0A9FD054610B32A4C2A49206889
S2140067501FF0BDFA294920681FF0B9FA1EF01DFB8C
S2140067601EF01CFB264B274A00932749B5232068BA
S2140067701FF0ADFA25492B46254A20681FF0A7FAD8
S214006780284600F085FA234920681FF0A0FAFEE7A5
S214006790022120780EF094FD054600283FF423AF32
S2140067A0144C154920681FF092FA144920681FF00F
S2140067B08EFA1EF0F2FA1EF0F1FA114B114A00930F
S2140067C01149BA2320681FF082FA10492B46104A56
S2140067D020681FF07CFA284600F05AFA0D49206817
S2140067E01FF075FAFEE700BFA0000100A00006013A
S2140067F0120D00208812002099FA0200E9FB020020
S2140068002CFC0200EEFB0200F7FB020006FC020076
S21400681003FC02001BFC020030B50368514A23F457
S2140068207F4323F00703934289B040F09880052207
S214006830002116204C4B0EF057FD054610B34B4C6E
S2140068404B4920681FF043FA4A4920681FF03FFA78
S2140068501EF0A3FA1EF0A2FA474B484A0093484996
S214006860592320681FF033FA46492B46464A2068CB
S2140068701FF02DFA284600F00BFA444920681FF056
S21400688026FAFEE70DF10F0104A80EF043FD0446BC
S21400689010B3364D364928681FF019FA354928686E
S2140068A01FF015FA1EF079FA1EF078FA324B334ACA
S2140068B000933349642328681FF009FA31492346B8
S2140068C0314A28681FF003FA204600F0E1F92F4904
S2140068D028681FF0FCF9FEE7BDF8143001465BBAE5
S2140068E0ADF818309DF8133008228DF81A30FF23C3
S2140068F08DF81B30FE238DF81C309DF812301820C2
S2140069008DF81D30BDF810305BBAADF81E3006AB02
S2140069100EF0EAFC054610B3144C154920681FF02B
S214006920D6F9144920681FF0D2F91EF036FA1EF088
S21400693035FA114B114A00931149742320681FF051
S214006940C6F910492B46104A20681FF0C0F92846A1
S21400695000F09EF90D4920681FF0B9F9FEE709B06E
S21400696030BD00BFA00001003BFC020088120020E2
S21400697099FA0200E9FB020069FC020041FC0200F1
S214006980F7FB020006FC020003FC02001BFC0200F0
S21400699010B5234C01F0D0FA01F0ACFC236F23F0C5
S2140069A0070343F0030323671EF029FC1D4B00205A
S2140069B09B6A9B075EBF01221B4B9A62D4F820316C
S2140069C023F0030343F00203C4F82031D4F8243143
S2140069D023F0070343F00203C4F82431D4F840310F
S2140069E023F0030343F00103C4F84031D4F86031C8
S2140069F023F0030343F00103C4F86031D4F84032B7
S214006A0023F0030343F00103C4F84032D4F8003205
S214006A1023F0070343F00103C4F8003210BD00BFA3
S214006A200080005000C0005000E0005008B502F0A2
S214006A30A9F801280ED1114B04205A6E4FF480237A
S214006A400F49520358BF0F4A4B6601F510410862C2
S214006A5058BF536603F0FAFE03F09EFE03F0BEFE38
S214006A601FF0E4F8FFF794FF03F0A6FE00F06CFBBF
S214006A7000F092FFBDE8084004F054BB00800050D0
S214006A800090005000A0005030B51C4D95B00DACE5
S214006A900FCD0FC495E80700282384E80700184A9E
S214006AA00021CDE9022305230E24CDE904118DF83B
S214006AB01130062322460DF1260006918DF813307C
S214006AC028F076F84FF480210E4B0DAACDE9071377
S214006AD00D238DF824300C4B07A90A9320230B9323
S214006AE001238DF83130094B0948009302AB8DF82D
S214006AF0254004F0D9F815B030BD00BF74FE020082
S214006B0000C0055024C00550352B00200812002078
S214006B105C120020831E012B10B512D8012922D842
S214006B20114B04221B6905210020C3F3401301F01A
S214006B302DFE0E4B1B681868A8B1BDE81040436ACE
S214006B4018478B1E012B0CD801280CD8BDE8104026
S214006B500022054B05211B691046C3F3401301F0C4
S214006B6015BE0129E5D910BD00C00350C00A00209B
S214006B7008B50449044804F09BFBBDE80840FFF74D
S214006B8083BF00BFC40A00208012002001481FF007
S214006B900CBA00BF5C120020014B1A6A1868104736
S214006BA05C12002008B507481EF055F906481EF08E
S214006BB052F906481EF04FF9BDE8084004481EF09A
S214006BC04AB900BFD8FE0200C0FE0200A8FE0200BE
S214006BD090FE020008B507481EF0B5F906481EF0FC
S214006BE0B2F906481EF0AFF9BDE8084004481EF0AA
S214006BF0AAB900BF38FF020020FF020008FF02000B
S214006C00F0FE02000B4B02461B7883B10A4B1B7842
S214006C10834234BF00200120084B1B7833B1084B59
S214006C201B78134113F0010F08BF002070470120A6
S214006C30F2E700BF210D0020200D0020552B00207C
S214006C401F0D0020012208B5074B1A700022074BC3
S214006C501A700422064B1A701F22064B1A7003F095
S214006C601FFE054B186008BD210D0020552B002087
S214006C70200D00201F0D002088120020024B034923
S214006C8018681FF024B800BF8812002050FF0200CA
S214006C9070B50C4C0C49064620681FF018F803F037
S214006CA0FFFD0546206803F0EFFD3046FFF7E6FFE0
S214006CB0284603F0E9FD20680449BDE870401FF04F
S214006CC006B800BF8812002052FF020054FF0200E0
S214006CD00348044A0449121A92101EF061B800BF15
S214006CE0184E0300184E0300702C002008B500F064
S214006CF02FF8FFF7EDFF124B12498B4212D30020FC
S214006D00114B12498B4218D3FFF7FAFA186850F85D
S214006D102240586840F82240013298688242F5D3F3
S214006D200C33EAE70022F8E71C6844F82200013238
S214006D305C68A242F8D30833E4E70022F8E700BF15
S214006D40B0490300BC490300BC490300BC4903002A
S214006D504FF400414FF0FF30124B134A10B59A60C3
S214006D60D3F8882042F47002C3F888200F4A916650
S214006D7001F1884101F5005210664FF6DF7050664B
S214006D800220C3F8D000BFF34F8FBFF36F8F0824E5
S214006D904FF440330648C0F88041D36004600B616E
S214006DA010BD00BF00ED00E0006000000090005045
S214006DB000E100E0014B1868704700BFE00A0020C1
S214006DC0084B1B6F03F00703022B04D0032B05D0E0
S214006DD0012B05D0FEE7044B18687047034BFBE712
S214006DE00348704700800050E00A0020E80A0020B0
S214006DF0002D310108B5FFF7E3FF054B1B6FC3F30A
S214006E0003330133B0FBF3F0024B186008BD00BF3C
S214006E1000800050DC0A00200048704700B4C4041C
S214006E20014B1868704700BFE80A0020054B186041
S214006E30054B1B6F03F00703032B01D1FFF7DABFE7
S214006E40704700BFE80A00200080005000487047E6
S214006E50002D3101014B1868704700BFE40A00207E
S214006E60BFF34F8F0549064BCA6802F4E06213432E
S214006E70CB60BFF34F8F00BFFDE700BF00ED00E023
S214006E800400FA0500239B6AB3F5C04F03D21968C5
S214006E90064A914203D000230370836070470122A4
S214006EA002709A689B694260F7E700BF07B0CD5E44
S214006EB073B55E4B04461A781AB102221A7002B0F5
S214006EC070BDCDE900220028F9D001261E701EF004
S214006ED0B2F9574D574B186018F052FF2B785BB934
S214006EE000F05AFD40B954480823544A54490068F3
S214006EF015F006FB00B92E70524B5A6E62619B6EFF
S214006F00514AA3614FF40043936603F188435968DE
S214006F10E1614E499960196E2160596E6160D3F83F
S214006F207011A160196CE160596C21614849086CC8
S214006F301864496C5964012151664FF400519166FA
S214006F401A6E56044BD54349CA68D407FCD45B6E08
S214006F505A0449D5404AD36B13F0430FFBD13F4B3D
S214006F601A68531C46D04FF4001393403C4A1366ED
S214006F7004233B4C23664FF4806323661DF03BFFDF
S214006F8001300ED01DF037FF40F20113984208D0B2
S214006F904FF4804323664FF4004323661023C4F85F
S214006FA0703110232E4C684623664FF40053236638
S214006FB04FF0804323664FF4804301A963661DF0BB
S214006FC002FF009B2366019B63662B78002B3FF431
S214006FD076AF1A4B1A6822665B6863666FE72149CC
S214006FE0CA68D007FCD4B2E71F4AD36B13F0430F2E
S214006FF0FBD1B4E71D4B1B78002BB9D14FF4807240
S214007000114B5A661A4A52681AB94FF40011144ABC
S21400701011664FF400725A66164B5B68002BA7D1B8
S2140070204FF480020E4B1A66A2E700BF572B0020D3
S214007030582B0020AC120020140B0020B0120020A9
S21400704000710800008000500090005055CEAC0043
S21400705000C00054000004400000024CEC0A00206F
S21400706000900044000004500000025C562B0020F4
S21400707000C0055000000650F8B5284D04462F788D
S214007080012F02D001232B70F8BD0028FCD01DF084
S214007090B2FE0130224E0AD01DF0ADFE40F20113C2
S2140070A0984204D01F4A7766D368DF07FCD44FF4B3
S2140070B000531D49B366CA6B12F04302FBD1216828
S2140070C01A4B196661685966A168C3F87011E168C1
S2140070D0196421695964E169C80748BF9A60144B6E
S2140070E01A6801320DD1134A127852B9124949680A
S2140070F0C90748BF1A60114A5268D20744BF012226
S2140071001A6062690E4B5A66A2699A6618F040FECB
S2140071100C4B18681EF095F80023B4E7572B002098
S21400712000900040000004400000024C0080004434
S214007130EC0A0020562B002000C005500000065028
S21400714000800050AC12002038B500239B6AB3F5CF
S214007150C04F25D21A68144B9A4221D1134D2B7872
S21400716013F0FD0402D00024204638BD1048FFF777
S2140071709FFE08214FF480330E4A0F48C2F8801154
S214007180C36011600D4A1361A36ADB699847044621
S2140071900748FFF771FF002CE6D101232B70E2E7CA
S2140071A04FF48174E0E700BF07B0CD5E562B002099
S2140071B08C12002000E100E000A000440090004493
S2140071C013B5204B1B7803B9FEE700231E4CCDE910
S2140071D000336A4608231D49206815F091F9F0B976
S2140071E01B4AD2F84031D2F840211F2B4FF0010342
S2140071F010D9203A9340019A1A43019208236A460E
S2140072001249206815F032F94FF00053114A1A60FF
S214007210FFF726FE9340009A1A430092EEE70E4BC5
S2140072209842F1D10A4AD2F84031D2F840211F2BB9
S2140072304FF0010385BF203A93409340019398BFD7
S2140072400093DBE7572B0020140B0020007108008A
S214007250008000440B020FF00BE000F00346054AE6
S2140072600549106803448B428CBF4FF0FF30136013
S214007270704700BFF00A002000800020F7B50468C1
S214007280012105463A2000F07DFD002301226179A8
S214007290207901F07BFA14233021227911FB023188
S2140072A001F1A04101F5703109686379D940C943FD
S2140072B0A37901F00101022B217017D100F0C2FA68
S2140072C0164A2B466179207900F0E6FAFF28024636
S2140072D060790ED12A46114900F008FB01230246C8
S2140072E061792079CDE9003301F0F6F9002003B08A
S2140072F0F0BD01262779002301460096384601F0A6
S214007300ADFA2A460549607900F0F0FA0023617963
S21400731002462079009301963346E5E76B4E02005D
S21400732010B5012243780178847830209A40054BC6
S21400733000FB01331CB942F210015A5010BD41F255
S2140073401001FAE700C0035010B501224378017817
S214007350847830209A40054B00FB01331CB941F27B
S21400736010015A5010BD42F21001FAE700C0035057
S2140073702DE9F04F9A46564B85B01B7806460F46C9
S2140073801546DDF83C909DF844B0DDF85080002BA3
S21400739000F09780072A00F296800E9B002B00F0E4
S2140073A09280B9F1000F00F08E80129BB3F5006F4B
S2140073B000F38980012803D1109B002B00F0838006
S2140073C0444B03EB05131B7B002B7ED0424C102254
S2140073D00021684627F0ECFB04EB45141022A7BBFF
S2140073E03946204627F0E4FB43F210036380BBF1E6
S2140073F0000F03D1E37843F00303E370364A0E9B95
S21400740002EB451CCCE90193129B6901581E9DF8BE
S2140074104C30C0F30A0003F003039B0643EA001E49
S21400742053582E48012E00EA03004EEA0003CDF81A
S21400743000A0535017D0B8F1000F2ED19CF80230A0
S21400744068F304138CF8023027E00021204627F06A
S214007450AFFB4FF444736380BBF1000FCED1E378EB
S21400746043F03003C9E713230CF1100ECCF80C30B0
S2140074709CE80F008EE80F006FF00301DCF81C207C
S214007480109B61F39F02012FCCF81C20CCF814301F
S21400749003D1CCF81890CCF8043000270D4A290107
S2140074A002EB051342F80180159A28465A60694691
S2140074B022469F605E7301F04DFA384605B0BDE87F
S2140074C0F08F0748FAE70748F8E70748F6E700BFEF
S2140074D0592B0020B8130020B81200200F80FFF3AD
S2140074E0028000F0018000F0078000F038B5124BF3
S2140074F005461B78DBB1E0B11DF09DFE0F4A002368
S2140075001146147B54B92B6001251A0101EB0313B5
S2140075101D738C501DF095FE204638BD0133082B98
S21400752002F11002EDD11DF08CFE0548F5E7054886
S214007530F3E70548F1E700BF592B0020B8130020F9
S214007540048000F0028000F0018000F038B51DF0E5
S21400755072FE002305460B4A147B6CB90133082BD8
S21400756002F11002F8D101F097F9074B28461C707B
S2140075701DF067FE204603E028461DF062FE034825
S21400758038BD00BFB8130020592B0020058000F03E
S2140075900D4B10B51B78044693B1072812D81DF082
S2140075A04AFE0A4B03EB04131A7B2AB100241C7311
S2140075B01DF047FE204610BD1DF043FE0448FAE7C6
S2140075C00448F8E70448F6E7592B0020B8130020D3
S2140075D0068000F0028000F0018000F0154B13B525
S2140075E01868002301908DF804301DF024FE124B1D
S2140075F01C7824B11DF025FE104802B010BD0122F3
S2140076001A701DF01EFE0E4B01A81C731C7783F823
S2140076102C4083F83C4083F84C4083F85C4083F869
S2140076206C4083F87C4008238DF8073001F060F941
S2140076302046E2E7A8FF0200592B0020038000F056
S214007640B81300200A4A08B512785AB107280BD892
S214007650084A02EB00131B7B43B1002101F03AF904
S214007660002008BD0448FCE70448FAE70448F8E7A9
S214007670592B0020B8130020028000F0018000F093
S214007680078000F00A4A08B512785AB107280BD8C6
S214007690084A02EB00131B7B43B1012101F01AF9E3
S2140076A0002008BD0448FCE70448FAE70448F8E769
S2140076B0592B0020B8130020028000F0018000F053
S2140076C0078000F00A4A08B5127852B107280AD88F
S2140076D0084A02EB00131B7B3BB101F087F9002040
S2140076E008BD0548FCE70548FAE70548F8E700BF87
S2140076F0592B0020B8130020028000F0018000F013
S214007700078000F00D4B1B7893B1072812D889B17B
S2140077100B4B03EB00131B7B73B10A4B1A6D012353
S2140077208340134214BF0123002300200B707047D0
S214007730054870470548704705487047592B002094
S214007740B813002000000450028000F0018000F012
S214007750078000F00B4A10B512780C4662B1072875
S2140077600CD859B1084A02EB00131B7B43B101F059
S2140077704FF92070002010BD0448FCE70448FAE7E3
S2140077800448F8E7592B0020B8130020028000F0C8
S214007790018000F0078000F0184B2DE9F0411F6DC6
S2140077A05B6D1F4000D5FEE701260025144CDFF870
S2140077B05880374218D02368C8F85060A3B1A16833
S2140077C0284601316268A1609847637B012B0BD184
S2140077D050B90C4B03EB45131A7B60F341021A7346
S2140077E01A7F60F341021A770135082D4FEA4606E4
S2140077F004F11004DDD1BDE8F08100BF00000450A4
S214007800B8130020B81200200020045070B50446BB
S21400781001250B4E04B970BD94FAA4F0B0FA80F0BE
S21400782005FA00F306EB001224EA03045368002B63
S214007830F0D0117B11B191689847EBE79847E9E7DC
S2140078403814002008B5192000F080FD28B14FF04C
S2140078500072074BC3F880211A601A2000F076FDEC
S21400786028B14FF08062024BC3F880211A6008BD31
S21400787000E100E038B505460C461DF0DCFC0022B1
S214007880044B03EB05135C601A73BDE838401DF02B
S214007890D8BC00BF38140020F8B504460D4617467D
S2140078A01E461DF0C8FC1CB9052D0DD0FF2414E0A3
S2140078B0012C03D1012DF9D1032405E0022CF5D1CA
S2140078C07DB1052DF2D10724074904F1100301EB21
S2140078D003110123C1E901760B731DF0B2FC2046AB
S2140078E0F8BD0624F0E700BF38140020F8B50546BA
S2140078F00E4617461DF09FFC134B2C46D3F8242447
S21400790005F0FC0122FA05F3DB0712D5002301334C
S214007910DBB2042B04D1FF241DF093FC2046F8BDF7
S214007920EC1804F003040C4422FA04FC1CF0010FCB
S214007930EDD1FF2CF0D00122044B03EB0413C3E976
S21400794001671A73E8E700BF00C003503814002030
S214007950074BD3F82404D3F8202403F50053104033
S21400796000F0553020F05020C3F82004FFF74EBF3B
S21400797000C00350074BD3F82404D3F8202403F5A3
S2140079800053104000F0AA3020F0A020C3F82004D6
S214007990FFF73CBF00C00350024B1968024B186843
S2140079A014F08ABCF40A0020140B002070B5940072
S2140079B0224605460E4628F043F8431C0AD058B91E
S2140079C022463146284627F0C9F80028034808BF53
S2140079D0002070BD0248FCE70248FAE710E000F01D
S2140079E021E000F024E000F010B5044628F024F86A
S2140079F0431C10D088B901F0CDF8234620F00300D0
S214007A002044984201D1002010BD53F8042B0132C7
S214007A10F7D00348F8E70348F6E70348F4E700BF63
S214007A200EE000F021E000F024E000F008B51DF0C4
S214007A30FBFB014B186008BD281D0020014B186891
S214007A401DF0F6BB281D0020044BD3F88420D20678
S214007A50FBD4D3F88400C0F3811070470040005078
S214007A6038B5104B0546D3F820310C4603F0030317
S214007A70022B0BD0032B0DD0012B0FD1FFF79AF959
S214007A80052305B1286004B1236038BDFFF7C8F9A7
S214007A900323F6E7FFF7DAF90223F2E701230020D3
S214007AA0EFE700BF0080005073B50D4600210E4B77
S214007AB00191D3F88041064604F00304012C09D056
S214007AC0022C0CD00C460EB1019B336005B12C6025
S214007AD002B070BD01A8FFF7C3FF0F24F3E7FFF75E
S214007AE0B5F90190EFE700BF0080005038B5184B9D
S214007AF00546D3F824010C4600F00700062823D8D4
S214007B00DFE800F0040A121A1E0E1600012305B163
S214007B10286004B1236038BDFFF74CF90523F6E76B
S214007B20FFF748F90623F2E7FFF77AF90323EEE7B3
S214007B30FFF776F90423EAE7FFF788F90223E6E77A
S214007B401DF039F90723E2E700231846DFE700BFF8
S214007B500080005038B5104B0546D3F840310C462F
S214007B6003F00303022B0BD0032B0DD0012B0FD1F8
S214007B701DF023F9092305B1286004B1236038BD40
S214007B80FFF768F90823F6E71DF01AF90B23F2E76A
S214007B9001230020EFE700BF0080005038B5144BEB
S214007BA00546D3F800020C4600F0070004281BD850
S214007BB0DFE800F003090D111500012305B1286068
S214007BC004B1236038BD1DF0F8F80923F6E7FFF787
S214007BD041F90823F2E71DF0F3F80B23EEE7FFF771
S214007BE009F90E23800AE9E700231846E6E700BFF6
S214007BF00080005038B5104B0546D3F840320C468E
S214007C0003F00303022B0BD0032B0DD0012B0FD157
S214007C101DF0D3F8092305B1286004B1236038BDF0
S214007C20FFF718F90823F6E71DF0CAF80B23F2E76A
S214007C3000231846EFE700BF0080005038B5104B11
S214007C400546D3F860310C4603F00303022B0BD035
S214007C50032B0DD0012B0FD11DF0AFF8092305B172
S214007C60286004B1236038BDFFF7F4F80823F6E770
S214007C701DF0A6F80B23F2E701230020EFE700BF74
S214007C800080005010B40D4C0B46D4F8204204F08F
S214007C900304012C0AD0022C0CD008B1002101608C
S214007CA00BB100221A605DF8044B70475DF8044B78
S214007CB0FFF7D6BE5DF8044BFFF74CBF00800050C0
S214007CC038B50C4605461DF0AFFA054B9A6A544087
S214007CD02C4054409C62BDE838401DF0A9BA00BF55
S214007CE000C00050B0F5207F1FD009D8B0F5007F47
S214007CF015D003D868B1B0F5C07F0AD000200CE0DC
S214007D00B0F5607FFAD10B4BD3F88000C0F30110BA
S214007D1003E0084B186FC0F3033001307047054B83
S214007D20D3F89000C0F30460F7E7024B186FC0F377
S214007D308020F2E7008000504FF400320E4B0146E0
S214007D4010B500209A66FFF7CDFF484341F6713222
S214007D500A490B4B884294BF00200120DC69DA6395
S214007D609A6822F4401242EA00529A60E20344BF44
S214007D700022DA6310BD00BF00900050005A620275
S214007D8000000350420910B50FD0012A0FD00A4B4D
S214007D900A4C022A18BF234600F01F0049B103F51B
S214007DA08053012282401A6010BD1346F4E7044B4C
S214007DB0F2E703F50053F4E7688000506082005055
S214007DC06480005008B580201DF050F9034B98429F
S214007DD09EBF4FF48032024B1A6708BD005A6202FB
S214007DE000A000501FB50023B0F5807F019377D028
S214007DF028D8382800F094800BD82438092810D8C2
S214007E0009280ED8DFE800F0676767670D0D620D7A
S214007E10377D52285FD008D83D283BD03E2800F05A
S214007E208480019805B05DF804FB8028F9D1414BA9
S214007E301B6F03F00703013B032BF2D8DFE803F0C8
S214007E4044413F6CB0F5D06F5BD019D8B0F5A06F49
S214007E5066D00AD8B0F5806F3DD0B0F5906FE0D10F
S214007E60002001A9FFF742FEDBE7B0F5B06F2DD08A
S214007E70B0F5C06FD5D1002001A9FFF76BFED0E7A3
S214007E80B0F5006FECD00AD8B0F5E06F4DD0B0F585
S214007E90F06FC6D1002001A9FFF7D0FEC1E7B0F50C
S214007EA0086FBED1234BD3F8003103F00303022B37
S214007EB02CD0032B2ED0012B30D1FEF7B1FF03239D
S214007EC000E005230193ACE70223FBE7002001A9AD
S214007ED0FFF7EAFDA5E7002001A9FFF7C1FDA0E72F
S214007EE002934FF0E0231B695B0705D5FEF782FF80
S214007EF00C230393039BE5E703A902A8FFF72AFEDA
S214007F00F8E7002001A9FFF749FE8AE7FEF7A2FF7F
S214007F100823D7E71CF04FFF0723D3E70123D1E759
S214007F20002001A9FFF7AEFE7BE7002001A9FFF7BE
S214007F3061FE76E7008000504FF40022034B5A663D
S214007F40012203F580439A62704700BF00900050FC
S214007F5008B5FFF747FF082811D00938012802D9CD
S214007F604FF6FF7008BD4FF40012064B5A6603F535
S214007F70D8335B6ADB07F3D54FF4FA70F2E7024BAF
S214007F801888EFE700900050000D0020F8B5044672
S214007F908020FFF727FF032800F087804FF4002299
S214007FA0424B02215A6645F60E03414AC2F880301B
S214007FB0404B9962012103F580539962936DD90372
S214007FC0FCD4D4E900131B0543EA0163E17B94F873
S214007FD020500B43217BE77E43EA0143617B6D0122
S214007FE043EA0133A17B43EA811313619169D4E923
S214007FF004031B0643EA806301F000410B43A17EA5
S21400800094F823000B43217E43EA0143617E43EA52
S21400801001239361136AE66923F00D0394F8221096
S21400802043EA8703002E2DD11362966A94F8213016
S21400803045EA031326F033052B4343F0010393620E
S2140080401D4D1B4B9A6D35EA0202FBD10222194DDB
S214008050AA621A659A6D5200FCD41A69A56822F4C1
S214008060700242EA05521A614FF00042114B9A61C3
S21400807019B9022203F580539A6278B901220F4B90
S2140080809A620BE0334343F008031362936A23F0CB
S214008090330303432B4343EA4103936294F82430AB
S2140080A01BB1034B064AC3F88020F8BD0090005071
S2140080B000C0005000D000500300014000E0005017
S2140080C0F1A7FFFF1E4BFF2870B59E6A35D89A6D44
S2140080D012F4803F18BF01211A4A18BF916202218C
S2140080E091629B6DDC0303D5154A936D9907FCD509
S2140080F00222144B124D1A65AC6D14F08044FBD16D
S214008100114AAB6992F9002023F47F03024423F45A
S2140081107F4382F3080243EA002343EA0243AB614B
S21400812031460220FFF7CCFDAB6DDB0303D53146AD
S2140081300120FFF7C5FD204670BD2124FBE700BFE8
S21400814000C0005000D000505A2B0020014B93F97D
S214008150000070475A2B002001221548154B816AF3
S2140081609A62826D02F00302032AFAD102229A6210
S2140081701A650F4A936D5B00FCD40F48936D30EA86
S2140081800303FBD101220B4B1A65A3F580539A6DAE
S2140081909007FCD49A6D9207FCD50222054B1A650F
S2140081A0034A936D9B07FCD50320FFF789BD00BFEC
S2140081B000C0005000D0005003000100014B1880A2
S2140081C0704700BFFE0C00204FF4001208B5184B95
S2140081D05A660223174A5360936813F48033FBD120
S2140081E0012822D1FEF71CFE134B984215D003F54A
S2140081F0122303F5F863984213D0104B00EB80026D
S214008200400AB3FBF0F3520A0A49CA620B63012321
S2140082104B620022074B5A6008BD45F67A13084A9F
S214008220F2E745F61A03074AEEE75362F1E700BFA6
S214008230009000500040025000F0490264666666F6
S214008240D8B80500BBCF0500B0F5207F10B50C46AA
S21400825042D008D8B0F5007F33D003D888B1B0F547
S214008260C07F0ED010BDB0F5607FFBD11F4A4C1EFC
S214008270D2F8803023F0300343EA0413C2F880308B
S214008280F0E71CF0EBFE1CF0B5FF4FF48031184B06
S214008290164A1967136F013C23F4704343EA04330C
S2140082A01367FEF7A7FD0446FFF7CEFBC0F10201F9
S2140082B020461CF099FF00F02DF8BDE81040FFF7AF
S2140082C081BD0A4A4C1ED2F8903023F0F85343EA98
S2140082D00463C2F89030C5E7044A4C1E136F23F4BB
S2140082E0806343EA84231367BCE700BF0080005026
S2140082F00090005008B50121022000F0F5F81CF0AF
S214008300ADFE1CF077FF4FF48032014B1A6708BDB4
S2140083100090005008B54FF4C0701CF0A7FEBDE8F2
S21400832008400449884294BF012102214FF420707E
S214008330FFF78ABF80F0FA02034B5868C0F30800C4
S214008340003818BF0120704700ED00E0054B4209D9
S21400835053F8223000F01F0023FA00F0C04300F06C
S2140083600100704700E100E010B5224B70B94FF4F1
S2140083700031214A1860516602F598325268012A87
S21400838003D11E4AD2F800211A6010BD1B68002BCC
S214008390FBD01B4A5268012AF7D0184A8020C2F840
S2140083A00031FFF71FFD05281FD14FF4C070FFF7FF
S2140083B099FC0128044604D102214FF4C070FFF74F
S2140083C043FF07220F4B1A610122A3F580535A6020
S2140083D00B4A1369DB07FCD5012CD6D12146BDE834
S2140083E010404FF4C070FFF72FBF0122064B5A60B3
S2140083F0CBE700BF2C1D00200090005000800050EE
S21400840000C0015000E0015000D00150044A4178FD
S214008410536F23F4407343EA01235367704700BF4A
S2140084200040005010B5044610B10020FFF79CFF36
S214008430104A136943F00403136103F075F91CF046
S21400844003FF0D4B0D4AC3F820241CF0EDFE27F069
S214008450FBFA1CF0EDFE1CF0F8FE03F08DF91CB9DB
S214008460BDE81040FEF7C6BC0120BDE81040FFF78F
S2140084707BBF00BF00ED00E000E003500000FF0FF0
S21400848010B5044610B10020FFF76EFF0E4A1369C0
S21400849043F0040313610D4B0D4AC3F8202403F088
S2140084A043F91CF0C1FE27F0CFFA1CF0C1FE03F022
S2140084B063F91CB9BDE81040FEF79CBC0120BDE87E
S2140084C01040FFF751BF00BF00ED00E000E0035092
S2140084D00000FF0F034A0179D36E23F030030B43ED
S2140084E0D366704700400050F8B504461C4BD3F8DE
S2140084F08420D106FBD4D3F88430C3F381139C4286
S2140085002CD0FEF75DFC012C064602D121461CF05D
S2140085106BFE1CF089FE4FF00072124B07465A663F
S21400852020461CF099FE4FF480630D4D621E93406A
S2140085302B676B6E9A0103D4D5F884309B060AD558
S21400854038461CF075FE022C08D13046BDE8F840CF
S21400855000211CF049BED5F88430EAE7F8BD00BF1C
S214008560004000500060005010B50C4608B9FEF7F9
S21400857027FC074B21461B783BB1064B984204D894
S2140085800120BDE81040FFF7AFBF0220F9E700BFAB
S2140085905B2B0020005A62020278034B0121002068
S2140085A01A70FFF7E1BF00BF5B2B00204FF00042C0
S2140085B038B5264B26495A6601224A604AF6CD311E
S2140085C003F50B235D6C1964154030BB9968C90729
S2140085D00BD4002401221F4B5A6015B11E4B1F4AB4
S2140085E01A6425F01CFE204638BD1A498A601C4ACB
S2140085F0D96ACC0705D4904201D10724EAE70130B6
S214008600F6E79042E5D1F8E70132DC6A14F0080498
S21400861006D08A42F8D10724DFE700221049F4E7A3
S2140086208A42F8D020220B4B0B495A620122A3F54E
S21400863080539A6023460A4A486A800603D49342C7
S214008640E9D00133F8E79342C7D1E4E70090005041
S2140086500050095000600950004009503254FFFF96
S21400866040420F004FF0004238B5174B174C5A6681
S214008670012203F50C235A604AF6CD33656C236459
S214008680437893401343124AD363C3788178A26831
S2140086909B0043EA011322F074021343A36002799D
S2140086A0837943EA022323614279C37943EA0223AA
S2140086B063610078FFF77AFFEB0744BF054B23643E
S2140086C025F0ADFD012038BD009000500040095057
S2140086D0004000503254FFFF072A2DE9F0411546AE
S2140086E098464FF0030401F003072DD89600B440D7
S2140086F000FA06F221461C481CF0AFFD21461B4836
S21400870007FA06F21CF0A9FD194B1A499DF8180045
S214008710B8F1000F18BF1946012303FA05F50D60DE
S214008720154B1649002818BF0B461D60144B9DF8C4
S2140087301C00C3F82054103103F22443002818BF4D
S2140087400B461D60BDE8F081A2F10806B600B440F5
S21400875000FA06F221460B481CF07FFD21460A4827
S21400876007FA06F2CEE700BF00C4035008C4035061
S21400877010D4035010E4035014E4035014D40350F0
S21400878000E0035004C403500CC40350F8B504467C
S2140087900D461F4616464AB101238B403021184A23
S2140087A001FB0022F7B141F21001535004EB4403E1
S2140087B0072D4FF00F014FEA031316D8A80006FA4C
S2140087C000F281400F4818441CF047FD4EB90123C3
S2140087D030210B4AAB4001FB042277B141F2100175
S2140087E05350F8BD42F21001DFE7A5F10800800003
S2140087F006FA00F281400448E5E742F21001EFE78E
S21400880000C0035004C003500CC00350104B01407E
S214008810D3F8302422EA0002C3F83024D3F83024F8
S2140088201143C3F83014D3F82C240243C3F82C2485
S214008830084AD36E03F03003202B1FBFD36E23F0FD
S214008840300343F01003D366034BC3F8200470478D
S21400885000C003500040005000E0035038B51446F6
S2140088601D46032283F00103FFF790FF012004F169
S2140088701001884005FA01F1FFF7C8FF9DF81010B7
S214008880034B044A002918BF1346186038BD00BFC2
S21400889024E4035024D403504FF400120B4B10B5BD
S2140088A0C3F88020BFF34F8FBFF36F8F0024FF22E3
S2140088B0074B21465C6520209A625C60FFF762FAEF
S2140088C02146BDE810402120FFF75CBA00E100E039
S2140088D000000450044A054B002908BF1346012235
S2140088E082401A60704700BF401004504020045079
S2140088F010B5012104462020FFF744FA012121206B
S214008900FFF740FA0122114B5A60227812069A604D
S2140089106178A27842EA01429A61FF229A620022B6
S2140089209A631A644FF000425A654FF0FF324FF4D4
S214008930001103F500531A65054AC2F88011E37862
S2140089401B01DBB282F81533116010BD0000045025
S21400895000E100E0F8B50125C3B2DFF888C0D1F821
S21400896000E09D408F7ACB7A0C46097BCCF85050BD
S2140089700CF5005C4CF820E04FF0300E184E1B054E
S2140089800EFB006094F80DC043EA074343EA4153E8
S21400899022F00302C0F860C0C36502671CF04BFCFF
S2140089A0736D2B437365237A13B1336C2B43336497
S2140089B0637A13B1B36B2B43B3632279A37943EA8B
S2140089C00243084A93616179E37943EA0143064921
S2140089D08B61034B55639D64BDE8F8401CF031BCC9
S2140089E000000450002004500010045010B501246C
S2140089F0C0B284401CF01FFC044B5A6D22EA0402ED
S214008A005A659C62BDE810401CF01BBC0000045078
S214008A1010B50124C0B284401CF00DFC074BDA6A86
S214008A20224208D15B6B9C430CBF012400241CF03F
S214008A3008FC204610BD0024F9E700BF00000450E3
S214008A404FF40032054B9A6641F6713203F51C333B
S214008A50DA63012203F50053DA6070470090005095
S214008A6041F671320121064BDA6303F50052D160FC
S214008A700022DA634FF40032A3F518339A66704783
S214008A8000000350CB784A7810B55B010C7843EAB7
S214008A9082030A79234343EA02130C22424302F17B
S214008AA0B0421363012C02BF8A78024B43F82020A1
S214008AB010BD00BFE880035008B54FF0B0435A68B9
S214008AC06AB958B15B680BB11CF0D6FB01210D4B9F
S214008AD059601CF0D1FB4FF0B043D96008BD5B680D
S214008AE00BB11CF0C9FB0028F0D11CF0C5FB4FF001
S214008AF0B0430222DA601CF0BFFB0122024B5A6030
S214008B00ECE700BF00100058002000584FF0B041BE
S214008B104B6810B50BB11CF0AFFB01220B4BC478B1
S214008B205A608378934043EA840344782343047965
S214008B3043EA0413447943EAC4038B60044B5A6047
S214008B400378C3F10203CB6010BD00BF00200058BD
S214008B50001000584FF48032064B5A6603F5E623A1
S214008B605B69C3F38512827003F03F021B0B4270F1
S214008B700370704700900050014B986CD96C70479A
S214008B800080E00F024B1868C0F30740704700BF34
S214008B900080E00F0120034B9B680A3303F01F039D
S214008BA0984070470080E00F70B5054616461C4694
S214008BB021B94FF420701CF059FA0146402C1BD006
S214008BC003D8DCB1202C1BD070BD602CFCD1042354
S214008BD003FB06F2530803EB4113B3FBF2F3094A17
S214008BE0203B02EAC303AA6822F06002AA60AA68D1
S214008BF01443AC60EB61E7E70623E9E71023E7E7F9
S214008C000823E5E7F8FF7F00012200F580535A604D
S214008C1040F6AA6341F20502436100230B498360D4
S214008C20C365C26000F500520361C361C36491640A
S214008C3007498365884203D103650023436502E044
S214008C4004498842F8D0012353607047FFFF0100B3
S214008C5000C005500000065070B50D46FFF7D4FF63
S214008C60012300F580567360AB7C04461BB1836815
S214008C7043F080438360EB7C5BB1354A2B7D9442A6
S214008C8045D1A2F51032C2F88C31E36D43F0800373
S214008C90E3652A8A6B7B20461343EA891343E36025
S214008CA02B7BD5E90112FFF77FFF6B7D1BB1A36815
S214008CB043F48033A360AB7D1BB1A36843F4004349
S214008CC0A360EB7D2A7E1B07120502F4E00203F088
S214008CD0E0431343A365697E1D4A8B1E012B1D4B83
S214008CE01FD894421BD002F5804294420CBF01224A
S214008CF04FF0FF3203EB4213022041F21C620329BD
S214008D00985020D10423F3652B78636170BD124A16
S214008D10944204BFA2F52032C2F89C31B5E7002287
S214008D20E8E794420DD00C4A94420CBF01224FF063
S214008D30FF3203EB4213022042F21C6201299850D4
S214008D40DFE70022F5E7042204F50053DA65DBE7E7
S214008D5000C0055000C003500000065038B5044659
S214008D60054D25F080FA0FCC0FC594E8030085E882
S214008D700300002038BD00BF301D002047F6FF73FB
S214008D809A42F0B56FD002296FD8394B5B5C012B45
S214008D906BD8384DDF0005EBC30415F83330A178E7
S214008DA0012B13D10025E078401AA84202D80844C7
S214008DB0C0B2F0BD431B6668A0EB530336F91360E0
S214008DC09642D4BF1D4603F1FF30EEE760680028E8
S214008DD0EFD0B0F90040944204DBB0F90240944270
S214008DE0B8BF144683883D44FF2B19BFC8224FF0F6
S214008DF0280CB0F90620B0F908C0A2EB04030CBF9B
S214008E000126002693FBFCF333446E781BB29E4289
S214008E1001DD002B01DA731E1BB24FF47A7C01339E
S214008E209BB2071D5D1E2DB24FEAC50E00EBC505B1
S214008E30EA88AD689E4214FB025222EAE27202F110
S214008E405C02B2FBFCF204DD37F833500133954286
S214008E50E8D200EB0E039888904228BF104688425E
S214008E6038BF0846A4E7FF20A3E70020A1E700BF1D
S214008E70CDFF0200301D00200229F0B555D82C4B3E
S214008E80585C012851D82B4C04EBC00114F8300074
S214008E904B6801280FD1C8788C78904294BFC4EBF9
S214008EA00001C4EB0201001BCAB28242C8BF002206
S214008EB033F91200F0BD002B37D08878904202D3E9
S214008EC0B3F90200F6E7CC78B3F900009442F1D982
S214008ED04C789988013CA1F1FF06714203F1040524
S214008EE0E4B2714103F10C07CEB2B44216D805EBDA
S214008EF0C1014FF47A756A43B1F902404968521AC3
S214008F0004EBD47102EB610292FBF4F29042D1DBE7
S214008F10B3F902009042CDDC10B2CBE737F831C08F
S214008F204E1C9445E3D33146DEE70348C2E700BF54
S214008F30CDFF0200301D00200080FFFF08B504486A
S214008F40FFF70CFFBDE80840012025F090B900BFF0
S214008F50D0FF020000487047020D00207FB51422A3
S214008F60002101A825F024FE044B01A94FF0FF3094
S214008F70029325F0B1F907B05DF804FB006A18000B
S214008F801B0603F0706300F00F000902034301F4B0
S214008F907061120402F470220B431343014A1360FB
S214008FA0704700BF0020025C60B5054619B1013964
S214008FB0B1F5806F0FD2094EF06810F48030FBD107
S214008FC043EA012312072B4302F08052134343F077
S214008FD00043736060BD0120FCE700BF0020025C18
S214008FE00122054B9A60DA68D203FCD4D86820F0D8
S214008FF00F000004000C70470020025C014B18684C
S214009000704700BF0040025C014B5868704700BFC5
S2140090100010025C014B186B704700BF0010025C2A
S214009020014B1868704700BF0010025C014B986047
S214009030704700BF0010025C014B1864704700BF09
S2140090400010025C014B5864704700BF0010025CC1
S214009050014B5863704700BF0010025C0022014BB2
S2140090601A6070470010025C024A136843F001035E
S214009070136070470010025C024A136823F0010375
S214009080136070470010025C43F20402014B1A6042
S214009090704700BF0010025C024A136843F03003BA
S2140090A0136070470010025C044B1A6842F480722A
S2140090B01A601A6822F480721A6070470010025C08
S2140090C0024A136843F48063136070470010025C22
S2140090D0034A136823F4702343EA0043136070477F
S2140090E00010025C044B1A6902605A6942609A6971
S2140090F08260DB69C36070470010025C0268044B44
S2140091001A6142685A6182689A61C268DA61704779
S2140091100010025C024B1A6BD207FCD41862704730
S2140091200010025C0322024B186019615A637047F4
S2140091300000025C82B01FB507930A9B04AC8B420A
S21400914028BF0B4604E907001048D100079948BF1E
S21400915003330160099948BF23F0030323F07043EB
S21400916001F0E041194341F000518160002102F016
S214009170E042019C1A4342F00052C16004618261E1
S214009180416304B0BDE8104002B070470000025CC6
S2140091903F22034B1A631022DA6103229A63704758
S2140091A00000025C024AD36B9B07FCD4704700BFEA
S2140091B00000025C044B9B6A13F0240F14BF0120CE
S2140091C000208000704700BF0000025C08B5FFF773
S2140091D0F1FF064BDB6B23F47F4323F0EF030343DF
S2140091E01EBF0122024BC3F8FC2F08BD0000025C24
S2140091F000F0FF3F4368182B0AD0202B1DD0102B01
S2140092002BD1174BD3F80434DB010AD40120704766
S214009210134BD3F804349A01F8D50B6843F00803CF
S2140092200B6003680F4A934210D10B6843F040036B
S2140092300B600023436000207047094BD3F80434CA
S2140092405B01E3D50B6843F00403E9E7064A934263
S214009250F1D10B6843F08003EAE70720704700BFB0
S2140092600000025C5D2B00205C2B00200B4607B53F
S2140092700749D1F80414C90708D500210092024610
S214009280084600F05BF803B05DF804FB0120FAE73F
S2140092900000025C1346064AD2F80424D20504D520
S2140092A00A46014600201CF005BA0120704700BFA0
S2140092B00000025C13B5084CD4F80444E40508D555
S2140092C0009313460A460146002000F061F802B0FB
S2140092D010BD0120FBE700BF0000025C13B5084C80
S2140092E0D4F80444E40508D5009313460A4601461C
S2140092F0002000F071F802B010BD0120FBE700BFAF
S2140093000000025C70B504460D4616468CB00A4A4C
S21400931009AB07CA83E807001A462146CDE905636C
S214009320CDE90333CDE9013300954FF480301CF0CE
S214009330EDF80CB070BD00BF54000300F0B51C463D
S2140093405B6815468DB01A07129E1AD1CBB17268AB
S214009350934216D10C4B0D4A53F8217009AB07CA3D
S21400936083E807001A462946CDE90533CDE90333DD
S214009370CDE90163009447F480701CF0C7F80DB087
S214009380F0BD0720FBE700BF6000030054000300A9
S214009390F0B516465A688DB0102A0D46129F15D1A4
S2140093A07A68102A12D10A4A09AC07CA84E807006C
S2140093B022462946CDE90547CDE90344CDE90144D7
S2140093C0044800961CF0A2F80DB0F0BD0720FBE79D
S2140093D05400030030000100F0B516465A688DB000
S2140093E0102A0D46129F15D17A68102A12D10A4A01
S2140093F009AC07CA84E8070022462946CDE9057469
S214009400CDE90344CDE90144044800961CF07EF8FB
S2140094100DB0F0BD0720FBE754000300100001006C
S21400942082B070B586B0149D03AE202D86E8070086
S2140094300B9359D805EB85038B4203D006236B4369
S2140094408B4253D10C9BAB4250D10F9BB3EB450FD5
S2140094504CD1129A934249D1012229462220159BCB
S214009460FFF7A2FD044630BB034606220E210C2061
S214009470FFF786FD0123CDE900332B4696E807006B
S2140094801BF0D7FF0E230BAA009307CA2B461BF030
S2140094901BFF0C23164C00930EAA2B4607CA1BF084
S2140094A043FF636823F07F0343F026036360FFF700
S2140094B097FD30B10624204606B0BDE8704002B0E5
S2140094C07047636823F07F0343F022036360FFF76F
S2140094D087FD04460028EDD1062311AA009307CA8B
S2140094E02B461BF054FFE6E70124E4E70724E2E7F7
S2140094F00020025C70B598B0002843D02C4C08AD14
S2140095000FCC0FC50FCC0FC50FCC0FC594E80F00BE
S21400951085E80F006D4604AE04F1100320340FCB2F
S21400952085E80F0094E80F0086E80F00FFF7BCFD03
S2140095300420FFF7CDFDFFF7A7FD3046FFF7DEFD61
S214009540002408AE56F8040B0134FFF7E3FD102C98
S214009550F8D1FFF759FD0328FBD90024FFF77EFD5D
S2140095602646FFF74BFD55F8043B01365840042EBF
S21400957044EA0004F5D12CB1012206200D4B1A70E6
S21400958018B070BDFFF790FD0820FFF74FFD0020D4
S214009590FFF752FD0720FFF755FD4FF40070FFF769
S2140095A057FD0820FFF794FDFFF75EFD0020E7E774
S2140095B03C0103005F2B002008B5FFF775FD012274
S2140095C0014B1A7008BD00BF5E2B00201FB51CF0B3
S2140095D0F0F9044630B1012206240D4B1A702046DD
S2140095E004B010BDFFF70AFD0090FFF707FD0190DD
S2140095F0FFF704FD0290FFF701FD03906846FFF7B2
S2140096007DFDFFF7D9FFFFF747FDFFF759FDE6E7BA
S2140096105F2B002006289ABF014B185C002070477D
S2140096209C01030030B5154B87B00293144B039092
S214009630049346F611030D46059300F077F91428B7
S214009640044616D168461CF05EFA4FF0A843032283
S21400965002A95A6319601D619A63DA6B9207FCD1FE
S214009660142C02D168461CF05CFA00F093F904460C
S21400967001E00028E9D0204607B030BD481D002094
S214009680040000202DE9F04FB1B005468C469E46FA
S214009690E8466F4EDDF8EC90409C06F1100A47460F
S2140096A030687168083603C75645B846F7D13E9B02
S2140096B003EB0208C8F1000A0AF00F0AB9F1000F1E
S2140096C000F09D80C9F1000707F00F070121DDF8C3
S2140096D0FCB044F00050C4F11006CDF810B005916F
S2140096E00690300200F4F85040F021000790B9F1DF
S2140096F0000F40F08680CDF820D047F00050002DB7
S21400970000F08480099121210A9041EA07210B91FB
S21400971042F00050CDF830C03D9B08A94FEA0A2C15
S2140097200D910E904CF041000F901093002A75D1C9
S2140097303E9B119143F0005312933C9B139014935D
S21400974010AB1593434B444A169340F611031793F8
S214009750424B0021002D08BF1346189314AB1993F3
S2140097603F4B10221A9311231B931CAB184625F06F
S2140097701FFA01221D92002246F0804603461E96DE
S214009780239205B9EB46102CCDF880B024AE4BD111
S21400979001232246002130462193229425F008FA20
S2140097A020AB002125938F4218BF334647F08042F6
S2140097B026923A9A2CA828922993B2FA82F35B0949
S2140097C049EA837310222B912A9325F0F1F9B9F117
S2140097D0000F00D028AED04448F080432CA918A82B
S2140097E02D962E93FFF71EFF30B92DB90346A342E0
S2140097F025D1002818BF2C2031B0BDE8F08F1027E7
S21400980064E7CDF820E049F0005078E7002C3FF4FC
S21400981079AF04A9099101210A9076E73E9B0CAA2C
S21400982011924120129388E710220021304621939E
S214009830229425F0BDF9002CB2D10123B1E703F143
S214009840C0026A4412F8C02C01331043CFE700BFB1
S214009850A301030010000020B8010300BC010300B0
S21400986004000020F0B5C0299FB0DDE9244557D09C
S214009870B1F5807F04D0802948D029201FB0F0BDE4
S21400988001265CB140F234470294102403960494F7
S214009890212401970594069502AC0AE040F214478D
S2140098A0029410240396049421240594012401971D
S2140098B00695079401251024089409950A922122FA
S2140098C00B950C940D92174A0AAD0E92164A0F95F8
S2140098D0109242F611021192129313951494159257
S2140098E001AA1692D3B112AB17930423189311232F
S2140098F0199316AB1A901B9340F61103C9081C91D6
S2140099001AA806A91D93FFF78DFEB7E7012614B91E
S2140099104FF48267C4E74FF48667B5E70EABE3E71C
S2140099200F20ABE7B40103001000001038B5164B4B
S2140099305A6E42F004025A66D3F8802242F00102C0
S214009940C3F88022114B5B68C3F3080343B14FF0A2
S214009950A842D36B13F0430FFBD11424204638BD26
S2140099604FF0A843DC6B14F04304FBD1084D2B6882
S2140099701BB90421284602F05DFD2B68013343F035
S21400998000432B60EAE700BF0080005000ED00E0D7
S214009990481D0020014B00205B68704700ED00E08A
S2140099A04FF40052034B00209A660322C3F860224D
S2140099B0704700BF009000504FF40052034B002049
S2140099C09A660322C3F86022704700BF00A00050CA
S2140099D0012300F01F02A0F506200949A0F55060FB
S2140099E04009934051F820201A4341F820200549A9
S2140099F051F8202022EA030241F82020704700BFD9
S214009A00601D00204C1D00200121A0F506230E4AF3
S214009A10A3F550635B0900F01F00814052F8230055
S214009A20014342F823100949D1E90030034488680D
S214009A300344C868096903445B1802BFC2E90033DF
S214009A40C2E90233136170474C1D0020601D0020E0
S214009A502DE9F04FA9B003921D4604460822339E16
S214009A60CDE90401414021FA02F34B40980702F188
S214009A70080218BF9B00202A1C44F4D18123B4FBA3
S214009A80F3F303EBC313E41A734B04F506241B78B5
S214009A9004F55064002B3ED1FDF77EFF074620B14B
S214009AA06FF0910029B0BDE8F08F0146402208A86B
S214009AB025F07EF84022394618A825F079F8DFF818
S214009AC0B481DFF8B491C3460BF10F0ACDF800A0BD
S214009AD0102208A95B46D9F8000024F053F90022AA
S214009AE0014608F1100808AF914246D1CDF800A013
S214009AF05B461022D9F8000018A924F04CF94FF064
S214009B00000A834618AFD34541D1544B9845DAD165
S214009B100122514B1A704FF0810A4FF00008DFF80F
S214009B205CB1A4F50627A7F550635B095BF8232014
S214009B3004F01F01CA40D2073DD4494A52F82330E8
S214009B40CB40DB072AD5B8F1000F08BFA04681231B
S214009B50A7F6FF47B7FBF3F303EBC313FF1A07F5AC
S214009B600624BAF1010A04F55064DAD1039BBBB1AE
S214009B70B8F1000F14D0444619E057F8040BCDE9AD
S214009B800612FFF725FF079A06990132ACE757F849
S214009B90040BFFF739FF0AF1010AB4E7039B13B978
S214009BA06FF08B007EE7B8F1000F18BF4446349B79
S214009BB000201C6076E7329B13B10023329A1360B4
S214009BC00EB1002333601023DFF8AC9000932A46D2
S214009BD000232146D9F8000012F0E0FC60BB329961
S214009BE02A68204BC9B99A4206D02146D9F8000007
S214009BF012F06CFD0028D3D1D5E90223DDE904106C
S214009C00834208BF8A42A2D1039B002BCFD06B6849
S214009C10012BCCD16FF0840044E7102032999A4291
S214009C200860E2D1002EE7D033462146D9F800007E
S214009C3018AA12F007FD48B10B4B9842D5D00B4B33
S214009C409842D2D00A4B9842D6D029E7329A336847
S214009C5012689B1A3360CFE7602B00200071080063
S214009C604C1D0020105D175EFFDF00F011E000F0D5
S214009C70FEDF00F0006D0800140B0020601D0020C1
S214009C802DE9F04F87B08246894698461646DDF89D
S214009C9040B02AB1002B4FD040F26C739A424ED897
S214009CA0BBF1010F4ED8002406F1100739460120FB
S214009CB005941CF085FA0546002846D021463A460B
S214009CC024F076FF05ABCDE9014300942B46012234
S214009CD050464946FFF7BCFE044680B110F18C0F93
S214009CE008BF6FF08D043A460021284624F060FF36
S214009CF028461CF075FA204607B0BDE8F08F144BD6
S214009D00C5E902A92B60C5F804B02EB1324641461B
S214009D1005F1100024F057FF059E0E483B462A46E4
S214009D203146006812F0A2FB18B93046FFF750FE25
S214009D30D9E76FF09104D6E76FF08604DBE76FF0A3
S214009D409104D8E76FF08504D5E76FF08C04D2E76E
S214009D50105D175E140B00202DE9F0438DB0814690
S214009D60DDE914780E4615461C469BB1B8F1000F87
S214009D7005D16FF0860630460DB0BDE8F083002FA3
S214009D80F7D0B7F1005FF4D3C3F1005303F50043F7
S214009D909F42EED81022002108A824F009FF0022D6
S214009DA007AB029305AB019306AB314600934846DA
S214009DB008ABCDE90522FFF74BFE06460028DAD1B0
S214009DC0059BA4B1AB4215D853EA0504D1D1069B36
S214009DD00B48C8F8004000943A46079900682B44A0
S214009DE012F0DCFB002818BF6FF09106C3E7AB4209
S214009DF0EDD2BEE75B1B9C4228BF1C46E7E700BFD0
S214009E00140B002030B58DB00C46054610220021FC
S214009E1008A824F0CDFE002207AB029305AB019301
S214009E2006AB21460093284608ABCDE90522FFF78E
S214009E300FFE0446D8B9099B012B1BD0079D104B7B
S214009E402946186812F042FCB8B90122A5F5062387
S214009E500C49A3F550635B0905F01F00824051F8DA
S214009E6023004240284641F82320FFF7CDFD204638
S214009E700DB030BD6FF08404F9E76FF09104F6E79B
S214009E80140B0020601D00202DE9F04F89B0074616
S214009E900E46FFF7C5F8C00709D4042401201BF0BE
S214009EA095FD80B3013CF9D16FF0920028E01022B6
S214009EB000210DEB020024F07BFE04A8FFF712F948
S214009EC0049B002BE9D0059B002BE6D0069B002BBD
S214009ED0E3D0079B002BE0D00025DFF8808008F158
S214009EE00409B54219D34FF48A74FFF793F800F0CB
S214009EF00E03062B2DD1C30501D5FFF7BDF80020B4
S214009F0009B0BDE8F08FFFF785F810F00E03FAD021
S214009F10022BF8D04105DFD5C4E7FFF775F8A6EBAE
S214009F20050A8400544528BF544699E803000023D8
S214009F308DE80300CDE9054307EB050BCDF810B01F
S214009F40029404AAD8F8003007CA1BF038FC25444F
S214009F50C7E724FA03F3DA07A6D5C6E7C801030065
S214009F601FB504A800E90E0011460198FFF78CFF04
S214009F7070B1FFF721FBBFF34F8F0749074BCA6845
S214009F8002F4E0621343CB60BFF34F8F00BFFDE7E0
S214009F9005B05DF804FB00BF00ED00E00400FA0524
S214009FA02DE9F0438BB01746DDE91545DDE91326AC
S214009FB09C46DDE91738894621B96FF086000BB05C
S214009FC0BDE8F083002FF8D00EB9002CF5D1129919
S214009FD009B9002AF1D10DB9002BEED1B8F1000F66
S214009FE0EBD0244A944541D10288B2F5105F3DD1AA
S214009FF04288B7EBD20FE0D322F04001802902D08E
S21400A000B2F5807FD9D16CB3AE421CD232199542DC
S21400A01019D29C42D1D831462246284624F0AEFDBD
S21400A0202E4614F00F03C8D1CDE90197CDE90336CB
S21400A030CDE90543CDE907540993FFF7B1FC38B1E4
S21400A0406FF09200BBE79C42EBD96FF08900B6E751
S21400A05007AA04A901A8FFF709F90546FFF7ACFC13
S21400A0600543EDD10020C8F80040A8E76FF0850052
S21400A070A5E700BF004440042DE9F04FA9B0834691
S21400A08017469A460E46DDF8C890DDF8D88029B9FE
S21400A0906FF08603184629B0BDE8F08F002AF7D087
S21400A0A0B9F1000FF4D0349B002BF1D0B8F1000FBB
S21400A0B0EED00024424B0CAD93E8070085E807007D
S21400A0C03C22214619A8189424F072FD3388728821
S21400A0D003F4E040B0F5804FDAD03A4E3A480BEA47
S21400A0E0060646F01066864263D1B2F5807F60D1E0
S21400A0F047F2121293425CD10620344ABAF11F0F7F
S21400A100D3680E940B931369126800FB03F3CDE932
S21400A1100C23BDD9339B402BBAD9359B1F2B4BD96B
S21400A12009F1010220261292402299F800300F977A
S21400A130042B18AFCDE91324CDE9157210961194AF
S21400A1401794A5D1FFF72CFC03460028A2D10B9B41
S21400A15015AACDE9086305AB07CA83E8070002AB7A
S21400A16012AA07CA83E80700DDE910018DE803009C
S21400A1700F9B95E80700FFF753F90546FFF71CFC11
S21400A18055EA000384D13D46349A20AE2C4603CCD3
S21400A190B44210605160254602F10802F6D1002252
S21400A1A01146B9540132402AFBD12022C8F80020BB
S21400A1B070E76FF085036DE76FF089036AE700BF0D
S21400A1C0540003000000FFF60000020968000300C8
S21400A1D0F0B50E461D468BB0002853D0002951D04E
S21400A1E0002A4FD0002B4DD0048804F44F43B3F51B
S21400A1F0824F03D06FF085000BB0F0BDE3B224F0C1
S21400A200FF04B4F5E24FB0F802C0F3D1122B01D030
S21400A210172BEFD10CF10701B2EBD10F4FEAD107A4
S21400A22033D31D4A04ACBCF5807F07CA84E8070018
S21400A230E0D1122B07D1194B1A691B681344CDE9DC
S21400A2400432002306930023CDE907670993FFF73E
S21400A250A7FB0028D0D1124A02AB92E8030083E89D
S21400A26003000AAB13E903008DE80300079B94E89C
S21400A27007001BF029FA0446FFF79EFB204307D190
S21400A2802F60B9E76FF08600B6E76FF08900B3E796
S21400A2906FF09200B0E700BF5400030068000300B0
S21400A2A0C00103002DE9F0438FB01D46DDE916C658
S21400A2B000285CD000295AD0002A58D0002B56D04F
S21400A2C0BCF1000F53D0002E51D0038803F44F4446
S21400A2D0B4F5824F51D1DCB223F0FF03B3F5824FC1
S21400A2E040884AD0122C01D0172C46D1C31DB2EBA1
S21400A2F0D30F4FEAD3083AD34FEA4802571C6745B4
S21400A30038D8B0F5807F38D1122C18BF4FF000092E
S21400A3104FF0000308BF1C4CCDE9081805F10101F9
S21400A32014BF4C46D4F80C90CDE90B120A930D934B
S21400A330FFF736FBC0B9CDE9058902AB08AA07CA04
S21400A34083E807000EAB13E903008DE803000B9BC0
S21400A35094E807001BF0D7F90446FFF72DFB2043CF
S21400A3600ED104232B7037600FB0BDE8F0836FF07A
S21400A3708600F9E76FF08900F6E76FF08500F3E7EF
S21400A3806FF09200F0E700BF680003002DE9F0438D
S21400A39089B00E4615461F46DDF8488020B96FF096
S21400A3A0860009B0BDE8F0830029F8D0002AF6D070
S21400A3B0B8F1000FF3D0038803F44F42B2F5824F92
S21400A3C002D06FF08500ECE7DAB2122A01D0172A25
S21400A3D0F7D123F0FF03B3F5E24F41D14488C8F824
S21400A3E0004044B9EB00B3F5807FC8F80030E8D1F0
S21400A3F0122A0DD108E0E31DB5EBD30FCFD1B4F58B
S21400A400807FDED1122A29D1354B1C681B691C447B
S21400A4100023194670192C4414F801CD10F8012DAC
S21400A4201143B2EB0C020CBF4FF0FF3C4FF0000C98
S21400A43086420CEA030343EA0203EDD10029AED0BC
S21400A440002BACDA109B9D4246D82A463146384649
S21400A45024F0B9FB119B00201D60A2E70024D7E77B
S21400A4603378042B9BD16B1EDB005B08B3F5807F33
S21400A470C8F80030A5D1122A06F1010318BF4FF024
S21400A48000094FF0400205934FF000030ABF144C3A
S21400A4904C46D4F80C90CDE90623FFF781FA002845
S21400A4A07FF47FAFCDF80C90D8F800300733DB0888
S21400A4B0029308AB13E903008DE80300059B94E8BC
S21400A4C007001BF0CDF90446FFF776FA00287FF464
S21400A4D068AF002CB6D062E76FF0890061E700BF76
S21400A4E0680003000388B3F5105F0ED14388DB08CD
S21400A4F0103B102B0CD8084A22FA03F313F0010F76
S21400A50014BF00206FF0860070476FF0850070471C
S21400A5106FF08600704700BF010101002DE9F04F83
S21400A5208FB01546DDE918A91E46DDF868801C9F29
S21400A53009B300B3B8F1000F1DD0E7B1BAF1000FB0
S21400A54002D1B9F1000F16D1274B26F47E129A429B
S21400A550B0F802B044D1FFF7C5FF0446A8BBB5EB80
S21400A560DB0F4FEADB0306D316F47C1FC6F3054564
S21400A57004D0102D03D96FF0860426E010251B9A10
S21400A58095422AD8CDE9011300231022CDE9059380
S21400A5900DF12809CDE9033ACDE90823CDF81C9042
S21400A5A0FFF7FEF9044680B907AA04A901A8FEF73A
S21400A5B071FE0646FFF700FA044656B958B92A4611
S21400A5C04946404624F0FFFA3D6020460FB0BDE8FD
S21400A5D0F08F6FF092040025F6E76FF08904F4E739
S21400A5E06FF08504F1E700BF0002C0032DE9F041DB
S21400A5F0069F0C461646054610B309B302B9FBB9CA
S21400A6006288B3EBD20F4FEAD20819D34C2200214E
S21400A610284624F0CDFA0D4B27F47E129A4212D12A
S21400A6202046FFF75FFF044638B942463146281DEC
S21400A63024F0C9FAC5F824802F602046BDE8F081D2
S21400A6406FF08604F9E76FF08504F6E70002C003B2
S21400A6502DE9F0410E4614460546002840D0002954
S21400A6603ED092B10368214823F47E1383423AD148
S21400A670AF6BF7B1C7F1100807F128004245284430
S21400A68006D2274424F09FFAAF630020BDE8F0818D
S21400A690424624F098FA1022103C3C19AA63F4D0E3
S21400A6A0284605F128011BF084FA0028EED146441E
S21400A6B0A863102C0CD9671E27F00F073A463146C0
S21400A6C028461BF076FA0028E0D1E41BDDD03E4495
S21400A6D02246314605F1280024F075FAAC63D4E72B
S21400A6E06FF08600D2E76FF08800CFE70002C00365
S21400A6F02DE9F04388461F4605468BB070B169B118
S21400A70063B10368234923F47E1088423ED113F4D4
S21400A7107C1FC3F3054604D0102E03D96FF08604C1
S21400A7202AE0102696422BD8FFF73AF9044618BBC3
S21400A730AB6B05F12802CDE901236B6A2A1DCDE932
S21400A74004231023CDE9083007AB1A460390069081
S21400A75005F13C0901A904A8CDF81C90FEF7BEFD42
S21400A7600546FFF729F904466DB928B93246494629
S21400A770404624F028FA3E6020460BB0BDE8F08341
S21400A7806FF08904F8E76FF09204F5E76FF0850440
S21400A790F2E700BF0002C00307B56B46054A106823
S21400A7A0516803C36846FDF75DFF002003B05DF8FF
S21400A7B004FB00BFD401030013B50024064A684614
S21400A7C0536F43F00103536700948DF80440FDF780
S21400A7D081FE204602B010BD0040005030B58BB060
S21400A7E06C46174D0FCD0FC40FCD0FC495E8030070
S21400A7F084E80300134BD3F84C2112031CD5A3F5B1
S21400A800FE431C884FF6FF739C4208BF8C248DF8CD
S21400A8101940FDF79BFC204480F308008DF81800D3
S21400A8200948FCF703FB6846FDF7B0FB3220FDF74E
S21400A830C5FC00200BB030BDD3F85041E4B2E6E7CB
S21400A840DC0103000080E00F00F049026FF0040313
S21400A850502110B50A480B4C13F0800F03F101028B
S21400A86007D12344402A83F800131346F4D100206E
S21400A87010BD03F00F03043B034419761346EBE7C1
S21400A88000ED00E000E100E010B504461AF0CCFC54
S21400A890024B1C601AF0CCFC002010BD741D00207A
S21400A8A010B51AF0C1FC034B1C681AF0C1FC204618
S21400A8B010BD00BF741D0020034B02221868002341
S21400A8C08068194619F06CB8200C002030B5144684
S21400A8D0054687B010461BF044FA63690246834279
S21400A8E03CBFD4E903315B181B1A7BB10F490494B3
S21400A8F003910021CDE90131012300932846D4E9D4
S21400A90000131AF05CFB002007B030BD012262760F
S21400A91094F82D20002AF6D084F835301321E36908
S21400A920204698472046636A9847ECE7CDA8000083
S21400A9302DE9F04788B004460F46164698461AF0AA
S21400A9407AFC8146002E7AD0237E03F0FF02002B8D
S21400A95000F0A28020461BF004FA6569A84205D1E3
S21400A960637ED4E9033213445D1B01E0F9D9451B2D
S21400A970B54228BF35461AF05EFC94F82D30824664
S21400A980002B6DD12A463846616924F01CF96369AC
S21400A9902E462B44636121E0037803F0FD01112964
S21400A9A05BD1216B814205D1A3F111014B424B4192
S21400A9B084F83430013E6369216B01328B4203F127
S21400A9C0010308BF2363636195426069E4D1D4E95B
S21400A9D00323216B1344994200D122630025D4E956
S21400A9E0032361691344994208BF6261207A657641
S21400A9F0FCF728FE20461BF0B4F96369834232D187
S21400AA00257694F82D30E568656103B12563204608
S21400AA10636A9847214B04940393002302932369A7
S21400AA202A4601930123009363682168207A1AF06E
S21400AA30C6FA207AFCF726FE50461AF002FC484674
S21400AA40C8F800601AF0FDFBD8F80030002B0CBFE9
S21400AA501B20002008B0BDE8F08707F8013BAAE7F6
S21400AA602E460022B0E70123207A23760DF11E0140
S21400AA70FCF770FE9DF81E30002BDAD00DF11F019A
S21400AA80207AFCF73FFE9DF81F100029D1D1224600
S21400AA90207AFFF71BFFCCE71646D0E7CDA80000CC
S21400AAA0002807DB01234109034A00F01F0083400A
S21400AAB042F82130704700BF00E100E0002808DBC4
S21400AAC001224309034900F01F008240603341F829
S21400AAD02320704700E100E070B504460568FFF7E4
S21400AAE0DFFE844202D10020FFF7CEFE95F93660E5
S21400AAF03046FFF7E3FF002E0CDB012219497309ED
S21400AB0006F01F06B240203341F82320BFF34F8FD4
S21400AB10BFF36F8F95F937603046FFF7CFFF002EF3
S21400AB200CDB01220F49730906F01F06B2402033E2
S21400AB3041F82320BFF34F8FBFF36F8F287AFCF7BF
S21400AB40C1FD287AFCF724FDFCF700FD002328460B
S21400AB50C4E90033C4E90433A360AB6ABDE87040BF
S21400AB60184700BF00E100E02DE9F0430C4615460B
S21400AB70064687B04022002120461F4624F018F8DB
S21400AB8095E8030000232A692376EB6884E803002F
S21400AB90C4E904232A7DE36084F82C20AA7D23637D
S21400ABA0012384F8343084F835300E9B84F82D2049
S21400ABB023620F9BE7616362109BA3622B7A84F883
S21400ABC036306B7A84F837302D4B346073602D4BFB
S21400ABD0B3602D4B33612D4B73612D4BF360FCF747
S21400ABE0FDFC38B12B4B984204D01024204607B009
S21400ABF0BDE8F083002104F10800FCF777FC074667
S21400AC000028F2D14FF00108234B3362234B84F81F
S21400AC103C80B361224BF3619DF8483084F83900DC
S21400AC2084F83B309DF84430204684F83A30697DFD
S21400AC3084F838801BF0A5F895F909904846FFF788
S21400AC403DFF4846FFF72CFF164B0494CDE90273F0
S21400AC502369CDE900836368E2682168207A1AF0E8
S21400AC60AEF904460028C0D195F908502846FFF7EB
S21400AC7025FF2846FFF714FF3046FFF705FEB5E729
S21400AC80D35D020031A90000515D0200575D02004D
S21400AC90D9AA0000038000F02B5D0200835D02004D
S21400ACA05D5D0200CDA800002DE9F04101271C469D
S21400ACB0584B86B00293584B0C9D0193574B9046C9
S21400ACC000930A46CDE903772946554BFFF74CFF1C
S21400ACD00646002840F09680236839462B64636851
S21400ACE03A206B64637A85F84930237A85F84830D1
S21400ACF0E37A85F84B30A37A85F84A30637B85F88B
S21400AD004D30237B85F84C30E37B85F84F30A37BB2
S21400AD1085F84E30FDF736F83B460422617A207AF5
S21400AD20FDF734FD3B460222E17AA07AFDF72EFDC0
S21400AD3039466068FDF726F888F8006041462068C6
S21400AD40FDF78AFF1422637C5B0103F1A04303F541
S21400AD507033C3F81C26617A227A42EA0142C3F8AD
S21400AD603426E17AA27A42EA0142C3F82C2685F814
S21400AD70506098F81930032B4AD8DFE803F03447C0
S21400AD80021C022385F8503000230422E17BA07BBE
S21400AD90FDF7FCFC022741F21C61627C214B03EBB1
S21400ADA042104750E07BA17BB13241EA004103EB01
S21400ADB04213996017E0012785F8503002220023DD
S21400ADC0617B207BFDF7E2FC637B227B617C42EAB1
S21400ADD00342154B49015A500422236803F5805359
S21400ADE0DA65002FD0D1237A2A6C85F84830637A4A
S21400ADF0052185F84930D36C206843F00403D364FA
S21400AE001AF042FA304606B0BDE8F0810027D3E7D4
S21400AE102326F7E7015F0200F55E02008D5F020061
S21400AE20815F020000C0035024D60350BFF35F8F3B
S21400AE30074B5A6A22F480325A62D3F8942022F0E2
S21400AE400102C3F89420BFF34F8FBFF36F8F704794
S21400AE5000ED00E070B52948294CFFF7E7FF844273
S21400AE60284D294919D1D5F8C03023F0FF0343F007
S21400AE70A003C5F8C0304FF080430A68214D234E2A
S21400AE80C5F8982043F0010301328442C5F89C605F
S21400AE90C5F8A0300A601ED00DE0D5F8C02020F01E
S21400AEA01F03203B22F0FF0242F0A002B3F1005F36
S21400AEB0C5F8C020E1D2164B0A68124823F01F03DB
S21400AEC043F00303C0F89820C0F89C30114B0132C1
S21400AED0C0F8A0300A60BFF35F8F0522094BC3F8A5
S21400AEE094205A6A42F480325A62BFF34F8FBFF3FF
S21400AEF06F8FBFF34F8FBFF36F8F70BD3C0D002079
S21400AF00140F002000ED00E0781D00200300002054
S21400AF10330F0020E1FFFF3FF8B51446FFF786FF2A
S21400AF201F2C27D90027C2062A4D1CBF20F01F0061
S21400AF3020302A68CB06284B18BF21F01F01FCB230
S21400AF40A2422BD8D3F8C04020F01F0024F47F4440
S21400AF5044F4807421F01F01C3F8C04040F00300A1
S21400AF60C3F8982041F003010132C3F89C00C3F8EF
S21400AF70A0102A600020BFF35F8F0522164BC3F88F
S21400AF8094205A6A42F480325A62BFF34F8FBFF35E
S21400AF906F8FBFF34F8FBFF36F8FF8BDC3F8984026
S21400AFA0D3F89C40D3F8A06024F01F04A04226F0FB
S21400AFB01F0601D1B142DDD0B04201D8A14207D26E
S21400AFC0D3F89840013724F0FF04C3F89840B6E75A
S21400AFD02820D0E7781D002000ED00E0BFF34F8F5B
S21400AFE00549064BCA6802F4E0621343CB60BFF320
S21400AFF04F8F00BFFDE700BF00ED00E00400FA053C
S21400B000054B1A782AB95B78002B0CBF0320022068
S21400B01070470120704700BF6B2B00200329F8B54E
S21400B02098BF124B05460E468CBF00245C5C032876
S21400B03005D8DFE800F002080B0E44F002040C4BC3
S21400B0401F684FB9F8BD44F00804F8E744F0200440
S21400B050F5E744F08004F2E77B681A68144203D0F0
S21400B060314628465B6898473F68EAE704020300D3
S21400B070A81D002038B5104D2B78ABB10F4C2378A7
S21400B0801BB100F0B7FB0023237000201AF0E7FF87
S21400B0900B4C50B100F000FC0023012120782B70EF
S21400B0A0FFF7BCFF0123237038BD0122054B1A7041
S21400B0B02278054B1A70F7E7662B0020642B0020D9
S21400B0C06D2B0020672B0020682B002010B51AF08F
S21400B0D0ABF8064B04461B781BB1BDE810401AF0CF
S21400B0E0A7B8FFF7C7FF2046F7E700BF632B00208F
S21400B0F0094A137830B101331370084B1B78012BC3
S21400B10003D87047013B13707047054B1B780BB98B
S21400B110FFF7B0BF704700BF6B2B00206D2B0020E1
S21400B120672B002070B51AF07FF8124E054633786C
S21400B1309BB900F0EDFC044620B128461AF078F8DA
S21400B140204670BD0C4819F07FFE00F047FF0B4B01
S21400B1501C6000F0A9FD0A4B186000F02BFA1AF0EC
S21400B16080FF084B002418600123284633701AF02D
S21400B1705FF8E5E76E2B0020A81D00207C1D002050
S21400B180A41D0020801D00202DE9F843284A013820
S21400B190135C39B1274F013339781354012904D889
S21400B1A0BDE8F883013B1354FAE7FFF729FF0128AF
S21400B1B0044635D81AF038F8DFF88480054698F843
S21400B1C0003013B31C4E33781BB9012232701B4A71
S21400B1D01370DFF8709099F8003023B100F00AFB86
S21400B1E0002389F8003028461AF022F801201AF0C9
S21400B1F036FF1AF019F8337805461BB100F04CFB01
S21400B20000233370002388F8003028461AF010F820
S21400B2103878A042C4D02146FFF700FF3C70BFE755
S21400B2200329F5D10228F3D11AF01FFFF0E700BF7B
S21400B2306B2B00206D2B0020632B0020672B00203B
S21400B240662B0020642B002010B5044619F0ECFF96
S21400B250002C0CBFFF210121064A13780B44DBB2F9
S21400B2601370B3FA83F3BDE81040034A5B0913700A
S21400B27019F0DEBF6A2B0020692B002038B519F0C4
S21400B280D3FF094B05461B78012B04D819F0D0FFD5
S21400B2900024204638BD054B1C6800F047FB0444DC
S21400B2A0284619F0C5FFF4E76D2B00207C1D002012
S21400B2B038B54160044619F0B7FF054621460448F4
S21400B2C019F0C5FD2846BDE8384019F0B1BF00BFEB
S21400B2D0A81D0020054B1B685843054B00F574203D
S21400B2E000F23F20B0FBF3F0704700BFA41D002023
S21400B2F040420F002DE9F04F85B0EFF3108772B68D
S21400B300AFF3008019F019FD00286FD0804EDFF8EB
S21400B3102C82337823B10020FFF7EAFE0023337037
S21400B320FFF76EFE0446002867D0841EE4B2012CA8
S21400B3306AD9FFF765FE01280546764CDFF80092CD
S21400B34000F28C802078854240F0C680207800F09D
S21400B350D7FA99F8003013B16F4B1B782370AFF310
S21400B360008007B962B6EFF3108772B66B4B1A7897
S21400B37052B100221A70684B20781B78984203D18D
S21400B38001212170FFF74AFE654800F0FBFB19F02B
S21400B390DEFC05460028BCD1624BDFF894811870AD
S21400B3A098F80030ABB189F80000DFF88C9199F876
S21400B3B000301BB100F01EFA89F8005000201AF089
S21400B3C04EFE002800F09B8000F066FA002388F806
S21400B3D00030337823B10020FFF78AFE0023337055
S21400B3E000212078FFF71AFE00232370AFF30080B9
S21400B3F007B962B605B0BDE8F08F3378002B98D059
S21400B400FFF776FE347094E7002003A900F008FCEE
S21400B410044600288DD1D8F80030039A9A4205D801
S21400B4200120FFF765FE0123337082E73E4B1D685F
S21400B43000F07CFA039B05449D42F1D200F08EFAA0
S21400B4408200039942F0020292B2CDE900422346FE
S21400B450364A491B32481AF009FE6AE7344BDFF8D1
S21400B460C4A093F800B0BBF1000F25D100F046F958
S21400B4702078854230D19AF800307BB92C4D2B7855
S21400B480002B7FF463AF2B4B1B7823B900F0ACF98D
S21400B4900122294B1A7001232B7057E7022DEDD19C
S21400B4A08AF800B015E02378022B25D100238AF80D
S21400B4B0003023F014F81FE0207885420CD19AF86B
S21400B4C00030002B3FF442AF022DD7D100238AF87C
S21400B4D0003023F004F8D1E70023DFF848A08AF80C
S21400B4E0003099F8003013B92946FFF797FD9AF80F
S21400B4F000302570002BD6D1012DBFD826E70120BD
S21400B50000F0FEF907B962B6EFF3108772B655E79A
S21400B510652B00206D2B0020682B0020612B00205F
S21400B520841D0020692B00207C1D0020CDB000006B
S21400B530662B00206A2B0020642B0020801D002034
S21400B540672B002010B519F06FFE0022044B1C7804
S21400B5501A7019F06DFE00F087FC2043C0B210BDD3
S21400B560622B002073B5114E0446337883420FD009
S21400B5704FF400730E4DADF8043058B101A8FCF737
S21400B58045FF4020FFF7A6FE2B68181A2860347087
S21400B59002B070BD8DF8050001A8FCF737FF40200B
S21400B5A0FFF798FE2B681844F0E700BF220D002036
S21400B5B0E01D002073B5002401A88DF80440FCF7B8
S21400B5C0EBFF2046FFF7CEFF404A4149136F414844
S21400B5D003F007030B60D2F800113F4D01F00301A2
S21400B5E001604FF400203D49032B48664FF40030BD
S21400B5F0486601F598318969C1F3400129705DD02C
S21400B600D2F8203103F00303981E43424341D2F898
S21400B6102421334C02F00702022A08BF43F001033C
S21400B6204FF4C8702370FFF755FE00222D4B2E49AD
S21400B63018602E4E0B680132D2B20A2A46F8040B66
S21400B640F9D1034400EBC00003440B602B78284D6F
S21400B65063B323781D4A3BB9D2F8003103F00303E5
S21400B660591E4B424B412370D2F8003103F00303BE
S21400B670022B25D0032B26D0012B17D1FBF7D0FBAE
S21400B680024698B11B4B1C4EDC6800231946C4F3D7
S21400B6900B04013404EB84040138E4FB060117F0C4
S21400B6A07BFEFFF717FE2B6803442B601F20FFF777
S21400B6B011FE2B6803442B6002B070BD0123A6E781
S21400B6C0FBF7C8FBDCE719F076FBD9E700800050F3
S21400B6D0E41D0020E81D0020722B00200090005082
S21400B6E0732B0020AC1D0020B01D0020B41D0020D0
S21400B6F0E01D002000C0015040420F00074A0849E4
S21400B700D2F8203103F003030B60D2F82431054A47
S21400B71003F00703136019F099BD00BF00800050C6
S21400B720F01D0020EC1D002008B5104B1A78C2B1A1
S21400B73000221A700E4B1A6F22F0070242F0010226
S21400B7401A67D3F8202142F00302C3F82021D3F869
S21400B750242122F0070242F00302C3F82421FBF75B
S21400B76049FB0122034B5A6708BD00BF712B00201E
S21400B7700080005000E000500122154B10B55A67BB
S21400B780144B154C1B7813B302201AF0D3FCF0B1FF
S21400B79000F076FAD8B1A36DD90302D5E36D9A0707
S21400B7A015D40D4B9B6DDB0711D401220B4B1A7081
S21400B7B01AF09FFCBDE81040094B0A4A1860136F48
S21400B7C023F0070343F003031367FBF713BB10BD17
S21400B7D000D00050732B002000C00050702B0020BB
S21400B7E0DC1D0020008000500122014B1A707047BB
S21400B7F0712B0020F8B51F4B1B78002B39D01E4C40
S21400B8002378B3B91D4B9A6DD10302D5DA6D920732
S21400B8102FD49B6DDB072CD41AF06BFC184B194AFF
S21400B8201860136F23F0070343F003031367FBF757
S21400B830E1FA1AF05EFC124B134D1B68134EC01A49
S21400B8402B78134F56F8232046F82300111A3A682F
S21400B8501048521A0A213A600932B2FBF1F201335B
S21400B860DBB20260B3FBF1F201FB12332B70002354
S21400B8702370F8BD732B0020702B002000C00050F2
S21400B880DC1D0020008000506F2B0020B41D00201F
S21400B890B01D0020AC1D002008B519F0DAFC124BD4
S21400B8A012491A6F096822F007020A431A671049FC
S21400B8B0D3F82021096822F003020A43C3F82021A6
S21400B8C00C49D3F82421096822F007020A43C3F87A
S21400B8D02421094B1B7813B10122084B9A62BDE85C
S21400B8E00840FBF787BA00BF00800050E41D002028
S21400B8F0F01D0020EC1D0020732B002000E00050FF
S21400B90002280AD003280BD001280CD1064A136956
S21400B91023F00403136130BF70470020FCF782BD9C
S21400B9200020FCF7ADBD704700ED00E0054B187831
S21400B93018B1054B186800EBD000044B1B68184480
S21400B940704700BF732B0020AC1D0020E01D0020B8
S21400B9500122014B1A707047732B0020014B187898
S21400B960704700BF732B002038B51AF0D0FB0025B7
S21400B970084B094C1A682368C31A2AB123B15169C7
S21400B980994203D3C91A5161206038BD55615B1ACC
S21400B9909268F2E7FC1D0020F81D0020C38870B5F1
S21400B9A004460D463BB9FFF769FC8542064602D2BF
S21400B9B01AF049FB35460E4965610B688BB90C6079
S21400B9C0A3600DE0AD1A9A68184665616AB1134621
S21400B9D05A69AA42F6D930B18460521BA3605A61F4
S21400B9E070BD0020F4E70C60F7E79C60A260F7E704
S21400B9F0FC1D002038B5134D2B685B6993B1124AC5
S21400BA00022014681C441AF089FB204600F07AFADB
S21400BA1000230E492A680B70D088800709D50123B9
S21400BA200B7038BD02201AF079FB022000F0B4FA41
S21400BA30EEE79268002AF4D050690344012BEBD954
S21400BA40EFE700BFFC1D0020F81D0020752B00202E
S21400BA5070B516469DF81420C0E903360271049AA4
S21400BA60BDF818300260002204460D468260C3808E
S21400BA70EEB91AF04CFB2844A0619DB12E4619F091
S21400BA80D3FB0546FFF770FF31462046FFF786FFDB
S21400BA90104B1B68A34201D1FFF7ACFF284619F0F4
S21400BAA0C7FB02E0E36865617BB9002070BD1AF051
S21400BAB02EFB3044A061002DE0D1E3686561002BC9
S21400BAC0DDD0204621689847D9E720462168984768
S21400BAD0EBE700BFFC1D002000220C490B687BB181
S21400BAE083420AD183687AB1936083681BB15A692E
S21400BAF041690A445A61002070471A469B68EEE77F
S21400BB000028EFD0022070470B60EEE7FC1D0020F7
S21400BB1070B519F090FB144E05463478FCB9134BFB
S21400BB201C60134B1C60134B1C8000F0A9F901200D
S21400BB301AF0F4FA1AF00DFB0F4B0246186020B903
S21400BB40284619F07EFB232070BD234640F2E731DD
S21400BB500A4817F021FC0A4B186001233370284668
S21400BB6019F06FFB0020EFE7762B0020FC1D00206D
S21400BB70F81D0020E02A0020001E002018FCFFFF11
S21400BB80F41D002070B5044640B319F04DFB144E6A
S21400BB900546FFF7E9FE3068A04209D02046FFF7C9
S21400BBA09BFF0446B0B1284619F042FB204670BD04
S21400BBB0FFF792FF04460028F5D133683BB9022010
S21400BBC000F0D2F9284619F033FB0024EEE7FFF721
S21400BBD011FFF7E73368002BF4D1F0E72224E5E7FE
S21400BBE0FC1D002038B50C460546A8B1A1B10023BF
S21400BBF00B7019F020FB0121084B1B6833B919F0B4
S21400BC0020FB002038BD9D4204D121702278002AF6
S21400BC10F9D0F4E79B68F1E72220F3E7FC1D00204B
S21400BC20F8B506460F4619F006FB00250446124BEB
S21400BC301B6823B9204619F004FB1B2011E05A6943
S21400BC401544DA88B2420DD11AF061FA0B4E336809
S21400BC50C01AA8420AD3002320463B6019F0F1FA26
S21400BC600020F8BDFF2EEFD09B68E2E71AF04FFAEF
S21400BC7033682B441B1AEFE7FC1D0020F81D00203C
S21400BC8008B5074B187848B11AF033FA054B1B680D
S21400BC909B69C01A02288CBF0020012008BD00BF87
S21400BCA0752B0020FC1D0020014B1868704700BF54
S21400BCB0001E0020F8B50C4B05461B680E46834256
S21400BCC00FD3002440F2E7302146084B4FF47A7237
S21400BCD01F680023E5FB070117F05EFB3060204677
S21400BCE0F8BD2120FCE700BFF41D0020001E002048
S21400BCF00F4B10B51A689AB14FF47A71531E13425F
S21400BD00A0FB01010ED1B2FA82F2C2F11F04531C4D
S21400BD10D243E04001FA03F3184321FA02F2024349
S21400BD20104610BD002317F037FB0246F8E700BFA9
S21400BD30001E0020C2072DE9F04704460BD5474AEF
S21400BD40138801339BB21380FFF70EFE444B1B682B
S21400BD500BB1FFF74FFEA3077ED519F06CFA4FF034
S21400BD60000905464E46FFF7FFFDC8463C4F3C68B7
S21400BD700CB163698BB100223A4B012E1A7003D1C5
S21400BD8019F0020F18BF1E70002C61D0FFF732FEAC
S21400BD902846BDE8F04719F054BA23465A693AB91E
S21400BDA01A792179914288BF1C469B68002BF5D1F1
S21400BDB0284619F046FA2569DDB11AF0A8F9A269F5
S21400BDC0A0EB02094FEAE9734D4578EB030311DA5D
S21400BDD023691344A361E368B4F80690013613B1EF
S21400BDE020462168984719F026FA0546FFF7BCFD5D
S21400BDF0BDE7A94619F01FFA82462046FFF76CFEFB
S21400BE00504619F01EFA2369002BE4D0A38BB5EB3D
S21400BE10090533B1E28B13449BB2B3F57A7F0FD298
S21400BE20E38319F008FA814629462046FFF7B6FD57
S21400BE30A369226948461344A36119F002FACAE7C7
S21400BE40A3F57A73E383A369013D013BA361E8E7A9
S21400BE50022000F089F89BE7BDE8F087E02A002082
S21400BE60FC1D0020742B002010B519F0E4F9034BDC
S21400BE701C7819F0E6F9204610BD00BF742B002090
S21400BE801FB500241C4B012118689A880290D3F82D
S21400BE9006009B7A00903E20ADF80C208DF804300A
S21400BEA0FBF770FF02A88DF808408DF80C40FCF7F1
S21400BEB02DFE694601208DF80040FCF7E3FD4FF0AB
S21400BEC0B04240F2FF31936923F47F7323F00303FB
S21400BED093610A4B5961936A13F00803FBD113620E
S21400BEE00120FCF7E9FD4FF48052054BC3F8802192
S21400BEF01A6004B010BD00BF0802030000200058FE
S21400BF0000E100E010B5044619F08EF94FF0B0429B
S21400BF10936A1907FCD4136A116C5269520604D44A
S21400BF20CA1A032A01D899420ED1E21A022A98BFE9
S21400BF30DC1CB4F1FF3F38BF013C4FF0B0431C643B
S21400BF409A6942F040029A6119F072F9054A13782C
S21400BF503BB14FF0B041CB6B43F00203CB63002301
S21400BF60137010BD230D0020820700F001030AD5D0
S21400BF700121084A43F0400311704FF0B041CA6BEC
S21400BF8022F00302CA634FF0B0418A6922EA030333
S21400BF908B617047230D0020830742BF4022014B70
S21400BFA05A6170470010005810B519F044F94FF068
S21400BFB0B04304465B695A06074A03F0010003F0E3
S21400BFC0510348BF40F002005361FFF7B3FE20461E
S21400BFD0BDE8104019F035B9002000580A4B10B5DE
S21400BFE0D3F8403203F00303013B012B0BD819F0C2
S21400BFF01BF9044601210220FFF7C6F82046BDE8DB
S21400C000104019F015B910BD00800050024A0349CF
S21400C010034806F0BDBD00BF14020300380203004B
S21400C0208002030010B50A46044619B1024B0021EF
S21400C0301B68984710BD00BF180B00200E4B03402E
S21400C040B3F1607F06D1B1F5885F14BF6FF086004C
S21400C05000207047B3F1707F0BD101F4E043B3F5D5
S21400C060005F06D111F4E06F0CBF6FF08600002071
S21400C07070476FF0860070470000C07F8A42F8B5B0
S21400C08006460C4600F0DB806F4922F4FF7323F06F
S21400C09001038B420ED06D4B22F0FF01994209D06E
S21400C0A06B4822F47F7323F00303834202D0694B6C
S21400C0B0994228D1684B24F0FF0199420FD114F021
S21400C0C0FF000BD0654B40F00070984240F0B980FE
S21400C0D082EA0400FF288CBF00200120F8BD5B4BDD
S21400C0E09942ECD0A3F588539942E8D024F4FF7324
S21400C0F023F00103B3F1062FE1D056488142DED08B
S21400C10053498B42DBD004F0FE43B3F1A06F14D149
S21400C11002F0FE43B3F1A06F40F0938082EA04037E
S21400C12033F47E1340F08D8014F40040D6D0C4F370
S21400C1300540C2F305429042CDE7B3F1407F6AD195
S21400C14002F0FE43B3F1407F7BD182EA040535F46A
S21400C1507E1576D131462046FFF770FF002870D155
S21400C1603F4B12F47C1703EA02031BD0B3F1607F47
S21400C170C2F305473FD13B49D3B243F000738B422D
S21400C1803DD003F17E43043B0F2B01D83649CD5CEE
S21400C19014F47C1FC4F3054333D1BD4214BF002002
S21400C1A001209BE7B3F1607F0DD12E49D3B243F057
S21400C1B000738B421DD003F17E43043B0F2BDAD86D
S21400C1C02A49CF5CD7E7B3F1707FE1D106F4E043AC
S21400C1D0B3F5005F03D10127C6F302239F4006F4A0
S21400C1E0E043B3F5005FD3D10125C6F302218D40AD
S21400C1F0CEE71027BFE7B3F1707FC9D1EFE7102570
S21400C200C6E712F47C1F01D1AB4218D022047FF59A
S21400C21065AFBB425FE7B3F1106F12D124F01F6029
S21400C22020F4702068B902F0FE43B3F1106F7FF47B
S21400C23055AF0F48104040F01060A042AEE7012016
S21400C2404CE700204AE700BF000200060013000685
S21400C250000400060009000600030006FF000002B6
S21400C2600000C07F03000002AE020300AE0203001F
S21400C2700000FFF62DE9F8431746002288461C46C4
S21400C28000F05AFA054688BBD8F80060B6F8009069
S21400C29009F4E043B3F5804FF36808BF27F00107C1
S21400C2A037EA03031AD10CB3254B24F0FF029A4257
S21400C2B01FD114F0FF0304D0224A43F000739342C8
S21400C2C032D0224648463169FFF7D8FE074668B99D
S21400C2D0224648467169FFF7D1FE70BB6FF08405B1
S21400C2E000233046C8F800301AF0F1FD2846BDE8B5
S21400C2F0F883154B9A42DCD0A3F588539A42D8D0DF
S21400C30024F4FF7323F00103B3F1062FD1D00F49B5
S21400C3108A42CED00E4A9342CBD004F0FE43B3F10D
S21400C320407F04D12304CCD56FF08605D8E7B3F15F
S21400C330A06FF7D0034B9C42C2E73D46D6E700BF4E
S21400C34000030006FF0000020013000600090006B6
S21400C3500004000638B500F0FE43B3F1407F044603
S21400C3600D4602D06FF0860038BDFFF767FE002846
S21400C370FAD114F47C1F12D0C4F30543032B1370B8
S21400C38022D9284A2240B2F1607F3DD1264AE4B243
S21400C39044F0007494422BD1102BE5D9E2E7214BF0
S21400C3A02340B3F1607F15D11F49E3B243F0007319
S21400C3B08B4202D110231370D6E703F17E43043B71
S21400C3C00F2B04D9002313706FF08500CCE71749B4
S21400C3D0CB5CD3E7B3F1707FF4D101F4E043B3F55F
S21400C3E0005FEFD10123C1F302218B40DBB2C5E72A
S21400C3F004F17E44043C0F2CB4D80D4A125D9342DF
S21400C400B0D8142BB0D9DFE7B2F1707FAAD105F40B
S21400C410E042B2F5005FA5D10122C5F30225AA408D
S21400C420EDE700BF0000C07F03000002AE0203007D
S21400C430AE02030037B50B4D0C462B787BB10023BC
S21400C4400A460193014601AB281D19F0E3FB20B90B
S21400C450019BA34218BF6FF0930003B030BD6FF08E
S21400C4608800FAE7041E00202DE9F04F9B460023C3
S21400C470924601F0FE4297B0B2F1806F0E46DDE9BB
S21400C4802078DDF88890089305D018461AF01FFD2E
S21400C4906FF086043CE00B464FF4807208A9FFF765
S21400C4A0E9FE044618B108981AF011FD30E0DDF8F0
S21400C4B020C00DAC6546CDE914000FCD0FC495E83D
S21400C4C00700BCF8003084E8070003F4E042B2F549
S21400C4D0005F20D113F4E06FC3F302211BD038486D
S21400C4E026F4807282420AD000F50070864206D09A
S21400C4F03448864203D0A0F53F4082420BD1012546
S21400C5008D40102D12D960461AF0E1FC6FF08304BE
S21400C5102646002548E042F20402934202D12A4B06
S21400C5209E420BD0294B9E4244D10D25A84507D2EA
S21400C53060461AF0CCFC6FF08904E9E70C25F5E7B5
S21400C540294609A8FFF776FF04460028ABD10898CD
S21400C550D0E9091287B307EB050C0E9CA8EB050380
S21400C560240A93D10DF12408CDE90539CDE903BCA1
S21400C5703346CDE9015ACDF800800DA8FDF710FD31
S21400C580044614F1860F08988ED01AF0A0FC0646D2
S21400C590002CBDD190B925B12A464146384622F036
S21400C5A012FBD9F800301D443046C9F8005017B0C9
S21400C5B0BDE8F08F0025CAE7BC46CEE70446A7E7ED
S21400C5C00010C00400FF4004000180040013C004F3
S21400C5D008B500F05FF8064B5A7812B10022C3E99E
S21400C5E00122BDE808400C210148FFF71BBD00BF33
S21400C5F0041E002070B50C4D2B7873B919F008FB9B
S21400C600044668B902230126C5E90100AE706B70C6
S21400C61000F038F8044618B92E700024204670BD85
S21400C620FFF7D6FFFAE700BF041E002000F1004225
S21400C6300332022A38B504460D4609D82C21104B81
S21400C64001FB02339A68824211D06FF08B0010E033
S21400C65001211AF0EEFB78B1094B9A68944206D095
S21400C6605A6B944206D01A6E9442EED1583300208C
S21400C6702B6038BD2C33FAE76FF08700F9E700BF70
S21400C680101E00200122024B002083F884207047F1
S21400C690101E002070B5094C0025264604212046B1
S21400C6A01AF0D8FB0135204619F076FF032D04F169
S21400C6B02C04F3D1002386F8843070BD101E0020B1
S21400C6C0F8B51B4C064694F884300F464BB300254D
S21400C6D02346294693F820001A46B8B125B91A7998
S21400C6E012B1022808BF1D460131032903F12C03AD
S21400C6F0F0D115B96FF08C0015E0042128461AF029
S21400C700A9FB68B9284619F047FF2A460020094BBE
S21400C710141BA4105C4304F10044033C34603A60EC
S21400C720F8BD6FF0880000233B603360F8E700BF79
S21400C730101E0020A38B2EBA2DE9FF4100230B60AC
S21400C740394B804693F884300D461646002B68D049
S21400C750FFF76CFF0446A0B92EB9286804B0BDE800
S21400C760F0411AF0A1BB012E04D00024204604B0EC
S21400C770BDE8F0810521286804B0BDE8F0411AF054
S21400C78069BB10F18C0FF1D1294601A8FFF798FF7D
S21400C79004460028EAD101232F68CDE90200C7F835
S21400C7A0088038467B6003AA02A91AF03BFC0446C0
S21400C7B088B1DDE902011AF033FC2D680421284611
S21400C7C01AF048FB284619F0E7FE14F18C0F08BF54
S21400C7D06FF08704CAE7DDE90212384619F067FEF3
S21400C7E00446DDE902011AF01BFC002CE5D102210B
S21400C7F038461AF02FFB04460028DED12868C368A6
S21400C800D90444BF43F48063C360C3689A0444BF3A
S21400C81043F40063C360002EA0D0012EA5D10521ED
S21400C820AAE76FF08804A1E7101E002030B40D4D73
S21400C8302C681C606C685C6000249C605468DC603B
S21400C84014881C8254885C82D4685C6114699C617C
S21400C850526930BCDA6119620A46014603F12400C7
S21400C86022F0B1B9BE0203002DE9F843232904469D
S21400C8700F4691469846089E04D86FF098052846BD
S21400C880BDE8F8830822194922F068F90546002811
S21400C890F3D1A368002BF0D1216A243F8F42C8F859
S21400C8A00010EAD3B1F5005FE7D271B9C9F800000D
S21400C8B0E3687360238A3380638A73806369F360F6
S21400C8C0A3693361E3697361D9E7012019F078FC45
S21400C8D0C9F8000030B1D8F8002004F1240122F095
S21400C8E072F9E5E76FF08C05C9E700BFBE020300EA
S21400C8F0F7B505466B461646164A0C46106851684C
S21400C90003C395F82A3008336B4413F8087CAB8DC4
S21400C910DA0609D433462246394628461AF00CFC75
S21400C92000F5FA7003B0F0BD204622F02FFDAB8D67
S21400C93000F10A049B074FEAC40405D0304622F0F3
S21400C94025FD04F50C740444E823781E584304FBC4
S21400C9500700E5E7C60203009022174B10B51C68D7
S21400C960002102FB0044204622F022F9134B04F17A
S21400C97008001B680021DB7863761BF08EFC4FF402
S21400C9800063E3842385072384F82A301323FF22D9
S21400C990A385236A84F8242043F01303236284F8D3
S21400C9A05420074B074A2046C4E91C32C4E920320B
S21400C9B0BDE810401AF0EBBB981E00206C2000204B
S21400C9C0D6BE898E55555500F0B5104B02461E68EA
S21400C9D093F804C035464FF0FF3400239C4508DC2E
S21400C9E091B1631C10D0902303FB046080F82420D0
S21400C9F0F0BD95F8247028469742F9D0FF2F08BF5F
S21400CA001C4690350133E9E70020F1E7981E002028
S21400CA1070B50446234D002842D0083001F02EFDA4
S21400CA200026FF2304F1400084F82430E66122F05B
S21400CA3028FC04F1440022F024FC04F1480022F013
S21400CA4020FC04F14C0022F01CFC04F1500022F003
S21400CA5018FC2868144B201A00115843C0B21AF06C
S21400CA6062FB014630461AF059FBE06E10B100F04A
S21400CA7037FEE666606E18B11AF068FB0023636640
S21400CA80A06E1AF05FFB0023A36670BD286806FB45
S21400CA900400FFF7BDFF01342B79A342F6DCF4E770
S21400CAA09026F9E7981E0020398EE338F7B504463D
S21400CAB01DF084F8C0F30F23542B3ED9AA2B34BFA5
S21400CAC001230223C0B27E288CBF0222012203214A
S21400CAD08DF804301344B3FBF1F000EB40001B1A52
S21400CAE08DF805301344B3FBF1F202EB42029B1AB9
S21400CAF08DF80630002318461D461A46104901AF29
S21400CB004B7517F8016B44FA06FC1CF0010F06D0B3
S21400CB1053009E40012330430132C0B2D2B20135E9
S21400CB20EDB2032DEDD103B148754B7D43EA821378
S21400CB304B75FF230B7503B0F0BD0023C2E700BFA3
S21400CB40981E0020064B1B68D97ADA78437E5B1A5B
S21400CB509342A8BFDAB2002142761AF054BB00BF57
S21400CB606C200020B0F862302BB9836813F4601F85
S21400CB7008BFA0F8623011B1012911D0704743698F
S21400CB80417E23F010034361064B1A68D37A9278ED
S21400CB900B449342D8BFDAB2012142761AF033BB77
S21400CBA0FFF7D0BF6C2000202DE9F0410025344E61
S21400CBB08AB03379AB4203DC01200AB0BDE8F081CD
S21400CBC09023346803FB054494F82430FF2B0DD0E3
S21400CBD0236A980106D504F15008404622F0CEFBA1
S21400CBE0074628B9226A12F0A06F1ED10135E0E789
S21400CBF0BB7908A90C333B44D8689A7A1B8AC2F3DF
S21400CC008012ADF8243000238DF81F2008901A46B5
S21400CC100DF11F001AF0A1FA38469DF81F2094F86F
S21400CC20241008AB1BF0CAFBD7E7A38D1D2B18D129
S21400CC303C23FF210020CDE90431CDE9020001218B
S21400CC40CDE9000004F12E03C2F380221BF091FE12
S21400CC500028B2D04FF0A06104F120001AF03CFA90
S21400CC60C4E712F0807F08BF3C214FF0000218BFD7
S21400CC70432194F8393094F824001BF020FDE7E7B0
S21400CC80981E00202DE9F0411F46C36904460D4654
S21400CC9016468BB169B918F0CEFA06462946A06E3C
S21400CCA01AF04CFA204629461AF096FA304618F042
S21400CCB0C8FA0020BDE8F0810029FAD0036A03F024
S21400CCC01203022B00F0BA80236ADD0700F1BE8053
S21400CCD094F82430FE2B0CD104F1550001F0F2FE3E
S21400CCE001F0E8FE28B14FF4800104F120001AF0AC
S21400CCF0EBF9256A614B2B40B3F5807F00F0B980D5
S21400CD00A8052FD5C5F3802504F12E08002241463C
S21400CD1028461AF028FA002184F854001AF034FA4B
S21400CD204146002228461AF023FAA18D20B194F934
S21400CD305400002880F296804FF4007104F1200021
S21400CD401AF0CAF9A28D02F00302012A0AD141465E
S21400CD5028461AF00DFA28B14FF4006104F12000BD
S21400CD601AF0B2F9236AD90600F18180D4E91012CC
S21400CD702046FFF7BDFD012F0ED040F27123E28C56
S21400CD805A43904208D9228D5A43904273D800F5F0
S21400CD901C70B0FBF3F0E084394BE361002384F8A9
S21400CDA03930236AE168B4F8625023F4803284F89C
S21400CDB03870226221613DB913F0100F0CBFC825F0
S21400CDC03C25257605F2B3154EB140F27121238D30
S21400CDD042F48032C3EB06134B432262E363236ABA
S21400CDE043F400232362274B1B68DB78637618F036
S21400CDF022FA6369074643F0100304F10800294647
S21400CE0063611BF04AFA012003F0AEFB28B96369A0
S21400CE101A075CBF43F00403636126B11CF00AFFE7
S21400CE20E36B0344E363204603F0A8FB384618F0A0
S21400CE3008FA0121A06E1AF081F93AE7406C22F058
S21400CE40A5FA00287FF440AF0C2033E7E36E002BF2
S21400CE507FF43EAF00F0EEFBE06600287FF438AFCC
S21400CE60092027E701F001011AF08EF96AE7064B60
S21400CE7093E712201EE745201CE700BF0001400094
S21400CE80017102006C200020C1CF000070B50024A4
S21400CE909026094D2B79A34200DC70BD286806FB5E
S21400CEA0040090F82430FF2B04D000231A461946BD
S21400CEB0FFF7E8FE0134EDE7981E00202DE9F04F5D
S21400CEC091F806B08DB00BF10C0B04460E4601220D
S21400CED001EB0B050DF127000AA91AF04FF982465F
S21400CEE068B19DF827100AAF384600F041FC60B1E3
S21400CEF0304617F0F1FC00200DB0BDE8F08FA97A9F
S21400CF0005F10C07C1F38011EEE7E36EE06695F8D5
S21400CF1007900793236A4846298956F80BB003F012
S21400CF20100804F08DFD8344B8F1000F39D1A9F143
S21400CF300303012B94BF0323022340F271225B00FC
S21400CF4002FB03B21D4B1B685B79637605F1180381
S21400CF50BAF1000F27D09DF8271094F824E0B8F116
S21400CF60000F24D04FF0010CA87AC0F3401095F9BA
S21400CF700550CDE902E0CDE90071CDE904C50121F7
S21400CF80079800F06BFCB8F1000F05D01CF0F9FD17
S21400CF90012120461AF020F9304617F09DFC0120AA
S21400CFA0AAE70123C9E7A97AC1F38011D5E794F867
S21400CFB08FC001200CF00F0CD9E700BF6C200020BA
S21400CFC0012810B50C461CD0022822D030BB0846DB
S21400CFD01AF036FB40F27121E38C228D94F82A0079
S21400CFE0D21AE36803F59C53083301FB023323612E
S21400CFF0FFF75CFD0A4B2046BDE81040996803F039
S21400D00011BD03F01FFC844208D1BDE810401CF09F
S21400D010B8BD0846BDE81040FFF794BD10BD00BF80
S21400D020981E002038B50A4D0020FFF7F1FCAB68CB
S21400D03013B100221A60DA801BF042FA00242B7922
S21400D040A34200DC38BD2046FFF786FC0134F6E735
S21400D050981E002070B52A4C0546A06818B117F037
S21400D0603BFC0023A360FFF7DDFF00201AF05FF80B
S21400D07055B9032025712560E58217F079FB2079E4
S21400D0801AF055F828B970BD022022F0BEFAA0604A
S21400D09048B90025A0682571256060BB00201AF0FD
S21400D0A046F80720EFE70026032025712660E68273
S21400D0B017F05EFBB542E2DD05EBC501090133461C
S21400D0C00122032089B217F005FB06460028E0D1AE
S21400D0D0032017F07DFB20600028DAD0902231462E
S21400D0E06A4321F065FD2379B342C8DD3046FFF779
S21400D0F033FC0136F7E717F0EFFBA560CEE700BF7D
S21400D100981E002030B5174B826A1B6812065979A4
S21400D11026D5028F1C79436B1203B2FBF3F2631A17
S21400D120B2FBF3F2B0F89C3003B1013BD0F8A0504C
S21400D13005B15B101B02B3FBF2F35B180CD090F842
S21400D14095200F2A08D91209B3EB820FB8BF002327
S21400D1504FEA8201A8BF5B1A9C42A8BF1C46E1B2F8
S21400D160417630BD6C200020084B9A7E82420AD958
S21400D1704FF4A4721B6802FB0030836A13F0100F92
S21400D18008BF002070470020704700BFB01E002078
S21400D190084A09491368C31AD810002B01FB00F08F
S21400D1A005DB937E8342D8BF4FF0FF3070474FF0C9
S21400D1B0FF307047B01E0020199C8FC170B5044622
S21400D1C00E4618F038F83146054604F130001AF0DD
S21400D1D07BFA2046FFF7DCFF0121814005481AF064
S21400D1E073FA4FF4807005F0BFFE2846BDE8704025
S21400D1F018F027B8D41E0020F329F8B504460D46CB
S21400D200724E25D1338D63B9A36813F4601F00F006
S21400D210BA80238F626B1B01B3FBF2F3F32D9FB230
S21400D2202DD120461AF0F1FAB4F89C70002F40F089
S21400D230B380A36A13F0800F0CBF3E23082384F844
S21400D24077302046FFF75EFFF32D36D1012057E0FA
S21400D2507369590640F18F80836A1A0740F18B8004
S21400D260336900F1400143601BF05EFD338D002BF7
S21400D270CAD0238F626B1B01B3FBF2F39FB2618FA0
S21400D280B4F89C209BB25B1A9A427EDC736994F8D1
S21400D29036019B074CBF002102211CF042FD40F2E4
S21400D2A0022372699343BCD12046A4F89C701AF0FE
S21400D2B0ADFA2046FFF726FF0127A36A1807C5D553
S21400D2C0628F002AC2D013F4C05FBFD1726912F019
S21400D2D00C0FBBD140F202239343B7D1D4F8A4304D
S21400D2E0002BB3D12046A18F1BF0CDFE002855DDC4
S21400D2F0638F0133984251DC0128A7D0013880B2F1
S21400D300236BA4F87C00590409D54FF4804104F13E
S21400D31030001AF0E1F900212046FFF74FFFB4F87D
S21400D3207C20A38F94F870101344A387B4F89C3025
S21400D3309B1AA4F89C3094F86F3002FB0133252228
S21400D340B3FBF2F102FB113384F86F304FBBA36AD4
S21400D3501A0702D41E4B1B689847204608211BF06C
S21400D3604CFD20460221FFF729FF2046BDE8F84085
S21400D370012103F051B9318D238F626B00293FF4F0
S21400D38043AF1B0178E7338543E7737F002B86D0D6
S21400D390032194F8360180E7012752E7608F0130B9
S21400D3A0ADE7204619F0B3FE2046A18F1BF0F5FC32
S21400D3B0A36A05461B0702D4054B1B689847002D39
S21400D3C0CBD02046BDE8F8401AF0A2BAB01E002026
S21400D3D0E41E00200022074B10B55A772022044690
S21400D3E05A611AF0BDF984F8360120461AF0F4FAAC
S21400D3F010BD00BFB01E0020012810B50C462AD074
S21400D400022830D000283DD191F8953060F30713FC
S21400D41081F895300846FFF7DDFFA36A20461B0714
S21400D42016D503F093FD042001F0E2FB50B3164A34
S21400D430937F3BB3D37F0133DBB2D37792F82120BF
S21400D4409A421FD8BDE810404FF0806005F08CBDB2
S21400D45003F050FFE7E703F0F5F9844212D1BDE888
S21400D460104003F067BD91F895302046C3F30312D1
S21400D470013262F3071381F89530BDE81040F321BE
S21400D480FFF7BABE10BD00BFB01E002010B501F0F9
S21400D4900FFCFB22114B10F0020F1A770CBF012273
S21400D4A003224107197E48BF42F0040262F30301DB
S21400D4B019761A7EC2F3030161F307121A764FF447
S21400D4C0417100221984DA76DA835A621A611A8563
S21400D4D0034BBDE810401B68184700BFB01E002075
S21400D4E0DC1E00202DE9F8434B4C0546A06818B119
S21400D4F017F0F2F90023A360022017F039F95FFA5B
S21400D50085F8002019F011FE40461AF045F9064647
S21400D510002868D140461AF04AF90746002862D12A
S21400D520002D75D005EB850105EBC101C90033461A
S21400D5300122022089B217F0CDF8002850D14FF40E
S21400D540A479022084F81A8017F042F909FB05F73F
S21400D55031463A46206021F02BFB32462368681E8F
S21400D56003EB0901824233DB002DA7F5A4724FF0CE
S21400D5700001D8BF002299502846636019F0D5FDF7
S21400D58088BB40461AF0FAF868BB40461AF0FCF82A
S21400D590074640BB002D16DD022022F036F8022397
S21400D5A0A060C37183793946C3F102020C33D2B24C
S21400D5B0184421F0FDFA0121A3689A7913441A7BD6
S21400D5C061F301021A73FFF761FF3046BDE8F88386
S21400D5D009FB02FC013243F80C1001F5A471C1E707
S21400D5E0C4E90077A776002500201AF0D5F80020B9
S21400D5F01AF0DDF82846C4E90055A5761AF0BEF8FC
S21400D600284619F092FD022017F0B2F80726DCE74C
S21400D6102B46A5762560AFE7B01E0020014B987E0E
S21400D620704700BFB01E0020014BD87E704700BF79
S21400D630B01E0020F8B5284D17F0FDFD6C681CB92B
S21400D64017F0FFFD2046F8BD4FF4A47601272368A7
S21400D6506B60EB7E0133EB7617F0F3FD324600216C
S21400D660204621F0A5FA04F12800402167611AF04F
S21400D6702BF82B8B0722A4F8443194F8373100217D
S21400D68067F3030384F837314FF6FF73A4F87A3054
S21400D6902B7FA4F8866084F8423144F29023A4F8E5
S21400D6A0403194F8853004F1080062F3030384F8EF
S21400D6B085300A4BC4F8883003F1CE5303F598132F
S21400D6C0C4F88C3041F61B33A4F890301B2384F842
S21400D6D092301AF0E2FDB5E7B01E0020480148017E
S21400D6E0F8B5044600261BF037FD04F1A40021F02F
S21400D6F0C8FD04F1A80021F0C4FD04F1AC0021F03F
S21400D700C0FD04F1080000F0B9FE04F1A00021F00D
S21400D710B8FD154B20461B6898472046C4E90A66A4
S21400D720FFF736FDC5B2284619F0F9FC074628462D
S21400D73019F0F7FC0146384619F0F0FC17F07BFDAF
S21400D74005464FF4A4723146204621F031FA074BC5
S21400D75028465A682260DA7E5C60013ADA76BDE8CE
S21400D760F84017F06EBD00BFE01E0020B01E00207F
S21400D7702DE9F04106464FF480400F4601F038FA96
S21400D780044630B90E4B1D6893F81A807135A045D3
S21400D79002D80020BDE8F08155F8493CDA0609D5E4
S21400D7A0C3F38003BB4205D106222946304621F04A
S21400D7B0D5F918B1013405F5A475E8E70B20E9E7BB
S21400D7C0B01E002008B5B0F894305A1C62F30B0364
S21400D7D0A0F89430042001F00BFA70B1074A937F4A
S21400D7E00133DBB2937792F820209A4205D8BDE841
S21400D7F008404FF0806005F0B7BB08BDB01E0020A3
S21400D80038B58B7905460B449B7D0C4603F0030325
S21400D810032B09D101212C3019F056FF4FF400617B
S21400D82005F1280019F050FF21460548A56021F0B3
S21400D8300FFEBDE838404FF0005005F095BB00BF26
S21400D840BC1E0020014B1877704700BFB01E00209A
S21400D850014B187F704700BFB01E00202DE9F74F20
S21400D8601D4616462A4604469DF838309DF83C80EC
S21400D87080F89B3052F8103B0F46C0F8283100F174
S21400D8804401B8F1000018BF0120DDF830A09DF873
S21400D89040909DF834B005F081F820461BF0A6FABB
S21400D8A0204619F086FF1CF042FA494602462046FA
S21400D8B019F079FFC82320460DF10601ADF80630B1
S21400D8C019F064FF47F6FF73A4F83031AB88A4F86C
S21400D8D02C31AB7984F82E31DAF80030C4F8713088
S21400D8E0BAF8043004F1280AA4F87530BBF1000F2A
S21400D8F003D00421504619F0E7FEB8F1000F04D01B
S21400D9004FF40051504619F0DFFE4FF4607001F0FE
S21400D9106FF9C0F3C018C3054FEA881848BF48F02F
S21400D9208008810548BF48F4807817F084FC834659
S21400D9304FF48261504619F0C7FE414604F12C00B0
S21400D94019F0C2FE584617F07CFCBB1E012B7AD895
S21400D9504FF40021504619F0B7FE01212046FFF78C
S21400D9602DFC042120461BF048FA6B7D2046C3F3AD
S21400D970040384F870306A8907F0FD07520062637A
S21400D980697B2A7B42EA01226287E97BAA7B42EA1C
S21400D990012222876A7D84F86F30C2F3421284F82F
S21400D9A03E2000220523A2870122A4F89C30A4F87A
S21400D9B07C209DF9441019F001FF01F073F920F462
S21400D9C00060C4E908012046FFF79CFB3A4A3B4B3F
S21400D9D0B2F82880B8F1000F68D1002F38D140F295
S21400D9E0C7186660E3612046166119F07EFEB9F13D
S21400D9F0010FE0600AD094F83731204669F303033C
S21400DA0084F8373109F00F011AF05EF804F10800C7
S21400DA1041461AF042FC012002F0A6FD28B96369CF
S21400DA201A075CBF43F00403636140F271216B89FF
S21400DA302046013B594319F077FE204602F09EFD32
S21400DA4003B0BDE8F08F012F87D140F2014185E792
S21400DA504FF4D778E36140F271272B8940F608012E
S21400DA605B0007FB03665046666004F1400619F04B
S21400DA702BFE314620461BF057F92B8931460133E1
S21400DA805B0020467B4304F1340201F01FF9EB797A
S21400DA9031465B00012220467B431BF04BF9236C8A
S21400DAA020469E0819F021FE3044A0E76660E36138
S21400DAB0002FD0D197E700BFB01E0020F9D300009A
S21400DAC070B51D46C36A04461B07164613D40821C4
S21400DAD02C3025F4105519F0F7FD25F01005064BEF
S21400DAE02D0433402D0C2046C4E90835BDE87040AF
S21400DAF04021FFF763BB70BD2FCF87F72DE9F04FAE
S21400DB0085B004460191084689B34B799A071FD41D
S21400DB1021F03CFC019D70B96B79DB0705D54FF40D
S21400DB20803104F1280019F0CFFD01A821F0A9FBEF
S21400DB3005B0BDE8F08FA36ADF0309D54FF4803146
S21400DB4004F1280019F0C8FD6B7943F001036B71EE
S21400DB50019E17F070FB737931469E0705461ED569
S21400DB6004F1AC0021F083FC284617F06AFBDFF8CE
S21400DB70909117F060FBA36A0746DD0514D5D4F82C
S21400DB80AC3043B19A7913441B7B392B03D829FA5E
S21400DB9003F3D80711D4384617F053FBC8E704F14F
S21400DBA0A80021F055FCDFE794F94631022BF2DCA1
S21400DBB0D4E92A2372B9002BEDD004F1AC0021F091
S21400DBC07EFB0546384617F03CFB294620461AF0F1
S21400DBD029F9CEE7002BF0D194F89280039304F154
S21400DBE0A80BD4F8A86096F807A0B379AAEB030AA6
S21400DBF05FFA8AFAC24527DC584621F0BFFB054685
S21400DC00A8EB0A086B7929466FF3C3036B7103A868
S21400DC1021F01EFCD4F8A8302BB15B79990702D10D
S21400DC20B8F1000FDDD1039B002BB4D09B79022BFB
S21400DC3040D8002021F0E9FC014670BB039904F1AE
S21400DC40A80021F014FCA6E7002021F0DEFC054623
S21400DC5030B9039904F1A80021F009FC03959AE76E
S21400DC608079B1790C300C3142463144284420F09A
S21400DC70AAFFEB7953FA88F3EB71B379727953FA0A
S21400DC8088F3B3716B794FF0000862F300036B7191
S21400DC9073796FF300037371B4E7039B4A7958797D
S21400DCA060F300024A715A7903A86FF300025A71B2
S21400DCB021F0D8FBE36A9A0512D50398034600685C
S21400DCC00028FBD1DB79C3F14503DBB2032B07D871
S21400DCD021F09BFC01460028B0D003A821F0B8FB39
S21400DCE0D4F8A83013B15B79DB0704D5039A5379CF
S21400DCF043F008035371384617F0A3FA039965E713
S21400DD007C2C020070B5036B0446DA0786B033D568
S21400DD10866A330723D516F4002F14BF0325012582
S21400DD202046FFF735FA94F89B30294605930023E2
S21400DD30049394F83E30C6F380020393238F80B298
S21400DD400293638F0193636BC3F34F03009304F155
S21400DD5071031AF00EFE30B9002006B070BDB50C87
S21400DD6005F00205DCE7012104F1300019F0B4FCEF
S21400DD704FF4005119F0A8FC236B980410D52046E8
S21400DD80FFF706FAA16AC0B2C1F340311AF02FFBC2
S21400DD900028E1D04FF4005104F1300019F09CFC4B
S21400DDA0236BD90409D500212046FFF7A7FE4FF4C0
S21400DDB0805104F1300019F08FFC236B5A0512D500
S21400DDC02046FFF7E5F9002394F89B50C2B21946A7
S21400DDD028461AF074FC0028BED04FF4806104F187
S21400DDE0300019F079FC236B5B0711D52046FFF74E
S21400DDF0CFF9616B238F628FC1F34F0180B21AF0A7
S21400DE0098FD0028A8D0042104F1300019F064FC25
S21400DE10236B1E0709D520461BF07BFB00289BD0F2
S21400DE20082104F1300019F057FC236BDD0618D5E5
S21400DE302046FFF7ADF9E16A80B211F4805100F098
S21400DE40C58000211AF00AFE002885D04FF48051C4
S21400DE5004F12C0019F040FC102104F1300019F0F8
S21400DE603BFC236B580615D52046FFF791F994F82E
S21400DE70773080B20093D4E908231AF0D2FD002848
S21400DE803FF46AAF0023402184F8773004F1300075
S21400DE9019F022FC236B190516D52046FFF778F9F2
S21400DEA000230093B4F89830B4F8962094F89A10AB
S21400DEB080B21AF04FFA00283FF44EAF4FF40061DC
S21400DEC004F1300019F008FC236B13F4804532D1BE
S21400DED09A0516D52046FFF75BF994F8371194F8A3
S21400DEE0772001F00F0180B200F042FD00283FF4D9
S21400DEF033AF4FF4007184F8775004F1300019F016
S21400DF00EBFB236B1B0616D52046FFF741F9B4F84A
S21400DF108C3080B2009394F89130B4F88A2094F84C
S21400DF2090101AF0CDFD00283FF416AF802104F1C2
S21400DF30300019F0D1FB236B9E0612D52046FFF762
S21400DF4027F994F8771080B21AF09FFD00283FF466
S21400DF5003AF0023202184F8773004F1300019F055
S21400DF60BBFB236BDD0508D504F130004FF4807150
S21400DF7019F0B2FB20461BF009F9236B180408D5EC
S21400DF8004F130004FF4004119F0A6FB204619F0CA
S21400DF9097FD236BD90308D504F130004FF4803188
S21400DFA019F09AFB204619F0F9FB236B9A0308D563
S21400DFB004F130004FF4003119F08EFB204619F0C2
S21400DFC0FBFB236B9B0704D40120C6E61AF05DFD1D
S21400DFD03AE700222046114619F0ECFB204619F0DD
S21400DFE0EBFB2046FFF7D4F894F8771080B21AF0CF
S21400DFF002FE00283FF4B0AE022104F1300019F012
S21400E0006BFB2046FFF76CFB014B1B689847DBE772
S21400E010DC1E0020F8B50023124A02F1240151E864
S21400E020004F41E80035002DF7D1012734B9BDB1C6
S21400E0300D48294619F048FB2046F8BD94FAA4F08E
S21400E040B0FA80F007FA00F624EA0604FFF78CF828
S21400E0500028EBD0FFF756FE0028E7D13543E5E76A
S21400E0600120EAE7B01E0020D41E00202DE9F74F5D
S21400E07004460190002860D0C5794FF000080C35A2
S21400E080054417F0D8F8464600904FF4A47A404668
S21400E0902B4FBA7E5FFA88F94A4517D90AFB09FB67
S21400E0A03A685A44916ACB0644D5B2F89420C2F333
S21400E0B00B02002A3ED0E279C2F14502D2B2032A10
S21400E0C015D8022021F0A1FA044640B90023009892
S21400E0D0FB8317F0B6F8304603B0BDE8F08F014674
S21400E0E001A821F0B5F90020E5790C352544042275
S21400E0F00123002112FB003305F82090E9543B6809
S21400E10002FB005C5B44B3F8943001368CF80230B6
S21400E110032312FB0032A9543B6801305B44B3F87A
S21400E1209420C0B261F30B02A3F89420E379F6B210
S21400E1300433E37108F10108ABE70646CBE700BFFE
S21400E140B01E0020F7B5684604F01CFC00254FF40E
S21400E150A477124EB37EAB4201DC03B0F0BD346848
S21400E16007FB0544A36A03F01803102B13D10522FE
S21400E170694604F1450020F0F1FC60B1012120461B
S21400E1801BF025F838B9012021F03FFA014610B1FE
S21400E190204601F06BF90135DCE700BFB01E002019
S21400E1A02DE9F74F17F047F8424BDA680092002245
S21400E1B0DA6017F046F8009B13B903B0BDE8F08F9D
S21400E1C0684621F07CF88279876802F10C040444E2
S21400E1D001460190A07A0A3210F0200F14BF0320E7
S21400E1E0022002448A71FA6A52050FD5E07AA27AB2
S21400E1F042EA002238461AF003F838B901A821F09E
S21400E20040F83D21384619F0EDFED4E7BA6A94F896
S21400E2100AB012F4007201990BF0030013D0032821
S21400E2208A79EBD10A44127B392AE7D8224B23FAA3
S21400E23002F2D307E2D54A79384642F002024A7122
S21400E24000F01CFEB7E70328F5D048790BF0030B67
S21400E25062F341004871084694F8069094F905A0C8
S21400E26021F094F8019D0646AC793846063CE4B2A7
S21400E270AC71FEF78DFF0C34C0F3032305EB0408E6
S21400E28043EA0B1388F803302B46F6B288F80200F0
S21400E290A8F8046005F804A088F801905A796FF38E
S21400E2A041025A711B68002BF8D128461AF0B6F8BE
S21400E2B081E700BFB01E00207C2C0200002370B552
S21400E2C00D46D1688AB009BA0291C178C66861F372
S21400E2D00703817836BA61F30F23417806AC61F301
S21400E2E017439168069609BA0391816809BA07919F
S21400E2F05168126809BA12BA049105920178426808
S21400E30061F31F6312BACDE9082323468022012059
S21400E31002A9009417F09AFB0028F6D1DDE9081050
S21400E320DDE9063200BA09BA12BA1BBA286069607B
S21400E330AA60EB600AB070BDF8B504460026084F28
S21400E3400CB90748F8BDA179E579B8196D1AEDB290
S21400E3500C3121442A4620F036FC2E442468EFE790
S21400E360EC1E0020F8B504460026084F04B9F8BD98
S21400E370A079E579B9192D1AEDB20C3020442A4659
S21400E38020F021FC2E442468F0E700BFEC1E00209D
S21400E390104B1A7842F0F0021A701A7C42F0F00223
S21400E3A01A7493F8202042F0F00283F8202093F8A5
S21400E3B0302042F0F00283F8302093F8402042F0FC
S21400E3C0F00283F8402093F8502042F0F00283F8E1
S21400E3D050207047FC1F00200368054A23F07F6327
S21400E3E023F4002302EAC14213430360704700BFD0
S21400E3F00000F80FF8B54488054604F00704072C1B
S21400E4001C4E28D116F017FF00221101735C06EB94
S21400E41002171B090F2B0AD00132062AF5D1164A1D
S21400E42013880133138016F00CFF1920F8BD2B68F3
S21400E43094B27B801123735416F003FF1BF0FAFB93
S21400E44006EB0413D8602B68002023F4E02343EA8D
S21400E45004432B60EAE72301F15CC1F303120132A7
S21400E46002F00F02052A28BF002262F30711F154BA
S21400E470E4E700BFFC1F0020E22A002038B54488ED
S21400E480054604F00704072C0FD016F0D4FE074A02
S21400E4902401135D43F0F00313552B6843F4E02387
S21400E4A02B60BDE8384016F0CCBE38BDFC1F0020FF
S21400E4B02DE9F0474588074605F00705072D8946EC
S21400E4C037D01D4C4FEA051814F808601BF0B2FB55
S21400E4D004EB051ADAF80C30360906EBC506C01A46
S21400E4E004EB4606708014F8083003F00F02042A86
S21400E4F09EBF013262F3030304F80830B9F1030F3C
S21400E50014D114F8081004EB0514A01C01F00F0138
S21400E5101BF03DFA044616F08EFE3A68074B134091
S21400E52023433B60BDE8F04716F08BBE4FF6FF7402
S21400E530F1E7BDE8F08700BFFC1F00200000FF7F6A
S21400E540064A08B59268824207D0427922F0030252
S21400E55042F00302427104F06FFD08BD5C2000200B
S21400E56010B5064C204620F08CFE201D20F089FEBB
S21400E57004F10800BDE8104020F083BE5C200020B7
S21400E58010B5022021F041F8034C6060022021F013
S21400E5903CF8A06010BD00BF5C20002008B5FFF767
S21400E5A0DFFF0022024BDA60BDE80840FFF7E8BF55
S21400E5B05C200020014B5868704700BF5C2000209C
S21400E5C0014B9868704700BF5C20002038B50C4CA3
S21400E5D0E3681BB1E36898470023E36023686BB1E8
S21400E5E0074820F06CFE054640B123681BB14FF08B
S21400E5F0004004F0B9FC28461AF016FB38BD00BFF0
S21400E6005C20002010B5084CE0604FF0004004F09D
S21400E610ABFC00BF00BF00BF00BFE3681BB1E368F0
S21400E62098470023E36010BD5C20002038B583794E
S21400E630044603445B7B13F0300F437923F0030357
S21400E64008BF43F00103437116F0F5FD0546214669
S21400E650054820F0FDFE4FF0004004F085FC2846FB
S21400E660BDE8384016F0EDBD5C200020F7B5144F2D
S21400E6707C68A3790C331C4400F01AFB6679E6B17B
S21400E68016F0020519D136EA000016D1E378B4F880
S21400E6900920B4F80710A07901962479009401F0B7
S21400E6A031FB002808BF0C252A4642F24101B86813
S21400E6B003B0BDE8F04019F045BE1125F4E700BFF1
S21400E6C05C20002010B50D4C626893790C331A4418
S21400E6D01179D078003918BF01210038B2F8073018
S21400E6E018BF0120B2F8052001F06AFC42F2420190
S21400E6F00246A068BDE8104019F024BE5C20002049
S21400E70010B5084C6068837918440F3000F09EF905
S21400E7100023A0681A46BDE810404FF6284119F0BD
S21400E720CFBD00BF5C200020242816D80F2805D8AF
S21400E73002280CD8B0FA80F040097047084B103811
S21400E74080B2C34003F0010383F001007047053830
S21400E750012894BF0020012070470120704700BFA9
S21400E7602D2011002DE9F04F95B0FFF723FF42F260
S21400E7703603867905460C3630F8068084199845A7
S21400E7800ED1FFF717FF022120F052FD7F22A3785B
S21400E7900233A370AA550023202223776270637782
S21400E7A00121E078FEF710F900230646002800F065
S21400E7B0D780CDE91233237AE2888DF84A30E37A9F
S21400E7C0ADF848208DF84E30A388B4F8092013F031
S21400E7D01000ADF84C2003F0050306D093B1E37D9E
S21400E7E0012B51D00025122614E07BB3E37D657E15
S21400E7F0012B37D16B1EDBB2022B09D800F058FA7A
S21400E800012338E04FF48043DDE91212914220D90B
S21400E81000251126FFF7D4FE012332464146ACB24E
S21400E82019F04EFD002DCCBF0534053C24B2002E59
S21400E83040F099800A2394FBF3F4E4B2FFF7C0FE9D
S21400E840C3791844C47215B0BDE8F08F4FF6FF7355
S21400E850DAE71F29DCD99A42DAD8E37D657E0028FC
S21400E860BED1C5E7032BD3D16B1EDBB2022BCFD8AC
S21400E87000F01EFA04230342CAD0032D08BF042565
S21400E8802840C0B20028C3D0E07818F053FC20B16E
S21400E890A088FFF749FF0028A4D0344A237F1278C7
S21400E8A0002A54D0042B9DD8637F042B9AD8A388C3
S21400E8B0DB0653D41BF03BFA0121C822084003F0C4
S21400E8C0DBFE94F91630B4F804E003EB8303B0EBF8
S21400E8D0430F4FEA4302637B677E0F93A37BE18877
S21400E8E0109304F10F031193637F94F80C9094F83F
S21400E8F015A094F818B00546E07DC8BF15B2B4F868
S21400E90009200C93237F03280B93E37E08BF042083
S21400E910032F08BF0427003B18BF01230A93A37EDA
S21400E9201FFA85FCCDE90873119BCDE9060B02930F
S21400E930109BCDE904ACCDF80C9001930F9B3046AC
S21400E94000935FFA8EF318F0B1FC064662E7002BE0
S21400E9507FF45EAF637F002BA9D059E70020ABE7BA
S21400E9600546072656E7002468E700BF772B0020F9
S21400E970F8B5074601200D46164620F046FE04462A
S21400E980C0B106220C2119F0AEFC691EC9B20329DB
S21400E99088BF0022A37998BF074A03F10C0398BFEB
S21400E9A0525C234420469F80DE70DA719A71FFF72E
S21400E9B0C7FD0120F8BD00BFCE020300F8B5FFF783
S21400E9C0F9FD83791844B0F80F60B0B2FEF7CCFBBF
S21400E9D00446C0B119F0E0F90138C0B2032814D8D3
S21400E9E000270B4B1C5CFFF7EBFD054604233A465D
S21400E9F042F2300119F064FCAB790C33E818C6809B
S21400EA0004724472F8BD0227EDE700242746EAE7C1
S21400EA10CE0203000B4610B50649074C0622002816
S21400EA2008BF2146184620F099F8B0FA80F0400951
S21400EA3010BD00BF792B00207F2B0020024B1A68E8
S21400EA4002609B88838070477F2B002013B50D4C97
S21400EA5028B1036823608388A38002B010BDFAF74C
S21400EA608BF8CDE900019DF80230BDF80020A370B8
S21400EA70BDF805302280A4F803309DF80730637196
S21400EA80EBE700BF7F2B002010B5044616F0D3FB43
S21400EA902268064B1A60A2889A80054A137843F0CB
S21400EAA00103137016F0CDFB012010BD792B00205A
S21400EAB0782B0020024B1878003818BF01207047CA
S21400EAC0782B0020024B1A6802609B888380704770
S21400EAD0792B0020024B186908B104F045BA70473C
S21400EAE0700F0020002310B53C4A02F1100151E8D7
S21400EAF0001F02F1100C4CE80034002CF5D140EA5F
S21400EB000104A10201D501F0A3FD220101D503F005
S21400EB1075FC002C01DAFFF759FD630001D501F002
S21400EB20BFFCA00001D5FFF73BFBE10007D5FEF7D1
S21400EB303BF820B94FF0805129481AF0C8F8620116
S21400EB4007D519F0F4F920B94FF0806124481AF07F
S21400EB50BEF8A30105D51BF0E3F8FFF7F3FA18F0AB
S21400EB60EEFAE00108D518F00DFE072804D14FF0A4
S21400EB7080711B481AF0ABF8610201D518F0D9FA7B
S21400EB80220201D518F0C9FAE30207D518F0F8FDFD
S21400EB9020B94FF4801112481AF099F8A00507D54D
S21400EBA000F03AF920B94FF400710D481AF08FF8CA
S21400EBB0E10507D5FFF72EFA20B94FF48071084813
S21400EBC01AF085F8620503D519F078FB19F077FB83
S21400EBD0230501D51AF083F810BD00BF700F002082
S21400EBE0800F0020014601481AF071B8700F00200F
S21400EBF0014B1B6818407047700F002010B5044B7F
S21400EC00D3E9064204430A43C3E9064210BD00BFE7
S21400EC10700F002070B51E4D04462B68002B03DADB
S21400EC20FFF7BCFC002031E04CF20C000021FFF79F
S21400EC30E5FF0023174E336024B163682B60A3689A
S21400EC4003B133604FF00040FFF7CCFF33680BB9D9
S21400EC50114B3360114B1248AB6000232B7315F039
S21400EC6077FEFFF795FB2046F7F76AFA70B92CB1E6
S21400EC70B4F90E10B4F90C0002F010FF1BF05BF8AC
S21400EC8003F04EFE03F0DCFD0028C9D070BD00BFC7
S21400EC90700F00206C200020240D0020D5EA000014
S21400ECA0740F0020014BD3E906017047700F002057
S21400ECB0054B9B69DA054CBF032001201B0548BFA6
S21400ECC040F00400704700BF700F0020F8B51746EC
S21400ECD01C460D46064603F097FA1C4BBA7A1C49AA
S21400ECE053F8222053F820308C421A4424D9194B6A
S21400ECF09C4214D9184B013C93FBF2F3002BB8BF8F
S21400ED0003339A1004EBA304B4FBF2F371682A6889
S21400ED10A1EB930102EB430271602A60F8BD0F4B32
S21400ED200F49A3FB04435B0902FB03F303F6C3137B
S21400ED30A1FB0313DB0AE9E702FB04F3094A03F528
S21400ED4074338F33A2FB03231B0CDFE7240303007B
S21400ED504C6210001366660640420F001F85EB519A
S21400ED605917B7D183DE1B43024B1A68026018603E
S21400ED70704700BF742000200022024B1A6000F08B
S21400ED80FBB900BF742000202DE9F843064618F0B2
S21400ED905DFD0446002835D045784DB916F04BFA8F
S21400EDA0237863701B4B1B682570636016F049FA66
S21400EDB04FF00108677837B923781BB34FF400701B
S21400EDC004F0D2F81EE097FAA7F5B5FA85F508FA2A
S21400EDD005F55FFA85F9636833B90E4B27EA050532
S21400EDE065701B686360E5E79B681BB963681B6812
S21400EDF06360F0E7494630469847012805D16368C6
S21400EE001B6863600120BDE8F8830228EED100206D
S21400EE10F9E700BF7420002070B500250D4EFEF700
S21400EE20FDFBA84201D8012012E03068FEF79CF9ED
S21400EE3050B93468FEF7F2FB0134B4FBF0F303FB81
S21400EE40104401353460EAE7FFF79EFF0028F0D152
S21400EE5070BD00BF7020002010B5044683790344BF
S21400EE601B7B392B96BF044AFF21D15C20F0E0F9CA
S21400EE70A0790C30204410BDD20203002DE9F341E6
S21400EE8005460C46019118F0D1FC830605D501A86D
S21400EE9020F0F7F902B0BDE8F081019FBE790C368C
S21400EEA0BB5D392B18D8164A12F80380B8F1FF0F4D
S21400EEB012D0384620F06AFA013840450CD1114B82
S21400EEC01E6896B921462846A37923441A7B02B0C9
S21400EED0BDE8F04119F0F3BF019820F0D2F92846BA
S21400EEE0BA5D019919F0EBFFD4E773680BB9366881
S21400EEF0E7E72146284698470028F8D0CAE700BF2B
S21400EF00D20203007420002037B504460D462021A7
S21400EF1018F08EFC2946204618F0F7FC2146012002
S21400EF201AF074F8214600201AF070F80120002329
S21400EF302146034A009019F0FAFF03B030BD00BF27
S21400EF40978D020073B50C46164605461AF0D0F9A2
S21400EF5080F001002946C0B218F05FFCC368012C9F
S21400EF609A7907D032462146284602B0BDE870405E
S21400EF701AF0C4B913441022DB8A294600920020F6
S21400EF80024A19F0D4FF204602B070BDFD9202007E
S21400EF9037B504461AF0ECF90321204618F066FC53
S21400EFA00025034621460120034A009519F0BFFFBD
S21400EFB0284603B030BD00BFE39102002DE9F347B9
S21400EFC0074602200E4620F020FB0546002846D0C5
S21400EFD0B37900210C333344B3F80480B3F806A0A9
S21400EFE0B3F8089019F021FF2846FFF735FF0221F5
S21400EFF00446384618F03AFCA4F804806081A4F869
S21400F00006A0A4F808901AF0D9FD08F10108B0FB94
S21400F010F8F303FB1800022360806370AB79B371CA
S21400F020EA7903F10C00F271D21AD2B229183044F0
S21400F0301FF0C9FD3946012018F0EFFB1022C6600C
S21400F0406389394601200092064A19F070FF384657
S21400F050294619F0E8FE002002B0BDE8F087072038
S21400F060FAE700BFFD9202002DE9F34104460D4683
S21400F0700146012018F0D1FB01210746284619F069
S21400F080D4FE2846FFF7E8FE064600F10108404693
S21400F09003F078FCD6F801300221C7F812307379F5
S21400F0A02046BB7518F0E2FB29460746F08020464E
S21400F0B019F0B9FE20232146009301203B46034A5F
S21400F0C019F035FF002002B0BDE8F081C9920200B9
S21400F0D07FB504460D460146012018F09EFB50E819
S21400F0E0003F43F4806340E80036002EF7D1204608
S21400F0F01AF0FEF8D8B3204618F0A0FB430715D543
S21400F1003346324620460DF10F0118F02CFE9DF8CE
S21400F1100F30062B0AD8284615F0DEFB0122002306
S21400F1202046FEF7CDFC002004B070BD0E21284618
S21400F13019F07BFE2846FFF78FFE0646FFF7B2FD66
S21400F140C6F80510FFF7AEFD2946C6F801002046B2
S21400F15019F069FE0321204618F088FB00220346BA
S21400F160009221460120034A19F0E1FEDBE7082160
S21400F170DDE700BFE791020010B5054C054A2046C2
S21400F18005491AF01FF82046BDE81040FFF7ECBD11
S21400F19078200020AF93020005F30000F7B58B79C6
S21400F1A004460C33CE18CB5C0D46023B0F2B00F208
S21400F1B0A080DFE803F0089E9E9E9E739E829E9E21
S21400F1C02C689E9E9E4F16F036F8717807462046AD
S21400F1D018F09BFB2021204618F02AFB2146012030
S21400F1E019F014FF2146002019F010FF01230093A8
S21400F1F0002321461846404A19F099FE284615F085
S21400F2006BFB384616F01DF8012003B0F0BDB3883E
S21400F2107288717818F08DFD204618F00FFB830772
S21400F22008D4294620461AF0A3F80121204619F0F2
S21400F230E4FDE9E72146012018F0EFFA2F4B82683B
S21400F2409A4203D12146012019F0B0FE284615F057
S21400F25043FBEAE777780846B67815F03DFB162FAD
S21400F26005D13246032120461AF092FACCE7214611
S21400F270012018F0D2FA8368002BC5D0324603214D
S21400F28020469847C0E70146012018F0C6FA074610
S21400F2902846767815F020FBBB68EDE7014601208E
S21400F2A018F0BBFA07462846767815F015FBBB68BB
S21400F2B0002BA9D032460421E2E70146012018F0CF
S21400F2C0ACFA0F4B82689A4203D0284615F004FB2E
S21400F2D09AE7D6F80120D6F805302046FEF7F0FB70
S21400F2E0284615F0F9FA2146012019F05FFE0221A2
S21400F2F09CE7002089E700BF65930200E3910200C7
S21400F300E79102002DE9F3410C46054619F0F0FF9F
S21400F310A37900286BD00C3314F80380E618B8F1F4
S21400F320010F41D0B8F1080F39D0B8F1000F51D114
S21400F3307189284619F0E9FDB188738872788B4286
S21400F34094BF0746002709290B4638BF0923013B0F
S21400F3509BB29A420FD8002A08BF00270846F388B7
S21400F360328919F0F1FC40B9204615F0B5FA0120B3
S21400F37002B0BDE8F0814746F0E7002FF4D02946FA
S21400F380002018F04AFA1022C46073890092013BEC
S21400F3901B4A9BB22946002019F0C9FDE7E7214623
S21400F3A0284619F043FFE2E72846F18819F0ADFD3C
S21400F3B00746701C1AF0CDFC0028D5D0002FD3D0FD
S21400F3C02946002018F029FA2023C4600093F38809
S21400F3D00C4ADFE7214628461AF0C7FA0028C6D1AD
S21400F3E02146284602B0BDE8F041FFF7D7BE2344C9
S21400F3F01B7B0E2BD3D0214628461AF0A5FAEDE744
S21400F40045EF00008192020038B504460D4618F01C
S21400F41015FA42070BD4204618F010FA830706D4D4
S21400F42029462046BDE83840034A19F060BE284603
S21400F43015F052FA002038BD91EF000038B50546A9
S21400F4400C4618F0F3F900F01800102806D12146F3
S21400F4502846BDE83840044A19F049BE204615F053
S21400F4603BFA0C2038BD00BFBDEF0000014A19F082
S21400F4703EBE00BF69F0000070B505460C4601466A
S21400F480012018F0CAF90646284618F0D7F90207F0
S21400F49004D5204615F020FA002070BD33685B05C1
S21400F4A0F7D4284619F024FF40B121462846FFF736
S21400F4B0ABFF18B920F0A9F8044630B1214628461B
S21400F4C0BDE87040024A19F012BE0720E5E700BF0B
S21400F4D0D1F0000073B504460E4618F0A7F900F008
S21400F4E0300010284FF0020031D120F08EF805468B
S21400F4F078B34379022143F00203437119F095FC77
S21400F5002846FFF7A9FC29464670204619F08BFCD2
S21400F5101621204618F0F9F92021204618F088F91F
S21400F5202146012019F072FD2146002019F06EFDDB
S21400F530204619F011FE0121204618F097F90346DF
S21400F540012021460090044A19F0F1FC002002B088
S21400F55070BD0720FBE700BF119202002DE9F043C3
S21400F56087B004460E4618F069F900F4C060B0F59E
S21400F570C06F06D1022020F048F8054610B90720D3
S21400F58054E000252146012018F047F9814696F8F8
S21400F590068000F1120208F10C08B04408F10F03CF
S21400F5A008F11F0153F8040B8B4242F8040BF9D103
S21400F5B00321304619F039FC3046FFF74DFC0A228D
S21400F5C0074608F1050101301FF0D8FA0C210DEBB3
S21400F5D0010003F049F903AB03CBC7F80B00C7F8EB
S21400F5E00F10059B07F10B02C7F813300DB30A2165
S21400F5F0284619F01AFC2846FFF72EFC2946204616
S21400F60019F011FC4FF480712046C9F80C6018F010
S21400F6100FF90321204618F029F900250346214654
S21400F62001200C4A009519F082FC284607B0BDE878
S21400F630F083204607F11303012118F029FD204628
S21400F640314619F0F0FB2046C9F80C5018F03CFD86
S21400F650DFE700BFF1930200F0B589B00D4604461F
S21400F66019F0C0FEAB79002800F0A3800C33EA182E
S21400F670EB5C033B082B00F23881DFE813F009004F
S21400F6803601360184003601360136015D007E0003
S21400F690D2F80100D2F8051003ABB2F8097003C324
S21400F6A002F1130301210B32204618F0F1FC04216D
S21400F6B0284619F0BAFB2846FFF7CEFB06460C2173
S21400F6C005A803F0D1F805AB03CB3346C6F8010016
S21400F6D0C6F80510079A002143F8092F2046721C29
S21400F6E018F0D6FC2146002018F097F8034603AA27
S21400F6F0478303CAC3F81200C3F816102046082131
S21400F700FDF75CFD4FF40071204618F091F8204696
S21400F71018F0DAFC2946204619F085FB032120461E
S21400F72018F0A4F8034600202146714A009019F00C
S21400F730FEFB012009B0F0BD0B21284619F075FB31
S21400F7402846FFF789FB2946204619F06CFB15F082
S21400F75072FD05464FF44071204618F069F84FF4E4
S21400F7608051204618F06CF8284615F06AFD4FF4D4
S21400F7708061204618F067F8DBE7284615F0ACF8FD
S21400F7804FF40071F5E70621284619F04EFB28468F
S21400F790FFF762FB204618F0F7FA2946204619F0D4
S21400F7A042FB204618F0B6FC2146002019F0FEFB6E
S21400F7B0BFE72B441B7B043B072BBBD801A252F8A8
S21400F7C023F000BFE5F700000BF800006DF800001E
S21400F7D035F7000035F7000035F7000035F7000074
S21400F7E083F8000020464FF4007118F021F8AA793B
S21400F7F020460C322A4402F109030021013218F097
S21400F80047FC284615F068F893E74FF48060FFF74A
S21400F810EFF9B0B100274FF40061204618F008F861
S21400F8202046CDE90577FDF7B3FC0646204617F0DF
S21400F830FBFF39460346009505AAB0B219F083F9D6
S21400F84077E72146012017F0E8FF00F11201204675
S21400F85018F075FC0621284619F0E7FA2846FFF747
S21400F860FBFA2946204619F0DEFA62E7284615F02C
S21400F87033F82146012019F0C9FB204618F04AFC4F
S21400F88057E715F0D8FC06464FF40071204617F0EF
S21400F890CFFF4FF48051204617F0D2FF304615F0C8
S21400F8A0D0FC4FF4C061204617F0CDFF2946204615
S21400F8B019F0B9FA2146012017F0AFFFC2680546D5
S21400F8C082B1937901210C331A4402F113032046C6
S21400F8D00B3218F0DDFB204618F0F6FB2046E968F0
S21400F8E019F0A1FA0023EB6023E7002022E700BF0F
S21400F8F0F193020010B5074C07492046002219F084
S21400F90061FC2046FFF730FABDE8104001200021D8
S21400F910FFF774B98420002059F6000038B5054674
S21400F9200C4617F083FF00F01800102806D1214679
S21400F9302846BDE83840044A19F0D9BB204614F0E2
S21400F940CBFF0C2038BD00BF5DF5000038B50C4677
S21400F9508B7905460C331944E35C142B03D0152B26
S21400F9600FD0002038BD013119F014FE15212846AD
S21400F970224619F057FE2146284619F054FA01206F
S21400F980F0E70146012017F048FF0B4B82689A42C9
S21400F99003D0204614F0A0FFF1E7A17928462144C1
S21400F9A00D3119F0F7FD204614F096FF2946012088
S21400F9B019F0FCFAE3E700BF7996020037B5044673
S21400F9C00D460A46142119F02DFE2946204619F048
S21400F9D02AFA0321204617F049FF302203460092F8
S21400F9E021460120024A19F0A2FA002003B030BDD9
S21400F9F07996020010B5074C07492046074A19F0C9
S21400FA00E1FB2046FFF7B0F9BDE8104020200021BA
S21400FA10FFF7F4B8902000204DF900007D96020014
S21400FA2073B51E46ADF800208DF80230009B0446E4
S21400FA3001A801930D46114619F096FD9DF8063073
S21400FA40B34203D1BDF804308B4205D0284614F0EB
S21400FA5043FF122002B070BD204618F033F89DF820
S21400FA600230827A9A4209D18288BDF800309A42E2
S21400FA7004D1284614F030FF0020EBE76946204604
S21400FA8018F0DCFA29462046014A19F030FBE1E777
S21400FA90BDF900002DE9F04116461A4307460C460C
S21400FAA01D46BDF8188005D12046BDE8F041114638
S21400FAB019F037BE4146204619F013FA78B12146B0
S21400FAC0384617F0AAFE40238674C574214606936E
S21400FAD038464346BDE8F041024A19F028BABDE868
S21400FAE0F08100BFDB970200F7B505460E460146DB
S21400FAF0012017F092FE036813F0F00F03D029469A
S21400FB00012019F083FA284618F043F9B3790C332C
S21400FB1033445F789B781F400378C3F3030000EA02
S21400FB201310384019F0D7FD044668B9284619F076
S21400FB30DBFD384019F0CFFD044628B9284618F0FA
S21400FB402BF901F0A1FF04462846002117F0BCFF60
S21400FB501721304619F069F93046FFF77DF931462E
S21400FB6044708470284619F05EF90321284617F081
S21400FB707DFE40220346009229460020024A19F0E4
S21400FB80D6F903B0F0BD00BF9197020008B581B268
S21400FB90074818F082FB012000F0E6FC30B9054A61
S21400FBA0536919075CBF43F00403536108BD00BFE7
S21400FBB0A42000209C20002001238340DB4306492C
S21400FBC001F1240252E8002F1A4001F1240C4CE8FF
S21400FBD000200028F4D170479C2000200123074A0B
S21400FBE003FA00F002F1240353E8003F034302F156
S21400FBF0240C4CE800310029F4D170479C200020EA
S21400FC00044A4FF08040536A43F40023536203F0E3
S21400FC10ABB900BF9C20002038B50E4D044601F05D
S21400FC2085FBE86B18B114F057FE0023EB6318F061
S21400FC3044FB0948FEF722FCAB6B0BB1FFF7E0FF75
S21400FC402146044800F0E8FCBDE8384003481FF0B1
S21400FC5018BB00BF9C200020A4200020BC20002051
S21400FC60034B586A10F0050001D1FFF7D5BF704767
S21400FC709C20002038B54FF010131D4C0122E36283
S21400FC804FF4E063238647F6FF730025A4F8603040
S21400FC9094F86730656262F3030384F86730154AA8
S21400FCA0154BC4E91632FFF703F84FF48073A4F837
S21400FCB04830124B84F85600E361114B65611A68B0
S21400FCC029461378527804F1080013445B106376D3
S21400FCD0A4F8BC50A4F8B45018F0DFFA294604F192
S21400FCE0940018F0DAFABDE838401AF044B800BFBD
S21400FCF09C20002055555500D6BE898E619A02007C
S21400FD006C2000202DE9F0411F4C9846636A0F4690
S21400FD10D90715469DF81C6033D460B30120FFF761
S21400FD205DFF626A9DF8183022F4C07242EAC31280
S21400FD30052E626284F8546007D101F0E5FF68B9C9
S21400FD406D00ADB2BD4228BF3D4694F854309A07C8
S21400FD5015D413F0040F14BF03260126012094F8CF
S21400FD606730A78566F3030384F86730E58584F873
S21400FD703080BDE8F0810120FFF71EFFD1E70226A4
S21400FD80ECE70020F5E700BF9C200020024B586AF5
S21400FD90C0F38000704700BF9C20002010B51D4CAB
S21400FDA0FFF7F4FF636A13F0010313D1A8B994F8C0
S21400FDB0663094F83110253BDBB20133DBB2032BFF
S21400FDC028BF002341FA03F2D207F6D5253384F87C
S21400FDD0663018E094F8543010B194F85520134368
S21400FDE003F00503052BE2D101F08EFF0028DED1DB
S21400FDF094F8673003F00F02012A05D1032262F35C
S21400FE00030384F8673010BD012262F3030384F80D
S21400FE106730CCE79C200020024B586A00F00100B7
S21400FE20704700BF9C200020F8B5434C0546636928
S21400FE3023F01003636101F079FAB4F8BC302BB9F3
S21400FE40A36813F4601F08BFA4F8BC303A48012129
S21400FE5000F0E2FB394BE361636A580429D41DB90C
S21400FE60636943F01003636119F0E4FE40F2712108
S21400FE70E28DE66C151F4D43AE42236DA78D2DD245
S21400FE80A3F5967301FB0733E768181A23893B44EA
S21400FE90834223DA51436369891B43F0100363618D
S21400FEA08142D4BF216120612348BDE8F84000F0BC
S21400FEB065BBA26A6168521A002AD0DA23F00103F1
S21400FEC043F400436362FFF7CBFE4FF0804003F03D
S21400FED04BF8FFF75BFF0028C1D1F8BD40F2712751
S21400FEE07A43A2F5AF722261FFF758FF236DA28D09
S21400FEF0AE4207FB0233636023654FF00003E36402
S21400FF000F4B0CD31A68616A137B4907617E4CBF9E
S21400FF10927912780B4493420CDC6376C4E7626AEB
S21400FF201B685207197B4CBFDA795A78637E5B1AD6
S21400FF309342F2DA6276B7E79C200020619A0200CC
S21400FF406C20002008B5FFF721FFB0B10B4B586AB4
S21400FF5020F0040210F001005A6203D1BDE8084008
S21400FF60FFF75ABE01F0E2F918F0A7F9FFF748FECE
S21400FF70BDE808400020FFF757BF08BD9C200020C2
S21400FF8038B505460D4C80B10320FFF715FE00235B
S21400FF9084F845300123A4F846300420FFF70CFE11
S21400FFA0BDE838401020FFF707BE0520FFF704FE27
S21400FFB0012384F8B650A4F8B830EEE79C20002061
S21400FFC070B53B4C1646636A03F0010270B95AB12D
S21400FFD015F031F9636A054623F001036362FFF703
S21400FFE03FFE284615F02DF9002070BD002AFBD1F3
S21400FFF09B0704D5E36BBBB10120FFF7C1FF94F864
S214010000303003F0FD03012B16D015F014F9054628
S214010010C6B10E20FFF7E2FD19F00CFE42F2107396
S21401002003FB0600A06210E002201FF0EEFAE06378
S2140100300028E1D10720D8E7FEF73CFD0028E4D1EF
S2140100401220D2E70E20FFF7B7FD0020FFF7C6FD0E
S214010050636A13F00403C4D140F27122E364E38DB2
S214010060E260023B5343236119F0A8FD0323B0FB72
S214010070F3F303EB4303C31A253384F86630FFF723
S2140100808DFE19F0D7FD60602065B4F8BC0000282D
S21401009008BFF520FFF77AFD064B05481A68137866
S2140100A0527813445B10637600F068FA99E700BF54
S2140100B09C2000206C200020274B70B55A6A0D4604
S2140100C009B3160747D503F1450603F1460428B3DD
S2140100D0D1061FD52388012B1CD95B080420238059
S2140100E0FFF76AFD1020FFF767FD19F067FD23880B
S2140100F0B0FBF3F202FB1300307055B30320BDE8EA
S2140101007040FFF759BD940625D503F1B60603F1F5
S214010110B804DCE70420FFF761FDE3E7D20314D55A
S214010120B3F84610B3F8482091420ED22288102028
S214010130520092B22280B3F84830934228BF134649
S2140101402380FFF739FD0420CDE71020FFF746FD99
S214010150F9E70520D3E770BD9C2000202DE9F04F7C
S214010160002783468946304C8BB0A56B636BAE790E
S214010170C4E90D770C36079305EB0608D8F824A0DA
S21401018002F008F9AA5D08F10806C2F3C01231466A
S2140101900DF127008DF8272016F0F4FFCDE904B9FC
S2140101A0636A5246C3F380230393FF2302939DF8A9
S2140101B027303946CDE90063079808F10E03FDF7AD
S2140101C04DFB284614F088FB636A23F02402D90706
S2140101D0626205D40120FFF71FFD0BB0BDE8F08F6A
S2140101E0124B94F854501A68052D1378527813441C
S2140101F04FEA6303637602D101F086FD40B994F8B5
S21401020054309A070ED413F0040F14BF03250125AA
S21401021094F86730012065F3030384F86730FFF72D
S21401022003FEDAE70225F3E79C2000206C2000207D
S21401023070B58AB005466B46484AAC791068516875
S214010240127A03C30C3408201A702C44FEF7D0FC33
S21401025020B101222846A11D1EF0F6FF0021A37938
S214010260CDF821108DF80F30A37AADF8251003F0E4
S2140102700F0303F128026A4412F8282C8DF8201087
S214010280ADF81020062B08D8DFE803F0044F070767
S2140102905F074B000D20FFF7A1FCA37A0DF11301B8
S2140102A0C3F380138DF81230E3680DF11200CDF818
S2140102B01330238A09AEADF8173000231A4616F01C
S2140102C04CFFE3791C218DF819304FF47F43ADF8CC
S2140102D01A307F238DF81C30637928468DF81D303F
S2140102E00023ADF81E30AB7903AC1233AB711FF0AF
S2140102F008F8AB792B440C33224603CAB242186085
S2140103005960144603F10803F6D1106829461860AF
S21401031013481FF09DF84FF0804002F025FE0AB00A
S21401032070BD0D20FFF748FCB7E7D4F81230CDF8C2
S2140103302130E38AADF82530EB79063BEB71A37AE1
S214010340C3F3C0138DF82030A7E7064B5B6A9B0406
S21401035044BF42F00102ADF810209EE70C030300F3
S214010360BC2000209C20002070B583790C33C41873
S2140103702379DA0702D44FF0FF3070BDA37AE27A10
S21401038003F00F05082DF6D8062D01D92846F4E707
S214010390911F1F29EFD8012D1FD10C2AEBD1244E16
S2140103A0736A13F0060F01D1DB05EFD416F0E2FEF7
S2140103B020B916F0D6FE0028E8D1DCE7A37A96F835
S2140103C03020C3F3C010B2EBD31FD4D104F1120115
S2140103D000F00100FEF71EFBEDE7042DD6D114490F
S2140103E0144A486A0240002AC5D0C96B0029CDD0FC
S2140103F08A79C3F380130C3288188A5CB3EBD21F58
S21401040008D016F0B7FE0028C0D116F0A1FE0028CD
S214010410BCDBB0E704F10C01062208301EF09EFB9F
S214010420044616F0A7FE0028B0D1002CAED0ECE7AB
S2140104309C20002008000400F0B5184C87B0606BC3
S21401044000B3A76BBE79FCF7A3FE0223FF210C368F
S214010450BA5DCDE90431BD1995F8233000215B0959
S2140104600393AB8BD20902936B8B80B201932B8BD8
S214010470009305F1080318F07CFA606BFDF730F97C
S21401048000236363A06B14F027FA0023A363636A57
S21401049023F00403636207B0F0BD00BF9C20002078
S2140104A013B5154C14F0C7FE236A0193002323628B
S2140104B014F0C7FE019BA3B9636A1A0406D517F0A8
S2140104C070FFA0B1636A23F400436362636A1B038F
S2140104D005D5FFF7B1FF636A23F40023636202B018
S2140104E010BD01A81EF0EBFE17F0C6FFE2E74FF0C5
S2140104F0804002F039FDE9E79C20002010B5074C4A
S2140105002368DA0607D523F01003236018B9012003
S214010510A16816F0F6FD0023A36010BD5C21002043
S214010520014610B50446022016F0EBFD054B1B688C
S214010530D90305D463691A075CBF43F004036361FA
S21401054010BD00BF5C210020014BD868DC38704725
S2140105505C210020034B10B5DC6819F06BFBDC3C1A
S214010560201A10BD5C210020034B1B6813EA0043D0
S21401057014BF0120002070475C21002038B50023FD
S21401058003604369044658070DD5204650F8081FF6
S214010590C90C01F4FC7141F00501FDF71DFF63690B
S2140105A023F0040363616369D90602D519F042FB9F
S2140105B060601848024652F8043F8BB92360146005
S2140105C083684BB1617E5A7E914219D26269D20626
S2140105D00ED50020FFF792FFBDE8384018F09CBB0F
S2140105E059686568491B0029E8DA1A461B68E4E77A
S2140105F05A681B69134462689B1A002BECDBE8E718
S2140106001A895B68D31A62681344E268D342E3D559
S214010610DFE700BF5C21002038B504460A4D0846D6
S214010620AB68A34201D1FFF769FF6B68074A1BB1AC
S214010630A342196804D11160BDE8384018F06CBBBC
S2140106401A460B46F3E700BF5C210020602100201C
S2140106502DE9F047754D2B685B0700F1AF80AB685D
S214010660002B40F0AB8055E8003F43F0040345E81B
S2140106700032002AF7D16C689CB119F0DBFAD4E994
S214010680043717F0100F0646A26819D010FA82F246
S21401069062602068D4F8048038BBDC334344C5E983
S2140106A0024355E8003F23F0040345E80037002FD6
S2140106B0F7D1AC68002C74D1BDE8F04701F0BEBCA0
S2140106C0606892B2811AFF07A1EB060109D40029DE
S2140106D0DFDAE768DF1BCF4205D432441844831AB9
S2140106E0D6E70029D5DA20464FE041690289CF06D0
S2140106F0D0F804E048BF06EB020EAEEB020211F0A2
S214010700010C11BF1146D0E90371C91B891808EB0A
S21401071003077F1A002F28DDBB4205D9E768A1EB46
S2140107200801DC378F423AD9D4F814A01AF0010F29
S2140107301DD12169D0F80C9027894144A1EB09010C
S214010740C91BE768A1EB0E01DC37B9420FDD971B29
S214010750BCF1000F03D10169A1EB09010F44002F81
S21401076005DB4B46C0F804E00446006892E7477E86
S214010770617E8F42F9D2921BBCF1000F03D1D0E902
S21401078003135B1A1A44002A02DAFFF7C9FE72E75E
S2140107901AF0100FA7D0C368C0F804E0E4E70B46D0
S2140107A0E3E7A36813F4601FC3F3C24008D12146F0
S2140107B02B6843F010032B6016F0A3FCBDE8F0870E
S2140107C004F108063046FDF715FE2B68214643F076
S2140107D010032B60F8B916F094FCA36813F4601F9D
S2140107E04FEAD341C3F3C24517D0013DEDB201F440
S2140107F0FC7130462943FDF7EFFD03213046FDF736
S21401080057FE75B1A268237E1344120C9BB21204E4
S2140108101343A360D2E73846CEE703213046FDF7FF
S21401082047FE3046FDF72AFEECE700BF5C210020BC
S21401083008B5034B996809B116F063FC08BD00BF03
S2140108405C210020014B9868704700BF5C210020A6
S2140108500A4B70B59C6884420FD12146012016F0E0
S21401086050FC6668258919F0E5F9AD1BC54221469D
S2140108704CBF0020022016F044FC70BD5C21002015
S214010880054B1B681B6A13F0100003D013F003001E
S21401089018BF0120704700BF6C21002006222DE9F9
S2140108A0F341344B06469C688846A5790C35635D52
S2140108B0671903F04F036355838D7A70103B0D2B38
S2140108C031D8DFE803F053304F07300C303030308A
S2140108D03030300C635D6FF30303635523E001236F
S2140108E0625D006A63F3030262550C2210F4006F26
S2140108F07A7006F12E0107F108020CD001924FF032
S214010900FF32C0F3802000921A4616F02FFC635D7A
S21401091043F08003E1E7D6F82E30BB608B889380E6
S214010920336A5B05F3D4B28D635D304662F34513DB
S2140109306355B91C19F0CBF9635D60F386136355F3
S214010940A3797A7802331344E371B38D03F0140369
S214010950142B04D0B8F1000FC4BF42447A7002B021
S214010960BDE8F081635D62F30303B6E70222635DCF
S214010970F9E700BF981E002038B5294904460B7DCB
S2140109804A7D0133DBB2B3EB921F0B7503D303230E
S21401099000200B7538BD016AC90234D5032390F8CF
S2140109A07E20243A92FBF3F303EB4303D21A25325B
S2140109B0D2B2A18D94F87F3011F01001B4F9340051
S2140109C084F87E2003F00F0323D119F0ABF901F070
S2140109D07DF8B4F9782004F17005824204D0A4F8B9
S2140109E0780001F04BFD6881284601F071FB00227A
S2140109F01146104616F087FB94F87E00002119F088
S214010A0090F90120C6E75B001A4102F00302253285
S214010A10CFE702461946002001F02EFED7E700BFB9
S214010A20981E00201F4B2DE9F04104461860006C0B
S214010A301EF0ACFC01462046FFF730FFA38D1A4E90
S214010A4003F01403142B0CBF0022226CB36820465B
S214010A501A60FFF791FFFFF713FF144B051E1448AA
S214010A6008BF184601F004FD6369676803F01008C3
S214010A7019F0E0F86D000346627EE8B2B8F1000FA7
S214010A8003D1FF1AB7F59B7F07D5114601F086FB08
S214010A90B068BDE8F04101F055BB616819F0D0F8C7
S214010AA0F6E700BF6C210020981E0020410B0100D4
S214010AB08D0D010070B50546FFF7E2FE104B041ED2
S214010AC0104808BF184601F0D3FC2846FFF754FF2C
S214010AD00D4E054660B133686000597E00F0FE0099
S214010AE001F05CFBBDE87040084B986801F02ABB3A
S214010AF001F0BEFC29463068BDE87040FCF732B80C
S214010B00410B01008D0D01006C210020981E002074
S214010B10034610B5094C052B20680AD0062B0CD1CC
S214010B20002001F0A5FC20680121BDE81040FCF77B
S214010B3019B8BDE81040FFF7BDBF10BD6C210020FD
S214010B40032803D1024B1868FFF7B4BFFFF7E0BFD5
S214010B506C2100200C4B032810B51C680FD1206CAB
S214010B601EF014FC01462046FFF798FE074B226C48
S214010B709B682046BDE810401A60FFF79BBFBDE8A2
S214010B801040FFF7C5BF00BF6C210020981E002053
S214010B902DE9F8438B7906460C33CC182379DA070E
S214010BA003D44FF0FF30BDE8F883E77A252FF8D855
S214010BB03C4B9A6893790C33D118D35CA27AC3F371
S214010BC08013B3EBD21FECD1056A0622EB064CBFAD
S214010BD00231043104F112001DF0C0FF0028E0D1FB
S214010BE094F80A9016F0C6FA05F4C04580F00103A1
S214010BF02A1EC9F3801904F10C08414618BF0122C8
S214010C004846DBB219F026F8014658B1A37A03F03C
S214010C100F03032B16D1336A9807C2D50C2FC0D108
S214010C200320C0E716F0ACFA0028BAD1A37A03F085
S214010C300F03002DEDD0032B85F4C04513D1A90475
S214010C40AFD5E8E7052BACD1306AC207A9D500F0CD
S214010C501403142B0CD004F1180018F069FF0028B7
S214010C609FD005209FE7052B9BD16B04ECD498E71A
S214010C7006F12E052946C0F3802016F070FA0028EA
S214010C80E9D1A27A336AC2F38012C3F380239A426F
S214010C9087D10622294640461DF060FF0028DAD09B
S214010CA07FE700BF981E00202DE9F74F00244FF084
S214010CB0FF31074601A8019401F048F8019949B1AE
S214010CC03846FFF765FF032806D005284BD001A854
S214010CD01EF0D7FA01203FE0DFF8A880284801F08F
S214010CE0C7FBD8F800302046597E01F079FAD8F8CB
S214010CF000B0DFF89490DBF84400D9F808601EF0E5
S214010D0045FBB47905460C34335D06EB040A03F063
S214010D10400343F0040333550AF10201584618F024
S214010D20D6FF335D002D60F386133355D8F80030B7
S214010D30D9F808005B6CA4BF06358AF80150036039
S214010D4001F000FAD8F800301B6ADB0407D53846F4
S214010D50019916F0ADFC002003B0BDE8F08F01A8A4
S214010D601EF08FFAF7E7019801F0A6F838460199C8
S214010D7016F047FC0028ADD0204601F079FBEAE7E3
S214010D80550B01006C210020981E00200E4A0328F6
S214010D9010B5146805D0042809D0BDE81040FFF747
S214010DA0B7BE617E0120BDE8104001F0B5B920460E
S214010DB0FFF77AFF30B101F0EDFA2046BDE81040AA
S214010DC0FFF778BE10BD00BF6C21002038B50D4678
S214010DD00446002001F04CFB01F0DCFA29462046CF
S214010DE0FCF70AFA0022014B1A6038BD7021002078
S214010DF00123074A03FA00F002F1140353E8003F07
S214010E00034302F1140C4CE800310029F4D1704779
S214010E10B01E0020F8B5244F05467B690C4613F436
S214010E20C07F03D099063BD401200CE039B15A07A4
S214010E3005D4D5F8A43013B90820FFF7D9FF7B698C
S214010E409B0601D50020F8BD7B7FAE6A022B06F01B
S214010E50080604D916B114B90220F4E7E4B995F8E6
S214010E60921095F83701063100F00F0000F0E8FD0A
S214010E7085B20EB904B16D00FFF76CFBA8420DDB1D
S214010E807B6913F01C0FDDD11EB1002CDAD10520D1
S214010E90D9E7002CFBD1D5E70320D4E70420D2E71D
S214010EA0002CCFD0C3E700BFB01E002038B50446E3
S214010EB0114D4FF480616B69283043F400736B6108
S214010EC018F067FE0121204616F0BDFC00212046E1
S214010ED0FFF7A0FF014620B12046BDE83840FFF7E6
S214010EE075BF6869617E80F48070C0F30020BDE83C
S214010EF0384001F011B900BFB01E002038B50446D5
S214010F000B4B186000F5947001F0E2F82046FCF7F0
S214010F103FF9C4B2204616F002F90546204616F0FF
S214010F2000F929460246022016F0EDF838BD00BF4A
S214010F307021002008B5002001F09AFA01F02AFA83
S214010F400022014B1A6008BD7021002010B504462E
S214010F50FFF7D4FF064801F08BFA6168226C637EC6
S214010F601120BDE8104001EB920201F0B7B900BFB5
S214010F703D1201003F4B37B51C680023A26A01935E
S214010F805005D4F8A03012D504F1A40001931EF048
S214010F9096F9C4F8A00050B194F846314FF4806138
S214010FA0013B84F8463104F1280018F0F2FDD4F82C
S214010FB0A0500DB9304B9D6894F94631022B0DDCDB
S214010FC0D4F8A83013B1A36AD90502D5D4F8AC3049
S214010FD023B14FF480512046FCF7F0F8D4F8A41062
S214010FE0A36A002914BF01210021AA794FEA8303CD
S214010FF002F10C0203F00C0343EA0113A95C21F091
S2140110001C0143EA0103AB540DD11B4A02F1140340
S21401101053E8003F23F0080302F1140040E80031D2
S2140110200029F3D102E00320FFF7E2FE284601F093
S21401103089F8019B53B15B7903F00A03082B02D1AF
S2140110402046FCF7BFFB01A81EF01BF96B799A0737
S2140110500ED5A36A1B040BD50820FFF7C9FE4FF473
S214011060004104F1280003B0BDE8304018F091BDFE
S21401107003B030BD70210020B01E002000232DE9F2
S214011080F04385B00446032103A8039300F05EFEF7
S214011090039D35B9F4212046FFF798FE05B0BDE85B
S2140110A0F083AB79644F0C331D442A797B69D607EC
S2140110B04ED4DD064CBF07200420FFF799FE00261C
S2140110C001212046FFF7A6FE054650B97869617EE4
S2140110D080F48070C0F30020400001F081F8FFF733
S2140110E049FF039800F0E8FEDDF80C807A6998F86D
S2140110F00630510603F10C0308EB030915D458F822
S214011100033006203B61FFF773FEA36A1A060CD470
S21401111004F1280252E8003F43F0800342E8003120
S2140111200029F7D10120FFF763FE4946204616F055
S21401113090FB99F80430DB077BD5002E52D11DB108
S21401114029462046FFF742FE03A800F0D9FCA5E792
S214011150012023F010037B61FFF74AFEAE7AF0060A
S2140111602FD50220FFF744FEA36AAA7A83F0020372
S214011170C2F38002C3F340039A422FD14FF40061B9
S21401118004F1280018F005FD50E8002F42F48062B3
S21401119040E80023002BF7D1A26A82F00202A26285
S2140111A07B77AA7AA36AC2F3C00203F001018A42DE
S2140111B085D183F0010316F0030618BF0126A3624A
S2140111C07EE707F1140353E8003F23F0040307F119
S2140111D0140141E80032002AF3D1C5E77B7F0133D1
S2140111E0DBB2DDE72046FBF7D3FFC0B215F097FF71
S2140111F006462046FBF7CCFFCDF80480A38F82B2CB
S214011200009331460023022015F085FF4FF0FF3191
S21401121003A800F09BFD03998B790B44DB7D002B23
S2140112208DD02046FCF7ECFA002D3FF437AF294667
S21401123031E7002E83D0E9E7B01E002008B503464B
S214011240114A042B10680BD002D8032B18D008BD06
S214011250053B012BFBD8BDE80840F121FFF7B6BDE1
S214011260FFF70CFF094A02F1140353E8003F23F08D
S214011270200302F1140040E800310029F3D1E6E72B
S214011280BDE80840FFF712BE70210020B01E002006
S214011290164B033810B51C68032818D8DFE800F091
S2140112A00702181E2046BDE81040FFF7E7BE20469D
S2140112B0FFF7FCFD0E4A02F1140353E8003F23F04A
S2140112C0200302F1140040E800310029F3D110BDDB
S2140112D0F1212046BDE81040FFF778BD4FF480614C
S2140112E004F1280018F055FCF221F2E770210020E5
S2140112F0B01E002010B50446FFF700FE054801F0B9
S214011300B7F8FFF737FE627E61680220BDE810403D
S21401131018F096BC91120100034B5B6A13F0060F9E
S2140113200CBFE220F12070479C20002008B5FFF793
S21401133089FA054B834206D101F02CF8BDE8084036
S214011340002001F095B808BD9C20002070B5214C06
S214011350214801F08DF894F8673094F86620002152
S21401136003F00F03C82018F0DDFC00F0AFFBB4F962
S2140113706020824205D0A4F8600001F07FF8A4F84E
S2140113806200164800F0A4FE00221146104615F031
S214011390BAFE666818F04EFC0246FFF7BDFFB61AA5
S2140113A0B6F5FA6F054609DCFFF7CEF8627EA0F5C2
S2140113B0AF712846BDE8704000F056BF6668FFF77B
S2140113C0C3F83146637EA0F5AF722846BDE870408B
S2140113D000F084BF9C20002075180100F420002036
S2140113E038B500F0D7FFFFF7B5F8B0F5967F0D4C8E
S2140113F00CDDFFF791FF0546FFF7A6F8627EA0F524
S214011400AF712846BDE8384000F02EBF18F012FC38
S214011410E36C62689B1A0344E3640020BDE838402D
S21401142018F02BBB9C200020F7B5104C064694F80C
S21401143045500F462DB10020013D84F8455003B0BC
S214011440F0BD0B4B02201B68597800F0C9FE94F8DA
S21401145030303A46CDE9005331460323E06B18F0AD
S2140114603DFBE06B00F06EFE0120E8E79C200020CB
S2140114706C200020094A02F1240353E8003F43F0A0
S214011480080302F1240040E800310029F3D1044B9F
S21401149001201B68597800F03FBE00BF9C20002049
S2140114A06C2000200289438940F271205B0043438F
S2140114B0D0B25B1A4343120AB3FBF2F3024A126834
S2140114C011445818704700BFA023002030B58C1A6D
S2140114D0E41A002C08DA124C551A64681D44B5FB50
S2140114E0F4F505FB04442144134440F2E242CB1ACE
S2140114F0B3FBF2F39BB242892BB940F2712453003D
S21401150004FB031113460132B3FBF2F402FB14325F
S214011510028140F2E2409B1A00FB131030BD00BF6F
S214011520A02300202DE97043064618469DF8183082
S21401153089461446E3B9C31E012B8CBF0225032539
S214011540222100F07DFA40F27128154B6D005B6890
S21401155008FB05F581446BB121463046FFF7A2FF33
S2140115604A460146ABB23046BDE87043FFF7AEBF10
S2140115700125E5E7738934890133B4FBF3F203FBF4
S2140115801244F37934815B00640008FB03F308FB23
S21401159004F404EB530404EB09002844BDE870830B
S2140115A0A02300202DE9F041134E8046736A5B07A5
S2140115B01BD58B790C33CF18C8B9FD79CC58284682
S2140115C0398900F03DFA0444B8F1000F11D1033D0A
S2140115D0012D94BF0323022340F271225B0002FB1C
S2140115E0034434647B7986F84430BDE8F0810125F4
S2140115F0E4E70123F0E700BF9C2000202DE9F04F2F
S21401160016468DB0021E069108BF00211F46954B57
S21401161005929D6B5B6AAC7938460C342A5DC3F340
S214011620801A61F345122A55314603F040020392AF
S21401163015F0A2FD05EB04080790285D08F1080BDC
S2140116405946C00915F098FD039B8146002B44D1ED
S214011650002844D115F08EFD80F00103DBB252461E
S2140116603146384603F0010318F0F4FA04900028D6
S21401167000F08A80039B002B33D1B9F1000F75D19E
S214011680079B002B72D015F066FD00286ED0012254
S2140116900AA90DF1270015F071FD002874D09DF8F8
S2140116A027302A5D591E4B424B41B3EBD21F6BD1FB
S2140116B0062258460AA91DF051FA002864D133685B
S2140116C0C8F80830B388ABF804302B5D67F3C7134E
S2140116D02B554FF00009CA4619E00123BFE7039BCB
S2140116E0BDE7604B5B6A13F400791CD115F804A0C2
S2140116F0CAF3801A484615F046FD3368C8F8083024
S214011700B388ABF804302B5D67F3C7132B55059BE5
S214011710544E002B3ED196F8B630002B3AD0013B02
S21401172086F8B63030E015F013FD002806DA15F815
S21401173004A04FF00009CAF3801ADBE70022114625
S214011740104615F015FD15F804A08146CAF3801A57
S2140117500028CFD0002302211A4608EB010018F01A
S21401176095F92B5D60F386132B55C3E77A1E574216
S2140117702B5D5741B7EBD31F06D10622314658469B
S2140117801DF0ECF90028A4D00023049304980DB0B2
S214011790BDE8F08F18F04EFA074616F03AF8059BAA
S2140117A002463946009308F10E009DF85830FFF7BF
S2140117B0B9FE2D4B059A07461B68A2B95978022037
S2140117C000F00EFDB06B00F0BDFCB36B9A791344CC
S2140117D01F63FFF737F8254BC361069BBBB9736AD6
S2140117E023F4806316E0D979002000F0F9FCB06B91
S2140117F000F0A8FCB36B1E489A7913441F6300F0EF
S21401180037FE069BC3B9736A23F4806317E0736AD5
S21401181043F480637362039B9BB1B9F1000FB5D0AB
S214011820002351461A4608F1020018F02FF92B5DE5
S21401183060F386132B55A9E7736A43F480637362DA
S214011840EBE72B5D0022C3F3C01359460AA88DF8B7
S214011850283015F093FC2B5D9DF8282062F3C71302
S2140118602B55DAE79C2000206C200020B98202006C
S214011870151A010004282DE9FF471ED005D80328B4
S21401188000F0B98004B0BDE8F087431F012BF9D8FA
S21401189005384FF0010118BF0120FEF70DFC18F0C6
S2140118A0C9F95A4AD36C51685B1A03440020D364C1
S2140118B004B0BDE8F04718F0E0B8002403A84FF0E4
S2140118C0FF31039400F042FA039858B1FEF74CFD3D
S2140118D00828074603D84E4B1E5C31070AD403A8D6
S2140118E01DF0CFFC494B5B6A13F0060F0DD0FFF7D6
S2140118F077FD0AE00728039D0ED122462946434874
S21401190016F0D1FC0446002CECD00121084604B0A8
S214011910BDE8F047FEF7D0BBDFF8F080D8F82440EA
S21401192014F0040410D016F002040DD00120AA7998
S2140119300C322A44917A0090C1F380130C32C1F321
S2140119404011FFF75BFE0446284600F0B5FA29462B
S2140119500120FFF727FED8F82430DA072DD503F04B
S214011960800A95F8069015F005FC09F10C09A944C2
S21401197080F0010399F80A00BAF1000218BF0122AB
S214011980DBB209F10C01C0F3801018F063F960B105
S2140119902CBBD8F8243028469B0731D5F40710D441
S2140119A073072FD5FEF744FC9CE7BAF1000F04D16C
S2140119B0514615F0E5FB0028EAD0284612F08CFFC8
S2140119C0A1E718F0F9F9044648B1A8790C30284483
S2140119D0817A0C30C1F38011FFF726FD0446042FEF
S2140119E003D1D8F824309907E7D57207E5D52846FC
S2140119F0FEF71EFC87E704B0BDE8F047FFF73ABDE7
S214011A00042FCDD112F068FF6CE700BF9C200020A8
S214011A1016030300032808B50AD1074800F028FD7D
S214011A20064B012093F94410BDE80840FEF796BB2B
S214011A30BDE80840FFF71EBF751801009C20002076
S214011A40064B10B55B690C4610B101F065F803460C
S214011A5018795B8804FB003010BD00BF900F002092
S214011A60084B10B55B690C4610B101F055F80346FA
S214011A705A88A2423DBF1B79A41AB4FBF3F000209A
S214011A8010BD00BF900F00200138C0B203289ABFD6
S214011A90014B185C002070471F0303008BB200291E
S214011AA04FF00A01B4BF053B05331BB293FBF1F3BC
S214011AB0014A108093707047EA2A0020024B9B78F7
S214011AC0C01A40B2704700BFEA2A0020024B1B88AA
S214011AD0C01A00B2704700BFEA2A0020074B1868F8
S214011AE040F20D1338B9002BC1BF45224433B3FB76
S214011AF0F2F0C0B270470068453BF3E7900F002054
S214011B002DE9F041064613F096FB0746FFF7E6FF80
S214011B1035460446286818B16CB928461DF0B1FB55
S214011B2031680A481DF094FC384613F08AFB0023FE
S214011B303360BDE8F081D0F800801DF05AFD2B68B7
S214011B40013CC3F800802D68E4B2E3E7900F002063
S214011B50024BDB6B03B11847FEF76ABE900F0020FD
S214011B60C04310B5054A131D53E8003F0340141D3A
S214011B7044E800310029F6D110BD00BF900F0020C7
S214011B8010B5054A131D53E8003F0343141D44E8EE
S214011B9000310029F6D110BD900F0020F8B5164689
S214011BA01C4607461946104618F039F832462346B1
S214011BB0384618F039F8434DD5E9062300EA020401
S214011BC001EA030654EA060313D0670104F08060B5
S214011BD010D56B68180623D43B4B234093BB3B4B75
S214011BE006F020022340134356D12046314618F012
S214011BF012F8F8BDA4F1080333431CD1EB7A012B8C
S214011C0042D16B68D90743D50323EB7204206B8C52
S214011C1001336B84FFF79CFF012018F001F8E4E71D
S214011C202B1D53E8003F23F08003291D41E80032B5
S214011C30002AF5D1DDE7A4F10C03334317D117F0E1
S214011C40EFFFDBE724F0011323F4A0433343C6D1AF
S214011C50EB7A012B18D140F201436A6805209343C1
S214011C6014BF00230323EB72FFF772FFBDE7231FA8
S214011C70334302D117F0D5FFB7E704F17F4333436F
S214011C80AAD1EB7A022B0FD0042017F0AEFFACE7F7
S214011C9013F40063BAD1B8E70420FFF771FF4FF0E1
S214011CA0006001F061F9A0E76B689A0706D5042386
S214011CB0EB722B8C032001332B84ABE713F020034C
S214011CC0F7D1F5E7900F0020015001000DD5015521
S214011CD0014B986A704700BF900F002010B5064C64
S214011CE0A06A1CF083FB28B9A06A1CF081FB00F0F7
S214011CF0010010BD0120FAE7900F0020014B986A01
S214011D001CF078BB900F0020024B5868C0F34020AF
S214011D10704700BF900F002010B504464FF40070C6
S214011D20FFF71EFF084B986A1CF066FB38B10CB92A
S214011D30002010BD4FF40070FFF722FFF8E7002CDB
S214011D40F6D00C20F5E700BF900F00202DE9F04FEC
S214011D50046806468846574D89B0002C48D0204670
S214011D60A7791DF013FB0C3727443C890A38B8F1D4
S214011D70FF3FA4EB000402D04445A8BF4446B5F893
S214011D803890B0EB090713D4002C0EDD6D6B366866
S214011D903D44FF2C224629463046A8BFFF221DF0AF
S214011DA053FA241A36680544F3D109B0BDE8F08F1A
S214011DB0A9EB0009A145A8BFA146296BC846D6F8DC
S214011DC000A001EB000BB9F1000F0DD04246FF2A2F
S214011DD059465046A8BFFF221DF036FAB8EB000858
S214011DE0DAF800A08344F1D1A4EB09044F44CBE711
S214011DF00321A86A03AA1CF056FABDF80E70A14684
S214011E0002940A3702ACE86209E023601B682B6083
S214011E102368C3F800902368002F1C4611DD2B6849
S214011E20453F002BF1D101201DF0EFFB034620605A
S214011E300028F1D1019002A81DF023FA019B33601E
S214011E40B3E72B1D53E8003F43F008032A1D42E881
S214011E500034002CF5D14FF0006001F085F80298AF
S214011E60BDF8102043790A2143F001034371069B14
S214011E7030606B63059B2A872B638379BDF80E2040
S214011E800C3303441C711A812A7ADC719A719DF80D
S214011E900C20072A0BBF0122AB8C1A7101331FBF1E
S214011EA0AB846B8C03F1FF336B841DF0C1F934688E
S214011EB055E700BF900F00202DE9F04187790546D0
S214011EC00C37C419237986B013F002081BD1174EBC
S214011ED043F0020323716A46D6E90A011CF0E7F9CA
S214011EE0238969460333B06AADF804301CF0E1F982
S214011EF0009B9DF90E00EB51FFF7E0FD6071B37A90
S214011F00022B03D8E37106B0BDE8F0819DF81130CD
S214011F10012B04D0022B04D02BB90423F2E70323B0
S214011F20F0E70123EEE784F80780ECE7900F002046
S214011F3037B5124B00F00F041B88012CADF80430A6
S214011F4015D0022C15D18DF8044042F222000C4D1A
S214011F506B680340A3420ED0FFF702FE2046FFF750
S214011F600FFEA86A01A91CF02AF903B030BD20248F
S214011F70EBE70024E9E70020F7E700BF480303008A
S214011F80900F00202DE9FF411746022300250E463B
S214011F90124C8046A06AE372CDE902550AF0C6FDEE
S214011FA0384602968DF80C5017F037FE0090617A8D
S214011FB0A06A2A4602AB0AF0F5FD044648B9404637
S214011FC0FFF7B6FF3B4604462A460121304617F086
S214011FD020FE204604B0BDE8F08100BF900F00202F
S214011FE037B5144B00F00F041B88012CADF80430F4
S214011FF014D0022C16D0002441F601000E4D6B6859
S2140120000340A34213D0FFF7ABFD2046FFF7B8FD10
S214012010A86A01A91CF0E9F803B030BD04238DF8C5
S2140120200430E9E78DF804404FF40064E4E700204B
S214012030F2E700BF48030300900F0020002210B50E
S214012040084C1046114617F0E3FDA06A0AF06EFD33
S21401205017F0E9FD20461DF014F9BDE810400820F0
S214012060FFF77EBD900F0020014B986A1CF000BA66
S214012070900F002038B5154C0546A37A834210D040
S214012080431E042B08D8DFE803F0030D11161800D1
S214012090A06A0BF095F920B92846A57200F03CFD20
S2140120A0606138BDA06A17F0C7FDF4E70121A06A98
S2140120B017F0C4FDEFE70321F9E7FFF725FE002837
S2140120C0EAD0A06AFFF7D0FFE5E700BF900F002037
S2140120D073B50446408900F02FFB0E4DA07B002609
S2140120E0287217F06DFD6872E07B00F00F00FFF7B5
S2140120F0C1FF0096A37BD4E90021A86A1CF0DCF995
S21401210032463146304614F0FEFF206817F08AFD4D
S21401211002B070BD900F00200122094B10B50C468D
S214012120DA72FFF75DFF10B1042017F05EFD22465C
S2140121300021012017F06CFD14F0E6FF10BD00BF72
S214012140900F0020F8B5044614F0DFFF0746A1798A
S214012150E279114E521A0C310123B06AD2B22144EF
S2140121601CF09BF8E579A379ED1A57FA85F52468F2
S2140121700CB93561F8BDA179E2790023521A0C3108
S214012180D2B2B06A21441CF088F8E379A2799B1A8E
S21401219055FA83F5EBE700BF900F0020F8B5022350
S2140121A00E4E0D46F372FFF7C3FE044620B1BDE89E
S2140121B0F840042017F019BD284617F02EFD0746F3
S2140121C02A462146012017F023FD3B462246717A16
S2140121D0B06A0AF0D9FC0028E9D1F8BD900F0020BA
S2140121E00222084B10B50C46DA72FFF7A1FE10B1B9
S2140121F0042017F0FAFC22460021012017F008FD02
S21401220010BD00BF900F0020014B187B704700BF28
S214012210900F002068B1084B194653F8042F0AB1F5
S2140122208242FAD25B1A9B10013BDBB2034A13735C
S21401223070470123FAE700BF24030300900F002034
S21401224010B5084C606810F480700AD0A06A1CF0C3
S21401225041F830B90121A06A1CF03AF880F001007B
S214012260C0B210BD900F00200023F0B5012785B045
S214012270194E00938DF80C30C0F340138DF80E30D4
S214012280C0F3001304461546F7728DF804700291E8
S2140122908DF80D30FFF7A4FE20B1042017F0A5FC41
S2140122A005B0F0BD284617F0B8FC717A03466A46B9
S2140122B0B06A0AF083FC2A46C4F380110646384603
S2140122C017F0A6FC14F020FF230601D5FFF7B8FF90
S2140122D0002EE2D1E4E700BF900F00202DE9F04385
S2140122E04FF0010985B0244D04460E469046002164
S2140122F0102268461F4685F80B901CF059FCA86A08
S2140123000AF014FC0023E20600968DF80430CDF89E
S214012310088005D56B691B888DF80D9043440293A0
S214012320002338468DF80C30C4F340138DF80E3078
S21401233017F073FC6A460346697AA86A0AF03EFCFF
S21401234028B1042017F051FC05B0BDE8F083204603
S214012350FFF746FE3B460121C4F380120546304690
S21401236017F057FC14F0D0FE230601D5FFF768FFDF
S214012370002DE6D1E8E700BF900F0020044B5A6815
S214012380D20503D50021986A1BF0A2BF704700BF93
S214012390900F002038B5114CE37A23B10022114684
S2140123A0104617F035FC00252846E57217F038FC74
S2140123B0A06A012203211BF091FE2A46A06A012190
S2140123C01BF079FFFFF7DAFF8020FFF7C9FBBDE8B6
S2140123D038404FF44050FFF7D3BB00BF900F0020AA
S2140123E008B5FFF7D7FF044A0620D38C0133D38400
S2140123F0BDE80840FFF7ACBB900F0020F8B51B4DB9
S2140124006B68590704D50420FFF7AAFBFFF7E8FF1E
S2140124106B681A070FD512F00EFF0646FFF75EFB34
S2140124200446124F24B101201DF0EFF80146A8B969
S214012430304612F006FF6B68DB0615D51020FFF755
S2140124408FFB00F07BFB78B112F0F5FE0446FFF738
S214012450C7FF2046BDE8F84012F0F3BE3846013CFF
S2140124601DF000F8E4B2DDE7F8BD00BF900F0020D4
S214012470014BD863704700BF900F002073B50F4B18
S21401248004469B7D0E4EFF2B15D10023ADF80400AC
S2140124900DF10302B06A01A98DF803300AF05AFF64
S2140124A09DF8035022462946B06AF6F767FC40EAD3
S2140124B0052002B070BD034B1D78F3E7EA2A002021
S2140124C0900F0020E42A0020044BC2B2C0F307217B
S2140124D0986A82B002B0F6F7CFBC00BF900F00201A
S2140124E010B50D4C0021A06A1BF04FFE0B49A06AE7
S2140124F01BF0A8FEFE21A06A1BF093FEA06A0AF05C
S21401250043FD074BB3F910208242C8BF18821A8ACE
S2140125109A805A8ADA8010BD900F0020E42A0020A3
S214012520EA2A0020F0B585B0ADF80210ADF8042017
S21401253069464FF0C812ADF806304FF08213ADF879
S2140125400000CDE9022304200B460C4C02ADB4F981
S2140125501070B1F9002035F9026BBA42A8BF3A46AD
S214012560B242A8BF3246013821F8022BF1D103CB83
S214012570034BA060596005B0F0BD00BFEA2A0020F9
S214012580F22A002073B50546F6F7E4FC314E0368DF
S214012590314C33608388FF2DB3804FF00003A37066
S2140125A02380337818BF1D46A5752C4D8DF8013054
S2140125B00DF10303A86A0DF102020DF101011BF0F2
S2140125C010FF9DF8013040B90133DBB20D2B8DF8B9
S2140125D00130EDD9012002B070BDA27DFF2A00D0E6
S2140125E0A3758DF8053033709DF802308DF80430F0
S2140125F00198FFF769FFC828A8BFC8209DF80330D7
S21401260020828DF804300198FFF75EFF144B984244
S214012610B8BF18466082B4F91000FFF72FFFADF877
S21401262004000198FFF750FF2082B4F91200FFF76B
S21401263025FFADF804000198FFF746FF4FF6FF733C
S214012640A382642360821A4618461946FFF76AFF7A
S2140126500020C0E7E42A0020EA2A0020900F00208C
S2140126600CFEFFFF0346034AB2F906000BB1FFF763
S2140126702DBA7047EA2A0020084B10B5B3F904407A
S21401268030B903EB4103B3F906309C42A8BF1C46A0
S214012690A242A8BF2246104610BD00BFEA2A00206B
S2140126A0014BB3F912007047EA2A0020014BB3F937
S2140126B010007047EA2A002073B5064612F0BBFDEB
S2140126C00C4D0446B5F91200B5F91030B042B8BF4A
S2140126D030469842A8BF1846FFF7D0FEADF8040072
S2140126E00198FFF7F1FEE880204602B0BDE8704091
S2140126F012F0A7BDEA2A002073B5064612F09BFD2C
S2140127000C4D0446B5F91000B5F91230B042A8BF19
S21401271030469842B8BF1846FFF7B0FEADF8040041
S2140127200198FFF7D1FEA880204602B0BDE87040B0
S21401273012F087BDEA2A0020F0B5C0F3072585B060
S214012740FE2DADF8040027D09DF8047012F073FD3D
S214012750124C0646637DAB420ED0114B02A9186897
S2140127609B880290ADF80C300E4B8DF80850986A95
S2140127701BF068FDFF232375237DBB4206D0094B62
S2140127803946986A1BF04DFD27756575304605B0CC
S214012790BDE8F04012F055BD05B0F0BDEA2A0020B4
S2140127A0E42A0020900F00202DE9F04707460E4648
S2140127B01446DFF8409086B00DF10808A9F1100A1A
S2140127C03A4680215046CDE900980A4BF7F74AF879
S2140127D00028F5D1102C254628BF102530462A465C
S2140127E041461CF0F0F9641B2F442E44E8D106B094
S2140127F0BDE8F087952B002030B589B020226946C8
S214012800FFF7D2FF6A460C4D04AB144603CC9C423C
S21401281028606960224605F10805F6D1074C08AD27
S2140128201A4603CAAA4220606160134604F10804EE
S214012830F6D109B030BD00BF852B0020952B0020B6
S21401284010B588B06946202012F0F4F9044630B974
S2140128506846FFF7D1FF0122024B83F8202020466D
S21401286008B010BD852B002070B5134B054693F8B4
S21401287020300C468CB00BB9FFF7E2FF0023CDE900
S2140128800033CDE9023354B91C22214605A804942D
S2140128901CF08EF904A8FFF7AFFF0CB070BD102C2A
S2140128A0264628BF1026294632466846FFF77CFF93
S2140128B03544A41BE7E700BF852B0020174B2DE905
S2140128C0F047D3F8048098FAA8F4B4FA84F40646DC
S2140128D00F464FF0010A1D6804EB440293F8089076
S2140128E005EB82054C4504DB4FF0FF342046BDE87E
S2140128F0F0870AFA04F313EA080F0BD0AB6803F06B
S2140129000103B34206D10622294638461CF026F9B1
S2140129100028EBD001340C35E4E700BF94230020F7
S2140129200022014B5A60704794230020F8B50446F4
S21401293024EAE47412F07FFC202CA8BF2024104D5A
S21401294006462B7AA34205D10024304612F079FCC4
S2140129502046F8BD002728682C726F6010B112F06F
S21401296049F92F602B7A002BEED00C20604312F031
S21401297023F928600028E7D107242872E5E700BF7D
S21401298094230020044BD3F8012002605B7903F006
S2140129901F030371704700BFA62B0020244BF0B520
S2140129A0002918BF0B4614460021012512688BB07A
S2140129B0C3F80120227919705A71C1F3C402A65CCA
S2140129C001F0070205FA02F21642CFB207D01A78D2
S2140129D002F128066E44013206F8287C1A7001318D
S2140129E02529EAD11A7828B16946981D1CF0EBF81A
S2140129F00BB0F0BD002AFBD001260533C0F3C40599
S214012A00675D00F0070506FA05F52F42C1B208D149
S214012A10B1FBF2F502FB15110AAD55FA81F111F879
S214012A20281C0130252803F8011FE7D1E0E700BF85
S214012A30A62B0020034B002818BF03460B449879A9
S214012A40704700BFA62B0020224B10B5002814BFEC
S214012A5084469C464FF0010E82EA124290B280EA0A
S214012A60010393FAA3F31BBA9BB203EB03130344CC
S214012A709BB293FAA3F31BBA9BB203EB0313034473
S214012A809BB293FAA3F31BBA9BB203EB0313034463
S214012A905840114C82B2A4FB0234131B04EB5304BE
S214012AA0630903EBC30103EB8103D31AC3F3C40128
S214012AB0D8B2614403F007030EFA03FE4B7813EA1B
S214012AC00E0F01BF9CF8003053430CEB134C9CF8DF
S214012AD0060010BDA62B00204D91CFBA064B074A23
S214012AE001201A60064B074A1A60074B074A1A600C
S214012AF0074B084A1A607047E81E00207B9D0200BB
S214012B00E41E0020B39D0200E01E0020799D020015
S214012B10DC1E0020B59D0200052808BF0320062202
S214012B20024B013802FB0030704700BF4A03030026
S214012B30014B186E80B2704700C001B80A4BD868C6
S214012B4000F07060B0F1106F0CD008D8B0F1E06FF3
S214012B5008D0B0F1006F14BF002001207047B0F11B
S214012B60406FF8E701207047000002B8431C07B524
S214012B70014606D00023044ACDE90033034813F08A
S214012B8075FA03B05DF804FB619E0200C8240020BC
S214012B9070B50E461546044618B302F015FD10B37F
S214012BA0236813F4807F18BF0122104B18BF1A70D8
S214012BB00F4A1B7814600F4A16600F4A15601BB93E
S214012BC018F0D4F802F0EAFC11F0EAFF02F0CCFBB0
S214012BD00A4B0B48197802F0D3FBBDE8704002F0AF
S214012BE0BDB9212070BD40F20440FBE7D22B002086
S214012BF0B4230020B0230020AC2300206B2C00203F
S214012C00B94B02002DE9F04186B011F09DFF8A4BC9
S214012C108A4D1A7811208A4911F0C6FD2B68512178
S214012C205A685423B2FBF3F2002392B2184611F00D
S214012C3051FD0446002840F0F18011F00FFE814B53
S214012C401968814B186809F037FB00F059F90446FA
S214012C50002840F0E3802B681C7F002C00F0B08039
S214012C60102C28BF10241CF058FA621C81B20023D5
S214012C700820D2B211F02EFD0446002840F0CE8086
S214012C800A20724A724911F059FC0446002840F0A5
S214012C90C58011F0D9FA0221322004AA00F006FA02
S214012CA028B94FF0FF30BDF810101BF0F4FA6E464D
S214012CB00023324606212C208DF8063000F0F6F966
S214012CC058B9304617F004FE08B130287AD13C20B6
S214012CD000F00AFA2C2000F007FA9DF806301907D2
S214012CE040F1818096E80300ADF80C10090C0290C3
S214012CF08DF80E109DF8063013F0280F07D1DDE988
S214012D000201ADF80410090C00908DF806102B682E
S214012D10186900287CD12B68586900F037F92B68B0
S214012D2093F82220D2077DD413F0EFF902A90246C8
S214012D300746286817F098F8044600286ED10AF06E
S214012D40E1FC13F024FA0446002867D1012000F0C4
S214012D5039FE404B18681CF0BBFD044600285DD1C7
S214012D6018F021FB044602F0EFFE804617F083FEC2
S214012D7041460246204615F0B3FF044600284DD1D1
S214012D802B681B689B050CD4B7F5FA7F09D912F09E
S214012D904BFA012107460846F8F7F6F9384612F0CD
S214012DA047FA2B689A692C4B1A6017F0A7F82B4B39
S214012DB01860304600F09EFE294811F0B9FB2DE060
S214012DC0042450E701213C2004AA00F06FF940B921
S214012DD09DF81030012B14BF492372238DF806305D
S214012DE07BE74923FAE7F5F7C7FECDE90401030CB3
S214012DF08DF80A30BDF81530ADF80800ADF80B3087
S214012E009DF817308DF80D3049238DF80E3071E797
S214012E1017F0A9FC044600283FF47DAF204606B013
S214012E20BDE8F08193F8230017F0A1FF00283FF4D6
S214012E307BAF40F20C44F1E76B2C0020B42300205A
S214012E40B94B0200F40A0020140B0020019F020077
S214012E50FD9E0200B0230020EC240020E824002080
S214012E606D2B01000022032101481CF0FBB800BFB6
S214012E7080250020F8B5114817F081FEE0B917F05B
S214012E803DF80F4D0D4E286006F10C07286817F027
S214012E90D5FC11F015FA0446304617F06CFE10B951
S214012EA038461CF0EEF902F01FFB08B9002CEDD1F4
S214012EB0BDE8F84017F0DEBDF8BD00BF1C0B0020D2
S214012EC0E824002008B5054B1B782BB916F0AEFF99
S214012ED0B0FA80F0400908BD0020FCE7D12B0020A5
S214012EE0012310B5044C2370044B1B6803B19847AB
S214012EF00023237010BD00BFD12B0020EC2400203E
S214012F000D4B98420DD8023B984210D870B1023B47
S214012F1098420ED020F0704020F4604000F590609A
S214012F207047064B9842F5D140F21C40704721206D
S214012F30704740F21B4070470AE000F00BE000F0DB
S214012F404FF08052014B5A60704700BF00ED00E021
S214012F500023044A52E8000F42E800310029F9D163
S214012F60FBF7C0BDF4240020064A52E8003F0343A5
S214012F7042E800310029F8D1034B1B6803B118471A
S214012F80704700BFF4240020F0240020034B0028E3
S214012F9014BF02461A46024B1A607047412F0100C1
S214012FA0F024002037B51C68E10705D517F039FC79
S214012FB0164917481CF05EF8A20723D501F08AFCD3
S214012FC0D0B9144D019012F036F9044628461CF08B
S214012FD076F90190204612F034F9019890B14379C0
S214012FE09B070CD401A802211CF04BFA019801F0B2
S214012FF061FC17F0C5FBE6E717F0C2FBDEE701F060
S2140130004DFCF6E7002003B030BD00BF300B0020BA
S21401301080250020F824002008B5054811F020F985
S214013020044B01211870BDE8084011F029B900BF12
S214013030400B0020D32B002038B5044648B112F0CF
S214013040FAF80546214608481CF002FA284612F00E
S214013050F8F8064B022193F9000011F011F9BDE8CA
S2140130603840FFF73DBF00BFF8240020D32B0020D7
S214013070F8B50C4B0C4F04460E46386819681546D1
S21401308009F01AF9FFF73CFF50B933462A4638686B
S21401309044F4802109F0EAF9BDE8F840FFF730BFB3
S2140130A0F8BD00BFF40A0020140B0020F8B50C4B45
S2140130B00C4F04460E4638681968154609F0FCF8A8
S2140130C0FFF71EFF50B933462A46386844F480217C
S2140130D009F016FABDE8F840FFF712BFF8BD00BFC9
S2140130E0F40A0020140B002038B50A4B0A4D04469A
S2140130F01968286809F0E0F8FFF702FF40B9286868
S21401310044F4802109F0E2FABDE83840FFF7F8BE42
S21401311038BD00BFF40A0020140B00202DE9F0434F
S214013120134B0E461968134B05468DB018681746A3
S21401313009F0C2F880B933460A222846009702A948
S2140131401AF020FE4FF0000804460DF10809444528
S21401315005D1002CEFD120460DB0BDE8F0832846FE
S21401316059F8041B09F0B2FA08F10108EFE700BFAD
S214013170F40A0020140B0020F8B50C4B0C4F064641
S2140131800C463868196809F097F8FFF7B9FE054646
S21401319048B9E24316FA82F2386842F4802246F4CD
S2140131A08021FFF7BBFF2846F8BD00BFF40A0020C8
S2140131B0140B00200022034B1A609A80FF229A719A
S2140131C0704700BFF62B0020064A1379834207D9C1
S2140131D0012312688340134214BF01200020704768
S2140131E000207047FC240020054A03461068002290
S2140131F008B91A607047C10748BF01324008F7E7AF
S214013200FC240020014B1879704700BFFC240020E5
S214013210F0B541EA002087B040F4902606200F461C
S2140132201546F6F7F7F91CF07AFB044640B9014655
S2140132301A2004F08BFA6FF08C05284607B0F0BD13
S21401324043688660DAB222B923F0FF0343F0010334
S2140132504360062F204B0CBF40F201114FF48071E2
S214013260204616F04FFE2361E3696BBB4FF4105303
S21401327023808023638002AB2A461E4605F1100791
S2140132801D4610685168083203C5BA422B46F7D16D
S214013290102130461CF0F9FA10223146204601ABC7
S2140132A013F0BFFA054620B1014640F2074004F08C
S2140132B04DFA102130461CF0F6FA204613F00FFDA9
S2140132C0204611F097FCB8E700234FF410511A4638
S2140132D013F011FDCDE700BF00444004102A2DE98C
S2140132E0FF4706460F46154623D800244FF001092E
S2140132F0DFF84480DFF844A0D8F8002009FA04F388
S214013300134213D046EA042040EA0A006A46E9B2AC
S21401331080B2FFF7CBFE48B92A46394668461BF00D
S2140133201DFC18B960B204B0BDE8F0870134202C4A
S214013330E2D14FF0FF30F6E7FC2400200080FFFFCB
S2140133402DE9F3411D4E05460146062230461BF087
S21401335005FC20B996F9060002B0BDE8F08100240C
S214013360A046EF1C2046FFF72FFFD8B13B88CDF8CB
S2140133700080ADF80330BB786946E0B28DF80530C1
S21401338019F009FC21280DD0A8B903222946684660
S2140133901BF0E4FB30B92B6860B23360AB88B071C8
S2140133A0B380D9E70134202CDCD12B683360AB889D
S2140133B0B380FF23B3714FF0FF30CDE7F62B00202B
S2140133C0034B93F90630013301D1FFF7F3BE704783
S2140133D0F62B0020F7B5044617F071FB631C5AD193
S2140133E017F083FA0024FFF7E5FE634E3379A34214
S2140133F02CD84FF4004100240846FFF7BDFE2022DA
S2140134004FF0FF315D4834601BF0D2FB204602F0DE
S21401341041F9FF2604465A4D5CBB5A4813F002F99F
S214013420014630B110F1880F03D040F2074004F096
S2140134308DF90C21504A43F6FF70FFF719FE202143
S21401344038204E4AFFF714FE00202AE02046FFF7F8
S214013450BBFE60B165B20521284616F055FD032175
S214013460284616F051FD0621284616F04DFD01347A
S214013470BCE794F97530013305D02B7843B9132195
S214013480204617F092FF204602F004F90446C3E7EF
S21401349084F87560F7E72046FFF796FE18B940F204
S2140134A0064003B0F0BD6B4606220021204616F00A
S2140134B06EFD002848D0492368468DF8063017F07F
S2140134C018FA4FF47F41304840EA04200840FFF7DD
S2140134D053FE0521204616F017FD0321204616F05F
S2140134E013FD0621204616F00FFD01222249E3B204
S2140134F09A400B6823EA02030B60244B93F90630CB
S214013500A34201D1FFF756FE002005460B791B4A60
S214013510013BC1B2994221DBFF260020D65402F0BE
S214013520B9F80546164F002D83D095F97530A3429C
S21401353005D13B78EBB91321284617F036FF28460C
S21401354002F0A8F80546EEE76B4606220121204662
S21401355016F01DFD0028B4D07223ADE75656A642DC
S21401356000D025B1551895F9015055540125013063
S214013570CFE785F87560E2E7FC240020D62B002013
S214013580D42B0020370004000080FFFFF62B00201C
S2140135902DE9FF41354C064601A8FFF725FE2379A4
S2140135A0019A93421ED86279012A40D100274FF032
S2140135B0FF383D4610E02368EB40D9070BD50822BB
S2140135C002AB114668B216F0E2FC20B1039B4345FC
S2140135D03CBF2F469846013523799D42EBD378B2FE
S2140135E0FFF7F8FE236813F0010529D00025012214
S2140135F00135202D18D002FA05F71F42F8D13B43BA
S2140136002360A3680C21013343F6FF70174A7361E8
S214013610A360FFF72DFDA8B1236823EA0703236003
S214013620A368013BA36073614FF0FF3519E0022ADE
S214013630FAD10F4A134413F9010D421CFBD0CFE710
S2140136400127DCE722790A4C013A2146D2B2601CF6
S2140136501BF094FA6DB22246202138202570FFF720
S21401366007FD284604B0BDE8F08100BFFC24002019
S214013670D62B00202DE9F043002489B0B34D042158
S2140136803F2001AA2C70FFF711FD00B10194019FA4
S214013690002F4FD000267A1E5742574100242C7027
S2140136A0AB4D0C212A4643F6FF70FFF7FFFCC0B175
S2140136B00D23AB80019B2C60032BAC6011D803ACAF
S2140136C02246142143F6FF70FFF7F0FC48B994E850
S2140136D0070085E807002A460C2143F6FF70FFF72E
S2140136E0C7FC019B042B06D004213F200DEB0102F1
S2140136F00191FFF7BDFC20213820964AFFF7D6FC42
S21401370028B120224FF0FF3192481BF051FA0322D4
S2140137102B795B00B3FBF2F38F4A1370FFF74AFD78
S214013720F8F768FF014618B140F2074004F00EF8BA
S214013730002413E001263746B0E72B68E340DB0799
S2140137400BD508224FFA84F81146404603AB16F013
S2140137501EFC10B94046FFF73DFE01342B799C4212
S214013760EBD38EB11021372003AAFFF79FFC002868
S21401377053D10620F5F74EFF1CF0D1F8044690B958
S21401378001461A2003F0E2FF3FB13D20FFF7ACFCF3
S21401379000242B799C42C0F0B38017F0ACF80020CF
S2140137A009B0BDE8F0836D4A43688260DAB222B997
S2140137B023F0FF0343F001034360694B40F201111C
S2140137C0204616F09FFB2361E36943BB4FF4105379
S2140137D0238080231021638003A81CF056F8102252
S2140137E002AB03A9204613F01CF80646102103A8D5
S2140137F01CF059F8204613F072FA204611F0FAF937
S2140138003720FFF771FC46B140F20740314603F01E
S2140138109DFF4FF0FF30FFF7DDFD00262AE0002375
S2140138204FF410511A4613F066FAD2E73046FFF706
S214013830CBFCF0B174B210220321204603AB16F084
S214013840A6FB1028814620D10321204603AAFFF7B4
S214013850DFFC8046494603A81CF025F8B8F1000FA6
S2140138600CD040F20740414603F070FF2046FFF7B8
S214013870B1FD01362B799E42D8D385E748F2030085
S21401388040EA062080B2FFF72FFC102205212046D1
S21401389003AB16F07CFB1028814613D10521204688
S2140138A003AAFFF7B5FC8046494603A81BF0FBFFB9
S2140138B0B8F1000FD5D148F2050040EA062080B2E3
S2140138C0FFF712FC10220621204603AB16F05FFB21
S2140138D010288146CDD10621204603AAFFF798FC81
S2140138E08046494603A81BF0DEFFB8F1000FB8D1A9
S2140138F048F2060040EA062080B2FFF7F5FBB8E77B
S2140139002046FFF761FCF0B166B204220C21304676
S21401391002AB16F03CFB04280AD1029B0122C3F33A
S21401392000238DF80C300C21304603AB16F001FB5A
S21401393000231022CDE90333CDE905330D213046AE
S21401394003AB16F0F6FA013423E700BFD42B0020B0
S214013950FC240020D62B0020D52B002037000400A5
S21401396000444004F8B5104B044618790F4B00226A
S2140139701D46D1B2884204D913F9017B561CA742D1
S21401398004D10B4B1B788B4202D9F8BD3246F0E7C7
S2140139900649481C1BF0F2F82C702021BDE8F840BF
S2140139A03820024AFFF764BBFC240020D62B0020F7
S2140139B0D52B0020014902481BF05CBB500B0020B0
S2140139C08025002010220A4B2821DA826422C3E9CE
S2140139D006124FF6FF721A8402225A60002283F8FA
S2140139E02B200F2283F82D0083F82C20704700BF70
S2140139F00825002038B502F0F9FB40B9094B4824E8
S214013A001A6893F82A1003462432994200DC38BD1E
S214013A1004FB03F55559ED0601D40133F5E7012002
S214013A20F5E700BF0825002038B5104C94F82B3078
S214013A30D3B1626812F0010516D104F1080003F053
S214013A4009FFFFF7D7FF78B14EF6602294F82C30C5
S214013A504FF48271534306482A4610F093FD18B975
S214013A60636843F00103636038BD00BF082500208A
S214013A708025002022F00042052A10B50DD0B2F5AF
S214013A80827F13D0032A06D1114A536823F002031A
S214013A90536002F0B3FB002010BD0D4A1B88118D48
S214013AA09942F8D1002313850120F5E7084B5A689F
S214013AB093F82B4022F00102012C5A60F4D102F057
S214013AC0F1F8FFF7B1FF204602F0E2FBECE700BF9A
S214013AD0082500200048704717250020044890F864
S214013AE02B1000F10F020830012918BF104670474D
S214013AF008250020F0B48279034612F0280F26D05C
S214013B000025144A016892F82A60C2F80F108188CD
S214013B10A2F81310817951751168AE4207DCF0BC2A
S214013B205368032043F00403536002F0B1BB4C6AB0
S214013B3014F4404F08D1186844F0080408609F88C0
S214013B4098798F8088714C6201354831E5E72120EC
S214013B50F0BC7047082500204379024A9B09D05CD7
S214013B60704700BF7C0303000B6810B503608B88A9
S214013B70FF2A0446838002D10723A37109E0032AA2
S214013B8008D8054B9B5C072B837102D1FFF7E4FF36
S214013B90A07110BD0023F0E7800303008379024A79
S214013BA003F00703D05C70477403030010B58279F5
S214013BB08B79094C02F0070203F00703A25CE35C71
S214013BC09A4206D106221AF0C9FFB0FA80F04009DF
S214013BD010BD0020FCE700BF6C0303007FB5134B4C
S214013BE00E46054604460393A0B117F0E0FC78B9EB
S214013BF000223146204617F00FFE022807D1012386
S214013C00314600932046042303AA16F097FA0DB115
S214013C1004B070BD204617F099FC04460028F7D082
S214013C2017F0C5FC0028F5D1E2E700BF0100FFFF51
S214013C302DE9F04F97B08346099117F004FC0998D7
S214013C4083790C33C45CC5181BF0A0FB1E2C0646FA
S214013C50099F24D8012C26D9C54BE340DA0722D583
S214013C60384697F806801BF091FBBBF80A2083B212
S214013C709A4228D214F0010240F0A18004F07F039A
S214013C80522B00F09C801E2C00F09980099B214647
S214013C9000935846042317F019F921240CE004F088
S214013CA07F03522BDCD0214606230022584600977C
S214013CB017F00CF941F20614584617F0C9FB2046D6
S214013CC017B0BDE8F08F47443A7B013B1E2A9BB2F2
S214013CD042D8012ACED9023A1C2ACBD801A151F8E2
S214013CE022F000BF753D0100753C0100793D0100E1
S214013CF0753C01006F3D0100753C0100653D01000A
S214013D00753C0100753D0100753C0100793D0100DF
S214013D10753C01007D3D0100753C0100653D0100DB
S214013D20753C0100AB3D0100753C0100753C01008E
S214013D30753C0100AF3D0100753C0100B33D01003B
S214013D40753C0100753C0100753C0100753C0100A5
S214013D50753C0100B73D0100522A26D0D22A89D1EE
S214013D600D2B05E0062B0FD0142B83D10CE0052B71
S214013D7080D909E0022BF8E7042BF6E7032B7FF640
S214013D8079AFDB073FF576AF022C00F0F380DBF866
S214013D9000309B689F0516D40BF144001BF071FAA6
S214013DA0099BCBF84430002486E7012BE0E7032B80
S214013DB0DEE7012BD9E7002B7FF45CAFE4E709A827
S214013DC01BF05FFA69E71E2C584600F0918317F046
S214013DD0EEFB0746002840F08280584617F0E2FBCB
S214013DE000287CD004F07F03522B00F0BC80082C06
S214013DF068D1B6B2152E14BF02201020691D17F027
S214013E00BCFB00285ED0DBF81430D8074BBF23F08C
S214013E10010343F001033946012158464CBFCBF854
S214013E201430CBF8143017F0D9FB09980D9016F022
S214013E30BDFF0446B0F80180B0F803900D981BF062
S214013E40A5FA152814BF0225102505342146284653
S214013E5002F010FF21460390284617F08EFB0490CF
S214013E60B8F1000F00F04381C84500F240810221FD
S214013E7009200D9A16F0BBFFBBF80A708246023F76
S214013E80BFB23E4640464FF0FF354946039A17F00B
S214013E9075FE0446002800F06C8117F042FC0028ED
S214013EA000F0848101222146584617F0E4FC0346BF
S214013EB08DF82E00002800F01F810D9A00922246F0
S214013EC00821A3E0DBF8143013F001063CD023F000
S214013ED0010300215846CBF8143017F07FFB1E2C47
S214013EE063D8032C66D9231F142B63D801A252F87A
S214013EF023F000BFC3410100B53F0100B3420100FA
S214013F00B53F01002B3E0100B53F0100994301007A
S214013F10B53F0100B7430100B53F0100CD430100A5
S214013F20B53F0100C13F0100B53F0100C14401009A
S214013F30B53F0100B53F0100B53F0100DD4401007A
S214013F40B53F0100E744010043F001030121584653
S214013F50CBF8143017F042FB12233246214658465E
S214013F60009616F0B3FF09A81BF08BF91BE700BFFC
S214013F7054554541099DBA4C284616F017FF21882D
S214013F80B0F801602A46584616F0B5FF2388BBF8FC
S214013F900A10B34228BF3346172BB8BF172358461B
S214013FA0ABF80A3017F03BFAFDE6522C00F08F8290
S214013FB0D22CD8D0099B002200932146062325E067
S214013FC0099F384616F0F2FE0546B0F80180B0F8B3
S214013FD003A038461BF0DAF915280CBF204602204C
S214013FE0691D02F047FEB5F8053004900793B8F155
S214013FF0000F07D0D04505D817F017FF50B910238A
S214014000009701E00123009742461021584616F01A
S2140140105DFFC8E63A460221112016F0E8FE444646
S2140140204FF0FF35BBF80A3005909E1E0393063B02
S2140140309BB2B6B2089351462046049A17F09EFDED
S214014040814668B35146079A17F0E5FD044648468F
S21401405017F067FB40B94FF6FF739C4201D001345D
S214014060A4B25445E7D91BE04FF000030DAAADF802
S214014070343049460CAB584617F09AFC039ABDF803
S2140140803430053A9A42089A0690D8BF1346002D56
S214014090ADF8343009DB9D4202D1EB1CB34208DB9C
S2140140A0691C1CD10A230097AEE7351F9D42A8BFA5
S2140140B01D46042211A93846ADF84490ADF8464095
S2140140C01BF0A1FB2A46384606991BF09CFB4FF6CF
S2140140D0FF73043E761B9C42B6B2C0D1E0E7394678
S2140140E0059B04355D70584601F0C8FB5BE60D9BE9
S2140140F0009301234246E3E6049B13B1204617F0E2
S214014100F4FA204617F025FBD8B1002D54DC0DA893
S2140141101BF0B7F8082358468BF81C3050F80C2BC8
S21401412040F2025192F870208DF8483000238DF845
S214014130442011AAADF84640ADF84A301AF0D6FF31
S21401414031E6ADF844000DF12E032146584611AA7A
S21401415017F02EFCBDF844300590BB4228BF3B4605
S214014160002DADF844300ADBAB4202D16B1CB342E2
S21401417009DB6A1C0D9B1FD100930A23BAE7B51E03
S2140141809D42A8BF1D4602220CA90D98ADF83040ED
S2140141901BF039FB2A4605990D981BF034FB4FF6A8
S2140141A0FF73023E761B9C42B6B2E2D0601C80B220
S2140141B08145BFF46AAEDCE702350D998AF80150F5
S2140141C091E7DDF82490484616F0F0FDB0F803308C
S2140141D0B0F801800493B8F1000F43D0984541D858
S2140141E04FF6FF774A460221052016F000FE4546A7
S2140141F0BA46BBF80A400590023CA4B22946584686
S21401420017F097FD504506464BD04FF400622946FD
S214014210584617F030FB00283ED1304617F021FEF5
S21401422000280CBF022310235745039320D03046A5
S21401423017F017FE0690384617F013FE069B8342CA
S21401424003D1039B0133A34213DB384617F009FE63
S214014250059B013019465870584616F020FEA2E517
S214014260080D00200123CDF8009042460421CDE63A
S21401427037460DF146013046ADF8445002F050FD88
S214014280039B48469A1C11A91BF0BDFA039B023CEE
S214014290E41A5545A4B2D8D0049B0135ADB2AB4261
S2140142A0ACD24FF6FF739F42CFD10A23CDF80090D0
S2140142B0DBE7DDF824900024484616F077FDB0F8D9
S2140142C00530B0F803A0B0F80160074648460393EE
S2140142D01BF05CF8C51FADB2102D0C9458D82A46B9
S2140142E0F91D0DA81AF06FFC002E53D0564551D873
S2140142F04A460121072016F07AFDA04607463346B6
S2140143000A249A45049307D93946BBF80A0016F0E1
S21401431051FD0328049B04D8B8F1000F1AD0394682
S2140143209AE7ADF84430039B5846ADF848300DABDC
S21401433013930BAA0DF12E0311A9ADF846A0ADF803
S214014340505017F094FC0A280446E5D0BDF82C30EE
S21401435030B11E46234632460621CDF8009055E67A
S214014360ADF83030BDF82E300CAAADF832303946F3
S2140143700423BBF80A0016F028FD4FF6FF72BDF8BD
S2140143802E309342CBD001334FF001089BB2B8E7F1
S2140143900424DFE70124DDE70A23099C8BF81C309F
S2140143A0204616F003FD23460022B0F801105846B9
S2140143B015F094FFF7E4099C204616F0F7FC0C2351
S2140143C08BF81C30B0F803202346EEE7DDF8248096
S2140143D0404616F0EBFC054640461AF0D7FF002390
S2140143E0441EBBF80AA08DF8343061D014F00107E2
S2140143F05ED1204610F0E0FB064600285ED00AF1AA
S214014400FF332246691C03931AF0DDFB4246012165
S2140144100F2016F0ECFCB1460490002C04DC30466C
S21401442010F0E8FB049917E739F8025B01222946E8
S214014430584617F020FA023C8DF8340068B9284631
S21401444017F091F810B1284617F04FF9284617F0E3
S21401445080F960B180238DF83430304610F0CAFB05
S2140144602A460E219DF83430CDF80080CEE5294647
S2140144700DAB584611AA17F09BFA9DF83430014649
S214014480002BEAD1039BBDF84420DB1B9A42C2BF36
S2140144900AF1FF33DB1BADF844304046BDF844203B
S2140144A01BF0B1F9BDF844309842B8D31F44B4E7C5
S2140144B0042300258DF834302E46CEE71123F8E785
S2140144C05846099AB5F8011015F0A6FF6BE4584650
S2140144D0099AB5F8011015F0FAFF64E458460999EF
S2140144E016F034F85FE45846697816F09AF83AE51B
S2140144F016F0B7F837E500BF7FB5174A06461368CA
S21401450042F6052023F00803136017F072FB0546F8
S21401451050B1684602F066FA002017F017F8044614
S21401452020B92946FFF75AFB04B070BD1022684631
S21401453004F121011AF012FB38B10121204617F0CF
S2140145404DF8636923F0010363611EB131462046CD
S21401455017F020FC2046E0E7EC25002007B583781D
S21401456001916A46082104488DF800301AF0BEFD14
S21401457003B05DF804FB00BF802500200022054B38
S214014580C3E90322C3E905221A70DA614FF6FF7206
S2140145905A8470475C250020014B1860704700BFA5
S2140145A05825002082780D4B13B55A60B0F80320C9
S2140145B091B2102910D040F60344A1420CD04179A3
S2140145C05B8C8DF80210ADF8042005216A4604487C
S2140145D0ADF800301AF08AFD02B010BD5C2500204F
S2140145E08025002073B5837901900C33C418C35C11
S2140145F0132B0ED8042B10D9053B0E2B0DD8DFE854
S21401460003F01E0C0C1E0C0C0C0C0C161A0C0C0CCD
S2140146102300302B13D03E2B1BD0F9F7D1FF019B83
S214014620834202D001A81AF02CFE02B070BD2046CB
S214014630FFF7B8FFF1E7E2780E4B5A60EDE7204648
S21401464001A901F007FFE8E7204601A916F016FACE
S214014650E3E70025084E019B3BB1204656F8043B94
S21401466001A9013598470E2DF5D101A81AF009FECA
S214014670D3E700BF5C2500208403030007B500F0E4
S21401468013F920B103B05DF804EBFFF7ABBF00F000
S21401469017F9019018B1054B1B681BB1984703B079
S2140146A05DF804FB01A81AF0ECFDF8E75825002098
S2140146B0024610B1022804D07047032102481AF0BE
S2140146C0D1BCFFF7DBBF00BF80250020024B1A7864
S2140146D0024B53F8223018475C250020BC03030028
S2140146E010B504460120FFF7F1FF034B00201C70B4
S2140146F0BDE81040FFF7EABF5C25002010B5044670
S214014700062142F2050016F041F82368C0F803308E
S214014710A388A0F807300648F9F774FF16F07AF870
S214014720407920B116F076F8407940F4805010BDFB
S2140147302385020010B5044606214FF6284016F0E0
S21401474025F82368C0F80330A388A0F80730064888
S214014750F9F758FF16F05EF8407920B116F05AF8CE
S214014760407940F4805010BD01E7000038B5054699
S2140147700C4669B9022142F21B0016F007F8B5F89B
S2140147806E30A0F803300D48BDE83840F9F73ABF5F
S214014790122142F21A0015F0F9FF2146B5F86E30E3
S2140147A0053020F8023C04F1100351F8042B99421D
S2140147B040F8042BF9D10248E6E700BF6D870200F6
S2140147C0A987020001481AF07ABD00BF6C250020B7
S2140147D040F6FF732DE9F3410D46B0F86E100192D5
S2140147E0994205D101A81AF04CFD02B0BDE8F0814E
S2140147F01146134601229BBB1E481AF029FEFFF7FD
S214014800E1FF04460028F0D01AF0C0FD63790746A0
S21401481003F001086FF30003637104212046A668C4
S2140148201AF0F7FE4379044668F300034371DB434D
S2140148308179B6F86E200C31866003F0010362546C
S214014840C2F30322084442EA03124270478022461A
S2140148503046294616F017F92046F9F7E7FECEE767
S2140148605C79986024F0030414435C7100221B6891
S214014870C1E700BF6C25002070B50546064C2068D0
S21401488000B970BD8368AB4204D1066810F024F805
S2140148902660F4E70446F2E76C250020014601484D
S2140148A01AF0D6BD7025002001481AF008BD00BFD9
S2140148B070250020014601481AF0CABD682500206F
S2140148C0034BD86818B103F10C001AF0F8BC704716
S2140148D05C250020044BDA6822B95869003818BFF5
S2140148E001207047012070475C2500200138C0B2C6
S2140148F00A289ABF014B185C00207047C4030300C6
S21401490007B506481AF0DBFC042101900DEB010007
S2140149101AF0B7FD019803B05DF804FB842500206A
S214014920F7B5186810F0020003D0164E316811B9B9
S214014930012003B0F0BD0024042223460DEB020043
S21401494001941AF094FCBDF80630DB0702D4FFF799
S214014950D7FF044600250C4F57F8043B23B12146E8
S214014960BDF80400984748B13368002BE0D0074BE8
S214014970022193F900000FF083FCD9E70135062DDB
S214014980EAD1F1E78425002088250020FD2B0020B0
S21401499010B509480FF064FC0024084B084918704C
S2140149A020200C600FF0E2FF064BC3E90044C3E988
S2140149B00244C3E9044410BD600B0020FD2B002017
S2140149C0842500208825002013B5C37A0093B0F80B
S2140149D00930D0F80520D0F80110007801F0B4FABB
S2140149E00446034800F08EFD848002B010BD00BF6F
S2140149F020020403FF2337B50DF107008DF80730B9
S214014A0001F010FB044604489DF8075000F07AFDBB
S214014A108480857103B030BD2003040138B54B791D
S214014A2005465B070C460CD414212046054A16F0B1
S214014A302BF82046217916F0D8F810B9A3791C4432
S214014A40257438BDEC030300837810B5132B0C4690
S214014A5008D1054B1B6803B198472046BDE81040B6
S214014A601AF00FBC10BD00BFA025002010B5002114
S214014A700446007815F044FF48B16178207816F0B6
S214014A80C4FB0446034800F03DFD848010BD0224AB
S214014A90F8E700BF2002560110B54178007801F012
S214014AA091FA0446024800F02DFD848010BD00BF37
S214014AB0200256022DE9F74FB0F802C006461CF058
S214014AC0100F1C460C9F9DF934A0DDF838B033D08A
S214014AD05FFA8CF51CF0080F184614BF05F00805A0
S214014AE005F00F0516F07DFC8146384616F079FC78
S214014AF096F90F3080465A4604211348019376787A
S214014B0016F007F9019BA0B105712268C0F80520CF
S214014B10A28880F80B90A0F8092080F80CA04373B7
S214014B2086733B68C0F80F30BB8880F81580A0F804
S214014B30133003B0BDE8F08FCDE90DAB0C9703B091
S214014B40BDE8F04F15F089BF28040300002110B519
S214014B50421D0379044608461AF082FE024648B111
S214014B606188208815F013FC0446034800F0CAFC4F
S214014B70848010BD1A24F8E720020A0208B5064907
S214014B8006481AF077FA064906481AF073FA0648F4
S214014B900FF0E0FF002008BD780B0020A8250020BC
S214014BA0880B0020A4250020700B0020014815F07A
S214014BB0E2BF00BF1C0B002030B5114B0D469942D9
S214014BC0144685B019D193000FD503A902A80FF09A
S214014BD06DFD08230193039BE1B200930022284652
S214014BE0029B41F000511AF028FA064816F05BF8CD
S214014BF000B10471012005B030BD0020FBE700BF05
S214014C00A42500209C04030022F00042B2F1A04F2C
S214014C1008B504D1034816F046F8012008BD002067
S214014C20FCE700BFA004030070B5FFF7BFFF90B11B
S214014C30FEF750FF002604462046FEF7AFFF054666
S214014C40064800F05FFC86802268C0F80620A2882D
S214014C500573428170BD0226014CEDE7200901155E
S214014C607804030000200A4B10B5187100F012FDFD
S214014C7004463CB901F026FBBDE81040054906484C
S214014C801AF01CBA204616F094FB6468F1E700BFE0
S214014C90022B0020980B00208025002070B50020F4
S214014CA000F0F8FC01260446074D04B970BD94F8DF
S214014CB0723033B12E7115F0DBFE1321204616F04B
S214014CC074FB6468F1E700BF022B002038B50023AF
S214014CD0094C2360A38003682360207816F061FBEB
S214014CE0054630B9054806491AF0C4F9608801F04E
S214014CF0FFFA284638BD00BF022B00208025002081
S214014D00980B002022F00042B2F5887F2DE9F0478B
S214014D101C4600F0E5800ED840F203139A423CD0C0
S214014D2040F209139A4200F0C5800E2A00F0B680C0
S214014D300020BDE8F08740F207239A424AD0B2F538
S214014D40037F59D040F206239A42F1D120684C30B5
S214014D50FEF724FF25680746664895F8736095F8C0
S214014D6070A095F9759095F87680A48815F09BFF4C
S214014D700028DDD0EB6C4360B5F8503087720381B4
S214014D80731E5E425E41C67280F80CA080F80D90DC
S214014D9080F80E80A0F80F40CAE7207800F06CFC7F
S214014DA00028C5D0544894F80090B4F80280A7882B
S214014DB0E688257A648915F076FF0028B8D080F851
S214014DC00490A0F80580A0F80770A0F80960C572E5
S214014DD08481ADE7207800F04FFC0028A8D06078E9
S214014DE02578FFF783FD0446444815F05CFF00284C
S214014DF09ED0057144719BE7A578012D1ED0022D2A
S214014E002DD0CDB9E37894F80080023BDBB2022BBB
S214014E108CBF01253A4A94F90470667998BFD55C2F
S214014E2094F90640374815F03EFF28B180F8048013
S214014E3045718771C671047201207AE7E37894F8A8
S214014E400080023BDBB2022B98BF2D4A94F9047016
S214014E50667998BFD55C94F906402B48E3E7E3787A
S214014E602A48023BDBB2022B94BF254A012594F85F
S214014E700180277898BFD55C94F90490667994F9F7
S214014E80064015F010FF0028D6D0A0F804808771E0
S214014E90C57180F8089046728472CDE723460822D1
S214014EA0002113F8014B1A4815F00EFF0028C3D055
S214014EB00471C1E7174894F800806788A688E588DA
S214014EC0248915F0F0FE0028B6D080F80480A0F8FA
S214014ED00570A0F80760A0F80950A0F80B40ABE7F2
S214014EE00D481C7815F0DFFE00283FF421AF047151
S214014EF01EE700BFE8040300E4040300DC0403002B
S214014F00A4040300D4040300D0040300D80403005F
S214014F10CC040300C8040300E004030070B5144683
S214014F2006460D46204614210A4A15F0ADFD2046D8
S214014F30217915F05AFE58B9A3790C331C44064B57
S214014F40A6711B79A5801BB1BDE8704015F091BD17
S214014F5070BD00BFC4040300022B0020024B0020DA
S214014F601A68024B5A607047AC2300201C0B0020C5
S214014F7010B5FDF747FE044630B9044815F0D1FDDB
S214014F80044608B9FDF76EFF204610BD1C0B002035
S214014F9073B51C4640F20A6322F000429A4208D8D2
S214014FA0B2F5C06F08D8042A49D00D2A4FD0032A7B
S214014FB01ED0002002B070BD6FF4C0631A44092AE7
S214014FC0F7D801A353F822F0B35001006150010055
S214014FD08550010095500100AB500100B34F010010
S214014FE0CB500100E1500100015101004D5101007B
S214014FF001A8F3F7AFFD5748BDF8044015F053FE7E
S2140150000028D6D000234371C3714372C372037361
S21401501043738373C3732623072283746FF0480395
S2140150200271C37401226FF040038271027203752C
S2140150306FF00B025123827204824375B9E746482A
S214015040246815F030FE0028B3D08480B1E72346EB
S2140150500422002153F8044B404815F035FEF2E7D0
S214015060207800F009FB0028A3D03D48267894F963
S2140150700150A47815F017FE00289AD006714571E4
S214015080847196E72478374815F00DFE002890D0F5
S21401509004718EE725783448646815F004FE00280C
S2140150A087D00571C0F8054083E725782F486468E6
S2140150B0F3E72F482578646815F0F5FD00283FF4DE
S2140150C078AF0571A0F8054073E72A48257864682B
S2140150D015F0E9FD00283FF46CAF0571447168E7EF
S2140150E0637825480D2B96BF244A0125D55C247884
S2140150F015F0D9FD00283FF45CAF0471457158E7FF
S214015100637800210D2B98BF1C4A1D4898BFD55CBB
S2140151106368A27888BF0125267815F0D5FD08B109
S214015120067145716378012B3FF643AF8DF8043065
S21401513001220021124801AB247815F0C5FD002894
S2140151403FF437AF01230471437132E724780D48E9
S2140151509AE700BF2C050300240503002805030079
S21401516010050300180503001C05030014050300C1
S2140151700C0503000805030004050300EC04030006
S21401518000050300FC04030014220021014819F065
S2140151900FBD00BFAC25002070B5054610F04BF8DA
S2140151A01A4C064663795B070ED414212046184A2A
S2140151B015F06AFC2046217915F017FD20B130461E
S2140151C0BDE8704010F03DB8A3790C3323442DB9E7
S2140151D01A79FF2AF3D001321A71F0E7012D05D1B1
S2140151E05A79FF2AEBD001325A71E8E7022D05D130
S2140151F09A79FF2AE3D001329A71E0E7032DDED1D6
S214015200DA79FF2A1CBF0132DA71D8E7AC25002013
S21401521020050300042828BF0020014B185C7047B6
S2140152203005030038B50546084800F0E7F804469F
S21401523048B900F039F904461DB1054B1B689B7946
S2140152402B7000F049F9204638BD00BF3C0503002D
S214015250C82500202DE9F84380460D480F4616461E
S2140152601D469DF8209000F0C9F878B9094B1C68D6
S21401527084F80480C4F80570C4F80960A4F80D50D9
S21401528084F80F90BDE8F84315F080BCBDE8F883BC
S21401529034050300CC25002038B5054606480C46E3
S2140152A000F0ACF838B9054B1B681D715C71BDE8A0
S2140152B0384015F06BBC38BD4C050300CC250020EA
S2140152C038B5054606480C4600F098F838B9054B3F
S2140152D01B681D715C71BDE8384015F057BC38BDC0
S2140152E044050300CC25002038B505460C46074882
S2140152F0012100F093F838B9054B1B689D80DC80CE
S214015300BDE8384015F042BC38BD00BF5405030067
S214015310CC25002070B505460B480E4600F06EF809
S214015320044678B900F0C0F8084B04461B6825B15E
S214015330D3F806202A605A89AA800EB11B7B3370E7
S21401534000F0CAF8204670BD5C050300C8250020A1
S214015350044A0346106810B102789A4200D1704799
S2140153600069F8E7C425002008B515F0D8FBFFF75B
S2140153700BFF0022014B1A6008BD00BFC4250020A8
S21401538038B5104D0446104A28461AF0C3FA4FF4B1
S2140153908270A0470D4B01461860287818B14FF46B
S2140153A082721AF0BAFA4FF48270A047084B01468F
S2140153B01860287828B1BDE838404FF482721AF098
S2140153C0ACBA38BDFE2B002064050300CC250020B6
S2140153D0C8250020084A136833B94178036141F0B3
S2140153E00101417010607047197802789142FAD035
S2140153F003F110021B69EFE7C425002010B504462F
S21401540018F053F828B9034B22681C60024B1B683E
S2140154101A6010BDC0250020CC2500202DE9F84FCC
S214015420046898464FEA042A0AF4E06AC4F307239C
S2140154304AEA030A0AEB0209B9F5807F83460F465A
S214015440154603D91D263046BDE8F88F18F02DF80D
S21401545006460028F7D1124B24F47F44C3F800B067
S21401546024F0C7040F4B44EA19244FEA09291B68A4
S2140154701FFA89F944EA090443F8044B53442A46BF
S2140154804146184619F09FFB012F04D1FF2DD9D8AC
S21401549000F8015CD7E7022F08BF20F8025CD2E7CC
S2140154A0C0250020CC25002008B5074B1A68074BFD
S2140154B052F8040B1968064B49681B689847054B58
S2140154C01B68988808BD00BFCC250020C025002099
S2140154D0A80B0020C82500200022024B1A6017F0F6
S2140154E0E6BF00BFC0250020054B186808B1C36899
S2140154F01BB1003818BF012070470069F6E700BFEE
S214015500C425002010B5034C23681860FDF7E8FC9D
S214015510206810BDC8250020F8B504460D46014692
S2140155200020174615F0FCFAF2F706FF194E78BB75
S214015530194B1B681C603368187058709870D870C7
S214015540204615F0C7FA18B165B94368220E2BB983
S2140155500F250DE05979914204D008331D68002DBE
S214015560F8D1F5E73846A84733681B684BB90125DB
S21401557024F47F4020F0C70040F40070FFF7C2FF1C
S21401558085803268012052F8041B15F0C9FAF8BD6F
S2140155901425EDE7C8250020CC2500204022094B24
S2140155A083F8212383F8222383F8232383F82623F1
S2140155B083F8252383F8202383F82423502283F8B5
S2140155C0222C704700E100E0044BD86910F48050AB
S2140155D01CBF186A00F00100704700BF0080E00F92
S2140155E070B504460D461B4A13686BB393F87D10DD
S2140155F0586811F0040129D110608C22184693F8DE
S214015600706019F0D5FA034680F870602268C0F819
S2140156105A20A288A0F85E20A27980F86020286827
S214015620D864AA79A98883F85220FF2283F87520C6
S21401563083F8762040F6FF72A3F86E20064AA3F898
S2140156405010116813605960184670BD1A1D034644
S214015650CBE700BFD4250020D0250020054A03460D
S214015660106800B97047B0F86E209A42FAD04068C8
S214015670F7E700BFD0250020054A0346106800B9A9
S214015680704790F870209A42FAD04068F7E700BF5A
S214015690D025002010B9024B186870474068704743
S2140156A0D02500200023114A2DE9F0418C211360FA
S2140156B08046024601200FF00DF8044620B9054643
S2140156C00B4E3060A84502D82046BDE8F081012087
S2140156D00FF07EF807468C220021013519F068FA92
S2140156E087F8705037603E1DECE700BFD0250020DC
S2140156F0D4250020012310B58B4090F87110044684
S21401570021EA030149B280F87110002949D115F048
S214015710B9F9204617F06AFA102104F118001AF0B8
S214015720C2F82046FFF7A8F804F1380019F0A9FDE1
S214015730204617F0C0F9214A13681BB19C425968EC
S21401574030D11160A36859050BD51A0509D443F465
S2140157500063A18994F87000A36004F17802FFF752
S214015760DDFB00232046636019F0ACFC15F018FB46
S2140157704FF48072B2FBF0F2424394F87030034467
S214015780B3FBF2F102FB1133DBB2591EC9B2FD299C
S214015790F5D884F8703000236360094B1A6852B953
S2140157A01C6010BD1A465B68002BCBD09C42F9D119
S2140157B063685360C6E7131D5268F0E7D0250020E2
S2140157C0D425002010B5084C206830B9BDE810403B
S2140157D0064B186001200EF0CBBF436890F871109D
S2140157E02360FFF787FFEFE7D0250020D4250020B0
S2140157F090F8743003F00B03013BDBB20A2B9ABF1F
S214015800014AD05C00207047720503001FB50146AF
S21401581090F870308DF80430FFF7EAFFB1F8623087
S2140158208DF80C00ADF80630B1F8643001AAADF879
S2140158300A30B1F866300748ADF80830B1F86C3078
S21401584040F20311ADF80E3019F050FC05B05DF8CA
S21401585004FB00BF8025002007B590F870308DF856
S214015860051001AA40F2072103488DF8043019F00B
S2140158703DFC03B05DF804FB8025002038B50A4BDB
S21401588004461B680D462BB143699B0702D515F0EC
S214015890E4FD30B12A4620680421BDE8384017F0FF
S2140158A0B8B8A3699D6138BDD8250020014B1860A2
S2140158B0704700BFD8250020024B1868003818BF73
S2140158C001207047D825002013B50446019120B960
S2140158D001A819F0D6FC212012E008460029FAD0CA
S2140158E019F054FD80B20028F2D0094B20461B68FF
S2140158F001994BB1984728B920460199FEF798F9C6
S21401590002B010BD0020FBE716F0C2FAF3E700BFB5
S214015910D825002038B5436A0446590415D4134ADD
S21401592003F4004392F82B20012A0FD1826A9204D5
S2140159300CD4002B01460CBF5320142014F05CFB42
S21401594018B9636A43F00803636238BD002BFCD1C3
S214015950074D20462946FEF729F90028F5D1286883
S214015960AA88AB792060A280A371EAE70825002007
S214015970172500202DE9F041164D85F82A0038B389
S21401598000EBC000C1000023012204200EF0A2FE9D
S214015990044650B904200EF01BFF4827A046286095
S2140159A095F82A30A34203DC00242046BDE8F081A6
S2140159B02E68142207FB04660021C6F8188006F13B
S2140159C0340019F0F5F8304615F061FB0134E7E7CD
S2140159D02860E9E708250020074B93F82A20824231
S2140159E081BF1B6800EBC00003EBC003586A8CBF85
S2140159F000F00100002070470825002008B5014688
S214015A00FFF7EAFF40B1054B01EBC1011B6803EB51
S214015A10C103586AC0F3C02008BD00BF0825002096
S214015A202DE9F04F0746384A93B0106851680FAB1E
S214015A3003C39068354A1860146807EBC70304EB84
S214015A40C304E37B12AA02EB430333F80C1C636A1C
S214015A5094F82E80DA0494F82F6047D40126B046D5
S214015A6041F0100194F80D90C3F3404A5B0348BF20
S214015A704AF0020A8BB289F00809B8F1010F94F8CE
S214015A8031500B9304F1070BD4E90723C9F3C0097E
S214015A9094F9324009D0B8F1020F06D0B8F1040FDC
S214015AA014BF4FF000084FF00308012E05D0022E58
S214015AB003D0042E14BF002603263846CDE90C2356
S214015AC0FFF79CFFDDE90C230121CDE90760CDE955
S214015AD000513846CDE90548CDE903BA0B99CDF812
S214015AE0089001F05BFB13B0BDE8F08FA26A950643
S214015AF048BF41F02001500648BF41F04001DA039B
S214015B0048BF41F00401ADE77E05030008250020EB
S214015B10002170B50B4B93F82A601C688E4202DC9C
S214015B20FF25284670BDCDB22846FFF755FF28B1A0
S214015B30E37B012B02D1636ADB06F2D401314834E0
S214015B40ECE700BF08250020014B93F82A007047B8
S214015B500825002070B504461546FFF73DFFB8B18D
S214015B600E4A04EBC4041368E60003EBC4035B6A45
S214015B7013F010040FD0C3F300330B7013683344D3
S214015B80DB7B5A1E042A04D8033B18BF01232B7063
S214015B9070BD0023FBE72046FAE700BF082500207A
S214015BA03F4A70B5146800EBC00304EBC304636A94
S214015BB006465B0704D500231A46194601F0D0FBBA
S214015BC0636A9D0706D53046FFF72AFF636A23F00E
S214015BD002036362636A18070CD5A2792146304630
S214015BE0C2F3C00201F05AFB0546E8B9636A23F026
S214015BF008036362304615F0FFFB0546A0B9626AEA
S214015C00D10611D5D30404D5304614F0F3F940B1CA
S214015C101BE01206E37B09D4E37B626A023B012B9D
S214015C2015D9616A48071FD4284670BD03F0FB03E7
S214015C30012BF6D03046216901F056FB636A2561D7
S214015C4023F0800363620028E6D00546ECE7D3051F
S214015C50E7D53046616901F065FB00236361636A3D
S214015C6023F480736362D2E7E37BA28D012B03D119
S214015C70A2B1802A28BF802211F0400F94F830305C
S214015C804FF0010118BF0123304601F069FB0028DF
S214015C90DBD1636A23F004036362C5E74022EBE7C6
S214015CA0082500202DE9F04100244827104D95F8DD
S214015CB02A30A34201DCBDE8F081E6B23046FFF7A8
S214015CC08BFE98B107FB04F828684044436ADA065D
S214015CD00CD55B040AD4FFF71DFE2B6830464344FF
S214015CE05A6A42F006025A62FFF75AFF0134DEE7AB
S214015CF0082500202DE9F04FDFF8489200EBC0039D
S214015D00D9F8004089B004EBC30404F1100A8046B8
S214015D1050460E46174619F0B4FA04F11403184615
S214015D20029319F0AEFA002019F06FFC0546002820
S214015D3000F00381012F40F2726718BF1F27012E62
S214015D40A6735CD0022E0CBF062604260221284626
S214015D5015F0C1F90121284615F0BDF9314628464E
S214015D6015F0B9F9284619F011FB012386B2B91BC3
S214015D700A22009389B242F60723284615F0FBF95A
S214015D8004230644B6B2B91B0093122242F604233A
S214015D90284689B215F0EFF90644B6B2BB1B012BB3
S214015DA0069503932DDC002399F82B20002A00F09A
S214015DB0A480504619F065FA636A256143F08002B3
S214015DC06262DB0400F1AB8099F82B00002840F0FA
S214015DD0A68019F01AFC0790002800F0A08039462A
S214015DE015F084F9002800F0A4800298079D19F0A8
S214015DF048FA636A656143F4807363628FE005263F
S214015E00A4E7002019F001FC07900028CBD0BB1EA8
S214015E109B1B02211FFA83FB01F01CF883450646F3
S214015E2011D22BF001018AB2411A07A8049219F087
S214015E304FFB049A164602223EB90798F0B907A806
S214015E4019F01FFAAFE70322F6E7711C0698C9B2EC
S214015E50049215F040F9049A0698114615F03BF99C
S214015E60079906A819F0ADFB002019F0CEFB0790A4
S214015E70002836D0ABEB06031FFA83FB5B46022BEA
S214015E8038BF02239A1E92B20F2A31D910210492EA
S214015E9000F0E0FF049A034682421FD222F00F016F
S214015EA08AB29346411A07A819F012FB5B460622EE
S214015EB0591C0698C9B20493059215F00CF9059A77
S214015EC00698114615F007F9079906A819F079FB07
S214015ED0049BB21C13449BB23EB965E740B107224E
S214015EE0E6E707A819F0CDF9334602339BB25BE724
S214015EF007A819F0C6F93346EEE7039A2846D11AE1
S214015F0089B215F0F3F80646504619F0BAF9636AF5
S214015F10256143F080026262002E3FF452AF606A50
S214015F2010F010000AD0404609B0BDE8F04FFFF768
S214015F3037BE07A819F0A5F9F1E71A2009B0BDE8A0
S214015F40F08F00BF0825002070B5054614461E4692
S214015F50FFF742FD30B3144B05EBC505186800EB9F
S214015F60C500426A93050BD44FF6DF73A1F12005F5
S214015F709D4217D8A4F120059D4213D8A14211D8FD
S214015F80C3698B4202D1036AA34204D0C0E9071455
S214015F9042F0020242629DF81030868580F8303069
S214015FA0002070BD2120FCE708250020044A00EBF4
S214015FB0C003116801EBC301CA7B15F035B900BFF8
S214015FC008250020F8B505460C46FFF705FD28B361
S214015FD0052923D8124E05EBC5023368D70003EB1B
S214015FE0C203186919F0D2F91F2817D833683B4441
S214015FF0586919F0CBF91F2810D8012C0ED0231F91
S214016000012B0BD93168224639444B6A284623F4C2
S21401601082534B62BDE8F84015F006B92120F8BD61
S21401602008250020002270B50546114890F82A4040
S2140160300368944201DC1A2016E0596ACE0714D48C
S21401604093F83960760710D4D0F80F00094C186021
S214016050A688A07941F00901D4B298719E802046A5
S2140160605962FFF7DDFC2C7070BD01324833E0E762
S214016070082500201725002070B5FFF749FDFF28E9
S214016080044615D00B4D03B2286803EBC30300EB9F
S214016090C300DE00436A23F01003436214F0EDFFF1
S2140160A02968204631443431BDE87040FEF7B6BC5D
S2140160B070BD00BF0825002083782DE9F041122B22
S2140160C00F464BD10B689A790C321344DD781E7952
S2140160D00DB145F480553046FFF77EFC48B3DFF836
S2140160E0808006EBC604D8F80020E10002EBC40469
S2140160F0636A23F01003636205BB40F20320A369C1
S214016100A56183F87660A3F872005058A188A27939
S214016110C3F85A00A3F85E10184683F8602008F109
S2140161202E0100F009F92222294608F12E0018F066
S2140161303FFD3846BDE8F04119F0A3B8204614F0FB
S2140161409CFF636A5A0603D523F040036362F0E7B7
S214016150304604F13401FEF761FCEAE7BDE8F08160
S2140161600825002073B5144D144C6A68236802F0A4
S214016170800103F002030B431BD053064CBF0126DC
S214016180A67AFDF7ABFC0196837983F00803C3F387
S214016190C0030093E388A288217A607A00F0BAFFF0
S2140161A040B9236823F0020323606B6823F0800361
S2140161B06B60002002B070BD08250020DC250020A1
S2140161C001210020054BA3F10802C3E9000043F8B2
S2140161D0081C4FF01013517253607047E4250020DD
S2140161E0014B187B704700BFDC250020024BD87A94
S2140161F0003818BF01207047DC25002070B5224EFC
S214016200716811F002013AD1204D2B68580706D566
S214016210084600F0A5FF2B6823F004032B602B68CB
S214016220726803F0080302F00402134310D0FDF76E
S21401623055FC83791A071FD5FEF77CFA0446C8B9C0
S2140162402B6823F008032B60736823F00403736044
S214016250FFF788FF044668B9EB7A5BB12B685B07EA
S21401626008D40121084600F07BFF50B92B6843F0A3
S21401627004032B60204670BDFEF740FADEE71124CA
S214016280F8E70446F6E700BF08250020DC250020D5
S214016290032805D10A4A136843F00803136008E08F
S2140162A0012808D1064BDA7A42B11A6842F0080290
S2140162B01A60FFF7A3BF10F0FD0FEBD00020704768
S2140162C0DC2500200020094B10B55862FFF7E2F9E3
S2140162D004461CB9BDE81040FFF774BA204641F2E7
S2140162E0160114F0DBFF6468F3E700BF0825002001
S2140162F0A0F11B03E02B10B5044618D8042142F286
S214016300240014F043FA6FF06F0343714223A0F8A0
S214016310034083710748F8F775F914F07BFA407962
S21401632020B114F077FA407940F4805010BD212056
S214016330FCE700BF0B89020037B504460D4614F092
S214016340D4FF6988204614F020FD6A7E2B7E204605
S21401635043EA0223A4F862306A7F2B7F43EA0223D2
S214016360A4F86430EA7EAB7E43EA0223A4F86630E2
S2140163701B23A4F86C302D4BDA8B1B8CA4F86820F9
S214016380A4F86A30022384F8723014F07AFB2046AF
S21401639016F007FC94F87330022B15D101F032F990
S2140163A070B194F9753001330AD105212046A368EE
S2140163B043F48053A36003B0BDE8304014F0F5BF4A
S2140163C00021204614F0E4FC0021204600F00CFADF
S2140163D04FF6FF73288C984225D000F0A5F900945B
S2140163E000F090F96A46ADF8040040F20621104824
S2140163F018F07CFE002240F20221204618F032FE00
S2140164002046FFF703FA204616F0D7FB204600F099
S21401641055FEA368012123F480432046A36014F0AF
S214016420CCFF03B030BD0020D9E700BF082500200F
S2140164308025002007B590F870304FF4887101AAC6
S21401644003488DF8043018F051FE03B05DF804FBE4
S214016450802500202DE9FF4103780446302B0E46A7
S21401646039D006D8052B25D0082B41D004B0BDE87D
S214016470F0813E2BFAD183780C2B4BD8022BF5D921
S214016480033B092BF2D801A252F823F0256501003F
S214016490896601006D6401006D64010021660100DA
S2140164A06D6401006D6401006D6401006D6401009E
S2140164B075660100B0F80300FFF7D0F828B16179DE
S2140164C009B141F4805114F0E9FE304604B0BDE84C
S2140164D0F04118F0D6BEB0F80300FFF7BFF8002869
S2140164E0F3D0A17809B141F4805114F030FFECE704
S2140164F0B0F80300FFF7B2F80028E6D0627990F80A
S214016500743022B143F0010380F87430E9E703F0F8
S214016510FE03F9E7212B00F0CC80292B1FD0202B7E
S214016520D3D0A3E78088FFF799F80028CDD0E2788A
S214016530002ACAD1E179A27942EA0122A0F86220B2
S214016540E17AA27A42EA0122A0F86420227A617AEC
S21401655042EA0122A0F86620FFF758F9B5E7C778A6
S214016560851C3C2F02D1FFF787FDAEE790F8068029
S214016570B8F1000F23D15F4A546AC2F82480CFB124
S2140165802946204647F4805714F0AFFEE76084F8AA
S214016590728040F20121204601AACDE9014718F098
S2140165A0A5FDA368414643F480632046A360FFF738
S2140165B0A1F88AE729462046FFF7BEFE85E74FF693
S2140165C0FF73408C984220D000F0AEF8E8B101A8E5
S2140165D0E27904F10801FDF7C7FA01A814F0D8FE24
S2140165E028B140F203222946A0F87220E4E70321ED
S2140165F040F2064014F0CAF8A388A0F803300D2331
S21401660043713D48F7F7FEFF5FE73C4B223455F8F0
S214016610042BA54243F8042BF9D12A881A8054E7A3
S214016620B0F80300FFF71AF800283FF44EAF40F227
S2140166300911B4F8053090F87020A0F86C308DF888
S2140166400420ADF80630227AE37943EA0223ADF856
S2140166500830A27A637A43EA0223ADF80A30227B35
S214016660E37A43EA0223ADF80C3001AA244818F075
S2140166703DFD2AE78088FEF7F1FF00283FF425AFAD
S214016680A179FFF7E9F820E78088FEF7E7FF002801
S2140166903FF41BAF90F870300E218DF80430D4F81B
S2140166A0063001AACDF80530D4F80A30CDF8093005
S2140166B0DCE78088FEF7D2FF00283FF406AF90F8AB
S2140166C070304FF403718DF80430E37801AA8DF829
S2140166D00530A3798DF80630E3798DF80730237AF3
S2140166E08DF80830637A8DF80930A37A8DF80A3070
S2140166F0BCE700BF08250020EF87020036250020F2
S2140167008025002050B10C22064B1B68C31AB3FB30
S214016710F2F3807A40EA032080B270474FF6FF70AA
S214016720704700BFAC0B0020024609490B7A096886
S214016730FF2B01D10020704703EB430301EB8300DD
S21401674031F82330C3F30B039342F4D0C37AEFE757
S214016750AC0B002008B5054B054A1978054819F019
S214016760D9F8F722044B1A8008BD00BF6B2C002015
S2140167708A050300FF2B0020080D002010B50446F3
S21401678070B30068836CA34222D163688364224697
S214016790144918F073FC04F10C0018F093FC04F192
S2140167A0440018F06EFDFFF787F858B1A06948B1AC
S2140167B0143018F066FDA069183018F062FDA06963
S2140167C00EF018FA2046BDE810400EF013BA134634
S2140167D0002BDCD05A68A242F9D162685A60D6E72B
S2140167E010BD00BFEBB40200F8B5054648200E46C2
S2140167F019F095F8294F0446387818B148222146F1
S21401680019F08BF88CB1FFF757F898B11C2019F0E6
S21401681086F80146A061387810B11C2219F07DF87F
S214016820A3692BB920460EF0E5F900242046F8BDF1
S21401683000221A700321284614F0AAFAAB6C2246ED
S2140168406360AC64172326810026638114492846B9
S2140168502560267766640DF0B1FE04F0F3FB324640
S214016860014604F10C000DF0A9FE02232374FFF784
S21401687023F80028DAD00B4B19881729D6D92046D9
S21401688014F013FB0028D1D11221204614F0F2FD9A
S214016890636943F002036361C8E700BFFF2B002072
S2140168A0EBB40200080D0020F8B5054610B3002928
S2140168B020DB114C2468247E8C421BDD3F2919DC29
S2140168C0032701F0030600EBA10191F831407600A1
S2140168D0B74002F0030224EA0704B240224381F8DB
S2140168E0312013B1002114F079FE2846BDE8F840A6
S2140168F014F0D1BEF8BD00BFF425002070B51646D1
S21401690000221A7032800A7A0D46072A4DD8DFE82F
S21401691002F004090D111A1E304AE86830F8023BED
S214016920338043E0EB68981D5B88F9E7EB68981DB8
S2140169309B88F5E7697B14F09EFE02221C4B1880AB
S2140169401846328032E002231A4833802EE01A4C71
S2140169502B7BE88923702B88E11C013363702B881D
S21401696001331B12A37000F0DBF9033030802046A0
S2140169701CE0124CA889EB89020AA3701B0A20703E
S2140169806270E37000F040FA58B1C3681A88022AB0
S21401699007D19A782271DB78637106230748338022
S2140169A004E00423FAE780221A70002070BD00BFBD
S2140169B0192C00209A050300062C0020002C00202C
S2140169C0054A064B1860136843F001031360828B77
S2140169D0034B1A80704700BFEC250020F4250020E9
S2140169E0082B002000232DE9F04FDFF8C09191B06D
S2140169F0D9F80070054617F00807CDE90633CDE94A
S214016A0008330AD0664B03F1100253F8041B934275
S214016A1045F8041BF9D1002011E00320F2F7FAFD36
S214016A2018F07DFF804648B10620F2F7F3FD18F016
S214016A3076FF064630B940460EF0DCF81A2011B053
S214016A40BDE8F08FCDE90477F5F7D4FD044668B1CB
S214016A5040460EF0CFF830460EF0CCF840F2074034
S214016A60214600F073FE40F20740E8E74FF4A052DB
S214016A704C4BC6E90323F369002B42D14FF4105364
S214016A803380802310227380304604AB06A90FF0B2
S214016A90C8FE0446A0B94046424A04990FF09FFF3B
S214016AA0044668B98346404BBAB21B68D9889142FE
S214016AB02FD810222946404605AB0FF0AEFF0446FC
S214016AC040460FF016FF40460EF094F8304610F0A0
S214016AD006F930460EF08EF804980FF0A3FD002C50
S214016AE0BCD12F4B05F1100255F8041B954243F813
S214016AF0041BF9D1D9F8003043F00803C9F8003077
S214016B0089E73B463A464FF41051304610F0F3F809
S214016B10B7E71A68BCB2210102EB04142046ADF8AF
S214016B200EB00191009215F09EF98246204600F0C3
S214016B303FF930B3DDE90021AAF5205080B20328E1
S214016B4002D9BAF5245F1ED1525A00202146ADF86B
S214016B5028200DF10D030DF10E02ADF82AA0FFF766
S214016B60CDFEBDF80E2001460BA818F02CF8BDF896
S214016B700E20404604320AA90FF034FF04460028CE
S214016B809ED101378FE70AF55640FF3080B20428C0
S214016B90F7D8525AADF82AA0ADF82820E7E700BF8B
S214016BA01B2C00200002C003F4250020EC25002049
S214016BB0134B01461B6870B513F0040306D0002280
S214016BC0104B1C68E38990B2834209D80E4A1468B8
S214016BD00022E58990B2854209D84FF6FF7005E09C
S214016BE0A56835F8125001328D42ECD170BDA66809
S214016BF036F8126001328E42ECD1034498B2F5E7C2
S214016C00EC250020F0250020F4250020094B1B6808
S214016C105B070AD5084B1A68D389834203D9936860
S214016C2033F810007047C01A80B2044B1B689B688B
S214016C30F6E700BFEC250020F0250020F425002013
S214016C4038B5046805460C222046084917F086FF29
S214016C5050B90222064904F10E0017F07FFF18B959
S214016C6002200C342C6038BD1020FCE79D05030083
S214016C70AB0503002DE9F743102801910BD002283C
S214016C8004D04FF6FF7003B0BDE8F083019B18886F
S214016C90FFF78EFFF7E701A8FFF7D2FF0228F5D02E
S214016CA01028EED11B4B019F1E6816F0040608D073
S214016CB00024194BD3F80080B8F81660A5B2AE428E
S214016CC01AD80025154BD3F80080B8F81690ACB248
S214016CD04C45D6D2D8F81000102200EB05103946E4
S214016CE017F03CFF01350028F1D1A0196FEA4040AA
S214016CF06FEA504080B2C6E7D8F81000102200EBC9
S214016D000410394617F02AFF01340028D6D145F47D
S214016D100040B8E7EC250020F0250020F4250020EF
S214016D20020408B51DD5124BC0F30E001B685B07A5
S214016D3013D5104B1A68D38A98420CD2136903EB09
S214016D40001000F1100350F8042B984241F8042B70
S214016D50F9D1102008BDC01A80B2074B1B681B6909
S214016D60EDE7FFF753FF0870000A48700220F1E7CD
S214016D70EC250020F0250020F425002070B50446FF
S214016D8042F60306094B1B681D68A5420AD2204637
S214016D9029B915F068F8B04206D1103402E015F0B2
S214016DA06CF808B1204670BD103CEEE7F4250020D3
S214016DB0437ADA0702D5C3F380007047034BC288D3
S214016DC01B881A4214BF012000207047082B0020A0
S214016DD00A4B1B68DB0708D570B1094B1B68DB88BB
S214016DE0834234BF00200120704728B1054B1B8821
S214016DF0834294BF00200120704700BFEC2500208D
S214016E00F42500200A2B002070B50246FFF7E0FFAC
S214016E10E8B10F4B1968CD88954209D302F180502D
S214016E200B680138040103EB00101B5B93420ED084
S214016E30002398B2854201D8002008E00E681C01A4
S214016E40345B06EB0310944203F10103F1D170BDEC
S214016E50F42500202DE9F34100250E46A846174FDC
S214016E6001903A68ABB2D18899421DD91468ABB289
S214016E7004EB0314B4F90430002B1CDA2046FFF7A8
S214016E8097FFC0B1E1680B889E4214D13246019843
S214016E90023118F0B8FCE36882B21B88934207D02F
S214016EA0114601A818F014FB404602B0BDE8F08177
S214016EB043441FFA83F80135D3E700BFF4250020C9
S214016EC038B5124B04461B8842898B4228BF0B46B5
S214016ED0172BB8BF17231146438114F0A0FA636934
S214016EE023F002036361A3699D693DB1002229462F
S214016EF020469A61BDE83840FEF7C0BC40F2094121
S214016F00204614F0B4FAA3691D7038BD080D0020A0
S214016F100148FEF7CBBC00BF4DB0010008B500210B
S214016F2042F20E0013F032FCBDE808400148F7F7C4
S214016F3069BB00BFDB88020038B590F872300446A2
S214016F40032B154606D1FFF7E9FF0123002084F83D
S214016F50723019E0C9B9012B2DD9032140F2064040
S214016F6013F014FCB4F86E304571A0F803301348E2
S214016F70F7F748FB13F04EFC8378002BE5D013F0AF
S214016F8049FC807840F4805038BDA3B102214FF609
S214016F90044013F0FBFBB4F86E30A0F80330084849
S214016FA0F7F730FB13F036FC4379002BCDD013F006
S214016FB031FC4079E6E70220E6E700BFEF870200F2
S214016FC025880200F8B507460E4642F213000E2148
S214016FD015461C4613F0DAFBB7F86E30A0F80560CC
S214016FE0A0F80330BDF81830A0F80750A0F80B3011
S214016FF0BDF81C30A0F80940A0F80D30BDF82030CF
S214017000A0F80F300648F7F7FDFA13F003FC807876
S21401701020B113F0FFFB807840F48050F8BD00BF2C
S21401702067880200F8B507460D4642F219001C2192
S2140170301C46164613F0AAFBB7F86E300F3020F840
S2140170400C3C2B6804F1100240F80A3C6B6820F8EF
S214017050026C40F8063C234653F8041B934240F862
S214017060041BF9D10648F7F7CDFA13F0D3FB807865
S21401707020B113F0CFFB807840F48050F8BD00BFFC
S2140170801787020070B506460D4642F27A000421C3
S214017090144613F07BFBA0F8036045718471064823
S2140170A0F7F7B0FA13F0B6FB407920B113F0B2FB54
S2140170B0407940F4805070BD678C020010B50446DC
S2140170C0022142F2300013F061FBB4F86E30A0F8F2
S2140170D003300F48F7F796FA13F09CFB437963B930
S2140170E013F098FBC088FEF7B9FA044628B113F0EE
S2140170F091FB017A2046FEF7AFFB13F08BFB40793C
S21401710020B113F087FB407940F4805010BD00BFDA
S214017110BDE90000F8B507460E4642F241000821D7
S21401712015461C4613F032FB9DF818304771C370A4
S2140171309DF81C3086710371A0F80750A0F809402D
S2140171400648F7F75FFA13F065FB407920B113F0B4
S21401715061FB407940F48050F8BD00BF6DE6000049
S21401716038B505460C4642F24200062113F00EFBE6
S2140171700023C57043718371C3710372047106489D
S214017180F7F740FA13F046FB407920B113F042FBC3
S214017190407940F4805038BDC5E600002DE9F04145
S2140171A0154606460F4642F2360019211C46DDF802
S2140171B0248013F0EBFA2B0AC371230A83729DF81D
S2140171C01830857103739DF81C30447243739DF823
S2140171D020302D0C240CC67087800572C472837310
S2140171E0D8F80030C0F80F30B8F804308676A0F82A
S2140171F013309DF8283043759DF92C3083759DF822
S2140172003030C375002303769DF8343043769DF8FD
S2140172103830C3760648F7F7F5F913F0FBFA4079EC
S21401722020B113F0F7FA407940F48050BDE8F081C0
S21401723065E7000038B505460C464FF619400521AE
S21401724013F0A4FAC57044600648F7F7DBF913F0AB
S214017250E1FA407920B113F0DDFA407940F480502C
S21401726038BD00BFC384020038B505460C464FF64C
S2140172701A40052113F08AFAC57044600648F7F7EC
S214017280C1F913F0C7FA407920B113F0C3FA407977
S21401729040F4805038BD00BFF384020070B50D463F
S2140172A006460121DAB1FFF7C5FF0446A8B9072152
S2140172B042F2350013F06AFAC6702B684360AB8859
S2140172C003810848F7F79EF913F0A4FA437923B12E
S2140172D013F0A0FA447944F48054204670BDFFF7B9
S2140172E0C3FFE2E7838602000A4610B5042104467E
S2140172F042F2370013F05FFA032303710023C470D0
S214017300437183710648F7F77DF913F083FA4079E4
S21401731020B113F07FFA407940F4805010BD00BFD1
S214017320778502000A4610B50421044642F2380069
S21401733013F041FA032303710023C4704371837170
S2140173400648F7F75FF913F065FA407920B113F0B4
S21401735061FA407940F4805010BD00BFC385020039
S214017360F8B506460F4642F23900062114461D4678
S21401737013F00CFA01238471240A0371C770467155
S214017380C47105720648F7F73DF913F043FA4079E0
S21401739020B113F03FFA407940F48050F8BD00BFA9
S2140173A00F8602000148FDF7F7B800BFB173010070
S2140173B02DE9F04F867987B00C3605900546805B3F
S2140173C0C0F30B00FEF74AF9044618B905A817F0F2
S2140173D058FF4EE090F87230022BF7D1AB5B059A5E
S2140173E0C3F30B0103F44053B3F5805F9060A953D8
S2140173F042D153796FF300035371836B002BE5D0B1
S214017400042105A804F1380618F03BF83046059922
S21401741018F01EF8A06B002301465A1CA9BBDBB26C
S214017420012B01D918F085F8A06B17F0AFFF0328E0
S2140174301FD9D4F83890484699F8067017F0A6FF79
S2140174400C3709EB070539F80770A0F10408474522
S21401745022D9524FD4F838A007F1100957F804BBC7
S2140174605346424629462046D8474F4510D0002865
S214017470F4D007B0BDE8F08F383017F002FF059A58
S214017480537943F001035371BAE713460968C4E719
S2140174900028EED130469AE7A06B17F077FF043745
S2140174A08742F7D36988A1F140033F2B0BD804210B
S2140174B0304617F0E6FF2046A26B698815F0F3FA0E
S2140174C00023A363D5E705290BD0062961D004293B
S2140174D0E0D1304617F0D5FFA16BA06CFEF7F4F9AA
S2140174E0EEE72946204615F0DCFA02460028D1D1FF
S2140174F02B79122B06D0132B36D02046697915F03E
S214017500A8FAC7E794F87330022BF6D040F67A4013
S21401751029898B1F9BB2834224D86A89931F9BB209
S21401752083421FD891421DD8AB89B3F5FA7F19D291
S21401753040F6764CEF89A7F10A0080B2604511D873
S214017540B4F86A000290B4F86800CDE900702046ED
S214017550FFF738FD021E18BF01222046697915F093
S21401756034FA97E70122F8E794F87330012B03D138
S2140175702046697915F06DFAA3681A048AD523F4B2
S2140175800043A3602B89012B84D12046FEF752FFCE
S21401759080E72046A16B15F002FB91E7B0050300DA
S2140175A00C4B01461A789AB95B689B0710D490F980
S2140175B07520013218BF012291F8523013F04000B5
S2140175C005D091F8600010F0400018BFD0B27047A7
S2140175D00122F1E7F8250020024B586800F002006E
S2140175E0704700BFF8250020024B586800F00800DD
S2140175F0704700BFF8250020014B1B68184700BFE5
S214017600B80B002008B512F092FC022817BF034BF6
S2140176100020586800F0100008BD00BFF8250020C3
S21401762007B502460846042802F0010113D9B1B98C
S21401763003200C4B5A6002F08003019302F04003D2
S214017640009302F0200302F0040200F07FFB00200A
S21401765003B05DF804FB0029EBD00328E9D1212013
S214017660F6E700BFF825002038B50D490D480DF0A6
S214017670D1FA0446054688B90B4B0C4A1A600C4AE7
S2140176805A600C4A9A600C4ADA6000F09DFB0321AE
S21401769004462846FFF7C4FF084B1D70204638BD38
S2140176A0EFBEADDEBEBAFECAB80B0020417D0100BA
S2140176B01BCF02008D7D01006D880100F82500209A
S2140176C038B5044603200DF077FA0546D0B194F894
S2140176D07030037094F8753043702046FEF788F8D2
S2140176E02A46A87040F20261074817F0BBFC074B18
S2140176F02046DB680121984794F97500BDE83840BB
S214017700FBF75EBE38BD00BF80250020B80B002009
S21401771070B5054608200E460DF04EFA044680B1B7
S21401772095F8703000210370064B4660DB682846EA
S21401773098472246BDE8704040F20161024817F0C2
S21401774091BC70BDB80B00208025002038B50546D9
S21401775008200C460DF030FA024638B1C0E9005454
S214017760BDE838400D21024817F07CBC38BD00BF8B
S2140177708025002038B5054608200C460DF01CFA79
S214017780024650B195F8703040F2056103704460CE
S2140177900248BDE8384017F065BC38BD802500209A
S2140177A013B504460191114612B301A904200DF048
S2140177B041FA019B104A2046B3FBF2F102FB11335A
S2140177C045F218020021019301AB15F005FB0820D4
S2140177D00DF0F2F9024648B194F8703040F20461B7
S2140177E00370019B4360054817F03CFC02B010BDD6
S2140177F045F2180201ABE8E740420F008025002061
S21401780010B5044601200DF0D7F9024648B194F8A8
S214017810703040F203610370BDE81040014817F074
S21401782021BC10BD8025002038B5054608200C4631
S2140178300DF0C2F9024650B195F8703040F207617A
S214017840037044600248BDE8384017F00BBC38BDF1
S21401785080250020014B5B68184700BFB80B00204D
S21401786010B50446006C30B94FF4B07018F057F8F4
S214017870206420B910BD4FF4B07118F014F8FF233E
S214017880226C82F85E31A3681B0603D5054B0120E6
S2140178901360EFE794F87300034B0449012808BF0F
S2140178A00B46F4E7CDD30200818D0100F988010073
S2140178B010B50F4C2368D3B10022D3F8A0001A7775
S2140178C083F83D2083F85E200EF0ACFE206844214C
S2140178D0603017F0E8FF206821211D3017F0E3FF24
S2140178E020682121BDE810403E3017F0DCBF10BDF6
S2140178F000260020036C53B983681B0609D490F850
S2140179007320054B0548012A08BF184670471868BA
S21401791070470348704700BFF9880100818D010058
S214017920CDD302002DE9F0438BB006AC8846154650
S2140179300346264600F110072246186859680833A0
S21401794003C2BB421446F7D11021304617F09DFF03
S214017950002306200593F1F75DFE17F0E0FF0446CD
S21401796048B3DFF880904FF4807115F06AF94FF450
S2140179701051C0F8109015F03AFA80231027638052
S21401798005AB2846029332463B464946CDE9008779
S214017990F4F76AFD0546F0B93946404617F075FF1B
S2140179A03946304617F07FFF20460FF098F92046FB
S2140179B00DF020F90BE06FF08C0140F20740FFF765
S2140179C0C5FE1021304617F06EFF6FF08C05284675
S2140179D00BB0BDE8F083014640F20740FFF7B6FE64
S2140179E0DEE700BF0044400470B50E460446154667
S2140179F092B020223046434917F0B0F868B92022E9
S214017A002846414917F0AAF838B9404B1B681B7D38
S214017A10002B63D040F203401BE0246C202230464A
S214017A2004F1540117F09AF838B92022284604F1D7
S214017A30740117F093F80028ECD00620F1F7EAFD60
S214017A4017F06DFF044630B901461A20FFF77EFE97
S214017A501A2012B070BD00234FF48041009315F038
S214017A60F0F82B4B44F21211036115F0C0F94FF4F4
S214017A7080736380042330468DF8043006F12002BB
S214017A800DF1050350F8041B904243F8041BF9D18D
S214017A900DF10500202117F0F8FE28460DF125030B
S214017AA005F1200250F8041B904243F8041BF9D15B
S214017AB020210DF1250017F0E8FE01A96B464122B1
S214017AC020460EF0AEFE014650B920460FF007F9EB
S214017AD020460DF08FF800980EF0A4FD0020B8E7C0
S214017AE010F1870F03D040F20740FFF72FFE204624
S214017AF00FF0F5F820460DF07DF800980EF092FD97
S214017B0088E700BF7506030055060300002600201F
S214017B10000002092DE9F0439846002387B0044689
S214017B2006200E461746CDE90433F1F773FD17F02C
S214017B30F6FE054660B3DFF884904FF4805115F0E9
S214017B4080F84FF41051C0F8109015F050F98023CA
S214017B5021466B801022284604AB0EF062FE0446D6
S214017B6028BB05AB029310233246CDE90083494674
S214017B703B4604980EF082FF0446C0B904980EF006
S214017B8051FD28460FF0ABF828460DF033F80AE011
S214017B906FF08C0140F20740FFF7D8FD04980EF015
S214017BA041FD6FF08C04204607B0BDE8F083214606
S214017BB040F20740FFF7CAFDE0E700BF0002C0033E
S214017BC02DE9FF41044606208846F1F723FD17F00C
S214017BD0A6FE054648B901461A20FFF7B7FD6FF025
S214017BE08C04204604B0BDE8F0814FF4807115F096
S214017BF028F8184B4FF41051036115F0F8F8224697
S214017C006C46802327466B8002F1100326461068D7
S214017C105168083203C69A423446F7D110213846D5
S214017C2017F033FE43461022394628460EF0F9FD7A
S214017C30044620B1014640F20740FFF787FD1021B8
S214017C40384617F030FE28460FF049F828460CF063
S214017C50D1FFC6E700444004FF282DE9F74318BFCB
S214017C60344C814618BF44EA00244FF006000F4604
S214017C70164608BF304CF1F7CDFC17F050FE804693
S214017C80002852D0014620460EF0E0FC054640464C
S214017C900FF025F840460CF0ADFF15F1880F40D1E6
S214017CA0B9F1FF0F3FD10620F1F7B4FC17F037FE0C
S214017CB0044658B901461A20FFF748FD002005463C
S214017CC03C6006B1356003B0BDE8F08300231A4A74
S214017CD0019343688260DAB222B923F0FF0343F0CE
S214017CE001034360204640F2011114F0AAFF134B32
S214017CF04FF41051236115F07AF8802301A920462C
S214017D0063800EF02AFF014618B140F20740FFF7E4
S214017D101DFD20460EF0E3FF20460CF06BFF019C94
S214017D20CCE7002DCAD02120CBE71A206FF08C05B6
S214017D30C7E700BF06800400370004000044400483
S214017D40014B1B68187A704700260020003918BFBF
S214017D500121003B18BF012310B50B4C003A2468E3
S214017D6018BF0122A3749DF808302070003B18BF8D
S214017D700123E3749DF80C302174003B18BF0123E6
S214017D806274237510BD00BF0026002001280AD0AA
S214017D9002280ED098B90B4B1A68936943F0010379
S214017DA0002093617047074B1A68936943F00203FA
S214017DB0F6E7044B1A68936943F00403F0E72120C1
S214017DC0704700BF0026002010B5194C236833B950
S214017DD0A42017F0A4FD206038B91A2426E0FFF786
S214017DE067FDA421206817F05EFD03224FF0FF31E6
S214017DF0236810481A70D960002210211A77197268
S214017E0083F83D200C4983F85E201A829A749A61A1
S214017E100CF0D4FB044648B9F4F7ECFB30B122462B
S214017E200549044817F02AF940F20744204610BDD8
S214017E30002600200426002077CD02002DE9F0431D
S214017E4083680446590687B040F1B48023F04003A6
S214017E508360FFF74FFD734EB04203D0724B9842DA
S214017E6040F0AB8094F9758004F13409B8F1FF3F16
S214017E701DD112F05CF8022872D0636B04201A88B8
S214017E808DF808201A4632F8021B090A8DF80910E7
S214017E90D3F8023002A9CDF80A3053680A22CDF889
S214017EA00E30FBF71BFAB0F1FF3F804658D0A568AD
S214017EB015F4807554D10620F1F7ACFB17F02FFDB1
S214017EC0074698B901461A20FFF740FC204641F2C2
S214017ED00601FFF71DFC20460021FCF747FC04F1D4
S214017EE0340007B0BDE8F04314F098BF2046FFF712
S214017EF001FD864228D14D4D394645EA08252846DA
S214017F000EF0A4FB064638460EF0E9FE16F1880F81
S214017F101BD1474D394645EA082528460EF096FB03
S214017F20064638460EF0DBFE38460CF063FE9EB978
S214017F30606B2A4602A90A30FFF7F4FC78B31021D9
S214017F4002A817F0B0FCC1E72E462046FFF7D2FC88
S214017F50354B8342E8D1DCE7314640F20740B3E7D0
S214017F6094F87430DA0702D4A368DB05AED5002393
S214017F7001A904F118000193FFF722FE18B1019838
S214017F800EF050FBA2E7606B019A02A90A30FFF7D8
S214017F90C9FC054601980EF045FB002DCFD12046C1
S214017FA002A9FCF7E3FB02A8102117F07CFC484667
S214017FB014F034FF07B0BDE8F083636B1A88002A1B
S214017FC084D11C4A904203D01B4A90427FF47EAF74
S214017FD00022013313F8011F00297FF477AF013225
S214017FE0082AF7D1206C019100F5987001A9FFF7D6
S214017FF0E7FD0028C3D1606B019A02A90A30FFF79A
S21401800091FC054601980EF00DFB002D97D12046F8
S21401801002A9FCF7ABFB02A8102117F044FC04F1FF
S2140180203400C5E7818D0100F98801000580040050
S21401803003800400699A010099A9010038B5044635
S2140180400D460520022114F012FE0246C0B18379C6
S214018050062103445D73204614F0DBFC204645F4FC
S2140180609051FFF755FB94F87310064B064A2046CD
S214018070012914BF11461946BDE8384014F088BEE0
S21401808038BD00BFF9880100818D01002DE9F0435C
S214018090804693B006200F4616469946F1F7BAFA7F
S2140180A017F03DFC054648B901461A20FFF74EFB7E
S2140180B06FF08C04204613B0BDE8F0834FF4804186
S2140180C014F0BFFD5D4B47F21211036114F08FFEF1
S2140180D04FF480736B805A4B1A68137F022B21D1A1
S2140180E002F1600302F1800153F8040B8B4247F85A
S2140180F0040BF9D102F1A00153F8040B8B4246F8A8
S214018100040BF9D1D2F8A0302846C9F800300EF099
S214018110E6FD28460CF06EFDB8F1000F40F08680B3
S2140181200024C7E79369DB072DD5464B03F12002F0
S21401813053F8041B934247F8041BF9D1424B03F151
S214018140200253F8041B934246F8041BF9D14B4610
S21401815020223E4928460EF064FB044628460EF0CF
S214018160BEFD28460CF046FD002CD5D0214640F237
S2140181700740FFF7EBFAB8F1000F9BD00821404605
S214018180FFF75CFF96E7494628460EF0E6FC0446F4
S21401819090B1014640F20740FFF7D8FAB8F1000F58
S2140181A003D008214046FFF749FF28460EF097FD09
S2140181B028460CF01FFD7DE76B46412201A9D9F840
S2140181C000000EF0F4FA044628460EF088FD284614
S2140181D00CF010FD4CB1214640F20740FFF7B6FA0D
S2140181E0D9F800000EF01EFAC5E73A460DF1050370
S2140181F00DF1250153F8040B8B4242F8040BF9D11B
S21401820032460DF1450153F8040B8B4242F8040B3C
S214018210F9D101A8412117F046FB3846202117F075
S21401822034FB2021304617F030FB75E7002245F27B
S2140182301601404614F0C2FD72E700BF00000209B5
S21401824000260020C0050300E10503009506030093
S2140182502DE9F74390F873700446012F056C04D19D
S21401826095F85031002B40F0578195F85C3195F820
S2140182705181032B00F2F180DFE803F00287AFD4CF
S21401828018F0010F7CD01121062014F0F0FC814675
S214018290002800F041818679102106440D363046CB
S2140182A014F0B2FD014658B120460821FFF7C6FE7C
S2140182B0002140F2074003B0BDE8F043FFF746BA9D
S2140182C0A07CC0F11002304416F072FC11F02FFEB3
S2140182D0022895F95E010BD032460521FAF798FF80
S2140182E090B10821204603B0BDE8F043FFF7A6BED3
S2140182F033461022052111F01CFE28B1002140F260
S2140183001B40FFF723FAECE711F011FE02280FD10C
S214018310012F0DD004F1180306F1100256F8041BC4
S214018320964243F8041BF9D1A36843F48073A36013
S2140183304A460621204614F06CFB0B21072014F058
S21401834096FC8146002800F0E780867995F95E3133
S2140183500C36064443F43F430821A6F80130F01CCE
S21401836014F052FD0A22042195F95E01731C11F0E6
S214018370E0FD0028C2D14A460621204614F049FBFA
S21401838095F85C31013385F85C3118F0020F1FD087
S2140183901121082014F06BFC0646002800F0BC8072
S2140183A00023817901AA01440D31FF20019314F0C5
S2140183B095FD40B108212046FFF740FE40F20740F8
S2140183C00199FFF7C3F932460621204614F021FB36
S2140183D095F85C31013385F85C3118F0020F1CD03A
S2140183E00821092014F043FC8146002800F09480FF
S2140183F086790C360644FBF76DFB83794A4683F093
S2140184000803C3F3C003737003680621C6F802307D
S21401841083882046F38014F0FCFA95F85C3101332A
S21401842085F85C3118F0040F12D011210A2014F0DF
S2140184301EFC064600286FD0807910223044AB21FE
S2140184400D3016F0B5FB32460621204614F0E1FA4F
S21401845095F85C31013385F85C31012F08D0236C27
S21401846093F85031002B57D195F85C31042B53D13A
S214018470A36C10220B2195F95E01313311F059FDE1
S21401848078B140F21B412046FFF742F9244B2549BB
S2140184902046012F08BF194603B0BDE8F04314F08B
S2140184A077BCA36C01220C2195F95E01203311F0F3
S2140184B040FD0028E5D1A36C10220D2195F95E013F
S2140184C0213311F036FD0028DBD1082295F95E0133
S2140184D0114604F1100311F02CFD0028D1D1236CB4
S2140184E093F85E2184F87520FF2283F85E21D3F885
S2140184F058315B0603D404F14C0012F0F8F911F080
S21401850016FD022808BFA368204604BF43F4807303
S214018510A360FFF7D5F8B9E703B0BDE8F08300BF65
S214018520F9880100818D01002DE9F04F97B01546BD
S214018530DDE9209804AA06468C4692461C46524B14
S214018540229F03F1100B9646186859680833AEE867
S21401855003005B457246F6D16B46202261465046C3
S214018560FFF7D8FA8346002871D1484B05F110026F
S214018570089365238DF824300DF12503184655F828
S214018580041B954243F8041BF9D1102117F07DF91D
S2140185900DF13503184604F1100254F8041B9442F9
S2140185A043F8041BF9D1102117F06FF999F806303A
S2140185B0062183F00803C3F3C0038DF84530D9F8CC
S2140185C000300DF14600CDF84630B9F804300124EC
S2140185D0ADF84A3017F059F998F80630062183F0BD
S2140185E00803C3F3C0038DF84C30D8F800300DF102
S2140185F04D00CDF84D30B8F80430ADF8513017F0D5
S21401860044F9002335228DF854306846239B08A987
S2140186108DF85340FFF77EFA8346C0B910212398A0
S21401862017F033F93B463522684608A98DF82040F5
S214018630FFF770FA834650B9B27C0146C2F11002C8
S214018640384616F0B5FA1021384617F01EF91021F3
S214018650684617F028F9352108A817F024F91021E3
S214018660504617F020F9BBF1000F06D0082130461E
S214018670FFF7E4FC17B0BDE8F08F5A4645F2120149
S214018680304614F09BFBF5E7020603000062746CAB
S21401869070B51E460423054696B014468DF8143070
S2140186A001F120020DF1150351F8040B914243F834
S2140186B0040BF9D120210DF1150017F0E6F822463A
S2140186C00DF1350304F1200152F8040B8A4243F8F8
S2140186D0040BF9D120210DF1350017F0D6F804ABC3
S2140186E00293202301931A9B314600930E4841239F
S2140186F005AA0EF0D0F90446412105A817F0D3F8D3
S21401870054B1214640F20740FFF720F808212846D9
S214018710FFF794FC16B070BD224645F215012846B7
S21401872014F04CFBF6E700BF00000209F8B504465A
S214018730FEF736FF266C054628B394F975305F1CA4
S2140187400BD086F85E31FEF747FF0721012014F0B3
S2140187508EFA024618BB1A2111E02046FAF718FFD6
S21401876086F85E01236C93F95E310133EBD1FEF797
S21401877033FF90B1A3685D0709D441F20521204675
S214018780FEF7C6FF07E0FF2386F85E31EFE7052117
S2140187902046FFF753FC0020F8BD0025D5E73249F7
S2140187A0867909680C3691F800C0831983F801C0F0
S2140187B091F81CE0281E18BF0120BEF1010F0DD153
S2140187C083F802E0D870487C00B3D87800071DD43F
S2140187D0A3685B07DBD441F20321D0E78F69BEF1C2
S2140187E0020F07F002070ED191F85EE0BEF1000F0E
S2140187F009D04FF0010E83F802E0D870002FE2D1C5
S21401880040F00800DEE74FF0000EF4E7BCF1030F7E
S21401881007D0096911F0FF1F1EBFD97841F0040186
S214018820D97094F874108F0708D5D978480705D4FD
S214018830BCF1030FCFD041F00401D970002D18BF51
S214018840032510215D7119719D71216C9059C1F834
S2140188500600988848819B7920460B73062114F000
S214018860D8F8012098E700BF00260020204B10B55D
S2140188701B6804469B6913F0040310D141B180F8CC
S214018880773090F87010BDE810401A4816F0CBBB50
S21401889090F87330012B03D18368580705D410BDB7
S2140188A0022B02D183685907F9D494F9772094F8FA
S2140188B07730002AF3DBB3B9012384F8773094F8D4
S2140188C077305B08EBD04FF47A7294F8701053430C
S2140188D0084800220BF056FE94F8773063F07F03C9
S2140188E084F87730DBE75A06E9D45B00E5E700BF9A
S2140188F0002600200426002045F21E0330B59942CA
S2140189000446154689B010D845F21603994213D885
S21401891045F20103994200F0B18145F20C039942F8
S21401892022D0B1F5A04F00F0AF812A46204609B00B
S214018930BDE8304000F0D2B9A1F5A043173B072BA4
S214018940F3D801A252F823F0318A01002B890100E5
S2140189502B8901002B890100398C01002B8901002C
S2140189600D8C01001B8A010090F97730002B02DB89
S2140189708268530707D520460921FFF75FFB41F2BE
S214018980092009B030BDAB792B449D4D5B7C2D6829
S21401899003F008016D7CD5B121B90321FFF74EFB29
S2140189A02120EEE713F0040F03F0010308D042F094
S2140189B00802826093B9A36843F02003A36013E022
S2140189C0002BF8D0836843F010038360F3E7580761
S2140189D044BF42F00802A260DB0703D5A36843F058
S2140189E01003A3600029E6D1A368224643F00403DE
S2140189F0A360844920460BF0E1FD0221204612F0D7
S214018A00C7F947F23053002245F21A0120460BF00F
S214018A10B9FDA3689D0540F18980A368580740F118
S214018A20858094F8700009B0BDE8304014F04BB86A
S214018A3090F87430D9074DD590F97530013342D08E
S214018A4094F9131001291DDCA26893060DD56C4B11
S214018A5015071B6801D4187C38B1187F10B918782F
S214018A60032802D09B69980734D501290AD0644BA4
S214018A7011071B6801D41A7C22B11A7F52BB1B78DE
S214018A80032B27D10023CDE90433CDE9063311F0BA
S214018A904EFA022801AB35D1A06AE16A228E03C3E1
S214018AA01A8094F97500BDF80450421C37D011F0B5
S214018AB086FA002833D1204641F20601FEF728FE49
S214018AC041F206005DE78368DA0616D4FEF784FDF8
S214018AD00028B5D04A4B1B68197F022932D1DA7CAF
S214018AE082B393F85E306BBBA3685B0720D5204644
S214018AF0FFF7A4FA41F2022043E7FEF751FD0028F2
S214018B00E4D0E7E70A22022194F9750011F03FFA52
S214018B100028C6D1CDE90100ADF80C00C1E72A4610
S214018B20204604AB0DF10601FEF77CFA002028E78B
S214018B30204641F20221FEF7EBFD01212046FFF718
S214018B4095FED7E72046FEF78BFEA56860B96D0750
S214018B5005D508212046FFF771FA1A2011E71A21D8
S214018B602046FEF7D5FDF8E715F0040508D0FEF718
S214018B703BFDC8B1204694F97510FEF755FED5E7C2
S214018B802246204920460BF019FD0221204612F00C
S214018B90FFF847F230532A4645F21A0120460BF0F9
S214018BA0F1FCA3685807E2D494F97530591C15D026
S214018BB048F2080040EA032080B2FAF795FA052148
S214018BC094F9750011F0A0F9032194F9750011F0DC
S214018BD09BF9062194F9750011F096F9226C20464E
S214018BE0D2F8583143F02003C2F85831FFF79EFD02
S214018BF000289BD02046044914F0CAF896E700BF27
S214018C0000260020D9CD0200C9A00100FEF7ECFC29
S214018C1000285BD0236C002B58D0A268520755D58C
S214018C20D3F85831980651D42B78002BBCD10521A6
S214018C302046FFF703FA79E790F87430D90706D48F
S214018C40234914F0A5F829462046FEF761FDA368DE
S214018C505A077FF56BAF204645F21A0116F0E3F985
S214018C60204622461B4916F009FAA368022123F082
S214018C703C032046A360FCF73DFD57E70246154935
S214018C8015480BF09BFC51E745F21A0116F0CBF99B
S214018C90A36823F03E03A360236C2BB193F95E0116
S214018CA0431C01D0FAF796FB22462046094916F0E6
S214018CB0E5F922460749084816F0E0F92046022160
S214018CC0FCF718FD204614F0E7F82FE7022058E6D7
S214018CD0F9880100D9CD02008025002045F217034E
S214018CE0994210B5044640D01AD845F20603994277
S214018CF028D019D840F2012321F00201994213D15C
S214018D0090F870101A4816F08EF994F87330002215
S214018D10012B4FF4A041204608D1FFF7EDFD03E0FB
S214018D2045F21A03994204D048200AE000F028F8D8
S214018D30FAE7104914F02CF807212046FEF7E8FC64
S214018D40002010BD93791A44517C41F49051FEF7EE
S214018D50DFFC94F87310084A084B2046012914BF1B
S214018D601146194614F014F8EAE70220E9E700BFB5
S214018D7004260020CDD30200818D0100F988010070
S214018D8045F21E0399422DE9F3410446154611D8D2
S214018D9045F21603994214D845F20103994200F0B0
S214018DA0458345F20203994200F09880B1F5A04F41
S214018DB000F042832A46204602B0BDE8F041FFF7A4
S214018DC08DBFA1F5A043173B072BF3D801A252F89C
S214018DD023F000BFF58D0100B58D0100B58D0100B2
S214018DE0B58D0100E9930100B58D0100978F010053
S214018DF0718F0100A74E33681A7F022A11D1DA7CDF
S214018E007AB193F85E3063B941F20221FEF780FC35
S214018E1020460121FFF72AFD41F2022002B0BDE8FB
S214018E20F081A3685D0701D50220F7E72046FEF72B
S214018E30B7FB3368051E1A7818BF0125032A07D029
S214018E4019696AB211F0FF1F24D042F0040503E04D
S214018E5094F87420900725D49A6992071FD41A7F34
S214018E60012A1CD045F0080502210B2013F0FFFE55
S214018E700246E0B18379062103445D7394F97530A7
S214018E802046013302BFA36843F00203A36013F038
S214018E90C0FD0CE094F874108907D6D4DCE75B7C3F
S214018EA0002BE1D041F203212046FEF731FCA368F6
S214018EB0224643F00403A360774920460BF07EFB6D
S214018EC00221204611F064FF47F23053002245F29A
S214018ED01A0120460BF056FB00209FE783685F07C8
S214018EE003D490F97730002B05DB236C53B1D3F80C
S214018EF05831DE0606D520460921FFF79FF841F2D4
S214018F0009208BE72046FEF7ABFC28B9082120464E
S214018F10FFF794F8212081E7206CD0F8583143F010
S214018F201003C0F85831AB790C332B445A68C0F89B
S214018F3006201A89428101229B7A0373236C9A7157
S214018F40A26812F0040610D12246534920460BF0BF
S214018F5035FB0221204611F01BFF47F23053324603
S214018F6045F21A0120460BF00DFBA3689805B3D510
S214018F70236C002BB0D0D3F85831D906ACD594F970
S214018F807530013320D094F87430DA071CD5A36805
S214018F9043F00203A360236C002B3FF445AFD3F8E4
S214018FA05831DA067FF540AF9F063FF53DAFFEF735
S214018FB01BFB20B3A3689E0721D42B78FBB90521A0
S214018FC02046FFF73BF887E7FEF70EFB94F975108E
S214018FD040B14B1C02D1A3689F07DCD42046FEF7A4
S214018FE023FC79E74E1CD6D094F87430D807D2D437
S214018FF0084610F0E4FF0028CDD0052187E794F954
S2140190007530581C33D048F2080040EA032080B27D
S214019010FAF76AF8052194F9750010F075FF032137
S21401902094F9750010F070FF062194F9750010F0A0
S2140190306BFF94F8745015F0010518D148F20B0334
S21401904094F8750043EA0020FAF74EF848F20C034C
S21401905094F8750043EA0020FAF746F8A06C10224F
S2140190602946313015F0A4FDA36C83F82050A3687F
S214019070256C23F00203A360D5F85831054F43F061
S2140190802003C5F858313B68AA7A1B7A934205D962
S21401909006213CE700260020D9CD020094F95210A3
S2140190A094F852300029B2BF012383F00803C3F3BA
S2140190B0C003102A28BF10222B7194F86030204676
S2140190C083F00803C3F3C0036B71A2746E7AFEF7D4
S2140190D067FA002836D0F10734D594F97530D4F8FC
S2140190E040805A1C24D088F85E3106F00D063B6895
S2140190F09A69900704D41A7F012A01D0310701D456
S21401910006F0F7061A78032A1FD01B6913F0FF1F13
S21401911001D046F0040694F874309A071BD57307FD
S21401912019D403212046FEF789FF40F2034075E675
S2140191302046FAF72DFA88F85E01236C93F95E3122
S2140191400133D2D106F00C06D1E71B7F002BE2D10A
S21401915006F0FB06DFE70721022013F088FD0190E9
S2140191600028E2D090F806C03A680CF10C0C13788F
S21401917000EB0C014B70137F012B06D0022B46D15E
S21401918092F85E30003B18BF01238B701023CE701F
S21401919016F0010608BF32460B711FBFEB7A2A7B19
S2140191A003F003034B71236C14BF02F003024E71EC
S2140191B08A7183F851214A7983F8502150F80C209E
S2140191C0C3F80D208A88A3F811208A79DA7406B3C9
S2140191D0206C90F8501111F002061AD194F8521032
S2140191E0062281F0080190F95E0104F14C03C1F3F7
S2140191F0C00110F09EFE60B13146FEF7A7FA204688
S2140192000821FEF71BFF01A816F03BF88DE70023A7
S214019210BBE7019E002E88D0FEF7DEF995F809C05F
S21401922078B11CF0010F04D0236C93F95E31013341
S21401923007D105212046FEF701FF30460BF04CFB17
S21401924068E63B680CF00802597C29B112B12A7C09
S214019250100703D40321EDE7002A75D02A7C1107F5
S21401926072D5D5F8581141F00401C5F85811B5F872
S214019270501121F4807121F00101A5F85011187FD9
S214019280297A02280BD071B942EA0C0212F00402C4
S21401929048D185F85D211B7C002BDBD10DE021B97F
S2140192A093F85E209ABB0221C4E7012283F83D2091
S2140192B0DA7C92BB042385F85D31324606212046CE
S2140192C013F0A7FB95F85D31206C042B52D13B6857
S2140192D000F5987003F11D022D3352F8041B9A42D3
S2140192E040F8041BF9D1D5F8583195F85D2103F003
S2140192F00401002A45D123F00203C5F85831E2746F
S21401930000294AD05B49204613F042FDE4E583F884
S2140193103D10DB7C002BC6D1CCE793F85E30002BEA
S214019320C8D1C0E7EA791978052A28BF032252482E
S21401933001EB810101448A5C85F85D211B7C002BD1
S214019340BBD0002AB9D185E71A7F012A02D12A7A31
S214019350002AAFD11CF0040F03D12A7C12F00402BC
S21401936097D0EA791978052A28BF0322434801EBEA
S2140193708101DFE71022002100F5987015F018FC36
S214019380B1E743F00203C5F8583141B90123032A76
S214019390E37412D9042A7FF49FAD3949B3E7A37C5D
S2140193A00F2B89BF94F87430012343F0080384F827
S2140193B0743088BF0223E374A4E7012A07D020464D
S2140193C0304913F0E5FC2046FEF71AFA84E52046FC
S2140193D02C4913F0DDFC3B68D968481C42424241E7
S2140193E02046FEF7DDF977E590F87430D90706D404
S2140193F0254913F0CDFC29462046FEF789F9A368D6
S2140194005A077FF569AD45F21A01204615F00BFEA5
S214019410224620461D4915F031FEA36823F00403B9
S214019420A36002212046FCF765F955E50246174977
S21401943017480BF0C3F84FE545F21A0115F0F3FD96
S214019440A36823F03E03A360236C2BB193F95E015E
S214019450431C01D0F9F7BEFF224620460B4915F002
S2140194600DFE224609490A4815F008FE204613F06B
S21401947013FDD6E7B59F0100130603002C06030073
S21401948095940100259F0100F9880100D9CD0200BD
S2140194908025002073B545F20406B1420446154600
S2140194A00DD045F21006B14222D0B1F5A04F38D109
S2140194B013F0CDFB236CD3F85831D90720D5236C94
S2140194C0D3F85821D2070BD4AA7998330C32154415
S2140194D06A1D153552F8041BAA4243F8041BF9D13C
S2140194E0216CD1F8583113F004030CD00F4904E075
S2140194F0016CA83113F0FFFB0D49204613F048FC20
S214019500002002B070BD81F85C31012301F1B80280
S2140195100093204601F1A80301F5987113F071FE3E
S214019520EEE702B0BDE87040FFF7D8BB3595010005
S214019530CD950100B1F5A04FF7B5044608D045F228
S2140195401105A94236D003B0BDE8F040FFF7C6BB0F
S214019550006C1021B83013F057FC60B1082120468A
S214019560FEF76CFD40F207400021FEF7EFF840F2EF
S214019570074003B0F0BD256C95F85D6105F1A807BD
S214019580013E022E01979CBFD5F82C0195F85C612F
S21401959005F154019EBFF04000F0010040F080004C
S2140195A0009005F11402204605F1B80313F09CFE65
S2140195B00020DEE7016CA83113F09DFB204602492E
S2140195C013F0E6FBF4E700BFCD95010045F210036A
S2140195D030B59942044685B000F0A6800CD8B1F5A6
S2140195E0A04F27D045F20503994228D0204605B062
S2140195F0BDE83040FFF772BB45F21103994200F017
S214019600B08045F212039942F0D1016C91F85D31B8
S21401961013B1043B012B03D82046B83113F04FFB9E
S214019620236C93F85D31042B40F2DF80052B03D1C8
S2140196306F4992E013F00BFB002005B030BD917925
S214019640036C0C310A44511DC833153251F8040B12
S214019650914243F8040BF9D1206CD0F8583113F03D
S214019660040354D090F85D31042B22D1614B1B6862
S21401967093F85E5065B1002100F114020091114685
S21401968000F5A07001903E33204613F02DFED3E77F
S2140196901021B83013F0B8FB58B108212046FEF768
S2140196A0CDFC40F207402946FEF750F840F207404D
S2140196B0C3E7216C91F85D3101F1C80213B1043B97
S2140196C0012B12D801F1F803039301F59873029365
S2140196D004F15A03019304F15303009301F1B80313
S2140196E02046D831FEF720FFA6E701F5A0730193C7
S2140196F091F85C01D1F82C31C34003F0010343F02B
S21401970080030093134601F154021431BCE780F83C
S2140197105C3100F1C802009300F5987100F5A07362
S214019720204613F06EFD87E7056C102205F19801BF
S21401973005F5A07015F012FA20B104212046FEF7B7
S2140197407DFC79E7D5F858312B499B0742BF94F841
S214019750743043F0020384F87430204613F018FB8B
S2140197606AE7056C95F85D3105F5A070042B1ED1EE
S214019770204B102219684E3115F0F0F90028DCD183
S214019780102105F1B80013F03FFB216C01F1F8033D
S214019790039301F59873029304F15A03019304F1BC
S2140197A05303009301F1C80201F1B80398E701469B
S2140197B0102205F1980015F0D1F90028BDD105F168
S2140197C0B801204613F07BFA216C91F85C31013325
S2140197D0DBB2142B81F85C31D8D0D1F8583123F0A4
S2140197E00103C1F858310549B7E70549B5E700BF98
S2140197F00598010000260020699A01009594010051
S214019800BD98010045F21403994213B504462BD0C6
S2140198100CD8B1F5A04F13D045F20E03994232D0C1
S214019820204602B0BDE81040FFF758BA45F21903CA
S2140198309942F5D1137813BB0C21FEF7FFFB10E01C
S21401984013F005FA216C204601F59473019301F19A
S214019850B803009301F1540201F1C803143113F067
S214019860BBFB002002B010BD036CD3F82821114BBE
S214019870B2FBF3F103FB1121FDF77CFFF1E70E4983
S21401988013F086FAEDE79179036C0C310A44511D09
S21401989003F58473153251F8040B914243F8040B17
S2140198A0F9D1226CD2F8583143F00803C2F8583186
S2140198B0D7E700BF40420F00BD980100F0B545F262
S2140198C00E06B142044615468DB00ED045F213067B
S2140198D0B1425CD0B1F5A04F40F0BD8013F0B7F9AE
S2140198E0236CD3F85831190757D5236CD3F8582170
S2140198F012070CD4AA7903F584730C3215446A1D39
S214019900153552F8041BAA4243F8041BF9D100236B
S214019910256CCDE90833CDE90A3385F85C3195F835
S2140199205D310DF1200C042B2AD14D4B1B6893F8A9
S2140199303D205AB1674603F11D022D333E4610689D
S2140199405168083203C69A423746F7D105F5A07327
S214019950069304F15A03059304F153030493EB7938
S21401996005F1C80203932B7A02936B7ACDE900C303
S21401997005F1B803204605F1F80113F0A1FB0CE050
S214019980013B022B9CBFD5F82C310893DEE7056C12
S21401999095F85C3123B1012B54D000200DB0F0BDF9
S2140199A0102205F5A07105F5847015F0D7F820B1E1
S2140199B00B212046FEF742FBEFE7D5F858310DF1B3
S2140199C0200C9B0742BF94F8743043F0020384F8DE
S2140199D07430012385F85C310023CDE90833CDE9E5
S2140199E00A3395F85D31042B25D11D4B1B6893F87E
S2140199F05E205AB1674603F13E024E333E4610687A
S214019A005168083203C69A423746F7D105F58C737A
S214019A10069304F15303059304F15A030493AB7BB5
S214019A2005F1B8020393EB7B02932B7CCDE900C3CF
S214019A3005F1C8039EE7013B022B9CBFD5F82C31EC
S214019A400893E3E705F58C7113F01DF920460549E7
S214019A5013F09EF9A1E70DB0BDE8F040FFF73EB95F
S214019A6000260020699A0100B1F5A04F73B504469F
S214019A7015467BD045F21B06B14240F0FA8090F8BD
S214019A807430DB076AD5056CB5F850312BB17B49CC
S214019A9013F07EF9002002B070BDD5F858315E078C
S214019AA04BD56B7AD80748D52B7CD90745D5A36CFF
S214019AB010220B2195F95E01313310F03AFA38B1D4
S214019AC040F21B412046FDF723FE40F21B40E2E731
S214019AD0A36C206C01220C2190F95E01203310F05A
S214019AE028FA0028ECD1A36C206C10220D2190F9E5
S214019AF05E01213310F01DFA0028E1D10822206C06
S214019B00114690F95E0104F1100310F012FA0028D4
S214019B10D6D104F14C0010F0EAFE236C93F85E21D6
S214019B2084F87520FF2283F85E212046544913F0FD
S214019B302FF92046FDF7C4FDACE705F5987304F14F
S214019B40180205F5A07553F8041BAB4242F8041B36
S214019B50F9D1A36843F48073A360E6E7484913F09C
S214019B6017F929462046FDF7D3FD93E7036CD3F892
S214019B70582112F0040245D05A7AD2078AD51B7CA6
S214019B80DB0787D510F0D3F90228206C0ED000F53C
S214019B909872032190F95E01F9F73AFB00283FF429
S214019BA079AF08212046FEF749FA8EE700F598734B
S214019BB01022032190F95E0110F0BBF928B10021B3
S214019BC040F21B40FDF7C2FDEBE7206C102200F5CA
S214019BD09873052190F95E0110F0ABF90028EED1DB
S214019BE0236C04F1180103F5987203F5A07352F87B
S214019BF0040B9A4241F8040BF9D1A36843F480732D
S214019C00A36047E7D3F8B810C3F8D010D3F8BC1058
S214019C100192C3F8D410006C01A900F59870FDF705
S214019C20CFFF48B101980CF0FDFC20460821FEF755
S214019C3005FA40F207402EE7206C019A00F598716C
S214019C40C830FDF76FFE05460198002DEBD10CF0EC
S214019C50E9FC236CA07C03F598732946C0F1100239
S214019C60184414F0A5FF216C2046B83113F027F8EC
S214019C7010E702B0BDE87040FFF730B8859C0100E0
S214019C80818D0100B1F5A04F2DE9F341054614463B
S214019C9000F03681A1F5A043DE1F042E00F23781C5
S214019CA09279083B0C321444026C92F85021032B33
S214019CB005D8DFE813F047009400C5002201D1075C
S214019CC040F1BC80053410222146934814F046FF2B
S214019CD0002800F09D8010F02AF90228286C27D071
S214019CE02246032190F95E01F9F792FA002607460B
S214019CF010F01DF9022812D195F87330012B0ED100
S214019D00234605F1180204F1100153F8040B8B42A7
S214019D1042F8040BF9D1AB6843F48073AB601021B1
S214019D20204615F0C0FD002E6DD0002130462FE0F4
S214019D3023461022032190F95E0110F0FAF800275D
S214019D400646D5E712F0010778D010F0F0F80228A1
S214019D5021D02B6C062093F95E81EFF75BFC15F0A2
S214019D60DEFD064608B91A26DFE701466B4840EADB
S214019D7008200CF06BFC804630460CF0B0FF3046F5
S214019D800AF038FFB8F1000F05D0414640F207400F
S214019D90FDF7DCFC38E0286C04F1050843460A228E
S214019DA0022190F95E0110F0C4F8D4F80530064699
S214019DB0AB62D4F80930EB62B4F80D302B8600287C
S214019DC0B3D12A6C92F8503123EA070382F8503156
S214019DD02846FEF73DFA002002B0BDE8F081920762
S214019DE02CD510F0A4F8022804F10504286C16D02E
S214019DF00621224690F95E01F9F70AFA1021074674
S214019E00204615F050FDCFB108212846FEF716F979
S214019E1028460821FEF712F940F20340DCE7062146
S214019E202346102290F95E0110F083F806461021B1
S214019E30204615F038FD002E7FF477AF0027C0E7E7
S214019E409307FBD510F073F802281AD02B6C062066
S214019E5093F95E71EFF7DEFB15F061FD064600280B
S214019E6081D001462E4840EA07200CF0EFFB07465A
S214019E7030460CF034FF30460AF0BCFE0FB13946CE
S214019E8084E7617989B90A46631D13F8010F60B941
S214019E900132062AF9D195F85210286C81F0080192
S214019EA005F14C03C1F3C00106E000394FF006028C
S214019EB018BF0121286CA31D90F95E0110F039F836
S214019EC02A6C0646D2F8583143F04003C2F858319E
S214019ED06389D4F80600ADF8043063790090002B4E
S214019EE00CBF4923722368468DF8063010F0FFFC3C
S214019EF0002E7FF41AAF022763E702F0040760E73B
S214019F0012F0A5FE00222B6C83F85C2160E702B0FC
S214019F10BDE8F041FEF7E2BE4506030003800400FB
S214019F200680040070B545F20406B14204461346A5
S214019F3024D045F21806B14206D0B1F5A04F32D171
S214019F4012F085FE002070BD11684D1C03D1012161
S214019F50FEF774F8F6E7026CD2F85801400743BFE3
S214019F60002182F85C111B68C2F8301120461049A6
S214019F7048BFC2F82C3112F00BFFE3E79979026C67
S214019F800C310B44591D9832153351F8040B994284
S214019F9042F8040BF9D1226CD2F8583143F0010390
S214019FA0C2F85831CEE7BDE87040FEF797BE00BF55
S214019FB09594010045F215039942F7B5044651D030
S214019FC00CD8B1F5A04F19D045F20D0399421BD01C
S214019FD0204603B0BDE8F040FEF780BE45F216030A
S214019FE09942F5D1016C01F1D8030093D1F8943070
S214019FF001F134021431FEF74BFB01E012F027FEAB
S21401A0000027384603B0F0BD93790C331A44551D2A
S21401A01002F1250632462946FDF7E6FC074620B141
S21401A0200B212046FEF70AF8EBE72946236C14338A
S21401A03051F8042BB14243F8042BF9D1236C01F1FA
S21401A0402002343351F8040B914243F8040BF9D142
S21401A050216C204601F1940301F174025431FEF79C
S21401A06015F8CDE712F063FE236C93F85D31052BEE
S21401A070C6D8DFE803F0190311111E1920460E4950
S21401A08012F086FE0D4B20461B68D9684B1C5A42BF
S21401A0905A41FDF785FBB3E72046074912F078FEE3
S21401A0A02046FDF7ADFBABE70549204612F070FEF2
S21401A0B0A6E70449F9E700BF259F01000026002016
S21401A0C035950100CD950100F8B545F21603994284
S21401A0D0044600F061810BD8B1F5A04F0ED045F2D1
S21401A0E0030399420ED02046BDE8F840FEF7F6BDC0
S21401A0F045F217039942F6D1022002E012F0A7FDBD
S21401A1000020F8BD9379056C0C33D618F379DF0778
S21401A11008D4FDF761FA28B105212046FDF78EFF28
S21401A1202120EEE79E4F327A3B681B7A9A4201D293
S21401A1300621F2E7D6F80530C5F80E30B6F8093034
S21401A1406B8202236B7394F9523094F85210002BF1
S21401A150B2BF012381F00803C3F3C0036B7194F807
S21401A160603083F00803C3F3C0032B71337A102BDE
S21401A17028BF1023A374F379D8072BD56B7ADA0797
S21401A18028D5737AEA7A134085F85131B37A2A7B57
S21401A190134085F8503195F95E3101331ED0206C9D
S21401A1A090F850319B0719D481F00801062290F9E6
S21401A1B05E0104F14C03C1F3C0010FF0BAFE68B1B1
S21401A1C040F21B412046FDF7A3FAA3685907A7D51D
S21401A1D00821A2E7002385F85131DAE73B68F079D8
S21401A1E0597C00F0080229B112B16A7A120703D429
S21401A1F0032192E7002A79D06A7A110776D5D5F835
S21401A200581141F00401C5F85811B5F8501121F460
S21401A210807121F00101A5F8501193F81CC0B179A5
S21401A220BCF1020F02D019B3022176E789B10122EF
S21401A23083F83D20DA7CB2B9042285F85D21A27C40
S21401A2400F2A27D994F8742042F0080284F8742063
S21401A25020E093F85E20002AE6D0DA7C83F83D10F1
S21401A260002AE1D1E8E793F85E20002AE4D1DBE793
S21401A270024312F004023FD072794A49052A28BFE8
S21401A2800322187802EB82020A44125C85F85D21EB
S21401A290002AD4D1197C95F85D2109B1002AA7D0EE
S21401A2A0206C042A00F598703AD103F11D022D3373
S21401A2B052F8041B9A4240F8041BF9D1D5F85831DC
S21401A2C095F85D2103F004017ABB23F00203C5F87B
S21401A2D05831E27400295AD0216C204601F19403CA
S21401A2E001F174025431FDF7D1FE09E71A7F012A04
S21401A2F005D1B2791AB1042285F85D21CAE7420771
S21401A30003D46A7A12F00402F6D072792649052A35
S21401A31028BF0322187802EB82020A44125CEBE79C
S21401A3201022002114F044FCC8E743F00203C5F8EC
S21401A330583149B90123013AE374032A3FF6E0AEE6
S21401A340DFE802F010181025A37C0F2B89BF94F8C4
S21401A3507430012343F0080384F8743088BF022365
S21401A360E374B9E72046114912F012FD2046FDF7C5
S21401A37047FAC5E620460D4912F00AFD3B6820461D
S21401A380D9684B1C5A425A41FDF70AFAB8E6084901
S21401A390204612F0FDFCB3E612F0C9FC0549F7E7CA
S21401A3A000260020130603002C060300ADAD0100B5
S21401A3B089AC0100B9A3010045F20D039942F7B536
S21401A3C0044627D00DD8B1F5A04F1DD045F20403A1
S21401A3D0994200F08F80204603B0BDE8F040FEF7BA
S21401A3E07DBC45F21103994200F0A68045F21503A3
S21401A3F09942F0D1006C90F85D31052B06D8DFE864
S21401A40003F0503A423A555012F021FC00273846E4
S21401A41003B0F0BD93790C331A44561D02F125059D
S21401A4202A463146FDF7E0FA074620B10B212046C1
S21401A430FDF704FEEBE73146236C143351F8042B89
S21401A440A94243F8042BF9D1236C01F120023433DD
S21401A45051F8040B914243F8040BF9D1216C2046C4
S21401A46001F1D8030093D1F8943001F1340214318C
S21401A470FEF70EF9CAE720463B4912F089FC204652
S21401A480FDF7BEF9C2E72046374912F081FC374B8B
S21401A49020461B68D9684B1C5A425A41FDF780F981
S21401A4A0B4E73349204612F073FCAFE72F4B1B6825
S21401A4B093F85E5065B1002100F1140200F5A0701A
S21401A4C001900091204611463E3312F00DFF9DE7A4
S21401A4D01021C83012F098FC00283DD008212046F3
S21401A4E0FDF7ACFD294640F20740FDF72FF940F293
S21401A4F007478CE79179036C0C310A44511DA83348
S21401A500153251F8040B914243F8040BF9D1256C2E
S21401A510102205F1A80105F1980014F01FFB20B9DF
S21401A52004212046FDF78AFD70E7D5F8583143F03F
S21401A5300103C5F8583169E70C4B056C1968102200
S21401A5404E3105F5A07014F009FB0028E8D1102162
S21401A55005F1C80012F058FC216C2046C83112F0F3
S21401A560AEFB04499EE700BFADAD0100002600200A
S21401A570E1AB010079A5010045F21003F0B599425F
S21401A580044685B000F087800CD8B1F5A04F1CD0EA
S21401A59045F2050399421DD0204605B0BDE8F040BE
S21401A5A0FEF79CBB45F21103994200F08D8045F2FF
S21401A5B012039942F0D1036C93F85D31042B40F2FB
S21401A5C0B380052B03D159497BE012F040FB0020F4
S21401A5D005B0F0BD9179036C0C310A44511DB833B6
S21401A5E0153251F8040B914243F8040BF9D1256C4E
S21401A5F0102205F1C80705F1B8063146384614F0B1
S21401A600ADFA20B904212046FDF718FDDFE7D5F89D
S21401A610583113F0040332D095F85D31042B13D171
S21401A62005F1F803039305F59873029304F15303B8
S21401A630019304F15A0300933A463346204605F146
S21401A640D801FDF771FFC2E705F5A07005F1140109
S21401A65005F1540201900BB1052B06D1002300939E
S21401A6602046334612F040FEB1E795F85C01D5F876
S21401A6702C31C34003F0010343F08003EFE785F874
S21401A6805C3132460093204605F5A07305F59871B6
S21401A69012F0B7FD9BE7056C102205F1A80105F540
S21401A6A0A07014F05BFA0028ACD1D5F858312049D7
S21401A6B09B0742BF94F8743043F0020384F8743069
S21401A6C0204612F065FB82E7056C102205F1A80111
S21401A6D005F5A07014F042FA002893D195F85D3183
S21401A6E0013B022B0FD895F85C310133DBB2142BFA
S21401A6F085F85C3107D0D5F858310E4923F00103AF
S21401A700C5F85831DCE705F1F803039305F59873AE
S21401A710029304F15303019304F15A03009305F1E4
S21401A720C80205F1B80389E70349CAE73DA7010056
S21401A73099A9010089AC0100BDA7010073B545F2D6
S21401A7401406B14204461AD045F21906B14221D088
S21401A750B1F5A04F28D112F07AFA216C204601F506
S21401A7609473019301F1B803009301F1140201F10E
S21401A770C803543112F030FC002002B070BD036CE7
S21401A780D3F828210B4BB2FBF3F103FB1121FCF7A5
S21401A790F1FFF1E713781BB90C21FDF74FFCEBE74E
S21401A7A0054912F0F5FAE7E702B0BDE87040FEF79A
S21401A7B095BA00BF40420F00BDA70100F0B5B1F544
S21401A7C0A04F05468DB008D045F21304A14244D0EF
S21401A7D00DB0BDE8F040FEF781BA0023046CCDE968
S21401A7E00833CDE90A3394F85D310DF1200C042BC2
S21401A7F02CD11F4B1B6893F85E205AB1674603F1B4
S21401A8003E024E333E4610685168083203C69A42ED
S21401A8103746F7D104F58473069305F15303059380
S21401A82005F15A030493E37928460393237A04F146
S21401A830C8020293637A04F1F801CDE900C304F17A
S21401A840B80312F03DFC00200DB0F0BD013B022B19
S21401A8509CBFD4F82C310893DCE7016C01F58471B8
S21401A86012F011FA2846034912F092FAEBE700BFFC
S21401A8700026002079A80100F0B545F20E06B14287
S21401A880044613468DB00BD045F21303994260D0AF
S21401A890B1F5A04F77D112F0DAF900200DB0F0BD76
S21401A8A09979026C0C310B44591D02F58C721533E3
S21401A8B051F8040B994242F8040BF9D1256C102289
S21401A8C005F58C7105F5847014F048F920B90B2153
S21401A8D02046FDF7B3FBE0E70023CDE90833CDE9D9
S21401A8E00A3395F85D310DF1200C042B2AD1284B43
S21401A8F01B6893F83D205AB1674603F11D022D33BC
S21401A9003E4610685168083203C69A423746F7D168
S21401A91005F5A073069304F15A03059304F1530356
S21401A9200493AB7B20460393EB7B05F1B8020293BD
S21401A9302B7C05F1F801CDE900C305F1C80312F03F
S21401A940BFFBAAE7013B022B9CBFD5F82C3108932D
S21401A950DEE7056C102205F5A07105F58C7014F084
S21401A960FDF80028B3D1D5F8583120469B0748BFDB
S21401A97094F87430074944BF43F0020384F87430F6
S21401A98012F006FA89E70DB0BDE8F040FEF7A6B969
S21401A9900026002099A9010070B5B1F5A04F044624
S21401A9A0154688B07BD045F21B06B14240F00E81B9
S21401A9B090F87430DB076AD5056CB5F850312BB1C9
S21401A9C0854912F0E5F9002008B070BDD5F8583178
S21401A9D05E074BD56B7AD80748D52B7CD90745D56A
S21401A9E0A36C10220B2195F95E0131330FF0A1FA09
S21401A9F038B140F21B412046FCF78AFE40F21B406C
S21401AA00E2E7A36C206C01220C2190F95E01203351
S21401AA100FF08FFA0028ECD1A36C206C10220D21C8
S21401AA2090F95E0121330FF084FA0028E1D1082263
S21401AA30206C114690F95E0104F110030FF079FACB
S21401AA400028D6D104F14C000FF051FF236C93F887
S21401AA505E2184F87520FF2283F85E2120465F4937
S21401AA6012F096F92046FCF72BFEACE705F5987335
S21401AA7004F1180205F5A07553F8041BAB4242F821
S21401AA80041BF9D1A36843F48073A360E6E7534936
S21401AA9012F07EF929462046FCF73AFE93E7036C4E
S21401AAA0D3F8582112F0040255D00022CDE9012234
S21401AAB0ADF80C205A7AD2073FD51B7CDB073CD574
S21401AAC00FF035FA0228206C0CD000F5987203219D
S21401AAD090F95E01F8F79CFB78B308212046FDF754
S21401AAE0ADFA8BE700F598731022032190F95E0109
S21401AAF00FF01FFA28B1002140F21B40FCF726FE9A
S21401AB00EBE7206C102200F59873052190F95E01A1
S21401AB100FF00FFA0028EED1236C04F1180103F5AB
S21401AB20987203F5A07352F8040B9A4241F8040B8D
S21401AB30F9D1A36843F48073A3600023BDF8042011
S21401AB40CDE90433CDE906330DF1060104AB204609
S21401AB50FCF768FA37E7D3F8B810C3F8D010D3F883
S21401AB60BC100092C3F8D410006C694600F59870CA
S21401AB70FDF726F848B100980BF054FD2046082151
S21401AB80FDF75CFA40F207401EE7206C009A00F5DC
S21401AB909871C830FCF7C6FE05460028EBD1009830
S21401ABA00BF040FD236CA07C03F59873C0F11002F6
S21401ABB02946184413F0FCFF2A46CDE90155CDE994
S21401ABC00455CDE9065504AB01A9C0E708B0BDE8B8
S21401ABD07040FEF783B800BFC9D30200F9880100B0
S21401ABE0B1F5A04F70B50446154607D045F20406E8
S21401ABF0B1420CD0BDE87040FEF770B812F027F8ED
S21401AC00236CD3F85831D90701D4002070BD236CCA
S21401AC10D3F85821D20718D4AA79A8330C32154490
S21401AC206A1D153552F8041BAA4243F8041BF9D1D4
S21401AC30206C102200F1A801983013F08FFF20B984
S21401AC4004212046FDF7FAF9DFE7206C1021C83011
S21401AC5012F0DAF858B108212046FDF7EFF940F274
S21401AC6007400021FCF772FD40F20740CEE7216C59
S21401AC702046C83112F023F82046024912F088F81F
S21401AC80C3E700BF79A50100B1F5A04F13B504468F
S21401AC900ED0A1F5A043103B012B45D8016C98318D
S21401ACA012F029F82046234912F072F8002017E026
S21401ACB0016CD1F8583101F1C80213F0040328D011
S21401ACC01021104612F0A0F860B108212046FDF7C9
S21401ACD0B5F940F207400021FCF738FD40F2074085
S21401ACE002B010BD216C204601F19803019391F842
S21401ACF05C21D1F82C31D34003F0010343F08003EB
S21401AD00009301F1140201F1C803543112F0ECFA78
S21401AD10CCE781F85C310123009301F1980301F53A
S21401AD20987112F06EFAC1E702B0BDE81040FDF767
S21401AD30D5BF00BF39AD0100B1F5A04F70B51346C0
S21401AD40044607D045F20406B14207D0BDE870407C
S21401AD50FDF7C4BF11F07BFF002070BD9979026C2E
S21401AD600C310B44591DA832153351F8040B994286
S21401AD7042F8040BF9D1256C102205F1A80105F162
S21401AD80980013F0EBFE20B904212046FDF756F992
S21401AD90E2E7204605F1C80111F091FF204602497D
S21401ADA011F0F6FFD8E700BF79A50100B1F5A04F75
S21401ADB070B50346144607D045F21806B14207D0CF
S21401ADC0BDE87040FDF78ABF11F041FF002070BD5D
S21401ADD01268551C03D10121FDF730F9F6E7016C25
S21401ADE0D1F85801400743BF002281F85C21226850
S21401ADF0C1F8302148BFC1F82C211846014911F08D
S21401AE00C7FFE3E789AC0100184640F20A4322F087
S21401AE1000429A422DE9F04120D8B2F5806F01D860
S21401AE2000203EE06FF480642244092AF8D801A38A
S21401AE3053F822F07BAE010087AE0100A7AE0100F9
S21401AE40F5AE0100C9AE010011AF010033AF01003C
S21401AE503BAF010021AE010053AF01006FF4A061CA
S21401AE605318042BDCD8A2F20252032A79D8DFE861
S21401AE7012F08A009200B700CB0005784488644837
S21401AE800FF011FF3EE005784468826900F108037F
S21401AE90002160480FF018FF10B10571C0F8054099
S21401AEA00120BDE8F081067845880479826900F1C1
S21401AEB00803002158480FF007FF0028F0D006715C
S21401AEC0A0F80550C471EBE704790778A4F11B03D9
S21401AED0594259414688C58800F1080289004F4801
S21401AEE00FF017FF0028DBD00771A0F80560C471CA
S21401AEF00581D5E7057844884269031D0021484845
S21401AF000FF0E2FE0028CBD00571A0F80540C7E798
S21401AF1006784588848800F10802002141480FF030
S21401AF20F8FE0028BCD00671A0F80550A0F807402E
S21401AF30B6E7057844683C48A2E704783A480FF03B
S21401AF40B2FE0028ACD0072343710023047183713D
S21401AF50A6E7047835480FF0A6FE0028A0D00471B5
S21401AF609EE7077846880579C48800F10802002123
S21401AF702F480FF0CEFE002892D00771A0F805608A
S21401AF80C57104818CE7077846880579C488294805
S21401AF900FF089FEEFE787684588047906787FB168
S21401AFA0C78800F10802002123480FF0B2FE0028EE
S21401AFB03FF476AF0671A0F80550C47107816FE7BC
S21401AFC03B463A4639461C480FF07EFE00283FF4C1
S21401AFD067AF0671A0F80550C471077247725FE744
S21401AFE090F8008047880679C588048913480FF0D1
S21401AFF05AFE00283FF454AF80F80480A0F805708C
S21401B000C671058144814BE7057844680C4837E7EB
S21401B010E8060300E4060300E0060300D806030082
S21401B020DC060300D4060300D0060300B8060300BE
S21401B030CC060300C8060300C4060300C0060300CE
S21401B040BC0603000048704709AE010030B504464F
S21401B05085B00846039112F016FB830708D410F05A
S21401B060010003D003A814F00CF9012005B030BD8F
S21401B07003998B7903F10C0288188A5C013A1C2A21
S21401B08000F2E880DFE802F00FE689E68CE695E656
S21401B0909CE6A4E6ACE6B3E6BAE6C2E6E6E6C4E6B5
S21401B0A0D2E6D4E6DD0003790BB103F58853427886
S21401B0B0023A162AD6D801A151F822F019B1010098
S21401B0C065B0010023B1010065B001002FB1010098
S21401B0D065B001003BB1010065B0010047B1010058
S21401B0E065B001005FB1010065B0010053B1010018
S21401B0F065B001006BB1010065B0010077B10100D8
S21401B10065B0010065B0010065B0010081B10100C4
S21401B11065B0010091B1010017212046FBF7D0FE72
S21401B120A0E700222046114611F03BF89AE71A469E
S21401B1300021204611F0E2F894E70022204611464D
S21401B14011F04DFA8EE700222046114611F035F92E
S21401B15088E71A460021204611F022FA82E71A46AD
S21401B1600021204611F0FFF97CE700222046114617
S21401B17011F028FB76E71946204611F08CFB71E7A3
S21401B1800093002320461A46194611F08EFB69E704
S21401B1901946204611F0DBFB64E7B0F80110BCE766
S21401B1A002338B710A4600234178204610F0F9FFDE
S21401B1B05BE70133002220468B7111F09FF854E7BC
S21401B1C002338B7142780023204611F008FA4CE7CF
S21401B1D001338B71002320461A4611F0EEF844E73E
S21401B1E00133002220468B7111F0BDF93DE7013392
S21401B1F0002220468B7111F0D3F936E702338B71AA
S21401B20042780023204611F0DDFA2EE70021B3E74D
S21401B21005338B710023B0F80320B0F801000093CA
S21401B2200B460146204611F040FB1EE70021B0E721
S21401B23003338B710A46B0F80110204611F0A6FBC5
S21401B24013E703338B710A46B0F80110204611F05C
S21401B250A6FB0AE7002009E72DE9F04F144687B060
S21401B2609B46C36B06460D465B69012202A96068D0
S21401B2709847F36B012203A95B692846984702A801
S21401B28012F00BFE074648B10023A37563754FF015
S21401B290FF33A360002007B0BDE8F08F03A812F0CB
S21401B2A009FE0123A375237E04EBC303DD611F841E
S21401B2B06368AB420ED1206003A812F01DFE4FF06A
S21401B2C0FF332075A360237D043B022B25D8002382
S21401B2D0A375DFE723681A1A03A853425341A375DF
S21401B2E012F00AFE237D834203A818BFA77512F049
S21401B2F0E5FD074602A812F0E1FD874203A81CBF40
S21401B3000023A37512F0E2FD074602A812F0DEFD47
S21401B31087421CBF0023A375D5E703A812F0CEFD14
S21401B32080B1F36B022204A928465B69984704A8FA
S21401B33012F0D3FD0346207D032839D8DFE800F05C
S21401B3403838040903A8F3E7237ECC2204EBC303B1
S21401B3501A8401F0C9FA109B187003A8277E12F010
S21401B360A1FD04EBC70787F8220003A8237E04EBA0
S21401B370C303B3F8209093F8227012F09FFD804625
S21401B38003A812F0A3FD8246B8F1000F15D0F36BA7
S21401B390022204A928465B69984704A812F062FDB8
S21401B3A06075637D6BB90023A3754FF0000838E024
S21401B3B0227E04EBC2021384CBE703A812F03DFD04
S21401B3C0EEE794F81680B8F1000FEED0B9F1000F51
S21401B3D009D1DFB10123627EE375002A44D19F4281
S21401B3E018D1677614E0736C05EB0A02594285EAB8
S21401B3F0020008421CBF0021A175591E0A409B1A73
S21401B4009945D0D8A37D002BE3D1CEE7E37D43B9A0
S21401B4104FF000084B4652462946304612F0B9FA1C
S21401B420A060A27D12B123694B4423611349237E98
S21401B430097899421ED901332376BBF1000F1BD040
S21401B440D2B1E37DC3B1B8F1000F15D1032F13D0EC
S21401B450A1684B1C10D0109B224630460093012356
S21401B460FFF7FAFEA07507E0012FDAD0032F08BF19
S21401B470A376CDE70023A375A07D0CE7CCFF0200E1
S21401B4802DE9F04F0E468BB09846002304464FF048
S21401B490FF31104617468DF8133001F00FFAB6F556
S21401B4A0801F3BD3B21C53D1E56A6B1C57D1616A2E
S21401B4B0204612F0B4F90546B31CDFF8189118BF00
S21401B4C001230193636A05A9626C4FF0000B029396
S21401B4D0236802FB053AE36B05225B6950469847F1
S21401B4E005A812F093FD12F0B6FD504612F0BEFD0F
S21401B4F0824601464B1C05D0636C81EA0A025B4218
S21401B500134232D02946204612F089F9029BAB42FB
S21401B5104DD0BBF1000F4DD10546D3E7314605AA04
S21401B52004F1080012F06FFC0146481C10D03846A2
S21401B53001F0C4F90DF1130301223946204612F039
S21401B540A4FA28B19DF8133088F80030002003E0F3
S21401B550237C002BA8D11D480BB0BDE8F08F2368D3
S21401B560ED1A636CB5FBF3F5A6E7484601F0A6F9BC
S21401B5700DF11303019A4946204612F086FA034656
S21401B58090B1B21C03D0D9F80020B2420CD19DF87C
S21401B59013204946039338460D4B88F800201A6855
S21401B5A013F011FB039B9B46D9F80810A2E7BBF1E9
S21401B5B0000FD0D0B6F5801FC8D298F800303146BB
S21401B5C07A6804F1080001F0BDF8BFE70BE000F06F
S21401B5D0C8FF0200A41C00202DE9F3410E460446D4
S21401B5E017469846816A194DE36A8B422AD04B1C4E
S21401B5F018E0284601F062F90DF1070301222946F9
S21401B600204612F042FA30B143469DF807202946FB
S21401B6102046B847B0B1A9684A1C05D0012E0AD009
S21401B620E36A9942E5D10DE06968204612F084F993
S21401B630012E0146D8D16B6881EA0302636C5B4236
S21401B6401A42D1D002B0BDE8F08100BF781C0020BC
S21401B6502DE9F041036B9046826B90B007680E4669
S21401B6609A42426C01A9044688BF8363436A02FB7F
S21401B6700377C36B05225B693846984701A812F029
S21401B680C5FC01280146307056D0656C06A9E26BF0
S21401B6902368606AD2F814C0052205FB0030002535
S21401B6A0E04706A812F0B2FC012823D001218DF84C
S21401B6B034800E958DF83C10D4E90A32CDE90B455D
S21401B6C093422AD11946204612F036F9236B626C52
S21401B6D01433E0629B1A23630C9B53B99DF83C30EC
S21401B6E03BB1626A616C2368E06B01FB023112F0C8
S21401B6F045FC0C9DE36B052201A938465B6998471A
S21401B70001A812F083FC3070236B2846A26B9A4284
S21401B71088BFA36310B0BDE8F081237C33B90BAAC0
S21401B7201C4904F1080001F05DF8D5E70BAB1A4A95
S21401B7302046FFF751FFCFE7237C23BB224617495C
S21401B74004F1080001F04EF8616A204612F088F80C
S21401B750616A421C204612F051F8054620B9236B57
S21401B760626C1344143B2363A16A204612F0E4F88A
S21401B7702368A062C01A636CB0FBF3F060622046D7
S21401B78012F01EF9B6E70023054A2046FFF724FF0C
S21401B790DAE700BF85BF010001BF010013DB02002D
S21401B7A0AFDA020073B50D46D11E1C461B7E4A4217
S21401B7B04A419A4226D129682368994222D363686E
S21401B7C099421FD8114E0DF107033246FFF758FE76
S21401B7D0C0B972686B689A4214D19DF80730DA1EB8
S21401B7E053425341227E93420CD163690133636114
S21401B7F0D4E90323934205D22968A26842F82310AC
S21401B80001332361012002B070BD00BFD01C0020AF
S21401B8102DE9F04F8BB09A46DFF854B180469DF87B
S21401B82050300D4616460293DBF810305345C0F0F3
S21401B8309880DBF80430D1460193B9F1000F00F08F
S21401B8408C80D8F83C30012207A901985B6998479B
S21401B85007A812F02FFBDBF80030984240F08480F6
S21401B86007A812F033FB0428074614D107A812F0E4
S21401B87034FB019B029A04463B44002A3ED1864291
S21401B88012D9361A14460199404612F055F8A9EB1A
S21401B89004090190D1E7D8F83C30022208A90198A2
S21401B8A05B69984708A8E2E7841B9F19544528BF9F
S21401B8B05446032CAAEB040A4FEA94021CD9D8F882
S21401B8C03C302946384604F003065B69984724F065
S21401B8D003031F441D44002ED5D0D8F83C30012266
S21401B8E008A938465B6998473246284608A9354470
S21401B8F013F069F90026C6E72646ECE700F00302D6
S21401B9000344074603922A1805930492049BDD1B01
S21401B910059BD81B039B9F420FD1002FB3D0D8F8AD
S21401B9203C30012208A95B6998473A4608A928468F
S21401B93013F014F978B93D44A5E7D8F83C30012254
S21401B94008A95B699847042208A9284613F006F956
S21401B95008B9043FDAE7DFF81C9048460BB0BDE8AB
S21401B960F08FDFF81490F8E7DFF81090F5E700BFE6
S21401B970FC1C002012E000F011E000F022E000F0D4
S21401B9802DE9F0410F4688B016469846044660B346
S21401B99090F83450FDB1012111F006FF0E9B0021F5
S21401B9A0CDF804800496CDE902379DF83C308DF839
S21401B9B01C30237CCDE905118BB901AA0C4904F191
S21401B9C0080000F00FFFE06BDDE90553002E08BF0D
S21401B9D01D4612F0ACF8284608B0BDE8F08101AB70
S21401B9E0044A2046FFF7F8FDEDE70546F3E700BFFA
S21401B9F0DDDA0200A5B701002DE9F04F99B00F4638
S21401BA00044609920A69416C0E93D31D1439B3FB9F
S21401BA10F1F3013302EBC302036B9342C0F00F82D2
S21401BA200023DFF824940D93E36A484619460793EA
S21401BA3000F044FFD7E9033604930E9B022B4ED148
S21401BA40CC2E40F08C81099B002B42D039462046F3
S21401BA5012F0CBF8656C079A6B1E14901340ED1A22
S21401BA60E36B012216A978685B69984716A812F05D
S21401BA7025FA00280CBF04230823782E06933FD905
S21401BA80012300254FF0080A05933B6805990E9897
S21401BA90C9F80030C9F8106012F032FA4FEA9A037A
S21401BAA0DDF81CB089F81400109300230B930F9354
S21401BAB008930C93616C4A1E0BEA02028B1A002E45
S21401BAC03AD05544AB4242D8236B5B1A13442363E6
S21401BAD0ADE0049B1B68149308230693D0E7656CBE
S21401BAE0782E079A05F1FF3303EA0203A5EB030557
S21401BAF016D8FB7D7BB9099B002BB1D10423069395
S21401BB00331DAB4210D9A6B1082DB9D804250023A0
S21401BB10AA460593B9E7099B002BA1D10823EEE7B6
S21401BB20099B002B9CD1D7E7002505954FF0040A09
S21401BB30ABE704250596F9E75345C5D30BEB0A0396
S21401BB40B0460393089B002B18BF032313E0A3EB17
S21401BB500A03B0460BEB0A029E42039228BF9846A0
S21401BB609E42EFD9D9F810200123964289F8173062
S21401BB7071D1C9F804B0089399F81730002B6CD02E
S21401BB8099F818200899D31C013209EBC30389F8E8
S21401BB901820C3F804B0A3F808809972B8F1000F12
S21401BBA014D00E9B022B5BD10B9B7BB90F9B43449E
S21401BBB0032B0BD9E36B012214A903989B699847C1
S21401BBC00546002840F03D8101230B93089B16A8EB
S21401BBD00193059B0093434699F81420396800F0B9
S21401BBE023FEE36B109A16A99B6958469847051ED3
S21401BBF00D9B18BF5B4652460D9359464346204659
S21401BC0011F0C7FE236B08F10302C9F80800A3EB85
S21401BC100A0322F003029B1A2363002D40F01181D0
S21401BC200F9BA6EB0806DDF80CB043440F9359466C
S21401BC30204611F081FE00258346002E7FF43AAFA0
S21401BC40814A04F10800396893685268E3620E9BE2
S21401BC5000F078FDDEE002238DE7C9F804B09DE729
S21401BC60099B002B30D1049BB8F1030F43440A9380
S21401BC7027D9E36B4FEA98029B69DDE903019847F0
S21401BC800546002865D118F003025FD028F00305A9
S21401BC90049B2B440493039B1D444FF0FF330499EC
S21401BCA015A8159312F08FFFE36B2846012215A9FC
S21401BCB09B6998470A9B05460493002D86D0039BF3
S21401BCC099E7039D4246E8E7039B0A9307F12003A1
S21401BCD01193FB7D78689BB13D7E00230C9AD9B207
S21401BCE08D4211D9119903F1010C31F833109142AB
S21401BCF026D907EBC3030699D8690A44104403E022
S21401BD000C9B069A13441844E36B012215A95B6940
S21401BD109847159B012213A913930C9B0A98043389
S21401BD200C93E36B9B699847039B0A9A0546434429
S21401BD309B1A042B07D978B9134604330A93C8E72C
S21401BD40521A6346CBE70A9B0393B6E70A9B049312
S21401BD503CE70A9B0493B2E70A9B0393AFE73B4E8B
S21401BD6004F1080303932368079A606CA2EB030AA5
S21401BD70BAFBF0FA00FB0A3012F078F9E16A804665
S21401BD80204611F0D9FDA26A82424AD0626CD9F8E7
S21401BD900830511E2568E0620B40216B891A0B445E
S21401BDA023630D9B5D1BB5FBF2F5AA4536D1079BB8
S21401BDB0B3EB080A12D0E36B4FEA9A0241469B693D
S21401BDC09847E36A079A834653440398DA46E36240
S21401BDD0236B9B1A4344236311F0E6FF2368616CCF
S21401BDE0E06B01FB053112F0B6F8204611F0E7FCD6
S21401BDF0204611F0E5FD2063BAF1000F11D03A6933
S21401BE00616CD31D1439B3FBF1F3013302EBC302AA
S21401BE109042A8D2304619B0BDE8F08F4FF0000A24
S21401BE20DCE73A69616CD31D1439B3FBF1F30133D6
S21401BE3002EBC302236B9342BFF4F6ADEAE7044E6E
S21401BE40E8E72E468CE700BFA41C002023E000F0A4
S21401BE5006E000F02DE9F3471E464369044688468E
S21401BE60B34217469DF828903DD300258DF807501C
S21401BE70D4F830A0204611F06EFC82450AD2236A1F
S21401BE80B5EB430F06D200220DF107012046FFF75E
S21401BE90DFFB30B39DF80730012B05D100220DF1F1
S21401BEA007012046FFF7D4FBB9F1030F06D0256B37
S21401BEB03146204611F03AFC854218D30D4D4FF01D
S21401BEC0FF31284600F0FAFC4B4600222946204660
S21401BED0C5F80080C5E9037602B0BDE8F047FFF774
S21401BEE08BBD0135C4E7044802B0BDE8F0870348BE
S21401BEF0FAE700BFD01C00200FE000F006E000F0DB
S21401BF00032A2DE9F34106460D4617461C4606D17F
S21401BF10237A012B23D0012002B0BDE8F081DFF89F
S21401BF2060800DF1070309684246FFF7A9FA6060D1
S21401BF300028EDD19DF80720237A032AE8D0D8F807
S21401BF4004106A689142E3D1012B2969D4F80CC028
S21401BF5007D10CEB01037269934202D92074207C4D
S21401BF60DAE708313B46012230466144E160294662
S21401BF70FFF742FD60600028CAD00020CCE700BF72
S21401BF80D01C00202DE9F341089C032A1746266899
S21401BF9006D1237A012B24D0012002B0BDE8F0811E
S21401BFA0DFF890800DF1070330464246FFF768FA46
S21401BFB060600028EDD12568D8F80400A96AD5F894
S21401BFC044C04840227ACCF100031840E1D1012A4E
S21401BFD009D1E268D8F8103013447269934202D945
S21401BFE02074207CD9E72868EB6A1B1A081AB3FB71
S21401BFF0FCF3B0FBFCF083420BD1706CF36A421E7B
S21401C0001340326B121A28461344336311F094FC22
S21401C010E862D8F81020E36808320649206813441D
S21401C0200122E3603B46FFF7E7FC60600028B0D0E2
S21401C0300020B2E7D01C00202DE9F04F4FF0FF336F
S21401C0404FF6FF72002500F10806044687B0C3626A
S21401C0500F4605620563C0E90923304611F0A4FEC8
S21401C060204611F0ACFB28BB2046394611F027FCD0
S21401C070204611F0A4FB28BB8A4D204611F0D3FCC4
S21401C080ECE0E26B01A92368606CD2F814C00522CB
S21401C09000FB0530E04701A811F0B8FF012828D1C0
S21401C0A02946204611F0DCFB421C2946204611F0A9
S21401C0B0A5FB0135E3699D42E3D3204611F07FFBE2
S21401C0C00028D1D000254FF0FF394FF6FF73CA463E
S21401C0D0A846C4E90853E369984514D3A5EB0905B6
S21401C0E0012D37D8636A4FF6FF72934247D16E4DE2
S21401C0F0C3E711F0B5FF0028DBD02946204611F032
S21401C100AFFB0246D1E7236801A9E26B606C576971
S21401C110052200FB0830B84701A811F077FF8346D7
S21401C12001A811F04AFF0746584611F094FF70B176
S21401C1305745236ABA4638BFC4F82480B94503F187
S21401C140010328BFB946BD42236238BF3D4608F108
S21401C1500108C0E74FF6FF7300256362E3699D425D
S21401C160C0D2676C0522206801A9E36B07FB0500B6
S21401C17001355B69984701A811F01FFFEEE7E26BF6
S21401C18001A9676C20685569052207FB0300A847CB
S21401C19001A811F012FF626A2368606C434D00FB30
S21401C1A0023011F063FF4FF0FF33A0622A46E362CC
S21401C1B06FF001010DF103032046FFF761F9002836
S21401C1C050D1AD6829462046E56211F0D4FA2063C5
S21401C1D020B9E16A204611F0AFFBE062294620460D
S21401C1E011F0AAFB0546A36A9D423DD1656920462A
S21401C1F0626CE91C143AB1FBF2F105EBC10503359B
S21401C200B5FBF2F5023511F00EFC8046A8423DD290
S21401C210616A204611F003FB0027064604F1400A36
S21401C220474512D3626C01A9236802FB0639E36B0A
S21401C23005225B694846984701A811F0BEFE5346A1
S21401C24002464946E06B11F013FF0137314620469E
S21401C25011F0E5FAAF420646E2D3154D284607B07F
S21401C260BDE8F08FA56AADE72946204611F083FAAE
S21401C270236B0746294603442046236311F05CFBE3
S21401C2800546002FAFD1C4E90B07ACE730460025C1
S21401C29011F08AFD0023074A20461946FFF79CF94C
S21401C2A0EBE600BF03E000F016E000F0D01C002033
S21401C2B013E000F079DA0200634A00232DE9F04129
S21401C2C017680E460446136018B9604D2846BDE847
S21401C2D0F08190F834500DB309680268914240F03D
S21401C2E0AA8071684268914240F0A580B168826870
S21401C2F0914240F0A080F168C268914240F09B8074
S21401C30031694269914240F09680B169C26B9142AF
S21401C31040F0918072691D468261D7E75022294616
S21401C320D0F8388012F044FC336804F10800C4F8F1
S21401C3303880236073686360336963617369D6E923
S21401C3400212A36111F042FDB36904F14000E363F8
S21401C3509B68984794F8432020B1E561002AB4D041
S21401C3603B4DB3E7656C002DF7D06668B6FBF5F379
S21401C370E361002AA9D0B542F2D82268B2FBF5F1F2
S21401C38005FB1122002A58D105FB1363002B54D15B
S21401C390204611F0E0F9A369043303449E424ED3CC
S21401C3A0636940F63472CC3B93424AD8B5F5007FB8
S21401C3B0D6D30321204611F0F7F9E36BD4E9000147
S21401C3C01B689847E36B05460220DB6898471DB15A
S21401C3D0002384F834301EE039462046FFF72CFE51
S21401C3E01C4B0546984204D139462046FFF724FEE9
S21401C3F00546636C143B002DEAD1226A204602FBF7
S21401C40003F611F0A8F9A369043303449E4206D249
S21401C41084F83450104DE06B11F089FB56E70F4A53
S21401C420012384F8343013680133D4E90001136022
S21401C43008F00FFEEFE70A4D48E70A4D46E7064DBE
S21401C44044E7094D42E700BF0C26002009E000F052
S21401C45004E000F013E000F002E000F008260020FF
S21401C46008E000F001E000F005E000F02DE9FF41F2
S21401C4700F4690461E46054698B390F8343093B35F
S21401C480B1F5801F31D21A4C022111F08DF90DF150
S21401C4900F03224639462846FEF7F2FF024678B1D8
S21401C4A0012342463946284600933346FFF7D2FC1D
S21401C4B00446E86B11F03BFB204604B0BDE8F08172
S21401C4C09DF80F30012BEBD12169B142E8D10093E1
S21401C4D0414633462846FFF79BF904460028DFD13C
S21401C4E0E7E7044CE8E7044CE6E7044CE4E700BF62
S21401C4F0FC1C002009E000F007E000F00AE000F074
S21401C5002DE9FF410C4616461F46054688B390F8AE
S21401C510343083B3B1F5801F2FD2DFF87C80012140
S21401C52011F042F921460DF10F0342462846FEF767
S21401C530A7FF044670B99DF80F30012B11D1D8F82A
S21401C5401030BB4213D10246009031462846FFF711
S21401C5505FF90446E86B11F0EAFA204604B0BDE83C
S21401C560F081074C074A022B08BF1446F2E7064C37
S21401C570F0E7064CF1E7064CEFE7064CEDE700BFA7
S21401C5800BE000F00CE000F011E000F009E000F034
S21401C59007E000F00AE000F0FC1C00202DE9F04363
S21401C5A085B00C4617461E46DDF830800546A0B31A
S21401C5B090F834309BB3B1F5801F32D2DFF880900B
S21401C5C0012111F0F1F821460DF10F034A462846E4
S21401C5D0FEF756FF044688B99DF80F30012B14D19B
S21401C5E006EB0803D9F810209A4214D3009043466C
S21401C5F0324639462846FFF70BF90446E86B11F038
S21401C60096FA204605B0BDE8F083074C074A022B90
S21401C61008BF1446F2E7064CF0E7064CF1E7064C75
S21401C620EFE7064CEDE700BF0BE000F00CE000F092
S21401C63011E000F009E000F007E000F00AE000F089
S21401C640FC1C00202DE9F3411F4600230C4616462C
S21401C65005463B6050B390F834304BB3B1F5801FBC
S21401C66028D2DFF86480012111F09EF821460DF1F1
S21401C670070342462846FEF703FF0446A0B99DF885
S21401C6800730032B10D0022B0AD101233360042379
S21401C6903B60E86B11F04BFA204602B0BDE8F08132
S21401C6A0D8F810303060F3E7034CF2E7034CF3E7B9
S21401C6B0034CF1E7034CEFE70BE000F009E000F074
S21401C6C007E000F00AE000F0FC1C002030B50C4644
S21401C6D085B0054628B390F8343023B3B1F5801FF2
S21401C6E023D2022111F060F80DF10F03104A214602
S21401C6F02846FEF7C5FE034688B99DF80F20032A93
S21401C7000DD003222146009202462846FFF7A2FBDF
S21401C7100446E86B11F00BFA204605B030BD054C17
S21401C720F7E7054CF8E7054CF6E7054CF4E700BFDC
S21401C730FC1C00200BE000F009E000F007E000F030
S21401C7400AE000F02DE9F0414668002E46D0056863
S21401C7504FF0000CA846AE4655F83C400CF1010CD3
S21401C760C4F31307013401D0B94218D0B4450EF111
S21401C770080EF1D12F46002403E0B44207F1080762
S21401C78013D055F834C00134BCF1FF3FF5D1C1F3E5
S21401C79013017A6041EA03513960BDE8F08141EA4C
S21401C7A00353CEE90032BDE8F081032B16D00024F6
S21401C7B003E0B44208F1080810D055F8347001348B
S21401C7C0C7F30757032FF4D1C1F31301C8F80420A8
S21401C7D041EA0353C8F80030BDE8F0810123037233
S21401C7E0BDE8F0812DE9F043476883B0C7B106463E
S21401C7F08846914600243368304653F8345003EB9C
S21401C800C4030134C5F30752C5F31301013505D03E
S21401C8105B68CDF80090C04710B17768BC42EAD398
S21401C82003B0BDE8F08300BF73B5012A0446224871
S21401C8309DF8185000EAC11123F07C4007D9961ED6
S21401C840012E28D9073303F07F03194308E09DF82A
S21401C8501C300A43DB0603F0C053134343F0604128
S21401C8600023C4E900108DF80730B5B12022214617
S21401C8700DF1070011F051FB1A220DF10700211DE1
S21401C88011F04BFB63689DF80720082043EA82639A
S21401C890636002B070BD1143E2E71B220DF1070091
S21401C8A0214611F03AFB23689DF80720042043EA4D
S21401C8B0C2632360EDE700BF80FFFF0738B5094B71
S21401C8C00D46002104461A6812F072F900234FF053
S21401C8D0FF322361A260E3822383A376C4E90025A5
S21401C8E038BD00BFC8FF02000138C0B205289ABF94
S21401C8F0014B185C01207047EC0603002DE9F0415E
S21401C9000E46596888B007461546490A002401298B
S21401C91022464FEA510104F10104F8D8DC785203AB
S21401C92099784FF0000824031B88C9020DF107000F
S21401C93004F48054C3F30A0301F4006192B28DF843
S21401C94007800C4302A923449C18254B1B22039302
S21401C95025F07843ED436FEA0444029311F0DDFAC3
S21401C9609DF8072025F07845029B02A90DF10700E6
S21401C970029543EAC2631B228DF807806FEA1444CE
S21401C980049311F0CAFA9DF8072007A9029B06F145
S21401C9901000079443EAC263012205934FF0FF3368
S21401C9A00693BB6998470446BB6905A9012206F1AF
S21401C9B008009847404518BF0446BB6904A90122F0
S21401C9C0301D9847404518BF0446BB69012203A99C
S21401C9D030469847404508BF204608B0BDE8F0817C
S21401C9E001009AB21046044A1368591E033102D850
S21401C9F00021116018477047C80B0020034B1868C8
S21401CA00034B002808BF1846704700BF10260020B9
S21401CA101C070300014811F08FBC00BF1826002038
S21401CA2013B50B4C0229226005D10A4811F084FC8B
S21401CA30002002B010BD0A4600930146064B054889
S21401CA4011F05CFC003818BF01204000F1E700BF80
S21401CA50C80B002018260020E5C90100014811F086
S21401CA607EBC00BF182600200021014811F099BCA9
S21401CA701826002008B5064B1B68013305D0FFF7C2
S21401CA80EDFF80F00100C0B208BD0020FCE700BF4A
S21401CA90C80B0020F8B50D4610B900242046F8BD95
S21401CAA00E4F3E68002EF8D100F0A2F8044600288A
S21401CAB0F3D0386000F0E8F8204611F024FB38B1D6
S21401CAC030463E6000F0E0F8204611F017FBE4E740
S21401CAD0002DE3D02046A847E0E700BF142600203B
S21401CAE0024B1868003818BF012070471426002032
S21401CAF038B50C4601F088FFA3780B4A13705A1E0E
S21401CB0055425541A8420CD0012B04D02846BDE819
S21401CB10384001F05BBF204601F02AFF0028F5D01F
S21401CB2038BD0020FCE700BF2B2C00200021024B63
S21401CB3008465B68184700BFDC0B002010B50446AA
S21401CB40FFF75CFF0C4B1A1A53425341A34201D123
S21401CB50012010BD094B1B683BB9094A064B002C46
S21401CB6008BF1346074A1360F2E711F0D5FC002808
S21401CB70F3D00020EDE700BFF406030014260020E2
S21401CB801C0703001026002010B511F0B6FD044660
S21401CB9018B9034B01215B689847204610BD00BFBA
S21401CBA0DC0B002010B511F0B1FD20B9BDE8104036
S21401CBB0014B1B68184710BDDC0B002010B511F0A7
S21401CBC01DFB20B9BDE81040014B1B68184710BD7E
S21401CBD0DC0B0020431E033306D8044B984228BFC3
S21401CBE01846642838BF6420704700BF40420F00D3
S21401CBF0F8B5054608F018FB07460F4B1E6826B920
S21401CC00384608F015FB344611E0B4688CB194F848
S21401CC1010C01CF0010F0CD14CF0010C95E80F0070
S21401CC2084F810C084E80F00384608F001FB20465F
S21401CC30F8BD3668E3E700BFD00B002038B50546DF
S21401CC400C4641B10B6833B11B68013303D0CB6886
S21401CC500BB18B684BB911F010FEBDE838404FF4AC
S21401CC6092724121002000F0C9B9084602F09CFEEC
S21401CC700023044A85F81031C5E93043C2E9003380
S21401CC8038BD00BFD00F002010B5044618B9054BBB
S21401CC90054A136010BD00F0E5FED4F8CC30002B39
S21401CCA0F6D1F4E7E5E00200CC0B002010B50C4607
S21401CCB000F016FF054B002103205B6898471CB166
S21401CCC002F02EF80128FBD110BD00BFDC0B0020BE
S21401CCD008B502460868FFF77DFF08604868FFF759
S21401CCE079FF48608868FFF775FF8860C868FFF7B6
S21401CCF071FF0B69C860581C03D00B48834228BFDC
S21401CD0003460B614B69581C03D00748834228BF72
S21401CD10034688694B61FFF75DFFBDE808408861FF
S21401CD20104601F0A9BD00BF40420F002DE9F84FA3
S21401CD30D0F8C43006460F4613B1038B8B4244D05D
S21401CD40D6F8C0B0BBF1000F42D0DBF80830002B9C
S21401CD503ED0DBF80C1000293AD0D6F8D4A0BAF1B0
S21401CD60000F38D04FF000094D46C84601E0DBF809
S21401CD70083005EBC50203EB8204E3890135BB42AB
S21401CD8014D8238ABB4211D3B4F91220B6F9243041
S21401CD90934250DD304696F80411EBF7EFFF737DB2
S21401CDA081468342A04606D9DBF80C108D42DED3BD
S21401CDB0B8F1000F39D00023424630461946D04715
S21401CDC03783C6F8C48086F80D910020BDE8F88F39
S21401CDD00320BDE8F88FD14647F6FF755446524604
S21401CDE004EBC40803EB8808B8F80E30BB4216D82B
S21401CDF0B8F81030BB4212D3B8F91220AA4202D1B9
S21401CE004FF0FF09DCE7304696F80411EBF7B6FF62
S21401CE10737D81468342D3D94246DBF80C10013438
S21401CE20A14204D9DBF80830DAE70120CEE7002A70
S21401CE30FBD09046C4E7A046BDE700BF2DE9F0470A
S21401CE4082B004468946164601F018FF002847D1ED
S21401CE503B4D2B68D4F8C0A0D4F8C4700BB1534531
S21401CE604FD04FF00008C5F8089001F059FF01288F
S21401CE703AD12B68DAF800103A6813B1186888427C
S21401CE804AD0204611F006FCC5E900A7D4F8D450D4
S21401CE908DF80760002D46D00022204611460DF180
S21401CEA00703A847204601F0A3F90546B8F1000F8D
S21401CEB000D08EB1B5FA85F040F2DE32332140095A
S21401CEC000F09CF83146204601F09AFB1D4B0546C2
S21401CED0394620461B689847284602B0BDE8F087C9
S21401CEE00023174D6B60B4E7012000F0F9FD164BE7
S21401CEF0002103205B68984701F012FF0128FBD14F
S21401CF00B7E76B68002BACD0BB42AAD1AB6899459A
S21401CF1014D04FF00108A6E7696811B1096891427B
S21401CF20B2D05968ADE7617D94F80D313246994229
S21401CF3028BF1946204601F0E1F8B3E70025CBE704
S21401CF40D00F0020CC0B0020DC0B0020F8B50E46DD
S21401CF50054608F069F9314607462846FFF7E6FE1A
S21401CF60044620B1384608F063F92046F8BD01F0C2
S21401CF706DFE224631462846FFF760FF04463846D6
S21401CF8008F056F92046F8BD13B50446694611F077
S21401CF906CF9204611F0F3FAFF28024606D0204627
S21401CFA09DF80010EBF768FF02B010BD0048FBE7E4
S21401CFB00080FFFF4FF4007307B50A490DF1060222
S21401CFC0ADF8063011F06DF9BDF80630B3F5007F07
S21401CFD005D1022808BF002003B05DF804FB01203C
S21401CFE0FAE700BF30260020024B1960024B18609A
S21401CFF0FEE700BFD40B00203028002008B550B94A
S21401D0000548064B01601A60054B1A68054B1A6005
S21401D0101868FFF7E9FF08BDD40B0020342800206C
S21401D0201426002030280020054B1B680BB9184633
S21401D0307047834201D01B69F8E70120704700BFA3
S21401D0403C280020094A13680BB9184670478342EA
S21401D05007D11B6901201360054A1368013B136061
S21401D060704703F110021B69EEE700BF3C28002061
S21401D070382800202DE9F74F064608F0DCF8DFF8DF
S21401D0802881012398F800B0DFF820910190BBF1C8
S21401D090000F06D089F8003003B0BDE8F04F08F065
S21401D0A0D0B83F4F88F8003089F800B011F0C7F9C2
S21401D0B008B111F0C2F93D683A495DB9DFF8F0A050
S21401D0C0DAF800200024AA423B682FD84FF0FF313F
S21401D0D034483BE06B7D8BB12B68B34202D09A1B80
S21401D0E08A420BD96A6813442B60AB68003A18BFB2
S21401D0F00122003B18BF01236A75AB752D69DCE779
S21401D100907D20B1107D88429CBF0146144612696D
S21401D110002AF5D1002CD9D0D4E90001A275411A14
S21401D120D4E90232204698470135C9E71A46FF215D
S21401D130EEE75A7D4AB11A68B24224D0921B824267
S21401D14021D8914201D311461C461B69002BF0D110
S21401D1505CB12046FFF776FF38B13B683C6023613F
S21401D160DAF800300133CAF800303B685A7D6AB9F4
S21401D17011F061F9064699F80030002B94D1019818
S21401D18088F8003088E71C460021DEE7186800F0C2
S21401D190D3F8044611F04FF90646002C84D1EAE78D
S21401D1A03C280020FCFFFFBF2D2C00202C2C00204B
S21401D1B03828002038B5054608B31822002111F09A
S21401D1C0F7FC08F038F802462846FFF72DFF20B195
S21401D1D0104608F036F8022038BD0A4B1C6854B9D0
S21401D1E009491D600B68104601332C610B6008F07D
S21401D1F028F82046F0E704F110032469EFE7012040
S21401D200EAE700BF3C2800203828002038B504464D
S21401D210FFF70AFF08F00FF805462046FFF704FF60
S21401D220637D23B9284608F00CF8032038BD002397
S21401D2306375064B1B68A34203D111F0FCF8FFF798
S21401D24019FF284607F0FDFF0020EFE73C280020E5
S21401D2502DE9F84FDDF82890984604460D4692468B
S21401D260FFF7E2FEDDF830B007F0E5FF074611F004
S21401D270E2F806462046FFF7D7FE637D23B1204637
S21401D280FFF7C4FF0023A375BAF1010F23D175B9C7
S21401D290B8F1000F21D1B9F1000F03D05A4631463B
S21401D2A02046C847384607F0CCFF002019E0354431
S21401D2B00D4BAA1B9A4210D8012363759DF82C309A
S21401D2C03046C4E90058C4F808902375C4F80CB079
S21401D2D0FFF7D0FEE6E7AE42EAD1384607F0B1FFE7
S21401D2E00120BDE8F88F00BFFCFFFFBF2DE9F0412C
S21401D2F007468846FFF798FE07F09DFF3D680646FD
S21401D30011F099F87B7D7BB185420DD0094B2C1A23
S21401D3109C4209D8304607F094FFB8F1010F08BFC8
S21401D32025462846BDE8F081304607F08AFF0025ED
S21401D330F7E700BFFCFFFFBF08B50023044A194604
S21401D34000F086FD10B1012818BF032008BD00BFFC
S21401D35001E402000E232DE9F74F06460F46144658
S21401D36000254FF00609DFF854801370EBB209FB75
S21401D37003F3D8F80010CA185079012807D9207885
S21401D380A0F10E035842584103B0BDE8F08F31F9C1
S21401D39003B01179B2F902A030460022019111F0D2
S21401D3A013F8019908B90135E0E72170B7F90030A3
S21401D3B05B45F8DB5345F6DC0020E5E7D80B00209B
S21401D3C0014911F03EB800BF31EF0100014911F0EB
S21401D3D038B800BF05EF010070B5164E03280446A5
S21401D3E00D4633781ED023FA04F202F00102AA4257
S21401D3F01DD053B10122A240A54023EA02032B43CC
S21401D400DBB233704BB1012070BD2DB10A4B012048
S21401D4101B6898473378EDE73570074B00201B688B
S21401D4209847F0E79A07DED003F0FC03E9E700200F
S21401D43070BD00BF2F2C00207C280020F8B50546C3
S21401D4400C4607F0F1FE104F06463B7833B1012D2E
S21401D45004D01CB90D48EEF795FB3C7021462846D2
S21401D460FFF7BAFF0A4B04461B783BB93B782BB94A
S21401D47011F041F910B1074B1B689847304607F089
S21401D480D7FE2046F8BD00BF302C002050280020D3
S21401D4902F2C0020DC0B0020054A0B46117831B1F9
S21401D4A000211170034A012152681878104770470D
S21401D4B0302C0020DC0B002038B5074D04462B78B5
S21401D4C0834207D001F016FC20462C70BDE8384098
S21401D4D0EDF7BABE38BD00BF2E2C002038B5044685
S21401D4E080B107F0A1FE012104460846EDF74CFE87
S21401D4F001210B4A084608F0B1FD2046BDE8384038
S21401D50007F096BE07F090FE054621460120EDF78E
S21401D5103BFE01202146024A08F0A0FD2846EDE721
S21401D520620703001B4B022910B5187002D00329AD
S21401D53004D010BD184B1B78002BFAD1FFF7D0FA98
S21401D5400028F6D04FF00052144BC3F88020BFF3EA
S21401D5504F8FBFF36F8F01F0A5FB0028E9D001F0D4
S21401D56017FA0028E5D10E4B1C6834B1236898479A
S21401D570BDE81040002001F0B1BB10F0BBFE094B26
S21401D580186008F0B6FD084B1860204601F092FBC3
S21401D590EEE700BF360D00202E2C002000E100E053
S21401D5A09C280020782800207428002038B50446DE
S21401D5B00D46FFF795FA80B14FF00052124B1A60F4
S21401D5C001F070FB48B9012D07D8012001F086FB58
S21401D5D00E4B1B6823B15B6898470D4B1C7038BD1A
S21401D5E008F087FD0B4B1A68801A1860EEF780FB6F
S21401D5F04FF47A72084B1B6802FB003010F07CFE79
S21401D600012001F057FBE8E700E100E09C2800203C
S21401D610360D00207428002078280020F0B585B04B
S21401D62007F002FE304D04462B7823B12F48EEF763
S21401D630A9FA00284BD1EEF737FB02AA03A911F08D
S21401D64044F80346002833D011F053F8029B984261
S21401D6501ED10020264B03991B68264E9942307036
S21401D66022D90027C91A012320482B70224A3346A3
S21401D670CDE9007708F019FD002830D11F4A13784C
S21401D680D90718D4204607F0D3FD002005B0F0BD19
S21401D69011F02DF8029B98421FD00023184614491A
S21401D6A0144A0968137003910121FFF795FEE9E713
S21401D6B020462B70E7E731780029E3D103F0FE031B
S21401D6C01370002BDED10E4B1B689847DAE7204615
S21401D6D007F0AEFD032005B0F0BD0220BAE7032334
S21401D6E020462F703370F3E7302C0020502800209E
S21401D6F070280020350D002099D401002F2C002021
S21401D7007C28002070B507F08FFD164D04462B7857
S21401D7100BBB154A15491370154B164A16481A6065
S21401D720164A174E5A60EDF7C3FD16491648EDF72F
S21401D730BFFD164B80203360EAF754FB052804BF73
S21401D740134B3360134B5B6F9B0542BF0222124B98
S21401D7501A6001232B70EEF7FBF8204607F068FDF0
S21401D760002070BD312C0020302C002068070300FB
S21401D770DC0B00201DD60100402800203DD401000E
S21401D7807C2800207007030048280020B9D4010037
S21401D790DDD40100004000507028002037B50C464B
S21401D7A0234D59B90A46072105F090FD214BAC647B
S21401D7B05C6003B0BDE8304005F0A6BD0722114607
S21401D7C005F084FD07221C4B0121DA60237901A8AC
S21401D7D085F848306379019311F037F9019BC2B29D
S21401D7E0D34000F00F0040EA031085F84900A27903
S21401D7F085F84A20E27985F84B202068E864019391
S21401D8009BB1012102888B4208D82379013B13443E
S21401D8100A4A136205F078FD03B030BD30F81150A6
S21401D8200131AA4228BF2A46EDE71A46EDE700BFB6
S21401D830003F00B0483F00B0006000B8004000B8AC
S21401D84010B5054C237823B103F096FB0020207019
S21401D85010BD0320FCE700BF332C002008B503F001
S21401D86059FB0122014B00201A7008BD332C002001
S21401D870431C07D06FF0FF02034B10405A62A3F51A
S21401D88080535862704700BF00E000B810B504230B
S21401D8904FF03A4101240A4AD1F81801C2F818316A
S21401D8A0C2F814314C634FF400511163410742BF73
S21401D8B0C2F81431A2F58052C2F8183110BD00BF6B
S21401D8C0002000BA00F01803182B0AD003070AD468
S21401D8D040F2011310F0100018BF1846034BD8672A
S21401D8E070470020FAE70120F8E700BF003F00B0CC
S21401D8F0344B2DE9F7431E6801F4007900F001036B
S21401D900174653EA090205460C462ED04FF000088A
S21401D91003B30023002201200021CDE9008804F092
S21401D92013FB4146304603F0ADF8414670830120B3
S21401D930FFF7BCF9716B06F1D80003F01DF9224917
S21401D9400868FFF795FF4FF0FF330B60337C43F019
S21401D95004033374B9F1000F07D00121304610F0EB
S21401D96088FC24F4007405430C43D6E94A232A4074
S21401D970234052EA030103D0144930460968884718
S21401D980FB070FD51249134A086800211368116076
S21401D9900121114A117003B19847104B0021022052
S21401D9A05B68984717F00E0F08D040F2F3123B2140
S21401D9B0002003B0BDE8F043FFF720BB03B0BDE88D
S21401D9C0F08300BF14260020E40B0020E80B0020A3
S21401D9D09028002094280020352C0020DC0B002005
S21401D9E0F7B504461046D4E94AC7DDE908268CEAAD
S21401D9F0020587EA06010540194085EA0C057940CB
S21401DA00C4E94A51002523F4004106EA010320F047
S21401DA10010043F40073024043F00203CDE90055D0
S21401DA2004F092FA237C9A0717D5D4F82C319B057B
S21401DA3013D54FF48811204610F01BFC237C65F3A8
S21401DA4041032374D4E94A2302400B4052EA0301FE
S21401DA5003D00349204609688847002003B0F0BD7B
S21401DA60E80B002038B10368044A002B08BF1346B0
S21401DA70034A13607047014BFAE700BFE7E4020070
S21401DA80E80B0020024B986E00F00F00704700BFB5
S21401DA90003F00B00F2938B505460C460ED801F0F8
S21401DAA03FF901280CD1074A2846936E23F00F034D
S21401DAB02343936610F03AFE002038BD0120FCE7B0
S21401DAC00220FAE7003F00B0014BD86E704700BF56
S21401DAD0003F00B0014B0020D9667047003F00B000
S21401DAE003282DE9F7434CD8274B13F80080274B22
S21401DAF01E5C274B13F8009007F096FB074604F0D0
S21401DB00F1FB054640B100230022CDE90033012098
S21401DB100023002104F018FA04F0ECFB48B10023BE
S21401DB200022CDE90033002000234FF4004104F029
S21401DB300BFA26B3174BDC6C04F00804164B31467F
S21401DB40DC64404604F0E4FD4A463146404604F0B3
S21401DB506BFE124BDC6465B1114B1868416BD83013
S21401DB6003F00AF80F490868FFF782FE4FF0FF330B
S21401DB700B60384603B0BDE8F04307F059BB3446A6
S21401DB80DCE703B0BDE8F083800703007C070300F1
S21401DB9078070300004000B8006000B8005000B8E5
S21401DBA014260020E40B00200F4A136C13F0A00F7C
S21401DBB015D1506C10F0040013D10C4BD3F8EC3E89
S21401DBC023F07F4323F0FF035BB1D368C3F3036203
S21401DBD0092A07D0B2F10C0018BF012070470020B7
S21401DBE070470120704700BF000002B8003000B047
S21401DBF070B504460D4616462BB1FFF747FE29467B
S21401DC00204601F087FA4FF03A420124D368D26ADF
S21401DC1003F0070306339C40C2F30C03E41AA4B2D4
S21401DC20B44228BF344629462246024801F0BCFBCE
S21401DC30204670BD0C0000BA70B50D46064620B9E8
S21401DC40194B1B68A3B1032011E001F069F8012804
S21401DC5028D1164B93F90040C4F12704641BC4F184
S21401DC601C03002BB8BF5B42232B0CDD012070BDCB
S21401DC70A1F10B03002BB8BF5B42232BF6DC0B4B49
S21401DC8019700020F3E7B57407F0CEFA084AE402EB
S21401DC90136A04F4FF2423F4FF231C43146207F0E1
S21401DCA0C7FAEEE70220E2E714260020322C002015
S21401DCB000C000B8094B08465A6A91020BD4D3F843
S21401DCC00021D20708D4D3F8803013F4706F14BF44
S21401DCD00120002070470120704700BF004001B8B6
S21401DCE0F8B50D46436B02EA010423EA0103234318
S21401DCF043633D4A01F00B0323EA0401D164234048
S21401DD00A2F580526F070646D36410D50121FFF7AE
S21401DD10D1FF60B104F09EFC4FF4007314F0040FC1
S21401DD2014BF324A324A53620422324B1A64E9065D
S21401DD3006D514F0100F14BF00221B222E4B5A6575
S21401DD402A061DD5230616D54FF40012274B1A6254
S21401DD50012203F58053C3F8002107F065FA0E216E
S21401DD600746032002F054FE40F20122224B3846B9
S21401DD70DA6207F05DFA214606F1D80002F0FCFEF1
S21401DD80EF0503D5E00529D502F012FEA90503D556
S21401DD90A20526D502F018FE15F0600F09D0D6F8B8
S21401DDA0C810304610F0A0FB8022144B9867144B25
S21401DDB01A612B0510D504F04DFC124A14F4006FBD
S21401DDC0D2F8EC3E14BF43F0006323F00063C2F8C0
S21401DDD0EC3E0422074B1A640020F8BD02F0E2FD77
S21401DDE0D4E702F0EBFDD7E7006000B8005001B8B9
S21401DDF0006001B8002002B8004000B8003F00B043
S21401DE00000002B8003000B0014B1868704700BF30
S21401DE108C28002037B5012300240022CDE90034E8
S21401DE2000231046194604F08FF8022002F06AF922
S21401DE30054D064B21461C6002206B6898472B68EF
S21401DE4003B0BDE830401847DC0B002094280020C2
S21401DE502DE9FF4102290C4615469846039005D147
S21401DE60FFF7D8FF002004B0BDE8F08107F0DCF929
S21401DE70184E074633683BB1AB4205D007F0D8F9D8
S21401DE80002301203360EEE7134B0022C3F8008025
S21401DE9001233560CDE900330023002510461946DD
S21401DEA004F052F80D4B02201D7002F02BF92246A9
S21401DEB02B4603A9022002F043F90446084B039AB5
S21401DEC01A60084B1B689847384607F0B1F9002CD2
S21401DED0C8D1D5E79428002090280020352C0020B2
S21401DEE08C280020DC0B0020044B5B6E5B054EBFCC
S21401DEF00120034B187800F00100704700C001B8FC
S21401DF00352C0020014B186A02F094BD004001B880
S21401DF10014B186A10F033BD004001B8437C5A1F0C
S21401DF20012A01D9082B05D14B7C2BB1012B05D039
S21401DF30022B05D010F003BB024870470248704719
S21401DF400248704720A1070048E8010040420F0040
S21401DF5070B50E4607F068F9054600F005FF044661
S21401DF6020B1284607F064F9204670BD04F072FB24
S21401DF70104B3278D3F8EC3E022A23F0F00315D08A
S21401DF80101F42424241520043EA02137278022AAB
S21401DF900ED0111F4A424A41520043EA8213054AF3
S21401DFA0C2F8EC3E0422044B1A64DAE70122EBE7DE
S21401DFB00122F2E7003000B0002002B870B50E462C
S21401DFC007F032F9054600F0E5FE044620B1284682
S21401DFD007F02EF9204670BD04F03CFB104B32785A
S21401DFE0D3F8EC3E022A23F00F0314D0101F42424E
S21401DFF04241520013437278022A0ED0111F4A4240
S21401E0004A41520043EA8203054AC2F8EC3E042222
S21401E010044B1A64DBE70122ECE70122F2E700BFBA
S21401E020003000B0002002B82DE9F8430E7804460F
S21401E030042E0D4690F804810BD100275FFA87F96C
S21401E040484601F0FFFC08B14E4602E00137042FB6
S21401E050F4D1304601F0F6FC002845D094F804319E
S21401E060B34208D1AA88A36C9A4204D16A88B4F84C
S21401E07006319A4235D084F80461AB883046A4F85C
S21401E08008316B88A4F80631AB8804F58275A36461
S21401E090FF23A37510F0F7FB6075284601F092FC8C
S21401E0A018BB284601F0C4FCF8B9D4F8C43053B103
S21401E0B094F80411414506D02046B3F91220EAF738
S21401E0C05DFE84F80D01204601F0FEFC0949A4F826
S21401E0D008010123084AD1F8FC1004F1D80003F026
S21401E0E021FD0020BDE8F88301200E2384F80431C9
S21401E0F0F8E700BF004F00B0A43F00B070B505467A
S21401E10090F804010C460E281DD0FF291DD01AB127
S21401E1104FF0FF320E4B1A6010F0B5FB064695F82D
S21401E120040101F0C3FC844228BF0446E4B2B442B1
S21401E13038BF3446E0B2A87501F0BAFDA0F1FF037E
S21401E1405842584170BD0220FCE70120FAE700BFA3
S21401E150EC0B002010B590F8043104460E2B3ED08F
S21401E160D0F8C4304175BBB3D0F8D420DAB990F8F2
S21401E1700D318B421DD300222046FFF7BFFF88B921
S21401E180184B1B7813F0FD0F0BD1204601F09CFCB9
S21401E19015490123154AD1F8FC1004F1D80003F003
S21401E1A0C1FC002010BDB0F92420B3F912309A4208
S21401E1B0E1DD0022204694F80D11FFF79FFF0028AD
S21401E1C0F0D1C4F8C40020460FF0E1FF0146204616
S21401E1D0BDE81040FEF7BABEFF238375E1E70220D3
S21401E1E0E0E700BF0C0D0020004F00B0A43F00B0D8
S21401E1F0C36B012B01D10020704770B505464D4910
S21401E2008EB010F07DFBD5F8C46001462C8BC5F8A6
S21401E210C80026B1336813B15B68002B5CD107F0E8
S21401E22003F807F005F80123D5F8C8108DF80E306D
S21401E230B389D6E90120E31A9BB200FB03223E48CC
S21401E240ADF80C3003680292994207D0284610F0C8
S21401E2504BF9802239493A4B88671A61394C384E56
S21401E26000F05EFD0128FBD1236CDA07F8D4336C8D
S21401E270DB01F5D4D5F8C81028460D919DF80E207F
S21401E280029908AB03F042F918BB08A901A803F0EC
S21401E29055FBF0B92A8B2C4B5A642B7C60F3410357
S21401E2A02B7410F07AFAD5F8C43002465B69196807
S21401E2B0431EDBB2FD2B049114D9CC1C12D9234B7F
S21401E2C001311B6815D0D81C10D8284604A9049320
S21401E2D00AE002200EB070BD1A68032A9FD99B6A15
S21401E2E05B0EA3E7284604A910F041FA00200EB001
S21401E2F070BDD91C04D8284604A9049310F037FA37
S21401E300D5F82C319B0504D42B7C43F002032B74E7
S21401E310ECE74FF4803128460FF0ABFFD5E94A23EE
S21401E32002400B4052EA0301E0D009492846096839
S21401E3308847DBE7FC4F00B080280020003F00B094
S21401E340000002B800C002B8008001B8F80B002037
S21401E350E80B002038B590F8105104463DB306F09E
S21401E36063FF1F22124B013D5A621540114A1249A2
S21401E3705562D4F814518D66D4F81851CD66D1F88B
S21401E3800011C9070FD54FF0FF31C3F80411216CF6
S21401E390C2F804114FF0F041C3F81011E37CDB061C
S21401E3A00B40C2F81031BDE8384006F041BF38BD19
S21401E3B0006001B8005001B8004001B82DE9F74FE0
S21401E3C006461546084619B9012003B0BDE8F08F88
S21401E3D0002AF9D0032904D8002101F02DFA0028DB
S21401E3E0F2D0B0F90010837800290488077990F8F4
S21401E3F005B0B0F806C003F00702C0F2CE80A2F165
S21401E4000708D8F1000141EB0801052A297394BFDA
S21401E4100021C3F30011C3F38010697399092874AE
S21401E42001F00201C3F3C0000143C3F34013697452
S21401E430AB74EF74736BA5F814C0D80600F199801D
S21401E440063A012A00F29580554B4FF001095B6DA3
S21401E4504FF03A431A6DDB6C083C03F007030633B2
S21401E46009FA03F9002309F1FF3942F0005804EADA
S21401E470090418F804A0013404EA0904AB60631D1A
S21401E48003EA09035A1C02EA090218F8037018F88D
S21401E4900220BAF1800F737C18BFAAF1320A47EA4C
S21401E4A002270CBF6FF07F0A4FFA8AFA3FB2A3B376
S21401E4B00020D6F8D0300BB1514698470134E873A6
S21401E4C085F80EA004EA090418F80410013404EAD9
S21401E4D0090418F80430013404EA090441EA032166
S21401E4E018F80430013404EA090441EA034118F833
S21401E4F0043041EA036117F4804305D0294BDB6EF3
S21401E500B3FA83F35B095B0030466A7C03F0CCFB0D
S21401E51006232860AB71002057E7F90425D5D6F805
S21401E520C830ABB11A68022A12D993F82400C7F38F
S21401E5300B03DB0008B1B3FBF0F39B45B8D8002B07
S21401E540B6D0CBEB0B20B0FBF3F0C043C0B2B0E7C4
S21401E55029463046FFF7E2FC019030460FF0DFFF18
S21401E560019BB3FBF0F0C0B2E1E718F804004000ED
S21401E570ECE700230020EB730B4BDA69C2F30723A9
S21401E580120448BF63F0FF035AB212F1800F1CBF9A
S21401E590323B5AB2AA730346BBE7022015E700BF17
S21401E5A0004000B8003F00B000C000B870B54FF0A2
S21401E5B03A434FF480640A4DD3F818610020C5F839
S21401E5C01841C5F8144104F00BF94FF400532B67BA
S21401E5D0730542BF034BC5F81441C3F8184170BD1B
S21401E5E0002000BA001000BA082310B1024A1364D2
S21401E5F07047024AFBE700BF001002B8002002B8CD
S21401E600F8B504460E4611B9037C5A0647D44FF6B0
S21401E610FF73A18BD4F8C870994204D0344B1B68A1
S21401E6200BB120469847334D2B68BB4254D0324B32
S21401E6301B683BB11FB13A68002A4FD0BF68394604
S21401E640204698470727204601F03EFA002E39D08B
S21401E65004F05AFE0620294B94F9122093F9003053
S21401E6602749C3F127039B1A0A6ADB0222F4FF2219
S21401E67003F4FF2313430B62D4F8C820214B2A600E
S21401E680986701F08DFB002501211F4A1F4B117071
S21401E690204683F8845010F049F82846F8BD4FF616
S21401E6A0FF71144DD0F8C8702A6866F38613974236
S21401E6B08183037417D0104B1B68002BBAD101F06D
S21401E6C003FA072712493B46124AD1F8FC1004F117
S21401E6D0D80003F027FABBE70127B4E71746204620
S21401E6E039469847AEE701F0EFF90127EAE700BFA0
S21401E6F0882800208028002084280020322C002032
S21401E70000C000B8006000B8342C0020003F00B004
S21401E710004F00B0A43F00B02DE9F8430D4600F0CD
S21401E720FFFA0128044630D1194F3B7883B92846B1
S21401E730E9F7C8FC054610B9E9F70EFD2C463B780B
S21401E7401BB10121022003F065F92046BDE8F883DC
S21401E7500021022003F05EF910F0A1F80646DFF86A
S21401E7603490DFF83480D9F8F4331B07DFD410F087
S21401E77096F8801B404541F6A2224FF045018CBF1A
S21401E78000200120FEF73AFCEDE70224DDE700BF9A
S21401E790362C0020000002B83F420F0008B5582270
S21401E7A00021064810F004FA1022FF21044810F058
S21401E7B0FFF9BDE8084004F0A7BD00BFF03E00B079
S21401E7C0343F00B0002373B583746923C0F8E0308A
S21401E7D074234FF0FF350E26A0F8F4306423044668
S21401E7E0C0E93933C0E93B33C0E9075580F8046115
S21401E7F085644575C58203F085FD2046FFF7CEFF8B
S21401E80094F912102046FFF717FA6023114A40F6D2
S21401E810FF71D3644FF03A42116311670E4A2946DD
S21401E820D36440220D4B20461A64626BFFF758FAF8
S21401E830002240F2022310461946CDE9006603F095
S21401E84083FB01F013F9204602B0BDE87040FEF7E5
S21401E850B1BB00BF004000B8005000B8002002B8AD
S21401E860044BD3F8EC3E13F0806F14BF2320002036
S21401E870704700BF003000B00246F8B5B0F8084156
S21401E88000F1D805FFF7ECFF0B688E68013304BF73
S21401E890D2F8E0300B604B68013304BFD2F8EC309D
S21401E8A04B60771C37D1D2F8E830CF688B607E1C7E
S21401E8B038D1D2F8E4600F69CE60013704BFD2F8D0
S21401E8C0D8700F614F69013704BFD2F8DC704F6111
S21401E8D08F69013704BFD2F8F0708F618F6947BB2B
S21401E8E0C0F1640408688C61C2F8E8304B68C2E97C
S21401E8F03806C2E93B340B692846C2F8D8304B6962
S21401E9000F49C2F8DC30D1F8FC1007230D4A03F09A
S21401E91009F90020F8BD04F169031B1AB34238BF98
S21401E9203346C2E704F17406361ABE4238BF3E4685
S21401E930C1E76934241ABC4238BF3C46D2E700BF5F
S21401E940004F00B0A43F00B038B50446074D21463D
S21401E9502868621C003818BF012002F0CBFA2B6829
S21401E9600020003B18BF0123A37038BD9828002063
S21401E97038B5054C054B417800782568236002F0D0
S21401E9800BFA00B1256038BD982800208C070300DB
S21401E99070B506F049FC05460B4E00F0C1F901289A
S21401E9A004D0284606F044FC022070BDF36813F03C
S21401E9B0706FF2D1F46814F08054EED1284606F058
S21401E9C037FC2046F1E700BF000002B80A4B10B53D
S21401E9D01B68044673B1094B48B10121084A1A6005
S21401E9E0022003F017F80020064B1C7010BD0146EC
S21401E9F01860F5E70220F9E7982800209C280020F7
S21401EA0084070300362C0020014B1878704700BF9E
S21401EA10362C002038B506F007FC4FF6FF710A4A7F
S21401EA2013888B4203D106F003FC032038BD074C44
S21401EA30074D1B046566A4F580546366118006F0D5
S21401EA40F7FB0020F2E700BF0A0D0020006001B8C6
S21401EA500000FFFF2DE9F34105460F461446FFF778
S21401EA60A3F890B1DFF8E08102F0C0FFD8F81430C7
S21401EA70DE0740F1CE8006F0D7FB0646032001F004
S21401EA8065FC38B1304606F0D3FB0226304602B0AC
S21401EA90BDE8F081D8F8143013F0060FF2D13046F5
S21401EAA006F0C6FB5C4B4FF400612846D3F8EC8EAB
S21401EAB0D3F8CC6E04F01EFC38B14FF4007201217D
S21401EAC0564B08461A64FEF7F1F839462846FEF713
S21401EAD03DFA514BC3F8CC6EC3F8EC8E06460028BF
S21401EAE0D4D12B7CD80601D4002C55D0C4F34000D9
S21401EAF003F076FD022314F4807F1FBF484A0021ED
S21401EB0013644FF03A420BBF444A91611364536356
S21401EB1003F0A0FD4FF4806314F0040F14BF414AC4
S21401EB20414A14F0400F53624FF004023B4B20461B
S21401EB301A644FF0400314BF3C4A3D4AC2F888307D
S21401EB40FEF7C0FE28460FF021FD38B14FF4807362
S21401EB5014F0010F14BF324A304A1364A10642D59D
S21401EB604FF6FF726B8C93420FD0324A3249526E87
S21401EB70100CC2F301120132B3FBF2F30880294AEA
S21401EB8029492E481B0448665366003C18BF0124D9
S21401EB902B7C64F304132B7428460FF0C4FDF0B1EC
S21401EBA028460FF0F3FCD0B14FF40031284604F0AC
S21401EBB0A1FB431C03229BB2214801A90FF023FEAF
S21401EBC09DF8042002F00703052B9DF8053013D1AC
S21401EBD012070BD443F480731A4AC2F8D4300020CB
S21401EBE00FF04EFE52E7FFF715FFCEE713F0040FC6
S21401EBF009D19DF80630EDE703F03002202A05D151
S21401EC0013F0010FF4E74FF48073E5E79DF8063043
S21401EC10E2E703263AE700BF003000B0002002B862
S21401EC20001002B8005001B8006001B800D000B86A
S21401EC3000E000B8004001B80A0D00200000FFFF08
S21401EC400C0000BA003E00B000C001B808B5094B80
S21401EC50D3F84C315A1C0CD05B000AD40320FEF7C3
S21401EC603FFF4FF08062044BDA6401225A610222B0
S21401EC709A6208BD0080E00F001002B84FF400222F
S21401EC80034B186C03F500531A64C0F3C040704779
S21401EC90000002B8014B024A1A607047842800201F
S21401ECA09DD70100024B586900F00100704700BF74
S21401ECB000C001B8084B5A69D10707D508B901F059
S21401ECC0FDB95B69DA0706D401F0EAB95B69DB07CF
S21401ECD001D40028F8D1704700C001B84FF0806316
S21401ECE010B1024A53617047014AFBE7001002B8AF
S21401ECF0002002B8202350B1064AC2F8F433064B6E
S21401ED00196C11F0020104D1032002F083BE034AFC
S21401ED10F3E77047001002B800C002B8002002B83E
S21401ED200F4BDB68C3F30363013B0B2B0FD8DFE804
S21401ED3003F006060C06060606080A08080802205E
S21401ED407047042070470520704703207047054B25
S21401ED505B6913F0060F0CBF01200420704700BF4B
S21401ED60000002B800C001B8094AD368C3F30363C0
S21401ED700B2B08D06FF49050184100F0010080F082
S21401ED80010040007047106C10F48030EDD17047E0
S21401ED90000002B80C4AD368C3F30363062B07D8F6
S21401EDA0042BD8B20BD8C31E5842584140007047B6
S21401EDB0072B06D1D2F844010028ECD17047022077
S21401EDC070470020704700BF000002B8F0B5CF07BB
S21401EDD02BD5002A14BFAA2555250E461E24154FED
S21401EDE001F0030383F001033B449B7806F0070C14
S21401EDF017F80CC0013C63444FEA5606F6D10E4E96
S21401EE0073436FF481769B0C334482B991FAA1F176
S21401EE1095FAA5F54A082D0F490042EAC57201F098
S21401EE200204C474C0E91023F0BDAA25D5E7034A3D
S21401EE30F7E700BFA007030036FC1000B7563512EF
S21401EE4030B547F6FE74164BC3F83042456C04EAFB
S21401EE504504144DC5F830420F245C66CC071CD51A
S21401EE60DAB901246C664FF0FF34C3F80441056C2F
S21401EE700C4CC4F804514FF0F045C3F81051C37C54
S21401EE80DB062B40C4F8103132B14FF03A43022270
S21401EE90C0F88010C3F8F42030BD0224E2E700BFBA
S21401EEA0006001B8005001B813B5437C0446033B2B
S21401EEB0DBB2072B96BF104A0021D15CFEF70AFE93
S21401EEC0012001F067F84FF4F0620C4BDA644FF45E
S21401EED00072A3F58053DA64637C053B012B08D8E6
S21401EEE00421074B01229B6E0DEB0100019300F0FC
S21401EEF021FB02B010BD00BF98070300006000B8F8
S21401EF00004001B8012310B580F8F6302823C0F878
S21401EF10DC30042304464374044B19680FF001F9EE
S21401EF202046FFF7C1FF002010BD00BFE407030025
S21401EF30012310B580F8F6302823C0F8DC30022310
S21401EF4004464374044B19680FF0EBF82046FFF7AC
S21401EF50ABFF002010BD00BFE8070300012910B574
S21401EF60044604D90239012914D9032011E00B4BB8
S21401EF7019680523012284F8F6204FF4BC726374E5
S21401EF80C4F8DC2020460FF0CCF82046FFF78CFFB3
S21401EF90002010BD024B19680623EBE7E0070300CB
S21401EFA0DC070300012310B580F8F6304FF4BC737C
S21401EFB0C0F8DC30082304464374044B19680FF08C
S21401EFC0B0F82046FFF770FF002010BDD8070300F9
S21401EFD038B5184B04461D6845B1EB6833B128684F
S21401EFE001F026FCAB68186801F022FC124B1B6886
S21401EFF02BB1DA681AB19B68186801F019FC0F4B3F
S21401F0001B682BB1DA681AB19B68186801F010FC0E
S21401F0100B4B1B682BB1DA681AB19B68186801F0B4
S21401F02007FC2046FFF784FF2046BDE83840FFF77F
S21401F0303BBF00BFE8070300E4070300E007030047
S21401F040DC070300F8B5D0F8143104468B420D46B0
S21401F050164603D190F81031202B0ED032462946A1
S21401F0602046FFF7B3FE202384F810310023C4F8AE
S21401F0701451C4F81831FFF76DF94FF00077074BBC
S21401F08032461F6429462046FFF7DAFE8022044BEB
S21401F0901A6103F500531F64F8BD00BF001002B8E3
S21401F0A0000002B8072330B5124D134CEB63134B27
S21401F0B069B1442140F04000596398630123E3633A
S21401F0C04FF4804392B1C4F804310A4A07E0596309
S21401F0D099634FF48043084AE163C4F80431C2F8E7
S21401F0E00831C2F80C31C2F8103130BDC5F8043110
S21401F0F0EBE700BF006000B8005000B8004000B861
S21401F100034BD3F8F80780F00070C0F340607047F7
S21401F110000002B810B5407CA0B1304BD3F8B8203F
S21401F12012F0060F01D004280DD94FF470622C4B53
S21401F130DA604FF48072A3F58053DA600022274B21
S21401F140C3F8B42010BD02F0020412F0040202D08B
S21401F1500B789B0637D4002C39D00B7803F00F03BD
S21401F160072B34D14B78022B31D98B7813F03E0F15
S21401F1702DD0CC7814F0040F29D014F0010F0CBF59
S21401F18004230A23A40748BF0633CB5CFBB1002A3D
S21401F19014BF02220122042840F6FF7003F01F016B
S21401F1A008BF4900013940EA01310E4801654FF4B4
S21401F1B070600B491202C860A1F58051CA60074A07
S21401F1C0C2F8B430BEE7002CC7D18B7823B9002330
S21401F1D0044A13650122EAE70222DCE7003E00B09A
S21401F1E0006000B8004000B80A68064B12F0802F95
S21401F1F01CBF42F20101C3F82812C3F88822C3F8E3
S21401F2008C227047004001B8F0B585B06C460E46BA
S21401F2100B4B074615460FCB84E80F00094BD3F876
S21401F2204822009226B16B1EDBB2FD2B88BF3260EE
S21401F2302A46214638460FF09AFA05B0F0BD00BFBF
S21401F240A80703000080E00F30B50823054685B007
S21401F25080B9094AC2F8FC3351B96C46074B0FCB4B
S21401F26084E80F00064B2A4621461868FFF7CCFFB4
S21401F27005B030BD034AEDE7001002B8B807030039
S21401F28014260020002002B838B5044601F0E6F93D
S21401F29001213A20E8F776FDE0782179154A40EA1F
S21401F2A00143C2F8DC34E579A37943EA0543C2F8A1
S21401F2B0E03423781BB100230422E9F767FA637868
S21401F2C02BB100230422E179A079E9F75FFA2278CD
S21401F2D0012352B1084AC2F8D8346278022332B107
S21401F2E0054A0020C2F8D83438BD044AF3E7034A79
S21401F2F0F7E700BF00C0035000D0035000E0035002
S21401F3004FF03A43D3F81421D2031ED54FF480327E
S21401F3100E49C1F81421A1F58051C1F818215A6D82
S21401F320D1B2C2F30722C3F8A410C3F8A420042262
S21401F330C3F8A4200022C3F8A420C3F8A420C3F86D
S21401F340A420C3F8A420C3F8A4207047002000BA64
S21401F350F8B50D464FF03A441746064605F064FFE9
S21401F36001230421074A6363E76026616561C2F8E9
S21401F3701411054AC2F8843105F05AFF0DB1022373
S21401F3806363F8BD002000BA00E100E0054B0122EE
S21401F39018604FF03A435A6740F6FF72D964186511
S21401F3A01A677047A42800202DE9F041054601247C
S21401F3B0006800F00700063004FA00F3A868EC685D
S21401F3C05E1EA04262D000EA060E6C6810441E4320
S21401F3D00640A3EB0E000EEB040C8242644618D9DD
S21401F3E0D31A0EEB030298B1431E052B04D94B1C0E
S21401F3F0ACEB0303022B59D80B460844ACEB010EC9
S21401F40003EB0E0113F8014B83420C70F8D1014651
S21401F4106C688AB1531E052B01F1010302D9E01A6B
S21401F420022812D80A44611E00E0013313F8010CC9
S21401F430934201F8010FF8D105F0F6FE0223AE6003
S21401F440AB62BDE8F04105F0F3BE0B46204622F064
S21401F450030E8E4453F804CB734540F804CBF9D120
S21401F46022F00303D01A920701EB030C04EB030707
S21401F470E2D0CA5C0128E254DED09CF801300228B2
S21401F4807B70D9D09CF80230BB70D5E7042A35D9F9
S21401F4900878043AA86148780431A86111F8020C8A
S21401F4A0A86111F8010CA861A8688CE70B4620F04A
S21401F4B003070F44ACEB010E1C684EF803400433FF
S21401F4C0BB42F9D120F0030310F0030F01EB030E4A
S21401F4D0A0EB03040CEB030728D011F80380012CE2
S21401F4E00CF8038022D09EF80130022C7B7018BFE6
S21401F4F09EF80230084418BFBB7088E7013A032A19
S21401F50012D8DFE802F00F1507020B4613F8012B9D
S21401F5101946AA610A4612F8013BAB61114611F879
S21401F520013BAB610B78AB61BDE8F08108446EE747
S21401F5300A46F3E738B50B46154601464FF03A44FE
S21401F54070B101221048C4F8F4201A46FFF72CFFC8
S21401F55025B14FF03A430422C3F8F420002038BD09
S21401F56073B1D4F8D8209A4284BF0122C4F8F4209B
S21401F5704FF03A42C2F8D4300223C2F8F430E7E73B
S21401F5800123C4F8F430E3E7CC0000BA10B505F067
S21401F5904BFE4FF03A4301225A67C3F8B420C3F832
S21401F5A08C20154A1549C3F890200722C3F8B020CD
S21401F5B0134B04461A800023124A13804FF4A022EC
S21401F5C0C1F81421A1F58051C1F818210E4A136023
S21401F5D00E4B1B6C5B020AD54FF480020C4B18686D
S21401F5E00C4BD8301A6450F8A41C01F0C5FA20461A
S21401F5F0BDE8104005F01CBE68110020002000BACE
S21401F6000E2B00200C2B0020A0280020000002B8A2
S21401F61014260020002002B807220D4B01211A8073
S21401F62000220C4B1A804FF03A43C3F8F410C3F88B
S21401F630CC204FF40052C3F8D000C3F8F020F022DB
S21401F640054B9A64A022A3F580539A64FFF79EBFE8
S21401F6500E2B00200C2B0020006000B82DE9F04195
S21401F660044688B105F0E0FD3D4E3E4A3388032C42
S21401F67003F0780105463C4F03F07F0C11445DD141
S21401F6803C6824B905F0D4FD0320BDE8F08124F0E0
S21401F6900104386820F00100A04254D100223A60EB
S21401F6A022888C426FEA42426FEA5242228040D15F
S21401F6B02E4CDFF8D0C02788ACF180083A46083ACD
S21401F6C092B201F10800604528BF4046082A04D9D5
S21401F6D0B0F900E0BEF1000F40DB228088780C888C
S21401F6E04FF03A413B449B1ADBB2C4F30C048C65E1
S21401F6F03380C1F89830C1F8B0204FF480221C4BFB
S21401F70000F00700C3F8142101221A4BC3F8842124
S21401F710FFF7F6FD04280CD14FF48002164B1B6C44
S21401F720164B1868164BD8301A6450F8A41C01F012
S21401F73023FA284605F07CFD0020A6E7601E012876
S21401F74098BF0C46A5E7094862440088A21A48BF3C
S21401F750803208389042A3DC284693E70146AEE79C
S21401F7600C2B002068110020A02800200E2B002062
S21401F770002000BA00E100E0000002B814260020D4
S21401F780002002B8E81100201249134B0A881B8892
S21401F79012481344083292B20A804FF03A41C1F837
S21401F7A0B0204FF480210E4A073BC2F81411012104
S21401F7B003F07803034498780A4A00F00700042807
S21401F7C0C2F8841103D10849CA681203FCD4074A57
S21401F7D0136070470E2B00200C2B002068110020B0
S21401F7E0002000BA00E100E0000002B8A0280020D6
S21401F7F010B5054C206828B1C30701D4FFF72EFFCA
S21401F8000023236010BD00BFA02800204FF48033E2
S21401F810084AC2F81831A2F58052C2F814314FF0E6
S21401F8203A43D3F8AC30C3F30C03782B01D8FFF777
S21401F83067BD7047002000BA2DE9F84304460E461E
S21401F84005F0F2FC514B81461A885148514D02F0A1
S21401F8507801032C2D8802F07F03014417D14E4C0A
S21401F86024688CB92A44073A02F0780284180344C3
S21401F870E31A48BF8033AB4210DB484605F0D8FC9C
S21401F88000242046BDE8F88324F00104EFE7012CAC
S21401F89002D0022CEBD1083D0C46E8E7002E44D0FE
S21401F8A08C4246D14FF03A42D2F858804FF03A4156
S21401F8B00127CA6C02F0070206329740D1F8AC2045
S21401F8C0C2F30C029A4247DDB4F900302588002BBA
S21401F8D0D3DBA378C5F30C0503F007037A1EA5EB6B
S21401F8E008053A43052B337005EA02052CD82DB2DC
S21401F8F0E84340F236420421C00FFDF77FFB7580D6
S21401F900E378264A337412687B1E03EA0803D1188B
S21401F910B160A9B213FA85F5BD4291BF0023FF1A63
S21401F920B780F2609CBFB180F360484605F080FC6A
S21401F930A7E7A4F10802824238BF04F17802B2F8C0
S21401F9400080C8F30C08B1E7154B5B6D003B18BF90
S21401F9500123A5EBC305CAE74B6D7A1EA3EB08038B
S21401F9603A431A400F4B15B2DB6862B9C3F303631F
S21401F970D91E4B424B41DB0033700A4B72809B6CA5
S21401F980C3F30723BDE70823F6E700BF0C2B0020CF
S21401F990681100200E2B0020A0280020A42800209B
S21401F9A0004000B8000002B8054BA622D3F84C016F
S21401F9B03121431C0CBF0120C0F38070FDF71EBB34
S21401F9C00080E00F38B5134D0446297819B9202276
S21401F9D011480FF0EDF86188104A23785180002114
S21401F9E013700F4A022BC2F8CC104FF0FF010D4ADC
S21401F9F00D4B11704FF007010C4A4FF00000C2F892
S21401FA00FC130CBF04220122C3F8FC2301232B7034
S21401FA1038BD00BF372C0020E03F00B00C0D0020A1
S21401FA20004001B8390D0020001002B8002002B8CD
S21401FA30034B1A6802609B8883800020704700BFD2
S21401FA400C0D002010B5044600F008FE064BD3F856
S21401FA50F83724B983F40033C3F3404010BDA31E26
S21401FA6058425841FAE700BF000002B84FF63F720D
S21401FA7008B50A4BD3F8FC37934206D0084AC3F3BD
S21401FA8001131370E022074B1A7000F041FE41F695
S21401FA906A03B0FBF3F0044B186008BD000002B81F
S21401FAA03A0D00203B0D0020A828002020B1022896
S21401FAB004D1034B18787047024BFBE700207047D0
S21401FAC03A0D00203B0D00202DE9F74F846C4C22A7
S21401FAD0022C38BF02246A49013C0B6AD1F8CC508B
S21401FAE06849C3F38213DA400B680646A34290F8CE
S21401FAF004B1654BDFF8ACA1DFF8AC91DFF8AC815F
S21401FB0002F0010214D11878904211D19AF800003F
S21401FB1058450DD1F06C58B1A84209D1B57D99F878
S21401FB200000854204D1B8F8040003B0BDE8F08FA8
S21401FB300C6098F800101A700846FFF7B7FF002A05
S21401FB4000F0868004234FF07F4100254F4AC2F81B
S21401FB50B8304F4BC3F8B810B37D1B06C2F8B830A7
S21401FB604FF08052494BC3F8B42000F0D1FD40F26B
S21401FB707123B0FBF3F0192160431828B0FBF1F1B3
S21401FB804FEA054470D8002C78D0B4FA84F2C2F15A
S21401FB902002C2F10F03012B38BF0123D440A1423A
S21401FBA001D2013B64086A1C03F01F0152008A401F
S21401FBB0384F121B9208C7F8B0201A0242EA031205
S21401FBC01343019305EB052305EB0325324B40F662
S21401FBD0C70218682B21003818BF0120FDF70EFA5E
S21401FBE0FA222D4B02FB04F01B6840F6FF72B0FBB5
S21401FBF0F3F00A235843294B00F57A74C3F8C4205E
S21401FC00019AA3F58053C3F8C420A3F58053C3F823
S21401FC10CC50D3F8CC3000F58C50C7F8FC30F564E6
S21401FC201F4D14302C6001F027FF4FF47A72C7F88D
S21401FC30A400C7F8F8002B68B4FBF2F0B3FBF2F3AC
S21401FC40A8F80430B37D8AF800B089F800306CE774
S21401FC50002914BF10252025B37D834294BFED18DB
S21401FC602D1805F0FF057BE7B1FA81F234B1B4FA3D
S21401FC7084F3D21A002A8CDC0F2390E70F2392E735
S21401FC80004001B8EC0B0020382C0020001002B810
S21401FC90002002B8003F00B0A8280020006001B88C
S21401FCA0AC280020380D0020370D00200C0D002058
S21401FCB010B5114B01461B78104C0E2B02D1FF20BC
S21401FCC0207010BD18460EF0DEFD02461846FFF7FE
S21401FCD0EDFE884228BF0846C0B2904238BF1046A3
S21401FCE02378C0B28342ECD0054B20701868FFF72A
S21401FCF0EBFE2078E5E700BF0C0D0020390D002053
S21401FD001426002010B50446FCF7EAFE78B1154B20
S21401FD101B786BB964B1144B1B784BB1134B1B7832
S21401FD20013B012B04D84FF40042114BDA6410BD9D
S21401FD30104BDB6C1B04FAD405F076FA044602F08D
S21401FD4089FC4FF400420C4B2046BDE81040DA64B3
S21401FD5002220A4BC3F87C240422054B1A6405F0E0
S21401FD6067BA00BF392C00203A2C0020B0280020AA
S21401FD70002002B8000002B8001002B800D00350FC
S21401FD800122024B00201A70FFF7BCBF392C00205D
S21401FD900022024B01201A70FFF7B4BF392C002055
S21401FDA04FF48022014B9A64704700BF005000B8A0
S21401FDB070B5054600F052FC01213A20E7F7E2FF54
S21401FDC0424C434B00201D70FFF79CFF2378013BFC
S21401FDD0012B0CD80122217CE37B8A4030214B4346
S21401FDE042F2100103F1A04303F570335A5000228A
S21401FDF0384BC3F87C24ADB94FF6FF71364AC2F8CA
S21401FE008410F821A2F58052C2F88410C3F87C54FD
S21401FE10324B4FF08042DA644FF48022304B0020A0
S21401FE209A6470BD636883B300F072FC626800EB8D
S21401FE305203B3FBF2F3013B1B0243F0F8032678AF
S21401FE402549022E264A22D0032E4FF6FF75214859
S21401FE502AD0012E33D143F00203C1F88450C2F8F0
S21401FE6084300723C0F87C343021E37B01204B43E8
S21401FE7041F21001227C03F1A04300FA02F203F5DD
S21401FE8070335A50FFF73EFF17E0F823D7E74FF6D7
S21401FE90FF7043F00103C1F88400C2F884300622E3
S21401FEA00C4BC3F87C24DFE743F00503C1F884500C
S21401FEB0C2F884300423C0F87C340A4BA9E7C1F8A1
S21401FEC08450C2F884300023F5E700BFB028002034
S21401FED03A2C002000C00350006000B8002002B891
S21401FEE0005000B8001002B8F8B5214F06463D464E
S21401FEF004460FCE0FC533682B6000F0AFFB01211F
S21401FF003A20E7F73FFF00221A4BC3F87C24A17A78
S21401FF10627A42EA0142C3F88824217CE27B42EA03
S21401FF200142C3F88424207B617B40EA0142C3F886
S21401FF3080243B78032B19D8DFE803F01202060C65
S21401FF4000230422E8F722FC00230422217CE07B24
S21401FF50E8F71CFC01230422A17A607AE8F716FC74
S21401FF60054B1878BDE8F840FFF722BF0120F8BD21
S21401FF70B028002000C003503A2C0020034BDB6C55
S21401FF80002BBCBF024BC3F888007047000002B8C4
S21401FF90004000B84FF0006338B1064AD364064B00
S21401FFA04FF40032C3F884207047044AD364044BEC
S21401FFB0F6E700BF001002B8005000B8002002B8F3
S21401FFC0006000B82DE9F0472D4B2E4C4FF47A76A1
S21401FFD0A36000F09DFB4FF4FA73B0FBF6F6734393
S21401FFE007462948190E1B021818284A4FF0000325
S21401FFF041F1000103F0D0F9A0F5807305462363B3
S21402000020B966222B21FCF7F9FF01254FF47A72FC
S2140200104FF0000A6A4353465008310203F0BCF917
S2140200201B4BB7F57A7F19601A4B4FEA056889466B
S214020030044618604FEA152505D276222B21504633
S214020040FCF7DCFF01264FF47A73A8FB030103FBDF
S21402005005117308C01841F100010023324603F06F
S2140200609BF90D4B023419600C4B49F10009A408A8
S214020070186044EA8974034B013C9C63BDE8F08730
S2140200800211010000C001B820A1070040420F0083
S214020090D0280020CC280020C8280020C428002011
S2140200A01022044BC3F884215A600122024BDA6004
S2140200B0704700BF00E100E000C001B81022064B06
S2140200C0C3F88421C3F88420BFF34F8FBFF36F8F2A
S2140200D00422024BDA60704700E100E000C001B87B
S2140200E010B50446A242A2EB0000A3EB010104D223
S2140200F0034B01399B6B0133184401F0030110BD19
S21402010000C001B838B501250A4B02019D504FF4D4
S21402011080730446084A8340536605F085F8074A0A
S214020120A540137823EA05031370BDE8384005F0AE
S2140201307FB800BF00E101B800E001B83B2C002008
S2140201402DE9F84F164605468A461F4605F06CF816
S214020150022E00F0B080804605F06DF8694B6A4AC0
S214020160D3F8209092F88D405A6EE4B2520744BFFC
S214020170D3F82090013405F064F8644B644A1B6897
S2140201801168A3FB093213F100434FEA847301FBA3
S214020190093343EB020304F00302DAF80040012EAF
S2140201A004BF0134E418A3EB040308BFCAF80040F6
S2140201B0B3F1804FC0F093804FF0004000235549C2
S2140201C0D1F800C024F04041ECFB01035248A40FD2
S2140201D0006800FB01334B495048896B8B4281BF54
S2140201E0013401315B1A04F00304A41A994584BF52
S2140201F0444A04F1FF3404F0030488BF926BA3EB75
S214020200090C4455A4B1FC0742BF41F61F71444A8B
S2140202105167B90742BF424A424951677A0742BF0D
S2140202200021384A91673C0742BF0021354A916552
S2140202304FF0110A4FF0010E324A05F11004240164
S21402024002EB051BCBF80C3142F804A0136A3649C0
S214020250A3EB09030EFA05F4D2F864900A78E4B226
S214020260224363450A7025D34FF48073AB4019EAE4
S214020270030F1FD1425D002A40D10EB32B4AF80766
S214020280536607D541F61F7140F20110244B596799
S21402029050675967B90706D5214B224A2349244895
S2140202A05A6748675A677A0742BF0122214B1A618A
S2140202B03B071AD4404604F0BBFF0120BDE8F88F86
S2140202C01D4A2D0142F805E042F89C3C04F0ACFFC2
S2140202D015490B7823EA04030B7004F0A9FF404685
S2140202E004F0A6FF0020BDE8F88F2120FFF746FEA7
S2140202F04FF48032034B4046DA60DCE70B4A404656
S2140203005366D8E700C001B8003E00B0C4280020FB
S214020310C8280020CC280020D02800203C2C002012
S21402032000E001B800001F1F3B2C002000D001B8DF
S21402033000000101000002B800E101B8024B187883
S214020340003818BF012070473B2C0020034B1030AA
S2140203500001185800F00100704700BF00C001B845
S214020360044B01F0F071103041F003010001195006
S214020370704700BF00C001B838B504F05CFF084BF8
S214020380084A1D6A92F88D405A6EE4B2520744BF7C
S2140203901D6A013404F055FF284604F0030138BDF7
S2140203A000C001B8003E00B038B50B4B03EB00129C
S2140203B010300001D2F80C411D58FFF7DDFFAB07E5
S2140203C006D5844200D90139204601F0030138BD22
S2140203D0844238BF0131F7E700C001B808B52220D1
S2140203E0FFF7CCFD4FF48022014BDA6008BD00BF58
S2140203F000C001B8064B1B68434303EB8171054BF3
S2140204001B68A3FB003013F1004341EB000070476A
S214020410C8280020C42800200C4A20F04043014689
S21402042010B5002014684FF00042E4FB0320084A8F
S214020430890F126802FB0300064B9B6B984204D995
S21402044001330131C01A01F0030110BDCC2800208F
S214020450D028002000C001B8F8B50646FEF722FCF8
S214020460044608B1FFF72AFE00230B4D0B4FAB6183
S2140204703046EB612B6287F88D30FFF7CDFFC9B2AD
S21402048087F88D1028622CB1FFF70AFE4FF08062C3
S214020490034B1A640020F8BD00C001B8003E00B04D
S2140204A0002002B870B50C68651C15D0C4F302664D
S2140204B09E42C4F3074530D1A4B294422DD804EB31
S2140204C08506B24229D2141BA50824F003040E594D
S2140204D0340F04D0012C09D00022012303E06B1C48
S2140204E051F8232000230260037170BD0D4C34F8CE
S2140204F0133042EA03431A686B1C51F8234001EB9F
S21402050083014B6822405E4036F07044EAD11B0FEE
S214020510032B04BF8B681A43E4E7013501EB850120
S214020520C1E700BFD007030070B51646054610B9EE
S2140205300124204670BD0029FAD04268104B00689C
S21402054003321B68920800F13040984704460028A0
S214020550EFD1002EECD0EA68A86803323146920842
S21402056000F130400EF0C3F904460028E1D1D5E987
S2140205700402214600F130400EF01AFBD9E700BF14
S214020580F40B002007B501A8E8F7E4FA9DF8053059
S214020590022B02BF40220B4BC3F8FC23C8220A4B95
S2140205A05A650A4B0A4AD3F86032DBB2FF2B08BF01
S2140205B003239B0043F47F53C2F8F83303B05DF87D
S2140205C004FB00BF001002B8008001B80080E00FF4
S2140205D0000002B8002310B5194C012123643A200A
S2140205E06364A364E7F7CEFB0122164B5A6102222C
S2140205F09A62E368C3F303630D2B01D0002BF8D194
S2140206001123114AA36311491148FFF78DFF01F028
S21402061069FB104A936843B94FF08062094B5A61EE
S214020620012203F580535A6110BD0B49D26809684E
S21402063003F13043032AEFD943F8041B043AF9E7DF
S214020640000002B8001002B83008030034080300A5
S2140206501808030000080300080C0020012341F6D6
S214020660FF710D4AC2F8803291660C4A53600C4AFA
S21402067053600C4A5360A2F580425360A2F5404292
S214020680536002F5C032536002F580425360A2F511
S21402069000425360704700BF0090005000D000B880
S2140206A0001000BA005001B838B50324FFF7D6FF91
S2140206B0114A124B124DDA64FFF764FF114BC3F86E
S2140206C0E0400123EB6401F091F94FF460736B6133
S2140206D04FF40073EB640EF060F80021FEF7B4FDF1
S2140206E08022094B1C64A3F580535C64074BC3F855
S2140206F084215A6038BD00BF0048F000000002B8EE
S214020700001002B8005001B800A002B800E100E0F4
S21402071008B5E6F755FB044B1B6FC3F300430133E2
S214020720B0FBF3F008BD00BF008000502DE9F04F8B
S214020730044687B003908A465AF8046B731C06D1A7
S214020740039B2660E01A801007B0BDE8F08FC6F360
S2140207500745012D38BF0125324BC6F3016233F837
S2140207601230B7B247EA0347EB002F49049304332B
S21402077023448B424FEA167602D92C4B9C424ED922
S21402078007234FF00109D346D34003F0010309FAC9
S21402079006F9029309F0940304F1080801950593FB
S2140207A0059B0BF1040B53B919F0420F19D119F03E
S2140207B0280F0BD148F8087C5BF8042C20E040F2A6
S2140207C0AA7232210020FCF719FCF3E740F2AF725E
S2140207D032210298FCF712FC07F5805248F8082CE2
S2140207E0EAE74FF4F76232210298FCF707FC07F5B6
S2140207F00052012E48F8082CDED15BF8042CD243B6
S214020800019B48F8042C013B07F1040708F108088D
S2140208100193C5D1049B0AEB85011C448BE700209B
S21402082092E700BFC8070300DF4F00B0E04F00B0FA
S214020830F8B50646E0B10024144B25461F46144977
S21402084053F8042BAAB91348314600EB8500FFF78C
S2140208506DFF30B940F661023621BDE8F840FCF77C
S214020860CDBB0D4B0135281847F8246023F8140039
S214020870F8BDB242FCD001340C2C02D031F8145030
S214020880DEE740F66F0236210020E6E7D428002095
S2140208900E2B0020404000B0102B002070B50446FE
S2140208A090B1A9B13A4A52F8043B834212D10023CE
S2140208B0384A116CC907FCD49B0003F580434033C9
S2140208C01360354B01221A6470BD01330C2B02D122
S2140208D0324D2CE0012352F8041BA142F5D1304AD6
S2140208E032F81330E4E7C2F3016335F81300110C53
S2140208F093B211F0FE0F43EA0043606820D004343E
S214020900CAB2022A216808D9D4E90160033AC3E9C7
S214020910001698600C340C33F3E704D16268C3E91E
S2140209200012083403E0012A01D104341960226857
S214020930531CD8D10022174B1A6003F58053C1E727
S214020940120F072AEDD8DFE802F00704090D10138C
S214020950181DC04303F500531860E2E71A684240C8
S2140209601A60DEE703F58053F6E70DF0B5FFD8E729
S214020970012203F580538240F2E7012203F5005379
S2140209808240EDE71A6830EA0202FBD1C9E700BFEF
S214020990D428002000C002B800D002B8D007030056
S2140209A00E2B00200122014BDA647047001002B8B9
S2140209B00122014BDA647047002002B84022014B44
S2140209C0DA647047002002B84022014BDA647047AE
S2140209D0001002B808B50C4B1B68D3F8C83023B118
S2140209E01A68022A01D9186A08BDFFF791FE074B5A
S2140209F002469B6D98B20028F6D0C3F30743D2088E
S214020A005343B3FBF0F0EFE714260020004001B892
S214020A10064BDB68C3F30363984206D1044A936E1F
S214020A2023F0F00343EA011191667047000002B812
S214020A30003F00B010B50446FFF7CCFF0F4AD2F8CD
S214020A4038311B040E4B48BF40089B6C03F4C0535E
S214020A50B3F5805F0ABF936BC4F30113C3F341631C
S214020A60012B02D0022B02D010BD4008FCE7C4F3D3
S214020A70C4240134B0FBF4F0F6E700BF004001B82E
S214020A80004000B82DE9F0470E460DF008FF00249E
S214020A908046DFF8B4A0DFF8B49004F0C5FBDAF8BD
S214020AA00C300746C3F30363012B0BD1711C35D000
S214020AB00DF0F5FEA0EB0804384604F0B9FBA6429A
S214020AC0EBD80DE0052BF1D00B2BEFD0023B012B20
S214020AD009D9013602D00DF0E2FE384604F0A8FB32
S214020AE01848BDE8F087D9F80C3013F4603FDDD023
S214020AF0D9F818301A04C3F3891512D4013602D075
S214020B000DF0CDFE384604F093FB2DB26FF4FF7362
S214020B10A5F1C8009842B8BF1846E2E704F088FB81
S214020B20BBE7731C03D00DF0BAFEA0EB08046FEA15
S214020B3085556FEA9555384604F07AFB15F5007F21
S214020B40BDD0E3E700FEFFFF000002B800C000B819
S214020B500122024B98611A61704700BF000001B87B
S214020B60044BD3F8AC3010B1C3F30332027003F077
S214020B700F007047000002B8094B01F080011B6CA1
S214020B8003F480030B4309D14FF40012054B1A629B
S214020B90837F1BB10122044BC3F80021704700BFBC
S214020BA0000002B8006001B8005001B810B504F0A9
S214020BB03BFB084B04461B683BB1984728B1002212
S214020BC000204FF4806101F0A7F92046BDE81040EE
S214020BD004F02EBB042900204FF604014FF605024E
S214020BE0044B01201B6C9BB28B4208BF1346024A81
S214020BF0136670470080E00F00C001B8074BD3F8B9
S214020C00483203F00303012B03D0022B03D000204B
S214020C10704704F0D2B8E6F71DB900BF0080005056
S214020C202DE9F74FDFF8ECB081460F46DBF808A057
S214020C30FFF7A2FB4FF0FF35CDE9000100202C465E
S214020C40064606F110031B015BF8033003F00308A7
S214020C50B8F1010F15D13046FFF7A6FB02460B4648
S214020C60DDE90001FFF73CFADBF8643006F1080222
S214020C70D340DB0737D5002F3ED000252C463E60FA
S214020C8040460136082EDCD150B3224F0AF44033D8
S214020C90B96B00220131A4FB0141641941F1000144
S214020CA0B3F5003F30D17B6B0AF4405A013342F170
S214020CB00006BAF5805F22D13D6B15F5807505FBFF
S214020CC006F642F1000203FB0266A5FB033232443B
S214020CD0594304FB0212A3FB04341444C9E900344A
S214020CE003B0BDE8F08FA84271EB0403C8D207B187
S214020CF03E6005460C46C3E73D463C46C0E7320228
S214020D0042EA13621B02E3E73B6B13F5807342F180
S214020D100002DDE700C001B8F8B506200DF0C6FDFA
S214020D2004460DF0BCFD42F21073041B9C420546BD
S214020D3018D94FF080624F240B4B1A6441F26F773A
S214020D400A4E0BE00DF0ABFD401BB8424FF0F70227
S214020D5021468CBF00200120FCF750F9336C5B0162
S214020D60F0D5F8BD1A24E9E7002002B8000002B860
S214020D7008B50DF029FE0122054B93F885300233A3
S214020D805B00DBB202FA03F3024A536108BD00BFFE
S214020D90003E00B0002000B80B2870B500F2958027
S214020DA0012900F292804A4B83F8840083F885106A
S214020DB0484B5B689D05C3F3402227D44FF0384367
S214020DC05A60454A506E44026BD5444B5B6803F04A
S214020DD00303022B65D00223C2F848320122404B9D
S214020DE09A604FF038435A60DA60996A0807FCD175
S214020DF01969C907F8D540F2FF323A4B9A615A612F
S214020E004FF40072334BC3F884215A60304C0121F0
S214020E103B20E6F7B7FF94F8853094F884203249F1
S214020E2043F4402343F41063063241F82230FFF7BE
S214020E306FFC4608C507FFF7E1FE0023024631466F
S214020E40284602F0A9FA090241EA1061C0F3C0502E
S214020E5040EA4100254BA067186B10F5807005D15B
S214020E604FF4E1722B21FCF7C9F802200246002358
S214020E700020012102F090FAE067FFF7BFFE40F67D
S214020E8049435843000DFF2828BFFF20022838BFD9
S214020E900220002184F88C00012000F0BBFD002017
S214020EA070BD10F4001006D0114B586800F0030015
S214020EB0023818BF01204FF4A9721B21FCF79EF8D6
S214020EC00122054BC3F8482288E70120E8E700BF65
S214020ED0003E00B000E100E000800050000002503A
S214020EE0001000B8002000B80080035000C001B80F
S214020EF00040025038B1064B93F88400087093F80D
S214020F0085301370704707230B700123F9E700BF83
S214020F10003E00B070B5FFF7FFFE0021022000F091
S214020F2079FD0DF0BCFC04460F4D104ED5F8F43397
S214020F301B070BD504F078F9BDE8704002220C4B73
S214020F40DA6001220B4B1A7004F072B90DF0A7FC9E
S214020F50001BB04240F22A224FF045018CBF00200F
S214020F600120FCF74BF8E1E7000002B83F420F0011
S214020F7000C001B8442C0020224910B50B78002B83
S214020F803FD00122204C94F8853002335B0002FAEF
S214020F9003F31E4A93614FF400721D4BC3F884217B
S214020FA000230B701B4B4FF43072186C3921C0F3C0
S214020FB08060FCF723F84FF48041174B174AC3F8BA
S214020FC094100C2194F885304B4303F138435B6B45
S214020FD0D4F88010994202BFD2F86C31C4F8883037
S214020FE0D2F86431D4F8880008BFA4F88630B4F882
S214020FF0861000F0A7F8BDE810400121022000F09C
S21402100009BD10BD442C0020003E00B0002000B8F0
S21402101000E100E0000002B800E001B800C001B83C
S21402102010B50446FFF7EAFD6043044B00F5F420D2
S21402103000F59070B0FBF3F010BD00BF40420F0009
S2140210402DE9F74FFFF7ECFF0546FFF765FE04F0C4
S214021050EBF800214FF0384ADFF8E490064668467F
S21402106089F80010FFF7DCFD304BDAF82070DB68F9
S21402107013F0706F1DD12E4B5B6913F0060818D162
S21402108000284CD0FFF744FB691DA1FB00B4FFF714
S214021090B5FD214602464346584602F07DF9DDE993
S2140210A0004B090241EA10610002A04271EB0B01FB
S2140210B005D3304603B0BDE8F04F04F0B9B8FFF7E9
S2140210C09DFD220A42EA0B624FEA1B23A0FB02B2F4
S2140210D000FB0324FFF71CFB434602462146584604
S2140210E002F05AF90C220121124B013593F8853091
S2140210F07F1B5A4302335B00074402F13842DCB2DC
S214021100576301FA04F40C4F99400C4B7C619961C9
S214021110DAF82030526B2D1A9B1AAB42C9D3022240
S214021120034BDA60012389F80030C2E7000002B8F8
S21402113000C001B8003E00B0002000B8001000B8A1
S214021140442C00202DE9F04F4FF00C0A0027B54A38
S214021150054692F8854088460AFB04F303F13843B5
S2140211601F6392F88420B04B87B0C3F8B4204FF4C4
S2140211700032AE4B46461A610222A3F58053DA606D
S2140211804FF03843AA4A1B6A92F82413AB46C9B2F8
S214021190059192F829130134C9B20491012104F091
S2140211A0010482F8247382F82973A21C0AFB04F451
S2140211B0500001FA00F003F1FF390290019004F1A9
S2140211C03844A3EB0903002B40F3FF800137022FBC
S2140211D065D9DB220D210020FBF710FF4FF080536C
S2140211E09449934A4B66059B934C03F0F00382F8AE
S2140211F02433049B03F0F00382F82933894A4FF420
S2140212000033C4F86CB1C4F86461A2F886600026A4
S214021210C2F88090C2F888B00B61834BC3F8B46002
S2140212200C2392F885205A4302F13842166303F0E3
S214021230FBFF334632464FF4807E276AD4F864C0FA
S21402124003F110010901615801F00301012910D1CF
S2140212500EFA03F111EA0C0F0BD104EB0316AF42A0
S214021260D6F80C61C0F0D880B54202D2B74280F000
S214021270D6800133082BE3D1704D2C68012C40F246
S214021280E3803AB16749B1F88E301343A1F88E3045
S214021290664B5A6607B0BDE8F04F03F0C9BF4FF081
S2140212A0000B604E96F885300AFB03F303F13843D1
S2140212B0C3F830B003F0B8FF4FF080515D4B039097
S2140212C059664FF0384396F885201B6A00920AFB4F
S2140212D002F203F1010902F13842C2F83490534A8D
S2140212E002331167C4F830B0029A6363544B524813
S2140212F05A61019AA3F580539A618368DB0340F131
S2140213008880D6F88030B26FA9EB0303A3FB0221D4
S214021310036B03F5807CF36FA1FB0360A2FB03E380
S2140213209B19ACFB03E640F100000CFB0066B2EB37
S2140213300E0261EB0606120A42EA06624244B2EB6B
S2140213401C2F4FEA1C2603D3013340F10000921BE8
S214021350043E964228BF16463749324A8E6192F8B4
S2140213608D20D1F820C0EB18D2B2896B40F1000074
S214021370654584BF02F1FF32D2B2B1F1FF3F0ED013
S2140213804FF0000E01F1010C99427EEB000B08D2E1
S2140213900132B3EB0C03D2B260F10000F4E7024470
S2140213A0D2B29B461F49244B02F0030281F88D20DD
S2140213B0C3F820B00222009B03980AFB03F303F152
S2140213C038431A63226303F033FF4FF038431B6A35
S2140213D0009303F029FF1B490A6922F004020A61FE
S2140213E030BF4FF08051019B154A936102F5E032FF
S2140213F011670022102122630D4AC2F8841103F0FD
S21402140017FF0D4A009B526E12F0805F3FF4D9AE72
S214021410E4E64646AB46CDE7B542BFF427AF1143F6
S2140214208AB226E7003E00B00080035000D001B822
S21402143000E100E000E001B800C001B8702800201A
S214021440002000B800ED00E011490B78142B01BF14
S2140214500023104E0B7033700B7801330B70002A8A
S2140214603FF418AF0C4EB6F88E301343A6F88E3003
S2140214700A4B5A66074A13780133DBB2022B137003
S2140214807FF408AF002301342C600B70137001E761
S214021490462C0020452C0020003E00B000D001B8AB
S2140214A0F8B50B46002213F8044B944225D91D6862
S2140214B0854224D106245A791D79124B88181E6853
S2140214C004FB0503104F33F8063C7B43B3420ED9A8
S2140214D000238A5A7A43964202D804FB0300F8BDD8
S2140214E09D42FAD9013304FB03F2825AF2E740F234
S2140214F05F423D210020FBF781FD0020EFE7083325
S2140215000132D2E70829002040420F0000202DE9D0
S214021510F84FA2FB018BBD4EBD4F18EB060699464F
S2140215206BF10003B74270EB030307D240F2592275
S2140215300E21FBF763FD0220BDE8F88FD9F814A050
S2140215400C461546BAF1000F04D0DAF80030032B29
S21402155000F21D81AF4BB04A9F6BA3F58043D3F8D0
S214021560EC30C7F314075900AC4B48BF47F40017DA
S2140215701B6ED2F8FCA05A074EBF4FF440039B05E1
S21402158003F0E0731F43A64BD3F8E4309E0748BF30
S21402159047F0807747EA4567E5F742FC012D0646A5
S2140215A0C9D10028C7D09F4B984200F0FF8003F5B0
S2140215B0122303F5F863984200F0FE809A4B984295
S2140215C000F07581002502462B4600204FF0007180
S2140215D001F0E2FE2B46013008FB03F3C7F31301CA
S2140215E000FB0B33A1FB0662A8FB008001FB052271
S2140215F0034420339B09C9F80030F60C8B4B46EAAD
S2140216004236F8021C6058BF7642894B894D3444F4
S2140216101E602C60BAF1000F00F0B7800023F901BB
S2140216208549C7F381528A5C194648BF6408002E72
S214021630B8BF764292066008C2FB0601224601F057
S214021640ABFEDAF800600E2E08D9744B714A916B25
S214021650DA69D3F80C31D20600F1CF8017F40017FE
S21402166014BFC42240F207127449C0F31300A1FB50
S21402167004C14FEA511102FB01F1C9F80400DAF87D
S21402168018004FF4FA73B1FBF0F118BF002701FB04
S21402169003F3A4FB02C2FA33A3FB003004FB0722C7
S2140216A06345904138BF0131C9B241F4006CC9F8B4
S2140216B008C000297ED0DAF81C00A1FB00371CB156
S2140216C0B4FA84F20E2A7EDDE203002F78D1B2FB52
S2140216D0F3F2530003FB0113A3FB00874FEA044E09
S2140216E0C6454FEA144474EB070709D34F003B4440
S2140216F0A0FB0381C64574EB010102F10102F6D29A
S214021700C2F30E024CEA023C4CF00063062EC9F805
S214021710083040F29980DAF83030002B00F09480DE
S2140217200023C9F80C30C9F81030E5F779FBDAF86F
S2140217303010FFF7B5FE044618B18378002B40F050
S214021740D580E5F737FBDAF83010FFF7A9FE044636
S214021750D8B18378CBB1407940F28B52003818BFAB
S21402176001203D21FBF74AFC207940F28C520038DA
S2140217704FF03D0118BF0120FBF740FC2379627948
S2140217801B0243EA0213C9F810300020D4E6042BE9
S214021790DAF828707FF400AFF8014CBF4FF440032C
S2140217A007F0E07327F0E0771F43F5E600232448AE
S2140217B01D4611E70120BFE6002322481D460BE71F
S2140217C00B46002288E7C2F10F0E02F1110807FA53
S2140217D008F823FA0EF343EA0803AEF1200827FAC4
S2140217E008F843EA080327FA0EFE01334EF1000713
S2140217F004FA02F2002FE3D169E701F4801103F440
S2140218000013194308BFC0F5801027E7006CCA888A
S214021810807C814A008001B8004F00B0004001B8C9
S214021820000002B800F04902005A620210290020A5
S2140218300C29002008290020EC070300D34D621073
S2140218400A3BB2DF313641DCE5F7EAFA2C6894B39C
S214021850B4FA84F3D3F1020358BFDC40354B9C4202
S21402186088BF6408C8B3B4FBF0F3642100FB1342DC
S21402187001FB02F2904203F1FF3253D85D0853088F
S214021880013D1B0243EA0515C9F80C50E5F798FA24
S214021890E0B1B4FBF0F2642100FB124401FB04F455
S2140218A0A0423DD8531E52085B08013A68E700235F
S2140218B021481D4690E66FF01F050028E4D140F24D
S2140218C0DD422B210020FBF799FBDDE74FF4A062F7
S2140218D02B21FBF793FB621EE4E7631EA51E5B0843
S2140218E06D08013B2D0245EA0315E8E740794FF4FF
S2140218F0AE62003818BF01203D21FBF77FFB20793E
S21402190040F27152003818BF01203D21FBF776FBEA
S214021910237962791B0243EA0213C9F80C3010E7F6
S2140219201446D8E79D1E6D085308013B2D0245EA72
S2140219300315A9E73FBE4025D694BFD610B5044688
S21402194086B059B9214B4168D3F8FC30827A2048D8
S214021950059300686B46FFF7D9FD69461D4B0A687A
S2140219605A631A4BD3F8FC3033B34B6843B11A4B65
S2140219701A4AC3F80C214A68A3F58053C3F80C210F
S2140219808B6843B1144B164AC3F8EC208A68A3F559
S2140219908053C3F8EC20134AC868D2F8743123F493
S2140219A0EE630343C2F87431D2F86C31096923F44A
S2140219B0EE630B43C2F86C31002022890A4B9A620E
S2140219C003F5A033186406B010BD00BF004F00B088
S2140219D014260020008001B8006001B8FFFF0F0047
S2140219E0FFF8FF0F000002B8004000B8064B9A6EE0
S2140219F0920607D55B6E002B4FF48043B4BF034AB2
S214021A00034AD3640020704700800050002002B8CA
S214021A10001002B8064B1A6C9207FCD4022240EA67
S214021A2001205860034B1A640122034B1A70704758
S214021A3000C002B800D002B8472C002040B10368AC
S214021A40012B05D90069034B002808BF18467047CA
S214021A5000487047F4070300064B586E5B6AC0F3F3
S214021A600112000C02FB000003F01F0301331844AE
S214021A70704700BF004001B8084BC1171A68A2FBA6
S214021A80000302FB013310F1807043F10003400EA5
S214021A9040EAC310803820EAE07070471829002018
S214021AA00722194B70B5DA63FEF732FE174BC408ED
S214021AB0010B0546E005C018154A41F10001002356
S214021AC001F06AFC134B144E18601448FFF7D4FF5B
S214021AD04042C6F8DC0049F65800FFF7CDFFC6F8CC
S214021AE0A8000F48FEF798FC024660B1E3015008D2
S214021AF018184FEA15714FF0000341F1000101F08A
S214021B004BFCC6F8B40070BD000002B8B2E60E0088
S214021B1065CD1D0018290020003F00B0701101009D
S214021B2040420F002DE9F047064608469846FFF762
S214021B3085FF1546074616B308F0020918F0040892
S214021B401FD1B9F1000F1AD04FF47A707368584358
S214021B50002B40F08680FFF78FFF28637369002B07
S214021B6000F085804FF47A72B86802FB0300A0F595
S214021B70FA50FFF781FFE862B8F1000F53D1BDE8D3
S214021B80F0873069002863D04FF47A735843BB68F5
S214021B90A0F57A60C01AFFF76FFFA862B08B002824
S214021BA059D04FF47A735843BB68A0F57A60C01ACE
S214021BB0FFF762FFE861324BF468D3F800A0002C0E
S214021BC04CD04FF47A735C43BB68A4F57A64E41A8B
S214021BD07B68E41A2B4BE1171A68A2FB044302FB4C
S214021BE0013314F1807443F10003640E44EAC31413
S214021BF0803C254B2C62D3F8C430244C6B6223689D
S214021C004BB150460CF08FFD28B12A463946236860
S214021C10DAF87C009847B06900210CF001FF68638F
S214021C20B9F1000F90D1B06820BB47F23050FFF7F1
S214021C3023FF68614FF47A703368584323B13B68D8
S214021C4003F51C5310331844FFF716FFA86196E7F6
S214021C5049F640409FE749F64040A9E749F6404426
S214021C60B8E73B6803F51C531033184473E747F292
S214021C7030507EE74FF47A735843A0F5FA50D6E711
S214021C801426002018290020003F00B01429002046
S214021C9008B9FFF7E1BE034881420CBF2F20BC20E3
S214021CA0704700BF48E8010010B508461C460CF015
S214021CB004FE094B0246D3F8FC00FFF7BFFE43685A
S214021CC0A018002B054AA8BF4FF4FA721A44044B18
S214021CD092FBF3F2104410BD004F00B00CFEFFFF63
S214021CE018FCFFFF70B588B06D46124C0FCC0FC5BE
S214021CF094E80F0085E80F00B02200210E480CF091
S214021D0057FF202200210D480CF052FFD822002156
S214021D100B480CF04DFF0CF082FE0A4B1B783BB1D1
S214021D206D46044E0FCD0FC695E80F0084E80F00EF
S214021D3008B070BDE03F00B0503F00B0E04F00B0CA
S214021D40783E00B0372C00200A4B197801F0FF02CB
S214021D5029B10021197008499202C1F80421597864
S214021D6001F0FF0229B1002159709302024AC2F81B
S214021D7008317047482C0020005000B8064BD3F8B4
S214021D80EC0E064B5B6C1A0103D4054B9B6E1B04D0
S214021D9001D500F580707047003000B0000002B830
S214021DA0004000B808B503F03FFA0E4B1A78A2B905
S214021DB00D4A126812F4843F0FD10C4A1021D164E6
S214021DC01B7863B9084B1B68DB0508D4074B202237
S214021DD0DA64BDE8084003F02BBA054AEEE7044B86
S214021DE0F5E700BF4C2C0020E8110020002002B8C6
S214021DF0001002B810B503F017FA0E2104460320AD
S214021E00FEF706FE40F20122034B2046BDE81040D4
S214021E10DA6203F00DBA00BF004000B80022044B9D
S214021E201A70044B197811B11A70FFF7BBBF7047CE
S214021E304B2C00204C2C002008B503F0F5F94FF08F
S214021E400042264BC3F88020BFF34F8FBFF36F8F3D
S214021E500122C3F88420BFF34F8FBFF36F8F022295
S214021E60C3F88420BFF34F8FBFF36F8F0422C3F8EB
S214021E708420BFF34F8FBFF36F8F0822C3F88420EE
S214021E80BFF34F8FBFF36F8F4FF00052C3F880201F
S214021E90BFF34F8FBFF36F8F1022C3F88420BFF3B8
S214021EA04F8FBFF36F8F2022C3F88420BFF34F8F6C
S214021EB0BFF36F8F4022C3F88420BFF34F8FBFF368
S214021EC06F8F4FF48062C3F88420BFF34F8FBFF347
S214021ED06F8FBDE8084003F0ABB900BF00E100E039
S214021EE008B503F0A1F94FF000420A4B1A6001222E
S214021EF05A6004225A6008225A604FF000521A6052
S214021F0010225A6020225A6040225A60BDE80840D9
S214021F1003F08EB900E100E0012370B5074C237090
S214021F20074B1E68074B3240D3E90053194028403E
S214021F30FBF7DEFC0023237070BD00BF4A2C002096
S214021F4020290020E81100202DE9F047DDF820A026
S214021F5003EA0108099B06460D4602EA000703EA61
S214021F600A09BAF1000F40F05C81031F0B4300F030
S214021F701C81052871F1000380F0F28050EA01030B
S214021F8000F07281431E0B4300F03281FFF754FFCC
S214021F90B64AD2E9004323EA050324EA06043C4390
S214021FA043EA0807B24BC2E900471E6826EA0A0659
S214021FB046EA09061E60FFF7F5FE14F02A4F14BF24
S214021FC048F202034FF40043AA4AB007D26EAA4868
S214021FD048BF43F4005383EA020122EA0302C266C0
S214021FE0A64A0B408166D366C4F3804212032103DD
S214021FF048BF42F48072E30648BF42F40052A04B48
S214022000A50648BF42F400726006D3F80C3248BFF9
S21402201042F48062210648BF42F40062994882EA8E
S214022020030123EA0203C0F80C32974B0A40C0F8B9
S2140220300812C3F80C22BA0507F4007300F11081E7
S214022040924A1D46D2F8A41002F50052C2F8A41015
S214022050C2F8A0104FF05022C2F8A4308C4ADFF823
S2140220606C8282F88830E30448BF45F48035A003CA
S21402207048BF45F48015A10748BF45F4001514F47F
S214022080001F06D0D8F800000CF0F1FC08B945F4A1
S2140220900025E20248BF45F40035FB067D4B48BFEB
S2140220A045F480051A6A7C4985EA020323F0010397
S2140220B01A400A621D40CB61784B16F0010F1D6272
S2140220C0774B784A18BF1A46774B7D071B6F48BF77
S2140220D042F00062754882EA030123EA02030367BC
S2140220E0734B0A4041661A67724A04F00103916C08
S2140220F0A0F5803081EA030221EA0301816442648A
S2140221001A406D4B20029A64D8F8002048BF6B4BE9
S21402211092F81D2158BF6A4B610748BF43F480639B
S21402212022B114F4C06F18BF43F4807332074FF025
S2140221303A42BDE8F047D2F8181148BF43F00043D0
S21402214083EA010222F4A0225E481140C0F8181168
S2140221501340C0F814215C4AC2F81831FFF7C0BE1B
S214022160A0F580630B4306D020F48063A3F50073CA
S2140221700B437FF40BAF03F057F83C49D1E900322A
S21402218023EA060322EA050242EA08023B43C1E9C1
S21402219000324E4A126892F81D114A4A09B313F4E5
S2140221A0C06F1ED04FF4807311E003F03DF82F4A43
S2140221B0D2E9003123F004033B4341EA080157EA1F
S2140221C00807C2E900314FF480633E4A0BD0C2F8DA
S2140221D01431A2F58052C2F81831BDE8F04703F078
S2140221E027B84FF48073C2F81831C2F81431F4E7F6
S2140221F003F01AF81D4AD2E9003123F001033B43EB
S21402220041EA0801C2E900310123314A57EA0807C8
S2140222101BBF5364A2F580529364936408BF536451
S214022220DBE750EA01037FF4B1AEBAF1010F7FF4A7
S214022230ADAE02F0F9FF0E4A136823F0010343EA3B
S214022240090313604FF48063184AB9F1000F04D0F3
S2140222505366A2F580521367BFE713675366BCE75F
S21402226001234FF48025F9E6BDE8F087E811002047
S21402227020290020004000B8006000B8005000B8D6
S214022280004001B8006001B8005001B8004000509C
S214022290003F00B0000002B8002002B8001002B8EA
S2140222A0041C00030418000300C001B800E001B8D3
S2140222B000D001B800C000B800D000B80D0A0A0964
S2140222C0090A0A09002000BA001000BA14260020E3
S2140222D000E000B8024B5868C0F3C000704700BF69
S2140222E0E8110020024B186800F00100704700BF9A
S2140222F0E8110020024B5868C0F3C030704700BF98
S214022300E811002010B50446FEF7CEF9FFF794FD5B
S21402231004F18000FDF780F9FEF75CF9FDF752FE46
S214022320FDF7BEFEFFF7BCFB13490723134AD1F89D
S214022330FC1004F1D800FFF7F5FB4FF08071002087
S214022340FEF70EF84FF000720D4B4FF4001101200D
S214022350C3F80021FEF704F8FEF73EFC20B940F26F
S214022360E7221421FAF74AFE0CF057FBBDE81040AC
S2140223700120FDF71DBD00BF004F00B0A43F00B016
S21402238000D001B88022074B1A64082203F5805356
S2140223901A64054AD2F8C43E23F02003C2F8C43EAB
S2140223A0704700BF001002B8003000B008B502F057
S2140223B03BFFFFF7E7FF0122024B1A61BDE8084028
S2140223C002F036BF000002B8F0B583B014460646E7
S2140223D0FFF70CFBFCF766FC002800F09780524BD8
S2140223E05D6915F0060540F0918002F01DFF237925
S2140223F00746022B00953ED1237B022B35D00320C5
S214022400FDF7A4FF18B9494BDB685B047BD5A37BB9
S214022410257B003B18BF0123A2684549012D019286
S2140224200B705ED00023434A434C13702278002A76
S21402243062D10420FDF766FE04203B4E2A46736FE7
S2140224400DEB000123F0F85323F4F81343F0506326
S21402245043F4803373670223FDF772FE00285CD0D4
S21402246001213022354B2170DA64384602F0E0FE54
S214022470002003B0F0BD0320FDF768FF002842D11C
S2140224802279D6F8E030012A226839D0D51A0021FE
S214022490254B2B4A00955A679967637B294A8B42DC
S2140224A014BF0B4601231370274B274AD3F8C43EAA
S2140224B04FF003000CBF43F0200323F02003C2F8C2
S2140224C0C43EFDF71FFE184B204A03205A67694692
S2140224D001232279FDF734FED0B101221C4B1A707B
S2140224E08AE72379022B9DD0009BD6F8E0100025C0
S2140224F00B441344019395E72370FFF753FC98E7C8
S2140225009A42C4D3C2E7384602F092FE0320B0E7EE
S214022510384602F08DFE0120ABE70320FDF7F2FD00
S214022520074B38467367EFE700C001B8000002B8F1
S2140225304E2C00204B2C00204C2C0020001002B801
S214022540000001014D2C0020003000B0010C0100FB
S2140225504F2C00202DE9F34100240D46074602F0D9
S21402256063FE1B4BDFF874801C70FFF70BFF194BE2
S2140225700646C8F87430C8F878406879431E584250
S2140225805841FCF731F840F60143C8F878302A790A
S2140225902968012AD7F8E83001D1994200D3CC1A2B
S2140225A0042303200DEB03010194FDF7C9FD48B98E
S2140225B08822094B30461A6402F03AFE012002B025
S2140225C0BDE8F081304602F033FE0020F7E700BF98
S2140225D04F2C002000000101002002B800C001B804
S2140225E0F8B5194C0546207840F20642B0FA80F05B
S2140225F03E214009FAF702FD55B9607840F20642DC
S214022600BDE8F840B0FA80F03E214009FAF7F6BC81
S2140226104FF440660D4F0E4DD7F8043140F2064295
S214022620C3F381232370C5F8046160783E21B0FAB3
S21402263080F04009FAF7E2FCD7F80831C3F38123A9
S2140226406370C5F80861F8BD482C0020004000B849
S214022650006000B8F8B5084C084D236C0423084FF8
S2140226602B64236C5B0300D4F8BD042602203E6470
S2140226700CF032F92E64F4E7000002B8001002B83B
S214022680002002B8A82238B51A4B1D6C03F5005379
S2140226901A6410229A60A3F5804302F100521A6768
S2140226A05A66FFF751FB144B1B7813B90320FDF74C
S2140226B029FD0024114B9C67FFF7CCFF104A114BF3
S2140226C0D2F8EC1E0B40C2F8EC3E04220E4B1A6403
S2140226D00E4BAA06C3F8CC4008D503F580739B6F51
S2140226E0B3F5817F22BF8022024B1A61BDE83840D3
S2140226F0FCF790B9000002B84F2C002000C001B8C9
S214022700003000B0DF0000FF002002B8003E00B03C
S21402271010B528B979B94FF4C062154BDA6210BD0C
S21402272049B9144BDB681B0E13F00E0FF3D1124B94
S2140227301B6CD907EFD4FFF75DFB0E4C0020FEF7AB
S2140227400FFA032801D0092805D1A36ADA07F5D4BF
S214022750636CDB03F2D4FFF77DFF0122074B5A615D
S21402276002229A62042203F580531A64D3E700BF5A
S214022770006001B8000002B800C002B8001002B83B
S21402278008B503210920FEF743F92022014B1A61FE
S21402279008BD00BF000002B80D4A10B5D2F8A0303E
S2140227A0D2F8A4100B40B3F1804F0CD34FF0404048
S2140227B00849094CC1F8A400D467C1F8A0004FF438
S2140227C08021064AD161034AC2F8A03010BD00BF7C
S2140227D000400050006000500000FF01001002B8E8
S2140227E038B5054602F020FD0446FCF7CFFE35B1AB
S2140227F0FFF714FB2046BDE8384002F019BD084B2F
S2140228001B78002BF6D0074B1D78002DF2D1FFF770
S21402281005FB2A464FF480400021FFF77DFBE9E7DF
S2140228204B2C00204A2C00202DE9F84F5A4B064626
S2140228300D4614461B6C002A40F0AB8013F0A00F26
S21402284014BF4FF001094FF00009FCF7E3F8A0238C
S2140228504FF0000ADFF85C810320C8F84030FDF72D
S21402286051FC0420FDF74EFC4C4FFFF7D7FA4C4BB9
S2140228704FF0040B7B67C7F878A0FFF7EBFE494BD7
S2140228804FF48071D3F8C42E42F02002C3F8C42E4F
S214022890FF22C8F80820404A1161D3F8EC2E4249BC
S2140228A01140C3F8EC1EC8F840B0C3F8CCAE7B6942
S2140228B013F0060F04D0FDF791FD5846FDF722FCF3
S2140228C0B9F1000F08D04FF40062384B1A644FF487
S2140228D00042A3F5E0339A6666B1354BDB6C180707
S2140228E001D4FFF787FAFFF74BFF0420FDF70AFC37
S2140228F0FFF72AFA284B5A69D10748D5DA6812F048
S214022900706FFBD12B4B2C4A1A642C4A936E23F021
S214022910F003936615B12046FFF762FF284BD3F803
S2140229204C315A1C01D05B0002D50122214B5A6160
S2140229306CB31F4BDA6E03F500539A6603F5D03379
S2140229401B6A1C4A23F00103D3611E4BD3F80C12F8
S21402295003F50053C3F8081203F50053D3F88410A6
S21402296003F5005399674FF03A43D3F8181103F56D
S2140229700053C3F81411144B996C03F500535964B1
S214022980124903F5803359664FF608431364BDE8CF
S214022990F88F4FF0000958E7000002B800C001B8EF
S2140229A000000101003000B0DF0000FF001002B896
S2140229B0004000B8002002B810003000003F00B00F
S2140229C00080E00F004001B800C000B85000002FA1
S2140229D09D4B2DE9F04F9F6EDB6E85B01F409B4BE3
S2140229E09F664FF03A43D3F81451D3F818311D407E
S2140229F0974BC3F81451974BD3F80822D3F80C32EE
S214022A0002EA0309944BC3F8089203F52043DA69F5
S214022A101B6A02EA0308914B914A08EA0303D36150
S214022A20904BD3F80422D20605D4D3F80431C3F36C
S214022A300016DB0652D502F0F7FB8B4B5A695E6E28
S214022A401B6F12F0060F06EA0306884A26F000738A
S214022A5014BF4FF0010A4FF0000A23F40063740714
S214022A60536606D5824A92F88D300133DBB282F87D
S214022A708D3002F0DDFB002F00F0E38017F40043F8
S214022A8000F0D48002F0D0FB0146FFF777F9044647
S214022A90DFF8D4B1DBF82020DBF820309A42FBD0F6
S214022AA0DBF820209342FBD0FFF768F9A04217D14B
S214022AB0084602F0BDFB6F4B1C606F4BD3F840B06C
S214022AC01BF4E0520ED124F07F4424F0DF040CB94C
S214022AD0FFF7D8FD4FF0807B002414E0B246CAE729
S214022AE00446D7E70192FFF7CDFD5D4B019A1BF432
S214022AF080541A6440F09C801BF4806F0CBF4FF029
S214022B00805B4FF0806BB80715D55B4A5448126C51
S214022B1002F460410164002900F08D80110400F186
S214022B208D8012F4005F0CBF4FF000524FF000622F
S214022B3000244BEA020BC7F340377F004F4A2A4075
S214022B40002A4BD015F4206F0AD040F60502062163
S214022B500020FAF753FA0020FFF742FE25F48025FC
S214022B60EB0506D5FF213E4A4BF4C06B9160FFF79A
S214022B7041F915F0090F0BD040F61A020821002081
S214022B80FAF73CFAFFF7FCFD4FF03A420121516397
S214022B9015F0106F0CD040F6230209210020FAF738
S214022BA02DFAFFF7EDFD002211461046FCF7C2FC97
S214022BB015F4202F0AD040F62B0207210020FAF740
S214022BC01DFA0020FFF70CFE25F48025E80301D548
S214022BD0FCF71CFE002DB8BF47F0080769070ED5A4
S214022BE04FF03A42126B12F4005F4FF4005217BFD6
S214022BF0174923490A634BF4000B08BF0A636A05A8
S214022C0048BF4BF0040B15F48023019300F0A1801B
S214022C10FCF7BAFD0138062834D8DFE810F01701B1
S214022C201A0117011D012001230123019B4653E7C8
S214022C304FF0804B50E74FF0007279E74FF00042BA
S214022C4076E7BB463C4679E7004000B8006000B82D
S214022C50002000BA004001B8006001B80000F7FF8B
S214022C60002002B800E100E000C001B800E001B8B0
S214022C70003E00B01C290020000002B8090B0B8998
S214022C80001000BA40F65C0203210020FAF7B6F9FB
S214022C904FF03A400121D0F88C20D0F8AC3002F048
S214022CA00702063201FA02F2C3F30C0CA2EB0C0284
S214022CB092B2072A12D9754A126C53020ED4744B7A
S214022CC0C26CC06E5B6D5BB102F0070206329140C9
S214022CD0C0F30C00091A89B2072901D84BF4007B0D
S214022CE06C4A1278002A34D04FF03A42D2F81421B5
S214022CF012F4A02F2DD1684A684912789AB9F204C4
S214022D0011D40A787AB14FEADB02654842EA447285
S214022D1082F00102D0F8EC0E02F00102520020FA14
S214022D2002F2930715D10420FDF7ECF95D4A5E48DE
S214022D305067FFF773F859490A7832B95B4A5C491B
S214022D4012680BEA02020A4201D14BF4804B26F4C7
S214022D508056B9F1000F1DD019F4805F18BF4BF4EE
S214022D60802B19F4807F18BF4BF4002B19F4005FF8
S214022D7018BF4BF0100B19F4007F18BF4BF0200B56
S214022D8019F4806F18BF4BF0400B19F4006F18BF90
S214022D904BF0800BB8F1000F3AD018F4802F18BF12
S214022DA044F4007418F4803F18BF4BF4805B18F4A8
S214022DB0801F18BF4BF4003B18F4001F18BF4BF0DF
S214022DC0020B18F4003F18BF4BF4801B18F4800F58
S214022DD018BF44F0100418F4002F19D0304AD2F865
S214022DE0C42E12F0C00F13D02849CA68C2F3036279
S214022DF0032A01D0072A05D14A6CD00602D48A6C6F
S214022E00110732D54FF400212A4A28F40028D1614E
S214022E10002E00F01581320540F187802648DFF843
S214022E208490C2782549002A4ED04FF40063013AB6
S214022E30D2B24B66C27032B9214A1278C2B140F69B
S214022E400141204A5167002200216BE04BF4803B8F
S214022E501EE74BF4006B1BE74BF4806B18E74BF452
S214022E60807B15E74BF0080B12E74BF4001BCFE70D
S214022E70D9F8782012F4A05F15BF4FF4807240F69E
S214022E800142C9F85820C9F87820DCE7000002B8E9
S214022E90004000B84C2C00204B2C00204D2C00206B
S214022EA0003000B000C001B800000101E8110020A7
S214022EB0088D0100002002B83C2C002000E001B87A
S214022EC04F2C002000D001B80320FDF71BF9D9F8DB
S214022ED01420A34B12F0060F04BF41F61F72A1493D
S214022EE0A14808BF4A674FF400619E4A5166D9F866
S214022EF0142012F0060208BFC9F87820B3F88E2014
S214022F0012F400615DD022F40062A3F88E200278EB
S214022F1002F0FF09002A58D1FDF760FAFFF7B2FB6C
S214022F204A4620214BEA020B0C43B30009D52E2059
S214022F30FDF724F84FF000518A4A44F0080411675E
S214022F405166F00606D52B20FDF718F81021854AA3
S214022F501167516616F0306F05D1F1045DD5BAF1EE
S214022F60000F00F0A780320111D52920FDF706F8E0
S214022F70FFF7B0F948B17D4A7D487A494A6602674A
S214022F8000F54050C068430422D444F0040416F00E
S214022F90007A28D00420FDF7B5F82720FCF7EEFFCC
S214022FA0FFF770FB4FF000716E4A5166714AD2F815
S214022FB0EC1E490678D4704A0221916044F002045D
S214022FC028E002784FF40052ACE74FF400423BE7A9
S214022FD00A6720204A66FCF7D1FF2D2044F00C0435
S214022FE0FCF7CCFFD3E716F0807FDFF8909146D04F
S214022FF00420FDF787F82820FCF7C0FFD9F87820D0
S214023000002A39D1FFF73EFB564A584944F00104DC
S214023010116751660021594A9165320405D5584A0E
S214023020126890474BEA000B0C43730508D55549C6
S2140230308A78002A00F08E80013A8A7000221743AE
S2140230403A4658462146FEF767FF019B0BB1FCF74E
S214023050CFFB01224C4B05F00435C3F814514B4B01
S21402306018F4002FC3F884211EBF4FF40022424BEF
S214023070DA6105B0BDE8F08FC9F878A0C4E7F004BD
S214023080C8D50420FDF73EF8414AC9F87420FDF77A
S214023090A5F9D9F8642012F0407FBBD12A20FCF7AC
S2140230A06DFFFFF7EFFA81E7D2F8C42E930685D4B8
S2140230B0384A81E733490A7952B1013AD2B20A71E3
S2140230C012B92B4A3449516700224BEA020BA4E795
S2140230D00420FDF717F80320FDF714F8274A2C49B9
S2140230E0516702F0A1F881460DF10F00FDF738FD99
S2140230F02A4A824612780AB1FEF77CFEBAF1030F1C
S2140231000ED1DFF8A0A00020FDF72AFD032807D184
S214023110DAF82820D007F6D4DAF84420D103F2D41D
S2140231209DF80F20032A06D101211D4A4846117038
S21402313002F07EF8C8E74FF03A42D2F8142112F4B1
S214023140A02FF1D1FEF76AFE484602F071F84FF45E
S2140231508042BAE70220FCF7D5FF01226FE700BFE4
S214023160003E00B000E001B84F2C00201000002006
S21402317000D001B8003000B0002002B800C001B88C
S214023180F00B00203C2C0020002000BA00E100E0FA
S21402319000000101001002B80000010D4E2C0020B4
S2140231A04B2C0020000002B80122024B1A62DA61A0
S2140231B0704700BF002002B8074A08B5D369116AF3
S2140231C00B40064998B2DB07C86104D5D068C0F345
S2140231D00360FFF7E9FF08BD000002B8002002B84E
S2140231E00C4A08B5536C926C13400B4A5364DB07C7
S2140231F00FD50A4B4FF42A621878122100F001000C
S214023200F9F7FCFEBDE80840002201200021FEF787
S21402321083BE08BD00C000B800E000B8E811002078
S214023220184B70B51C6C5A6C1440174A24F00201F5
S2140232301164E10705D540F6E72200201968F9F780
S214023240DDFEA2071CD502220F4B1A64A3F500531B
S2140232505B68DBB2A3B9FDF78FF804460D460B4E4A
S214023260D6F8F433DB060BD5FDF786F802460B4696
S21402327020462946FCF734FF652871F10001EFD39A
S21402328070BD00BF008002B800A002B8000002B8FD
S21402329070B580260A4C0B4DD4F88430DB070AD46E
S2140232A0A36FD4F884201340074A936770BDFFF7D4
S2140232B0B7FFC5F88461D5F804311A06F7D4EBE7F0
S2140232C0008001B800E100E000A001B870B5144625
S2140232D00D4601F0A9FF064BD3F8C46E74402C408D
S2140232E07440C3F8C44E01F0A3FF06EA050070BDA1
S2140232F0003000B0034BD3F8C43E99430CBF012004
S21402330000207047003000B01E4BD3F8C43E13F0C6
S21402331001001ED01C4B93F848001C4A40F08073F4
S214023320C2F8CC304FF480131949C1F8B430A1F575
S2140233308051C1F8B830D2F80C31DBB2FF2B1FD067
S214023340984294BF0020012040F6D3323C21F9F780
S21402335055BE1A06E1D40F4A92F8471121B1DB0690
S21402336002D592F84401D8E74FF480120020084BA9
S2140233700649C3F8B820C1F8CC00C3F8B420704799
S2140233800120E1E7003000B0003F00B0004000B886
S214023390006000B8003E00B053B94AB9002908BF21
S2140233A000281CBF4FF0FF314FF0FF3000F082B90B
S2140233B0ADF1080C6DE904CE00F006F8DDF804E085
S2140233C0DDE9022304B070472DE9F04F099D0C4653
S2140233D0002B4DD18A420F4684469646B2FA82F3B5
S2140233E060D94BB102FA03FEC3F120029F4000FAF5
S2140233F003FC20FA02F217434FEA1E461FFA8EF427
S2140234004FEA1C42B7FBF6F106FB117701FB04F00C
S21402341042EA0742904208D91EEB020201F1FF3748
S21402342002D2904200F231813946121A1FFA8CFCFF
S214023430B2FBF6F006FB102200FB04F44CEA024C48
S214023440644508D91EEB0C0C00F1FF3202D264452B
S21402345000F21E81104640EA0140ACEB040C00214B
S21402346025B12CFA03F30022C5E90032BDE8F08F3D
S2140234708B4205D90DB1C5E9000100210846F5E7E2
S214023480B3FA83F100294DD1A342C0F0F3809042F3
S21402349080F0F080064623460846002DE6D0C5E9B1
S2140234A00063E3E7002B40F0A3808A1A4FEA1E4728
S2140234B01FFA8EF60121B2FBF7F407FB14204FEA3F
S2140234C01C4242EA004206FB04F090420FD91EEB71
S2140234D0020204F1FF382CBF4FF001094FF0000939
S2140234E0904203D9B9F1000F00F0CC804446121A7C
S2140234F01FFA8CFCB2FBF7F007FB102200FB06F665
S2140235004CEA024C664508D91EEB0C0C00F1FF3261
S21402351002D2664500F2B3801046ACEB060C40EAD7
S21402352004409DE7C1F120068B4004FA01FE22FA10
S21402353006F720FA06FCF4408A401F434EEA0C03C4
S21402354000FA01FE4FEA17484FEA13491FFA87FCB2
S214023550B4FBF8F008FB104449EA044400FB0CF9FB
S214023560A1450ED93C1900F1FF3A2CBF4FF0010BD2
S2140235704FF0000BA14503D9BBF1000F00F08B8082
S2140235805046A4EB09041FFA83F9B4FBF8F308FBD0
S214023590134403FB0CFC49EA0444A44506D93C192F
S2140235A003F1FF3801D2A4457BD8434643EA0040E4
S2140235B0A4EB0C04A0FB02984445CC46434602D337
S2140235C006D1CE4504D20138B9EB020C68EB0703EC
S2140235D0002D6CD0BEEB0C0264EB030422FA01F35E
S2140235E004FA06F6CC4000211E43C5E900643DE716
S2140235F002FA03FEC3F1200104FA03F200FA03FC06
S214023600CC404FEA1E4720FA01F11FFA8EF6B4FBB1
S214023610F7F00A4307FB1044110C41EA044100FB91
S21402362006F48C420ED91EEB010100F1FF382CBFC6
S2140236304FF001094FF000098C4202D9B9F1000F90
S2140236402CD04046091B92B2B1FBF7F407FB1411CB
S21402365042EA014204FB06F1914207D91EEB02023E
S21402366004F1FF3801D291421ED84446521A44EA67
S214023670004120E7861A64EB030301200DE7F444B9
S21402368002384AE7023C724431E702397244CCE619
S214023690F4440238DFE602383C4472E702387144EA
S2140236A0D0E7023B3C4481E7023C7244DEE729460F
S2140236B0DCE600BF704700BF024B0A4601461868A8
S2140236C00BF0D7B9200C002008B5064B044613B100
S2140236D00021AFF30080044B1B6803B198472046D5
S2140236E002F004FB00000000642A0020024B0146A0
S2140236F0186800F02DB800BF200C0020024B0146CF
S214023700186800F085BA00BF200C002070B50F4E76
S2140237100C460546316811B900F034FA306021468D
S214023720284600F02FFA431C03D14FF0FF34204600
S21402373070BDC41C24F00304A042F8D0211A284607
S21402374000F020FA0130F2D1EFE700BF2429002072
S2140237502DE9F041CD1C064625F0030508350C2D53
S21402376038BF0C25002D01DBA94204D90C23336097
S2140237700020BDE8F081314F00F062F83B681C463D
S21402378044BB29463046FFF7C1FF431C044650D1CE
S2140237903C682146002941D1002C44D0236830469B
S2140237A004EB030800F0EEF980453CD12168304670
S2140237B06D1A2946FFF7AAFF013034D023682B443E
S2140237C023603B68002B36D05A68A24229D10022D9
S2140237D05A600EE02268521B1DD40B2A16D96119B4
S2140237E0A342256018BF5960636808BF39606251FA
S2140237F04B60304600F02AF804F10B00231D20F03F
S2140238000700C21AB5D01B1AA350B2E7A3426268D9
S214023810DED13A60EDE723466468B1E70C464968B4
S214023820B8E71346CEE70C233046336000F00EF8B6
S2140238309EE70560DDE75B60FFDE00BF282900200B
S21402384001480BF0BEB900BF502C002001480BF017
S214023850B9B900BF502C0020002310B5044683607F
S214023860818119464366C28108228361C0E900331A
S214023870C0E904335C300BF09BF90D4B24626362A3
S2140238800C4BA3620C4BE3620C4B23630C4B9C4227
S21402389006D003F16802944202D0D0339C4205D18E
S2140238A004F15800BDE810400BF08AB910BD00BF05
S2140238B0D7EA0200F9EA020031EB020055EB0200F9
S2140238C02C290020024A034903480BF0E6B800BF41
S2140238D0140C00201DEE0200240C002041680C4B44
S2140238E0994210B5044601D00BF098FAA168094B2C
S2140238F0994202D020460BF091FAE168064B9942B3
S21402390004D02046BDE810400BF088BA10BD00BFB8
S2140239102C29002094290020FC29002010B50B4BEE
S21402392004210B4C0B4A20461A600022FFF794FF34
S21402393004F1680001220921FFF78EFF04F1D0008E
S21402394002221221BDE81040FFF786BF642A00203B
S2140239502C290020C538020001480BF032B900BFFE
S214023960512C002001480BF02DB900BF512C00202D
S21402397010B50446FFF7F0FF236A1BB1BDE81040FE
S214023980FFF7F0BF044B2362044B1B68002BF5D1F4
S214023990FFF7C4FFF2E700BFDD380200642A00200A
S2140239A02DE9F7431D46574B04460E461F689046C0
S2140239B027B13B6A13B93846FFF7DAFFB8F1020FB0
S2140239C006D0B8F1010F00F29980002DC0F2968061
S2140239D0636ED90705D4A3899A0502D4A06D0BF0AD
S2140239E0F0F8214638460BF019FA616B41B104F142
S2140239F04403994202D0384600F00AF90023636372
S214023A000023A3616360A3891B0603D52169384698
S214023A1000F0FEF8A389B8F1020F23F44A6323F0FC
S214023A200303A38160D001AB6A46214638460BF0F9
S214023A301DFAA3891843A0812DBB009D2846FFF7D7
S214023A4055FE0646002851D1DDF80090A9453FD123
S214023A504FF0FF35B4F90C3043F00202A281002287
S214023A60A26004F147022260226101226261626E54
S214023A70D60704D4980502D4A06D0BF0A3F8284606
S214023A8003B0BDE8F083002ED8D03B6A13B938469F
S214023A90FFF76EFFB8F1010F266002BFA38943F05D
S214023AA00103A381B4F90C3013F00802C4E90465DB
S214023AB01ED0D90745BF00226D42A560A26048BF4E
S214023AC0A561626ED20701D49B0513D50025D6E701
S214023AD04846FFF70BFE06460028B9D0A3894D4696
S214023AE043F08003A381D0E70025B3E7A946F5E7B4
S214023AF0A260E6E7A06D0BF065F8E7E74FF0FF354A
S214023B00BDE700BF200C00200B46034902460868AA
S214023B10816800F0C7B800BF200C002038B500232B
S214023B20054D044608462B6002F0DEF8431C02D11F
S214023B302B6803B1236038BD682A002038B50446D6
S214023B40064D0846114600222A601A4602F0D6F8AA
S214023B50431C02D12B6803B1236038BD682A0020BB
S214023B6038B50446064D0846114600222A601A4613
S214023B7002F0C6F8431C02D12B6803B1236038BD9D
S214023B80682A002038B50023054D044608462B60F7
S214023B90E3F764FB431C02D12B6803B1236038BDF4
S214023BA0682A002038B50446064D0846114600220B
S214023BB02A601A4602F0B2F8431C02D12B6803B1FF
S214023BC0236038BD682A002070B50D4D00260D4CC6
S214023BD0641BA410A64209D10B4D00260B4C0BF019
S214023BE01FFF641BA410A64205D170BD55F8043B06
S214023BF001369847EEE755F8043B01369847F2E758
S214023C00140F0020140F0020140F0020180F00209D
S214023C1038B50546002941D051F8043C0C1F002B4C
S214023C20B8BFE418FFF70CFE1D4A136833B9636089
S214023C3014602846BDE83840FFF708BEA34208D9FC
S214023C40206821188B4201BF19685B680918216039
S214023C50EDE71A465B680BB1A342FAD91168501811
S214023C60A0420BD120680144501811608342E0D173
S214023C7018685B68084453601060DAE702D90C23C0
S214023C802B60D6E7206821188B4202BF19685B6852
S214023C900918636008BF21605460CAE738BD00BFD8
S214023CA0282900202DE9F04F0D469DB0144698466F
S214023CB0064618B1036A0BB9FFF75AFE6B6ED907B0
S214023CC005D4AB899A0502D4A86D0AF07AFFAB89AF
S214023CD01B0701D52B699BB92946304600F026FA08
S214023CE070B16B6EDC0704D54FF0FF301DB0BDE837
S214023CF0F08FAB899805F7D4A86D0AF063FFF3E757
S214023D000023CDF80C804FF00109DFF8B481099347
S214023D1020238DF8293030238DF82A3023469A4600
S214023D2013F8012B0AB1252AF9D1BAEB040B0BD0F2
S214023D305B462246294630460AF069FF013000F00B
S214023D40A780099A5A4409929AF80030002B00F08C
S214023D509F8000234FF0FF320AF1010A0493079373
S214023D608DF853301A93CDE905235446052254485C
S214023D7014F8011B0BF019F9049AD8B9D10644BFFE
S214023D8020238DF85330130744BF2B238DF853306E
S214023D909AF800302A2B15D0079A544600204FF086
S214023DA00A0C214611F8013B303B092B4BD9B0B126
S214023DB0079214E0A0EB0803A24609FA03F31343A2
S214023DC00493D2E7039B191D1B68002B0391BBBF0C
S214023DD05B4242F0020207930793B8BF049223782D
S214023DE02E2B0AD163782A2B32D1039B02341A1D5A
S214023DF01B6843EAE37303920593DFF8D4A0032219
S214023E00217850460BF0D1F838B1A0EB0A004022D8
S214023E10049B013482401343049314F8011B0622C8
S214023E2028488DF828100BF0C0F800283FD0264B03
S214023E301BBB039B073323F0070308330393099B3B
S214023E403B4409936AE70CFB02320C460120A8E7C2
S214023E50002301344FF00A0C19460593204610F849
S214023E60012B303A092A03D9002BC6D00591C4E7A4
S214023E700CFB012104460123F0E703AB2A4604A902
S214023E8030460093114BAFF300800746781CD6D11C
S214023E906B6ED90705D4AB899A0502D4A86D0AF0D1
S214023EA091FEAB895B063FF51FAF09981EE703AB91
S214023EB02A4604A930460093044B00F00BF8E4E7C8
S214023EC00648030010480300000000000FEC020042
S214023ED00C4803002DE9FF470F7E914680460C46AC
S214023EE0782F9A460C9E01F1430207D8622F0AD811
S214023EF0002F00F0DD80582F00F0C38004F1420648
S214023F0084F842703AE0A7F16303152BF6D801A1B4
S214023F1051F823F06D3F0200813F0200FD3E020091
S214023F20FD3E0200FD3E0200FD3E0200813F020011
S214023F30FD3E0200FD3E0200FD3E0200FD3E020086
S214023F40974002000F4002004F400200FD3E020072
S214023F50FD3E0200B9400200FD3E02000F40020094
S214023F60FD3E0200FD3E02005740020033681A1D65
S214023F701B68326004F1420684F842300123A8E04E
S214023F8031682368081D30601E0601D50D6803E0FF
S214023F905D06FBD5B1F90050002D616878DA2D2058
S214023FA00029A16084F843002DDA6D425D480A2399
S214023FB01646B5FBF3F103FB1157C75D06F8017D04
S214023FC02F460D46BB42F4D9082B0BD12368DF07D8
S214023FD008D5236961689942DEBF302306F8013CA2
S214023FE006F1FF36921B22614B4603AA2146404643
S214023FF0CDF800A00AF01DFE01306FD14FF0FF3061
S21402400004B0BDE8F08723F004032360CDE72168FF
S2140240103368080653F8045B02D4490648BFADB2BB
S2140240206F2F33603F4814BF0A230823002184F809
S21402403043106668002EA660BADB216821F00401F0
S2140240402160002DB4D1002EB2D11646BCE72368FB
S21402405043F02003236078273348236884F84570AA
S2140240601F06316851F8045B02D45F0648BFADB242
S2140240703160D90744BF43F0200323601DB11023EB
S214024080D4E72848E9E7236823F020032360F6E70D
S21402409024480A23CDE733682568181D6169306015
S2140240A02E061B6801D5196002E06806FBD519804A
S2140240B000231646236197E7336800211A1D3260F3
S2140240C01E68626830460AF070FF08B1801B6060A6
S2140240D063682361002384F8433085E72369324608
S2140240E049464046D047013088D023689B0714D4FF
S2140240F0E068039B9842B8BF184681E70123324620
S21402410049464046D04701303FF478AF0135E36870
S21402411003995B1AAB42F1DCEAE7002504F11906C3
S214024120F5E700BF174803002848030038B5294BB7
S21402413005460C46186818B1036A0BB9FFF718FC57
S214024140B4F90C30190722D4DA0607D409222A60F9
S21402415043F040034FF0FF30A38133E0580712D5F7
S214024160616B41B104F14403994202D02846FFF73D
S2140241704FFD00236363A38923F02403A381002356
S214024180636023692360A38943F00803A38123693C
S2140241904BB9A38903F42073B3F5007F03D02146FD
S2140241A028460AF088FEB4F90C3013F001020AD051
S2140241B00022A26062695242A261226942B913F0E9
S2140241C08000C5D138BD990758BF6269A260F4E77E
S2140241D00020F7E7200C002038B50023064D0446E1
S2140241E0084611462B6001F082FD431C02D12B6863
S2140241F003B1236038BD00BF682A002038B500230B
S214024200054D044608462B6001F076FD431C02D19C
S2140242102B6803B1236038BD682A0020094A51681A
S214024220C84390FAA0F048B1B0FA80F0042805DC42
S214024230012383400B43536040B270474FF0FF3078
S214024240704700BF942A00200021034B282203480F
S214024250C3E900110AF0ACBC942A00206C2A0020A4
S21402426038B50546FFF7DAFF04460448294600EB50
S214024270C4000AF0FFFE204638BD00BF6C2A0020AC
S214024280C3B2042B10B515D804230B4A03EBC003A4
S214024290134453E8002F0A4343E80024002CF8D1C5
S2140242A001220649824051E8003F134341E80030AC
S2140242B00028F8D110BD00BF6C2A0020942A0020E6
S2140242C0F7B54FF0040C01260827184A1849194D6D
S2140242D0106800B30B7806FA03F420421DD0E043C0
S2140242E052E8004F044042E8004EBEF1000FF7D1FC
S2140242F017FB03C32B4453E8000F43E800E4002CEB
S214024300F9D1019048B1087801AA0B4905EBC00023
S2140243100AF0ECFE012003B0F0BD0B785068834231
S2140243202EBF00230133DBB20B70D1E7942A0020A4
S214024330522C00206C2A002078563412024B186841
S214024340003818BF01207047942A002010B5044692
S21402435000F071FF074B1B684BB1DB681B1B002B81
S214024360CCBF0024012400F06CFF204610BD1C4682
S214024370F9E700BFAC2A002038B54FF0FF340546F7
S21402438000F059FF084B1A681AB900F05AFF204687
S21402439038BDD2E903310B445B1B23F000439C4239
S2140243A028BF1C465268EFE7AC2A00202DE9F84FDA
S2140243B00C9F0E461546994680469DF82CA008B1DD
S2140243C003687BB937B129463046B84740F2034006
S2140243D0BDE8F88F002DF9D0002EF7DB284600F056
S2140243E009FCF3E700F027FF8346504600F0F0F999
S2140243F00446584600F025FF8CB947B12946304698
S214024400B8470320314600F0BBFB1A20E0E7002D38
S214024410F7D0002EF5DB284600F0ECFBF1E76561ED
S21402442000250A9BC4F80080DFF87080C4E907976D
S214024430A660236184F818A0D8F800306560984713
S21402444009EB000600F0F7FE07461248E66002682F
S214024450114631B1CB689B1B002B13DBCB689E4207
S21402446010D09DB90C4B626004601C682CB1D8F861
S21402447000309847FFF780FFA047384600F0E1FE7D
S2140244800020A5E74B680D461946E2E76B686360B5
S2140244906C60F2E7AC2A00209C2A0020A42A0020A6
S2140244A02DE9F74F81460D4692461E4600F0C3FEA2
S2140244B04FF00008DFF874B00190DBF800402CB92A
S2140244C0019803B0BDE8F04F00F0BBBE23684B4531
S2140244D01CD12DB1A3682A6823F00043934215D15C
S2140244E07EB96368B8F1000F13D1CBF800300D4BDC
S2140244F01F6887B10C4A12689047FFF73DFFB8471E
S21402450009E051466069B0470028EAD0A0466468D0
S214024510D5E7C8F80430676820460AF067FD3C46CF
S214024520CDE700BF9C2A0020A42A0020AC2A002047
S214024530014B1860704700BF9C2A002070B50B4BD9
S21402454004460E4615461978094A0A480BF0E2F95F
S2140245500023094A24211360084A07201660084AE5
S21402456015602246BDE8704000F0B4B86B2C0020FF
S21402457039480300532C0020AC2A0020A42A00202D
S214024580A02A00207FB504461846002303930A4B50
S2140245900D461B68164613B9212004B070BD03A948
S2140245A098470028F8D10090324629462046039BB9
S2140245B00AF04FFDF1E700BFA02A0020F8B5054635
S2140245C010200F46164600F0F7FA0A4B04461878F3
S2140245D018B1102221460BF0A0F944B101230020A5
S2140245E0E3602B68C4E9017623602C60F8BD1A20CC
S2140245F0FCE700BF532C00202DE9F843264FDFF8D6
S214024600A880264D38603868FFF7A0FE30B9244BE4
S2140246101B689847BDE8F843FFF7AEBE00F00BFEF6
S214024620D8F800400646ECB16368C8F800301D4B67
S214024630D3F80090B9F1000F0CD100F002FEA36887
S2140246402C6033F0004311D128680AF0CFFC002317
S2140246502B60D8E7124B1B689847FFF78DFEC847BA
S2140246603046EAE700F0EDFD2C60CCE72368002B2D
S214024670EAD018680028E7D0A26832F00043E3D0F8
S214024680D0E90069636921688068C8470028DBD1E1
S214024690002ED9D03046EFE7B02A0020A82A002004
S2140246A0A42A00209C2A0020AC2A002038B5044602
S2140246B00D4600F0C0FD064B1B683BB1DA6922606E
S2140246C01B692B60BDE8384000F0BBBD2360F8E7ED
S2140246D0A82A00202DE9F74F4FF6FC77002416464D
S2140246E0DFF884900331DFF884B009EB00150F4041
S2140246F04FEA001ADBF800306A80804629F80A7012
S21402470002FB07F0EC60984717FB06F292B20346EC
S21402471068602A8108B300921148124A9BF8041076
S21402472052F8282040440BF0F6F821462A89686899
S2140247300AF03EFA214623469E4206DC0020D14479
S214024740A9F8026003B0BDE8F08F6A68E8685418FA
S21402475050500133EC603944EEE71A20F2E700BF0E
S214024760542C002038490300B8230020B42A002025
S21402477070B50B4E044606EB0015696839B1094B55
S2140247802A89185C0BF0C8F8686800F033FA06EB62
S21402479004101022BDE8704000210AF009BA00BFDA
S2140247A0B8230020542C0020044B19601A7198601C
S2140247B00201002102480AF0FBB900BFB42A002019
S2140247C0B8230020014B185C704700BF542C002011
S2140247D070B50A4C060104EB0013DD68084B185C42
S2140247E018B12946A25B0BF098F82DB12B68344419
S2140247F0E3606388013B6380284670BDB8230020CF
S214024800542C0020024B03EB00139878704700BF2D
S214024810B8230020094B10B403EB00135A88DC6857
S21402482001320C60D9605A80054B185C18B15DF8ED
S214024830044B0BF073B85DF8044B7047B8230020A6
S214024840542C0020044A010102EB0013505A10B106
S2140248501B89B3FBF0F07047B823002038B500245C
S214024860154B164D1C70164B20461C60154B2C60C3
S2140248701C706C60AC60FFF7E5FF80B2A0F10E031F
S2140248806B80A0F11403013068812046EB80FFF7AD
S21402489099FF04460C4D01460C4A28460BF03AF89E
S2140248A02146681E0A4A0BF035F82146681C094A5A
S2140248B0BDE838400BF02EB8692C0020282B0020CB
S2140248C0D82A0020682C0020662C00207C49030091
S2140248D0854903008F49030070B5044680B300F093
S2140248E0AAFC637905466FF382036371237913F09A
S2140248F0100605D010232371BDE8704000F0A1BC5D
S214024900104903F0030331F823203046013A21F818
S21402491023202146FFF77EFF0B4B0C4E1C681CB96A
S2140249200A4B28461C70E7E7237A1BB933781BB973
S2140249302468F4E7012BFBD1204663689847F7E723
S21402494070BD00BF282B0020D82A0020692C00202A
S21402495010B5044600F06FFC034B1A6822601C6018
S214024960BDE8104000F06DBCD82A002010B5064BFA
S21402497000F0E0001A78541C1C70044B03F8320056
S21402498003EBC203596010BD682C0020C02A002029
S2140249902DE9F04F0446460789B048BF00F0F704F9
S2140249A00492029100F047FC614F04F0030607EB05
S2140249B0860337F826205B8881469A4204F0EF0A7F
S2140249C04FEA860831D20020FFF702FF054640B3C1
S2140249D037F826304846013327F8263000F031FCF7
S2140249E028460AF006FE029B029AAB71049B85F8E3
S2140249F004A01344EB7100F01EFC07464D4B1C68E6
S214024A00002C40F08C80384600F01BFC4A4B985D28
S214024A1018B1452229460AF080FF284609B0BDE8AB
S214024A20F08F01224846454B1A7000F00AFC250713
S214024A301DD51F2C1BD904F0E003039300F0FBFBEB
S214024A4007EB08035B8837F826804FF0000B984583
S214024A502CBF00230123DFF8EC90019300F0F1FB5A
S214024A6007EB86030593364B1B789B4508D384F0E9
S214024A7004005146C0F3800000F082F80025C5E726
S214024A8099F80030039A1A4204D0D9F80480D8F86C
S214024A90003023B90BF1010B09F10809E3E707938C
S214024AA05A79D00708D51A79510705D5019941B91F
S214024AB08AEA0202920704D098461B68002BEFD1BE
S214024AC0E5E740460AF0FBFB0579079007A80AF0DF
S214024AD0D8FB2946002000F053F800F0ACFB059BFB
S214024AE037F826205B8805469A4234BF0123002306
S214024AF0019309D20020FFF76BFE079058B137F8F2
S214024B002630013327F82630284600F09AFB079D08
S214024B10002DBCD064E70122084B1A70F4E7237A12
S214024B20012B02D1204663689847246868E700BFD5
S214024B30282B0020D82A0020652C0020692C002073
S214024B40682C0020C02A00200022014B1A60704701
S214024B50DC2A002010B5044600F06DFB074A1368F5
S214024B602BB914602360BDE8104000F06ABBA34274
S214024B7002D01A461B68F3E710BD00BFDC2A0020ED
S214024B8070B505460E46054B1C6804B970BD6368D1
S214024B903146284698472468F7E700BFDC2A0020FB
S214024BA0024B034A197803480AF0B4BE6A2C002066
S214024BB09C4903006B2C002038B5C41C24F0030467
S214024BC0204601F0EFFA0A4B0546187818B122463D
S214024BD029460AF0A2FE2DB921460220FFF7D0FF91
S214024BE0284638BD22460021284609F0E1FFF7E7AD
S214024BF06B2C002010B5044628B1054B187810B16E
S214024C0021460AF08BFE2046BDE8104001F0E8BAC5
S214024C106B2C002010B5064C237823B9E7F7EAFC84
S214024C2018B901232370002010BD40F20740FBE7AD
S214024C306C2C002038B50B4B04461B780D464BB146
S214024C4021462846E7F7F6FB002840F2074008BF51
S214024C50002038BD04490548FFF7DCFF0028EFD0E6
S214024C60F7E700BF6C2C0020EFBEADDEBEBAFECA70
S214024C7008B501F074FAE1F77DFB01F07DFAE1F781
S214024C8095FBE6F737FBF8E7EEF762B908B5E7F704
S214024C90BDF9BDE80840F0F76BB910B50446E1F778
S214024CA0BBFD2046E1F792FC10BD0120704700B51F
S214024CB0C3B0EEF7DFF805F089F848B1FFF7F5FF65
S214024CC030B101A805F000FF10B901A8FFF7E5FF13
S214024CD043B05DF804FB08B5E2F7B4FDE1F762FF06
S214024CE0BDE80840E1F776BF08B5E6F711FFE5F73D
S214024CF0E3FD00F078FEE6F7ADF8E7F77BFC00F0A0
S214024D00FBFEBDE80840E1F733BF08B5E4F716F945
S214024D1000F0CEFAE4F722F9BDE80840FFF7B6BF86
S214024D20E1F790BF70477047FFF7C1BF7047E1F7E2
S214024D302DBF012070470120704710B5EEF7C2F86C
S214024D400446FFF7F6FF002818BF204610BD38B508
S214024D50E6F7F8FB044605F07BF8042817D002288D
S214024D604FF0000508BF0124E1F716FF042810D013
S214024D70022808BF0124FFF7DEFF04280BD0022812
S214024D8008BF0124002D18BF0024204638BD012587
S214024D90EAE70125EFE70024F7E770477047FEE7EA
S214024DA010B53AB1002350F8234041F823400133AE
S214024DB09A42F8D110BD002070474FF40040704769
S214024DC04FF47A7070477FB500239E6A0446B6F5A4
S214024DD0C04F0D460DD201A80393E2F753F8039B8A
S214024DE05B0506D529462046336C04B0BDE8704004
S214024DF0184704B070BD1FB500239A6AB2F5C04FBB
S214024E0004D340F2011005B05DF804FB126BB2F554
S214024E10C04FF6D2012201A8CDE902338DF8042054
S214024E20E2F730F8039BDB03EBD5029B1A0EE8D0C1
S214024E30012A03D1C3F307430A2BE2D900239B6A54
S214024E401B6B1B6C9847DEE7002303607047036802
S214024E500B6001607047436803B118472220704711
S214024E60436903B11847FF20704710B40A68084622
S214024E701378022B13D014213023147913FB041356
S214024E8003F1A04303F570331B685179CB40DB4333
S214024E9003F0010313705DF8044BE1F7A3BA5DF863
S214024EA0044B704703681878704702681378022B21
S214024EB027D014213023107913FB001303F1A043EB
S214024EC003F5703351791B68CB40917903F00103E7
S214024ED0012912D1508843EA40034FF6E07063F08E
S214024EE03F039BB2834202D11170538070474FF644
S214024EF0DF718B42F9D10021F6E711B983F0010385
S214024F001370704703681A78022A03D100225A8067
S214024F10E2F7B4B9704713B504682378022B10D0B1
S214024F20A379022B0BD100216079E2F7A3FC0023C0
S214024F30627920791146CDE90033E3F7CDFB0223EF
S214024F40237002B010BDD0E90003184783680068DA
S214024F501847C3680068184710B5044601213A206E
S214024F60E2F710FFA3782078B3FA83F3042261787D
S214024F705B09E3F70BFC002010BD012241780378A1
S214024F808A4030214B4343F2100103F1A04303F55C
S214024F9070335A507047102130230246007813FBB4
S214024FA0001303F1A04303F570331B685178CB401E
S214024FB003F0010093780BB980F00100704710B53A
S214024FC088B004460E98009207900D9822460690E6
S214024FD09DF8300005900B9804909DF828000390E9
S214024FE00020CDE901300B460121E2F7C1F908B0F5
S214024FF010BD704713B5044601A8E3F7ABFD9DF854
S214025000063023804FF480736380E3F7C3FD60604D
S214025010002002B010BDE3F723BD08B5E3F710FD8C
S214025020002008BD10B5044644EA010313F003034A
S214025030084609D1934201D1002010BD54F823102E
S21402504040F823100133F5E72146920009F0BBFD34
S214025050F2E70A4601390144E5F75EBF08B5E1F713
S214025060DBFEBDE808400021E2F766BE1FB500235E
S21402507080280446019371D02AD8002872D0A0F165
S2140250802004412C32D8412C30D8DFE804F06B6E75
S2140250906B6E7E7E7E7E6E6E883C9E623C6E6E6E12
S2140250A02F2F2F2F2F2F83546E6E6EA8A36E2F2FA7
S2140250B02F2F2F2F2F2F2F2F2F2F2F6B2F6B6B6B09
S2140250C07E2F2F2F2F2F2F2F2F2F2F2F2F2F6B6B22
S2140250D0B0F5806F59D021D8B0F5007F50D008D8EF
S2140250E0B0F5807F60D0B0F5C07F3BD0019804B0A9
S2140250F010BDB0F5607F43D0F8D8B0F5207F34D02D
S214025100B0F5407FF2D1E1F775FE02464FF420700B
S214025110E2F7E8FDB2FBF0F252082FE0B0F5C06FFE
S21402512053D00DD8B0F5A06F34D0B0F5B06F36D0EE
S214025130B0F5906FDAD1002101A8E2F7D7FCD5E7E7
S214025140B0F5E06F46D0B0F5F06F48D0B0F5D06F4E
S214025150CCD1002101A8E2F721FDC7E7E1F730FE36
S2140251600190C3E7E1F746FEFAE7E1F743FE02469F
S2140251704FF42070E2F7B6FDB2FBF0F20192B5E70B
S214025180E1F71EFE02462046F4E7002101A8E2F7F8
S21402519067FCABE7002101A8E2F774FDA6E7002151
S2140251A001A8E2F781FCA1E702934FF0E0231B6916
S2140251B05B0705D5E1F71EFE0290029B019395E779
S2140251C003A902A8E2F7C6FCF7E7002101A8E2F766
S2140251D0C1FC8BE7002101A8E2F70CFD86E700215F
S2140251E001A8E2F72BFD81E70029CCBF01210021AF
S2140251F0E2F7A2BD02214FF42070E3F725B810B5FE
S214025200E1F7F8FD0446E2F71FFCC0F10201204672
S214025210FFF7EAFF01210020E3F7A6F9E3F77AF8A1
S214025220BDE81040E2F7CEBDEFF3108072B67047CD
S21402523000B962B67047EFF31180302383F311880A
S214025240704780F311887047704770470020E3F775
S2140252508BB80120E3F788B8704770B50546144648
S2140252600E46FFF7E1FF2B685C4034405C402C6042
S214025270BDE87040FFF7DCBF4FF0B0435A6812B18A
S2140252809A6A002AFAD17047012200F580535A60C2
S214025290CB43934003F00A034361416111B900F521
S2140252A000504260704783695B06FCD5C163704755
S2140252B0F8F728BA0020704713B51AB100240094F4
S2140252C000F0F4F802B010BDF0B58DB005AC84E87D
S2140252D007001C46A1420D4628BF2546129B0DB369
S2140252E004B311462846002603F53813CDE90A46CC
S2140252F08DE8030003F241135F02C5EB43230993D3
S21402530002950CAA059B12E90700069500F057FACB
S214025310A54207D23146621B381B0DB0BDE8F040ED
S21402532000F04BBA0DB0F0BD30B591B001AC84E8D8
S21402533007001C461346DA0049BF029A620003328F
S21402534022F00302014604A8FFF7B6FF04A800F005
S214025350C2F81499224601F5381101F241114D02A4
S21402536008A8C4EB41210023FFF7A6FF05F500714C
S21402537000232246091B0CA8FFF79EFF0CA800F08C
S214025380AAF808A904A800F086F811B030BD70B5D6
S21402539090B001AC84E807001C461499164601F545
S2140253A0381101F2411122464D0208A8C4EB4121F0
S2140253B00023FFF781FF05F5007122460023091B33
S2140253C00CA8FFF779FF0CA800F085F8F30048BF99
S2140253D0029A334648BF033201994CBF22F00302B9
S2140253E0620004A8FFF768FF04A800F074F804A996
S2140253F008A800F050F810B070BD10B58CB005AC1F
S21402540084E807000E9ADDE9060102F5381202F575
S214025410A0725202CDE9092300228DE803000B9206
S21402542002930CAA059B12E9070000F0C8F90CB01B
S21402543010BD2DE9F04B4FF0000899460746164678
S21402544045468AB003AC84E8070002F0805B07ACEE
S214025450049A424502D80AB0BDE8F08B139B13B9F2
S214025460AA1E012A0AD9129BCDE907790996009548
S2140254705BB194E807004B46FFF726FFBBF1000F2F
S21402548000D14F440135C844E2E74B4694E8070092
S214025490FFF7B3FFF2E708B5E3F744FEE3F778FE5B
S2140254A0E3F780FEBDE80840E3F790BE10B5044679
S2140254B022F07042103060602160A26039B1A268AA
S2140254C003F070431343A360029BE36010BDA3681E
S2140254D043F08043F7E701234360C36843F02003A9
S2140254E0C360836843F000538360704737B5154640
S2140254F04A6804463AB18C680093096845EA040390
S214025500FFF7D4FF0446204603B030BD2DE9F04F26
S214025510D3B0CDE90123DDE95D7BDDE95FA9002398
S2140255200390042003ACCDE9050307C907AB83E863
S214025530070021461846619E0494E3F75BFE804608
S214025540002840F0B3805C9A0AAB07CADBF8045026
S21402555083E80700DAF804304C421D44D9F80430D8
S2140255606D425B420093BB6805F00F05DA0048BF48
S2140255707B6804F00F0442BF033323F003037B600F
S214025580B368DB0041BF7368033323F00303736021
S2140255900023DBF80400DAF80420CDE9153381187D
S2140255A02944CDE90E1379680D93494201F00F01A3
S2140255B0CDE9103171681293494201F00F01CDE92D
S2140255C01331CDE9173319935C9B5B684BB9D9F855
S2140255D004301343184301BF1024CDE90B4016AB29
S2140255E00A9311234FF0005204A932A8FFF77EFF58
S2140255F040F611034FF0005207A9FFF777FF42F675
S21402560011034FF000520299FFF770FF44F61103A0
S2140256104FF000520199FFF769FF412300225946D5
S214025620FFF764FF2B024FF00052514643F041034E
S214025630FFF75CFF23024FF0005243F001030AA972
S214025640FFF754FF009B4FF000521B0203F47063F7
S214025650494643F00103FFF749FF1038FFF73BFFC7
S21402566000230DA91A461AA8FFF740FF0023394661
S2140256701A46FFF73BFF002310A91A46FFF736FF2C
S214025680002331461A46FFF731FF002313A91A46B4
S214025690FFF72CFF002362991A46FFF727FF103800
S2140256A0FFF719FF1AA932A8FFF7F5FE404653B0D6
S2140256B0BDE8F08F084611461A465B68102B01D1EA
S2140256C0E3F720BE0720704782B000B589B00DF11F
S2140256D0200C20290CE907000B9312D8DDE90E01F5
S2140256E002AB83E803005CE902018DE803000BAA23
S2140256F0059B07CA00F0EAF809B05DF804EB02B0B1
S21402570070470120F8E782B070B586B00B93119B04
S21402571003AD202B85E807003CD80C9AB2EB430F6A
S2140257203AD10F9EB34237D106225A438A4203D059
S21402573003EB83038B422FD1012231462220129B98
S214025740E3F732FC0446F8B90123CDE9003395E8C5
S21402575007000E253346FFF76CFE00950EAA07CA11
S2140257603346FFF7B1FD2346062229460220E3F719
S21402577007FCE3F735FC0623044678B900930BAA28
S214025780334607CAFFF703FE204606B0BDE8704060
S21402579002B070470124F7E70724F5E71C46F3E753
S2140257A0034610461944CA1A012A00D5704711F852
S2140257B0012D02440A701012F5E709F0F9B982B019
S2140257C02DE9F0438BB005AE86E80700079D1F461D
S2140257D015F0804513938046DDE914328946169CFF
S2140257E016D18C4228BF0C46D20016D584B10F2C97
S2140257F01AD8A9EB0502042A3B6828BF042208EB44
S214025800050009A90435099309F0DDF9AC42F0D880
S2140258100BB0BDE8F04302B070479C4228BF1C465E
S214025820002CF5D00F2C13D9DDE914018DE8030006
S2140258300294139B96E80700E3F77CFCE3F7A8FCC8
S214025840E3F7B0FC0BB0BDE8F04302B0E3F7BEBC32
S214025850224639460BB0BDE8F04302B009F0B3B9B0
S21402586082B070B586B00E9E0B930C9B03ADB3EB65
S214025870460F85E8070027D10122314626200F9BD6
S214025880E3F792FB0446C8B90123CDE9003395E855
S214025890070006253346FFF7CCFD00950BAA07CA7C
S2140258A03346FFF741FD2346224621462846E3F7C4
S2140258B067FBE3F795FB041E18BF0524204606B0D7
S2140258C0BDE8704002B070470724F7E782B02DE9C2
S2140258D0F04F89B01D461393149B01AC8B4284E8AB
S2140258E0070006460C4605D0072009B0BDE8F04F73
S2140258F002B070476B1813F8013CDB07F4D500279B
S214025900EB5DB3B34FF0FF084FEA480111EA030A12
S2140259105FFA81F8F8D13A46514606EB0709304657
S214025920E71B09F045F904F1FF3BCDE9067ACDF80D
S21402593014900DF1140A9AE80E00DDE91607B8472E
S214025940002101278C46084699F8003023EA08030E
S21402595089F80030A1420ED1BCF1000FC4D0002855
S214025960E9D1002FE7D101223046FFF719FF38466A
S214025970BBE70137C4E76A5C735C8B4508BF02F07D
S214025980FE02A2EB030E5FEA1E2E07F0010E08BF10
S2140259904FF0000E5340013B1B0A07F0010740EA96
S2140259A00E0008BF00270131002A18BF4CF0010C78
S2140259B0D0E708B5E3F72EFB10F00E03FAD0022B61
S2140259C0F8D010F4806018BF062008BD10B5044653
S2140259D0E3F744FB2046E3F78DFD18B9BDE8104017
S2140259E0E3F7F4BD10BDFFF765BCF0B515464922D6
S2140259F08FB0149C8DF8242004F10C060DF12502BC
S214025A0054F8047BB44242F8047BF9D1247814702B
S214025A104FF48074ADF834409DF8544000228DF85F
S214025A20364004240694169CCDE9001505941324EA
S214025A30049409ACCDE902340B4611468DF83220A7
S214025A408DF83350E3F71EFE0FB0F0BD30B5C02A16
S214025A5093B02FD0B2F5807F29D0802A2CD14FF474
S214025A60807480F001002043019016980125029070
S214025A7010242120039504940590069301AB079504
S214025A80089409900A9306AB0B9304230C931123F4
S214025A900D930AAB0E910F9340F61103D20802A99A
S214025AA00EA810921193E3F7BDFD13B030BD4FF46C
S214025AB08274D6E70F20F8E72920F6E71FB5079C81
S214025AC002949DF81840CDE9003413460A46014672
S214025AD00020FFF78AFF04B010BD1FB5079C029492
S214025AE09DF81840CDE9003413460A4601460120C7
S214025AF0FFF77BFF04B010BD08B5E3F717FFBDE85C
S214025B000840E3F747BF10B50446FFF78DFB4FF09A
S214025B10A8431A6822601B696360FFF789FB0020AE
S214025B2010BD10B50446FFF77FFB4FF0A84322686E
S214025B301A6062681A61FFF77BFB002010BD70B521
S214025B4006460D4614468CB0CAB11022002108A89B
S214025B5009F02EF8002207AB029305AB019306ABC1
S214025B6000933046294608ABCDE90522E3F770FFDD
S214025B7018B9099B6360059B23600CB070BD6FF07B
S214025B808600FAE770B505460E46E3F709FF0446B7
S214025B9048B931462846E4F777F9044628B1E3F7D0
S214025BA00BFDE3F709FF204670BDBDE87040E3F742
S214025BB003BF10B5436A8AB0041DCDE90143002332
S214025BC0CDE9052310223C30CDE90331CDE9082387
S214025BD00790E3F7E5FE60B907AB1A4604A901A8E9
S214025BE0E3F768FB0446E3F7E7FE002C18BF6FF006
S214025BF092000AB010BDE4F7F9BC08B528B14C22F1
S214025C00002108F0D5FF002008BD6FF08600FBE7F4
S214025C100020704738B51C4600230846236011460C
S214025C201546FFF7AFFF00B9256038BD08B501205D
S214025C30E2F7CAFA002008BD70B50C46154610B940
S214025C40E4F72EFE38B143682BB12A462146BDE85A
S214025C50704000681847232070BDF7B50D461646FB
S214025C601C4648B103B901AC87685FB12346324689
S214025C7029460068B84706E0E4F712FE04B901AC0C
S214025C800028F1D1232003B0F0BDF8B50C46154626
S214025C90064658B9E4F704FE20462946FDF734FFC7
S214025CA00446002CD4BF37200020F8BDE4F7F8FDE8
S214025CB086420746F0D03046E4F7E6FD29462046FF
S214025CC0FDF722FF04463846E4F7DEFDE9E70EB4A8
S214025CD003B503AA52F8041B0192FFF7D6FF02B0DF
S214025CE05DF804EB03B0704700207047FEE74FF400
S214025CF0005300204B607047012070470020704719
S214025D0007B5002001AB0190FFF7A7FF0198002816
S214025D1008BF4FF0FF3003B05DF804FB10B5144621
S214025D200020FFF789FF204610BD034670B190F8A9
S214025D30382090F83C002AB1022803D1012283F8C9
S214025D403C20704704284FF00102F8D0012070472B
S214025D5080F82C10704790F82C00704790F83900A5
S214025D6070473022037A534303F1A04303F580239E
S214025D70D96ED0E903231344994214BF084610464D
S214025D807047F8B504460D4690F8393081B173B9BC
S214025D9090F83A60FFF748FA054601213046E5F7E3
S214025DA0F3F92846FFF744FA012384F83930F8BDA0
S214025DB0002BFCD090F83A70FFF736FA06462946D2
S214025DC03846E5F7E1F93046FFF732FA84F83950FB
S214025DD0EDE72DE9F843044616460D4690F82C806A
S214025DE0FFF729FA94F8382003469AB1FFF729FA02
S214025DF094F83B90FFF718FA074601214846E5F764
S214025E00C3F93846FFF714FAFFF715FA00220346DD
S214025E1084F838201846FFF714FA2E44B54204D107
S214025E2001212046236A98473DE094F82D302BB393
S214025E30FFF701FA237E0746EBB12046FFF791FFF4
S214025E40E1680138884238BF2069D4F830C03CBFC8
S214025E5000F1FF30401803469C450BD013F8012989
S214025E60112A01D0132A21D1A2F111035A425A4112
S214025E7084F8342020633846FFF7E3F994F8343088
S214025E80002BCBD0B8F1000F06D02B780A2B03D10B
S214025E900D212046E36998472046E36915F8011B61
S214025EA098470028BAD00020BDE8F883994282BFFE
S214025EB0236903F1FF335B18CEE7F8B590F8383064
S214025EC0044603F0FF06A3B93146036A9847012346
S214025ED084F8383094F83B70FFF7A6F90546314649
S214025EE03846E5F751F92846FFF7A2F9022384F867
S214025EF03C30F8BD026CD36C43F00403D3647047A5
S214025F0010B50446026C93695906FCD5002394F832
S214025F1049101A4694F84800E2F738FC002394F831
S214025F204B101A4694F84A00E2F730FC94F85030C8
S214025F30DA0707D5002394F84D101A4694F84C0059
S214025F40E2F724FC94F850309B0707D5002394F818
S214025F504F101A4694F84E00E2F718FC206C002107
S214025F60C36C23F00103C364C36C23F00403C3644D
S214025F70FFF78AF9606C0021E1F704FF002010BDEC
S214025F8008B5006CFFF78FF9002008BD036CDA6CC9
S214025F9019B142F00102DA64704722F00102DA64B3
S214025FA0012203F500539A64704738B50468206CE2
S214025FB0856C15F001050BD0012200F500539A649A
S214025FC083699B060FD52046BDE83840FFF775BFAC
S214025FD0042384F83C30237E33B9C36C23F00403D5
S214025FE0C3640123237638BD637E1BB394F82D3039
S214025FF003B3132184F83550FFF755F9236CDA6C96
S21402600042F00402DA645B6ADBB2112B0DD1012383
S21402601084F834303022237A534303F1A04303F545
S2140260208023DB6E013B2363DDE7132BDBD184F891
S2140260303450EFE7C36C23F00403C364D3E708B518
S214026040E4F7CCFF08BD10B5FFF7EEF80446E5F717
S21402605011F82046BDE81040FFF7EAB87047012065
S21402606070474FF4C870E5F735B970472DE9FF4120
S2140260700D4616461F460446A8B14FF00008C0F863
S2140260801C80E5F77FFDBDF82C30424602939DF852
S21402609028302946CDE9007320463346E5F7D8FC7A
S2140260A004B0BDE8F0812220FAE7F0B51F460023CF
S2140260B087B00D46164604468DF81730A8B1C36160
S2140260C00DF11701E5F78EFD9DF817207AB9BDF898
S2140260D03430294602939DF830302046CDE90073CD
S2140260E03346E5F7B5FC07B0F0BD2220FBE70320F8
S2140260F0F9E738B5FFF79FF8054600F008F80446BA
S2140261002846FFF79EF8204638BD00F025B84FF027
S214026110B0439A6A1207FCD4186A704782074FF097
S214026120B04200F00103916948BF43F040030B43BD
S214026130936170474FF0B04301285B6904D0022890
S21402614005D1C3F38010704703F0010070470020AA
S21402615070473E20FEF78ABF3E20E1F7F9BE08B53B
S214026160E0F764FCFEF7B7FDFEF7BEFDFEF7CDFDD9
S214026170BDE80840FEF7D4BD08B5FEF7D3FDFEF72E
S214026180D2FDFEF7D1FDBDE80840FEF7CFBD08B54B
S21402619000F0FBFFE9F76EFD01F068FF02F095FDE7
S2140261A0002008BD38B50446FFF73EF805462046EF
S2140261B0FDF79CFA04462846FFF73AF8204638BD13
S2140261C070B504460E46FFF72FF8314605462046C0
S2140261D0FDF772FA04462846FFF72AF8204670BDF5
S2140261E038B50546FFF720F804462846FDF786FA36
S2140261F02046BDE83840FFF71BB810B5044608B184
S214026200E5F710FF2046BDE81040FFF7E9BF00F4AF
S214026210E040B0F5805F04D0A0F5005358425841E4
S214026220704701207047F0B59E4600F0FE43B3F17A
S214026230106F06460F46944691B003D06FF0850065
S21402624011B0F0BD20F01F6121F470210029F5D1B4
S2140262503D4607ACCDE90E110FCD0FC495E80700F9
S21402626084E80700D7E909230899090AE6D11899AC
S214026270304604911799CDF800C003911699CDE9DE
S21402628001E107A9E3F7F8FEDAE73AB1002918BFF9
S21402629000232121D21A184408F08ABC704738B568
S2140262A0037904460D463BB9A368022120462B60BB
S2140262B000F0D0FD38B938BDD0E9091200F060FE12
S2140262C00028F1D0F7E700232B60F4E72DE9F04F22
S2140262D09946002393B08DF81F301F9B9046DDE948
S2140262E01CA6002B0D460B460CBF4FF400624FF463
S2140262F0806208A91E9FE5F7BDFF044668BBDDF86D
S21402630020B009ACDC46CDE91000BCE80F000FC493
S2140263109CE8070084E807002846BDF824100DF123
S2140263201F02E6F717F80446B8B99DF81F30B342C5
S21402633023D8DBE909120A98000A21D1CDE90337EE
S214026340CDE9019A2B46CDF8008009A8E4F7E6F8D5
S21402635010F1860F044600D000B13E603246214658
S21402636050463B68FFF791FF089800F0B0FD002CFE
S21402637018BF204613B0BDE8F08F6FF08904ECE733
S2140263806FF08604E9E700232DE9F341D0E90168BE
S21402639004460F4630461146136000F0C2FD05461D
S2140263A088B9304600F0BFFD054660B9F6B276B948
S2140263B0B8F1000F05D1E36823F47F4323F003030B
S2140263C063B16FF08605284602B0BDE8F08101464B
S2140263D0A06800F02EFD0028EDD1F2E74FF6F87324
S2140263E062889A421ED8238B012BEAD8394601A826
S2140263F0E6F766F905460028E5D10FCC3F683E462B
S2140264000FC694E807003B7986E807000BB9019BA4
S214026410BB603B8B012123F0010338463B8300F02F
S21402642019FDD0E76FF08505CDE741F205239842C6
S2140264301AD8B0F5905F09D241F2010398420CD007
S214026440B0F5885F09D06FF0850070472923A0F564
S214026450905080B2C340DB07F5D511F0070F0CBF92
S21402646000206FF086007047B0F5105FEBD121F088
S2140264704003802B06D0B1F5807F0CBF00206FF062
S214026480860070470020704770B5446A05460E467F
S2140264903CB90120FFF794FE686228B12046AE623E
S2140264A070BD6FF08A00FBE76FF08C00F8E7F8B576
S2140264B00F46114606461546FFF7E6FF044620B984
S2140264C02A463946706A08F07EFB2046F8BD2DE95A
S2140264D0F041089D88461F46048802B32046FFF70F
S2140264E096FEE0B12B680BB9D3002B6020462968D4
S2140264F0FFF79BFF044678B9CE1DB2EBD60F11D13B
S214026500069B9A4211D84146384608F05CFB2B6837
S214026510079A0733DB0813602046BDE8F0816FF068
S2140265208504F9E76FF08604F6E76FF08904F3E76F
S2140265302DE9F04F476885B03F0A0446DDE90E9A1A
S2140265400D4616469846DDF840B015D1CDE901ABAA
S214026550CDF80090E3F71AFF10F1860F0ED14346EE
S214026560324629462046CDE90FABCDF8389005B025
S214026570BDE8F04FFFF7ABBF6FF0860005B0BDE891
S214026580F08F10B50446406A10B1A16AFFF735FED7
S2140265900020C4E9090010BD38B50546FFF7F1FF33
S2140265A095F820300446043B012B0CD8EB69002BEF
S2140265B00CBF04466FF096042C220021284608F0F1
S2140265C0F7FA204638BD6FF09604F5E710B5044694
S2140265D038B1042100F03EFC2046BDE81040FFF72B
S2140265E0DBBF10BD38B590F820300546052B16D116
S2140265F00479FF2C07D1FFF7CFFF041E08BF6FF008
S2140266008404204638BD1CB1806800F09EFC044617
S2140266102846FFF7C1FF002818BF0446F1E76FF0CF
S2140266208804EEE707B558B1012201A9E6F784F817
S21402663030B9019800F046FC28B10198FFF7D2FF66
S21402664003B05DF804FB6FF09900F9E7F7B504466E
S21402665008460E4600F043FB002320461A4601A9D0
S214026660E5F708FE78B9019F34463D460FCD0FC4C4
S21402667095E8070084E80700338B384603F00103E9
S214026680338300F024FC03B0F0BD70B514460288D4
S2140266901D461046049EFFF7BAFD68B944F2010390
S2140266A022F44050984207D002F44F42B2F5824F8D
S2140266B002D0B2F5844F0ED1B4420FD822462846F5
S2140266C008F081FA0021321B281908F071FA00201E
S2140266D0059B1C6070BD6FF08500FBE76FF08900BC
S2140266E0F8E72DE9F0438946984617468DB07AB307
S2140266F000230122C8F8003002A9E5F7BBFD0446D4
S214026700A0B9029E03AC3546CDE90A000FCD0FC4F0
S21402671095E80700049B84E80700D6E909121B0ADD
S21402672008D0304600F0D3FB6FF0860420460DB04A
S214026730BDE8F0834B46CDE9007803A8FFF7A5FF36
S2140267400446304600F0C3FB002C08BF0446EDE7C3
S2140267506FF08904EAE770B514460288049D02F4D5
S214026760E040B0F5804F1CD144F2010022F44056BE
S214026770864207D002F44F42B2F5824F02D0B2F5FB
S214026780844F0ED1AC420FD81846224608F01BFAA8
S21402679000212A1B204408F00BFA0020059B1C60EF
S2140267A070BD6FF08500FBE76FF08900F8E72DE912
S2140267B0F0438946984617468DB07AB3002302A95D
S2140267C01A46C8F80030E5F755FD044640B9029E61
S2140267D033885B0408D4304600F079FB6FF08604F9
S2140267E020460DB0BDE8F083354603ACCDE90A007D
S2140267F00FCD0FC495E8070084E80700CDE90078BE
S2140268004B46D6E9091203A800F0F1FA04460298AC
S21402681000F05DFB002C08BF0446E1E76FF0890438
S214026820DEE72DE9F0411F46002388B0054688467C
S2140268301646CDE905333B60002A54D0B2F1005F1C
S21402684054D206AA05A9FFF79EFD0446A0B90598EC
S214026850436AABB1059B41465A882846079207AA67
S214026860029203F1280201929A6A00925B6A324609
S214026870FFF75EFE044680B10598FFF7A7FE28E004
S2140268806B681B0A02D06FF08604F5E73146FFF705
S214026890FBFD04460028DDD0EEE70598079B4288FC
S2140268A0DAB943804FF6F872934219D82B8813B19F
S2140268B002889A42E7D12B6A002BE4D16B8813B187
S2140268C042889A42DFD13946FFF7E9FC044600289F
S2140268D0D2D1204608B0BDE8F0819A42D3D1E1E792
S2140268E06FF08504C8E76FF08604F2E76FF0850460
S2140268F0EFE710B50446006868B106280CD104F12B
S2140269000800FFF77AF900232360A38823F4FF73B5
S21402691023F00103A38010BD6FF08600F3E72DE994
S214026920F0430546984600238DB002932B6808462E
S2140269301746002B47D1B8F1000F134602A914BF21
S2140269404FF480624FF40062E5F794FC0446002898
S2140269503BD1DDF8089003AC4E46CDE90A000FCED7
S2140269600FC496E8070084E807003846BDF80C1006
S2140269702A1DE5F7EFFC044638BB6B79049968F3E9
S21402698000036B71090AD9E90923B8F1000F12D086
S21402699011BB009703A905F10800E3F727FE04469A
S2140269A098B9062302982B6000F091FA0446204616
S2140269B00DB0BDE8F08379B9009703A905F1080088
S2140269C0FFF719F9EBE76FF088042846FFF791FF07
S2140269D0029800F07CFAEAE76FF08604F5E70123F6
S2140269E0FFF79DBF38B50546006898B112B9002476
S2140269F0204638BD06280AD105F10800E3F728FE2E
S214026A0004460028F3D02846FFF773FFF0E76FF03E
S214026A108604F8E76FF08804EAE72DE9F0410546B8
S214026A200068884616461F46F8B16A79D2071CD512
S214026A302A79D2B1B2421BD806281CD105F1080029
S214026A40E3F756FE044610B100233E602B71324631
S214026A50214640463B68FFF718FC2846FFF749FFE9
S214026A60002C18BF2046BDE8F0816FF08804EBE7E3
S214026A706FF08904E8E76FF08604E5E71FB50124A6
S214026A800394089C0294079C0194069C0094FFF7CA
S214026A901DFC04B010BD2DE9F04705469A460023BA
S214026AA086B0059305F0FE43B3F1106F0846DDE9A4
S214026AB00E961746DDF8408029D12B464FF48042C9
S214026AC005A9E5F7D7FB044618BB05990B8823F002
S214026AD0FF03B3F5E24F02D0B3F5E44F04D14B887F
S214026AE00733B6EBD30F1ED353463A462846CDE9B4
S214026AF00168CDF80090FFF796FB044648B9059862
S214026B0000F0E5F90446204606B0BDE8F0876FF0CF
S214026B10860431464846E5F78DFC0598C8F80060BD
S214026B2000F0D5F9EFE76FF08904F2E7034610B5F7
S214026B300C461146DA6900880AB91B6A3BB9FFF7A8
S214026B4066FB38B12046BDE81040E5F773BC6FF02F
S214026B50860010BD6FF08500FBE700232DE9F043A9
S214026B6085B0CDE901330B60438806460D46002BFF
S214026B7000F0B280038803F4E043B3F5804F00F0E0
S214026B80AB8002AA01A9FFF7FEFB044600287CD1CF
S214026B90019A7768526A6AB17368019F1B0AD7F82E
S214026BA0248057F8289F74D06FF086040198FFF768
S214026BB0E8FC6AE03F0A61D1B6F800807188404678
S214026BC0FFF725FB80B14046FFF72FFC044600285E
S214026BD05BD108F4E043B3F5805F02D0B3F5005F03
S214026BE00AD10731CF0817E028F0FF03B3F5E24FCA
S214026BF037D06FF0850448E008F44F43B3F5844F6E
S214026C00EFD047F2010398450FD149080131C90870
S214026C1001EBC10101F13B07039703990198FFF7C6
S214026C2033FC04460028B7D02FE044F2010398450F
S214026C3003D1C90801F11007EEE747F202029045B8
S214026C4005D1C90801EB410101F15A07E4E744F214
S214026C500202904505D1C90801EB410101F14A073C
S214026C60DAE728F0FF00B0F5E24FBAD0B0F5824F6F
S214026C7001BF0731C90849004F1CCDE7304603A9BA
S214026C8000F059F804460028C7D00198FFF79EFC8A
S214026C9013E033885B0414D43B464A4641463046EA
S214026CA0FFF744FF04460198002C7FF47FAF294685
S214026CB0FFF7F5FA04460028E7D1204605B0BDE8FE
S214026CC0F0833B464A4641463046E3F781FA10F1E6
S214026CD0860F0446E7D1DFE76FF08604EDE710B5CE
S214026CE00446C069FFF77CFA2046BDE8104024221D
S214026CF0002107F05DBF2DE9F04105460F4690469C
S214026D001C469BB119460120FFF75AFA064678B18F
S214026D102246414607F057FFE86908B1FFF760FAD6
S214026D200020C5E907642F80BDE8F0811E46F3E720
S214026D306FF08C00F8E7028843884068000A51D159
S214026D4002F4E040B0F5805F02D0B0F5005F05D1F6
S214026D500733DB0840D16FF08500704702F44F40DE
S214026D60B0F5844F03D10733DB080AD1F3E747F2C5
S214026D700100824208D15B080133DB0803EBC30340
S214026D803B3300200B60704744F20100824202D17E
S214026D90DB081033F5E747F20200824204D1DB0833
S214026DA003EB43035A33ECE744F20200824204D177
S214026DB0DB0803EB43034A33E3E722F0FF02B2F5B4
S214026DC0E24FD0D0B2F5824FC5D10733DB085B0065
S214026DD00133012BD5D1BEE722F0FF02B2F5824F76
S214026DE0CFD1F6E700236FF086000B6070472DE9DF
S214026DF0F34747680446DDE90A9A3F0A0D461646F7
S214026E00984611D1CDE9009AE3F74CFA10F1860FB5
S214026E100CD14346324629462046CDE90A9A02B0AC
S214026E20BDE8F047FFF797BC6FF0860002B0BDE8FA
S214026E30F08703466FF040420846591E914207D338
S214026E4038B103F1404393428CBF002001207047C3
S214026E500120704790F82030052B11D8DFE803F0A8
S214026E60030B16141F214B1E012B09D9042907D028
S214026E706FF087007047022902D00B1F012B0BD838
S214026E8080F8201000207047022902D0CB1E022B69
S214026E90F5E7C369002BF3D06FF088007047052929
S214026EA0EED00029ECD0F7E710B503210446FFF731
S214026EB0D1FF30B9E3695A1C0EBF6FF0960001335A
S214026EC0E36110BDC069B0FA80F04009704708B9A6
S214026ED00020704790F82020032A08D1C269EAB140
S214026EE0013AC261002AF3D10221FFF7B3BF052A95
S214026EF009D0042A0FD1C26982B1013AC261002ABE
S214026F00E6D1FFF749BBC26942B1013AC261002A23
S214026F10DED1FFF767BB6FF0880070476FF0960010
S214026F20704700207047C0B2FF280CBF6FF0860083
S214026F300020704707B500216A46FEF700FE8C3037
S214026F4018BF012003B05DF804FB13B500216A46A2
S214026F500446FEF7F4FD8C3002D1002002B010BDCC
S214026F6000212046E2F74EFF014610B16FF098006E
S214026F70F4E76A462046FEF7E2FD8C30EDD0F5E7F0
S214026F802DE9FF4107461446884600293FD0002ACD
S214026F903DD0B2F5005F3DD202F124063146012013
S214026FA0FFF70EF90546C0B303463A462146404669
S214026FB0E5F73CFCBF6800243846FFF7BBFF012814
S214026FC01FD021462B46324638460094E2F758FE3A
S214026FD00146C8B9384602AAFEF7B1FD044620B9F2
S214026FE0029B9E4205D06FF0980438460021E2F7D5
S214026FF009FF31462846FFF700F9204604B0BDE8EF
S214027000F0816FF08A04F4E76FF09804F1E76FF00E
S2140270108604F2E76FF08D04EFE76FF08C04ECE77E
S214027020FFF7EBB82DE9F047D0F808A086B0814606
S214027030884617465046002104AAFEF780FD0446FD
S21402704010BB049E01203146FFF7BAF80546002819
S21402705037D02146504604AA0394FEF770FD044634
S21402706070B903AB02462146CDE90053504633467B
S214027070E2F772FE039B04469E4209D06FF0980424
S21402708031462846FFF7B9F8204606B0BDE8F08735
S2140270900028F5D13B46424631462846CDF80090B8
S2140270A0E5F7E2FB04460028EAD1D8F800302BB117
S2140270B03B68002B08BF6FF09104E1E76FF0910484
S2140270C0DEE76FF08C04DFE750E8003F0B4340E852
S2140270D00032002AF8D17047C94350E8003F0B40FF
S2140270E040E80032002AF8D17047431E032B06D828
S2140270F0DFE803F00204020403207047042070470E
S2140271007047CB6918477047704700207047704732
S2140271104FF000007047002070477047704700200D
S21402712070470020704700207047002070470020FC
S21402713070477047002070470020704770477047BE
S2140271400020704770477047112070470020704734
S2140271504FF0FF307047002070477047704700209E
S2140271607047002070474FF0FF307047112070477D
S21402717000207047012070470020704700207047AB
S2140271800020704770477047704701F099B938B5CC
S2140271900446FEF750F8D4E9101205462046E5F7F5
S2140271A0A7FBE18C228DE060521A40F2712101FBAE
S2140271B0020303F59C53083328462361BDE8384092
S2140271C0FEF73FB808B52030FFF77EFFBDE808405F
S2140271D04FF08050EBF7C8BE38B50D46044608306F
S2140271E0E7F74CF9294600252046E9F715FAE06E3E
S2140271F0E56110B1E6F774FAE56604F15000BDE801
S214027200384008F03EB838B5044619B390F838202E
S2140272108AB190F839300133DBB29A4280F83930BD
S21402722009D10121FFF7D8FF4FF080712046BDE853
S2140272303840FFF7C7BF236ADA030BD5E36B6268F1
S2140272409B1A002B06DA01212046FFF7C5FF4FF0F6
S2140272508061EBE7236A1B0426D402F0AFFC1123FD
S214027260B0FBF3F303EB0313C01A94F9613085B253
S21402727013FA80F0102888BFC5F110056DB2083BDE
S2140272802B4484F8613020460121E9F7C5F940F223
S2140272907121E28C63682A4401FB02332046636054
S2140272A0BDE83840E9F76AB90025ECE72DE9F84F62
S2140272B01D46C3690F4604461646DDF830809DF823
S2140272C038909DF840B09DF848109DF850A0002BCD
S2140272D040F0D180EB0600F1BE8005F00303032BDD
S2140272E008BF05F0FD0505F0F705BDF83C30A80619
S2140272F0A3869DF8540048BF05F0FC05FFF7F5FE8F
S21402730047F6FF731BF0020F84F83600A4F87830B5
S21402731040F0A4801BF0040F00F0A28000F0FD00F5
S214027320012814BF0323042394F87F209DF85800F5
S21402733063F3030284F87F20FFF7D7FE47F6FF7356
S2140273408A0784F83700A4F8883000F18B804B0750
S21402735040F18A8000F0FD00012814BF03210421B9
S21402736094F88F30606E61F3030384F88F30FFF772
S214027370EAFE00222046216CE5F7BAFA40F27123B3
S2140273807343984279D849F6FF7104F12000FFF75B
S214027390A3FEFF2384F85430BAF1000F03D0236A09
S2140273A043F480532362290705D506263746236A07
S2140273B043F484132362236A6A0723F4C0432362D6
S2140273C00CD419F0010F1CBF43F400532362236A46
S2140273D019F0020F1CBF43F480432362236AA5857B
S2140273E02B43236204F12E03B8F1000F3ED0D8F8E7
S2140273F00020C4F82E20B8F804209A809DF82C307D
S214027400012B03D14FF48061FFF75EFE236A9DF8DD
S214027410282023F4407343EA0223236202F0CEFBC1
S21402742094F860309DF84C2084F85F0023F00F0338
S214027430C0F30320034362F3071384F860309DF819
S21402744034302046E784268584F82A30FFF79FFEEC
S2140274500020BDE8F88F01218B4646E7022363E74A
S214027460012361E702217BE7012179E7C4F82E8038
S214027470A3F80480CAE70C20EBE74520E9E72DE9EC
S214027480F743894617460446019330B901A807F028
S214027490F8FE422003B0BDE8F083012920D002297D
S2140274A010D089B9C369C3B900F140054FF400365C
S2140274B0236AD9061ED55A0726D501A807F0E1FE8B
S2140274C00020E7E7406E20B901A807F0DAFE0C209C
S2140274D0E0E71946FFF738FEDCE700F14805E5E786
S2140274E0C36923B900F144054FF48026E0E700F1B2
S2140274F04C05F9E79B0707D5B9F1000F04D101A89F
S21402750007F0BFFE1220C5E704F1200840463146C8
S214027510FFF7E2FDF80702D5284607F0B2FE01990A
S21402752021B1284607F094FF00230193286807F04C
S2140275302DFF236AD90605D51F2801DC032F16D096
S2140275402846DDE740F27262904204DD284607F0E4
S21402755098FE07209EE7B9F1000F08D1BF2806DD86
S2140275609A0704D0284607F08CFE452092E720466C
S214027570D4E91212E5F7BCF9E3696BB140F2712265
S214027580E38C5343984207D9238D8342EAD300F50E
S2140275901C70B0FBF2F0E084FDF74DFEE369054691
S2140275A07BB1BB070DD531464046FFF78DFD6368BC
S2140275B0C3F57A7602F03EFBF04202D52046E9F7A2
S2140275C047F92846FDF73DFE7AE708B548B1CB07EE
S2140275D001D4002008BD4FF400112030FFF774FDDF
S2140275E0F7E74220F6E708B548B1CB0701D40020FA
S2140275F008BD4FF400112030FFF76EFDF7E742207A
S214027600F6E7E5F75BBC38B5C36904460D463BB101
S214027610036A13F0010011D194F82430FE2B0CD02B
S21402762004F120004FF48001FFF74EFD01202B6885
S214027630C4F85530AB88A4F8593038BD0020FCE7B2
S214027640036A10B5044613F4602030D09A0307D5B7
S21402765004F1400007F015FEA36C23640023A36424
S214027660236A5B0307D504F1440007F00AFEE36CC5
S21402767063640023E3644FF4602104F12000FFF703
S2140276802BFD2046FFF783FD012094F8602094F836
S2140276905F3002F00F0143EA0123013384F85F30C2
S2140276A022F00F02C3F303231A4384F8602010BDAE
S2140276B010B50446503007F0CBFE2046BDE8104019
S2140276C04FF00071FFF77EBD50E8003F0B4340E8E5
S2140276D00032002AF8D17047C94350E8003F0B40F9
S2140276E040E80032002AF8D1704738B50446D0F890
S2140276F0A00010B9D4F8A40058B194F8375107F096
S214027700F1FD05F00F0581B206312846EAF798F931
S21402771080B240F27122B4F8783000F548705343D4
S2140277209842B8BF184638BD38B505460C4602F032
S21402773000FB20B149F640439C4228BF1C46EA683B
S214027740A2420BD240F27121B5F87A304B439342F3
S21402775038BF1346A34228BF23461A462A6138BDBD
S21402776003469A6A4430920404D5D3F82821998FA6
S214027770EBF76AB993F86F10EBF75CB90020704725
S2140277800120704700207047002070470120704794
S214027790C820704700207047002070477047704727
S2140277A011207047704770470020704770470020CE
S2140277B070477047012070477047704790F88520E1
S2140277C010B5531C03F00F03072B28BF00230446F3
S2140277D063F30302034480F8852083F87E1090F852
S2140277E085306F2B4FEA13129EBF013262F30713E6
S2140277F080F88530FFF7E1FF94F83711204601F054
S2140278000F01FFF7CCFF10BD70477047704700208E
S2140278107047002070470020704710B101F1B00099
S214027820704701F1D4007047F8307047806A70479D
S2140278302830FFF749BF2830FFF74EBFC06A7047AF
S2140278402C30FFF741BF2C30FFF746BF00F59C7087
S214027850704708B50B79DB0702D4FFF7D5FF08BDE2
S21402786091F90510BDE80840FFF7A8BF02290346B4
S214027870808F11D0032909D0012906D11A8F5B6B9C
S2140278801201B2FBF3F3184480B270475A6B4FF4FE
S2140278907A43B3FBF2F3F6E75B8F073000EB430065
S2140278A0F2E770B540F2712606FB01F345685643CF
S2140278B0826A1D441207044645600ED500F1400553
S2140278C0294600F13402E7F701FA334629462046F4
S2140278D0BDE87040012201F02DBA05EB5605456061
S2140278E070BD836A590505D4D0F8A03013B15B7910
S2140278F09A0708D4D0F8A40000B9704743799B07CA
S21402790001D40068F8E70120704780F877107047C6
S21402791038B5836A04461B0713D50246B0F87C3096
S21402792052F8341F4B4340F271214B4300F14001A1
S214027930E7F7CCF9236C20469D08FFF7D6FE2844CD
S214027940E06040F27125616B204601396943FFF71A
S214027950EBFE20460121E8F75FFE636BB4F87C205D
S21402796020465A43636805FB02336360BDE838402D
S214027970E8F704BEB0F8303110B5A0F8343104464A
S214027980E5F706FCC0B2FFF703FF94F8373194F828
S214027990362103F00F0304F1440102F0C3F9EAF7BB
S2140279A095F8B4F93021824205D0A4F83001EAF7FE
S2140279B065FDA4F83201B4F93421B4F930319A42A3
S2140279C009D0A36A9B0306D52046BDE810404FF4B3
S2140279D00041E5F7F3BB10BDFFF7CCBF836A0A464A
S2140279E000F14401C3F34030EAF7D8BF10B5A0F85F
S2140279F07810A0F87A200446FFF777FE2169E06047
S214027A002046BDE81040FFF78FBE38B504460D4647
S214027A103AB94FF4C0212830FFF75EFE9DB9002028
S214027A2038BDFFF7C1FE98B128344FF4C021204676
S214027A30FFF752FE1DB14FF40031FFF745FE4FF43B
S214027A408021204601E04FF40031FFF73DFEE6E7D5
S214027A501120E5E72DE9FF41836A04469B032CD5F6
S214027A60B0F93081B0F934710020EAF7FBFD8045A9
S214027A70CCBF0025012502F05AF994F83711C82226
S214027A8001F00F01EAF7F8FD06462046E5F780FB0F
S214027A90B045B4BF00260126002394F83711A8EBA0
S214027AA007073FB245EA46051A46CDE90085029722
S214027AB001F00F0180B200F0B5FC04B0BDE8F08121
S214027AC0FFF7C8BF86307047F8B504460E46002951
S214027AD05AD040F27123476B30465F43A7F28A279B
S214027AE07F083946E9F7BCFF94F88E30851FADB2A1
S214027AF09D4239463046A8BF1D46E9F7B1FF94F8C5
S214027B008F20831F9BB29342A8BF1346F21E012A00
S214027B10B4F88610B4F888202BD8B1F5296F44F251
S214027B209020B8BF4FF429618142A8BF0146B2F542
S214027B30296FB8BF4FF429628242A8BF02461B2DA6
S214027B40B8BF1B251B2BB8BF1B23304684F89130C9
S214027B5084F89050A4F88A10A4F88C20E9F780FFE5
S214027B60831F9BB2AB42A8BF2B46DBB284F892308F
S214027B70F8BDB1F5A47FB8BF4FF4A471B2F5A47FE7
S214027B80B8BF4FF4A472DAE71B23EFE770B54900DB
S214027B90466B89B28E4218BF40F27125044617BF63
S214027BA04068002105FB060005FB1100658F1EBF1D
S214027BB06060616301219542208F17D083426287FD
S214027BC000D02387238F626B1B01B3FBF2F394F87A
S214027BD037112046A4F89C3001F00F01FFF774FF1E
S214027BE02046BDE870400421E5F7E8BA8342E8D1B2
S214027BF0A36A1B07E6D50029E4D170BDF0B585B0AF
S214027C0004460E466A4600F1860300F18E071546C4
S214027C1018685968083303C5BB422A46F7D1186864
S214027C20314628609B882046AB80FFF74DFF9DF8C3
S214027C300B2094F891309A4211D1BDF80620B4F880
S214027C408C309A420BD19DF80A2094F890309A42D2
S214027C5005D1BDF80420B4F88A309A4207D04FF412
S214027C608141204605B0BDE8F040E5F7A7BA05B069
S214027C70F0BD37B5044694F88E50BDF818008D4214
S214027C800BD1B4F88650954207D194F88F509D4296
S214027C9003D1B4F8885085421DD08DF80610ADF891
S214027CA00420019D84F88E1094F8371184F88F30E2
S214027CB0A4F88800C4F840512046A4F8862001F0B3
S214027CC00F01FFF79BFFB4F88A30A4F88630B4F8A9
S214027CD08C30A4F8883003B030BD90F8373170B5D8
S214027CE003F00F03044616460D46D9B18B4219D04F
S214027CF00122FFF757FD294600222046FFF750FDD6
S214027D0094F83731204665F3030384F8373105F0DB
S214027D100F01FFF773FF2046BDE870404FF4844121
S214027D20E5F74CBA19462046FFF768FF002EF2D157
S214027D3070BDF8B51D46C36A04465B070F46164675
S214027D4010D404212C30FFF7BFFC84F89A7020462A
S214027D50A4F89660A4F898504FF40061BDE8F84085
S214027D60E5F72CBAF8BD10B511B190F89A400C7030
S214027D7012B1B0F89610118013B1B0F898201A809C
S214027D80C06AC0F3800010BD4FF400412830FFF7F0
S214027D909BBC00F5A270704790F8370100F00F0008
S214027DA0704770B50446FDF746FA6568064601F068
S214027DB041FF2D1AB5F5FA7504D53046BDE8704078
S214027DC0FDF73FBA40F27122636B94F8701053438A
S214027DD0B5FBF3F5A38FAAB29B1AA38794F86F306C
S214027DE0154602FB1133252193FBF1F001FB1033FC
S214027DF0002BB8BF5B1884F86F30B4F89C3020466E
S214027E009B1AA4F89C300021E8F706FC40F2712287
S214027E10636B20465D43636802FB15336360E8F7D5
S214027E20ADFBCAE700232DE9F3474E790446B007B7
S214027E3058BF06F0010608460D4648BF0326ADF8B1
S214027E40043058BF0136FFF763F9074607F01F03F1
S214027E50002BE36A15BF4FF001084FF000084FF001
S214027E6003094FF0020999050CD59DF804302946FE
S214027E7066F3010368F345138DF804302046019A31
S214027E8000F08EF9284607F081FA824649462846CF
S214027E9007F037FA9DF80430AA7966F3010368F30F
S214027EA045138DF804308DF805A0BDF804300C3269
S214027EB0AB529DF80430A9189A066B7948BF8F70AA
S214027EC043F001036B71FDF7B6F9064620462946D4
S214027ED050F8A48F07F0BCFA94F84631013384F8C0
S214027EE04631A36A1B070CD5B4F87C30012B02D9A5
S214027EF02046FFF756FF304602B0BDE8F047FDF7D2
S214027F00A0B9656801F096FE0746E8F79BFC844236
S214027F10F1D1ED1BB5F57A7FEDDDB8F1000F03D098
S214027F20D4F8A030002BE6D1E9F724F8E3E708B549
S214027F30022007F06AFB10B100F043FE012008BDE4
S214027F4010B504464FF440712830FFF7C5FB2046B3
S214027F50BDE810400021E5F7D1BD012310B5A1F11F
S214027F602002C1F1200423FA04F403FA02F22243A7
S214027F708B40D0E9084123400A40134314BF012036
S214027F80002010BDC36A10B5044613F0080012D0D4
S214027F900123A1F12002C1F1200023FA00F003FA26
S214027FA002F202438B40D4E9080103400A4013431D
S214027FB014BF0120002010BD10B50C46C9B2FFF751
S214027FC0E1FF70B1E6F76EFEC4F12002A4F12003D1
S214027FD0E04001FA02F2104321FA03F3184300F0DC
S214027FE0010010BD70B504460E46E6F78DFFFDF79C
S214027FF022F905460221204684F87760E5F7DEF886
S21402800020460021E8F708FB2846BDE87040FDF749
S21402801018B970B504460D46FDF70DF90646E8F7A1
S21402802011FC844201D1E8F785FF3046FDF709F9D5
S21402803029462046BDE87040FFF7D4BF0B68C0F85B
S2140280404031704738B540F64805D0F840310C4606
S2140280500B609BB2AB4204D90B21FFF7ADFF08B908
S214028060258038BD44F290232380FAE708B500F055
S214028070FBF8E5F70BFA00F044FB00F008F8E6F729
S2140280807BFEE7F737FCBDE80840E7F7B3BC70476E
S21402809070B515460E461C46FFF7C6FB2B684EB15A
S2140280A003606B6843602368C0F825302368C0F815
S2140280B0153070BD83606B68C3602368C0F82930D2
S2140280C02368C0F81930F4E770B50546FFF7ACFB35
S2140280D00446FDF7B0F806464FF480712846FFF7CF
S2140280E0A7FB4FF400612846FFF7AAFB3046FDF7D0
S2140280F0A8F80023284623612375236284F82430D7
S214028100FFF794FB802310F0080F14BF237584F842
S214028110243070BD10B50446FFF712FF2046BDE8B6
S21402812010401021E5F74AB810B504464FF46061D6
S214028130FFF789FB2046BDE81040FFF701BF7FB579
S21402814006460C46FFF770FB4FF4C0610546304604
S214028150FFF776FB4FF400613046FFF774FB4FF4EF
S2140281608060E6F745FD224670B969462846E6F77E
S214028170A5F86B4605F1100213F8011B02F8011D63
S214028180AA42F9D104B070BD6C4602F1100623462D
S21402819010685168083203C3B2421C46F7D1E8E7BA
S2140281A0F0B587B00D46ADF80C20FFF73DFB044650
S2140281B0284607F0EBF8064600B32846E6F7BCF872
S2140281C09DF80C3005AF03F0230322463146009398
S2140281D0019704F12003FDF780FC2846E6F7C2F873
S2140281E004223946284607F00EFB236A013323622F
S2140281F023B994F82430013384F8243007B0F0BD54
S21402820030B585B00391ADF80820FFF70DFB0446A4
S214028210039807F0BBF8051F002D02DC002005B00E
S21402822030BD0398E6F788F8431901939DF80830A5
S214028230224603F023030093294604F11003FDF7B8
S2140282403DFC0028EAD10398E6F78CF8042103A83F
S21402825007F03EF92369013323610BB10120DEE703
S214028260237D01332375F9E708B54FF40060E6F77E
S214028270BFFC40B94FF48050E6F7BAFC40B9BDE8FF
S2140282800840EAF72BBCFFF7C2FA0028F2D008BD76
S214028290FFF7C1FA0028F2D0F9E741F0004141F4B5
S2140282A0E0210160704707B501A8019106F0E9FFD9
S2140282B0002003B05DF804FB7047704770477047B4
S2140282C010B5DC1D043383734379C47123F00303B2
S2140282D043F003030E244371012344738371C37373
S2140282E00182827410BDD31CC3713E23437343794B
S2140282F0827323F0030343F0030343710123C17324
S214028300837170470F234373042383734379A0F862
S214028310111023F0030343F00303437140F2017389
S214028320C3800123C27303747047D31CC37143799D
S214028330417323F0030343F0030343710123827363
S2140283408371704708B50023FFF7BAFFBDE80840FF
S214028350E6F7F6B82DE9F843804602208946174626
S2140283601E4607F052F9D0B10C23437308238373D9
S21402837040F601334579C38025F003059DF8203089
S21402838045F003054571A0F8108080F81290A0F819
S2140283901370A0F81560C373E6F7D2F80120BDE8A3
S2140283A0F88308B5022007F030F930B10122112116
S2140283B0FFF799FFE6F7C4F8012008BDF8B50446B2
S2140283C00F46164613211D460922FFF78CFF8379B6
S2140283D00C331C44A170E77026712B68C4F8053074
S2140283E0AB88A4F80930BDE8F840E6F7A9B870B53E
S2140283F0064602200D4607F008F9044668B1142125
S2140284000422FFF770FF83790C331C44A170A4F892
S21402841003606571E6F794F8012070BD08B501F0B7
S2140284206BFD08BD2DE9F041074602200D46904639
S2140284301E4607F0EAF80446E0B109222121FFF7BA
S21402844052FF0A2283790C331C44BDF9183084F893
S214028450038093FBF2F323729DF81C30A7806372AD
S214028460BDF92030A67193FBF2F3E571A372E6F72D
S21402847067F80120BDE8F08137B5044606F086FFAE
S2140284803E22A379C0B20C33E518E254831E6B7009
S2140284900D23AB70AB791C38012BE8768DF80730CC
S2140284A009D10023E91D1A460DF10700FEF755FE15
S2140284B09DF80730AB712046E6F742F803B030BDB0
S2140284C0704710B5E6F776F8837900210C33C418A6
S2140284D0E078E4F779FA6168FFF777F80446E6F79A
S2140284E06FF82246BDE8104000234FF61941FFF709
S2140284F0E7BE10B5E6F75EF8837900210C33C418A0
S214028500E078E4F761FA6168FFF76DF80446E6F78B
S21402851057F82246BDE8104000234FF61A41FFF7EF
S214028520CFBE70B5E6F746F8002186790446FE20EF
S214028530E4F74AFA0546E7F729FC50B10C24E6F7B9
S2140285403FF82246BDE87040002342F20501FFF7DD
S214028550B7BEE7F761FC0028F0D134440F342DB1E2
S21402856021462846FFF74FF80028E7D02046E6F7D0
S2140285708BFA0024E3E72DE9F041E6F71BF883794E
S21402858000250C33C418E678E6F714F80768E6F711
S21402859011F8A6F1FE035942594105603046E4F748
S2140285A013FA3B4629462279FEF769FF0446E6F7A8
S2140285B007F82B462246BDE8F04142F23701FFF7A4
S2140285C07FBE2DE9F041E5F7F5FF837900250C33F0
S2140285D0C418E678E5F7EEFF0768E5F7EBFFA6F1C5
S2140285E0FE035942594105603046E4F7EDF93B4631
S2140285F022790121FEF743FF0446E5F7E1FF2B4609
S2140286002246BDE8F04142F23801FFF759BE2DE995
S214028610F047E5F7CFFF83790C33C418277994F82F
S214028620038027B9B8F1010F27D0E4F72FFC002604
S2140286300534BE420ADB0025E5F7C2FF2A46BDE83E
S214028640F047002342F23901FFF73ABE2078B4F829
S2140286500150A0F1FE035942594194F803900434A4
S214028660E4F7B2F958B12A464B464146E4F70AFB0C
S21402867005460028E0D10136DBE71225DCE7422575
S214028680DAE710B5E5F796FF837900210C33C418B4
S214028690E078E4F799F980B1211DFEF7B4FF0028CF
S2140286A00CBF0C240024E5F78BFF2246BDE81040E1
S2140286B0002342F23501FFF703BE4224F3E7FE2809
S2140286C02DE9F8430646894690461F4616D00220F4
S2140286D006F09BFF044690B106221221FFF703FE26
S2140286E01223A57920460C352544AB7085F80390F5
S2140286F02E71A5F80580EF71E5F722FF0120BDE88F
S214028700F883704710B5E7F741FB0446FEF718FDFD
S2140287102043C0B210BD38B5E5F74CFF8379C17966
S21402872003F10C020244CB1A02200021B2F80350D5
S21402873007F096F8044640B9E5F742FF0722BDE87F
S214028740384042F21901FFF7DDBD2846E4F70CFD7A
S21402875038B12146E7F7E2F80446E5F731FF22464C
S214028760EDE72046FCF7B8F80224F6E770B5E5F721
S21402877021FF83791844B0F80F60B0B2E4F7F4FC36
S21402878080B1002100F06DFE0546E5F719FF0446AC
S21402879002232A4642F21B01FFF792FDA3791C44EC
S2140287A0668270BD0225F0E770B5E5F703FF8379B0
S2140287B00C33C418B4F803502846E4F7D5FCA0B12D
S2140287C0611D00F04EFE0646E5F7FAFE0446022359
S2140287D0324642F21A01FFF773FDE37923449D7293
S2140287E0E3792D0A1C44E57270BD0226ECE710B54B
S2140287F0E5F7E0FE83790C3318444479B0F80300B9
S214028800E4F7B2FC60B12146E6F764FE0446E5F7FB
S214028810D7FEE2B240F20641BDE81040FFF772BD55
S2140288200224F4E770B5E5F7C5FE83791844B0F87C
S2140288300F50FCF700FD04462846E4F795FC80B18D
S2140288401621FFF7E6FB00252046FCF7FAFCE5F7C3
S214028850B7FE2A46BDE8704000234FF60441FFF7F4
S2140288602FBD0225F0E7F8B5E5F7A4FE84790546A4
S2140288700C340444B4F80300E4F776FC064640B928
S214028880E5F79EFE0222BDE8F84042F21301FFF72A
S21402889039BDAB79E97903F10C020220CB1A2A44DE
S2140288A0002106F0DDFF014618B9E5F789FE07222A
S2140288B0E9E78379033383713046B4F80D50B4F890
S2140288C00F70E6F7BBFD04463A4629463046FFF7E8
S2140288D08DF8E5F775FE2246D5E738B5FCF7ABFC12
S2140288E00446FFF70FFF00280CBF0C250025E5F70E
S2140288F067FE2A4642F20E01FFF724FDE7F722FB47
S2140289002046BDE83840FCF79CBC10B5E5F752FEA1
S21402891083791844B0F80F00C0B2E4F793FFE5F786
S2140289204FFEBDE81040002342F224011A46FFF72C
S214028930C7BC2DE9F84381460220884617461E46E4
S21402894006F063FE044690B10A220321FFF7CBFC31
S2140289500023A57920460C352544EB70A5F8049033
S214028960A5F806802F816E81E5F7EAFD0120BDE8B5
S214028970F8832DE9F043814685B002200E461F4655
S2140289809DF844808DF80F2006F03FFE054600282D
S21402899044D022222921FFF7A6FC0022AC793046D9
S2140289A00C342C4404F10E0304F11401C4F80E2016
S2140289B09A806261228300913A460DF10F01FEF71A
S2140289C0CDFB9DF84030A4F80490E37006F0010356
S2140289D0A3719DF80F3016F0FD0FE3713B68A3609C
S2140289E0BB88A3814FF6FF7304D0032E08BF43460D
S2140289F04FF0FF08BDF8302028466283BDF83420C9
S214028A0084F82180A283BDF838206384E2839DF82F
S214028A103C2084F82020E5F793FD012005B0BDE850
S214028A20F083F8B50746022016461D4606F0EDFD11
S214028A30044690B10C220421FFF755FCA1799DF85B
S214028A4018300C31214420468F80C1F80660C1F8E8
S214028A500A50CB70E5F774FD0120F8BD70B50646E6
S214028A6002200D4606F0D1FD044668B103223021ED
S214028A70FFF75BFCA37920460C332344A3F803607C
S214028A809D70E5F75DFD012070BD70B506460220BB
S214028A900D4606F0BAFD044688B104220821FFF707
S214028AA044FCB5FA85F2A37952090C3323442046D6
S214028AB0A3F803605A719D70E5F742FD012070BD70
S214028AC02DE9F84381460220884617461E4606F0E0
S214028AD09CFD0446B0B10B220721FFF704FCA579E2
S214028AE0BDF820300C3525442046A5F80390A5F89D
S214028AF00580A5F80770A5F80960A5F80B30E5F71C
S214028B001FFD0120BDE8F883F8B5074602200E4691
S214028B10154606F07AFD0446A0B10D220521FFF7A0
S214028B20E2FBA37920460C332344A3F80370A3F890
S214028B300D602A68C3F805206A68C3F80920E5F7BD
S214028B40FFFC0120F8BD2DE9FF4116466A46804625
S214028B500F4615460A9C03F1100E9446186859688B
S214028B600833ACE8030073456246F6D124B9022006
S214028B7006F04BFD044608B31D22ED212046FFF702
S214028B80B2FBA3790C332344A3F80380A3F80D7039
S214028B902EB13268C3F805207268C3F809200F3375
S214028BA004AE2A4603CAB24218605960154603F15B
S214028BB00803F6D12046E5F7C3FC012004B0BDE861
S214028BC0F08113B51321827901900C3284188154F6
S214028BD04FF44072C280E5F749FAA07020B901A8A6
S214028BE006F04FFB02B010BD8000013060700198A5
S214028BF0E5F7A6FCF6E770B5064602200D4606F037
S214028C0004FD044678B104220521FFF78EFB0022FC
S214028C10A37920460C332344A3F803605D719A704F
S214028C20E5F78EFC012070BD13B5837901900C33F5
S214028C30C418C05CE4F798FA20B901A806F021FB34
S214028C4002B010BD6378019913F0300F0CBF0122F9
S214028C5000228B7904338B714B7962F300034B71DC
S214028C60E4F74CFFECE72DE9F041E5F7A3FC837946
S214028C700C33C418B4F803801FFA88F0E4F774FAC9
S214028C80054600B3A2796179FEF7BFFE0646E5F710
S214028C9097FC07460223324642F27A01FFF710FBA0
S214028CA0BB7938463B44A3F81280E5F749FC46B93F
S214028CB0A37933B12846FFF76FF801462846FEF738
S214028CC075FDBDE8F0810226E1E700F05FBE50E8E0
S214028CD0003F0B4340E80032002AF8D17047704745
S214028CE070B50E461546E4F7FDFB044648B9304615
S214028CF0E4F7B0F9044620B92846E9F717FE044619
S214028D0040B10020E4F7EEFB0020E4F7A3F90020D0
S214028D10E9F70CFE204670BD4FF40010EAF724B9BE
S214028D20E8F7D6BFE5F792BE4368143B4360A0233C
S214028D300B6070471AB94268A2EB530242600A6897
S214028D4002EB83020A607047884210B518D80528DD
S214028D5016D9B1F5486F13D8B3F5FA7F10D240F69C
S214028D607644A2F10A0080B2A04209D801339BB22F
S214028D704B435B00B3EBC20F94BF0120002010BD33
S214028D800020FCE7C94350E8003F0B4040E80032B1
S214028D90002AF8D17047002070472DE9F0410446BA
S214028DA00F4600264FF00108214686F00100FEF726
S214028DB034FD4FF48051FFF7E5FF836833B9404630
S214028DC00EB1BDE8F08101268046EDE7028ABA427E
S214028DD006D100220121204698470028EFD1EFE76E
S214028DE00268D205EBD500221146F4E708B5FEF775
S214028DF02DFD00230380436008BD70B506460C4671
S214028E00FCF719FA05463046FEF720FD30B1037826
S214028E101C4304704FF40070EAF7A6F82846BDE833
S214028E207040FCF70EBAE4F769BE07B542798DF8D2
S214028E30071022F0030242F00302427140F20332AC
S214028E400DF10701C280012206F0FEF903B05DF8BB
S214028E5004FBF8B5174606460C461D46FEF7EEFC22
S214028E60020713D502213046FFF777F870B11121B9
S214028E702046FFF7DAFF2046E5F7EEFF45708770DB
S214028E8021463046BDE8F840E4F738BE28204FF0C9
S214028E908861C5F12002A5F12003E94000FA02F23A
S214028EA020FA03F311431943CB07E0D40D212046E1
S214028EB0FFF7BBFF2046E5F7CFFF4770E0E770B548
S214028EC00C460546072120461646FFF7AEFF20460B
S214028ED0E5F7C2FF214646702846BDE87040E4F733
S214028EE00DBE38B50C4600210546FEF7BFFC47F618
S214028EF0FE73241AA4B29C4205D928462821FFF7FD
S214028F0071F8002038BD0120FCE738B504460D464E
S214028F1001460020FEF781FC03689B0505D429461E
S214028F202046BDE83840FFF7DCBF002038BD2DE9FB
S214028F30F04115461F469DF81880FEF76EFC044663
S214028F40FCF779F9B8F1010F064623D154E8003F41
S214028F5043F4807344E80032002AF7D105B354E89C
S214028F60002F42F4007244E80023002BF7D1FF21C1
S214028F702046FFF707FF54E8002F48EA020244E8BB
S214028F800023002BF7D13046A5602782BDE8F041CA
S214028F90FCF757B94FF480712046FFF7F3FEDDE782
S214028FA04FF400712046FFF7EDFEE0E773B5064684
S214028FB001200C46FEF731FC002305461A460093B4
S214028FC021463046FFF7B3FF6B6863B14FF48071FA
S214028FD02046E4F7F3F855E8003F43F4007345E80B
S214028FE00032002AF7D1FCF726F905462046FEF79E
S214028FF02DFC28B103881BB14FF40070E9F7B4FFCB
S214029000284602B0BDE87040FCF71BB938B50546E5
S2140290100C46FEF702FC83684BB102212046002272
S214029020984721462846BDE83840FFF7BFBF38BDFF
S214029030012938B505460C4608D0CC1E012C03D8AB
S21402904001460120FFF7E2FF012038BD2221FEF78C
S2140290505CFC20462946FFF7D9FF0020F5E708B555
S214029060FEF7DBFB006800F0F00008BD10B5014615
S21402907004460120FFF7F3FF20B92146BDE8104061
S214029080FFF7EDBF10BD70B506460C46014601203F
S214029090FEF7C3FB314605460020FEF7BEFB2B68F3
S2140290A00268014643EA0200C0051ED49B0502F48C
S2140290B0007203D49AB94FF0FF3070BD2B8A1B1B87
S2140290C098B27AB1098A091B89B28842A8BF0846B3
S2140290D04FF6FF73984208BF4FF0FF30EDE74FF6AA
S2140290E0FF70EFE74FF6FF71EFE70120E5E72DE9A6
S2140290F0F34104460191014601201546FEF78DFB19
S214029100214606460020FEF788FB80462046FEF7EC
S2140291108DFB810606D501A806F0B3F80C2002B036
S214029120BDE8F081FCF787F8336807469A0503D452
S214029130D8F800309B0509D50199301D8D6006F0E0
S21402914087F93846FCF77DF80020E8E7FCF779F85F
S21402915020460199A847E2E738B5014604460120B1
S214029160FEF75BFB05460C3006F08BF8281D06F072
S21402917088F821460020FEF750FB04460C3006F025
S21402918080F8201DBDE8384006F07BB870B5014671
S21402919005460120FEF741FB0646043006F0EEF8CF
S2140291A0044670B14FF400713046FFF7EBFD2146DE
S2140291B02846A368984720B12046BDE87040FBF7D2
S2140291C08BBB70BD00238260C0E90031704708B5D2
S2140291D00B4601461846FEF720FB0068C0F3402007
S2140291E008BDFFF725BFCB1E012B70B504460D4602
S2140291F0164606D81A21FEF788FB40212046E3F7DA
S214029200DDFF324629462046BDE87040FFF710BF14
S21402921038B504460D46FEF764FB28B1012D04D18D
S21402922022212046FEF771FB002038BDF8B50C4619
S2140292308B7907460B44D3F80D60D3F811303246CB
S214029240E4F73EFC09212046FFF7EFFD2046E5F74E
S21402925003FEA579E5F726FD0C3566F0FF062544E4
S2140292600640C5F80160E5F71DFD3846C5F805104D
S2140292702146FFF7D8FD02213846FFF7BEFDF8BDAE
S21402928070B50E46054601460020FEF7C6FA012EC8
S214029290044603D0022E11D0012070BDC1682846B4
S2140292A08B7919440D31FEF799FBE068FBF714FB46
S2140292B000202946E060FFF779FEEDE7C068FBF77D
S2140292C00BFB0023E360E7E738B50D46044601468C
S2140292D00120FEF7A2FA012D08D100F11201204664
S2140292E0FEF77CFB21462846FFF760FE012038BDCC
S2140292F008B5FEF79BFAC0F3C00008BDF8B50C46E9
S2140293000746FFF7F5FF80F00106F6B2394630460B
S214029310FEF783FA0546C068012C837903D0022C37
S2140293201BD00120F8BD0C33C41823893846E288C6
S214029330A188FEF72BFC618862784900384689B21C
S2140293405200FEF7AEFAE868FBF7C6FA0023394683
S2140293503046EB60FFF72AFEE3E7FBF7BDFA002391
S214029360EB60DEE708B5FEF769FA00F0010008BD1B
S21402937038B50C4602210546FEF762FA0C21204655
S214029380FFF753FD2046E5F767FD4FF0FF33837086
S2140293900223C3700D2343706FF02F03037105235E
S2140293A0214643712846BDE83840FFF73CBD0429F4
S2140293B010B5044601D0002010BDFFF799FFC0F19A
S2140293C00200E5F715FC0028F5D106F01EF9014665
S2140293D008B90220F0E72046E6F74EF80028F8D152
S2140293E00120E9E708B5FEF721FAC0F3C00008BD80
S2140293F02DE9F0410F4604469046FFF7F3FF80F052
S2140294000105EDB221462846FEF707FA012F064669
S21402941003D0032F0FD001200BE02046FEF784FE78
S21402942022212046FEF771FA28462146FFF7EEFD76
S2140294300020BDE8F081C068FBF74EFA0023204604
S214029440F360FEF771FE20465FFA88F1FEF75DFADA
S21402945020462021E3F7B2FE21462846FFF7D6FD36
S214029460D9E737B504460D46FEF7E8F903054CD5AD
S214029470022006F0CAF80190002848D0204645B3DC
S214029480FFF7B0FF50B105210198FFF7CEFC019817
S214029490E5F7E2FC20460199FFF7C5FC204629467F
S2140294A0FEF74DFE2046FFF79DFF78B94FF40061A8
S2140294B02046FEF7C0F906210198FFF7B6FC019890
S2140294C0E5F7CAFC20460199FFF7ADFC002003B081
S2140294D030BDFFF787FF68B10199032306222046B5
S2140294E0FFF7B7FC2046FEF71FFE21462846FFF789
S2140294F08DFDEBE701A805F0C4FE20463D21FEF7F0
S21402950071FD2046FEF710FEE0E70C20DFE707209D
S214029510DDE7F7B5014604460020FEF77EF905466C
S21402952000F112074FF48060E5F762FB50B920465F
S214029530E3F72EFE3A46698B80B203B0BDE8F040F0
S214029540FFF7E2BA2046E3F723FE064620466D8B77
S214029550FEF76AF900220346009229463A46B0B25E
S214029560FFF7F1FA03B0F0BD83781A2B09D81B2354
S21402957083700288B2F5A47F07D24FF4A4730380E7
S21402958007E0FB2BF5D9FB23F2E744F290239A423D
S214029590F5D87047F0B50446CA798B7987B043EAA6
S2140295A00223ADF80C308B8803A88DF80E30CA78EB
S2140295B08B7840F6480543EA0223ADF810300B8854
S2140295C005A98DF81230FFF7CFFF04A8FFF7CCFFEE
S2140295D02046FEF737FD0B212046FEF7EDFC44F24F
S2140295E09023002818BF1D46BDF80C709DF80E305B
S2140295F0BDF81460BDF810209DF816009DF81210F4
S214029600AF42D4BF00970095FB2BA8BFFB23B24204
S214029610A8BF32468142A8BF01462046FEF729FB74
S21402962007B0F0BD37B5144605461046FFF7FDFBFA
S2140296302046E5F711FC01A904462846FEF702FD7E
S2140296400B212846FEF7B8FC6FF004036370002374
S21402965044F29022A37040F64803002818BF13462F
S214029660A4F803309DF80630A4F80530BDF804309F
S214029670A4F8073003B030BDFFF7DABC022973B591
S21402968005460C4603D00024204602B070BD0521D4
S214029690FEF763FC0028F6D0E4F7DAF81B28F2D9C6
S2140296A04FF40040E5F7A4FA0028ECD105F0ADFF30
S2140296B006460028E8D0284601A9FEF7C3FC314634
S2140296C028469DF80630BDF80420E6F7A9F90028DA
S2140296D0D9D10124D8E730B190FAA0F00123B0FA2C
S2140296E080F08340D8B2704770B50646FEF7A6F8FB
S2140296F080F0400402060546C4F3801406D408210E
S2140297003046FEF73FFC08B144F00204EB0506D4EF
S2140297100B213046FEF736FC08B144F0040420461E
S21402972070BD2DE9F843044691460F46FEF786F8CB
S214029730C0F340152046FEF72CFB214680462846FD
S214029740FEF76BF8494606462046FEF7DEF898F81E
S2140297500110384601F00F0100F024FA062814BF63
S214029760014600212A462046FEF7B7FA2146284639
S214029770FFF71CFC20212046FEF765F856E8003F5E
S21402978043F4805346E80032002AF7D1BDE8F88356
S214029790F8B50E4604461546FEF750F8032EC0F3FB
S2140297A040170DD0042E16D0012E12D122212046AB
S2140297B0FEF7ABF838462146FFF728FC0020F8BD36
S2140297C0EAB200212046FFF7ACFF21463846FFF7F3
S2140297D01DFC0120F3E70C22F3E7012910B504462D
S2140297E00BD1FEF72BF82146C0F34010FEF715F812
S2140297F00022817C2046FFF794FF012010BD2DE950
S214029800F7430F460546FEF719F800F02009C0F3A5
S21402981040182846FEF7BDFABB790C333B445E7807
S2140298209B781E400378C3F3030000EA131030400F
S214029830FFF751FF044648B9B9F1000F06D1284692
S214029840FFF752FF3040FFF746FF04462846FEF772
S214029850A3FAE8F719F9A04223D01CB3022128463E
S214029860FEF704F8002106462846FEF72DF91821D1
S2140298703846FFF7DAFA3846E5F7EEFAB6B2394670
S21402988044708470A0F803602846FFF7CCFA23469B
S2140298902246294640460096E6F7FCF803B0BDE8A5
S2140298A0F08300242646E2E770B504460D46FFF72D
S2140298B0DDFB28B929462046BDE87040FFF79FBF6A
S2140298C0402829462046BDE870404FF0160314BFD4
S2140298D02A222322FFF7BDBA38B505460C46FDF705
S2140298E0ADFF830604D42046BDE83840FAF7F4BF3D
S2140298F021462846BDE83840FFF781BF73B58C790C
S21402990006460C340C440D46FDF798FFA278C0F3C9
S2140299104010032A14D0052A28BF00226378032B9E
S21402992010D0052B28BF0023B4F80310009131464F
S214029930E6F7B0F8284602B0BDE87040FAF7CCBFAA
S2140299400022EBE70023EFE708B58B790B441B7B7D
S214029950162B03D0172B05D0002008BDFFF7A4FF57
S2140299600120FAE7FFF7B8FFFAE708B58B790B4450
S2140299701B7B162B03D0182B05D0002008BDE6F75C
S214029980B3F80120FAE7FFF7B9FFFAE770471FB509
S2140299904A1E042A03460C465FD8012902D10088D3
S2140299A004B010BD022905D100885B88984238BFF2
S2140299B01846F5E74A00014601A805F004F9032C0B
S2140299C007D10023ADF80A304FF6FF73ADF80C301E
S2140299D001E0042CF8D0BDF80620BDF8043093420E
S2140299E084BFADF80630ADF80420BDF80A30BDF8E5
S2140299F00C20934288BFADF80A20BDF80A2088BF23
S214029A00ADF80C30BDF80430934288BFADF80A308A
S214029A10BDF80620BDF80C309A4288BFADF8063075
S214029A20BDF80820BDF80630934284BFADF8083072
S214029A30ADF80620BDF80A30BDF808209A4288BF65
S214029A40ADF80830BDF80820BDF806309A4238BF97
S214029A50ADF80830BDF80800A2E74FF6FF709FE7A2
S214029A60012804D0022804D030B9E7F76FBCE7F724
S214029A705DBC0020E6F7D8B9704710B1012803D0C4
S214029A8070470120E6F7D0B90020FBE7F7B51F467E
S214029A908B1E012B05460C46164613D8FDF758FBBF
S214029AA00023CDE90005F01A18BF01201A463946F0
S214029AB0FDF75CFB80B1022C0BD12846E4F7BEFF13
S214029AC0002004E00029F8D0012902D0FF2003B0CC
S214029AD0F0BD2846E4F7F6FF0120F8E770B50D461C
S214029AE000219DF810600446817106F10C01417355
S214029AF0111E18BF012103F00F00237B40EAC1109C
S214029B0003F04003184320732B469DF8141004F10B
S214029B100E00FFF7BBFF237B0E3660F3861323731C
S214029B202B686361AB882383A3793344E37170BDEA
S214029B3010B5418904468389C2890846FFF704F9AD
S214029B40E0B1E279531E072B19D86389934216D9DE
S214029B5022899A4213D8237C43B9637C33B9A37C07
S214029B6023B9E07C10B9237D0F2B07D9607D1B300B
S214029B7000F01F000B288CBF0020012010BD002023
S214029B80FCE708B5E8F706FCBDE808400020E8F761
S214029B906FBCC94350E8003F0B4040E80032002A41
S214029BA0F8D17047022808D0042803D0012818BF2D
S214029BB00620704701F00101C81C7047E8F7B8BFDD
S214029BC00A2802D80130C0B27047242801D80230D1
S214029BD0F9E7252805D0262805D0272818BFFF2014
S214029BE07047002070470C20704708B5E7F7C8FF9B
S214029BF0BDE808404FF00060E9F7B6B908B5E8F7E7
S214029C009DFF20B1BDE808401020FFF7EEBF08BD5B
S214029C10704770477047704770470020704770471C
S214029C2070477047704770471046194670470020C5
S214029C300021704704F05EBBF3F7C8BB04F012BC09
S214029C4008B5E8F79FF920B1BDE808400420FFF701
S214029C50CCBF08BDF0B585B00D4616468DF8070098
S214029C6002B983B329469DF80700FDF785FA044634
S214029C7090B929469DF80700FDF782FA20BBF6B197
S214029C809DF80700003818BF01202946E8F716FE9F
S214029C90441C18BF012417E002AF012239460DF119
S214029CA00700FDF76BFA024604464EB19DF80730F0
S214029CB0181E18BF0120002A18BF3D46E5E70124FA
S214029CC0FDF749FA00B90124204605B0F0BD37B5C4
S214029CD00246136A084603F4007403F40015DB0513
S214029CE005D47CB9E4F7AAFE204603B030BD4CB9D1
S214029CF0B5FA85F4D2F8551064090160B2F8592015
S214029D008280F1E7019092F95430B5FA85F4009317
S214029D1000231A4619461846FDF728FA6409E3E7AF
S214029D2070477047024619460020E8F7A5BC002097
S214029D3070470020704707B500214FF0FF336A4690
S214029D40084600938DF80430E8F728FE03B05DF865
S214029D5004FB38B50546006805F035F9044628794F
S214029D6000F01F0005F02FF92044C0B2012894BF6E
S214029D700020012038BD70477047914270B50D46ED
S214029D8014461E4609D2FFF719FF641B013490FBE6
S214029D90F4F303FB14000544ACB23480FFF70EFF65
S214029DA033880133B0FBF3F202FB1300049B1880E6
S214029DB070BD7047704770470120704708B5202075
S214029DC000F0EFFE003818BF012008BD08B5FFF707
S214029DD0F5FF20B1BDE80840202000F0EABE08BD2D
S214029DE073B506460D461446D2B100F0D7FEA84219
S214029DF018D8304600F0E7FE01460190A0B10023D5
S214029E002A46204605F033FA01A805F03AFA224619
S214029E10022052F8041B00F083FE002002B070BD40
S214029E202220FBE72120F9E72D20F7E708B5FAF70D
S214029E3085FA08B1012008BD00F060F8FAF786FA44
S214029E400028F7D1EBF750FB003818BF0120F2E7E5
S214029E5008B5E9F737F800280CBF0420012008BD32
S214029E60E9F73EB80020704730B50446154687B07D
S214029E700846FEF757FF122200210DF1060004F0F5
S214029E8097FEA368ADF804500293E3680393E38B4E
S214029E90ADF81030238CADF81230FFF7E3FF029BCB
S214029EA08DF8140043F41053029300F0E8FD18B145
S214029EB0029B43F00403029301A8E4F7ABFE10F002
S214029EC0FF0516D1A38C0DF10201ADF80030E38C2C
S214029ED06846ADF8023000F0C1FCE9F79DF8FEF7DF
S214029EE01FFF012104F0E9F8EAF752FD284607B001
S214029EF030BD40F20C40FAE7E9F79EB8FCF7F9B835
S214029F00E1F7D8BEC160704741EA002008B540F4C8
S214029F109020FCF787FB014640B110F1880F05D070
S214029F20BDE8084040F20740EDF710BC08BD01202E
S214029F30704770B50C46064611461D46E9F744F9C9
S214029F4058B144EA06206FEA40406FEA50402A467B
S214029F50BDE8704080B2E9F78BB840F2064070BDAB
S214029F60837901461A0703D506220020E9F7B6B917
S214029F709B0602D506220120F8E74FF0FF30704715
S214029F808379532B01D1E9F7DBB9FFF7E9BF70B547
S214029F90064614461D46E9F717F910B9002420466E
S214029FA070BD41EA06206FEA40406FEA50402A46FA
S214029FB0214680B2E9F77AF80028F0D0EEE713B52A
S214029FC00446E9F701F910B9002002B010BD0822D4
S214029FD06B4611462046FFF7DAFF0828F4D19DF8B3
S214029FE00230002BF0D09DF90300013018BF01208B
S214029FF0EBE7704700207047532838B505460C46F5
S21402A00004D1BDE838400846EDF724BC0620FAF72E
S21402A01011FE68B96379142D03F03F03637104D00F
S21402A020722D08D163F03F0363710020A57138BD1D
S21402A03040F20740FBE72120F9E71FB550F80C4B2A
S21402A040ADF80A3094F87040069BADF806108DF80D
S21402A050082040F2035101AA8DF80440039305F04C
S21402A06045F810B906A805F00CF904B010BD2DE9A4
S21402A070F0414FF0000886B004460E461546CDF86D
S21402A0800C8000F1440712B303A805F0FAF838462C
S21402A09005F0F7F884F81C80002332460093182156
S21402A0A02B46204600F012FF05F58855204650F84C
S21402A0B00C3B40F2055193F8703004AA8DF810302C
S21402A0C0059505F013F8002006B0BDE8F081436957
S21402A0D01A0710D4A846384605F0F1F8034603904E
S21402A0E0C0B903A805F0CDF8384605F0CAF8002333
S21402A0F0237755B1D0E723F00803436103A805F0A0
S21402A100C0F8384605F0BDF82577204600F05AFF1D
S21402A1100025CBE79979204601F10C021A44B2F8E1
S21402A12001600531B2F803209971314601F06EFCE8
S21402A130CDF80C800028CED00546D2E72DE9F84FA0
S21402A1400E4691469A4605469DF828B010B1037C05
S21402A150012B60D0284601F076F9304601F0E9FA84
S21402A160002231468046284601F056FB0746304616
S21402A17001F0D8FD42F6052398421CD118F0300FA4
S21402A18026D1BBF1000F33D018F0200F3FD0BA070C
S21402A1903FD5EB8B002B38D153464A4631462846EC
S21402A1A000F042FF0446E8B940F20A412846EE8330
S21402A1B001F057F916E0284601F0F4F90028DDD040
S21402A1C0284601F004FA0028D8D041F2121409E019
S21402A1D0B907D6D03146284601F0BAFB0028D0D0BF
S21402A1E000F58854284601F033F92046BDE8F88F7A
S21402A1F018F0100F0BD0FB070BD553464A463146D4
S21402A200284600F0EEFE0446ECE70524EAE72124A1
S21402A210E8E70224E6E70724E7E72DE9F04700250A
S21402A22086B09DF8389090F81CA004460F469046DB
S21402A2300F9E0577B9F1000F09D00A464B465146E4
S21402A240009600F043FE284606B0BDE8F087BAF155
S21402A250080FADF8169026D145893246043DADB2B8
S21402A2609D424FF002014FF00900A8BF1D4600F0C4
S21402A270BEFD0222814605A93046ADF8147005F0EF
S21402A280C2FA2A464146304605F0BDFA0546831C08
S21402A2903146204689F80130EBF7F0FAADF8165051
S21402A2A0BDF81600D0E7BAF10A0F0DF116020CBF80
S21402A2B00B210D21CDE9016200930122434600F0F5
S21402A2C029FE1A28ECD111233A4651462046CDF8EB
S21402A2D00090ADF8169000F0F9FDE1E7F0B5002524
S21402A2E089B01746012204460E460393ADF816506F
S21402A2F001F0C1FA8DF81500002846D1304601F06B
S21402A30032F910B1304601F0F0F9304601F021FA88
S21402A310B8B103A804F0B5FF204650F80C2B237FF3
S21402A32092F8702040F202518DF8182006AAADF875
S21402A3301A608DF81C30ADF81E7004F0D7FE09B016
S21402A340F0BD0DF115030DF116023146204601F05F
S21402A3502FFB9DF8153002465BB9BDF81630BB429E
S21402A36035BF0723DB1B8DF81530D21928BFADF891
S21402A3701630039B314601939DF815302046009314
S21402A380BDF81630FFF749FFD9E72A46F1E770B560
S21402A39004460D46164601F0E6F840B933462A460C
S21402A3A0214601F033FB08B100F5885070BD41F23A
S21402A3B00310FBE71FB550F80C4BADF80A3094F8C3
S21402A3C07040069BADF806108DF8082040F2015149
S21402A3D001AA8DF80440039304F088FE10B906A87B
S21402A3E004F04FFF04B010BD1FB550F80C4BADF88B
S21402A3F00A3094F87040BDF81830ADF806108DF8A3
S21402A400082040F2045101AA8DF80440ADF80C3041
S21402A41004F06CFE04B010BDF0B5122785B00392AE
S21402A4200777022205460E4601F025FA044668B171
S21402A43003A804F026FF00232B770023324600935E
S21402A44012212346284600F041FD0FE0039A3046CB
S21402A45093790333937101F07CF948B1039B3A4632
S21402A4600093314623462846FFF7E7FD05B0F0BDC8
S21402A47042F6293001F0BDFBB04220D1039830B934
S21402A48003A804F0FEFE00230D242B77D5E704F084
S21402A4907DFF80B20128F3D1039B28469A791344A4
S21402A4A0197B01F0BAF8044603A804F0EAFE00237A
S21402A4B02B77002CC1D1284600F04BFDD6E722466A
S21402A4C031462846039B01F0A1FA0446EFE72DE940
S21402A4D0FF410392042204460D4601F0CCF90746DA
S21402A4E028B103A804F0CDFE04B0BDE8F0814FF019
S21402A4F05208039A284693790333937184F81C8092
S21402A50001F027F9064640B1039B424600932946CE
S21402A5103B462046FFF791FDE6E742F6293001F07A
S21402A52068FBA842039B0BD19A7920461344197BF9
S21402A53001F073F803A804F0A4FE00232377D3E700
S21402A54032462946204601F061FAF6E72DE9FF4138
S21402A5508B7904460C330B44B3F801700E4638462A
S21402A560B3F8038001F0DDF8002858D002223946FD
S21402A570204601F080F90546E8B9384601F0E9F8C8
S21402A58068B116222277B37939460533B37120466D
S21402A59043460096FFF751FD04B0BDE8F081FAF796
S21402A5A031F933461B680135EDB2002BFAD1063578
S21402A5B0A8421DDC092504F1440004F062FE2B4685
S21402A5C03A4616212046009600F080FC092DE3D17B
S21402A5D0204650F80C3B40F2055193F8703002AA20
S21402A5E08DF8083041F20913039304F07FFDD3E798
S21402A5F00121304605F0D2F801460028DAD004F1EF
S21402A600440004F025FFB37942460533B371394658
S21402A6103346204604B0BDE8F04100F0A9BC01254F
S21402A620C9E713B5044641B9443004F02AFE204671
S21402A63002B0BDE8104000F0C5BC1822436902779C
S21402A64013F0080306D0002319460093FFF7F5FC23
S21402A65002B010BD1A46194602B0BDE81040FFF718
S21402A66006BD7FB5C58B04462DB342F6052001F024
S21402A670C0FAA84207D10021204600F0AFFF636966
S21402A68023F001036361002640F20A41204600F0EF
S21402A690EEFE29460DF10E022046ADF80E6001F0E0
S21402A6A0BBF8BDF80E200346009229460222204639
S21402A6B0FFF79AFEE68304B070BD2DE9F041054629
S21402A6C088B042F6052001F094FA064604A8ECF794
S21402A6D089F9102205F121010DEB020004F03EFA81
S21402A6E050B10121284600F079FF284601F033FBDD
S21402A6F06B6923F001036B6142F60303022003A990
S21402A700ADF80C30ECF7B6FA012407464FF0000815
S21402A71020463A464FF6FF7101F030FA044610B969
S21402A72008B0BDE8F08100F0FCFF0134A4B20028B6
S21402A730EED0A64203D131462846E9F74FFA214623
S21402A74028460DF10E02ADF80E8001F065F80346BC
S21402A7500028DDD0BDF80E202146009228460122B0
S21402A760FFF742FED4E708B5ECF72AF90020E9F72E
S21402A770C3FE002008BD10B90120E9F7B1BF70473B
S21402A7800220E9F7A3BF0020E9F7A0BF38B50C46C0
S21402A7900546E3F70FFF4379C47523F0030343F03E
S21402A7A0030343710923837104F10C03C371A0F8F8
S21402A7B01550153038BD2DE9F3410D461646804634
S21402A7C0E3F7F8FE05F10C03C3714379044623F060
S21402A7D0030343F003034371092301908371A0F836
S21402A7E0158000F11507304604F0D0FD33460544C7
S21402A7F0E5753BB901A8314604F02AFE384602B098
S21402A800BDE8F0815A7922F0030242F002025A7140
S21402A8101B68EEE708B5E3F7D3FE83790C331844DA
S21402A82008BD08B5E9F7AAFEECF7BCFDE9F7C2F8E1
S21402A830EBF790FFBDE80840FFF7A5BF10B504464A
S21402A840EAF748F820B92046BDE81040F9F7D4BE2A
S21402A8502046F9F7D1FEFFF793FFF1E773B50E46F0
S21402A86005F07CF8044600BB42F6072001F0C1F969
S21402A8700546D0B10A22B6F900300021002BCBBF24
S21402A8800533053BB3FBF2F393FBF2F35BB28DF8B1
S21402A890073001230DF10702184604F0E1FF0022FB
S21402A8A003462946104601F0B1F8204602B070BDB4
S21402A8B0430803F05503C01A00F03303C0F38500C3
S21402A8C000F03300184400EB101000F00F00704741
S21402A8D0002110B5421D441E14F8010FFFF7E8FFD1
S21402A8E094420144F8D1084610BD0E2070470E204F
S21402A8F070470E2070470E2070470078EBF73AB884
S21402A90013B50C460DF107020DF10601EBF722F91D
S21402A91030B19DF80600031B5842584102B010BDE4
S21402A9200120FBE770472DE9F04383780D460D2B97
S21402A93091B04FD109AC2646821C00F11A03274675
S21402A94010685168083203C79A423C46F7D113880A
S21402A9501C213B80284604F094FDBDF826402F6853
S21402A96014F00C043ED1384604F010FDA0F10208A3
S21402A970A0450DDA4FF0FF3400239C428DF81C30C0
S21402A9801EDB01223946A31C07A804F070FC17E060
S21402A990631C0122394605A804F069FC9DF81430B0
S21402A9A0012BE9D023460122394607A804F05FFCB2
S21402A9B09DF81C3013B101331C44D9E78DF81C30C6
S21402A9C0EBF70EFC012808D002283FD050B92846E3
S21402A9D004F057FC11B0BDE8F0839DF81C3013F06C
S21402A9E0010FF4D09DF82F00EAF714FC80469DF87C
S21402A9F03000EAF70FFC0DF11C0904469DF82820EA
S21402AA000DF1290105A8E9F7AFF89DF836200DF1FA
S21402AA1037014846E9F7A8F805A8FFF7B1FA05ABEB
S21402AA20CDE901050746224641463046CDF800905C
S21402AA30EAF740F82B68002BC9D02246414630463A
S21402AA40CDE9007505AB02F02FFDC0E79DF81C307E
S21402AA5013F0030FC5E7EBF7B3BB704708B5ECF787
S21402AA6057FA002008BDECF7FFBDEAF795BB704722
S21402AA70704770477047E8F7C5BB704770470020BD
S21402AA807047704770477047F8B504460F4616463B
S21402AA9013680A461D0A0021043504F089F8EDB24F
S21402AAA021222046394604F03AFB2046294604F085
S21402AAB0BFFBA27933681444E360F8BD7047704761
S21402AAC0704770477047704702464FF482712020E5
S21402AAD0FFF786B9014608B500F03800EAF738FCF9
S21402AAE078B1D0E901324078C1F3074110F0020F85
S21402AAF008BF1346043B53F8040F10B102788A428B
S21402AB00F9D108BD38B505460C4604B938BD013C36
S21402AB1055F824301B69002BF7D09847F5E77047A5
S21402AB207047F8B543780546DB0701D4EAF752FCCE
S21402AB3000266B786F6823F00C0343F002036B70F9
S21402AB4057F826402CB9202005F10C01F9F70EFF24
S21402AB500FE0A3680136002BF2D09847044600287F
S21402AB60EED031463846FFF7CDFF6B7823F002036E
S21402AB706B702046F8BD4078C0F3400070474378BB
S21402AB8013F00E0F0CBF01200020704710B5EAF735
S21402AB908BFC0446EAF7A0FC204610BD4FF48270F8
S21402ABA0704708B5EAF7D4FBC068003818BF012022
S21402ABB008BD08B5EAF7CCFB20B1BDE80840C0687E
S21402ABC004F090BB08BD38B5EAF7C2FB044650B1A4
S21402ABD0FAF731FB054604F10C0004F070FB04465C
S21402ABE02846FAF72EFB204638BD37B58379019002
S21402ABF003440446D86800F03800EAF7A9FB054685
S21402AC0028B901A804F03DFB022003B030BD20465F
S21402AC1004F041FBFAF70FFB0446019905F10C001C
S21402AC2004F016FC2046FAF70CFBE8F759F9002068
S21402AC30EBE72DE9F04104461F462502C4F307233D
S21402AC4005F4E06524F47F441D4324F0C704EE199E
S21402AC5044F080048B7944EA16243602B6B20C33EA
S21402AC603443084601EB0308CC501146FFF7BDFFFC
S21402AC7020B94544EF704046BDE8F0814FF0000829
S21402AC80F9E7427810B50432044601F00400D2B265
S21402AC90002140F0290004F079FD18B1837922687A
S21402ACA00344DA6010BD10B50021FFF7EAFF044640
S21402ACB008B9002010BD0179FFF797FF0028F8D1E8
S21402ACC0A3790C33E018F5E72DE9F04117461A464A
S21402ACD0036801F004011C0204F4E064C3F30723D2
S21402ACE01C4341F02905043406463B4621462846C5
S21402ACF004F0B6FD804650B1E1B204F002FB3B46DA
S21402AD002A4641463068BDE8F041FFF792BFBDE8EB
S21402AD10F0812DE9F341002401F00401076806469C
S21402AD2041F02905106829461460019004F0B3FA30
S21402AD30019804F02BFB390201F4E061C7F3072700
S21402AD40394380460122043101A804F09BFC30B14D
S21402AD5001A804F096FA204602B0BDE8F081434608
S21402AD602A4601993068FFF764FFF5E7704700232B
S21402AD7007B5CDE9003369468DF802004FF0FF3083
S21402AD8003F037FA03B05DF804FBA0F86E107047C4
S21402AD9001238B4090F87110194380F871107047A8
S21402ADA008B50120F9F74EFDC0B208BD83790C3311
S21402ADB01844704710B50446A1F1140004F0E6FAF0
S21402ADC0201A20EAE07080B210BD70B51C460D460F
S21402ADD01646FFF7EFFFA04207D322463146A5F1FB
S21402ADE0140004F010FD012070BD0020FCE770B5D1
S21402ADF006460D4614467AB90A462046082104F04D
S21402AE00C5FC044690B92A460821292004F0BEFC57
S21402AE10044658B9204670BD104604F032FA204661
S21402AE2004F0E7FB08231D44A371E571A3790C33F4
S21402AE301C442670EEE72DE9F0411646069A0746B0
S21402AE4088461D46FFF7D3FF0446F0B114382A465B
S21402AE503146069004F0D7FC854217D9069B06A811
S21402AE601C7904F0200404F00CFA74B94246082156
S21402AE70292004F08BFC2A463146069004F0C3FCD7
S21402AE80854206D906A804F0FCF900242046BDE84F
S21402AE90F081069A93790C33D418D754F6E711B199
S21402AEA01439EAF7EBBC1A20704738B5002204467C
S21402AEB00D4602200321FFF79AFF014608B1A0F8CB
S21402AEC001502046BDE83840FFF7E9BFF8B5044612
S21402AED00F46164605210120069A1D46FFF787FFF4
S21402AEE0014638B14770468005712046BDE8F840F5
S21402AEF0FFF7D5BFF8BD38B50D4603210446084610
S21402AF00FFF775FFA0F8015001462046BDE838401D
S21402AF10FFF7C5BF73B50546084611466C891A4643
S21402AF20641ABDF81830A4B29C4228BF1C46079B80
S21402AF30089E00932346FFF77EFF014630B128465F
S21402AF40348002B0BDE87040FFF7A9BF1A2002B0F5
S21402AF5070BD012110B5002204461320FFF747FFFB
S21402AF60014620B12046BDE81040FFF798BF10BD4D
S21402AF70F7B54489054618460F461646019304F06F
S21402AF8005FA053CA4B2844203DA011B01A804F0C8
S21402AF909FFA0521019804F03CFB014628B901A856
S21402AFA004F06FF91A2003B0F0BD83790C33C2188F
S21402AFB01720C8542846A2F80170A2F80360EAF7E0
S21402AFC05DFCF0E7012110B5002204461920FFF7C8
S21402AFD00EFF014620B12046BDE81040FFF75FBFD6
S21402AFE010BD73B50E46002144890546033CA4B243
S21402AFF0A342009128BF234603211B20FFF71BFF15
S21402B000014670B1012210F80F3CA0F8016062F30D
S21402B010071300F80F3C284602B0BDE87040FFF761
S21402B0203EBF1A2002B070BD73B50E460021448999
S21402B0300546033CA4B2A342009128BF234603213F
S21402B0401D20FFF7F8FE014638B1A0F80160284639
S21402B05002B0BDE87040FFF722BF1A2002B070BDF2
S21402B0604B88042B07D1836C08885B8998428CBF77
S21402B0700020012070470020704710B50446806902
S21402B08020B10021EAF736FB0023A36110BD38B5D4
S21402B090A0224FF4A0730025C0E907230723044625
S21402B0A080F83130C5818571103004F0EAF804F179
S21402B0B0140004F0E6F82046FFF7DFFF40F2011323
S21402B0C0E3857F2384F832302046A5626562BDE8B8
S21402B0D03840FEF78EBF07B501228DF807100DF136
S21402B0E0070104F090FB03B05DF804FBF7B50546D4
S21402B0F04FF428500C4600F07CFD064600F011FB8B
S21402B100B0B3022C02D8002003B0F0BD00273146AF
S21402B1100DF105030DF106023846ADF8067000F093
S21402B12047FCBDF80620631E934206461EDC072C2B
S21402B1301AD9023CADF806400824BDF80630002BAA
S21402B140E1D00133D9B22846FFF7C5FF214628468B
S21402B150FFF7C1FF31462846BDF8062004F053FB30
S21402B160BDF806000230CFE7ADF806700924E4E722
S21402B1704FF0FF30C8E702292DE9F34104460D4699
S21402B1801746184603D8002002B0BDE8F08100F04A
S21402B19030FD064600F0C5FA0028F4D04FF000084D
S21402B1A031460DF105030DF106024046ADF8068064
S21402B1B000F0FEFBBDF80630BDF82020064693429E
S21402B1C028BF1346AB4228BF2B469DF80500ADF8B4
S21402B1D00630C0B9002BD7D001339AB29542D3D9E4
S21402B1E0D9B22046FFF777FF39462046FFF773FFAE
S21402B1F031462046BDF8062004F005FBBDF80600E1
S21402B2000230C0B2C0E74046BEE738B50446EAF7A9
S21402B210E3FB38B1022905D82046BDE838400022B3
S21402B220EAF768BD212038BD91F8393073B55B075F
S21402B23006460C4615462DD40846EAF76BFB6B1EEF
S21402B240042B16D8032D14D0A379142B24D0A3696B
S21402B2507BB90093ADF804308DF80630E8F73EFC73
S21402B2606946EAF7BDF918B91A25284602B070BD34
S21402B270A061636AE57343F016036362E8F7D4FBE2
S21402B2803046EAF78DFC05460028EED02046FFF74A
S21402B290F4FEEAE70225E8E72125E6E7002337B5CC
S21402B2A080F8723040F6FF73A0F86E30836804466A
S21402B2B0DA040D46C16010D443F480636A46A36084
S21402B2C040F203212046CDE9004503F00FFF00219E
S21402B2D02046EAF70FFA03B030BD90F87600EAF798
S21402B2E065FEA36823F48053E8E773B56E4604460A
S21402B2F04A7930460D460631E8F736FC96E80300F2
S21402B300A4F85010090C11F0800FE06484F8521073
S21402B31004F1530312D00122184605F11201E8F790
S21402B32023FC0C352846FFF7D3FA28B1012229461A
S21402B33004F15A00E8F718FC02B070BDB4F85010D9
S21402B34094F85220C4F8530099809A71E9E71FB521
S21402B35090F87420044602F0010301908DF808303C
S21402B3600BB102F002038DF8093094F875302046CE
S21402B3708DF80A30039101F0FCFB4FF4017101AA2B
S21402B380204603F0B3FE2046EAF740FA04B010BDAA
S21402B39010B50446E8F7A2FB2146BDE81040EAF7DE
S21402B3A01FB9EAF77FB9FFF7FBBC0A460021EBF7A5
S21402B3B0C3BD13220121EBF7BFBD826838B5C2F3C5
S21402B3C080320446B0F86E000D46EBF75BFE20B9FD
S21402B3D0A3681DB143F40053A36038BD23F40053A1
S21402B3E0FAE783791A0705D413F0100F0CBFFF2073
S21402B3F001207047002070470020704710B50446B1
S21402B40060B1806C50B1EBF7B9F9A06C0028FAD1A4
S21402B4102046BDE810400321EAF76CB910BD438907
S21402B42007B58B420CD050F80C2B40F2014192F833
S21402B4307020ADF806308DF8042001AA03F056FEFF
S21402B44003B05DF804FB436943F0040343617047AD
S21402B450436923F00403436170474069C0F38000E8
S21402B460704747F2305300220068F9F78BB800683D
S21402B47003F0D9BD38B5436904469B070D4603D58C
S21402B48040F20941FFF7F3FFEAF716FA08B1A3699B
S21402B4901D702046BDE8384040F20941FFF7E1BF83
S21402B4A007B5027C012A09D00122027440F2094241
S21402B4B0914206D040F20A4291420ED003B05DF8A5
S21402B4C004FB4FF4816150F80C3B01AA93F87030EC
S21402B4D08DF8043003F00AFEF0E750F80C3B01AAA0
S21402B4E093F870308DF80430F4E738B522F0004354
S21402B4F00D46114640F20322934204461AD0B3F593
S21402B500017F09D240F20122934213D040F2022276
S21402B510934209D0002038BD6FF481621344012B98
S21402B520F8D8FFF7BDFFF5E700F01CF92046FFF755
S21402B530C4F8EFE763699B0704D540F20941204649
S21402B540FFF795FF2846FFF759FFE3E708B500B176
S21402B5500068EAF79FF808B9034602E0836C002BFE
S21402B560F7D0184608BD10B5044642F62A3000F059
S21402B57040FB031B5842584110BD022806D142F632
S21402B5802A330888C31A5842584170470020704729
S21402B59010B5044642F6293000F02BFB031B584236
S21402B5A0584110BD90F8200000F0010070471FB50A
S21402B5B004466846EBF716FA1022694604F12100A3
S21402B5C003F0CCFAB0FA80F0400904B010BD08B51A
S21402B5D0FFF7EDFFB0FA80F0400908BD70B50446EB
S21402B5E000F1210591B92846EBF7FCF9236893F997
S21402B5F07500FEF7E4FC78B120682B46BDE8704083
S21402B60010220D2190F97500FEF793BC102200213E
S21402B610284603F0CDFAE9E770BD38B504460023A4
S21402B62090F8202041FA03F0C50703D442FA03F04B
S21402B630C0071ED40133082BF4D101F0010523689C
S21402B6402A4384F8202093F97500FEF7B8FC40B12F
S21402B650234653F8200B01220C2190F97500FEF7C1
S21402B66068FC0DB9002038BD00212046FFF7B6FF62
S21402B670F8E71320F7E768B13F290AD800EBA100E4
S21402B68090F8310001F003014900084100F0030080
S21402B69070470020704710B50368044693F975009A
S21402B6A0431C0DD0FEF78BFC50B12346BDE810407C
S21402B6B053F8310B10220B2190F97500FEF739BCB6
S21402B6C010BD10B590F87430DB0706D490F97530CB
S21402B6D0013314BF0F20052010BD847CEBF78CFFCE
S21402B6E0844234BF0C200020F6E730B5044685B00D
S21402B6F06846EBF777F91021684604F0C6F820464C
S21402B700EBF782FB6B46C26804AD06321C4603CCDE
S21402B710AC4210605160234602F10802F6D105B031
S21402B72030BD08B5EBF770FB08B1EBF741FBC0B2D2
S21402B73008BD013810B580B2EBF766FB044608B9BF
S21402B740002010BD408800F07FFB0028F8D0207B48
S21402B750F7E708B5EBF758FB18B1007AC31F584253
S21402B760584108BD70B5054655F8213B044693F985
S21402B7707500431C04D12846BDE87040EBF732B989
S21402B780FEF71DFC0028F6D0234653F8310B102294
S21402B7900B2190F97500FEF7FAFB234653F8200BAF
S21402B7A001220C2190F97500FEF7F1FB20682B466A
S21402B7B0BDE8704010220D2190F97500FEF7E7BB38
S21402B7C001302DE9F04185B228460E46EBF71CFB08
S21402B7D042F60217044642F603089CB12046EBF7EF
S21402B7E0E7FA78B1204600F03EFBB84205D10EB12A
S21402B7F023883380607BBDE8F081204600F033FB6F
S21402B800404502D14FF0FF30F5E70135ADB228468C
S21402B810EBF7FAFA0446E0E72DE9F04707460E464C
S21402B82090460D4642F6021942F6030A0135ADB2BB
S21402B8302846EBF7E9FA044678B1EBF7B9FA60B1B5
S21402B840204600F010FB484505D1237A072B04D189
S21402B8500320BDE8F0875045E8D141463046FFF761
S21402B860AFFF431C014604D03846BDE8F047FFF759
S21402B87002BF0020EDE770B5054608461646EBF710
S21402B880C3FA044608B9012070BDEBF791FA002806
S21402B890F9D0F00713D4B10734D4720702D5A388BF
S21402B8A05B0732D516F0060F31D116F40060EBD0E6
S21402B8B0A38813F4006F14BF00200620E4E7A388D1
S21402B8C0DA0743D513F0700F0AD1980610D458063B
S21402B8D0E1D52B6893F975300133DCD10820D3E724
S21402B8E02868FFF7EEFEA388990608D50028CBD174
S21402B8F02A6892F874209207E9D40520C4E7002843
S21402B900C2D1E4E7A3889907C7D40320BCE7A3887B
S21402B91013F4E06F09D198050FD45B05C5D52B68E3
S21402B92093F975300133C0D1D8E72868FFF7C9FE0E
S21402B930A388990507D50028A6D12A6892F874200C
S21402B9409207EAD4D9E700289ED1E6E702209BE7D1
S21402B95038B504460846EBF757FA054608B90120FB
S21402B96038BDEBF725FA0028F9D0AB8813F4E04F80
S21402B9700CD1980412D413F48040F1D0236893F9C2
S21402B9807500431C58425841C000E9E72068FFF79B
S21402B99098FEAB88990408D50028E1D1226892F86F
S21402B9A074209207E7D40520DAE70028D8D1E2E728
S21402B9B02DE9F0474FF00009044683F80090084648
S21402B9C0A2F80090884616461D46EBF71DFA074673
S21402B9D020B9012300202B70BDE8F08774B1EBF785
S21402B9E0E7F90028F5D04046FFF7D2FD30B1012333
S21402B9F085F8009004F120003380EDE72B463246AE
S21402BA0039462046BDE8F047EAF778BF2DE9FF4100
S21402BA1007460846884616460393EBF7F5F90446AA
S21402BA2038B903A803F02DFC0125284604B0BDE86A
S21402BA30F0811FB1EBF7BCF90028F2D0237A072B6E
S21402BA4005D8DFE803F017262F381C17172126BB68
S21402BA500398002835D13246257A022D62D0032D6E
S21402BA6064D0012D3BD0002F7FD1002503A803F020
S21402BA7008FCDAE703A803F004FC0325D5E703A8CD
S21402BA8003F0FFFB0625D0E703A803F0FAFB8025A8
S21402BA90CBE7E3685D88B54209DA03A803F0F1FB59
S21402BAA00725C2E7E3689A88B242F6D35D88039810
S21402BAB040B9024609E0022EEFDC039868B9024656
S21402BAC0CAE7354603F062FC82B29319AB42C3DD85
S21402BAD003A803F0D6FB0D25A7E70225F2E7E068E8
S21402BAE0063000230399304403F0C1FB002FBCD07C
S21402BAF0237A032B39D103A803F0C3FB0021204687
S21402BB00EBF73CF968B30588617B3846FFF7B3FD6F
S21402BB100122034629463846CDF80080FEF764FC2B
S21402BB20002582E7E068B3188380D9E7039B9A79F9
S21402BB30D979891AC9B2481E012810D81344022995
S21402BB401A7B04BF5B7B42EA0322237B32EA0303AF
S21402BB508CD101233846617BEAF7A6FEC6E70D259F
S21402BB6084E708F1FF35ADB2CEE7039B414600936A
S21402BB70384633463A7FFEF71DFCD1E7884270B559
S21402BB8004460D46164611D8012838BF0124204621
S21402BB90EBF73AF910B14388B34208D00134A4B2A5
S21402BBA02046EBF715F908B1A542F0D2002420464C
S21402BBB070BD70B50C4616461D460146B8B1B3B107
S21402BBC0022C01D0102C12D1E0B2EBF753F84FF64C
S21402BBD0FF718842024602D141F20A1070BD304619
S21402BBE0FFF7CCFF0028F7D028800020F6E72120B8
S21402BBF0F4E7002307B50122ADF80400ADF80630DD
S21402BC0002210DF1060301A8FFF7D3FFBDF80600D7
S21402BC1003B05DF804FBF8B50F461646441CA4B202
S21402BC202046EBF7F1F810B9013CA0B2F8BD00F0DF
S21402BC301AF90546304600F0F2F820B1284600F020
S21402BC40EEF80028F0D1304600F0E2F820B128469F
S21402BC5000F0DEF80028E7D10134A4B22046EBF764
S21402BC60B7F808B1BC42DBD94FF6FF70DEE72DE924
S21402BC70F04F9A4687B08B880D460C88814604A9F9
S21402BC800220ADF810309046EAF7F4FFAB68009059
S21402BC90A888AF89059300F0BBF838B1102F05D1FC
S21402BCA005A8EAF7CDFF022808BF02274FF6FF7B5A
S21402BCB033E02046009AFFF761FF064680B3AA8863
S21402BCC06988FFF7A8FF04463046FFF72AFD00B34F
S21402BCD00DF10F03314648460DF11202FFF768FEDA
S21402BCE09DF80F302BB1A8F80060184607B0BDE8E3
S21402BCF0F08FBDF81220BA420BD13A46059901934D
S21402BD0002F02CFF019B20B9A8F80060AAF80040B8
S21402BD10EBE75C4504D00134A4B26988A142C8D8D6
S21402BD200A23E2E708B5EBF76FF8BDE8084000F033
S21402BD309AB838B505460846EBF766F8044610B9D1
S21402BD404FF6FF7038BD0DB96088FBE7EBF730F8A9
S21402BD500028F9D1F4E770B5044642F60520FFF74D
S21402BD6048FFB0B10021FFF72BFD054601462046ED
S21402BD70FFF781FC06461022002104F1310002F092
S21402BD8017FF324629462046BDE870400023EAF7F0
S21402BD908BBD70BD7FB504460D4610220021684655
S21402BDA002F006FF0026AB575A1C1BD0314620462F
S21402BDB0FFF761FC1946002BB8BFD91C04AA02EB98
S21402BDC0A10100F00302584200F0030003F003034F
S21402BDD058BF43425B0002FA03F311F8102C1343D8
S21402BDE001F8103C0136402EDDD16B4604F13105D8
S21402BDF004AE1A4603CAB24228606960134605F1C9
S21402BE000805F6D1204604B0BDE87040FFF743BCF3
S21402BE10A0F5205001288CBF00200120704742F672
S21402BE200303C31A58425841704708B5030409D49D
S21402BE30EAF7ECFEA0F5205080B201288CBF002065
S21402BE40012008BD0020FCE7020408B507D4EAF783
S21402BE50DDFE42F60303C31A5842584108BD0020CD
S21402BE60FCE7C00B70470346B3F902304088002B4C
S21402BE7001DBEAF7CBBE0020704708B5FFF7F3FFF9
S21402BE80A0F5205080B201288CBF0020012008BDFA
S21402BE9013B58B7904460B441B7B0A4613F001004C
S21402BEA001910AD01D2B0AD101211E20FEF79FFF09
S21402BEB001462046FEF7F3FF012002B010BD01A89E
S21402BEC003F0DFF9F8E710B504468069143003F092
S21402BED0D8F9A069BDE81040183003F0D2B92DE9B0
S21402BEE0F0410F46144605461E46FFF7ECFF234672
S21402BEF03A4608210020D5F8188003F0B1FCAA695A
S21402BF00C8F81400536923B1002054811682BDE894
S21402BF10F0811A20FBE770B50446084603F036FAAD
S21402BF20A16986B28A894D8912B1521B96420CDAF1
S21402BF306389581E80B225B90A78082A04BF043BD2
S21402BF4098B2831B5842584170BD0020FCE730B5BA
S21402BF50044654F80C0B8DB09DF8405090F87000D3
S21402BF6042EA01428DF804001946029203A82A46C4
S21402BF70079502F028FE40F20241204601AA03F08D
S21402BF80B5F80DB030BD10B550F80C4B86B094F82D
S21402BF907040ADF80E10ADF8102040F2064103AA2C
S21402BFA001938DF80C40059303F0A0F810B901A890
S21402BFB003F067F906B010BD37B504460D46FFF725
S21402BFC082FF204640F20941FFF751FA002220463E
S21402BFD0A36940F207411A7050F80C3B6A4693F880
S21402BFE0703001958DF8003003F080F803B030BD54
S21402BFF013B501910021044601F035FB042200230B
S21402C00020460DEB0201FFF76AFF02B010BDF0B545
S21402C01004460F461E46154685B052B983691B78FC
S21402C020072B30D0082B14BF15460925002E18BF43
S21402C0300D250A9803F0AAF9A3699A894AB15B8981
S21402C04081B2D21A914204DD92B2891A0AA803F08A
S21402C0503FFA204650F80C3B40F2054193F8703008
S21402C06001AA8DF804300A9BADF806708DF80850C8
S21402C070ADF80A60039303F039F810B90AA803F082
S21402C08000F905B0F0BD0B25D0E7B0F80AC02DE9DF
S21402C090F041ACF1020C9C4505460E4617461C467E
S21402C0A003DDBDE8F04101F08BBA836922461981AF
S21402C0B000233946FFF713FF044658B9AB69024618
S21402C0C0314628460E3301F094FA044610B128464B
S21402C0D0FFF7F9FE2046BDE8F0812DE9F043202A5D
S21402C0E08FB0054617461C4603910BD941F204143D
S21402C0F021462846FFF760FF03A803F0C2F80FB0F8
S21402C100BDE8F083002B46D10846A2F1060803F0EC
S21402C1103DF94FF6FF765FFA88F81FFA80F94C452C
S21402C12010D3AB69DA88B24239D942F60203ADF8C7
S21402C13014300223711C0093284605AB89B201F025
S21402C140E8F925E023463A46039906A803F08FF855
S21402C150AB69BDF818609A88B242C7D8DA88B2428C
S21402C160C4D3BDF81A10BDF81C20B8F1000F09D0D0
S21402C1702846CDF800800DF11E033C44FFF7E7FE8B
S21402C180A4B2CCE728469E8019815A8101F0DAF9DA
S21402C19004460028B0D041F20A139C42A8D10024DB
S21402C1A0A6E72DE9F0471C4696B0836901921B78F4
S21402C1B00646062B03D0102B60D001A81CE00129EE
S21402C1C0104614BF4FF010084FF002080392002CDE
S21402C1D04CD103F0DBF84FF6FF7508F1020987B27F
S21402C1E0A7420ED8B369DA88AA4237D80024214675
S21402C1F03046FFF7E1FE03A803F043F816B0BDE8A9
S21402C200F08723464A46039904A803F030F8B36938
S21402C210BDF810509A88AA422DD8DB88AB422AD3A2
S21402C2209DF81330282BE1D0B2465AF80C3B424612
S21402C23093F870300DF112010DA88DF83030ADF87C
S21402C2403250CDF844804C4402F0BDFC40F204412A
S21402C25050460CAA02F04AFFA4B2C1E7691C304657
S21402C26089B201F026F904460028C4D041F20A1326
S21402C2709C42BBD0BBE741F20414B8E70129104642
S21402C28014BF12270427049284BB03F07FF842F6F9
S21402C29002184FF6FF7185B2A5420DD8B369DB8846
S21402C2A08B4221D901314FF6FF72304689B201F036
S21402C2B000F90446A0B119E023463A4604990CA8B0
S21402C2C002F0D5FFBDF83220BDF8301042459DF889
S21402C2D0333007D1B269022330460A32FFF7D5FE61
S21402C2E004A889E7282B06D141F20A1421463046D3
S21402C2F0FFF762FEF4E73C44A4B2CDE7F0B58369EB
S21402C30087B003911B780546022B144653D1084684
S21402C3100491002A47D103F039F84FF6FF7687B228
S21402C320A7420DD8A869C288B2422BD8002421465B
S21402C3302846FFF741FE04A802F0A3FF07B0F0BDAF
S21402C34004220499234605A802F091FFAA69BDF8C3
S21402C35014109088BDF81660814229D3D38899427A
S21402C36026D8864224D39E4222D85069927A83796E
S21402C37004340C330092034432462846FFF7E7FDA6
S21402C380A4B2CDE743694089711C0190987989B2BD
S21402C3900C300344009328464FF4205301F09DF8D6
S21402C3A004460028C7D041F20A139C42BFD1BDE71B
S21402C3B041F20414BBE703A8BEE7F0B587B0054612
S21402C3C017461C46039153B9FFF7A5FD38B1012362
S21402C3D022462846039900F084F807B0F0BDA96902
S21402C3E00B78082B05D8062B44D8032B0FD003A8AE
S21402C3F03DE00E2BFBD1039B0593002C6DD1002B49
S21402C4006BD0224628460989FFF7BDFD59E00398FE
S21402C410059018B3ECB9102683794A890C3309893A
S21402C420034400962846FFF792FDAB699988DA889E
S21402C430914217D242F60203ADF8103002230131C0
S21402C440009328460DEB060389B201F062F8044613
S21402C45060B141F20A139C4204D101E0002CF8D1EB
S21402C46041F21F0421462846FFF7A6FD05A802F062
S21402C47008FFB2E7039805907CBB70B302F086FF14
S21402C4800FB386B2B7421ED2394605A803F05AF950
S21402C49038B905A802F0F5FE1A212846FFF78CFDEA
S21402C4A09BE78379F61BC218023391898371AB69C5
S21402C4B000225B89B6B200902846FFF7A8FDB74275
S21402C4C0E2D92146E9E7AA69284653891189059ADD
S21402C4D000920022FFF79BFDF3E705A802F0D1FECB
S21402C4E0EFE7F0B585B006461F461446039132BB09
S21402C4F0084602F04BFF054608B3B1690B784A8935
S21402C500082B0BD8062B0BD9039B098930460093C0
S21402C51013462246FFF77BFD039401E00E2B19D04B
S21402C520B1694B89EA1892B2B2F5007F4A8117D8F0
S21402C5302FB13046098901F016F8044628B10022C8
S21402C540234611463046FFF738FF03A802F099FE4D
S21402C55005B0F0BD3046039B0989FFF714FDDBE703
S21402C56041F20414EBE773B5836901911B78044624
S21402C570082B15460ED8062B0ED9019E20463146AC
S21402C580FFF7C9FC2A46034631462046FFF7A9FFB5
S21402C59002B070BD0E2BF0D001A802F072FEF7E7D3
S21402C5A030B5836987B003911B780546092B14467C
S21402C5B011D105915AB9134600910F222146FFF771
S21402C5C026FD21462846FFF7F7FC07B030BD05A832
S21402C5D002F057FEF5E703A802F053FEF5E72DE951
S21402C5E0F04F87699FB003913F780546052F1646A0
S21402C5F01C4604D8032F16D810D003A867E0082FCD
S21402C600FBD108461391002B00F0C28013A802F05B
S21402C61038FE21462846FFF7CFFC01E0FFF75DFD16
S21402C6201FB0BDE8F08F202A0846049148D8002B98
S21402C63040F0A880571F02F0A9FE4FF6FF78FFB21F
S21402C6401FFA80FA0DF11C0BA24506D8AB69DA88F0
S21402C650424500F28780002434E02346324604999D
S21402C6600BA802F004FEAB69BDF82C809A884245FE
S21402C67026D8DA88424523D35969F1B9A94659F82A
S21402C6800C1BBDF82F2091F870109DF82E308DF8F7
S21402C6904C10ADF84E200DF131013A4615A88DF832
S21402C6A05030199702F08FFA40F20341484613AA17
S21402C6B002F01CFD3444A4B2C6E75A89102A09D9EE
S21402C6C041F2041421462846FFF776FC04A802F03D
S21402C6D0D8FDA5E70023584602F0C9FDAB690DF167
S21402C6E03101102FCDE9051B93F80A902BD1B9F131
S21402C6F0020F34D105A8EAF7A3FA0228DAD14A468D
S21402C700DDE9051002F02AFA0028D3D12B4653F8A9
S21402C7100C0BBDF82F1090F870009DF82E208DF8A7
S21402C7204C00ADF84E108DF8502059464A4615A8D2
S21402C7300293CDF8649002F046FA029B40F203415F
S21402C740184613AAB4E7022F09D1B9F1100F06D181
S21402C75006A8EAF775FA0228ACD13A46D0E73A4676
S21402C7605846CFE742F60303ADF84C30022308F1F1
S21402C77001010093284613AB89B200F0CAFE0446B4
S21402C7800028A3D041F20A139C423FF464AF99E713
S21402C79059B900210023AA69284693815381118141
S21402C7A013993246FFF709FE3AE702F0EFFD16B19B
S21402C7B080B28642EDD1139A9379D11802338989D1
S21402C7C09371E7E72DE9F0431C468FB08369039126
S21402C7D01B780546012B17465BD10846059102F0E9
S21402C7E0D5FD202F0BD941F2041421462846FFF727
S21402C7F0E3FB05A802F045FD0FB0BDE8F083002C70
S21402C80042D1059802F0C2FD4FF6FF76A7F1040862
S21402C8101FFA88F81FFA80F95FFA88F8A14505D84A
S21402C820AB69DA88B24220D80024DEE723463A46CD
S21402C830059906A802F01BFDAB69BDF818109A8888
S21402C840BDF81A609142CED3DB889942CBD8964285
S21402C850C9D39E42C7D832462846CDF8008007ABD9
S21402C8603C44FFF774FBA4B2D8E74FF42053ADF86C
S21402C87010300223711C0093284604AB89B200F0E4
S21402C88086FE04460028B4D041F20A139C42CBD05E
S21402C890ABE703A8AEE783691B780A2B02D00F3BEF
S21402C8A0012B01D8FFF788BB7047F0B585B001931E
S21402C8B0836917461A7804460A3A0A9E072A42D815
S21402C8C0DFE802F004413041410441290198039017
S21402C8D002F05CFD85B203A802F0D3FC26B1314615
S21402C8E02046FFF785FB0FE0A1697A194B8992B2C1
S21402C8F093420BD90A8201F10E032046098900F001
S21402C90078FE01460028EBD105B0F0BD0121204695
S21402C91000F0A9FEF5E72EB91A8A0198BA420BD0A2
S21402C9204FF48166019B03A8039302F0AAFC3146EA
S21402C9302046FFF741FBE7E7DA89596902F031FD45
S21402C9400028EDD1EEE701A802F09BFCDCE738B543
S21402C9508269044613780D460D2B12D00F2B01D098
S21402C9600A2B12D1536933B1997902F114000B44A0
S21402C970DD6802F086FC29462046BDE83840FFF70F
S21402C9808ABFBDE83840FFF717BB38BD07B500239E
S21402C99000921B22FFF73BFB03B05DF804FB07B5D2
S21402C9A083695980009200231D22FFF730FB03B0F3
S21402C9B05DF804FB4B88052B05D108880E288CBF32
S21402C9C000200120704700207047F8B505460F4644
S21402C9D0164604210A22002002F0D8FE0246B8B10A
S21402C9E0847905210C3403194FF0060C0020997047
S21402C9F0D87002F804C013241C7102245F715870A8
S21402CA00D8719C7128461E81BDE8F840E7F7E0BE63
S21402CA10F8BD73B50546104601920C4602F0B6FC08
S21402CA20042186B2019802F0F4FD024628B901A854
S21402CA3002F027FC1A2002B070BD837901900C33F5
S21402CA40C1184C80C65221462846E7F7C1FE002090
S21402CA50F1E72DE9F04106468846174604210A22E8
S21402CA60002002F093FE0246B8B1857900240C3508
S21402CA704319052106209970DC7050550120187163
S21402CA8002205C70987183F805803046DC711F8145
S21402CA90E7F79EFE2046BDE8F0811A20FBE700205D
S21402CAA070470020704707B501A8019202F0E9FB23
S21402CAB003B05DF804FB7047002070470F207047F4
S21402CAC00F207047704710B588B0E8F7D5FD0446CA
S21402CAD000284AD090F87200022848D1A36813F4BE
S21402CAE0407F2AD094F87320012A32D194F9750037
S21402CAF0421C01D1D9052CD594F8743013F00103E9
S21402CB0027D1CDE90133CDE90433CDE90633ADF8BB
S21402CB100C30FDF754FAA36888B9DA0519D5A06A6D
S21402CB20E16A01AB03C3228E1A802046BDF80420B8
S21402CB3004AB0DF10601EAF775FA08B010BDDB0585
S21402CB40EDD40A22022194F9750001ABFDF71FFA13
S21402CB50EBE7002345F217021946204600F03CF99F
S21402CB60B0FA80F040094000E7E72120E5E702201E
S21402CB70E3E738B545F21B020C460B460021054694
S21402CB8000F02AF930B92CB121462846BDE83840D3
S21402CB90EAF7BEBD38BD00F04EB900F066BC00F044
S21402CBA06FBC10B504464C30FDF7EAF984F8750000
S21402CBB02046BDE8104000F033BC10B50446FDF731
S21402CBC0B6F902280DD194F8733094F97000012B4F
S21402CBD014BF0521032184F83210BDE8104000F08E
S21402CBE067BCA36843F40073A36010BD00F054B999
S21402CBF038B5037804463E2B0D4604D18378052BC0
S21402CC0002D0ED2B0FD038BDB0F80300E8F726FDB2
S21402CC1020B1B4F80D10621D00F0A4F92846BDE854
S21402CC20384002F02EBBB0F80300E8F717FD0028E4
S21402CC30F4D0B4F80D1004F10F03621D00F095F95C
S21402CC40ECE7CB0448BF41F48061C160704710B581
S21402CC50044645F21A0102F0E6F92046BDE8104005
S21402CC6047F23053002245F21A01F7F78BBC10B593
S21402CC700A4604460821002002F088FD10B1837996
S21402CC8003441C7310BD38B505460C460D20112111
S21402CC90FFF7EDFF024688B12146837903440D3340
S21402CCA004F1100051F8044B814243F8044BF9D1C9
S21402CCB02846BDE838400621FFF7ABBE38BD38B57A
S21402CCC005460C4604201121FFF7D1FF024688B123
S21402CCD02146837903440D3304F1100051F8044BC6
S21402CCE0814243F8044BF9D12846BDE83840062174
S21402CCF0FFF78FBE38BD38B505460C460320112116
S21402CD00FFF7B5FF024688B12146837903440D3307
S21402CD1004F1100051F8044B814243F8044BF9D158
S21402CD202846BDE838400621FFF773BE38BD37B542
S21402CD30002205460821104602F028FD0446C0B12E
S21402CD400C2301220DF107018DF8073002F05BFD7E
S21402CD50296C20225431204602F055FD296C2022EF
S21402CD607431204602F04FFD224606212846FFF780
S21402CD7050FE03B030BD08B5D0B2E8F77DFC28B14E
S21402CD8090F8773003F07F0380F87730012008BDF3
S21402CD9070B50546EAF7AEFD0C4606460A46284634
S21402CDA045F20101B0472B6C03B11C60324628469F
S21402CDB02346BDE870404FF4A041184770B51546AB
S21402CDC0044638B1EAF796FD2A4603462046BDE8F1
S21402CDD070401847022070BD114608B51A4621F069
S21402CDE00041FFF7EBFFB0FA80F0400908BD10B42F
S21402CDF0C4691CB95DF8044B0180704700235DF8D6
S21402CE00044B1A46F9F777BF08B50B460146184693
S21402CE10F7F710FF003818BF012008BD10B504460A
S21402CE20006838B11A2102F03EFD2068F7F7E2FEEC
S21402CE300023236010BD30B58BB00D46002201A939
S21402CE40EAF70AFF044620BB01460D220DF10B004D
S21402CE5001F0AEFEB5F803206B79ADF8082006A9FE
S21402CE60019A02A88DF80A30EAF75CFD40F2034305
S21402CE70BDF81820002818BF1C469DF81A3010214D
S21402CE8002A82A80AB7002F00EFD102106A802F05E
S21402CE900AFD20460BB030BD10B50446EAF708FD81
S21402CEA004F13400FFF7BAFFA3685A0606D523F04A
S21402CEB0400300212046A360E7F758FC236C63B1C9
S21402CEC0D3F89400F9F7AEFB0421206C02F0EBFCD9
S21402CED0206CF7F78FFE0023236410BDF7B50D46CE
S21402CEE069461646EAF7B8FE044698B9294610225D
S21402CEF0009801ABF9F7F5FB07461021284602F029
S21402CF00C4FC2FB11021284602F0CDFC40F20744A3
S21402CF1006B13760204603B0F0BD38B50446C51CDE
S21402CF2003212846FFF770FFC8B9E27863797AB919
S21402CF3022791A43F4D003F07F0343F0400363716F
S21402CF405323A3712146BDE83840FF20FFF773BF85
S21402CF50FF2AF0D122791A40FF2AE1D0EBE740F20D
S21402CF60074038BD0021E7F701BCF8B51D468368C7
S21402CF7004465B060F4616462DD41A2002F0CFFC56
S21402CF800146606320B92046BDE8F840E7F7EEBBED
S21402CF90034623F8027B326805F11001C0F802202E
S21402CFA072685A602A46636B0A3352F8040B8A4246
S21402CFB043F8040BF9D11021284602F074FCA3684A
S21402CFC043F0400213F4407FA26004D02046BDE83E
S21402CFD0F840EAF733BFF8BD2DE9F0419CB015469C
S21402CFE008AA1C4606460B469046239F01F1200ED1
S21402CFF09446186859680833ACE8030073456246DD
S21402D000F6D12021404602F040FC10AB2A469C4650
S21402D01005F1200E1D4610685168083203C5724598
S21402D0202B46F7D16046202102F02FFC18AA944620
S21402D030229B03F1100E154618685968083303C57B
S21402D04073452A46F7D16046102102F01EFC04AA58
S21402D0502346154604F1100C14461868596808331E
S21402D06003C463452246F7D11021284602F00DFC80
S21402D0706B46502241462846EAF74CFD04461021EC
S21402D080284602F010FC5021404602F00CFC34B157
S21402D09008213046EAF7D2FF1CB0BDE8F081039BB8
S21402D0A038463B60042102F0F0FB6846102102F08D
S21402D0B0FAFB224645F214013046FFF77FFEEBE705
S21402D0C02DE9F04796B01D46DDE9229705AB0646E8
S21402D0D00C469E46DDF8908002F1100A9C461068C7
S21402D0E051680832ACE8030052456346F6D17046F2
S21402D0F0102102F0CAFB09AA2B46944605F1100E2F
S21402D100154618685968083303C573452A46F7D189
S21402D1106046102102F0B9FB0DAA94461E9B03F14D
S21402D120100E154618685968083303C573452A4613
S21402D130F7D16046102102F0A8FB9DF87C30D9F8A2
S21402D14000008DF844309DF8803006218DF8453079
S21402D1509DF8843012908DF8463099F8063012A861
S21402D16083F00803C3F3C0038DF84730B9F80430E0
S21402D170ADF84C3002F089FBBB79062183F0080338
S21402D180C3F3C0038DF84E303B680DF14F00CDF867
S21402D1904F30BB8804F11007ADF8533002F075FB30
S21402D1A001AA23461546144618685968083303C46C
S21402D1B0BB422246F7D11021284602F066FB4346C0
S21402D1C0412205A92846EAF7A5FC0446102128466E
S21402D1D002F069FB412105A802F065FB34B1082183
S21402D1E03046EAF72BFF16B0BDE8F087404610211E
S21402D1F002F04BFB224645F213013046FFF7DEFDF6
S21402D200F1E72DE9F3411D46089B0446884616467B
S21402D21090F873705BB110211046FFF7F5FD30B140
S21402D2200821204602B0BDE8F041EAF707BF236CAA
S21402D230013EDA1C681E133312F8011F16F801CFDE
S21402D2409A4281EA0C0100F8011FF5D100234046FC
S21402D25001A90193EAF7B4FC48B10198F9F7E2F99B
S21402D26008212046EAF7EAFE02B0BDE8F081294628
S21402D2702846019AEAF756FB0028EED1022F0CBF89
S21402D2800023062304F159022B4404F15F0012F82E
S21402D290016F1978904281EA060103F8011BF6D164
S21402D2A0022F14BF0023062304F152022B4404F17A
S21402D2B0580012F8016F1978904281EA060103F8C5
S21402D2C0011BF6D129462846019AEAF72BFB0546AA
S21402D2D00198002DC2D1F9F7A5F92A4645F21001A8
S21402D2E02046FFF76BFDBFE72DE9F04196B01546E5
S21402D2F005AA1C4606460B4690461D9F01F1200EC7
S21402D3009446186859680833ACE8030073456246C9
S21402D310F6D12021404602F0B8FA0DAB2A469C46CA
S21402D32005F1200E1D4610685168083203C5724585
S21402D3302B46F7D12021604602F0A7FAAEB3336C33
S21402D34093F85D31013B022B2FD89DF8703043F0E5
S21402D350800301AA8DF854301546234604F1100CBA
S21402D360144618685968083303C463452246F7D141
S21402D3701021284602F089FA3B46412241462846B9
S21402D380EAF7C8FB04461021284602F08CFA41212F
S21402D390404602F088FA54B11EB108213046EAF738
S21402D3A04DFE204616B0BDE8F0810023D1E71021DD
S21402D3B0384602F06AFA002EF3D0224645F21101F0
S21402D3C03046FFF7FBFCECE7ECF75CBCB1F5A04F90
S21402D3D070B504460D4616460AD045F20603994233
S21402D3E016D0324629462046BDE87040EBF776BC9A
S21402D3F0836843F08003836090F87330012B03D177
S21402D400BDE87040EBF778BABDE87040EBF7B8BC01
S21402D41093791344597C41F49051EAF779F9E0E79D
S21402D420002310B50364044690F97500431C13D01C
S21402D430E6F798FA082204F11003114694F97500EB
S21402D440FCF7A5FD94F91330012B07D194F874303C
S21402D45043F0020384F87430002010BD022BFBD187
S21402D46094F8743043F00A03F4E74B88062B05D190
S21402D470088841288CBF0020012070470020704792
S21402D48007B58B790A460B440191197C4B1E0D2B6E
S21402D49004D801F5A0410131FFF790FC01A801F084
S21402D4A0F0FE03B05DF804FB70470020704770473B
S21402D4B0704770B504460E46154605210022042024
S21402D4C0FDF795FC014618B1A0F80160A0F80350DC
S21402D4D02046BDE87040FDF7E2BCF7B51D460023C6
S21402D4E0044600930F46164607210620BDF8243050
S21402D4F0089AFDF7A0FC014628B1A0F80170A0F832
S21402D5000360A0F80550204603B0BDE8F040FDF7E2
S21402D510C6BC73B515461A460023044600930E464B
S21402D520082005219DF81830FDF785FC014618B144
S21402D530A0F80160A0F80350204602B0BDE8704093
S21402D540FDF7ADBC38B5002204460D460A2003217D
S21402D550FDF74DFC014608B1A0F801502046BDE893
S21402D5603840FDF79CBC70B504460E4615460521AC
S21402D57000220C20FDF73BFC014618B1A0F8016022
S21402D580A0F803502046BDE87040FDF788BC73B58E
S21402D59015461A460023044600930E46102005211F
S21402D5A09DF81830FDF747FC014618B1A0F8016057
S21402D5B0A0F80350204602B0BDE87040FDF76FBCED
S21402D5C073B50E46002144890546033CA4B2A34225
S21402D5D0009128BF234603211220FDF72CFC0146AA
S21402D5E008B1A0F80160284602B0BDE87040FDF719
S21402D5F056BC2DE9F3410546984683690F4658699D
S21402D600164601F0C3FE6C8980B2053CA4B2844281
S21402D61028BF0446A8692146143002F093F8009009
S21402D62048B105220821002002F0B0F8019030B976
S21402D630684601F026FE1A2002B0BDE8F081009985
S21402D64001A801F005FF1620019A93790C33D11830
S21402D650D054A8F800402846A1F80170A1F803604B
S21402D660FDF71DFCE8E738B5002204460D461820F3
S21402D6700221FDF7BCFB014600B145702046BDE81D
S21402D6803840FDF70CBC70B5857904460C35461952
S21402D69001F07CFE625D431E013A9BB21C2A10D842
S21402D6A0DFE802F0110F160F180F290F2F0F400F89
S21402D6B0400F400F330F250F0F0F390F250F3E0F68
S21402D6C03E00002070BD042B14BF01200320F9E7A2
S21402D6D0022BF9E743B37278022A0AD0012A23D131
S21402D6E00222013B0232B3FBF2F102FB1133002BA2
S21402D6F0EAE71022F5E713F0030F14BF0120032018
S21402D700E0E78BB17278013BEDE76BB17278032AE2
S21402D7100AD9013BE7E7042B34BF01200320D1E7F7
S21402D720022BF9E70320CDE70120CBE74369406CE3
S21402D730DA1C1438B2FBF0F203EBC203CA1D033341
S21402D740B2FBF0F2B3FBF0F30132023301EBC2019B
S21402D75000FB0310704738B5446905462146FFF7BB
S21402D760E5FF6A6CE31D143AB3FBF2F3013304EBF4
S21402D770C304204438BD73B506460D460024F36B39
S21402D780012201A928195B699847019B013309D137
S21402D7900434736C62195B426A401A42EFD0204628
S21402D7A002B070BD0024FAE770B505460C46DAF7FB
S21402D7B03DF9EB6B2046DB68BDE87040184770B554
S21402D7C0002586B004460562E369AB4202D8206AA9
S21402D7D006B070BD666C0522206801A9E36B06FBE5
S21402D7E005005B69984701A800F010FC00F033FCC6
S21402D7F010B1236A013323620135E5E738B50446E2
S21402D800456C006804F1400305FB0101E06B00F083
S21402D8102FFC05462046FFF7D2FF284638BDF0B556
S21402D820054687B00026EC69013CB44203D80C4694
S21402D830204607B0F0BD01B14C1E6F6C0522286869
S21402D84001A9EB6B07FB04005B69984701A800F08F
S21402D850DDFB00F000FC0028EAD101362146E2E7B3
S21402D860F0B5044687B0466C0D4600680522E36BA9
S21402D87001A906FB05005B69984701A800F0C6FBF4
S21402D88000F0E9FB20B101A800F097FB07B0F0BD5D
S21402D89029462046FFF7C3FF676C0646E36B2068FF
S21402D8A005225B6901A907FB0600984701A800F05C
S21402D8B084FB431CEAD0B54238BF0130E6E72DE9C7
S21402D8C0F043D0F824804FF6FF7987B004460E4620
S21402D8D0C84514BF454600250027E369BB4202D867
S21402D8E007B0BDE8F083E26B01A92368606CD2F84A
S21402D8F014C0052200FB0530E04701A800F086FBB5
S21402D900022806D0C8450CD1721C29462046FFF7CD
S21402D91075FF0135E3690137B5FBF3F203FB1255D8
S21402D920DBE729462046FFF79BFFB0F1FF3F14BF17
S21402D930024632460132E8E70368F0B5CC1A436C79
S21402D94087B006460025B4FBF3F4F36937685A1E1F
S21402D950706C954208D3706C336800FB043007B0D5
S21402D960BDE8F04000F082BB013401A9B4FBF3F23B
S21402D97003FB1244F36B05225B6900FB04709847B5
S21402D98001A800F043FB00F066FB0028E3D1013556
S21402D990DBE710B423F003049B07436C2244C3F175
S21402D9A000030A4418BF043282EA0104234203D069
S21402D9B05DF8044BFFF7C0BF10465DF8044B704796
S21402D9C02DE9F041D0E90A3686B004469E4228D1B7
S21402D9D0C3691422456802FB1355284606B0BDE803
S21402D9E0F081206801A9676C331AE26BB3FBF7F388
S21402D9F0D2F8148007FB03000522C04701A800F0F6
S21402DA0005FB012804D0636C1D44013B3340ED1A2C
S21402DA1031462046FFF790FF0646A36AB342E0D19E
S21402DA20DBE70025F9E7F0B5002587B004462E4669
S21402DA30E369B34202D8284607B0F0BD636C0522FC
S21402DA40276801A903FB0677E36B38465B699847AC
S21402DA5001A800F0DBFA00F0FEFA58B1384600F0F2
S21402DA6005FB01462046FFF786FE636C143B8342A5
S21402DA7008BF01350136DBE708B508301346D1E9A1
S21402DA800012EEF75FFE012008BD13B50C4600211A
S21402DA9021760093134661682246EDF7DDFB18B146
S21402DAA0E37D03B1A07EA075A07D02B010BD73B564
S21402DAB000F1080516460C460DF1070209682846CD
S21402DAC000F0A1F9032E06D16368834203D12168D0
S21402DAD0284600F07FF9012002B070BDD01E009BE0
S21402DAE042424241187E824211D11A688A420ED8B8
S21402DAF05A688A420BD35A6901325A61D3E9030241
S21402DB0082423FBF986840F8221001321A61012013
S21402DB107047032A10B5029C07D1A26A5340626C72
S21402DB205242134201D100F055F9012010BD08B54A
S21402DB30C36800209847BDE80840D9F77FBF012890
S21402DB4070B514BF04200220002442431C70CC7D12
S21402DB50101D02F002024CB91AB1012220F0030095
S21402DB601A7000F108034868184470BD1AB1012201
S21402DB7020F003001A700C7E002301F12005DAB2B1
S21402DB80944201D80020F0E735F833205E1C82422A
S21402DB9006D901EBC30300F10802D8691044E4E792
S21402DBA0801A3346EBE773B590F8426005461C468A
S21402DBB00DF103033046FFF7C2FFEB6B012E5B69E4
S21402DBC00DD1324601A998479DF8033013B1BDF82E
S21402DBD006300193BDF80430236002B070BD012206
S21402DBE0214602B0BDE870401847F0B5054600244D
S21402DBF087B04868EB6B27460E4601225B6902A98E
S21402DC0008300294984795F84230012B40F0848001
S21402DC10632C02D9029807B0F0BD612C08D805AB78
S21402DC20224631462846FFF7BEFF9DF814301BB346
S21402DC3005AB2246314628468DF81070FFF7B3FF33
S21402DC4095F84230012B059B55D14FF6FF72934251
S21402DC5000F09680082205A904A800F05EF9059B4C
S21402DC609DF81010C3F30722914240F08980DBB280
S21402DC70029A1A44029283E095F84230012B30D180
S21402DC8003AB224631462846FFF78DFF04AB621CE3
S21402DC9031462846FFF787FF05ABA21C31462846C9
S21402DCA0FFF781FF102208230DF107000DEB02019A
S21402DCB08DF8073000F031F9102205A90DF10700A2
S21402DCC000F02BF9039BDAB2002A52D19DF8072006
S21402DCD0B2EB132F4DD1DDE9043203EB024302937C
S21402DCE047E0302C2BD944E09DF80720B2EB134FC7
S21402DCF03FD1049BF3E7013342D0102205A90DEB76
S21402DD00020000F00AF9059B9DF81010C3F30742C3
S21402DD10914235D19BB2ABE7312C3FF67BAF87D031
S21402DD2005AB224631462846FFF73DFFBDF81430C4
S21402DD30002B7FF47DAF95F84230012BA0D003ABC9
S21402DD40224631462846FFF72EFF04AB621C3146B8
S21402DD502846FFF728FF102320220DF107000DEBBF
S21402DD6003018DF8073000F0D8F8039B9AB2002A18
S21402DD70BAD095F84230012B14BF012302231C446B
S21402DD80013440E713B500240194049C0094EDF797
S21402DD90F7FD02B010BD13B501240194049C009453
S21402DDA0EDF7EEFD02B010BD30B5002344684FF02B
S21402DDB0FF329C4202D10023037230BD016801EBA0
S21402DDC0C30541F8332001336A60F2E7C0E9001266
S21402DDD0FFF7EABFF0B5002345689D4210D00468FD
S21402DDE0DF0054F8332004EBC306B2F1FF3F08D03D
S21402DDF0C2F31302914204D14FF0FF33E351736032
S21402DE00F0BD0133E9E7F0B5002345689D4202D133
S21402DE104FF0FF300EE00468DE0054F83340671C13
S21402DE2009D0C4F31307B94205D1240D1470036850
S21402DE3033445868F0BD0133E8E713B500230446BF
S21402DE4001461B220DF107008DF8073000F065F839
S21402DE5022689DF80730B3EBD26F0CBF012000207A
S21402DE6002B010BD13B500230446014620220DF170
S21402DE7007008DF8073000F050F80DF107001A225F
S21402DE80211D00F04AF862689DF80730B3EB926FE6
S21402DE900CBF0120002002B010BD0068431C58428F
S21402DEA058417047006810F07E0F0CBFC0F3C16087
S21402DEB0002070470068C0F3D3107047006800F077
S21402DEC07F0001288CBF002001207047036813F0F2
S21402DED07E0F14BF042008207047036813F07E0FDD
S21402DEE003D1406820F07C40704713F078001CBFD6
S21402DEF003F07F03D81F7047006800F07F0070476A
S21402DF00032809D0022803D1C1F10201C8B2704722
S21402DF1000290CBF0720002070471F2A0B689EBFEF
S21402DF204FF0FF3191408B43590801F055315B1A8F
S21402DF3003F033319B0803F033330B44017803EBD1
S21402DF4013130A444FF0013103F00F334B43A2EB95
S21402DF5013620270704737B501F10C040546436937
S21402DF606946012220469847BDF80030012201A9E1
S21402DF7001932046AB69984703B030BD37B501F12F
S21402DF800C04436901226946054620469847009BD1
S21402DF904FF6FF7299B291420DD11B0C012201A9D4
S21402DFA020461B0443F4254343F0A5030193AB69C3
S21402DFB0984703B030BD0020FBE737B5044600257E
S21402DFC01B22011D0DF107008DF80750FFF7A5FF74
S21402DFD060689DF80720B2EBD06F03D120F078403E
S21402DFE003B030BD0DF107001B2204F108018DF8C5
S21402DFF00750FFF792FFA0689DF80730B3EBD06F8B
S21402E00001D1C043EAE74FF0FF30E9E703684BF27D
S21402E0109A22B2EB134F10B5044613D19BB2012BD2
S21402E02013D1FFF7CAFF01300CD0E0684FF6FF723B
S21402E030B2EB104F4FEA104309D180B2C01A18BF94
S21402E040012010BD2368013303D00420F9E7022023
S21402E050F7E70320F5E701288CBF00200120704770
S21402E060033801288CBF0020012070471430704707
S21402E0702DE9F04105469846036908460E461746BE
S21402E0809847044638B943463A4631462846EEF79C
S21402E09035FC044618B131462846FFF75CFF204699
S21402E0A0BDE8F081022070470020704701207047CB
S21402E0B00020704700207047704737B504460D466B
S21402E0C001A8F0F741FC01A8FFF7F6FF204601A9D8
S21402E0D08DF80650EEF70CFD03B030BD084611462B
S21402E0E0EEF7E4BD7047431E012B03D9031F5842C7
S21402E0F0584170470120704700F0C1BB4FF4C4720C
S21402E100002100F055BD10B50446002100F085F848
S21402E1102046BDE81040F0F755BBEFF7F3BEEFF729
S21402E120F7BEF8B505460E46EEF788FDD5F8C030C0
S21402E13073B15B6963B1F2F7EBFAD5F8C03040F21F
S21402E1406B125B6942211B1A58425841EEF756FF82
S21402E15000224FF6FF734FF0240CF768D0B2B84295
S21402E16008D31C4621462846EEF7F0FE00F08AFB4E
S21402E1702046F8BDB1680CFB0011CC899C4202D245
S21402E180002CEFD023460132E8E7EEF7DFBE008B25
S21402E19070470A7838B505461046FFF7A4FF60B107
S21402E1A04C782046FFF79FFF38B12243530704D42A
S21402E1B02846BDE83840EFF7CBBE012038BDFFF752
S21402E1C0E8BF10B504460878FFF78DFF58B14A78C5
S21402E1D01046FFF788FF30B1042A04D02046BDE877
S21402E1E01040EFF7EBBE012010BDFFF7EABFEFF7D6
S21402E1F0F7BB0846F1F748B8EFF772BD70B50446AC
S21402E2000D461646EEF7A2FE30B93246294620469D
S21402E210BDE87040F4F7D8B870BDF0F73BBDF3F731
S21402E220E5BB38B5044600200D4600F029FBD4F8BD
S21402E230D4302BB929462046BDE83840EFF78ABFCE
S21402E240022038BD38B5044648880D4600F018FB53
S21402E250D4F8D4302BB929462046BDE83840EFF72B
S21402E260E3BE022038BD00F00CBB00F07FB900F020
S21402E27012BB38B505460C46F6F7D6FF2B6B1C408C
S21402E280EB6A2343EB62F6F7D3FF211E18BF012188
S21402E2900020490238BDF0F73FBAEFF7A9BC00F0FC
S21402E2A0B3B900F0D5B908461146F1F7C5BAF0F78A
S21402E2B085B800F06FB938B50446154609B100F0C6
S21402E2C0E7F925B12046BDE83840F0F76FB938BD0A
S21402E2D000F0ECB900F0F6B90846F1F705BE10B545
S21402E2E0044600F08BF820B92046BDE81040EEF751
S21402E2F061BF10BD00F0D3BAF2F7AEB82DE9FF4108
S21402E300984604460E461746F6F795FF05462046FB
S21402E310FFF7E5FF0A9B3A46029300233146CDE912
S21402E32000832046EEF794FF04462846F6F789FF58
S21402E330204604B0BDE8F08138B50446F6F77BFF08
S21402E34005462046FFF7CBFF2046EEF75FFF044662
S21402E3502846F6F776FFB4FA84F0400938BD38B599
S21402E3600446F6F768FF05462046FFF7B8FF204644
S21402E37000F053F804462846F6F763FF204638BDF9
S21402E38038B50446F6F757FF05462046FFF7A7FFBF
S21402E390204600F048F804462846F6F752FF204684
S21402E3A038BD70B504460E46F6F745FF05462046CC
S21402E3B0FFF795FF31462046EEF798FF04462846BB
S21402E3C0F6F73FFF204670BD134607B500228DF8CC
S21402E3D007100DF10700194600F01EFA03B05DF8AB
S21402E3E004FB084611461A4600F016BA002070478B
S21402E3F001207047F0F784BE00F0B7B9EEF714BEFE
S21402E40010B5F6F718FF044600F015F8EEF732FEE0
S21402E4102046BDE81040F6F714BF024608B5EEF7F0
S21402E42003FE507D08BD024608B5EEF7FDFD507DA1
S21402E43080F0010008BD00F032BAEFF7EBBC00F046
S21402E4406BB8437C03B108470220704710B50446F8
S21402E450F0F7BEFD2046BDE810400321EFF71ABBD9
S21402E460FFF7F4BF437C0BB1F0F778BD022070478C
S21402E470437C0BB1F0F796BD0220704738B5447C5A
S21402E4800D46BCB1053C012C8CBF00240124496812
S21402E4902246F0F7D7FD286890FAA0F0000AF2F7B5
S21402E4A057FBA97A2889224681F00101F0F7FAFD86
S21402E4B0002038BD0220FCE71FB5ADF808309DF8F5
S21402E4C01830CDE9001269468DF80A30FFF7D6FFFC
S21402E4D005B05DF804FB002070470020704702215B
S21402E4E00120EFF71FB87047436B03F06003402B21
S21402E4F00DD0602B03D0203B58425841704749B19B
S21402E5000B68012B06D9486940F00100704740F2BB
S21402E51001107047002070470220F1F717BFD0F8AD
S21402E520C8304BB11A68022A06D993F8250028B1DA
S21402E5301B6AB3FBF0F07047FFF7EFBD7047D0F8E9
S21402E540C8207AB11368022B0CD9536A13F47F4F92
S21402E550C3F3072106D0126ADBB253438B42B3FBE6
S21402E560F1F201D2FFF7DBBD104670470346D0F842
S21402E57004010860B3F8083100208B80704790F8D9
S21402E58004310E2B14BF807DFF2070474FF480713C
S21402E590F4F7B0BEF8B507460E468D88EFF7BEFC18
S21402E5A07F7C0446082F737C4FEAC5051ED1012BDB
S21402E5B0014604D80120F3F76BFB033502E0002086
S21402E5C0F3F766FB03230544B371DCB1B5F5803F70
S21402E5D018D84FF22442630902FB05332409B3FB21
S21402E5E0F4F300203268D21A3260F8BD053FFFB25B
S21402E5F0012F01468CBF00200120F3F749FB012FB3
S21402E600E0D8DAE70220F0E7084610B510F0030477
S21402E61011461BD13F2B15D9B3FA83F3C3F1190266
S21402E620D2B2062A01D8192B0ED0062A28BF0622F5
S21402E6300124931DDBB29C40A4B2A14228BF21460E
S21402E640F0F786FE204610BD2246F1E70024F9E7E1
S21402E650084611F0030110B518D113883F2B15D9BF
S21402E660B3FA83F3C3F11904E4B2062C01D8192BCA
S21402E67003D0062C214628BF062101238C1DE4B2B6
S21402E680A3401380F0F782FE002010BD0120FCE7B5
S21402E690EFF7FCB810B5144608460121F2F7FEF86B
S21402E6A02046BDE810400121F2F7F8B810B50A017D
S21402E6B01021F4F70BFE0446F4F726FE201E18BFC0
S21402E6C0012010BD1021F4F715BEF8B504460E461B
S21402E6D01746F6F7A9FD3A4605463146204600F0AB
S21402E6E07CF904462846F6F7A3FD2046F8BD02202C
S21402E6F0704703207047F1F721BE10B5F0F7AAF96C
S21402E700044608B9F3F752FE204610BD38B5044653
S21402E7101D46F0F79FF928B929462046BDE838403D
S21402E720F3F718BF38BD8021F4F7E4BD38B50546C7
S21402E730EFF7CAF904462846EFF7A4F9072811D1DD
S21402E740D5F8C43024F47F41DB6921F0080103B117
S21402E7505B7841EA032141F020012846BDE83840B3
S21402E760EFF7B8B924F02001F7E7F0F7C9BC38B5DF
S21402E770054610460C46F0F737FD65B1D5F8C430AD
S21402E7804BB15B693BB12268013204BF6FF00102F4
S21402E790226022681A60002038BD002070472DE9EA
S21402E7A0F74F01251C469DF8303006460193036854
S21402E7B0174603F0070306339D4005F1FF380B4664
S21402E7C0A1B1416804EA080BA5EB0B0A41F0005917
S21402E7D0524509EB0B0114D95246184600F0F3F9DC
S21402E7E049467A1B5A44504400F0EDF9019B2BB17E
S21402E7F03C4448EA050804EA0804F46003B0BDE8AD
S21402E800F08F1846F0E737B5002514460095FFF757
S21402E810C6FF204603B030BD70B50E461546044608
S21402E82008B9002070BD0378042B18D02078F1F7C1
S21402E83009F9B0B923780E2BF3D10EB1FF2333704A
S21402E840CDB1FF232B7016E020780130C0B203282A
S21402E8502070EBD8F1F7F6F80028F5D0E6E70020AE
S21402E860F5E71EB12078F1F721F930701DB1207856
S21402E87000F009F828700120D4E7F0F7E7B97047EE
S21402E88070477047704710F0FD0F14BF4FF0FF300F
S21402E8900020C0B27047704700200021704708B5BC
S21402E8A0F1F76AFDBDE80840F1F7A4BD08B5F1F737
S21402E8B07BFDBDE80840F1F79DBD10B50446F1F7B3
S21402E8C05BFD844288BF01F1FF312046BDE810405F
S21402E8D001F00301F1F78EBD38B50446FFF7DFFFFE
S21402E8E00546FFF7DCFF431BA342FAD338BD08B543
S21402E8F021B1920000F067F9002008BD0120FCE774
S21402E9000B0CB3F5384FF7B506460D468FB216D048
S21402E9104BF60102934214D04BF60202934212D0F7
S21402E920B3F5304F14BF04240324D6F8C4300BB119
S21402E930196851B9D6F8C0309BB928680FE0002490
S21402E940F3E70124F1E70224EFE7234668463A4656
S21402E950F1F7A8FD9DF804300098002BEAD103B029
S21402E960F0BD19680029E8D0234668463A46F1F712
S21402E97099FD9DF804300098002BDED1EFE700F0F9
S21402E9803003202B10B513D110F4E02FC0F302444D
S21402E9900AD0C0F3C423B3FBF4F410F4C01F18BFAC
S21402E9A06400052C0ED86408F2F744F8604310BDE4
S21402E9B06FF01204C0F382131C4104F00104C4F188
S21402E9C00204F1E70424EFE74FF0384359699A69E5
S21402E9D003F500530A405A617047F7B505460F46DD
S21402E9E068461146F2F71CF9064698B197B1DDE97A
S21402E9F000311B0A43EA0163A5FB0343090A05FB30
S21402EA000135F1F785FE0023024629462046F4F733
S21402EA10C3FC3860304603B0F0BD03207047704731
S21402EA2030B14FF47A735843A0F57A60F3F724B8FE
S21402EA3049F64040FAE7F3F7CBBFF3F7C9BFF3F75F
S21402EA40C7BFF3F7C5BFF3F7C3BF00228A4202D19E
S21402EA504FF0FF30704750F8223093FAA3F30BB909
S21402EA600132F3E7B3FA83F000EB4210704700205E
S21402EA70704770B5A1FB02543CB92946F4F768FE0C
S21402EA80064628B90026304670BD0C220260F9E719
S21402EA902A46214600F08CF8F5E72DE9F8430746AA
S21402EAA0884614460026D4E90195B9F1010905D530
S21402EAB02468002CF7D13046BDE8F883AB89012BD9
S21402EAC007D9B5F90E30013303D029463846C04778
S21402EAD006436835E9E710B50C46B1F90E10F5F7AE
S21402EAE03FF80028ABBF636DA3891B1823F480533D
S21402EAF0ACBF6365A38110BD2DE9F0411F468B892B
S21402EB0005460C46DB05164605D502230022B1F95A
S21402EB100E10F5F713F8A3893246B4F90E102846FC
S21402EB2023F48053A3813B46BDE8F041F5F73AB89B
S21402EB3010B50C46B1F90E10F5F700F8431CA38980
S21402EB4015BF606523F4805343F48053A38118BF36
S21402EB50A38110BDB1F90E10F4F7E0BF01390244EB
S21402EB6010B5904201D1002005E0037811F8014F5C
S21402EB70A34201D0181B10BD0130F2E7884210B53F
S21402EB8001EB020402D98442234607D8431EA1425F
S21402EB9008D011F8012B03F8012FF8E702440146CA
S21402EBA08A4200D110BD13F8014D02F8014DF7E775
S21402EBB002440346934200D1704703F8011BF9E76B
S21402EBC07047704770470A44431E914200D170470F
S21402EBD010B511F8014B914203F8014FF9D110BD5F
S21402EBE09368013B002B936010B408DA9469A34241
S21402EBF001DB0A2903D15DF8044B00F098B91368CB
S21402EC00581C1060084619705DF8044B7047F8B53A
S21402EC1006460F461446D518AC4201D1002007E03E
S21402EC203A4614F8011B3046FFF7DAFF431CF3D1CD
S21402EC30F8BD2DE9F047164698468A6807460B69DE
S21402EC400C46DDF820909342B8BF1346336091F825
S21402EC5043200AB1013333602368990642BF336802
S21402EC6002333360256815F0060506D104F1190A49
S21402EC70E36832689B1AAB422BDC94F84330226876
S21402EC80003B18BF0123920630D404F143024146EA
S21402EC903846C847013023D023681A3454F80A2C61
S21402ECA003F00603042B0ABF54F80E5C00253368F3
S21402ECB04FF0000608BFED1A54F8123C08BF25EACA
S21402ECC0E5759342C4BF9B1AED18B5421AD10020CF
S21402ECD008E00123524641463846C847013003D170
S21402ECE04FF0FF30BDE8F0870135C1E7E1185A1C46
S21402ECF030200233224481F8430094F8451082F80B
S21402ED004310C2E70123224641463846C84701302F
S21402ED10E6D00136D9E7B1F90C202DE9F041170704
S21402ED2005460C4656D44B68002B02DC0B6C002BB7
S21402ED303DDDE66A002E3AD0002312F480522F6898
S21402ED40216A2B6025D0626DA389580705D56368B2
S21402ED50D21A636B0BB1236CD21A216A0023E66ABD
S21402ED602846B047411C24D00023636023692360F1
S21402ED70A389DA0400D56065616B2F60B9B104F12E
S21402ED804403994202D02846F4F742FF0023636305
S21402ED900DE001232846B047461C0246D4D12B6814
S21402EDA0002BD1D01D2B01D0162B2AD12F6000208C
S21402EDB02EE02A68B4F90C3042B11D2A01D0162A78
S21402EDC021D10023636023692360D5E7626022694C
S21402EDD02260CEE70F69002FE9D093070E680F6016
S21402EDE00CBF4B690023A6EB07088B60B8F1000F37
S21402EDF0DDDD43463A46216A2846A66AB047002821
S21402EE0008DCB4F90C3043F040034FF0FF30A38126
S21402EE10BDE8F0810744A8EB0008E7E738B50B69C0
S21402EE2005460C4613B90025284638BD18B1036AB4
S21402EE300BB9F4F79DFDB4F90C30002BF3D0626EDB
S21402EE40D00704D4990502D4A06DFFF7BAFE28466F
S21402EE502146FFF760FF636E0546DA07E4D4A3890E
S21402EE609B05E1D4A06DFFF7ADFEDDE770B50C465D
S21402EE70B1F90E1096B0154600291E460CDAA38983
S21402EE80002113F0800F14BF40234FF4806300204C
S21402EE9031602B6016B070BD6A46F5F79DF9002802
S21402EEA0EDDB019901F47041A1F500535942594135
S21402EEB04FF48063EBE78B89F7B59D0706460C4651
S21402EEC007D504F14703236023610123636103B07E
S21402EED0F0BD01AB6A46FFF7C9FF009F0546304604
S21402EEE03946F4F735FC48B9B4F90C309A05EED435
S21402EEF023F0030343F00203A381E2E7A389206021
S21402EF0043F08003A381019BC4E904075BB1B4F913
S21402EF100E103046F5F772F928B1A38923F00303E1
S21402EF2043F00103A381A3891D43A581CFE7F8B56A
S21402EF300E461446054618B1036A0BB9F4F718FDD7
S21402EF40A369A360A3891A0701D5236943B9214699
S21402EF502846F5F7EBF818B14FF0FF373846F8BDFC
S21402EF602368F6B222693746981A6369834205DC3B
S21402EF7021462846FFF752FF0028EDD1A368013B41
S21402EF80A36023685A1C22601E70431C62699A4260
S21402EF9004D0A389DB07E1D50A2EDFD12146284615
S21402EFA0FFF73CFF0028D9D0D6E7C9B20346024491
S21402EFB010B59342184601D1002003E004780133CD
S21402EFC08C42F6D110BD430803F05533C01A00F048
S21402EFD03333800800F0333018444FF0013300EB2F
S21402EFE0101000F00F305843000E704710B504465C
S21402EFF078B1036A41696BB1806898470023207E26
S21402F00063611028636004D82146F5F703FC1123D8
S21402F010237610BD0029F1D08368002BEEDB08466C
S21402F020F5F7E8FDEAE7002307B51A46019101A9BC
S21402F030F5F736FA03B05DF804FB1FB50024029418
S21402F0409DF81C400194069C0094F5F7AFF904B0B5
S21402F05010BD13B507240194049C0094FFF7EDFF3E
S21402F06002B010BD002307B50093FFF7F2FF03B00E
S21402F0705DF804FB03680B60016070472DE9F04100
S21402F0800E46174600240546006808B9BDE8F0811A
S21402F090D0E90083B3420BD18368BB4208D154B98E
S21402F0A0C5F80080C368DB0701D5F5F7A3FD204647
S21402F0B004464046E9E7C4F80080F3E7D1E90112C6
S21402F0C0FFF7DCBF002370B51A46194605460468EA
S21402F0D0F5F7E6F90CB92C6070BDE3682668DB0725
S21402F0E002D52046F5F786FD3446F3E72DE9F843C8
S21402F0F00E461746054610B90020BDE8F883046898
S21402F100002CF9D0D4E900893B4632462946A0684D
S21402F110C8470028F1D14446F2E72420704738B5A4
S21402F120054614460A460021FFF742FD24F01C0459
S21402F1306B7944F0100443F004032C716B7138BDF4
S21402F1402DE9F74F1F469DF830308A4680460093D9
S21402F150002850D0002967D00C68002C66D04FF0EB
S21402F160000BE679A179761AF6B2BE4208D30C31C4
S21402F170394408EB020945462144F61BC84537E0E8
S21402F1802068A346BF1B002835D00446E9E7AB1922
S21402F190994538BFA9EB050632462846FFF713FD08
S21402F1A0009B002B3DD0E279A079F3B237BB18441E
S21402F1B0A071E279A37927689A4232D1DAF8003050
S21402F1C0A34208BFCAF80070BBF1000F01D0CBF80B
S21402F1D000702046F5F780FB3C4635444CB10027CC
S21402F1E0A379E67903F10C01F61A2144F6B24D45ED
S21402F1F0CDD3A5EB080003B0BDE8F08F121AD2B249
S21402F200F918914209DA0C302044D21BD21A014472
S21402F21038440193FFF7B2FC019BE279D31AE371FB
S21402F220C7E7A3462468D8E70846E4E72046E2E7AD
S21402F23010B5C4790246C4F14503D8B2884228BF45
S21402F24008460444D47110BD38B50546C079C0F1ED
S21402F2504504E4B2944288BFD4B20C302246284415
S21402F260FFF7B1FCEB7920462344EB7138BD1FB59E
S21402F27003910021009103A9FFF762FF05B05DF834
S21402F28004FB38B50446206800B938BD0568F5F7B2
S21402F29023FB2560F7E7034610B501F0EC0103B93E
S21402F2A010BD1A7902F013020A431A711A1A54424E
S21402F2B054415A7964F300025A711B68EFE710B59D
S21402F2C058B1016802685AB1136823B15C79E40741
S21402F2D004D5002414600360084610BD0360F1E7FD
S21402F2E01346F8E7034658B10020DA7999791B6885
S21402F2F0521A50FA82F01BB15A79D207F5D57047E6
S21402F300704770B50D460446E8B186798E4203D33F
S21402F310751A8571012070BDC27906F145039B1AE4
S21402F320DBB299420FD806F10C010144921BA81BCE
S21402F330D2B20844FFF722FC0023A371E3791D44EE
S21402F340AD1BE571E6E70020E5E710B50C4698B17F
S21402F35091B18979E279C379521AC3F14503D2B2DF
S21402F360DBB2934208D30C312144FFF76DFF2046EF
S21402F370F5F7B2FA012010BD0020FCE7034600684C
S21402F38018B102681A600023036070470346002023
S21402F39003B97047DA7999791B68521A50FA82F0E3
S21402F3A0F6E72DE9F84F894614468246FFF7EEFF48
S21402F3B005464846FFF7EAFFA542074601D3A042A4
S21402F3C008D2BD4208D10024A346A046264647B925
S21402F3D0384604E02746F6E738D24FF0FF30BDE85D
S21402F3E0F88F5EB99AF806809AF80760A6EB0806C8
S21402F3F008F10C08D044DAF800A0F6B2BBF1000F10
S21402F4000BD199F8064099F807B0ABEB040B0C3415
S21402F4104C44D9F800905FFA8BFB5E45354628BF10
S21402F4205D46BD4228BF3D4621462A464046FFF776
S21402F43095FB0028D3D1A8442C447F1BEDB2761B43
S21402F440ABEB0505F6B25FFA85FBC0E70120C6E71F
S21402F45003680BB9016070471A461B68002BFBD184
S21402F46011607047036803B10B600160704739B1E1
S21402F4700B461A461B68002BFBD10368136001601B
S21402F480704770B5046806460D4644B12046FFF73D
S21402F4907DFFA84211D8236813B9E379A37170BD22
S21402F4A020463360F5F718FA3468F4E7ED1A236855
S21402F4B020463360F5F710FA3468002DEFD0A279B3
S21402F4C0E3799B1ADBB2AB42F0D92A44A271E6E793
S21402F4D0F8B5066805460C4646B13046FFF756FFB5
S21402F4E0A0421DD8336813B9F379B371F8BD30461C
S21402F4F02B60F5F7F1F92E68F4E7064638460768FA
S21402F500002FFAD1C2798379D31ADBB2A34202D989
S21402F510121BC271EAE7E41AF5F7DEF93EB137606C
S21402F520002CE3D028680028E0D00026E7E72E600B
S21402F530F6E7F8B504460F46BC4200D1F8BDA179FD
S21402F540E5796D1AEDB2C5F14506B6B20EB9246874
S21402F550F2E749B10C312A46214404F10C00FFF7C8
S21402F5600DFB0023E571A3712368BB42EFD05A79E5
S21402F570D207ECD49979DD79A0796D1AEDB2B5424D
S21402F58028BF3546E2790C3010440C312A4619441D
S21402F5902044FFF718FBE379206853FA85F3E371FA
S21402F5A08379761B53FA85F5C379EDB2AB42B6B2D0
S21402F5B0857103D103682360F5F78EF9002ED3D147
S21402F5C0C5E738B50C46016809B9046038BD0D4672
S21402F5D009680029FBD1236823B12046FFF7A9FF5B
S21402F5E02C60F3E721462846FFF7AFFE0028EDD150
S21402F5F0F6E748B1002302794360036083604379EB
S21402F600027143F004034371704700221146F5F776
S21402F610BFB938B504460D46FFF773FE98B984B1F4
S21402F6202079FFF7F2FF58B163794279C3F34003BA
S21402F63063F3410245235D1B04604271C371857109
S21402F64038BD0120EDE72046FAE738B503680446E0
S21402F6500D469BB11879FFF7D8FF88B12368427927
S21402F66003605B79C3F3400363F3410245235D1BEA
S21402F6704271C37185712060002038BD0120EAE71F
S21402F6801920FAE738B50C46054640B3006830B391
S21402F69009B9002038BD4AB9C9B2FFF732FE0028C0
S21402F6A0F7D12B689A799871A41A06E0452918D8DA
S21402F6B0C9B2FFF726FE0028EBD1442C07D8002C4F
S21402F6C0E7D02846E1B2BDE83840FFF7BEBF452185
S21402F6D02846FFF7BAFF0028DCD1453CEDE722209A
S21402F6E0D8E72120D6E72DE9F84390F8078090F86E
S21402F6F006900446A8EB0907FFB2B9420D4602D3AC
S21402F7000020BDE8F8830079FFF77FFF0646002851
S21402F710F6D0A17980790C317F1B29440C30BAB21D
S21402F72021443044FFF74FFAF37901203B44F3714A
S21402F730E37999444D442368A5EB0805E5713360E7
S21402F7402660DEE7F8B5076806460D463C46002307
S21402F75005B12CB90BB100221A6034603846F8BDE8
S21402F760E379A2799B1ADBB2AB4207D8E379A27996
S21402F7709B1ADBB2ED1A23462468E9E72046E9B273
S21402F780FFF7B1FF0028F1D10746E7E75318452BEC
S21402F79002DCC9B2F5F7FCB800207047F7B50026C0
S21402F7A005460F4601960DB9019C09E0002238462F
S21402F7B01146F5F7EDF8044628B901A8FFF761FDF2
S21402F7C0204603B0F0BDAB798371EA79C2716879DD
S21402F7D06179D21A60F30001617169796079C1F3C7
S21402F7E0400161F34100607103F10C002918D2B2A6
S21402F7F02044FFF7E8F9019B03B9019406B134608F
S21402F80026462D68CFE72DE9F8430D4614460646F0
S21402F81010B319B3DAB1034699461B68002BFBD125
S21402F8202746C8463A4629464046FFF70DFDC145DB
S21402F830A7EB0007054418BFC9F8008037B10022BD
S21402F840B1793079F5F7A4F8C14618B9E41B204619
S21402F850BDE8F8838046E5E70446F8E70C46F6E797
S21402F86037B51546C9B200221C46F5F791F8019045
S21402F87040B122462946FFF7C6FF844202D901A8B4
S21402F880FFF7FFFC019803B030BD034610B50139FF
S21402F8901A1A914200D810BD445C1A7803F8014B3C
S21402F8A042540139F4E700230144884200D17047EC
S21402F8B000F8013BF9E738B505460C4604B938BDF1
S21402F8C0013C55F834305B68002BF7D09847F5E7D3
S21402F8D02DE9F0410446002654F836302BB904F1DF
S21402F8E00408B34203D100250FE00136F4E754F8CA
S21402F8F033205F1C12685AB158F833009047054609
S21402F90030B139462046FFF7D6FF2846BDE8F081DB
S21402F9103B46E6E770477047704770477047F5F713
S21402F9204BB938B50446FAF702FA054658B9C82064
S21402F930E2F7E2FEC82202212846E2F79DFE844252
S21402F940A8BF044624B22046E2F7D6FEFAF7EFF93D
S21402F950BDE83840C8220221E2F78EBEB0F9002088
S21402F960B1F900302DE9F0479A4204460D4648DCCC
S21402F970F5F761FC8046DDF757FE00283ED1E2F738
S21402F98071FE8246FAF7D3F9C8220221E2F774FE24
S21402F99047F6FF73B5F9002081469A4202D1E2F794
S21402F9A085FE288047F6FF73B4F900209A4202D1FA
S21402F9B0E2F776FE2080B5F90000FFF7B2FFB4F951
S21402F9C0003007468342C8BF2080B4F90000E2F741
S21402F9D073FEF7F7DFFE064658B15046E2F76CFEB6
S21402F9E04846E2F789FE4046F5F72BFC3046BDE86E
S21402F9F0F087E2F737FE20802F80F4E741F20C060C
S21402FA00F1E72126F2E700000000000000000000F7
S21402FA1000000000000000000000000000000000DF
S21402FA20F8B500BFF8BC08BC9E467047F8B500BFE4
S21402FA30F8BC08BC9E4670475FF800F0F50D002043
S21402FA405FF800F09D0E00205FF800F03D0D0020EC
S21402FA50000000000000000000000000000000009F
S21402FA60000000000000000000000000000000008F
S21402FA70000000000000000000000000000000007F
S21402FA805B445D20000A424C45204D4F44554C4590
S21402FA902D2D2D2D4D41494E200A000A424C45205F
S21402FAA04D4F44554C452D2D2D2D4C4F4F50200A71
S21402FAB0000A2D2D2D2D2D2D2D2D2D2D2D2D427562
S21402FAC074746F6E20707265737365642D2D2D2DA0
S21402FAD02D2D2D0A000A2D2D2D2D2D2D2D2D2D2DC2
S21402FAE02D2D427574746F6E2072656C6561736538
S21402FAF0642D2D2D2D2D2D2D0A000A2D2D2D2D2D6B
S21402FB002D2D2D2D2D2D2D30303030427574746FE5
S21402FB106E20707265737365642D2D2D2D2D2D2D1F
S21402FB200A000A2D2D2D2D2D2D2D2D2D2D2D2D306E
S21402FB30303030427574746F6E2072656C65617316
S21402FB4065642D2D2D2D2D2D2D0A000A2D2D2D2DE2
S21402FB502D2D2D2D2D2D2D2D333333427574746F8F
S21402FB606E20707265737365642D2D2D2D2D2D2DCF
S21402FB700A000A2D2D2D2D2D2D2D2D2D2D2D2D331B
S21402FB803333427574746F6E2072656C656173658B
S21402FB90642D2D2D2D2D2D2D0A000A2D2D2D2D2DCA
S21402FBA02D2D2D2D2D2D2D323232427574746F6E01
S21402FBB020707265737365642D2D2D2D2D2D2D0AE3
S21402FBC0000A2D2D2D2D2D2D2D2D2D2D2D2D3232A4
S21402FBD032427574746F6E2072656C65617365640B
S21402FBE02D2D2D2D2D2D2D0A005B435D20002E2E52
S21402FBF02F6170702E630025733A2564203A2573B0
S21402FC003A20007363005374617475733A20257347
S21402FC10203D203078253034782000417373657299
S21402FC2074696F6E206661696C656400736C5F62EE
S21402FC30745F6F6E5F6576656E7400342E342E3395
S21402FC40002E2E2F736C5F676174745F7365727615
S21402FC506963655F6465766963655F696E666F7220
S21402FC606D6174696F6E2E6300736C5F6761747486
S21402FC705F736572766963655F6465766963655FFF
S21402FC80696E666F726D6174696F6E5F6F6E5F65C7
S21402FC9076656E7400000000B8FC020018001800BA
S21402FCA058FE02000E000E0056FE02000000000083
S21402FCB00100FFFFFFFF0000010000000108FFFF38
S21402FCC00000000038FE0200020002000108FFFFEA
S21402FCD00500000020000A0003000A000008FFFFDB
S21402FCE001000000700C002004000D000308FFFF56
S21402FCF00300000002000000050002000108FFFFEA
S21402FD000500000002000B0006000B000108FFFFC2
S21402FD10010000007A0C0020070002000108FFFF25
S21402FD20050000000A000C0008000C000308FFFF94
S21402FD3001000000900C0020090000000108FFFFEF
S21402FD40000000003CFE02000A0002000108FFFF5D
S21402FD50050000000A0003000B0003000308FFFF73
S21402FD6001000000980C00200C0002000108FFFFB2
S21402FD7005000000020004000D0004000108FFFF59
S21402FD800000000040FE02000E0000000108FFFF17
S21402FD900000000044FE02000F0002000108FFFF00
S21402FDA00500000002000500100005000108FFFF24
S21402FDB00000000048FE0200110002000108FFFFDA
S21402FDC00500000002000600120006000108FFFF00
S21402FDD001000000AC0C0020130002000108FFFF27
S21402FDE00500000002000700140007000108FFFFDC
S21402FDF001000000BA0C0020150002000108FFFFF7
S21402FE000500000002000800160008000108FFFFB7
S21402FE1001000000C40C0020170002000108FFFFCA
S21402FE200500000002000900180009000108FFFF93
S21402FE3001000000D00C0020020001180200001889
S21402FE400200000002000A180C0053696C69636F16
S21402FE506E204C6162730000002801280328002AE5
S21402FE60012A292A242A272A262A232A052A2A2B4D
S21402FE70292B0229050000000000000000C2010034
S21402FE800005000000100000000000000000000056
S21402FE90DE0C00207D720000AB4E0200054F020011
S21402FEA0174F0200A54E0200E60C00207D720000ED
S21402FEB0AB4E0200054F0200174F0200A54E02008D
S21402FEC0EE0C00207D720000AB4E0200054F0200D1
S21402FED0174F0200A54E0200F60C00207D720000AD
S21402FEE0AB4E0200054F0200174F0200A54E02005D
S21402FEF0130D0020594F02002173000049730000C1
S21402FF007B4F0200974F0200160D0020594F020049
S21402FF1021730000497300007B4F0200974F0200D6
S21402FF20190D0020594F020021730000497300008A
S21402FF307B4F0200974F02001C0D0020594F020013
S21402FF4021730000497300007B4F0200974F0200A6
S21402FF503F0028002920000013B779FAC925DDB72B
S21402FF60ADF3CFE0F1B614B80102000000000000C5
S21402FF70FFFFFFFF2000000001000000000000005D
S21402FF80000000000000000000000000000000006A
S21402FF90000000000000000000000000000000005A
S21402FFA000000000000000001E0000031B500200BC
S21402FFB017500200F54F0200F34F0200E9790000E5
S21402FFC025500200AD7900002C000000020002015C
S21402FFD00009007F080003000100000FE8FF02008E
S21402FFE00000000000000000E1FE59FF8FFFADFF99
S21402FFF0C1FFD0FFDCFFE4FFEBFFF2FFF6FFFAFFE4
S214030000FDFF0000030005005500EDFEFF00640041
S2140300101E0000007F001B0DD063FDFF3600B703F4
S2140300204DDAFFFF1C005901EC3600001100BD003D
S214030030C83B00000B0071001435000007004900A0
S214030040352C0000050037000526000003001400C9
S214030050FF14000000000000000000000000004045
S21403006000000000010000007C000300C000000048
S214030070000000000000100020000000FFFFFFFF4C
S2140300800000000100000000000000000000000067
S214030090FFFFFFFFFFFFFFFFFFFFFFFFFFFFFFFF68
S2140300A000000000FFFFFFFFFFFFFFFFBCE6FAAD07
S2140300B0A7179E84F3B9CAC2FC6325516B17D1F206
S2140300C0E12C4247F8BCE6E563A440F277037D8162
S2140300D02DEB33A0F4A13945D898C2964FE342E2FC
S2140300E0FE1A7F9B8EE7EB4A7C0F9E162BCE33576A
S2140300F06B315ECECBB6406837BF51F5FFFFFFFFCF
S21403010000000001000000000000000000000000E6
S214030110FFFFFFFFFFFFFFFFFFFFFFFC5AC635D8B9
S214030120AA3A93E7B3EBBD55769886BC651D06B031
S214030130CC53B0F63BCE3C3E27D2604B6BC0BCE103
S2140301402A459991E134741A7F9E1925AE2D8A5754
S2140301501E03AC9C9EB76FAC45AF8E5130C81C4691
S214030160A35CE411E5FBC1191A0A52EFF69F244576
S214030170DF4F9B17AD2B417BE66C37103FF1CAA1CF
S214030180681FAC09120ECA307586E1A72B7E1516BA
S21403019028AED2A6ABF7158809CF4F3C6C5C5854F3
S2140301A0801024FFFFFFFFFFFFFFFFFFFFFFFFFFA0
S2140301B0FFFFFF00000000000120000000200000F9
S2140301C000000000619F00000040025C0000000089
S2140301D00000001001030401010109030B000000E5
S2140301E00B000000020000000000202000000000BA
S2140301F0030000008C8C3C000000000000000000A0
S2140302000000000001041040010000000500020089
S21403021000030000800403005C040300D003030013
S214030220F003030004040300A804030040040300CF
S2140302302C040300000000009404030000000000E8
S21403024070040300000000006403030000000000C5
S2140302501804030000000000200403000000000050
S214030260E4030300A8020300BC040300AA0203007D
S214030270540403000000000000000000000000001B
S214030280000000004E0C000000000000000000000C
S21403029098FC0200000000000000000004000000BC
S2140302A000000000E2FF500001000400FB001414ED
S2140302B000001C2030401C2000001C2030405053FF
S2140302C041004B45590000010102010202030102ED
S2140302D0070B0B0701160C000001080800000501B8
S2140302E008FFFF02FFFF0808020204FF010022FFC7
S2140302F0FFFFFFFFFF030404FFFFFFFF2AFFFF14B8
S21403030019191B011C15120400480C141315108030
S2140303101A80128080000F0E0C080C080D181001AE
S21403032002040400F4010000FA0000009600000036
S214030330640000004B000000320000001E000000B6
S21403034014000000000000000101500040000800F7
S2140303505000240004009001500240009001AE01BA
S21403036010000000753601000000000000497253BB
S21403037014497207FF000102030405FF14530072B9
S2140303804907CDF627A90200494A0100B9600100D2
S21403039025A90200C7AA0200C1AA020055640100EB
S2140303A0F1CB02007BAA0200C3AA0200C5AA020080
S2140303B06FAA0200BDAA02005D45010077A70200EE
S2140303C0B146010001020C00000004000000080012
S2140303D00400000000000000000000000000000011
S2140303E000000000FBA8020000000000A0010401BA
S2140303F0560000000000000000000000000000009F
S21403040000000000050000000000000000000000DF
S21403041000000000000000000000000000000000D4
S21403042057AA020000000000A01305000A000000FF
S21403043000000000000000000000000000000000B4
S214030440090000000000000000000000000000009B
S214030450000000005DAA0200000000000F0000007C
S2140304600000000000000000000000000000000084
S21403047067AA020000000000000000000000000061
S2140304800100000000000000000000000000000063
S214030490000000007D4B010000000000A0010107E2
S2140304A0A00001040204080006000000000000008B
S2140304B0000000009D4C0100654C0100CD4C01007E
S2140304C000000000A0030601A0090609A002060812
S2140304D0A0050607A0050606A0070605A002060453
S2140304E0A0010610A00A0602A00D060000000402E2
S2140304F00503060107010108090A0000A0015C02C2
S214030500A0035C01A0025C00A0020F09A0030F0475
S214030510A0030F03A0050F02A0010F01A0050F0003
S214030520A0040108A0020105A0030106A012010011
S21403053001010204200C0403C94901002000040140
S214030540F549010020025602994A0100200256018D
S2140305506D4A010020050A024D4B010020000115DB
S214030560294C010062676170692062756666657270
S21403057073000100020000000000000003000000FA
S2140305800D00030002000100050067617474206318
S2140305906F6E6E656374696F6E00000000FB349BBC
S2140305A05F800000800010000000000000000000D4
S2140305B0B5C9020061B002009BCB02009FCA0200CD
S2140305C0E69D350E480103CCDBFDF4AC1191F4EF48
S2140305D0B9A5F9E9A7832C5E2CBE97F2D203B02007
S2140305E0008BD28915D08E1C742430ED8FC24563E0
S2140305F0765C15525ABF9A32636DEB2A65499C8026
S214030600DC006C888391AAF5A53860370BDB5A604B
S21403061083BE00000001000100050100050202037D
S21403062000020000000000020501000500000100B2
S21403063001000001000102020300020000000000A6
S2140306400202010002BF01FB9D4EF3BC36D874F5CF
S214030650394138684C8BD28915D08E1C742430ED02
S2140306608FC24563765C15525ABF9A32636DEB2A86
S21403067065499C80DCE69D350E480103CCDBFDF422
S214030680AC1191F4EFB9A5F9E9A7832C5E2CBE97BC
S214030690F2D203B0203F49F6D4A3C55F3874C9B37A
S2140306A0E3D2103F504AFF607BEB40B7995899B8A6
S2140306B0A6CD3C1ABD000000A0010A05A0030A044B
S2140306C0A0080A03A0070A02A0060A01A0070A0058
S2140306D0A0030906A0060905A0070904A004090348
S2140306E0A0050902A0060901A003090002020300EF
S2140306F00000000021CA010069CA010015CA0100F2
S21403070075CA01005DCA0100FDE2020039E302007A
S2140307105FE3020081E30200A3E3020051DE01006F
S21403072009DE010015DE0100E9DE010019E502001D
S214030730A5E00200A9E00200B5E00200ADE0020079
S214030740B1E002000000000088010000E00F002076
S214030750E1FE000002000080FF7F00000080FF7FB4
S2140307600E025241494C0000A0000000ADD5010026
S2140307705000000025D50100000000010000010123
S214030780000101015DD8010041D80100990D020066
S21403079041100200790F020001010203000000016C
S2140307A01F150F15150F151FFFFFFFFFFFFFFFFF99
S2140307B0FFFFFFFFFFFFFFFFFFFFFFFFFFFFFFFF41
S2140307C0FFFFFFFFFFFFFFFF00A801A802A800002E
S2140307D000B801B802B800B0EC3A0300043B0300CB
S2140307E01C3B0300343B03004C3B03000304040898
S2140307F008050000000000000000000000000000E4
S214030800B8320000F8040000B0370000040000000F
S214030810303E00000300000000000000B832000075
S214030820343E000000000000343E0000410000009B
S21403083000000000303E0000853200009D320000BC
S2140308409D3200009D3200009D3200009D32000064
S2140308500000000000000000000000000000000090
S2140308609D3200009D3200009D320000112B0000D7
S2140308709D3200003B2C00004B2C0000D12C0000C6
S214030880192D00009B2D0000012F0000BB2D00003A
S214030890912F0000072E0000452E0000B92E000001
S2140308A0F1300000C53100000D2C00007128000057
S2140308B0212400008F280000012900009D3200003B
S2140308C0D92900009D2900009D3200009D320000BA
S2140308D0212A00009D3200009D3200009D32000058
S2140308E0F90F0000E90F0000031000000D100000D0
S2140308F0171000008C488068000200D4704780B54B
S21403090080208002A8490860CF2000F04BFA01BD82
S214030910F8B586480068864C802292032260854E8E
S214030920316809051DD5110BA023034001D02160B2
S21403093017E002403FD180277F4A17607F4A17603F
S214030940084038D0784D287A400705D501207C49E1
S214030950086000027B4908602878002801D0062832
S21403096001DB0020F2BD00F057FB716889684E6812
S2140309702978052907D1B905A1606E60B668CC2130
S2140309808901704A116000F050FB012E00DA02263E
S214030990BC2080058549086094208005844908604A
S2140309A065480021C94301647142416481490F606F
S2140309B040210160D5E7B1480160FFF79BFF0120A6
S2140309C0F2BD5A480168890504D5C06E0004000FBD
S2140309D0022801D0002070470120704738B58024D4
S2140309E05548046000F018FB05007348006800F0E3
S2140309F065F9280000F019FBFFF77CFF4A48007AE8
S214030A00000705D5A0004A49086000F0E6FB31BDA3
S214030A1060039A490860B048046031BDFEB505001E
S214030A20CC20800196494860012696480660FFF769
S214030A30C8FF002877D03C4C2078002873D03102BA
S214030A400195052802D02A460A406CD1CC27BF015F
S214030A508B4A1760A14A126853075B0F022805D119
S214030A60022B5ED3080137490860F7BD4D01032802
S214030A7004D1022B55D933480560F7BD042802D1AB
S214030A8011404ED0F7BD05284BD10198002848D019
S214030A90C005C10F684641700198C004C10F68467F
S214030AA0017000F0B9FA0290606869464978002937
S214030AB003D006688021214A11602C0488496A46BF
S214030AC01278002A0CD0C2680B68D21AA74B1B6890
S214030AD0234001D0066800E04668964200DD160013
S214030AE0684640786A461278024308D0086842424D
S214030AF0B01E824202DA7042886000E00026029846
S214030B0000F093FA0198800501D59948046001988E
S214030B10054001D097480460002E02D009480760BC
S214030B20F7BDFFF75BFFF7BD343E0000400002A8A9
S214030B30402002A8C43E00000CC001A890E001A813
S214030B4094D000A8505201A838B580248A4804607F
S214030B5001204C490860894D2878052802D060009A
S214030B6087490860FFF72DFF002812D01248006857
S214030B70000A80214140A868000EC9B2814208D20B
S214030B80564800684007400F022802D2FFF726FFA8
S214030B9031BD7C480168C0220A4002D1C06F2040A4
S214030BA001D00448046031BD1C1002A808E001A867
S214030BB008D001A894D001A818C000A8F1B582B047
S214030BC00F008026B600A020384002D06E4806608C
S214030BD052E000F021FA00906C480468F80202D54F
S214030BE0A0680069029000F045FBB102606800F05F
S214030BF06FF9227820000021521C4378934200D2DA
S214030C00002218235343C5180C352B78082BF3DA28
S214030C101400027085602878584A10703E400CD045
S214030C2000F0FAF9594909688968CE6800F0FDF9B9
S214030C30F80201D403208643310050488160012620
S214030C400846304003D100F0D2FB00F07BFFF104EE
S214030C50686900F03DF93C2000F0A4F8E0B200F02B
S214030C60A1F8009800F0E1F93005474908604848C4
S214030C7006603002024908600298FEBD401002A8D2
S214030C804C6201A894E000A810B5424800688005AD
S214030C9001D4FE2010BDC02080033F49086000F049
S214030CA0BBF93A4909688A78D20702D589688C78ED
S214030CB000E00C7800F0B9F9200010BD334909684C
S214030CC08A688B78DB0704D5927818235A438A18E8
S214030CD00C32906070470000100002A8084001A87C
S214030CE048C001A8F1B582B02C4F3C680026200FFF
S214030CF0000702D1E00102902AE000F023FF00F093
S214030D008BF9019080210903606800F0E1F82578EB
S214030D106D1C6078A84200D20025E80020180C302D
S214030D20009000680290802109030098406800F054
S214030D30CFF83D2000F036F8E8B200F033F825701F
S214030D400098A060019800F070F902A800F05EFF1A
S214030D5013480068800407D5786901F026FC0299D9
S214030D600818029000D502960298FEBD480002A815
S214030D70481002A8482002A894E001A8343E0000C8
S214030D80506201A814C001A8402002A8C83E000073
S214030D9090E000A8400002A8401002A8CC3E000045
S214030DA0FC0302A841490968002901D540490860A7
S214030DB07047F3B581B03F4FB9683F4C4A004CD5F6
S214030DC00125090100D5212501003C4A1068566813
S214030DD022689206920E94463A6893008022134045
S214030DE062461343802252001A4300920A0023D01D
S214030DF0890601D5012008E0F021014007D16946A4
S214030E00097A0C220A4002D0022000F03FF82C494F
S214030E10096809040AD53968090701D5022605E0D9
S214030E203968490301D5002600E003264835009AB1
S214030E3024490968890003E0009A2249C969090917
S214030E404023194011439A00002E02D0164326660B
S214030E5008352166024322662566E06D4407640F63
S214030E6000F0C4F8A0070BD0052C09D0B86800041E
S214030E7006D400F0D1F80221134A116000F0D5F829
S214030E8000F0BDF8002000F001F8F7BD0B490A6832
S214030E90F0239A43000110430860C0B270478020D5
S214030EA0C0020A4908607047000000004C0002A810
S214030EB0884000A8440002A8284000A8683F000015
S214030EC0384101A8084001A87CD40350485000A824
S214030ED080B55E4A116001F093FBFFF7E0FF01BDAA
S214030EE0FEB500F099F802901020594908600023D7
S214030EF0584803600220584908605848C0684005AF
S214030F00C20DD52A01D2D52204E0D1204000824268
S214030F1000D9020010000100514C0194883C24685B
S214030F2064011DD54F4C0094251D4F4E3678062779
S214030F307E43AA530024019D2D7CE540ED070CD586
S214030F40009D06266643AD19AD888FB2BD4200D21A
S214030F50290086B2AE4200D22800641C022CEAD3D3
S214030F6089B246310904414C0C404638C005C00DD1
S214030F7020433A490860C02000063D4908603848C7
S214030F80017D00290CD03B49D52A02D98024E405EB
S214030F900C60D1246400A24202D2802424060C6092
S214030FA01021354C216035490B604188002900D15A
S214030FB00280029800F039F8F7BD80B53048314911
S214030FC008603148C1680902090A19225143416081
S214030FD005210160FFF784FF01BD2B480068C003AD
S214030FE000D4704780B5FFF77BFF01BD8020C002A9
S214030FF016490860254800684007FBD470478020E0
S214031000C00223490860704701E02249086022496C
S21403101009680140F9D17047204800682021204A1A
S214031020116010211F4A116070473021014002D120
S21403103010201B490860704718480068302101409B
S214031040102901D10120704700207047401002A8E4
S214031050F41302A8048002A8409002A87C40005023
S214031060743F0000603E00005C3E00000000FF018D
S214031070A0600050A4500050F42302A818E000E03B
S2140310807F1A0601500002A810E000E0400002A804
S214031090402002A8282002A8280002A85C0002A874
S2140310A05C2002A85C1002A8F8B54E4880214902CD
S2140310B0816102214C4A516000214C4A11604C4A1E
S2140310C011800321484A116002210160202049490A
S2140310D00860802048490860CC20800147490860A2
S2140310E00120474908604148806F00900F24070B92
S2140310F0274044480068C505ED0D103DC020284331
S214031100C0B2FFF74FFE40480068C00505D5092F5B
S21403111003D001F0ADFB01F0C9F800980440009439
S2140311203A4804680098032803D0022806D1032F00
S21403113035D000F0EBF90098032803D0062F2ED104
S214031140062D2CD0324800680104C90F01D001F0E7
S21403115081FD30480068000109D5052D07D101251A
S21403116001202D4908604005FFF74EFF00E00025EB
S2140311702100380000F0CCF90400284E002D06D0DC
S21403118000F068FB012030600220254908608020BB
S2140311908003706580092349086001F049FB124803
S2140311A080214902C161002F08D10221416000203D
S2140311B00E490861C020C0001B4908602000F2BD2C
S2140311C080B5FFF713FF19480078800602D4022083
S2140311D017490860FFF713FF01BD02201549086091
S2140311E0704700002C1002A8282002A8340002A88A
S2140311F0703E000094E001A80CC001A8506201A84C
S21403120094E000A804ED00E0B40002A8B44000A8EF
S21403121000E200E0EC3E0000645000A8646000A812
S2140312202C4000A880E200E02C6001A8C43E000029
S214031230081002A8082002A87F480068800700D488
S214031240704730B57D4804218C4A0123E024E4002E
S2140312508568254002D01360D160D36000680440DF
S21403126002D013605160536030BD85480121816010
S2140312700160704710B5012071498A680240FCD1AD
S214031280804A0423D3600C680440FCD1536010608A
S21403129010BD7D4908680122104200D1704710B581
S2140312A0E023DB000340FF24A41CA34204D3774BB4
S2140312B01B689B0600D54868024001D000F0ABF8D7
S2140312C010BDFEB50700C8207149086006207149A5
S2140312D00860802040037049086070480168704ABF
S2140312E00A4080210901114301606E4CC020C000F2
S2140312F020600225A56168036B4908606B4E6C4845
S214031300F0664C206B49C86638686B498968814229
S21403131001D2019100E001900199401A3860012141
S214031320380000F040FB6946087038680199401899
S2140313303860FFF781FF5F4800685F4908605F48D1
S2140313400168490601D55E4900E05E493167694692
S2140313500978002908D10321E16100683068054057
S21403136002D080208002206168460078FEBDF8B572
S2140313700400554D8020C001286054480121816235
S214031380534A11601F2303605623436606230366EE
S214031390504B1B68002B02D40823036643664E4B50
S2140313A00365C023DB004D4E3668F827FF01374040
S2140313B001D1836700E05361E86B014008D0286BD6
S2140313C0C00705D446480078800701D401F0E0FC46
S2140313D0444845490860FFF72FFF200001F084FDCD
S2140313E0286B8001FCD4286AC8490860F1BD3F48D1
S2140313F001214161C1603E4A3E4B5366364B13653D
S2140314000323036000203C4B186011609162C803FD
S2140314102D4908607047F0210901384A11600140E0
S2140314203748016020203749086037490968084073
S214031430B7490860704700004C0002A86C0102A878
S214031440700102A880B5B3480821B34A13680B405D
S21403145001D0016141611178C90602D586210901CF
S2140314600160FFF716FF1420AC490860AC4801681A
S214031470490701D0FF21416101BD0000681102A8A0
S2140314806C2102A8682102A8783F0000400002A849
S214031490548001A80C9001A8942002A8680102A811
S2140314A0FFF1FFFF441102A8A01002A8E40002A85F
S2140314B0294E0600300002A8A03F0000FC0302A845
S2140314C0CC3F0000C43F0000100002A8E01002A8B2
S2140314D0442102A828C000A80C1E0000A88001A86A
S2140314E03C3E0000FFFF7F7FB46000A8602102A897
S2140314F0E02002A85E060000400102A82C6001A8B6
S2140315002C5001A8442002A8084001A870470000F8
S214031510F8B586B005000C008248866AFFF77CFDA6
S2140315200590B00503D580480068FFF7C7FB002089
S214031530029001227306DB0F7C498E688860B82010
S21403154040007B4F38606708B82038400978F0279A
S2140315500F40402F02D10100402008430D2D02D139
S214031560310004260E43710704D5010014200843F6
S21403157010218C43AC4909686D462A700493019682
S21403158005006C4FC80506D580204000A2490860B8
S2140315902800012505430498002811D10C20284073
S2140315A008280DD028005F49496BCA0601D41022CB
S2140315B09043890601D420218843B12101405AD0A3
S2140315C068460078002859D0B86DC004C00C792846
S2140315D009D380250620534908606802A14908609C
S2140315E00020694608708120284049D008200499C5
S2140315F0002900D1386201990843019010208443E2
S214031600042003900005984908604008974908603D
S2140316100120974908606846007800282ED0039872
S214031620062833D39348806BC0062FD592480068AC
S214031630000E02908F480668B6B28F48006A00060E
S21403164003D0300080267601064301F060F80028B8
S21403165009D0FB2080010078C00604D03000802625
S214031660F6010643B6B23E61301238616E48016831
S214031670C80587D40AE0082039460862009531E099
S2140316808FA06906C90E405C0390C4E700950398D3
S2140316902449CB6A784A12683D686E46B581282588
S2140316A01D400543980CC00128431D001B0E2B400C
S2140316B010252B400343900040221040184303AAF2
S2140316C09070086B000A03A9C870FFF7DDFA03A938
S2140316D008710298487169480068C8800398F866DC
S2140316E00498F8660598FFF7A0FC0820610601D564
S2140316F05D498860624908600198C1B20098C0B22B
S214031700FFF757FB200007B0F0BD00009C3F00002A
S214031710441002A8301102A8F84F0000703F0000E2
S2140317200C4000A8180002A81CC000A8683F0000D0
S214031730B46000A8540000AAF8B5524F524C0F25C7
S21403174001265249606BC00621D501200870504817
S214031750006850490A68824204D289695118491CB4
S214031760081A00E0101A4C4909684018012852DB91
S21403177001F05EFE49490968090B0D40022D48D168
S2140317807105474A11601021F963266041E0E06B5A
S214031790C00026D543480068E021890501403AD0B9
S2140317A03E4C41480068C00504D42068000B28401E
S2140317B00228F5D03D480668FFF72EFC3C49F2B2F6
S2140317C00A603204120E0A603202120E0A60320EE9
S2140317D00A60FFF72AFC2068000B28400228DFD0A7
S2140317E0F1BD344C2068002815D00E7001F07CFB48
S2140317F0002810D101F01CFE28490968090B0D408A
S214031800022D06D13104264A1160022139600021D7
S214031810216001F011FEF1BD1C2100AA8020800486
S21403182025490860704700001C0100AA8020400478
S2140318302149086070478020C0041F49086070472C
S214031840802000051C4908607047802040051A491F
S2140318500860704719480168490701D0FF214161B4
S21403186070470000141100AA401002A8205001A8D7
S214031870006101A81C4000A8084001A8448001A8F4
S214031880845000A8082002A8100002A8733E000097
S2140318901CC101A820C001A8DC3E0000AC0002A8C1
S2140318A01C1002A8204001A8084000A8904000A8E9
S2140318B0640000AA483E0000382002A80C4000A896
S2140318C003010706030107060501060605010606CA
S2140318D003020706030207060502060605020606B6
S2140318E0FF2807D0032805D2AC490978C140C807AA
S2140318F0C00F704700207047F8B5802000020090A4
S2140319008E48038808208E4908600A220120012495
S214031910944000990C43A249B6A5AD5C25438D605F
S214031920F025A04E3560864DB5A6B65C0227374334
S2140319302F6004262E60814D9B4E3668064008D1E4
S2140319402E88F61AB6B2012E03D88E6C3603F3D45D
S21403195001E00220F2BD8D6CCE6C6D036D0BAE42C2
S21403196000D20094521ED2D508228E4B1A60009ADB
S2140319708A608E4A1268520113D58D4B5A78541CCE
S214031980012525405D70140006256C431C19096863
S214031990A1800099E1801A7080490B789040184323
S2140319A008700020F2BDF1B582B0FFF75EFC00249C
S2140319B07E480068400102D4012001901DE07D4866
S2140319C0826B00207A49C3B206256B43CB189B88EB
S2140319D095B2AB4204D0401CC3B2022BF3D3FF2014
S2140319E008700120019071480068400105D5087809
S2140319F0FFF776FF002800D001946F4800686F4910
S214031A0088616F4D02980068296D4618002E15DD13
S214031A1000F07FFD2860C001301A00280EDDFFF7B6
S214031A2029FC00F08FF802980068296D401801F031
S214031A305BFA010002D002990C60FEBD614F802064
S214031A40800038605D4A10680226072829D00521E1
S214031A500840052805D011600C2001F057FA010054
S214031A606AD1594D59482862FFF704FC2E60E020DE
S214031A70C00257490860000256494860300678603D
S214031A803E60012001F042FAF0012862022001F0D4
S214031A903DFA902040012862022001F037FA7002D6
S214031AA028624D4DE02040002860042001F02EFA05
S214031AB007003BD147480660B002A862C001A8628F
S214031AC010203C4908600126EE654025434800681F
S214031AD028401BD135480068400113D534480078A8
S214031AE06946087068460078FFF7FAFE002809D0B2
S214031AF02F4869460978062251434018C0882D4965
S214031B00086403E0FFF7F8FE07000FD129480660D4
S214031B10C467022001F0FAF9314C2560A800206062
S214031B20022001F0F3F98120C002A0620198002888
S214031B3001D0FFF752FA3800FEBD0000703E0000E9
S214031B40889001A870B5FFF790FBFFF793FB02267A
S214031B5018480660234DF0022862C4082C62012050
S214031B6001F0D4F9600828622E601F482862E0203E
S214031B7040001B490860174D2E60FFF737FA1B4ECF
S214031B803078002800D005200C490860FFF737FAA4
S214031B902C6017480068706370BD0000843F000027
S214031BA0448001A888A001A8140002A8EC3E000007
S214031BB05C3E00000C8001A8F80302A83C0102A8C2
S214031BC08C3F0000941002A83C1102A8BD08000038
S214031BD0142102A8942002A82C9001A84C0002A865
S214031BE02CA001A83C2102A8FD680000603F00006D
S214031BF0300002A8000000010102040810202000A3
S214031C00505050404040403020202000F8B504009B
S214031C10FFF730FB2948C021C900294A1268F82378
S214031C20DB01134002D1274A116000E001600094F3
S214031C302549AC2252008A640A220A60234980227C
S214031C4052030A60224C626A224B13408022D2005F
S214031C501A43626280222260022242605003C860F6
S214031C601D48E0601D4E4C20F0661D4D68699621A8
S214031C70C901471800980068874200D30700C01BB5
S214031C800099086000210098FFF78DFE0099096807
S214031C90C919009A11603168296012490968490612
S214031CA001D5114900E011492161F2BD80200001F0
S214031CB00F49086000010F4908607047582102A8C1
S214031CC0AC8001A8581102A80C8001A8941002A8A1
S214031CD0440102A8FFF1FFFF286E0600300002A8A9
S214031CE0903F0000FC0302A8CC3F0000C43F000066
S214031CF0401002A8685000A8F1B584B0BD4800683B
S214031D000290BD48006B9621C90140180499884289
S214031D1005D2081A01F0E8F8002800D027E2B74CED
S214031D206068C00700D522E20420B54988628003B4
S214031D30B4494862B44800680090606B8607B60FE3
S214031D401025032E02D0AE48856222E008466903BA
S214031D504162A26B920601D5012065E0009A120645
S214031D600FD5A36B022213400BD1A84B05271F6088
S214031D70A76B2F403A431A6000221A60626B120A5E
S214031D801A6004228262A06B002802D59C48416236
S214031D900026606B400704D5606BC000290108402D
S214031DA003E095488068C10701D5FFF734FBC149B6
S214031DB0009805220240052A07D1BF48B2018018C1
S214031DC0006AC004C00C401E08600020BB4AD26EE6
S214031DD012041AD5BA4A1268002A16D40122012020
S214031DE04969002911D0B7490A700021B64A116023
S214031DF0B6498D62C106B64A91670722B44B1A608C
S214031E000022B24B1A601A46D167B249C02292002A
S214031E100A603302002801D0100000E01800AE4D1F
S214031E2028604A606B600020E16B942292050A40AA
S214031E30150000D00125802636022843000637D039
S214031E4071482821405CC021014040290DD1FFF78D
S214031E50B7F96948C06D00906846FFF732FA002864
S214031E6076D10098FFF783FA01E0FFF7B6F9202052
S214031E7020602D0600D17AE1944D606B400708D5AB
S214031E807008604948620220E86200F05DFA0028A4
S214031E9006D004205A49886240025A494862EE62D4
S214031EA059480078000600D461E130015449FFE048
S214031EB00125606828404BD1AE480068C005400F36
S214031EC0022803D0032801D0062802D169464D70A4
S214031ED005E0002069464870A748A849486068049A
S214031EE048498862FFF782F8E06B064006D1FFF7A1
S214031EF093F80221A24A1160FFF797F8FFF77FF8DD
S214031F00280320609F4EC0200006706028049B496B
S214031F100860606B4007C10F68460170E027FF0248
S214031F203020029949072FD54021A54A116249015D
S214031F30924A11660321A24A91640021116030601F
S214031F408E48456580207060062000F0DFFF00287D
S214031F5000D00CE1894D80204000E866022000F0A6
S214031F60D5FF8020400097498866182070600820B7
S214031F7000F0CCFF0028EBD1242070609148C765A1
S214031F80A020C002286672E0E16BC90249D5C049A9
S214031F9049680902090E01914909022901DB8A49A8
S214031FA001E0B3218900019A302A3AD3124A1288F3
S214031FB0E72A36D395235B009A4205D89A1A120964
S214031FC05143890A4B4204E0804BD218120951430D
S214031FD08B0A5BB20199C918074A126B9446064AE4
S214031FE0D26B53436246D218034B1A639F290FD30F
S214031FF09F2110E0FC0302A8743F0000100002A813
S2140320001C2002A81C1002A8C43E0000E40000AA7C
S214032010202900D821210A020A4309041143274A2A
S21403202011606749AA020A629A4A8A6414220A60FD
S2140320303060524845656348C765A8034F498866BC
S21403204040027060062000F061FF002831D12D06A3
S2140320504A48C566022000F059FF5A488566680953
S2140320607060082000F052FF002822D1756003201C
S21403207000F04CFF88481649886700F04AFA874DF7
S214032080401DC001296B47188548406F8021C90150
S21403209008400190084683490860049887421ED288
S2140320A0296B401A00F020FF002817D001987E49BC
S2140320B008605CE0204000A80C0000AACC4001A801
S2140320C0784201A8723E00006C3E00003C5000A817
S2140320D03C6000A8046100A8045100A8049F206A7D
S2140320E0E8620298400701D5402003E08020800480
S2140320F07060C0087060012000F008FF8020400078
S2140321001E490860380000F0EFFE8B4E68460078E4
S214032110002806D162480068F0618020C003874922
S2140321200860019860490860854886490860254824
S21403213080210901416669464978002901D10421B5
S2140321400160206A686268460078002809D001208A
S21403215000F0DCFE3078000603D5802000039149AA
S2140321600860E06BC00202D549480068286305B0E2
S214032170F0BD0000204001A8040000FFB41002A830
S2140321807CE40350441102A810B5FEF745FF8649C8
S21403219000240C600A22CA61FEF747FF8348C02169
S2140321A08902016082494160824810210160C905A5
S2140321B041654020804908608048047010BD0000D7
S2140321C0400102A8B82002A833070000D6FEFFFF8E
S2140321D07B48406B800300D47047F8B579480468A1
S2140321E00027002000257849E20706D5C020800294
S2140321F08025ED03EA0A0A6003E0A20701D4032060
S21403220040252843C862012000F080FE802040005D
S2140322106E49086708206E4908606E490968090216
S21403222003D46D4909680140FBD0012000F06EFE1F
S2140322306A4EE00702D580208004306435640420AB
S21403224000F064FE600702D5E020C002F060644838
S2140322503064012000F05AFE62483064C320000652
S21403226030645A488021490201671021B16389020C
S21403227071615D490F60012232603022F2638F6222
S214032280802189014E4A116009010160F1BD0000F9
S214032290F83F0000F3070000FFFF7F7F743F000056
S2140322A020C001A894E001A894D001A8F8B54F482F
S2140322B000680D2707400424002F00D104274C484C
S2140322C01025660308214B4A4B4B1B6823401268B4
S2140322D014D04260394004D00220FEF7D7FD4748A9
S2140322E006603C4007D046480068054344480560FE
S2140322F0B008424908600220424915E002603940AE
S21403230005D00220FEF7C2FDA0023C4908603C400F
S21403231006D03B4801680D430560700937490860DD
S21403232038480660300329490860FFF751FF00214B
S2140323300020FEF73EFDF1BDC43E00001C1002A8BF
S21403234003000300482102A810B580202E490A681E
S21403235002400AD02D4B1A680624144005D15C6E41
S2140323602B4A22401B6D9C0101D5002010BD096835
S21403237008400DD02748824203D1180501D5012015
S21403238010BD25480068C107C90F481E8041C00F0D
S21403239010BD22480321C163A82181631021016077
S2140323A0704700001C2002A8D80000AA402002A8FC
S2140323B004000080646000A82C4000A8723E000061
S2140323C0100002A8FC0302A81C1102A8442002A8BD
S2140323D04C6201A8C44001A84C4201A8082102A8E7
S2140323E02400000198008800600102A8B44000A8F9
S2140323F0E43E00001CC101A8440002A8401002A845
S214032400683F0000685000A8400002A814C001A856
S2140324101F1F0000010C000030C101A8082002A8FD
S2140324206C4800680121084209D16B4A12686B4B5D
S214032430000C1840F03291400B40984201D0022025
S214032440704700207047F8B507000F386A461080BB
S214032450604CA0680A0004D16B461B8882B29A427D
S2140324603AD200226B461A80012502263A0013D080
S2140324702268324007D000292ED059480088401CD5
S2140324805749088000203900E16056490E6080B243
S214032490B84201D369460D805348456000E030BF1B
S2140324A02068304003D1FFF7BBFF0028F7D04D4824
S2140324B04560390010D02168314005D048490A8864
S2140324C06B461B88D2180A8006600020E060A0686E
S2140324D0B84201D244480660FFF7A2FFF2BD38B502
S2140324E0050000F0A5FF0400012199204543A80933
S2140324F03E4A12688018123880B2FFF7A4FF050020
S2140325008020C0013A490860200000F095FF2800AB
S21403251032BD334803883549096802889342F9D1A6
S214032520100408187047FEB51238070C6946088071
S21403253000F07EFF0190274C294D2888B8421ADA0E
S21403254001202C490860274E30BF02202168014035
S21403255006D030604003264908602888401C28803F
S214032560FFF75EFF010002D12988B942ECDB0121A7
S214032570716000280DD12888B8420AD1A068694640
S2140325800988884205D2002168460088FFF75BFF6A
S21403259001E0FFF745FF04008020C00114490860EE
S2140325A0019800F049FF2000FEBD10B512490A68E5
S2140325B00E4B1B680C689442FAD0DB014033141AA6
S2140325C002D288692418641C0C4800684443181B0C
S2140325D010BD0000280002A804ED00E0FF3F000045
S2140325E0703E0000282002A8281002A8300002A887
S2140325F080E200E02C1002A820C001A8B43F00002F
S214032600F0B502E00A601C602E607EC84F1C07D03F
S2140326105F1C04D06F1CF5D10A601C60F0BD0A6015
S214032620F0BD00000006800F70479D4909684143CE
S214032630880B70478A4800680104C80F70478848AB
S2140326400168090407D587490A68964B1A604A68E1
S21403265042618868C860704780B5FEF7DDFC0120DC
S2140326608149087081480068022808D28E480068AD
S214032670F02109050140C02080048142F2D08B4836
S2140326800068C01C8A4901438A48016001BD8A4824
S2140326908849086000208949086080218902884AA1
S2140326A01160714908707047F1B582B00F001400CD
S2140326B0C006000E00901038912827D2FFF7BAFF05
S2140326C0002823D0002501260298FFF7ABFF002839
S2140326D002D0022804D004E07A480068304000D0D4
S2140326E001252600784C38000C30FFF79EFF801932
S2140326F0206000983818FFF798FF80196060C020A4
S214032700800172490860280371490860F7BD6D4867
S21403271000780621014001D100207047B8480068C0
S21403272002288041C00F7047F8B56A4C634A0421FB
S214032730C0239B04F0252D055B4E2069084204D078
S214032740107C8006C10F490020E0800720D5D068A2
S214032750042803D2306828409842F8D0107C00073B
S214032760000F072814D1507C022811DD907C8006C8
S214032770800E02280CDBD07C009007460F4207D061
S214032780C00700D50A21B80700D5891D002904D142
S214032790FFF77DFF0020A061F1BD481CD768874284
S2140327A003D237682F409F42F8D09648405CA0611A
S2140327B0C300F821194002D08023DB0413604900CC
S2140327C05160A168002932D10102F82252010A4061
S2140327D06168914200D20A0023681D1F8A498B61F3
S2140327E0AA184A61864A1368002B01D1BF2600E067
S2140327F09326304B1D686769BF00BF0BF619360377
S214032800AD05AD0D35431D6080235B010B6081096B
S21403281008D11168002901D1282200E019220021DD
S214032820FFF742FF207C000701D40120A060F1BD22
S21403283080B5FFF76CFF002811D01A4841680029BD
S21403284003D0724A116000214160074800780028CF
S21403285005D0FFF71CFF1C486D490160416001BDB0
S214032860584201A8983E0000743E0000D04000A8DD
S21403287080B5FFF74CFF002811D006206549086095
S214032880002065490860F020000164490860802044
S2140328904000634908600C485D490160416001BD22
S2140328A0BC3E0000403E00000C0002A8204000A8EA
S2140328B000F0FF3F544201A8FFF3FF3FC44000A8C7
S2140328C04C6201A8B83E00005C4201A8586201A809
S2140328D0585201A8A83E0000F0B581B00400A0033A
S2140328E01CD547480068002800D081E047480168A7
S2140328F04C4A5160CAB2FF239943D30702D5EC234F
S214032900DB02C91852080A4302600E2000F0FEFAE2
S214032910082045490860C0034449086044480168E4
S214032920444D09043FD569694161FEF775FB3D498E
S2140329300A68531C6A68934200D32B681E78B7064E
S214032940BF0E5B1C934200D32B68BC461E78B701B0
S214032950FC2636013E4067463E435B1C934200D34B
S2140329602B68B4461E783603FC27BF0237406646FC
S21403297037435B1C934200D32B68BC461E78B704D0
S214032980FC2636043E4067463E435B1C934200D318
S2140329902B681A781706FC2292053A4032430B60DE
S2140329A06A61FEF742FBA00727D58020C0021F49B5
S2140329B00860FFF7ACFE00281FD0686AC0B2002884
S2140329C002D006211C4A1160810916D01B490A68E9
S2140329D0012AFBD949680905090D091DC900084ADA
S2140329E01268012A00D14908002A03D1282202E0EE
S2140329F00C208BE71922FFF757FE01B0F0BD00004D
S214032A006C3F0000D44000A82C4000A8EC4001A86E
S214032A10FFFF0300846201A8504000A80C6000A8D2
S214032A200C5000A8403E0000846000A84C6201A839
S214032A30584201A8903E0000845201A81C4000A8FA
S214032A4080B5FEF723FA01207E49086001BD80B5F4
S214032A50EB2000F001F801BD30B57B490B68184048
S214032A601022134210D0794B794C2468224008D0A8
S214032A70A94A14682402FF252D022540DD6200249E
S214032A801460802252031A60086030BDF3B501005B
S214032A9016001C0000250095A048019A3300002765
S214032AA00BE0BC464F5D4743AE009E597E40575DE4
S214032AB047433740664637436D1CA542F1D3390971
S214032AC039438A080A43510811430840C1090143A0
S214032AD00F208A0B0A4302405040F6BDF1B582B080
S214032AE00E0000208C4908608D4DEF7AA87A01907D
S214032AF00F21394000910ED00B468A4A8A49029824
S214032B00FFF7C4FF019901408348016087484143AA
S214032B108748084001D1012400E04401380915D054
S214032B2032003B0929000298009E6D7A75194019F8
S214032B30FFF7ACFF019909110140774802680B01C2
S214032B4013430360002901D04800444379480068D2
S214032B50204001D10420FEBD0020FEBD80B50A0042
S214032B6000211180744952888018FFF7B7FF02BD11
S214032B7070B50F22714B5C7905780F202040C54055
S214032B80200928409C79C440E40701D4032070BD83
S214032B902F4C2468A50705D59D684600AD5B6D1EC2
S214032BA0674E3560DD78DE79C640F00711D5E0065E
S214032BB00FD5002D0DD063484860088848800888E4
S214032BC01C7800192A4080185A7880182A09801819
S214032BD000E000200880002070BD80B55A480168D8
S214032BE05A4A0820014201D050611061C90602D535
S214032BF08621090111605649564A126812040CD5FB
S214032C00554A1268530401D5C00305E0C0239B014F
S214032C1013404202934200D008600D480078C02259
S214032C20024002D18020400508604C4800682022FC
S214032C30104008604A480068C00101D4FFF707FF48
S214032C4001BD00002C4000A8703F00001C1002A825
S214032C50C43E0000F8B5434F38687E6806404248D5
S214032C603040424908608024A403414DF00228D531
S214032C7040480168080606D53F480068A86001205A
S214032C802870022015E00120014202D03B49A960CA
S214032C900FE00020C9060CD52A49A960384A917866
S214032CA00B071B0F12789A1809095118A980E88098
S214032CB0A888A880A888002801D0264301E0FFF74B
S214032CC0C6FE264026D0294E74603460A8880028A5
S214032CD00ED0F96981420BD3291D2A48AA6890476A
S214032CE00100F3D0FEF7D2F8012027490860F1BDB2
S214032CF001000CD0FC218902B161244902038A61D8
S214032D0034604C60FA69824204D30C60F1BDEB2058
S214032D10FFF7A2FEF1BD00004C3E000001010101D9
S214032D203C3F0000F43E0000343F00001111000059
S214032D3021840000F03E0000143F0000443F0000E2
S214032D40204000A829230000F84F0000302102A8E5
S214032D50441002A8384101A8204201A8084001A84F
S214032D60CC4000A8B44000A8FFFFDFFFB46000A873
S214032D70503E0000C43E0000B03700003D23000074
S214032D80453F0000D44000A82C4000A8B45000A83B
S214032D90FEB5C020C0043649086036483649C865C3
S214032DA0102436480460102000F0B0F801005ED10D
S214032DB0FF2000053249086032483349086033482B
S214032DC02D49086025042E48056031480768082009
S214032DD000F09CF801004AD108262E480660012020
S214032DE000F094F82A48806802902B4806602B4827
S214032DF02149086022480560082000F087F8010092
S214032E0035D124480660012000F080F8204DA868DC
S214032E10019021480660184E2148306002990198B7
S214032E2000F046F80104FC20800308400090029856
S214032E30C10B0198C00B00F03BF80006FC21890586
S214032E4001400098014317480A0C4240FF239B1C8D
S214032E50D2181040084330602F60E003084908602A
S214032E602868286010480460104981640020FEBD6D
S214032E7020E000A8F71700002C0102A8401102A8C2
S214032E80B02002A80000380EB01002A81010303090
S214032E90E04001A8E05001A8E06001A8303010101F
S214032EA0202020203F3F0000402102A8F7FFF0002B
S214032EB010B54904CA104004C310991A00209A1882
S214032EC0D30F9A18521052188B115B0E5B18DB1136
S214032ED0D2182023541A01D422001843CC0F6118A9
S214032EE049105B08F6D110BD10B5C409FFF711FBF6
S214032EF0201A312806DAC000183801D4C01EFDD5C2
S214032F00002010BD2000FFF70EFB10BDC321484371
S214032F106F3801D41E38FDD50020704710B5C200A7
S214032F2018231340FF249C40E2438907090E994067
S214032F30030004D476489B089B00C01806E0B04BF9
S214032F400007000F083880088000181803681A4026
S214032F501143016010BD80B57B225421002000F090
S214032F6021FA01BD10B500F063FA0121694A116028
S214032F70694B6A4A13606A4A13600323694C2360E9
S214032F80694C2360694B1960694B196080239D4C1B
S214032F902360D16000F050FA10BD00F049FA050036
S214032FA00024012160B2FFF7B9FF641C0E2CF8D38E
S214032FB001210F20FFF7B2FF01211120FFF7AEFF1B
S214032FC001211320FFF7AAFF01211720FFF7A6FF11
S214032FD003210120C043FFF7A1FF01211B20FFF7B8
S214032FE09DFF01211C20FFF799FF01211D20FFF7FC
S214032FF095FF01211E20FFF791FF01211F20FFF7F8
S2140330008DFF6E486E4908606E48C16AC1620168EA
S214033010016002206C490860012085490860470466
S2140330206A4C20683840FCD0FDF7C7FF280000F044
S21403303003FA754D0AE000281BD0FDF7EDFF18E0F4
S21403304020683840FCD0300000F0F6F9206D00040C
S214033050000F022801D1FEF76FFB00F0E9F9060026
S214033060FDF7EAFF0028A878E5D0002801D1FDF790
S214033070DCFF01206978002909D12978002905D1C8
S2140330806C490968890601D44F49086030BF00219E
S214033090697029780029D6D102214B4A1160644908
S2140330A00860CDE76448016842680A4063481040F8
S2140330B01A490860800703D5A0480188491C018087
S2140330C0704770B55E48016840680840000E000609
S2140330D05C4980221205104218D05B4B1C68641CA6
S2140330E01C605A4C5A4D2D682D0407D5A568002D33
S2140330F004D007250D600125A74E356040252560C1
S2140331001B68012B02D910238B62CA67886770BDC0
S21403311000E400E0040002A80000FF3F282002A805
S2140331202C1002A840E002A844C002A804C001A8CC
S214033130044001A8F8B5824C206B616B01400091F6
S214033140964D0846286000989549014001D0FFF740
S214033150C3FB8020009901401CD0F821C9012368D5
S2140331600B4017D0C0221201934213D880231B06AC
S214033170EB6226680E40944F3F683F043F0F022FD2
S21403318001D0032F03D1002E01D09642F1D38F49ED
S2140331900B6028608E48007806280DDA0098CC214C
S2140331A08901014008D000F043F904000098FDF7B8
S2140331B035FC200000F040F9F1BD0000FFFF9BF84E
S2140331C000E100E0E04001A85C2002A85C0002A841
S2140331D010B58048016844680C407F48046080212D
S2140331E00C4205D041607D4801600020FDF716FCC7
S2140331F0600403D5802040057949086010BD0000AF
S2140332001CED00E0505201A8723E000038B5754828
S214033210016844680C40E00707D500F009F905008B
S214033220FDF792FC280000F007F96F48046031BDF3
S2140332305C1002A8F40302A8280002A8FFFF00C03F
S214033240B44000A83C6000A86C3E00002C4000A8D8
S214033250384101A8FEB5654C206C666C0640012714
S2140332603E4216D03D0662480560206861490F60FD
S214033270002802D00021FDF72BFE5F480068A0213E
S214033280C90188428041C043C00F5C4988705C48CE
S2140332900560FDF7C1FE029002210E4049D060682A
S2140332A0C2B20192000A009008224B4B4C03554DC4
S2140332B00020019E012E27D0022E38D1009E012E1B
S2140332C024D1EE790096504E2F780C2047430020E9
S2140332D0F0512878400590277F04C7190320384308
S2140332E04A4F38601C604A480460301D2B780C2413
S2140332F06343484C2468009FE419C45028780C2381
S21403330058433150444811E00091DCE7002E0ED1BB
S214033310424E37603C4E361D2D780C277D43705148
S2140333205C601C60C8043E4B18603E48026031482F
S21403333001600298FDF779FEF7BD0000703E0000BD
S2140333401C4201A870B5FDF767FE040000F070F894
S2140333502E490A68D20718D52B4A121DFA239B0159
S2140333605D790C26754356592A4D2D681E60CE6826
S2140333709E604968D9808021C9041D4E3160197B3F
S21403338069185B790C256B43D15000F055F8200083
S214033390FDF74BFE70BD00003C5000A84C6201A830
S2140333A002000600002800D0704710B50C00FDF799
S2140333B033FE1D490C6001221C4B1A600B6C134034
S2140333C0FCD1FDF732FE10BDAC0002A8785201A86E
S2140333D0343E000090C001A890E001A80CC001A8EC
S2140333E004ED00E090C000A890E000A800C002A88A
S2140333F0401002A840E002A8404000A8723E000029
S214033400402002A8853E0000300000A860C101A845
S21403341094D001A8200000A8F42302A860E101A824
S21403342080E200E0F41302A8008002A8409002A8FD
S214033430EFF3108072B67047002800D162B670476B
S21403344080B5FDF731FEB348006800030AD4FEF7E3
S2140334505DF8FEF7BDFEFDF7CAFF0120FEF794FEFA
S214033460FEF770FB80208005FDF7CEFD01BD80B51D
S214033470FDF71AFE80204002FDF7C6FD01BDF8B534
S214033480FDF7B4FD052098490860FDF7B8FDFDF784
S214033490ECFEFDF709FEA048016800919F4B4068CB
S2140334A018609F4801688A05D00F00220124214234
S2140334B00FD000929B4D6E681E602E689A4B1F6855
S2140334C0BD1BBE4202D39F69ED196D1C974FBD42CB
S2140334D0F5D3974D2A60002803D00098FDF76EFBBE
S2140334E000902868204004D16846FDF7EAFE0028CD
S2140334F002D10098FDF73BFFAA4804606004FDF77D
S21403350083FDF1BD38B5A84CE06BC00506D5802019
S2140335100006206000BF00BF40082060FDF792FF52
S214033520FDF7C2FDFDF7F4F90500A048A0490860C1
S214033530FFF785F88020C002FDF766FD002D01D059
S2140335408020206001209B49087031BDF8B5FDF747
S214033550ABFDFDF74BFD02249348C06B000405D476
S214033560FDF75AFD94490C60FDF75FFDFDF747FD37
S2140335701020C0439149086000258B488563904816
S2140335800560FFF7C4F80700FB26B601002F02D03C
S214033590FFF762F800E035602C20305C052101401F
S2140335A002D0FDF70DFE01E0FDF717FEF06A0440BA
S2140335B002D001207C490860FFF70FFB002F01D0E3
S2140335C0FFF7B2F880200003FDF71EFDF1BD80B5BE
S2140335D0FDF76AFD4F480068000303D4FDF707FFB5
S2140335E0FEF7B0FA80204003FDF70EFD01BD38B5A7
S2140335F0FDF75AFD6C4C2025FEF7A6FE002806D0E4
S214033600206B000704D5FEF7C4FEFEF74FFB2560CC
S214033610FDF7EDFEFEF796FABD4800780C21014053
S214033620042902D1FDF7CCFD01E0FDF7D6FD6804C1
S214033630FDF7EAFC4020206031BD1CB5FDF7D6FC43
S214033640052029490860FDF7DAFCFDF72DFDFEF796
S214033650A0FEB048006800906846FEF7D7FA04005C
S214033660FEF7EDFF002C02D10098FEF745FB802005
S2140336704004FDF7C9FC13BDF8B5FDF715FDA64CD0
S214033680256A5020284002D0FDF79AFD01E0FDF799
S214033690A4FD454FFEF758FE00281BD1786B400764
S2140336A01DD4386BE0214901014018D1A80611D476
S2140336B0FDF79CFC256A994E354207D0FF20C04390
S2140336C02D1825628020000595490860FDF797FCB4
S2140336D02E4002D00120386001E0002020608020C8
S2140336E08004FDF791FCF1BD3C1102A880B5FDF7FF
S2140336F0DBFCBC480068400601D5FDF778FE0120D8
S214033700FEF742FDFEF71EFA8020C004FDF77CFCA0
S21403371001BD00000C0002A8B83F0000483E0000B0
S214033720400002A8D03E000020C001A801FF000010
S2140337303C3E000010B576480468FDF7B5FCAA4980
S2140337400968090328D40321C00601D5214001E0F6
S214033750A0080140012902D1FDF732FD0BE020014C
S21403376007D50E20FFF76CF9A04804210160082155
S2140337700160FDF732FD9E4C20699E490860FEF706
S2140337805EFF2068002807D04000122802D2FFF709
S214033790BDFB01E0FEF7A3FE80208003FDF734FCAB
S2140337A010BD0000402002A8100002A870012000EF
S2140337B0B46000A8733E00007CE40350442002A8D3
S2140337C04C3E0000F8B584B0012668460670002714
S2140337D00297FDF769FC0390834C2068000300D52D
S2140337E08FE00320A449C863A4480068A44D0F21B2
S2140337F00F220240032A03D0000B014006294DD1B5
S214033800A0480068A0498E6DE16B890701D59E49E3
S214033810CE6DFEF7CAFE8619FEF779FF00280ED096
S2140338202879C1060BD02868090D4143890B761801
S21403383095490968002902D10002400C3618002E6B
S21403384001D5019700E00196606B0107C80F0321BD
S2140338502A6B0A40022A1BD1039AD20618D5AA68F5
S214033860D30513D5A66B894B1E409E4203D1102168
S214033870814AD1630CE092050AD4E26B28231340F5
S21403388006D16B461F70264A116001E06A46177020
S214033890029068460678002E03D10FE07A48406D02
S2140338A00190FEF751FD002808D0FEF772FD02983E
S2140338B0002802D0FEF7FAF900E0002602206E493F
S2140338C00860002E10D03020285C0C21014004290B
S2140338D002D0A06BC00602D5FDF772FC01E0FDF72F
S2140338E07CFC202060600CE0FDF781FD01A8FEF75C
S2140338F08DF90400FEF7A3FE002C02D10198FEF713
S214033900FBF980200004FDF77FFB05B0F0BD000047
S214033910EC3E0000CC3F0000CC3E000000FFFF0062
S214033920441002A8FEB500240194FDF7BDFBFEF784
S21403393086FE574EF06E574D0007000F072807D137
S2140339407068002804D40020FEF71EFC286841E0B7
S21403395001210320504A73685B070BD44F4B1B6847
S2140339600B4007D01368DF050BD55B0502D433681D
S214033970DB0503D40191916A890904E01021484BC1
S2140339801960916A0909084000900020FEF7FCFBC5
S2140339900098002805D17068C00602D4FDF71DFC08
S2140339A001E0FDF70DFC00200199002903D13D48F5
S2140339B00068FEF7FAFD6969401801D5009400E037
S2140339C000906846FDF77DFC002805D10098FDF7BA
S2140339D0CEFCA8690749086080200005FDF714FBA4
S2140339E0F7BD0000440102A80C0002A880E200E034
S2140339F0AC3F0000483E0000F8B5FDF755FB002439
S214033A0000252948066B80277F05300606D5300734
S214033A1009D5FEF7BEFCFEF749F929E001251F4844
S214033A200068284019D00020FEF7AEFB02200640AF
S214033A3002D01E490C60C8611D480468002D03D0DF
S214033A402000FDF74FF90400FEF7A3FC2000FEF765
S214033A5053F93800FDF7D8FAF1BD16480078C021AF
S214033A600140402902D1FDF7ABFB01E0FDF7B5FBB2
S214033A7020200D490860ECE7082002A8AC0002A845
S214033A80BC3E00000CC101A86C3F000010000010F3
S214033A90400002A8BC3F0000C43E0000B44000A89B
S214033AA0441002A81CC101A8100002A8180000AA0E
S214033AB0D83F0000EC3E0000FFF754FA02480349E3
S214033AC04860FFF76AFA00BF67270000000000009F
S214033AD080B5EFF305800B2801D23A2100E02921B7
S214033AE08C2252000020FFF75DFCFEE7AC43030088
S214033AF000000000643B030001000000000000001B
S214033B0000F04902AC43030000000000883B0300BA
S214033B10010000000000000000F04902AC4303006F
S214033B2000000000AC3B03000100000000000000A2
S214033B3000F04902AC43030000000000D03B030042
S214033B40060000000000000000F04902AC4303003A
S214033B5000000000A83C0300010000000000000075
S214033B6000F04902CC3C0300809C2B8F80841E000F
S214033B70000000002700FF7F0C0C00200000000060
S214033B8058470300000000002C3E0300809C2B8F48
S214033B9080841E00000000002700FF7F0C0C00201E
S214033BA00000000058470300000000008C3F03009D
S214033BB0809C2B8F80841E00000000002700FF7F60
S214033BC00C0C002000000000584703000000000013
S214033BD0EC400300809C2B8F80841E0000000000B6
S214033BE022002C010C0C00200000000058470300A4
S214033BF000000000EC400300809C2B8F80841E0096
S214033C00000023002300B6000C0C00200000000078
S214033C105847030000000000EC400300809C2B8FF5
S214033C2080841E000000240024009D000C0C00204D
S214033C30000000005847030000000000EC400300AB
S214033C40809C2B8F80841E000000250025007D00AD
S214033C500C0C002000000000584703000000000082
S214033C60EC400300809C2B8F80841E0000002600FF
S214033C7026003A000C0C0020000000005847030002
S214033C8000000000EC400300809C2B8F80841E0005
S214033C900000270027002C010C0C00200000000069
S214033CA058470300000000004C420300809C2B8F03
S214033CB080841E00000000002700FF7F0C0C0020FD
S214033CC0000000005847030000000000FC4F0103FB
S214033CD0C845030010400100004100003C400100BD
S214033CE00000000048400100200704005040010087
S214033CF0000000005C4001000D0F000004410100BD
S214033D00FF4C000020400301000000861FC0010096
S214033D100020000038400101000000005840040164
S214033D201800050040080000090000009200040087
S214033D3080400F018C002C020000000012001200CD
S214033D4000808C19000000000002050E1C2F435350
S214033D50626968615543320416100E0E0D0C0A088C
S214033D600706050403030202020101010101010023
S214033D70EC40010180B0B18CFC4003019C200B0099
S214033D80055B60804737414A0C410301B855120072
S214033D902A1949290908404028410101FFDD00008E
S214033DA0384107014CD4E83B04196F10080E141A67
S214033DB020262C32383E10325476980A1D00000016
S214033DC070410101C0030000344201010008000EE7
S214033DD04842010158AA1EC0784201010000008033
S214033DE038800101114910009C800301EB4002005A
S214033DF070380300D0000000A8800111F001000015
S214033E00A8800131055AFD01AC800111F0010000C4
S214033E10AC800131053EFD00E40001026C2C51111B
S214033E2054010102C43F0000FFFFFFFFFC4F0103E4
S214033E301846030010400100004100003C4001000A
S214033E401000000048400100201704005040010005
S214033E50010400005C4001000D0F00000441010056
S214033E6003C0010020400301300000461FC80100C4
S214033E7000200010384001010000000058400401F3
S214033E8018000500400800000900000092000A0020
S214033E9080400F018C002C0200000000120012006C
S214033EA05B808C1B000000000002050E1C2F435392
S214033EB0626968615543320416100E0E0D0C0A082B
S214033EC007060504030302020201010101010100C2
S214033ED0EC40010180B0B18CFC4003019C200A0039
S214033EE001612080B75635120C410301B855120004
S214033EF0A01B042908884040284101010000000057
S214033F00384107014CD4E83B04196F300A10161CDD
S214033F1022282E343A4010325476980A1D5F80A425
S214033F207041010100000000344201010008000E48
S214033F3048420101F4811F0078420101000000009D
S214033F4038800101114910009C800301EB400200F8
S214033F5070380300D0000000A8800111F0010000B3
S214033F60A8800131055AFD01AC800111F001000063
S214033F70AC800131053EFD00E40001026C2C5111BA
S214033F8054010102C43F0000FFFFFFFFFC4F010383
S214033F906846030010400100004100003C40010059
S214033FA010000000484001002007040050400100B4
S214033FB0000400005C4001000D0F000004410100F6
S214033FC003C0010020400301300000461FC8010063
S214033FD00020001038400101000000005840040192
S214033FE018000500400800000900000092000A00BF
S214033FF080400F018C002C0200000000120012000B
S2140340005B808C1B000000000002050E1C2F435330
S214034010626968615543320416100E0E0D0C0A08C9
S2140340200706050403030202020101010101010060
S214034030EC40010180B0B18CFC4003019C200A00D7
S21403404001612080B75635120C410301B8551200A2
S214034050A01B0429088840402841010100000000F5
S214034060384107014CD4E83B04196F30080E141A84
S21403407020262C32383E10325476980A1D5F0000F4
S2140340807041010100000000344201010008000EE7
S21403409048420101F4811F0078420101000000003C
S2140340A038800101114910009C800301EB40020097
S2140340B070380300D0000000A8800111F001000052
S2140340C0A8800131055AFD01AC800111F001000002
S2140340D0AC800131053EFD00E40001026C2C511159
S2140340E054010102C43F0000FFFFFFFFFC4F010322
S2140340F0B846030010400100014100003C400100A7
S2140341000000000048400100A007040050400100E2
S214034110000000005C4001000000000004410100B4
S214034120FF4C000020400301000000861FC0010072
S21403413000600000384001010000004058400401C0
S2140341406402FF004008000001000000920008001F
S21403415080400F018C000C0200000000D7032200F1
S21403416000000000000000000002050D1A2D3F505D
S2140341706068696357463525150D09080706050562
S2140341800404040303030302020202020101010101
S214034190EC40010190382C8CFC4003019C200A0063
S2140341A0055B58804737414A0C410301B855520016
S2140341B02A194929893B404028410101FFDD0000B7
S2140341C038410701E853FA00000000000000000031
S2140341D000000000000000000000000000000000D7
S2140341E070410101C1030000344201010000000ECA
S2140341F04842010158AA1EC078420101000000008F
S21403420038800101114910009C8003010000000062
S21403421070780300FFC00200A8800111F0010000BF
S214034220A88001310542CB01AC800111F0010000EA
S214034230AC800131050A0D00E40001026C2C51111B
S21403424054010102C43F0000FFFFFFFFFC4F0103C0
S2140342500847030010400100014100003C400100F4
S2140342600000000048400100A00704005040010081
S214034270000000005C400100000000000441010053
S214034280FF4C000020400301000000861FC0010011
S214034290006000003840010100000040584004015F
S2140342A0C804FF004008000001000000920004005C
S2140342B080400F018C000C0200000000B6032200B1
S2140342C000000000000000000002050E1C2F4353F0
S2140342D0626968615543320416100E0E0D0C0A0807
S2140342E0070605040303020202010101010101009E
S2140342F0EC40010190E82B8CFC40030190200A005F
S214034300055B58804737414A0C410301F56252006A
S2140343102A194929893B404028410101FFDD000055
S21403432038410701E853FA000000000000000000CF
S2140343300000000000000000000000000000000075
S21403434070410101C1030000344201010000000E68
S2140343504842010158AA1EC078420101000000002D
S21403436038800101552510009C80030100000000E1
S21403437070780300D0000000A8800111F00100004F
S214034380A88001310542CB01AC800111F001000089
S214034390AC800131053EFD00E40001026E2C511392
S2140343A054010102C43F0200FFFFFFFF0C4001005F
S2140343B0018101002040020000000000010000000F
S2140343C03040030000000000000000000000000072
S2140343D04040020000000000004000006040010072
S2140343E001010000A840010007000000BC400400D3
S2140343F000000000000000000000000000000000B5
S21403440008410300FF4C0000FF4D0000FF4D000075
S21403441020C0011000F8070020C00130F502080094
S21403442024C0080000130000EC80B383437540519A
S214034430A00F00483040000000000000000000000D
S2140344402E02000050C00400511130040E2D09E660
S21403445054060708D1B6020064C00A000430001CE4
S214034460403018090D647920EBFCFB017FF6E80366
S214034470BD4B721511A3180510325476980A000026
S21403448000000000080001010807000018000101F1
S214034490AAAAAA00200001010060DA001C4001015C
S2140344A0100000002C400301008000000000000301
S2140344B000000000684002012941767100000000F8
S2140344C0BC4002010000000000000000E0400201C2
S2140344D03300000000000000F44002016404830778
S2140344E08813C83A2441010100000000304102014C
S2140344F06406660C0C010000544101010101000032
S2140345006841020164048307881382003042010174
S2140345100000000038420201000000000000000016
S214034520444201010000000054420901000000005B
S21403453000003C00000000000000000055555555E3
S214034540170000000000000000000000AAAA0600F2
S2140345507C42020100000000000000001080010100
S214034560030000003C80010101000000B08002014E
S214034570000300023700000198000202000C00044A
S2140345804C000000A400010200040000D000020258
S214034590050040AA88010000F400020200000000A3
S2140345A03D210811FC0001123F000000FC0001320F
S2140345B00054040030010102600051026801010248
S2140345C000040000FFFFFFFF100000000000800053
S2140345D000000000EC470300B047030000000000A3
S2140345E0802596000048E80140420F000108F500C8
S2140345F011495002000000005A4703000000000063
S21403460000000000000000003D420F000000000014
S2140346100000000000000000100000000000800002
S21403462000000000EC470300BC4703000000000046
S214034630802596000048E80140420F000102F5007D
S21403464011495002000000005A4703000000000012
S21403465000000000000000003D420F0000000000C4
S21403466000000000000000001000000000008000B2
S21403467000000000EC470300C847030000000000EA
S214034680802596000048E80140420F000108F50027
S21403469011495002000000005A47030000000000C2
S2140346A000000000000000003D420F000000000074
S2140346B00000000000000000100000000000800062
S2140346C000000000EC470300D4470300000000008E
S2140346D0004786000048E80180841E000101F500BB
S2140346E011495002000000005A4703000000000072
S2140346F0000000000000000054841E0000000000BC
S2140347000000000000000000100000000000800011
S21403471000000000EC470300E04703000000000031
S214034720841743000024F40040420F000101F50003
S21403473055255003000000005A4703000000000000
S214034740000000000000000038420F0000000000D8
S214034750000000000000000003000200000000F05C
S21403476049020614000000E0930405380000A00880
S21403477000000000580901040706100A0104070791
S214034780C80A00040807800B00040808380C000455
S2140347900908610800000000680800000000C70957
S2140347A0010404032C0B01040404920C0104050405
S2140347B050C30000E62D0000D0070000E5BF000050
S2140347C010270000C2010000F5DA020010270000DF
S2140347D02C01000050C3000050140000FA00000033
S2140347E050C30000FC210000B3010000193F01067E
S2140347F0041001000001010600102700000C000051
S214034800000000000000232D302B2000686C4C00B5
S21403481065666745464700303132333435363738B8
S2140348203941424344454600303132333435363716
S21403483038396162636465660062675F6D657373CA
S2140348406167652072656365697665727300626782
S2140348506275660061636C006C6C5F636F6E6E6599
S2140348606374696F6E006C6C5F6164765F73657406
S214034870006761705F636F6E74657874006C6C5F5D
S21403488076616C696461746F72006D6573685F70DE
S214034890726F765F64620062675F6D6573736167EC
S2140348A06500736F66745F74696D65725F6D6573BB
S2140348B07361676500666F756E646174696F6E5FBA
S2140348C0636D64006C6C5F6164765F73796E63001E
S2140348D06C6C5F7363616E5F73796E6300676170A0
S2140348E05F706572696F6469635F616476006761B0
S2140348F0705F706572696F6469635F73796E630076
S2140349006C326361705F636F635F6368616E6E656D
S2140349106C006D6573685F70726F765F64625F616B
S21403492070706B6579006D626564746C735F636F3A
S2140349306E746578740000004E4803005448030004
S2140349405848030066480300714803007D48030087
S2140349508A48030097480300A2480300B5480300AB
S214034960C4480300D0480300DD480300EE480300B4
S2140349700049030012490300264903006267627573
S214034980665F696E0062676275665F6F7574006264
S214034990676275665F6E6F666C6F770062675F6DE2
S20C0349A0616C6C6F63000000FC
S20C0349A85019FD7F0100000019
S2100349B0BC490300C00A002017010000E9
S2140349BC5C120020F2000000156B0000D8FE02000B
S2140349CCC0FE0200A8FE020090FE0200C0EA21010F
S2140349DCC0EA21010080000000F04902FFFFFFFF40
S2140349EC702C0020F80A00200040070000A00000EE
S2140349FC38160020C8000000FE000000000000006F
S214034A0CACFF0200200F0020B1EB020020000000D8
S214034A1C0000000000000000000000000000000082
S214034A2C00000000914F0100000000000000000091
S214034A3C00000000A52F010000000000000000008D
S214034A4C00000000753A01000000000000000000A2
S214034A5C00000000214901000000000000000000D7
S214034A6C000000006BAA020000000000094C0100C5
S214034A7C000000000000000000000000B94B01001D
S214034A8C000000000000000000000000054D0100BF
S214034A9C0000000000000000195501000000000093
S214034AAC00FFFFFFFF000000B9CA0200BDCA0200E8
S214034ABCC1CA0200C5CA0200FFFFFFFFE5E0020001
S214034ACC44070300FFFFFFFF50070300DBE402006D
S214034ADCD7E40200FFFFFFFFE7E40200FFFFFFFF40
S214034AEC99E80200EFE80200FFFFFFFFFFFFFFFF5E
S214034AFCFFFFFFFFFFFFFFFF23270000FFFFFFFF64
S214034B0C0000000000000000030000002C29002019
S214034B1C240C0020000000002C29002094290020DF
S214034B2CFC2900200000000000000000000000002C
S214034B3C0000000000000000000000000000000061
S214034B4C0000000000000000000000000000000051
S214034B5C0000000000000000000000000000000041
S214034B6C20000400000000000000020010000000FB
S214034B7C0000000000000000000000000000000021
S214034B8C0A000100000000000A000D000000424C61
S214034B9C455F5042000000000000000002000800C1
S214034BAC000030303030303030300200030000006C
S214034BBC30303000020005000000302E302E30005E
S214034BCC02000800000000000000000000000000C7
S214034BDC00000004020000000000030102000000B5
S214034BEC0000020102000000000001010200FFFFAA
S214034BFCFFFF0400E40C02001700FFFF0E0000008A
S214034C0C0000FF0100000300000204000102001F65
S214034C1C04010101BF8FAF7F8700370F101000040C
S214034C2C040F05140A0301FF0EFF0F7F82B030BF7B
S214034C3C074BD3F8F030DB0704D500230193019B15
S214034C4C052B01DD02B07047019B0133F6E700BF6D
S214034C5C00ED00E0F0B5114A114C124E00F00105C0
S214034C6CE3695F0713D40DB9334213D103EA000784
S214034C7C8F4207D10B4A1A40002A0CBF00206FF054
S214034C8C0100F0BD013AEBD16FF00200F9E74FF0EB
S214034C9CFF30F6E76FF00100F3E700BF809698004D
S214034CAC00000350020001000B4B70B5D96911F4D8
S214034CBC80310DD101244FF48072084E084DF460F8
S214034CCC20462C641A61FFF7C5FF3464EC6070BD94
S214034CDC6FF00100FBE700BF000003500010035009
S214034CEC002003504FF4003238B50F4B0F4C9A6626
S214034CFC41F671330122E569E3630D4B0021DA605B
S214034D0C022360612120236105F48035FFF7A2FF9F
S214034D1C10B92120FFF79EFF0122064BDA600DB176
S214034D2C0023E36338BD00BF00900050000003501F
S214034D3C001003500020035070B5134C6061E369F8
S214034D4C5B071ED40E4656F8043B8D18A361AE4281
S214034D5C0BD10423002121202361FFF77BFF58B9D5
S214034D6CBDE870402120FFF775BF08210846FFF702
S214034D7C71FF10B10423236170BD56F8043BA36185
S214034D8CE5E74FF0FF30F7E7000003502DE9F84353
S214034D9C15464FF40032184B89469A6641F6713223
S214034DAC03F51C33DF69DA630122064603F58053E9
S214034DBCDFF84C8007F48037DA6055B928460122B1
S214034DCC0E4BDA601FB10022A3F50053DA63BDE87D
S214034DDCF88306F5005404EA0804A41BAC4228BF67
S214034DEC2C46494622463046FFF7A6FF0028E6D156
S214034DFC2644A1442D1BE0E70090005000200350EE
S210034E0C00E0FFFFD5620000AD6200006E
S804006CEDA2
