S0190000424C455F4D6F64756C655F42617369635F312E73333772
S214012000C00A0020E93101005110030051100300FD
S2140120106F220300511003005110030051100300FA
S214012020511003005110030051100300511003001A
S214012030511003001CC50300090F030051100300D3
S21401204051100300511003005110030051100300FA
S21401205051100300511003005110030051100300EA
S21401206051100300511003005110030051100300DA
S2140120709D8101008D2B0100B70F03005110030055
S21401208051100300511003005110030051100300BA
S21401209051100300093901005110030051100300CB
S2140120A051100300E53A0100C13A01005110030046
S2140120B05110030019EA02005110030061F40200F6
S2140120C0CBAD0300C7AD030051EC0200D7AD030052
S2140120D0CFAD030039F40200D3AD0300A1F4020032
S2140120E02DCE0200F1CF020011F5020051100300BF
S2140120F0511003005110030051100300511003004A
S2140121005110030051100300511003005110030039
S2140121105110030051100300511003005110030029
S2140121205110030051100300511003005110030019
S2140121305110030051100300511003005110030009
S214012140002370B5404C05468AB0E36318B1008899
S21401215023600CF059F93D4828F096F93C4E3D4B6A
S214012160304633603C4B736023F0B1FE00213046AD
S21401217016F0E0FD32A3D3E90023A062C4E90623EA
S21401218023F0B0FED4E9062319431043C4E906013F
S214012190CDE900014FF0FF334FF0FF32A06A28F07F
S2140121A0EEF902224FF0FF31A06A28F0EDF9012086
S2140121B00BF0ACFE4FF4007300222849A06A28F009
S2140121C036FAB0F5007F38D100239422CDE90733E3
S2140121D009933C23CDE9033205939623A06A03A90C
S2140121E0069316F0C5FE35B3287C0CF0C5FA0546F5
S2140121F0F0B9A06A28F0FCFA0CF06CFA0BF068FE55
S21401220020B14FF48070002108F0F2FD0BF070FE53
S21401221020B14FF40060002108F0EAFD23F026FF0C
S214012220012016F0DBFD0E4A0E49A06A23F04DFE92
S21401223028460AB070BDFF20D7E70725F8E700BF9C
S2140122400DD5015520000000B80F0020690345ECAC
S214012250B023002091DD0100C0230020B021002022
S214012260735E0300B35E03000348044B834202D04F
S214012270034B03B118477047480F0020480F002052
S21401228000000000064B0749C91A891048BF0131F2
S214012290491003D0044B0BB101481847704700BFE3
S2140122A0480F0020480F00200000000010B5064C23
S2140122B0237843B9FFF7D8FF044B13B10448AFF3B3
S2140122C000800123237010BD702B00200000000049
S2140122D07C0F040008B5054B1BB105490548AFF353
S2140122E00080BDE80840FFF7CDBF00BF000000003A
S2140122F0181200207C0F0400A3F5803A704700BF37
S214012300174B002B08BF134B9D46FFF7F5FF002127
S2140123108B460F461348144A121A28F011FE0E4B2C
S214012320002B00D098470D4B002B00D0984700207B
S214012330002104000D000D48002802D00C48AFF320
S21401234000801DF081FD200029001EF0D1FD1DF04A
S214012350FBFA00BF000008000000000000000000BB
S214012360C00A0020480F0020AC2C0020000000000E
S2140123700000000010B5042000F0A2FD70B1084C6A
S214012380084920681FF0BBFD1EF060FE1EF05FFED0
S21401239020680549BDE810401FF0B1BD10BD00BF63
S2140123A0E812002000BE030005BE030010B504209D
S2140123B000F086FD70B1084C084920681FF09FFDAB
S2140123C01EF044FE1EF043FE20680549BDE810409D
S2140123D01FF095BD10BD00BFE812002000BE03002F
S2140123E01BBE030070B56A4D04466B68834217D165
S2140123F01EF04EFE00286AD166481EF0BFFE04207D
S21401240000F05EFD60B1644E644930681FF077FDF0
S2140124101EF01CFE1EF01BFE614930681FF06FFDAA
S2140124202B68A34218D120461EF032FE002866D142
S2140124305C481EF0A3FE042000F042FD60B1564E3B
S214012440564930681FF05BFD1EF000FE1EF0FFFDD2
S214012450554930681FF053FDEB68A34218D120465A
S2140124601EF016FE002862D150481EF087FE04209A
S21401247000F026FD60B1484E484930681FF03FFD28
S2140124801EF0E4FD1EF0E3FD494930681FF037FDFC
S214012490AB68A3427AD120461EF0FAFD00285ED131
S2140124A044481EF06BFE042000F00AFD00286DD0A3
S2140124B0394C3A4920681FF022FD1EF0C7FD1EF078
S2140124C0C6FD3D492068BDE870401FF018BD204696
S2140124D01EF0DEFD0128A3D12E481EF052FE042078
S2140124E000F0EEFC00289BD02B4E2C4930681FF0E4
S2140124F006FD1EF0ABFD1EF0AAFD30498DE7204615
S2140125001EF0C6FD0128A7D126481EF03AFE04207B
S21401251000F0D6FC00289FD01F4E204930681FF0DF
S214012520EEFC1EF093FD1EF092FD254991E7204634
S2140125301EF0AEFD0128ABD11C481EF022FE042081
S21401254000F0BEFC0028A3D0134E144930681FF0DB
S214012550D6FC1EF07BFD1EF07AFD1A4995E7204653
S2140125601EF096FD012811D112481EF00AFE042025
S21401257000F0A6FC50B1084C084920681FF0BFFCCB
S2140125801EF064FD1EF063FD0F499BE770BD00BFA2
S214012590CC0A002008C30300E812002000BE030096
S2140125A031BE0300F0C203007ABE0300D8C20300A6
S2140125B0CBBE0300C0C203001ABF030055BE030012
S2140125C0A2BE0300F2BE030041BF03000368864AB1
S2140125D023F47F4323F00703934273B505D0834A60
S2140125E0934200F0AB8002B070BD814E30460EF0D3
S2140125F03FFF054610B37F4C7F4920681FF07FFCE4
S2140126007E4920681FF07BFC1EF020FD1EF01FFD9A
S2140126107B4B7C4A00937C49952320681FF06FFC16
S2140126207A492B467A4A20681FF069FC284600F052
S2140126308DFC784920681FF062FCFEE702213078A5
S2140126400EF050FF044610B36A4D6B4928681FF020
S21401265056FC6A4928681FF052FC1EF0F7FC1EF073
S214012660F6FC674B674A009367499A2328681FF070
S21401267046FC66492346664A28681FF040FC204609
S21401268000F064FC634928681FF039FCFEE7A022CD
S21401269000900346114630780EF002FF054610B34F
S2140126A0544C554920681FF02AFC544920681FF0F5
S2140126B026FC1EF0CBFC1EF0CAFC514B514A00937F
S2140126C05149A32320681FF01AFC50492B46504A53
S2140126D020681FF014FC284600F038FC4D4920689D
S2140126E01FF00DFCFEE7022130780EF00FFF0546C5
S2140126F000283FF478AF3F4C3F4920681FF0FFFBAE
S2140127003E4920681FF0FBFB1EF0A0FC1EF09FFC5C
S2140127103B4B3C4A00933C49A72320681FF0EFFB44
S2140127203A492B463A4A20681FF0E9FB284600F052
S2140127300DFC384920681FF0E2FBFEE72C4C022115
S21401274020780EF0CFFE054610B32A4C2A492068A1
S2140127501FF0D5FB294920681FF0D1FB1EF076FC3F
S2140127601EF075FC264B274A00932749B52320689F
S2140127701FF0C5FB25492B46254A20681FF0BFFBE5
S214012780284600F0E3FB234920681FF0B8FBFEE76C
S214012790022120780EF0BAFE054600283FF423AF4A
S2140127A0144C154920681FF0AAFB144920681FF035
S2140127B0A6FB1EF04BFC1EF04AFC114B114A00937F
S2140127C01149BA2320681FF09AFB10492B46104A7C
S2140127D020681FF094FB284600F0B8FB0D492068DE
S2140127E01FF08DFBFEE700BFA0000100A000060160
S2140127F0160D0020E812002019BE030069BF030071
S214012800ACBF03006EBF030077BF030086BF0300A3
S21401281083BF03009BBF030030B50368514A23F40E
S2140128207F4323F00703934289B040F09880052246
S214012830002116204C4B0EF08FFE054610B34B4C74
S2140128404B4920681FF05BFB4A4920681FF057FB85
S2140128501EF0FCFB1EF0FBFB474B484A0093484921
S214012860592320681FF04BFB46492B46464A2068F1
S2140128701FF045FB284600F069FB444920681FF01D
S2140128803EFBFEE70DF10F0104A80EF093FE044691
S21401289010B3364D364928681FF031FB3549286894
S2140128A01FF02DFB1EF0D2FB1EF0D1FB324B334A3C
S2140128B000933349642328681FF021FB31492346DE
S2140128C0314A28681FF01BFB204600F03FFB2F49CA
S2140128D028681FF014FBFEE7BDF8143001465BBA0A
S2140128E0ADF818309DF8133008228DF81A30FF2302
S2140128F08DF81B30FE238DF81C309DF81230182001
S2140129008DF81D30BDF810305BBAADF81E3006AB41
S2140129100EF022FE054610B3144C154920681FF030
S214012920EEFA144920681FF0EAFA1EF08FFB1EF03B
S2140129308EFB114B114A00931149742320681FF036
S214012940DEFA10492B46104A20681FF0D8FA2846AE
S21401295000F0FCFA0D4920681FF0D1FAFEE709B035
S21401296030BD00BFA0000100BBBF0300E81200207D
S21401297019BE030069BF0300E9BF0300C1BF03001E
S21401298077BF030086BF030083BF03009BBF03001E
S21401299010B5234C01F088FB01F064FD236F23F092
S2140129A0070343F0030323671EF041FD1D4B002080
S2140129B09B6A9B075EBF01221B4B9A62D4F82031AB
S2140129C023F0030343F00203C4F82031D4F8243182
S2140129D023F0070343F00203C4F82431D4F840314E
S2140129E023F0030343F00103C4F84031D4F8603107
S2140129F023F0030343F00103C4F86031D4F84032F6
S214012A0023F0030343F00103C4F84032D4F8003244
S214012A1023F0070343F00103C4F8003210BD00BFE2
S214012A200080005000C0005000E0005008B502F0E1
S214012A3061F901280ED1114B04205A6E4FF4802300
S214012A400F49520358BF0F4A4B6601F51041086201
S214012A5058BF536603F0B2FF03F056FF03F076FF4C
S214012A601FF0FCF9FFF794FF03F05EFF00F076FC21
S214012A7001F04AF8BDE8084004F00CBC00800050A4
S214012A800090005000A0005030B51C4D95B00DAC24
S214012A900FCD0FC495E80700282384E80700184ADD
S214012AA00021CDE9022305230E24CDE904118DF87A
S214012AB01130062322460DF1260006918DF81330BB
S214012AC028F03EFA4FF480210E4B0DAACDE90713EC
S214012AD00D238DF824300C4B07A90A9320230B9362
S214012AE001238DF83130094B0948009302AB8DF86C
S214012AF0254004F091F915B030BD00BF44C2030073
S214012B0000C0055024C00550712B00203012002053
S214012B1084120020831E012B10B512D8012922D859
S214012B20114B04221B6905210020C3F3401301F059
S214012B30E5FE0E4B1B681868A8B1BDE81040436A55
S214012B4018478B1E012B0CD801280CD8BDE8104065
S214012B500022054B05211B691046C3F3401301F003
S214012B60CDBE0129E5D910BD00C00350C00A002022
S214012B7008B50449044804F053FCBDE80840FFF7D3
S214012B8083BF00BFC40A0020A812002001481FF01E
S214012B9024BB00BF84120020014B1A6A1868104734
S214012BA08412002008B507481EF06DFA06481EF08C
S214012BB06AFA06481EF067FABDE8084004481EF0A7
S214012BC062BA00BFA8C2030090C2030078C2030025
S214012BD060C2030008B51C481EF0CDFA1B481EF063
S214012BE0CAFA1B481EF0C7FA1A481EF0C4FA1A4859
S214012BF01EF0C1FA19481EF0BEFA19481EF0BBFABB
S214012C0018481EF0B8FA18481EF0B5FA17481EF014
S214012C10B2FA17481EF0AFFA16481EF0ACFA16487C
S214012C201EF0A9FA15481EF0A6FA15481EF0A3FADA
S214012C3014481EF0A0FA14481EF09DFABDE808409C
S214012C4012481EF098BA00BF58C4030040C40300DF
S214012C5028C4030010C40300F8C30300E0C3030044
S214012C60C8C30300B0C3030098C3030080C30300B6
S214012C7068C3030050C3030038C3030020C3030026
S214012C8008C30300F0C20300D8C20300C0C2030099
S214012C90184B37B583422AD1174B1B783BB3C8B2C2
S214012CA00EF048FC054610B3144C154920681FF079
S214012CB026F9144920681FF022F91EF0C7F91EF004
S214012CC0C6F9114B114A00931149852320681FF05C
S214012CD016F910492B46104A20681FF010F92846AD
S214012CE000F034F90D4920681FF009F9FEE703B03A
S214012CF030BD00BFB0120020942B0020E812002047
S214012D0019BE030069BF0300E3C4030070C40300D7
S214012D1077BF030086BF030083BF03009BBF03008A
S214012D2030B500250368584A23F47F4323F0070390
S214012D3085B0934204460295ADF80C507ED002F55C
S214012D40802293420ED0A2F18272934240F09A8082
S214012D504E4B1B78002B00F0958005B0BDE8304047
S214012D601FF06EBBB0F805301B2B40F08B80FF23A5
S214012D7004A91A4611E903001EF061F9012814BFDF
S214012D8041F2FC15414B05F0FC0208BF18701B21EF
S214012D9020790EF0F7FB054610B33D4C3D492068FF
S214012DA01FF0ADF83C4920681FF0A9F81EF04EF957
S214012DB01EF04DF9394B3A4A00933A495923206897
S214012DC01FF09DF838492B46384A20681FF097F8BF
S214012DD0284600F0BBF8364920681FF090F8FEE759
S214012DE0344900902379344A0968344800F008F9D8
S214012DF00546002846D0264C264920681FF07FF855
S214012E00254920681FF07BF81EF020F91EF01FF9F7
S214012E10224B234A00932349622320681FF06FF850
S214012E2021492B46214A20681FF069F8284600F000
S214012E308DF81F4920681FF062F8FEE7B0F80530EC
S214012E40B7EE047A07EE903AF8EE677AB0F80730F4
S214012E5067EE877A013307EE103AB8EEC77A67EE67
S214012E60877AB1EE047A67EE877AFAFE677AFCEE25
S214012E70E77A17EE903AB3F57A7F38BF4FF47A7354
S214012E800C4A136005B030BDA0000602942B00204A
S214012E90E812002019BE030069BF0300F2C4030054
S214012EA070C4030077BF030086BF030083BF03001F
S214012EB09BBF0300DC0A0020912C0100B012002009
S214012EC00B4B02461B7883B10A4B1B78834234BFF7
S214012ED000200120084B1B7833B1084B1B781341A7
S214012EE013F0010F08BF002070470120F2E700BF72
S214012EF04C0D00204B0D0020952B00204A0D002084
S214012F00012208B5074B1A700022074B1A700422DB
S214012F10064B1A701F22064B1A7003F079FD054BFB
S214012F20186008BD4C0D0020952B00204B0D00208D
S214012F304A0D0020E8120020024B034918681EF0D3
S214012F40DEBF00BFE812002012C5030070B50C4CAE
S214012F500C49064620681EF0D2FF03F059FD0546CF
S214012F60206803F049FD3046FFF7E6FF284603F0E8
S214012F7043FD20680449BDE870401EF0C0BF00BF95
S214012F80E812002014C5030016C5030038B505462F
S214012F901EF069FA00230B4A14685CB1AC4206D1F4
S214012FA0A96A6BB199621EF064FA012007E0234614
S214012FB0A46AF2E7002DF3D01EF05BFA204638BD76
S214012FC01160F0E7EC12002010B5044698B104F049
S214012FD091FE2046FFF7DAFF10B194F82C300BB9BA
S214012FE0002010BD1EF03FFA044A1368013B13602F
S214012FF01EF03FFAF4E72220F3E700BFF0120020AC
S2140130002DE9F04385B00546914698460E469DF853
S214013010307009B9002F5CD12846FFF7D5FF04466A
S214013020002836D185F82C00686304F055FF8642E7
S21401303033D904F0F1FE2146844640F2E7304FF4DE
S2140130407A720023E6FB0C011CF0E6FA4FF0FF3221
S21401305000231CF0E1FA2B46E88611462846CDE906
S21401306000441D4A1FF079F9044690B9C5E908984D
S21401307085F82D702E631EF0F6F9184A136833B3DF
S2140130801A469B6A002BFBD195620023AB621EF0A9
S214013090F0F9204605B0BDE8F08347B12B4631462E
S2140130A02846CDE900440C4A04F0DAFEDCE7304657
S2140130B003A904F0B7FE04460028EAD12B462846A9
S2140130C0CDE90077044A03991FF023F9CCE7156090
S2140130D0DBE72124DDE700BFE1300100EC12002030
S2140130E091F82C3013B50C4683B98B8ECA8E934259
S2140130F00ED243B9CDE9003320460B46104A4FF0B5
S214013100FF311FF0EAF8A38E0133A38602B010BD8B
S21401311052B191F82D307BB101230093D1E90823F8
S2140131202046096BFFF76CFF0123064A84F82C3012
S214013130136801331360E9E7084604F0DBFDF3E7A3
S214013140E1300100F01200202DE9F041144E336801
S21401315023B34FF00008134F1EF085F905463C686F
S21401316024B92846BDE8F0411EF083B994F82C3006
S21401317093B1336884F82C80013B336094F82D308A
S21401318013B92046FFF702FF28461EF072F9D4E96C
S214013190083120469847DFE7A46AE1E7BDE8F081F9
S2140131A0F0120020EC120020034B1B68002B14BF0A
S2140131B004200120704700BFF0120020024B18685F
S2140131C0B0FA80F040097047F01200200348044A24
S2140131D00449121A92101DF03CBF00BF18140400D7
S2140131E018140400AC2C002008B500F02FF8FFF7E7
S2140131F0EDFF124B12498B4212D30020114B12499C
S2140132008B4218D3FFF77CF8186850F822405868AC
S21401321040F82240013298688242F5D30C33EAE73F
S2140132200022F8E71C6844F8220001325C68A242DA
S214013230F8D30833E4E70022F8E700BF840F040060
S214013240900F0400900F0400900F04004FF400410B
S2140132504FF0FF30124B134A10B59A60D3F888200E
S21401326042F47002C3F888200F4A916601F1884142
S21401327001F5005210664FF6DF7050660220C3F863
S214013280D000BFF34F8FBFF36F8F08244FF4403346
S2140132900648C0F88041D36004600B6110BD00BFD2
S2140132A000ED00E0002001000090005000E100E089
S2140132B0014B1868704700BFE40A0020084B1B6FDB
S2140132C003F00703022B04D0032B05D0012B05D0F6
S2140132D0FEE7044B18687047034BFBE7034870474B
S2140132E000800050E40A0020EC0A0020002D310185
S2140132F008B5FFF7E3FF054B1B6FC3F30333013339
S214013300B0FBF3F0024B186008BD00BF0080005010
S214013310E00A00200048704700B4C404014B186856
S214013320704700BFEC0A0020054B1860054B1B6F69
S21401333003F00703032B01D1FFF7DABF704700BF85
S214013340EC0A00200080005000487047002D310133
S214013350014B1868704700BFE80A002000239B6AEB
S21401336010B5B3F5903F11D219680A4A91420DD1B2
S214013370094C227812F0FD0F01D0002010BDDB6948
S21401338098470028FAD101232370F6E74FF481709D
S214013390F4E700BF07B0CD5E962B00204FF0005338
S2140133A0074A1A60BFF34F8F0649074BCA6802F4F3
S2140133B0E0621343CB60BFF34F8F00BFFDE700BF52
S2140133C002020FF000ED00E00400FA050346054A8C
S2140133D00549106803448B428CBF4FF0FF301360E1
S2140133E0704700BFF00A002000800020F7B504688F
S2140133F0012105463A2000F07DFD00230122617976
S214013400207901F07BFA14233021227911FB023155
S21401341001F1A04101F5703109686379D940C943CA
S214013420A37901F00101022B217017D100F0C2FA35
S214013430164A2B466179207900F0E6FAFF28024603
S21401344060790ED12A46114900F008FB0123024695
S21401345061792079CDE9003301F0F6F9002003B057
S214013460F0BD01262779002301460096384601F073
S214013470ADFA2A460549607900F0F0FA0023617931
S21401348002462079009301963346E5E79B10030038
S21401349010B5012243780178847830209A40054B94
S2140134A000FB01331CB942F210015A5010BD41F223
S2140134B01001FAE700C0035010B5012243780178E5
S2140134C0847830209A40054B00FB01331CB941F249
S2140134D010015A5010BD42F21001FAE700C0035025
S2140134E02DE9F04F9A46564B85B01B7806460F4697
S2140134F01546DDF83C909DF844B0DDF85080002B71
S21401350000F09780072A00F296800E9B002B00F0B1
S2140135109280B9F1000F00F08E80129BB3F5006F18
S21401352000F38980012803D1109B002B00F08380D3
S214013530444B03EB05131B7B002B7ED0424C102221
S2140135400021684627F0FCFC04EB45141022A7BBBB
S2140135503946204627F0F4FC43F210036380BBF1A2
S214013560000F03D1E37843F00303E370364A0E9B62
S21401357002EB451CCCE90193129B6901581E9DF88C
S2140135804C30C0F30A0003F003039B0643EA001E17
S21401359053582E48012E00EA03004EEA0003CDF8E8
S2140135A000A0535017D0B8F1000F2ED19CF802306E
S2140135B068F304138CF8023027E00021204627F038
S2140135C0BFFC4FF444736380BBF1000FCED1E378A8
S2140135D043F03003C9E713230CF1100ECCF80C307E
S2140135E09CE80F008EE80F006FF00301DCF81C204A
S2140135F0109B61F39F02012FCCF81C20CCF81430ED
S21401360003D1CCF81890CCF8043000270D4A2901D4
S21401361002EB051342F80180159A28465A6069465E
S21401362022469F605E7301F04DFA384605B0BDE84C
S214013630F08F0748FAE70748F8E70748F6E700BFBC
S214013640972B0020F4130020F41200200F80FFF3C4
S214013650028000F0018000F0078000F038B5124BC0
S21401366005461B78DBB1E0B11DF0FDFE0F4A0023D5
S2140136701146147B54B92B6001251A0101EB031383
S2140136801D738C501DF0F5FE204638BD0133082B06
S21401369002F11002EDD11DF0ECFE0548F5E70548F4
S2140136A0F3E70548F1E700BF972B0020F41300204D
S2140136B0048000F0028000F0018000F038B51DF0B3
S2140136C0D2FE002305460B4A147B6CB90133082B46
S2140136D002F11002F8D101F097F9074B28461C7049
S2140136E01DF0C7FE204603E028461DF0C2FE034833
S2140136F038BD00BFF4130020972B0020058000F092
S2140137000D4B10B51B78044693B1072812D81DF04F
S214013710AAFE0A4B03EB04131A7B2AB100241C737E
S2140137201DF0A7FE204610BD1DF0A3FE0448FAE7D3
S2140137300448F8E70448F6E7972B0020F413002026
S214013740068000F0028000F0018000F0154B13B5F2
S2140137501868002301908DF804301DF084FE124B8A
S2140137601C7824B11DF085FE104802B010BD012260
S2140137701A701DF07EFE0E4B01A81C731C7783F891
S2140137802C4083F83C4083F84C4083F85C4083F837
S2140137906C4083F87C4008238DF8073001F060F90F
S2140137A02046E2E76CC50300972B0020038000F05B
S2140137B0F41300200A4A08B512785AB107280BD824
S2140137C0084A02EB00131B7B43B1002101F03AF9D2
S2140137D0002008BD0448FCE70448FAE70448F8E777
S2140137E0972B0020F4130020028000F0018000F0E7
S2140137F0078000F00A4A08B512785AB107280BD894
S214013800084A02EB00131B7B43B1012101F01AF9B0
S214013810002008BD0448FCE70448FAE70448F8E736
S214013820972B0020F4130020028000F0018000F0A6
S214013830078000F00A4A08B5127852B107280AD85C
S214013840084A02EB00131B7B3BB101F087F900200D
S21401385008BD0548FCE70548FAE70548F8E700BF54
S214013860972B0020F4130020028000F0018000F066
S214013870078000F00D4B1B7893B1072812D889B149
S2140138800B4B03EB00131B7B73B10A4B1A6D012321
S2140138908340134214BF0123002300200B7070479E
S2140138A0054870470548704705487047972B002024
S2140138B0F413002000000450028000F0018000F0A4
S2140138C0078000F00B4A10B512780C4662B1072843
S2140138D00CD859B1084A02EB00131B7B43B101F027
S2140138E04FF92070002010BD0448FCE70448FAE7B1
S2140138F00448F8E7972B0020F4130020028000F01C
S214013900018000F0078000F0184B2DE9F0411F6D93
S2140139105B6D1F4000D5FEE701260025144CDFF83D
S2140139205880374218D02368C8F85060A3B1A16800
S214013930284601316268A1609847637B012B0BD151
S21401394050B90C4B03EB45131A7B60F341021A7313
S2140139501A7F60F341021A770135082D4FEA4606B1
S21401396004F11004DDD1BDE8F08100BF0000045071
S214013970F4130020F41200200020045070B5044611
S21401398001250B4E04B970BD94FAA4F0B0FA80F08C
S21401399005FA00F306EB001224EA03045368002B31
S2140139A0F0D0117B11B191689847EBE79847E9E7AA
S2140139B07414002008B5192000F080FD28B14FF0DE
S2140139C00072074BC3F880211A601A2000F076FDBA
S2140139D028B14FF08062024BC3F880211A6008BDFF
S2140139E000E100E038B505460C461DF03CFD00221E
S2140139F0044B03EB05135C601A73BDE838401DF0F9
S214013A0038BD00BF74140020F8B504460D461746AD
S214013A101E461DF028FD1CB9052D0DD0FF2414E00F
S214013A20012C03D1012DF9D1032405E0022CF5D197
S214013A307DB1052DF2D10724074904F1100301EBEE
S214013A4003110123C1E901760B731DF012FD204617
S214013A50F8BD0624F0E700BF74140020F8B505464B
S214013A600E4617461DF0FFFC134B2C46D3F82424B4
S214013A7005F0FC0122FA05F3DB0712D5002301331A
S214013A80DBB2042B04D1FF241DF0F3FC2046F8BD65
S214013A90EC1804F003040C4422FA04FC1CF0010F99
S214013AA0EDD1FF2CF0D00122044B03EB0413C3E944
S214013AB001671A73E8E700BF00C0035074140020C2
S214013AC0074BD3F82404D3F8202403F50053104001
S214013AD000F0553020F05020C3F82004FFF74EBF09
S214013AE000C00350074BD3F82404D3F8202403F571
S214013AF00053104000F0AA3020F0A020C3F82004A4
S214013B00FFF73CBF00C00350024B1968024B186810
S214013B1014F022BDF40A0020140B002070B59400A6
S214013B20224605460E4628F04FF9431C0AD058B9DE
S214013B3022463146284627F0D9F90028034808BF0F
S214013B40002070BD0248FCE70248FAE710E000F0EA
S214013B5021E000F024E000F010B5044628F02CF92E
S214013B60431C10D088B901F0CDF8234620F003009D
S214013B702044984201D1002010BD53F8042B013295
S214013B80F7D00348F8E70348F6E70348F4E700BF31
S214013B900EE000F021E000F024E000F008B51DF092
S214013BA05BFC014B186008BD641D0020014B1868C2
S214013BB01DF056BC641D0020044BD3F88420D206A9
S214013BC0FBD4D3F88400C0F3811070470040005046
S214013BD038B5104B0546D3F820310C4603F00303E5
S214013BE0022B0BD0032B0DD0012B0FD1FFF760FB5F
S214013BF0052305B1286004B1236038BDFFF78EFBAD
S214013C000323F6E7FFF7A0FB0223F2E701230020D8
S214013C10EFE700BF0080005073B50D4600210E4B44
S214013C200191D3F88041064604F00304012C09D023
S214013C30022C0CD00C460EB1019B336005B12C60F2
S214013C4002B070BD01A8FFF7C3FF0F24F3E7FFF72B
S214013C507BFB0190EFE700BF0080005038B5184BA2
S214013C600546D3F824010C4600F00700062823D8A1
S214013C70DFE800F0040A121A1E0E1600012305B131
S214013C80286004B1236038BDFFF712FB0523F6E771
S214013C90FFF70EFB0623F2E7FFF740FB0323EEE7F1
S214013CA0FFF73CFB0423EAE7FFF74EFB0223E6E7B8
S214013CB01DF0DAF90723E2E700231846DFE700BF25
S214013CC00080005038B5104B0546D3F840310C46FD
S214013CD003F00303022B0BD0032B0DD0012B0FD1C6
S214013CE01DF0C4F9092305B1286004B1236038BD6D
S214013CF0FFF72EFB0823F6E71DF0BBF90B23F2E7CF
S214013D0001230020EFE700BF0080005038B5144BB8
S214013D100546D3F800020C4600F0070004281BD81D
S214013D20DFE800F003090D111500012305B1286035
S214013D3004B1236038BD1DF099F90923F6E7FFF7B2
S214013D4007FB0823F2E71DF094F90B23EEE7FFF7D4
S214013D50CFFA0E23800AE9E700231846E6E700BFFC
S214013D600080005038B5104B0546D3F840320C465B
S214013D7003F00303022B0BD0032B0DD0012B0FD125
S214013D801DF074F9092305B1286004B1236038BD1C
S214013D90FFF7DEFA0823F6E71DF06BF90B23F2E7CF
S214013DA000231846EFE700BF0080005038B5104BDF
S214013DB00546D3F860310C4603F00303022B0BD003
S214013DC0032B0DD0012B0FD11DF050F9092305B19E
S214013DD0286004B1236038BDFFF7BAFA0823F6E776
S214013DE01DF047F90B23F2E701230020EFE700BFA0
S214013DF00080005010B40D4C0B46D4F8204204F05D
S214013E000304012C0AD0022C0CD008B10021016059
S214013E100BB100221A605DF8044B70475DF8044B45
S214013E20FFF7D6BE5DF8044BFFF74CBF008000508D
S214013E3038B50C4605461DF00FFB054B9A6A5440F3
S214013E402C4054409C62BDE838401DF009BB00BFC1
S214013E5000C00050B0F5207F1FD009D8B0F5007F14
S214013E6015D003D868B1B0F5C07F0AD000200CE0A9
S214013E70B0F5607FFAD10B4BD3F88000C0F3011088
S214013E8003E0084B186FC0F3033001307047054B51
S214013E90D3F89000C0F30460F7E7024B186FC0F345
S214013EA08020F2E7008000504FF400320E4B0146AE
S214013EB010B500209A66FFF7CDFF484341F67132F0
S214013EC00A490B4B884294BF00200120DC69DA6363
S214013ED09A6822F4401242EA00529A60E20344BF12
S214013EE00022DA6310BD00BF00900050005A620243
S214013EF000000350420910B50FD0012A0FD00A4B1B
S214013F000A4C022A18BF234600F01F0049B103F5E8
S214013F108053012282401A6010BD1346F4E7044B19
S214013F20F2E703F50053F4E7688000506082005022
S214013F306480005008B580201DF0B0F9034B98420C
S214013F409EBF4FF48032024B1A6708BD005A6202C8
S214013F5000A000501FB50023B0F5807F019377D0F5
S214013F6028D8382800F094800BD82438092810D88F
S214013F7009280ED8DFE800F0676767670D0D620D48
S214013F80377D52285FD008D83D283BD03E2800F028
S214013F908480019805B05DF804FB8028F9D1414B77
S214013FA01B6F03F00703013B032BF2D8DFE803F096
S214013FB044413F6CB0F5D06F5BD019D8B0F5A06F17
S214013FC066D00AD8B0F5806F3DD0B0F5906FE0D1DD
S214013FD0002001A9FFF742FEDBE7B0F5B06F2DD058
S214013FE0B0F5C06FD5D1002001A9FFF76BFED0E771
S214013FF0B0F5006FECD00AD8B0F5E06F4DD0B0F553
S214014000F06FC6D1002001A9FFF7D0FEC1E7B0F5D9
S214014010086FBED1234BD3F8003103F00303022B04
S2140140202CD0032B2ED0012B30D1FFF777F90323A9
S21401403000E005230193ACE70223FBE7002001A97A
S214014040FFF7EAFDA5E7002001A9FFF7C1FDA0E7FC
S21401405002934FF0E0231B695B0705D5FFF748F98C
S2140140600C230393039BE5E703A902A8FFF72AFEA7
S214014070F8E7002001A9FFF749FE8AE7FFF768F98C
S2140140800823D7E71CF0F0FF0723D3E70123D1E786
S214014090002001A9FFF7AEFE7BE7002001A9FFF78C
S2140140A061FE76E7008000504FF40022034B5A660B
S2140140B0012203F580439A62704700BF00900050CA
S2140140C008B5FFF747FF082811D00938012802D99B
S2140140D04FF6FF7008BD4FF40012064B5A6603F503
S2140140E0D8335B6ADB07F3D54FF4FA70F2E7024B7D
S2140140F01888EFE700900050040D0020F8B504463C
S2140141008020FFF727FF032800F087804FF4002266
S214014110424B02215A6645F60E03414AC2F88030E8
S214014120404B9962012103F580539962936DD9033F
S214014130FCD4D4E900131B0543EA0163E17B94F840
S21401414020500B43217BE77E43EA0143617B6D01EF
S21401415043EA0133A17B43EA811313619169D4E9F0
S21401416004031B0643EA806301F000410B43A17E72
S21401417094F823000B43217E43EA0143617E43EA20
S21401418001239361136AE66923F00D0394F8221064
S21401419043EA8703002E2DD11362966A94F82130E4
S2140141A045EA031326F033052B4343F001039362DC
S2140141B01D4D1B4B9A6D35EA0202FBD10222194DA9
S2140141C0AA621A659A6D5200FCD41A69A56822F48F
S2140141D0700242EA05521A614FF00042114B9A6191
S2140141E019B9022203F580539A6278B901220F4B5E
S2140141F09A620BE0334343F008031362936A23F099
S214014200330303432B4343EA4103936294F8243078
S2140142101BB1034B064AC3F88020F8BD009000503E
S21401422000C0005000D000500300014000E00050E4
S214014230F1A7FFFF1E4BFF2870B59E6A35D89A6D11
S21401424012F4803F18BF01211A4A18BF9162022159
S21401425091629B6DDC0303D5154A936D9907FCD5D6
S2140142600222144B124D1A65AC6D14F08044FBD13A
S214014270114AAB6992F9002023F47F03024423F428
S2140142807F4382F3080243EA002343EA0243AB6119
S21401429031460220FFF7CCFDAB6DDB0303D531467B
S2140142A00120FFF7C5FD204670BD2124FBE700BFB6
S2140142B000C0005000D00050982B0020014B93F90D
S2140142C000007047982B002001221548154B816A83
S2140142D09A62826D02F00302032AFAD102229A62DE
S2140142E01A650F4A936D5B00FCD40F48936D30EA54
S2140142F00303FBD101220B4B1A65A3F580539A6D7C
S2140143009007FCD49A6D9207FCD50222054B1A65DC
S214014310034A936D9B07FCD50320FFF789BD00BFB9
S21401432000C0005000D0005003000100014B18806F
S214014330704700BF020D00204FF4001208B5184B5D
S2140143405A660223174A5360936813F48033FBD1ED
S214014350012822D1FEF7E2FF134B984215D003F550
S214014360122303F5F863984213D0104B00EB80023A
S214014370400AB3FBF0F3520A0A49CA620B630123EF
S2140143804B620022074B5A6008BD45F67A13084A6D
S214014390F2E745F61A03074AEEE75362F1E700BF74
S2140143A0009000500040025000F0490264666666C4
S2140143B0D8B80500BBCF0500B0F5207F10B50C4678
S2140143C042D008D8B0F5007F33D003D888B1B0F515
S2140143D0C07F0ED010BDB0F5607FFBD11F4A4C1ECA
S2140143E0D2F8803023F0300343EA0413C2F8803059
S2140143F0F0E71CF04BFF1DF015F84FF48031184B19
S214014400164A1967136F013C23F4704343EA0433D9
S2140144101367FEF76DFF0446FFF7CEFBC0F10201FE
S21401442020461CF0F9FF00F02DF8BDE81040FFF71C
S21401443081BD0A4A4C1ED2F8903023F0F85343EA65
S2140144400463C2F89030C5E7044A4C1E136F23F488
S214014450806343EA84231367BCE700BF00800050F3
S2140144600090005008B50121022000F0F5F81CF07C
S2140144700DFF1CF0D7FF4FF48032014B1A6708BDC1
S2140144800090005008B54FF4C0701CF007FFBDE85F
S21401449008400449884294BF012102214FF420704C
S2140144A0FFF78ABF80F0FA02034B5868C0F3080092
S2140144B0003818BF0120704700ED00E0054B4209A7
S2140144C053F8223000F01F0023FA00F0C04300F03A
S2140144D00100704700E100E010B5224B70B94FF4BF
S2140144E00031214A1860516602F598325268012A55
S2140144F003D11E4AD2F800211A6010BD1B68002B9A
S214014500FBD01B4A5268012AF7D0184A8020C2F80D
S2140145100031FFF71FFD05281FD14FF4C070FFF7CC
S21401452099FC0128044604D102214FF4C070FFF71C
S21401453043FF07220F4B1A610122A3F580535A60ED
S2140145400B4A1369DB07FCD5012CD6D12146BDE801
S21401455010404FF4C070FFF72FBF0122064B5A6080
S214014560CBE700BF681D002000900050008000507F
S21401457000C0015000E0015000D00150044A4178CB
S214014580536F23F4407343EA01235367704700BF18
S2140145900040005010B5044610B10020FFF79CFF04
S2140145A0104A136943F00403136103F075F91CF014
S2140145B063FF0D4B0D4AC3F820241CF04DFF27F076
S2140145C0FFFB1CF04DFF1CF058FF03F08DF91CB9E2
S2140145D0BDE81040FEF78CBE0120BDE81040FFF795
S2140145E07BBF00BF00ED00E000E003500000FF0FBE
S2140145F010B5044610B10020FFF76EFF0E4A13698E
S21401460043F0040313610D4B0D4AC3F8202403F055
S21401461043F91CF021FF27F0D3FB1CF021FF03F028
S21401462063F91CB9BDE81040FEF762BE0120BDE883
S2140146301040FFF751BF00BF00ED00E000E003505F
S2140146400000FF0F034A0179D36E23F030030B43BA
S214014650D366704700400050F8B504461C4BD3F8AB
S2140146608420D106FBD4D3F88430C3F381139C4253
S2140146702CD0FEF723FE012C064602D121461CF063
S214014680CBFE1CF0E9FE4FF00072124B07465A664D
S21401469020461CF0F9FE4FF480630D4D621E9340D8
S2140146A02B676B6E9A0103D4D5F884309B060AD526
S2140146B038461CF0D5FE022C08D13046BDE8F8403D
S2140146C000211CF0A9BED5F88430EAE7F8BD00BF8A
S2140146D0004000500060005010B50C4608B9FEF7C7
S2140146E0EDFD074B21461B783BB1064B984204D89B
S2140146F00120BDE81040FFF7AFBF0220F9E700BF79
S214014700992B0020005A62020278034B01210020F7
S2140147101A70FFF7E1BF00BF992B00204FF000424F
S21401472038B5264B26495A6601224A604AF6CD31EB
S21401473003F50B235D6C1964154030BB9968C907F6
S2140147400BD4002401221F4B5A6015B11E4B1F4A81
S2140147501A6425F02CFF204638BD1A498A601C4A87
S214014760D96ACC0705D4904201D10724EAE7013083
S214014770F6E79042E5D1F8E70132DC6A14F0080466
S21401478006D08A42F8D10724DFE700221049F4E771
S2140147908A42F8D020220B4B0B495A620122A3F51C
S2140147A080539A6023460A4A486A800603D4934295
S2140147B0E9D00133F8E79342C7D1E4E7009000500F
S2140147C00050095000600950004009503254FFFF64
S2140147D040420F004FF0004238B5174B174C5A664F
S2140147E0012203F50C235A604AF6CD33656C236427
S2140147F0437893401343124AD363C3788178A268FF
S2140148009B0043EA011322F074021343A36002796A
S214014810837943EA022323614279C37943EA022377
S21401482063610078FFF77AFFEB0744BF054B23640B
S21401483025F0BDFE012038BD009000500040095013
S214014840004000503254FFFF072A2DE9F04115467B
S21401485098464FF0030401F003072DD89600B440A4
S21401486000FA06F221461C481CF00FFE21461B48A2
S21401487007FA06F21CF009FE194B1A499DF81800B2
S214014880B8F1000F18BF1946012303FA05F50D60AC
S214014890154B1649002818BF0B461D60144B9DF892
S2140148A01C00C3F82054103103F22443002818BF1B
S2140148B00B461D60BDE8F081A2F10806B600B440C3
S2140148C000FA06F221460B481CF0DFFD21460A4895
S2140148D007FA06F2CEE700BF00C4035008C403502F
S2140148E010D4035010E4035014E4035014D40350BE
S2140148F000E0035004C403500CC40350F8B504464A
S2140149000D461F4616464AB101238B403021184AF0
S21401491001FB0022F7B141F21001535004EB4403AE
S214014920072D4FF00F014FEA031316D8A80006FA19
S21401493000F281400F4818441CF0A7FD4EB9012330
S21401494030210B4AAB4001FB042277B141F2100142
S2140149505350F8BD42F21001DFE7A5F108008000D0
S21401496006FA00F281400448E5E742F21001EFE75B
S21401497000C0035004C003500CC00350104B01404C
S214014980D3F8302422EA0002C3F83024D3F83024C6
S2140149901143C3F83014D3F82C240243C3F82C2453
S2140149A0084AD36E03F03003202B1FBFD36E23F0CB
S2140149B0300343F01003D366034BC3F8200470475B
S2140149C000C003500040005000E0035038B51446C4
S2140149D01D46032283F00103FFF790FF012004F137
S2140149E01001884005FA01F1FFF7C8FF9DF8101085
S2140149F0034B044A002918BF1346186038BD00BF90
S214014A0024E4035024D403504FF400120B4B10B58A
S214014A10C3F88020BFF34F8FBFF36F8F0024FF22B0
S214014A20074B21465C6520209A625C60FFF762FABC
S214014A302146BDE810402120FFF75CBA00E100E006
S214014A4000000450044A054B002908BF1346012202
S214014A5082401A60704700BF401004504020045046
S214014A6010B5012104462020FFF744FA0121212038
S214014A70FFF740FA0122114B5A60227812069A601B
S214014A806178A27842EA01429A61FF229A62002284
S214014A909A631A644FF000425A654FF0FF324FF4A2
S214014AA0001103F500531A65054AC2F88011E37830
S214014AB01B01DBB282F81533116010BD00000450F3
S214014AC000E100E0F8B50125C3B2DFF888C0D1F8EF
S214014AD000E09D408F7ACB7A0C46097BCCF850508B
S214014AE00CF5005C4CF820E04FF0300E184E1B051C
S214014AF00EFB006094F80DC043EA074343EA4153B6
S214014B0022F00302C0F860C0C36502671CF0ABFC6C
S214014B10736D2B437365237A13B1336C2B43336464
S214014B20637A13B1B36B2B43B3632279A37943EA58
S214014B300243084A93616179E37943EA01430649EE
S214014B408B61034B55639D64BDE8F8401CF091BC36
S214014B5000000450002004500010045010B5012439
S214014B60C0B284401CF07FFC044B5A6D22EA04025A
S214014B705A659C62BDE810401CF07BBC00000450E6
S214014B8010B50124C0B284401CF06DFC074BDA6AF4
S214014B90224208D15B6B9C430CBF012400241CF00D
S214014BA068FC204610BD0024F9E700BF0000045051
S214014BB04FF40032054B9A6641F6713203F51C3309
S214014BC0DA63012203F50053DA6070470090005063
S214014BD041F671320121064BDA6303F50052D160CA
S214014BE00022DA634FF40032A3F518339A66704751
S214014BF000000350CB784A7810B55B010C7843EA85
S214014C0082030A79234343EA02130C22424302F148
S214014C10B0421363012C02BF8A78024B43F820206E
S214014C2010BD00BFE880035008B54FF0B0435A6886
S214014C306AB958B15B680BB11CF036FC01210D4B0B
S214014C4059601CF031FC4FF0B043D96008BD5B6879
S214014C500BB11CF029FC0028F0D11CF025FC4FF00C
S214014C60B0430222DA601CF01FFC0122024B5A609C
S214014C70ECE700BF00100058002000584FF0B0418C
S214014C804B6810B50BB11CF00FFC01220B4BC4781E
S214014C905A608378934043EA840344782343047933
S214014CA043EA0413447943EAC4038B60044B5A6015
S214014CB00378C3F10203CB6010BD00BF002000588B
S214014CC0001000584FF48032064B5A6603F5E6236F
S214014CD05B69C3F38512827003F03F021B0B4270BF
S214014CE00370704700900050014B986CD96C704768
S214014CF00080E00F024B1868C0F30740704700BF02
S214014D000080E00F0120034B9B680A3303F01F036A
S214014D10984070470080E00F70B5054616461C4661
S214014D2021B94FF420701CF0B9FA0146402C1BD073
S214014D3003D8DCB1202C1BD070BD602CFCD1042321
S214014D4003FB06F2530803EB4113B3FBF2F3094AE4
S214014D50203B02EAC303AA6822F06002AA60AA689E
S214014D601443AC60EB61E7E70623E9E71023E7E7C6
S214014D700823E5E7F8FF7F00012200F580535A601B
S214014D8040F6AA6341F20502436100230B498360A2
S214014D90C365C26000F500520361C361C3649164D8
S214014DA007498365884203D103650023436502E012
S214014DB004498842F8D0012353607047FFFF010081
S214014DC000C005500000065070B50D46FFF7D4FF31
S214014DD0012300F580567360AB7C04461BB18368E3
S214014DE043F080438360EB7C5BB1354A2B7D944274
S214014DF045D1A2F51032C2F88C31E36D43F0800341
S214014E00E3652A8A6B7B20461343EA891343E360F2
S214014E102B7BD5E90112FFF77FFF6B7D1BB1A368E2
S214014E2043F48033A360AB7D1BB1A36843F4004316
S214014E30A360EB7D2A7E1B07120502F4E00203F055
S214014E40E0431343A365697E1D4A8B1E012B1D4B50
S214014E501FD894421BD002F5804294420CBF012217
S214014E604FF0FF3203EB4213022041F21C6203298A
S214014E70985020D10423F3652B78636170BD124AE4
S214014E80944204BFA2F52032C2F89C31B5E7002255
S214014E90E8E794420DD00C4A94420CBF01224FF031
S214014EA0FF3203EB4213022042F21C6201299850A2
S214014EB0DFE70022F5E7042204F50053DA65DBE7B5
S214014EC000C0055000C003500000065038B5044627
S214014ED0054D25F090FB0FCC0FC594E8030085E83F
S214014EE00300002038BD00BF6C1D002047F6FF738D
S214014EF09A42F0B56FD002296FD8394B5B5C012B13
S214014F006BD8384DDF0005EBC30415F83330A178B4
S214014F10012B13D10025E078401AA84202D8084494
S214014F20C0B2F0BD431B6668A0EB530336F91360AD
S214014F309642D4BF1D4603F1FF30EEE760680028B5
S214014F40EFD0B0F90040944204DBB0F9024094423D
S214014F50B8BF144683883D44FF2B19BFC8224FF0C3
S214014F60280CB0F90620B0F908C0A2EB04030CBF68
S214014F700126002693FBFCF333446E781BB29E4257
S214014F8001DD002B01DA731E1BB24FF47A7C01336C
S214014F909BB2071D5D1E2DB24FEAC50E00EBC5057F
S214014FA0EA88AD689E4214FB025222EAE27202F1DE
S214014FB05C02B2FBFCF204DD37F833500133954254
S214014FC0E8D200EB0E039888904228BF104688422C
S214014FD038BF0846A4E7FF20A3E70020A1E700BFEB
S214014FE091C503006C1D00200229F0B555D82C4B45
S214014FF0585C012851D82B4C04EBC00114F8300042
S2140150004B6801280FD1C8788C78904294BFC4EBC6
S2140150100001C4EB0201001BCAB28242C8BF0022D3
S21401502033F91200F0BD002B37D08878904202D3B6
S214015030B3F90200F6E7CC78B3F900009442F1D94F
S2140150404C789988013CA1F1FF06714203F10405F1
S214015050E4B2714103F10C07CEB2B44216D805EBA7
S214015060C1014FF47A756A43B1F902404968521A90
S21401507004EBD47102EB610292FBF4F29042D1DBB5
S214015080B3F902009042CDDC10B2CBE737F831C05D
S2140150904E1C9445E3D33146DEE70348C2E700BF22
S2140150A091C503006C1D00200080FFFF08B5044871
S2140150B0FFF70CFFBDE80840012025F0A0BA00BFAD
S2140150C094C5030000487047060D00207FB51422E2
S2140150D0002101A825F034FF044B01A94FF0FF3051
S2140150E0029325F0C1FA07B05DF804FB006A1800C8
S2140150F01B0603F0706300F00F000902034301F47E
S2140151007061120402F470220B431343014A1360C8
S214015110704700BF0020025C60B5054619B1013931
S214015120B1F5806F0FD2094EF06810F48030FBD1D4
S21401513043EA012312072B4302F08052134343F044
S2140151400043736060BD0120FCE700BF0020025CE5
S2140151500122054B9A60DA68D203FCD4D86820F0A5
S2140151600F000004000C70470020025C014B186819
S214015170704700BF0040025C014B5868704700BF93
S2140151800010025C014B186B704700BF0010025CF8
S214015190014B1868704700BF0010025C014B986015
S2140151A0704700BF0010025C014B1864704700BFD7
S2140151B00010025C014B5864704700BF0010025C8F
S2140151C0014B5863704700BF0010025C0022014B80
S2140151D01A6070470010025C024A136843F001032C
S2140151E0136070470010025C024A136823F0010343
S2140151F0136070470010025C43F20402014B1A6010
S214015200704700BF0010025C024A136843F0300387
S214015210136070470010025C044B1A6842F48072F7
S2140152201A601A6822F480721A6070470010025CD5
S214015230024A136843F48063136070470010025CEF
S214015240034A136823F4702343EA0043136070474C
S2140152500010025C044B1A6902605A6942609A693E
S2140152608260DB69C36070470010025C0268044B11
S2140152701A6142685A6182689A61C268DA61704747
S2140152800010025C024B1A6BD207FCD418627047FE
S2140152900010025C0322024B186019615A637047C2
S2140152A00000025C82B01FB507930A9B04AC8B42D8
S2140152B028BF0B4604E907001048D100079948BFEC
S2140152C003330160099948BF23F0030323F07043B9
S2140152D001F0E041194341F000518160002102F0E4
S2140152E0E042019C1A4342F00052C16004618261AF
S2140152F0416304B0BDE8104002B070470000025C94
S2140153003F22034B1A631022DA6103229A63704725
S2140153100000025C024AD36B9B07FCD4704700BFB7
S2140153200000025C044B9B6A13F0240F14BF01209B
S21401533000208000704700BF0000025C08B5FFF740
S214015340F1FF064BDB6B23F47F4323F0EF030343AC
S2140153501EBF0122024BC3F8FC2F08BD0000025CF1
S21401536000F0FF3F4368182B0AD0202B1DD0102BCE
S2140153702BD1174BD3F80434DB010AD40120704734
S214015380134BD3F804349A01F8D50B6843F008039D
S2140153900B6003680F4A934210D10B6843F0400339
S2140153A00B600023436000207047094BD3F8043498
S2140153B05B01E3D50B6843F00403E9E7064A934231
S2140153C0F1D10B6843F08003EAE70720704700BF7E
S2140153D00000025C9B2B00209A2B00200B4607B591
S2140153E00749D1F80414C90708D5002100920246DE
S2140153F0084600F05BF803B05DF804FB0120FAE70D
S2140154000000025C1346064AD2F80424D20504D5ED
S2140154100A46014600201CF065BA0120704700BF0D
S2140154200000025C13B5084CD4F80444E40508D522
S214015430009313460A460146002000F061F802B0C8
S21401544010BD0120FBE700BF0000025C13B5084C4D
S214015450D4F80444E40508D5009313460A460146E9
S214015460002000F071F802B010BD0120FBE700BF7C
S2140154700000025C70B504460D4616468CB00A4A1A
S21401548009AB07CA83E807001A462146CDE905633A
S214015490CDE90333CDE9013300954FF480301CF09C
S2140154A04DF90CB070BD00BF18C60300F0B51C4620
S2140154B05B6815468DB01A07129E1AD1CBB1726879
S2140154C0934216D10C4B0D4A53F8217009AB07CA0B
S2140154D083E807001A462946CDE90533CDE90333AB
S2140154E0CDE90163009447F480701CF027F90DB0F4
S2140154F0F0BD0720FBE700BF24C6030018C6030063
S214015500F0B516465A688DB0102A0D46129F15D171
S2140155107A68102A12D10A4A09AC07CA84E8070039
S21401552022462946CDE90547CDE90344CDE90144A4
S214015530044800961CF002F90DB0F0BD0720FBE709
S21401554018C6030030000100F0B516465A688DB043
S214015550102A0D46129F15D17A68102A12D10A4ACE
S21401556009AC07CA84E8070022462946CDE9057436
S214015570CDE90344CDE90144044800961CF0DEF869
S2140155800DB0F0BD0720FBE718C6030010000100B0
S21401559082B070B586B0149D03AE202D86E8070054
S2140155A00B9359D805EB85038B4203D006236B4337
S2140155B08B4253D10C9BAB4250D10F9BB3EB450FA3
S2140155C04CD1129A934249D1012229462220159B99
S2140155D0FFF7A2FD044630BB034606220E210C202F
S2140155E0FFF786FD0123CDE900332B4696E8070039
S2140155F01CF037F80E230BAA009307CA2B461BF0A4
S2140156007BFF0C23164C00930EAA2B4607CA1BF0F1
S214015610A3FF636823F07F0343F026036360FFF76D
S21401562097FD30B10624204606B0BDE8704002B0B2
S2140156307047636823F07F0343F022036360FFF73C
S21401564087FD04460028EDD1062311AA009307CA58
S2140156502B461BF0B4FFE6E70124E4E70724E2E764
S2140156600020025C70B598B0002843D02C4C08ADE1
S2140156700FCC0FC50FCC0FC50FCC0FC594E80F008C
S21401568085E80F006D4604AE04F1100320340FCBFD
S21401569085E80F0094E80F0086E80F00FFF7BCFDD1
S2140156A00420FFF7CDFDFFF7A7FD3046FFF7DEFD2F
S2140156B0002408AE56F8040B0134FFF7E3FD102C66
S2140156C0F8D1FFF759FD0328FBD90024FFF77EFD2B
S2140156D02646FFF74BFD55F8043B01365840042E8D
S2140156E044EA0004F5D12CB1012206200D4B1A70B4
S2140156F018B070BDFFF790FD0820FFF74FFD0020A2
S214015700FFF752FD0720FFF755FD4FF40070FFF736
S21401571057FD0820FFF794FDFFF75EFD0020E7E741
S21401572000C703009D2B002008B5FFF775FD012279
S214015730014B1A7008BD00BF9C2B00201FB51CF042
S21401574050FA044630B1012206240D4B1A70204649
S21401575004B010BDFFF70AFD0090FFF707FD0190AA
S214015760FFF704FD0290FFF701FD03906846FFF77F
S2140157707DFDFFF7D9FFFFF747FDFFF759FDE6E788
S2140157809D2B002006289ABF014B185C002070470D
S21401579060C7030030B5154B87B00293144B0390D6
S2140157A0049346F611030D46059300F077F9142885
S2140157B0044616D168461CF0BEFA4FF0A8430322F1
S2140157C002A95A6319601D619A63DA6B9207FCD1CC
S2140157D0142C02D168461CF0BCFA00F093F904467A
S2140157E001E00028E9D0204607B030BD841D002026
S2140157F0040000202DE9F04FB1B005468C469E46C8
S214015800E8466F4EDDF8EC90409C06F1100A4746DC
S21401581030687168083603C75645B846F7D13E9BCF
S21401582003EB0208C8F1000A0AF00F0AB9F1000FEB
S21401583000F09D80C9F1000707F00F070121DDF890
S214015840FCB044F00050C4F11006CDF810B005913C
S2140158500690300200F4F85040F021000790B9F1AC
S214015860000F40F08680CDF820D047F00050002D84
S21401587000F08480099121210A9041EA07210B91C9
S21401588042F00050CDF830C03D9B08A94FEA0A2CE3
S2140158900D910E904CF041000F901093002A75D197
S2140158A03E9B119143F0005312933C9B139014932B
S2140158B010AB1593434B444A169340F611031793C6
S2140158C0424B0021002D08BF1346189314AB1993C1
S2140158D03F4B10221A9311231B931CAB184625F03D
S2140158E02FFB01221D92002246F0804603461E969B
S2140158F0239205B9EB46102CCDF880B024AE4BD1DF
S21401590001232246002130462193229425F018FBDC
S21401591020AB002125938F4218BF334647F08042C3
S21401592026923A9A2CA828922993B2FA82F35B0916
S21401593049EA837310222B912A9325F001FBB9F1D2
S214015940000F00D028AED04448F080432CA918A8F8
S2140159502D962E93FFF71EFF30B92DB90346A342AD
S21401596025D1002818BF2C2031B0BDE8F08F1027B4
S21401597064E7CDF820E049F0005078E7002C3FF4CA
S21401598079AF04A9099101210A9076E73E9B0CAAFA
S21401599011924120129388E710220021304621936C
S2140159A0229425F0CDFA002CB2D10123B1E703F100
S2140159B0C0026A4412F8C02C01331043CFE700BF7F
S2140159C067C70300100000207CC7030080C70300E0
S2140159D004000020F0B5C0299FB0DDE9244557D06A
S2140159E0B1F5807F04D0802948D029201FB0F0BDB2
S2140159F001265CB140F234470294102403960494C5
S214015A00212401970594069502AC0AE040F214475A
S214015A1002941024039604942124059401240197EA
S214015A200695079401251024089409950A922122C7
S214015A300B950C940D92174A0AAD0E92164A0F95C5
S214015A40109242F611021192129313951494159224
S214015A5001AA1692D3B112AB1793042318931123FC
S214015A60199316AB1A901B9340F61103C9081C91A3
S214015A701AA806A91D93FFF78DFEB7E7012614B9EC
S214015A804FF48267C4E74FF48667B5E70EABE3E7EA
S214015A900F20ABE778C703001000001038B5164B8F
S214015AA05A6E42F004025A66D3F8802242F001028E
S214015AB0C3F88022114B5B68C3F3080343B14FF070
S214015AC0A842D36B13F0430FFBD11424204638BDF4
S214015AD04FF0A843DC6B14F04304FBD1084D2B6850
S214015AE01BB90421284602F09FFD2B68013343F0C1
S214015AF000432B60EAE700BF0080005000ED00E0A5
S214015B00841D0020014B00205B68704700ED00E01B
S214015B104FF40052034B00209A660322C3F860221A
S214015B20704700BF009000504FF40052034B002016
S214015B309A660322C3F86022704700BF00A0005097
S214015B40012300F01F02A0F506200949A0F55060C8
S214015B504009934051F820201A4341F82020054976
S214015B6051F8202022EA030241F82020704700BFA6
S214015B709C1D0020881D00200121A0F506230E4A49
S214015B80A3F550635B0900F01F00814052F8230023
S214015B90014342F823100949D1E9003003448868DB
S214015BA00344C868096903445B1802BFC2E90033AD
S214015BB0C2E9023313617047881D00209C1D002036
S214015BC02DE9F04FA9B003921D4604460822339EE4
S214015BD0CDE90401414021FA02F34B40980702F156
S214015BE0080218BF9B00202A1C44F4D18123B4FB71
S214015BF0F3F303EBC313E41A734B04F506241B7883
S214015C0004F55064002B3ED1FDF77EFF074620B118
S214015C106FF0910029B0BDE8F08F0146402208A838
S214015C2025F08EF94022394618A825F089F9DFF8C3
S214015C30B481DFF8B491C3460BF10F0ACDF800A08A
S214015C40102208A95B46D9F8000024F063FA002266
S214015C50014608F1100808AF914246D1CDF800A0E0
S214015C605B461022D9F8000018A924F05CFA4FF020
S214015C70000A834618AFD34541D1544B9845DAD133
S214015C800122514B1A704FF0810A4FF00008DFF8DD
S214015C905CB1A4F50627A7F550635B095BF82320E2
S214015CA004F01F01CA40D2073DD4494A52F82330B6
S214015CB0CB40DB072AD5B8F1000F08BFA0468123E9
S214015CC0A7F6FF47B7FBF3F303EBC313FF1A07F57A
S214015CD00624BAF1010A04F55064DAD1039BBBB17C
S214015CE0B8F1000F14D0444619E057F8040BCDE97B
S214015CF00612FFF725FF079A06990132ACE757F817
S214015D00040BFFF739FF0AF1010AB4E7039B13B945
S214015D106FF08B007EE7B8F1000F18BF4446349B46
S214015D2000201C6076E7329B13B10023329A136081
S214015D300EB1002333601023DFF8AC9000932A469F
S214015D4000232146D9F8000012F078FD60BB329995
S214015D502A68204BC9B99A4206D02146D9F80000D4
S214015D6012F004FE0028D3D1D5E90223DDE90410A0
S214015D70834208BF8A42A2D1039B002BCFD06B6817
S214015D80012BCCD16FF0840044E7102032999A425F
S214015D900860E2D1002EE7D033462146D9F800004C
S214015DA018AA12F09FFD48B10B4B9842D5D00B4B69
S214015DB09842D2D00A4B9842D6D029E7329A336815
S214015DC012689B1A3360CFE79E2B002000710800F3
S214015DD0881D0020105D175EFFDF00F011E000F067
S214015DE0FEDF00F0006D0800140B00209C1D002053
S214015DF02DE9F04F87B08246894698461646DDF86B
S214015E0040B02AB1002B4FD040F26C739A424ED864
S214015E10BBF1010F4ED8002406F1100739460120C8
S214015E2005941CF028FB0546002846D021463A4634
S214015E3025F086F805ABCDE9014300942B460122F7
S214015E4050464946FFF7BCFE044680B110F18C0F60
S214015E5008BF6FF08D043A460021284625F070F8F9
S214015E6028461CF018FB204607B0BDE8F08F144BFF
S214015E70C5E902A92B60C5F804B02EB132464146E9
S214015E8005F1100025F067F8059E0E483B462A46A8
S214015E903146006812F03AFC18B93046FFF750FE5A
S214015EA0D9E76FF09104D6E76FF08604DBE76FF071
S214015EB09104D8E76FF08504D5E76FF08C04D2E73C
S214015EC0105D175E140B00202DE9F0438DB081465E
S214015ED0DDE914780E4615461C469BB1B8F1000F55
S214015EE005D16FF0860630460DB0BDE8F083002F71
S214015EF0F7D0B7F1005FF4D3C3F1005303F50043C5
S214015F009F42EED81022002108A825F019F8002299
S214015F1007AB029305AB019306AB314600934846A7
S214015F2008ABCDE90522FFF74BFE06460028DAD17D
S214015F30059BA4B1AB4215D853EA0504D1D1069B03
S214015F400B48C8F8004000943A46079900682B446D
S214015F5012F074FC002818BF6FF09106C3E7AB423D
S214015F60EDD2BEE75B1B9C4228BF1C46E7E700BF9D
S214015F70140B002030B58DB00C46054610220021CA
S214015F8008A824F0DDFF002207AB029305AB0193BE
S214015F9006AB21460093284608ABCDE90522FFF75C
S214015FA00FFE0446D8B9099B012B1BD0079D104B49
S214015FB02946186812F0DAFCB8B90122A5F50623BD
S214015FC00C49A3F550635B0905F01F00824051F8A8
S214015FD023004240284641F82320FFF7CDFD204606
S214015FE00DB030BD6FF08404F9E76FF09104F6E769
S214015FF0140B00209C1D00202DE9F04F89B00746A8
S2140160000E46FFF7C5F8C00709D4042401201BF08B
S214016010F5FD80B3013CF9D16FF0920028E0102223
S21401602000210DEB020024F08BFF04A8FFF712F904
S214016030049B002BE9D0059B002BE6D0069B002B8A
S214016040E3D0079B002BE0D00025DFF8808008F125
S2140160500409B54219D34FF48A74FFF793F800F098
S2140160600E03062B2DD1C30501D5FFF7BDF8002081
S21401607009B0BDE8F08FFFF785F810F00E03FAD0EF
S214016080022BF8D04105DFD5C4E7FFF775F8A6EB7C
S214016090050A8400544528BF544699E803000023A6
S2140160A08DE80300CDE9054307EB050BCDF810B0ED
S2140160B0029404AAD8F8003007CA1BF098FC2544BD
S2140160C0C7E724FA03F3DA07A6D5C6E78CC70300A9
S2140160D01FB504A800E90E0011460198FFF78CFFD2
S2140160E070B1FFF721FBBFF34F8F0749074BCA6813
S2140160F002F4E0621343CB60BFF34F8F00BFFDE7AE
S21401610005B05DF804FB00BF00ED00E00400FA05F1
S2140161102DE9F0438BB01746DDE91545DDE9132679
S2140161209C46DDE91738894621B96FF086000BB029
S214016130BDE8F083002FF8D00EB9002CF5D11299E6
S21401614009B9002AF1D10DB9002BEED1B8F1000F33
S214016150EBD0244A944541D10288B2F5105F3DD177
S2140161604288B7EBD20FE0D322F04001802902D05B
S214016170B2F5807FD9D16CB3AE421CD232199542AA
S21401618019D29C42D1D831462246284624F0BEFE7A
S2140161902E4614F00F03C8D1CDE90197CDE9033699
S2140161A0CDE90543CDE907540993FFF7B1FC38B1B2
S2140161B06FF09200BBE79C42EBD96FF08900B6E71F
S2140161C007AA04A901A8FFF709F90546FFF7ACFCE1
S2140161D00543EDD10020C8F80040A8E76FF0850020
S2140161E0A5E700BF004440042DE9F04FA9B083465F
S2140161F017469A460E46DDF8C890DDF8D88029B9CC
S2140162006FF08603184629B0BDE8F08F002AF7D054
S214016210B9F1000FF4D0349B002BF1D0B8F1000F88
S214016220EED00024424B0CAD93E8070085E807004A
S2140162303C22214619A8189424F082FE33887288DD
S21401624003F4E040B0F5804FDAD03A4E3A480BEA14
S214016250060646F01066864263D1B2F5807F60D1AD
S21401626047F2121293425CD10620344ABAF11F0F4C
S214016270D3680E940B931369126800FB03F3CDE900
S2140162800C23BDD9339B402BBAD9359B1F2B4BD939
S21401629009F1010220261292402299F800300F9748
S2140162A0042B18AFCDE91324CDE91572109611947D
S2140162B01794A5D1FFF72CFC03460028A2D10B9B0F
S2140162C015AACDE9086305AB07CA83E8070002AB48
S2140162D012AA07CA83E80700DDE910018DE803006A
S2140162E00F9B95E80700FFF753F90546FFF71CFCDF
S2140162F055EA000384D13D46349A20AE2C4603CCA1
S214016300B44210605160254602F10802F6D100221F
S2140163101146B9540132402AFBD12022C8F8002088
S21401632070E76FF085036DE76FF089036AE700BFDA
S21401633018C603000000FFF6000002092CC6030081
S214016340F0B50E461D468BB0002853D0002951D01B
S214016350002A4FD0002B4DD0048804F44F43B3F5E8
S214016360824F03D06FF085000BB0F0BDE3B224F08E
S214016370FF04B4F5E24FB0F802C0F3D1122B01D0FE
S214016380172BEFD10CF10701B2EBD10F4FEAD10772
S21401639033D31D4A04ACBCF5807F07CA84E80700E6
S2140163A0E0D1122B07D1194B1A691B681344CDE9AA
S2140163B00432002306930023CDE907670993FFF70C
S2140163C0A7FB0028D0D1124A02AB92E8030083E86B
S2140163D003000AAB13E903008DE80300079B94E86A
S2140163E007001BF089FA0446FFF79EFB204307D1FE
S2140163F02F60B9E76FF08600B6E76FF08900B3E764
S2140164006FF09200B0E700BF18C603002CC6030069
S21401641084C703002DE9F0438FB01D46DDE916C69B
S21401642000285CD000295AD0002A58D0002B56D01C
S214016430BCF1000F53D0002E51D0038803F44F4413
S214016440B4F5824F51D1DCB223F0FF03B3F5824F8E
S21401645040884AD0122C01D0172C46D1C31DB2EB6E
S214016460D30F4FEAD3083AD34FEA4802571C674581
S21401647038D8B0F5807F38D1122C18BF4FF00009FC
S2140164804FF0000308BF1C4CCDE9081805F10101C7
S21401649014BF4C46D4F80C90CDE90B120A930D9319
S2140164A0FFF736FBC0B9CDE9058902AB08AA07CAD2
S2140164B083E807000EAB13E903008DE803000B9B8E
S2140164C094E807001BF037FA0446FFF72DFB20433C
S2140164D00ED104232B7037600FB0BDE8F0836FF048
S2140164E08600F9E76FF08900F6E76FF08500F3E7BD
S2140164F06FF09200F0E700BF2CC603002DE9F043D1
S21401650089B00E4615461F46DDF8488020B96FF063
S214016510860009B0BDE8F0830029F8D0002AF6D03D
S214016520B8F1000FF3D0038803F44F42B2F5824F5F
S21401653002D06FF08500ECE7DAB2122A01D0172AF2
S214016540F7D123F0FF03B3F5E24F41D14488C8F8F1
S214016550004044B9EB00B3F5807FC8F80030E8D1BD
S214016560122A0DD108E0E31DB5EBD30FCFD1B4F558
S214016570807FDED1122A29D1354B1C681B691C4449
S2140165800023194670192C4414F801CD10F8012D7A
S2140165901143B2EB0C020CBF4FF0FF3C4FF0000C66
S2140165A086420CEA030343EA0203EDD10029AED08A
S2140165B0002BACDA109B9D4246D82A463146384617
S2140165C024F0C9FC119B00201D60A2E70024D7E738
S2140165D03378042B9BD16B1EDB005B08B3F5807F01
S2140165E0C8F80030A5D1122A06F1010318BF4FF0F2
S2140165F000094FF0400205934FF000030ABF144C08
S2140166004C46D4F80C90CDE90623FFF781FA002812
S2140166107FF47FAFCDF80C90D8F800300733DB0855
S214016620029308AB13E903008DE80300059B94E889
S21401663007001BF02DFA0446FFF776FA00287FF4D0
S21401664068AF002CB6D062E76FF0890061E700BF43
S2140166502CC603000388B3F5105F0ED14388DB0810
S214016660103B102B0CD8084A22FA03F313F0010F43
S21401667014BF00206FF0860070476FF085007047EA
S2140166806FF08600704700BF010101002DE9F04F51
S2140166908FB01546DDE918A91E46DDF868801C9FF7
S2140166A009B300B3B8F1000F1DD0E7B1BAF1000F7E
S2140166B002D1B9F1000F16D1274B26F47E129A4269
S2140166C0B0F802B044D1FFF7C5FF0446A8BBB5EB4E
S2140166D0DB0F4FEADB0306D316F47C1FC6F3054532
S2140166E004D0102D03D96FF0860426E010251B9ADE
S2140166F095422AD8CDE9011300231022CDE905934E
S2140167000DF12809CDE9033ACDE90823CDF81C900F
S214016710FFF7FEF9044680B907AA04A901A8FEF707
S21401672071FE0646FFF700FA044656B958B92A46DE
S2140167304946404624F00FFC3D6020460FB0BDE8B8
S214016740F08F6FF092040025F6E76FF08904F4E706
S2140167506FF08504F1E700BF0002C0032DE9F041A8
S214016760069F0C461646054610B309B302B9FBB997
S2140167706288B3EBD20F4FEAD20819D34C2200211C
S214016780284624F0DDFB0D4B27F47E129A4212D1E7
S2140167902046FFF75FFF044638B942463146281DBA
S2140167A024F0D9FBC5F824802F602046BDE8F0818F
S2140167B06FF08604F9E76FF08504F6E70002C00380
S2140167C02DE9F0410E4614460546002840D0002922
S2140167D03ED092B10368214823F47E1383423AD116
S2140167E0AF6BF7B1C7F1100807F1280042452844FE
S2140167F006D2274424F0AFFBAF630020BDE8F0814A
S214016800424624F0A8FB1022103C3C19AA63F4D09F
S214016810284605F128011BF0E4FA0028EED146448B
S214016820A863102C0CD9671E27F00F073A4631468D
S21401683028461BF0D6FA0028E0D1E41BDDD03E4402
S2140168402246314605F1280024F085FBAC63D4E7E7
S2140168506FF08600D2E76FF08800CFE70002C00332
S2140168602DE9F04388461F4605468BB070B169B1E5
S21401687063B10368234923F47E1088423ED113F4A2
S2140168807C1FC3F3054604D0102E03D96FF086048F
S2140168902AE0102696422BD8FFF73AF9044618BB91
S2140168A0AB6B05F12802CDE901236B6A2A1DCDE900
S2140168B004231023CDE9083007AB1A46039006904F
S2140168C005F13C0901A904A8CDF81C90FEF7BEFD10
S2140168D00546FFF729F904466DB928B932464946F7
S2140168E0404624F038FB3E6020460BB0BDE8F083FE
S2140168F06FF08904F8E76FF09204F5E76FF085040E
S214016900F2E700BF0002C00307B56B46054A1068F0
S214016910516803C36846FDF75DFF002003B05DF8CC
S21401692004FB00BF98C7030013B50024064A684657
S214016930536F43F00103536700948DF80440FDF74D
S21401694081FE204602B010BD0040005030B58BB02D
S2140169506C46174D0FCD0FC40FCD0FC495E803003D
S21401696084E80300134BD3F84C2112031CD5A3F57E
S214016970FE431C884FF6FF739C4208BF8C248DF89B
S2140169801940FDF79BFC204480F308008DF81800A1
S2140169900948FCF7C9FC6846FDF7B0FB3220FDF755
S2140169A0C5FC00200BB030BDD3F85041E4B2E6E799
S2140169B0A0C703000080E00F00F049026FF0040357
S2140169C0502110B50A480B4C13F0800F03F1010259
S2140169D007D12344402A83F800131346F4D100203C
S2140169E010BD03F00F03043B034419761346EBE78F
S2140169F000ED00E000E100E010B504461AF02CFDC1
S214016A00024B1C601AF02CFD002010BDB01D0020AA
S214016A1010B51AF021FD034B1C681AF021FD204623
S214016A2010BD00BFB01D0020034B022218680023D2
S214016A308068194619F0F4B8200C002030B51446C9
S214016A40054687B010461BF0A4FA636902468342E6
S214016A503CBFD4E903315B181B1A7BB10F49049480
S214016A6003910021CDE90131012300932846D4E9A1
S214016A7000131AF0BCFB002007B030BD012262767D
S214016A8094F82D20002AF6D084F835301321E369D6
S214016A90204698472046636A9847ECE73D6A01001E
S214016AA02DE9F04788B004460F46164698461AF078
S214016AB0DAFC8146002E7AD0237E03F0FF02002BFB
S214016AC000F0A28020461BF064FA6569A84205D151
S214016AD0637ED4E9033213445D1B01E0F9D9451BFB
S214016AE0B54228BF35461AF0BEFC94F82D308246D2
S214016AF0002B6DD12A463846616924F02CFA636969
S214016B002E462B44636121E0037803F0FD01112931
S214016B105BD1216B814205D1A3F111014B424B415F
S214016B2084F83430013E6369216B01328B4203F1F4
S214016B30010308BF2363636195426069E4D1D4E928
S214016B400323216B1344994200D122630025D4E923
S214016B50032361691344994208BF6261207A65760E
S214016B60FCF728FE20461BF014FA6369834232D1F3
S214016B70257694F82D30E568656103B125632046D6
S214016B80636A9847214B0494039300230293236975
S214016B902A4601930123009363682168207A1AF03C
S214016BA026FB207AFCF726FE50461AF062FC484681
S214016BB0C8F800601AF05DFCD8F80030002B0CBF56
S214016BC01B20002008B0BDE8F08707F8013BAAE7C4
S214016BD02E460022B0E70123207A23760DF11E010E
S214016BE0FCF770FE9DF81E30002BDAD00DF11F0168
S214016BF0207AFCF73FFE9DF81F100029D1D12246CE
S214016C00207AFFF71BFFCCE71646D0E73D6A010066
S214016C10002807DB01234109034A00F01F008340D7
S214016C2042F82130704700BF00E100E0002808DB91
S214016C3001224309034900F01F008240603341F8F6
S214016C402320704700E100E070B504460568FFF7B1
S214016C50DFFE844202D10020FFF7CEFE95F93660B2
S214016C603046FFF7E3FF002E0CDB012219497309BA
S214016C7006F01F06B240203341F82320BFF34F8FA2
S214016C80BFF36F8F95F937603046FFF7CFFF002EC1
S214016C900CDB01220F49730906F01F06B2402033B0
S214016CA041F82320BFF34F8FBFF36F8F287AFCF78D
S214016CB0C1FD287AFCF724FDFCF700FD00232846D9
S214016CC0C4E90033C4E90433A360AB6ABDE870408D
S214016CD0184700BF00E100E02DE9F0430C461546D9
S214016CE0064687B04022002120461F4624F028F998
S214016CF095E8030000232A692376EB6884E80300FD
S214016D00C4E904232A7DE36084F82C20AA7D23634A
S214016D10012384F8343084F835300E9B84F82D2016
S214016D2023620F9BE7616362109BA3622B7A84F850
S214016D3036306B7A84F837302D4B346073602D4BC8
S214016D40B3602D4B33612D4B73612D4BF360FCF714
S214016D50FDFC38B12B4B984204D01024204607B0D6
S214016D60BDE8F083002104F10800FCF777FC074634
S214016D700028F2D14FF00108234B3362234B84F8ED
S214016D803C80B361224BF3619DF8483084F83900AA
S214016D9084F83B309DF84430204684F83A30697DCB
S214016DA084F838801BF005F995F909904846FFF7F5
S214016DB03DFF4846FFF72CFF164B0494CDE90273BE
S214016DC02369CDE900836368E2682168207A1AF0B6
S214016DD00EFA04460028C0D195F908502846FFF758
S214016DE025FF2846FFF714FF3046FFF705FEB5E7F7
S214016DF003200300A16A0100811F0300871F03000F
S214016E00496C0100038000F05B1F0300B31F030001
S214016E108D1F03003D6A01002DE9F04101271C4644
S214016E20584B86B00293584B0C9D0193574B904696
S214016E3000930A46CDE903772946554BFFF74CFFE9
S214016E400646002840F09680236839462B6463681E
S214016E503A206B64637A85F84930237A85F848309E
S214016E60E37A85F84B30A37A85F84A30637B85F858
S214016E704D30237B85F84C30E37B85F84F30A37B80
S214016E8085F84E30FDF736F83B460422617A207AC3
S214016E90FDF734FD3B460222E17AA07AFDF72EFD8E
S214016EA039466068FDF726F888F800604146206894
S214016EB0FDF78AFF1422637C5B0103F1A04303F50F
S214016EC07033C3F81C26617A227A42EA0142C3F87B
S214016ED03426E17AA27A42EA0142C3F82C2685F8E2
S214016EE0506098F81930032B4AD8DFE803F034478E
S214016EF0021C022385F8503000230422E17BA07B8C
S214016F00FDF7FCFC022741F21C61627C214B03EB7E
S214016F1042104750E07BA17BB13241EA004103EBCE
S214016F204213996017E0012785F8503002220023AA
S214016F30617B207BFDF7E2FC637B227B617C42EA7E
S214016F400342154B49015A500422236803F5805326
S214016F50DA65002FD0D1237A2A6C85F84830637A17
S214016F60052185F84930D36C206843F00403D364C7
S214016F701AF0A2FA304606B0BDE8F0810027D3E742
S214016F802326F7E73121030025210300BD21030055
S214016F90B121030000C0035024D60350BFF35F8F16
S214016FA0074B5A6A22F480325A62D3F8942022F0B0
S214016FB00102C3F89420BFF34F8FBFF36F8F704762
S214016FC000ED00E070B52948294CFFF7E7FF844241
S214016FD0284D294919D1D5F8C03023F0FF0343F0D5
S214016FE0A003C5F8C0304FF080430A68214D234EF8
S214016FF0C5F8982043F0010301328442C5F89C602D
S214017000C5F8A0300A601ED00DE0D5F8C02020F0EB
S2140170101F03203B22F0FF0242F0A002B3F1005F03
S214017020C5F8C020E1D2164B0A68124823F01F03A8
S21401703043F00303C0F89820C0F89C30114B01328E
S214017040C0F8A0300A60BFF35F8F0522094BC3F872
S21401705094205A6A42F480325A62BFF34F8FBFF3CC
S2140170606F8FBFF34F8FBFF36F8F70BD680D00201A
S214017070400F002000ED00E0B41D002003000020BA
S2140170805F0F0020E1FFFF3FF8B51446FFF786FFCC
S2140170901F2C27D90027C2062A4D1CBF20F01F002F
S2140170A020302A68CB06284B18BF21F01F01FCB2FE
S2140170B0A2422BD8D3F8C04020F01F0024F47F440E
S2140170C044F4807421F01F01C3F8C04040F003006F
S2140170D0C3F8982041F003010132C3F89C00C3F8BD
S2140170E0A0102A600020BFF35F8F0522164BC3F85D
S2140170F094205A6A42F480325A62BFF34F8FBFF32C
S2140171006F8FBFF34F8FBFF36F8FF8BDC3F89840F3
S214017110D3F89C40D3F8A06024F01F04A04226F0C8
S2140171201F0601D1B142DDD0B04201D8A14207D23B
S214017130D3F89840013724F0FF04C3F89840B6E727
S2140171402820D0E7B41D002000ED00E0BFF34F8FEC
S2140171500549064BCA6802F4E0621343CB60BFF3ED
S2140171604F8F00BFFDE700BF00ED00E00400FA0509
S214017170054B1A782AB95B78002B0CBF0320022036
S21401718070470120704700BFA92B00200329F8B5DE
S21401719098BF124B05460E468CBF00245C5C032844
S2140171A005D8DFE800F002080B0E44F002040C4B91
S2140171B01F684FB9F8BD44F00804F8E744F020040E
S2140171C0F5E744F08004F2E77B681A68144203D0BE
S2140171D0314628465B6898473F68EAE7C8C7030018
S2140171E0E41D002038B5104D2B78ABB10F4C237839
S2140171F01BB100F0B7FB0023237000201BF047F8FB
S2140172000B4C50B100F000FC0023012120782B70BC
S214017210FFF7BCFF0123237038BD0122054B1A700E
S2140172202278054B1A70F7E7A42B0020A22B00202A
S214017230AB2B0020A52B0020A62B002010B51AF0A2
S2140172400BF9064B04461B781BB1BDE810401AF03B
S21401725007B9FFF7C7FF2046F7E700BFA12B0020BD
S214017260094A137830B101331370084B1B78012B90
S21401727003D87047013B13707047054B1B780BB959
S214017280FFF7B0BF704700BFA92B0020AB2B002033
S214017290A52B002070B51AF0DFF8124E054633789C
S2140172A09BB900F0EDFC044620B128461AF0D8F848
S2140172B0204670BD0C4819F0DFFE00F089FF0B4B2D
S2140172C01C6000F0A9FD0A4B186000F02BFA1AF0BA
S2140172D0E0FF084B002418600123284633701AF09B
S2140172E0BFF8E5E7AC2B0020E41D0020B81D002008
S2140172F0E01D0020BC1D00202DE9F843284A013876
S214017300135C39B1274F013339781354012904D856
S214017310BDE8F883013B1354FAE7FFF729FF01287C
S214017320044635D81AF098F8DFF88480054698F8B0
S214017330003013B31C4E33781BB9012232701B4A3E
S2140173401370DFF8709099F8003023B100F00AFB53
S214017350002389F8003028461AF082F801201AF036
S21401736096FF1AF079F8337805461BB100F04CFB0E
S21401737000233370002388F8003028461AF070F88E
S2140173803878A042C4D02146FFF700FF3C70BFE723
S2140173900329F5D10228F3D11AF07FFFF0E700BFE9
S2140173A0A92B0020AB2B0020A12B0020A52B002011
S2140173B0A42B0020A22B002010B504461AF04CF88E
S2140173C0002C0CBFFF210121064A13780B44DBB2C7
S2140173D01370B3FA83F3BDE81040034A5B091370D8
S2140173E01AF03EB8A82B0020A72B002038B51AF0BB
S2140173F033F8094B05461B78012B04D81AF030F8F0
S2140174000024204638BD054B1C6800F047FB0444A9
S21401741028461AF025F8F4E7AB2B0020B81D00200B
S21401742038B5416004461AF017F805462146044867
S21401743019F025FE2846BDE838401AF011B800BFFD
S214017440E41D0020054B1B685843054B00F57420CE
S21401745000F23F20B0FBF3F0704700BFE01D0020B4
S21401746040420F002DE9F04F85B0EFF3108772B65A
S214017470AFF3008019F0A5FD00286FD0804EDFF82D
S2140174802C82337823B10020FFF7EAFE0023337005
S214017490FFF76EFE0446002867D0841EE4B2012C76
S2140174A06AD9FFF765FE01280546764CDFF800929B
S2140174B000F28C802078854240F0C680207800F06B
S2140174C0D7FA99F8003013B16F4B1B782370AFF3DE
S2140174D0008007B962B6EFF3108772B66B4B1A7865
S2140174E052B100221A70684B20781B78984203D15B
S2140174F001212170FFF74AFE654800F0FBFB19F0F9
S2140175006FFD05460028BCD1624BDFF894811870E8
S21401751098F80030ABB189F80000DFF88C9199F843
S21401752000301BB100F01EFA89F8005000201AF056
S214017530AEFE002800F09B8000F066FA002388F873
S2140175400030337823B10020FFF78AFE0023337022
S21401755000212078FFF71AFE00232370AFF3008086
S21401756007B962B605B0BDE8F08F3378002B98D026
S214017570FFF776FE347094E7002003A900F008FCBC
S214017580044600288DD1D8F80030039A9A4205D8CF
S2140175900120FFF765FE0123337082E73E4B1D682D
S2140175A000F07CFA039B05449D42F1D200F08EFA6E
S2140175B08200039942F0020292B2CDE900422346CC
S2140175C0364A491B32481AF069FE6AE7344BDFF83F
S2140175D0C4A093F800B0BBF1000F25D100F046F926
S2140175E02078854230D19AF800307BB92C4D2B7823
S2140175F0002B7FF463AF2B4B1B7823B900F0ACF95B
S2140176000122294B1A7001232B7057E7022DEDD169
S2140176108AF800B015E02378022B25D100238AF8DA
S214017620003023F024F91FE0207885420CD19AF827
S2140176300030002B3FF442AF022DD7D100238AF849
S214017640003023F014F9D1E70023DFF848A08AF8C8
S214017650003099F8003013B92946FFF797FD9AF8DC
S21401766000302570002BD6D1012DBFD826E701208A
S21401767000F0FEF907B962B6EFF3108772B655E768
S214017680A32B0020AB2B0020A62B00209F2B002035
S214017690C01D0020A72B0020B81D00203D72010050
S2140176A0A42B0020A82B0020A22B0020BC1D00200C
S2140176B0A52B002010B519F0CFFE0022044B1C7834
S2140176C01A7019F0CDFE00F0C9FC2043C0B210BDFF
S2140176D0A02B002073B5114E0446337883420FD099
S2140176E04FF400730E4DADF8043058B101A8FCF705
S2140176F045FF4020FFF7A6FE2B68181A2860347055
S21401770002B070BD8DF8050001A8FCF737FF4020D8
S214017710FFF798FE2B681844F0E700BF4D0D0020D8
S2140177201C1E002073B5002401A88DF80440FCF748
S214017730EBFF2046FFF7CEFF404A4149136F414811
S21401774003F007030B60D2F800113F4D01F003016F
S21401775001604FF400203D49032B48664FF400308A
S214017760486601F598318969C1F3400129705DD0F9
S214017770D2F8203103F00303981E43424341D2F866
S2140177802421334C02F00702022A08BF43F001030A
S2140177904FF4C8702370FFF755FE00222D4B2E497B
S2140177A018602E4E0B680132D2B20A2A46F8040B34
S2140177B0F9D1034400EBC00003440B602B78284D3D
S2140177C063B323781D4A3BB9D2F8003103F00303B3
S2140177D0591E4B424B412370D2F8003103F003038C
S2140177E0022B25D0032B26D0012B17D1FBF796FDB4
S2140177F0024698B11B4B1C4EDC6800231946C4F3A5
S2140178000B04013404EB84040138E4FB060117F091
S21401781003FFFFF717FE2B6803442B601F20FFF7BB
S21401782011FE2B6803442B6002B070BD0123A6E74E
S214017830FBF78EFDDCE719F017FCD9E70080005056
S214017840201E0020241E0020B02B00200090005097
S214017850B12B0020E81D0020EC1D0020F01D0020AB
S2140178601C1E002000C0015040420F00074A084974
S214017870D2F8203103F003030B60D2F82431054A15
S21401788003F00703136019F0F9BD00BF0080005034
S2140178902C1E0020281E002008B5104B1A78C2B1F5
S2140178A000221A700E4B1A6F22F0070242F00102F4
S2140178B01A67D3F8202142F00302C3F82021D3F837
S2140178C0242122F0070242F00302C3F82421FBF729
S2140178D00FFD0122034B5A6708BD00BFAF2B0020E6
S2140178E00080005000E000500122154B10B55A6789
S2140178F0144B154C1B7813B302201AF074FDF0B12B
S21401790000F076FAD8B1A36DD90302D5E36D9A07D4
S21401791015D40D4B9B6DDB0711D401220B4B1A704E
S2140179201AF040FDBDE81040094B0A4A1860136F73
S21401793023F0070343F003031367FBF7D9BC10BD1D
S21401794000D00050B12B002000C00050AE2B00200C
S214017950181E0020008000500122014B1A7070474B
S214017960AF2B0020F8B51F4B1B78002B39D01E4CCF
S2140179702378B3B91D4B9A6DD10302D5DA6D920700
S2140179802FD49B6DDB072CD41AF00CFD184B194A2B
S2140179901860136F23F0070343F003031367FBF725
S2140179A0A7FC1AF0FFFC124B134D1B68134EC01AAE
S2140179B02B78134F56F8232046F82300111A3A68FD
S2140179C01048521A0A213A600932B2FBF1F2013329
S2140179D0DBB20260B3FBF1F201FB12332B70002322
S2140179E02370F8BDB12B0020AE2B002000C0005044
S2140179F0181E002000800050AD2B0020F01D002036
S214017A00EC1D0020E81D002008B519F03AFD124BC8
S214017A1012491A6F096822F007020A431A671049C9
S214017A20D3F82021096822F003020A43C3F8202173
S214017A300C49D3F82421096822F007020A43C3F847
S214017A402421094B1B7813B10122084B9A62BDE829
S214017A500840FBF74DBC00BF00800050201E0020F0
S214017A602C1E0020281E0020B12B002000E0005014
S214017A7002280AD003280BD001280CD1064A136924
S214017A8023F00403136130BF70470020FCF782BD6A
S214017A900020FCF7ADBD704700ED00E0054B1878FF
S214017AA018B1054B186800EBD000044B1B6818444E
S214017AB0704700BFB12B0020E81D00201C1E0020CF
S214017AC00122014B1A707047B12B0020014B187828
S214017AD0704700BFB12B002038B51AF071FC0025A5
S214017AE0084B094C1A682368C31A2AB123B1516995
S214017AF0994203D3C91A5161206038BD55615B1A9A
S214017B009268F2E7381E0020341E0020C38870B544
S214017B1004460D463BB9FFF769FC8542064602D28C
S214017B201AF0A9FB35460E4965610B688BB90C60E6
S214017B30A3600DE0AD1A9A68184665616AB11346EE
S214017B405A69AA42F6D930B18460521BA3605A61C1
S214017B5070BD0020F4E70C60F7E79C60A260F7E7D1
S214017B60381E002038B5134D2B685B6993B1124A55
S214017B70022014681C441AF02AFC204600F0BCFAC5
S214017B8000230E492A680B70D088800709D5012387
S214017B900B7038BD02201AF01AFC022000F0F6FA2B
S214017BA0EEE79268002AF4D050690344012BEBD922
S214017BB0EFE700BF381E0020341E0020B32B002044
S214017BC070B516469DF81420C0E903360271049A72
S214017BD0BDF818300260002204460D468260C3805C
S214017BE0EEB91AF0EDFB2844A0619DB12E4619F0BE
S214017BF033FC0546FFF770FF31462046FFF786FF48
S214017C00104B1B68A34201D1FFF7ACFF284619F0C1
S214017C1027FC02E0E36865617BB9002070BD1AF0BD
S214017C20CFFB3044A061002DE0D1E3686561002BF5
S214017C30DDD0204621689847D9E720462168984735
S214017C40EBE700BF381E002000220C490B687BB111
S214017C5083420AD183687AB1936083681BB15A69FB
S214017C6041690A445A61002070471A469B68EEE74C
S214017C700028EFD0022070470B60EEE7381E002088
S214017C8070B519F0F0FB144E05463478FCB9134B69
S214017C901C60134B1C60134B1C8000F0EBF9012099
S214017CA01AF095FB1AF0AEFB0F4B0246186020B98E
S214017CB0284619F0DEFB232070BD234640F2E7314B
S214017CC00A4817F0A9FC0A4B1860012333702846AE
S214017CD019F0CFFB0020EFE7B42B0020381E002060
S214017CE0341E00201C2B00203C1E002018FCFFFF29
S214017CF0301E002070B5044640B319F0ADFB144E9B
S214017D000546FFF7E9FE3068A04209D02046FFF796
S214017D109BFF0446B0B1284619F0A2FB204670BD71
S214017D20FFF792FF04460028F5D133683BB90220DD
S214017D3000F014FA284619F093FB0024EEE7FFF74B
S214017D4011FFF7E73368002BF4D1F0E72224E5E7CB
S214017D50381E002038B50C460546A8B1A1B100234F
S214017D600B7019F080FB0121084B1B6833B919F021
S214017D7080FB002038BD9D4204D121702278002A64
S214017D80F9D0F4E79B68F1E72220F3E7381E0020DC
S214017D90F8B506460F4619F066FB00250446124B59
S214017DA01B6823B9204619F064FB1B2011E05A69B1
S214017DB01544DA88B2420DD11AF002FB0B4E336835
S214017DC0C01AA8420AD3002320463B6019F051FB93
S214017DD00020F8BDFF2EEFD09B68E2E71AF0F0FA1C
S214017DE033682B441B1AEFE7381E0020341E002090
S214017DF008B5074B187848B11AF0D4FA054B1B683A
S214017E009B69C01A02288CBF0020012008BD00BF54
S214017E10B32B0020381E0020014B1868704700BFA6
S214017E203C1E0020F8B50C4B05461B680E468342E7
S214017E300FD3002440F2E7302146084B4FF47A7204
S214017E401F680023E5FB070117F0E6FB30602046BC
S214017E50F8BD2120FCE700BF301E00203C1E00209C
S214017E60F0B51F46002387B00C46164605468DF82A
S214017E70133050B30DF11301FFF76CFF9DF813306B
S214017E802BBB204605A9FFF7CDFFE0B9114BE883D0
S214017E901B6828465C434FF47A73B4FBF3F203FB8A
S214017EA01244191B89B2994208BF0021BDF834302B
S214017EB0A983059A02939DF830301146CDE90073E7
S214017EC03346FFF77DFE07B0F0BD2220FBE7022018
S214017ED0F9E700BF3C1E0020014B1868704700BF41
S214017EE0301E00200F4B10B51A689AB14FF47A7104
S214017EF0531E1342A0FB01010ED1B2FA82F2C2F167
S214017F001F04531CD243E04001FA03F3184321FA3D
S214017F1002F20243104610BD002317F07DFB024615
S214017F20F8E700BF3C1E0020C2072DE9F0470446D3
S214017F300BD5474A138801339BB21380FFF7CCFD5C
S214017F40444B1B680BB1FFF70DFEA3077ED519F056
S214017F508AFA4FF0000905464E46FFF7BDFDC846B2
S214017F603C4F3C680CB163698BB100223A4B012E41
S214017F701A7003D119F0020F18BF1E70002C61D0C1
S214017F80FFF7F0FD2846BDE8F04719F072BA234620
S214017F905A693AB91A792179914288BF1C469B6879
S214017FA0002BF5D1284619F064FA2569DDB11AF0DF
S214017FB007FAA269A0EB02094FEAE9734D4578EB8F
S214017FC0030311DA23691344A361E368B4F8069046
S214017FD0013613B120462168984719F044FA054640
S214017FE0FFF77AFDBDE7A94619F03DFA824620461D
S214017FF0FFF72AFE504619F03CFA2369002BE4D01D
S214018000A38BB5EB090533B1E28B13449BB2B3F5F1
S2140180107A7F0FD2E38319F026FA81462946204655
S214018020FFF774FDA369226948461344A36119F05A
S21401803020FACAE7A3F57A73E383A369013D013BFE
S214018040A361E8E7022000F089F89BE7BDE8F08726
S2140180501C2B0020381E0020B22B002010B519F072
S21401806002FA034B1C7819F004FA204610BD00BF33
S214018070B22B00201FB500241C4B012118689A88DA
S2140180800290D3F806009B7A00903E20ADF80C20B3
S2140180908DF80430FBF72EFF02A88DF808408DF806
S2140180A00C40FCF7EBFD694601208DF80040FCF71B
S2140180B0A1FD4FF0B04240F2FF31936923F47F7384
S2140180C023F0030393610A4B5961936A13F0080383
S2140180D0FBD113620120FCF7A7FD4FF48052054B3C
S2140180E0C3F880211A6004B010BD00BFCCC70300DE
S2140180F00020005800E100E010B5044619F0ACF984
S2140181004FF0B042936A1907FCD4136A116C526996
S214018110520604D4CA1A032A01D899420ED1E21A89
S214018120022A98BFDC1CB4F1FF3F38BF013C4FF078
S214018130B0431C649A6942F040029A6119F090F9C2
S214018140054A13783BB14FF0B041CB6B43F00203C5
S214018150CB630023137010BD4E0D0020820700F084
S21401816001030AD50121084A43F0400311704FF07C
S214018170B041CA6B22F00302CA634FF0B0418A696C
S21401818022EA03038B6170474E0D0020830742BF2E
S2140181904022014B5A6170470010005810B519F083
S2140181A062F94FF0B04304465B695A06074A03F08A
S2140181B0010003F0510348BF40F002005361FFF78E
S2140181C0B3FE2046BDE8104019F053B90020005810
S2140181D00A4B10B5D3F8403203F00303013B012BE1
S2140181E00BD819F039F9044601210220FFF784F86B
S2140181F02046BDE8104019F033B910BD008000508C
S214018200024A0349034806F0BDBD00BFD8C70300B4
S214018210FCC7030044C8030010B50A46044619B15A
S214018220024B00211B68984710BD00BF180B0020A9
S2140182300E4B0340B3F1607F06D1B1F5885F14BFE2
S2140182406FF0860000207047B3F1707F0BD101F408
S214018250E043B3F5005F06D111F4E06F0CBF6FF099
S2140182608600002070476FF0860070470000C07FD0
S2140182708A42F8B506460C4600F0DB806F4922F4C8
S214018280FF7323F001038B420ED06D4B22F0FF01EA
S214018290994209D06B4822F47F7323F0030383428B
S2140182A002D0694B994228D1684B24F0FF019942CC
S2140182B00FD114F0FF000BD0654B40F000709842D0
S2140182C040F0B98082EA0400FF288CBF002001201C
S2140182D0F8BD5B4B9942ECD0A3F588539942E8D0A0
S2140182E024F4FF7323F00103B3F1062FE1D05648BF
S2140182F08142DED053498B42DBD004F0FE43B3F11A
S214018300A06F14D102F0FE43B3F1A06F40F093804A
S21401831082EA040333F47E1340F08D8014F40040A7
S214018320D6D0C4F30540C2F305429042CDE7B3F17F
S214018330407F6AD102F0FE43B3F1407F7BD182EAEF
S214018340040535F47E1576D131462046FFF770FFD9
S214018350002870D13F4B12F47C1703EA02031BD0AE
S214018360B3F1607FC2F305473FD13B49D3B243F037
S21401837000738B423DD003F17E43043B0F2B01D8A3
S2140183803649CD5C14F47C1FC4F3054333D1BD429A
S21401839014BF002001209BE7B3F1607F0DD12E4969
S2140183A0D3B243F000738B421DD003F17E43043BEE
S2140183B00F2BDAD82A49CF5CD7E7B3F1707FE1D12A
S2140183C006F4E043B3F5005F03D10127C6F30223A9
S2140183D09F4006F4E043B3F5005FD3D10125C6F311
S2140183E002218D40CEE71027BFE7B3F1707FC9D1D8
S2140183F0EFE71025C6E712F47C1F01D1AB4218D077
S21401840022047FF565AFBB425FE7B3F1106F12D16F
S21401841024F01F6020F4702068B902F0FE43B3F127
S214018420106F7FF455AF0F48104040F01060A04227
S214018430AEE701204CE700204AE700BF0002000635
S21401844000130006000400060009000600030006EB
S214018450FF0000020000C07F0300000272C8030094
S21401846072C803000000FFF62DE9F8431746002204
S21401847088461C4600F05AFA054688BBD8F80060C4
S214018480B6F8009009F4E043B3F5804FF36808BFEF
S21401849027F0010737EA03031AD10CB3254B24F062
S2140184A0FF029A421FD114F0FF0304D0224A43F080
S2140184B00073934232D0224648463169FFF7D8FE10
S2140184C0074668B9224648467169FFF7D1FE70BB78
S2140184D06FF0840500233046C8F800301AF052FECB
S2140184E02846BDE8F883154B9A42DCD0A3F588539D
S2140184F09A42D8D024F4FF7323F00103B3F1062F78
S214018500D1D00F498A42CED00E4A9342CBD004F046
S214018510FE43B3F1407F04D12304CCD56FF086052A
S214018520D8E7B3F1A06FF7D0034B9C42C2E73D46B4
S214018530D6E700BF00030006FF0000020013000696
S214018540000900060004000638B500F0FE43B3F14A
S214018550407F04460D4602D06FF0860038BDFFF717
S21401856067FE0028FAD114F47C1F12D0C4F3054329
S214018570032B137022D9284A2240B2F1607F3DD1E5
S214018580264AE4B244F0007494422BD1102BE5D96C
S214018590E2E7214B2340B3F1607F15D11F49E3B2D7
S2140185A043F000738B4202D110231370D6E703F118
S2140185B07E43043B0F2B04D9002313706FF0850014
S2140185C0CCE71749CB5CD3E7B3F1707FF4D101F464
S2140185D0E043B3F5005FEFD10123C1F302218B40E5
S2140185E0DBB2C5E704F17E44043C0F2CB4D80D4A37
S2140185F0125D9342B0D8142BB0D9DFE7B2F1707F89
S214018600AAD105F4E042B2F5005FA5D10122C5F377
S2140186100225AA40EDE700BF0000C07F030000026C
S21401862072C8030072C8030037B50B4D0C462B7891
S2140186307BB100230A460193014601AB281D19F0C0
S21401864001FC20B9019BA34218BF6FF0930003B051
S21401865030BD6FF08800FAE7401E00202DE9F04F8C
S2140186609B460023924601F0FE4297B0B2F1806F1E
S2140186700E46DDE92078DDF88890089305D0184687
S2140186801AF080FD6FF086043CE00B464FF48072D2
S21401869008A9FFF7E9FE044618B108981AF072FD1A
S2140186A030E0DDF820C00DAC6546CDE914000FCDF5
S2140186B00FC495E80700BCF8003084E8070003F40F
S2140186C0E042B2F5005F20D113F4E06FC3F302215C
S2140186D01BD0384826F4807282420AD000F500701A
S2140186E0864206D03448864203D0A0F53F408242F7
S2140186F00BD101258D40102D12D960461AF042FD8E
S2140187006FF083042646002548E042F204029342B5
S21401871002D12A4B9E420BD0294B9E4244D10D25B5
S214018720A84507D260461AF02DFD6FF08904E9E7E7
S2140187300C25F5E7294609A8FFF776FF0446002829
S214018740ABD10898D0E9091287B307EB050C0E9C4C
S214018750A8EB0503240A93D10DF12408CDE90539C8
S214018760CDE903BC3346CDE9015ACDF800800DA80A
S214018770FDF7CEFC044614F1860F08988ED01AF049
S21401878001FD0646002CBDD190B925B12A464146C9
S214018790384622F0E0FBD9F800301D443046C9F8CF
S2140187A0005017B0BDE8F08F0025CAE7BC46CEE7FB
S2140187B00446A7E70010C00400FF4004000180043F
S2140187C00013C00408B500F05FF8064B5A7812B1E2
S2140187D00022C3E90122BDE808400C210148FFF749
S2140187E01BBD00BF401E002070B50C4D2B7873B921
S2140187F019F026FB044668B902230126C5E90100E3
S214018800AE706B7000F038F8044618B92E7000246C
S214018810204670BDFFF7D6FFFAE700BF401E0020D6
S21401882000F100420332022A38B504460D4609D843
S2140188302C21104B01FB02339A68824211D06FF053
S2140188408B0010E001211AF04FFC78B1094B9A68B1
S214018850944206D05A6B944206D01A6E9442EED1D8
S214018860583300202B6038BD2C33FAE76FF08700B1
S214018870F9E700BF4C1E00200122024B002083F8BE
S214018880842070474C1E002070B5094C00252646F2
S214018890042120461AF039FC0135204619F0D7FF8D
S2140188A0032D04F12C04F3D1002386F8843070BD27
S2140188B04C1E0020F8B51B4C064694F884300F4633
S2140188C04BB300252346294693F820001A46B8B133
S2140188D025B91A7912B1022808BF1D4601310329AC
S2140188E003F12C03F0D115B96FF08C0015E00421CB
S2140188F028461AF00AFC68B9284619F0A8FF2A4645
S2140189000020094B141BA4105C4304F10044033CF3
S21401891034603A60F8BD6FF0880000233B60336036
S214018920F8E700BF4C1E0020A38B2EBA2DE9FF41AD
S21401893000230B60394B804693F884300D4616466B
S214018940002B68D0FFF76CFF0446A0B92EB9286843
S21401895004B0BDE8F0411AF002BC012E04D0002498
S214018960204604B0BDE8F0810521286804B0BDE8C2
S214018970F0411AF0CABB10F18C0FF1D1294601A8BB
S214018980FFF798FF04460028EAD101232F68CDE9B6
S2140189900200C7F8088038467B6003AA02A91AF0CD
S2140189A09CFC044688B1DDE902011AF094FC2D68AE
S2140189B0042128461AF0A9FB284619F048FF14F1AD
S2140189C08C0F08BF6FF08704CAE7DDE9021238464C
S2140189D019F0C8FE0446DDE902011AF07CFC002C01
S2140189E0E5D1022138461AF090FB04460028DED174
S2140189F02868C368D90444BF43F48063C360C3686E
S214018A009A0444BF43F40063C360002EA0D0012E35
S214018A10A5D10521AAE76FF08804A1E74C1E002026
S214018A2030B40D4D2C681C606C685C6000249C6042
S214018A305468DC6014881C8254885C82D4685C614B
S214018A4014699C61526930BCDA6119620A460146B2
S214018A5003F1240022F07FBA82C803002DE9F8430F
S214018A60232904460F4691469846089E04D86FF07F
S214018A7098052846BDE8F8830822194922F036FAF7
S214018A8005460028F3D1A368002BF0D1216A243FC4
S214018A908F42C8F80010EAD3B1F5005FE7D271B98A
S214018AA0C9F80000E3687360238A3380638A7380A1
S214018AB06369F360A3693361E3697361D9E70120F0
S214018AC019F0D9FCC9F8000030B1D8F8002004F13B
S214018AD0240122F040FAE5E76FF08C05C9E700BFF4
S214018AE082C80300F7B505466B461646164A0C467D
S214018AF01068516803C395F82A3008336B4413F89D
S214018B00087CAB8DDA0609D4334622463946284618
S214018B101AF06DFC00F5FA7003B0F0BD204622F0A5
S214018B20FDFDAB8D00F10A049B074FEAC40405D096
S214018B30304622F0F3FD04F50C740444E823781E55
S214018B40584304FB0700E5E78AC803009022174B49
S214018B5010B51C68002102FB0044204622F0F0F903
S214018B60134B04F108001B680021DB7863761BF0C9
S214018B70EFFC4FF40063E3842385072384F82A304F
S214018B801323FF22A385236A84F8242043F01303CA
S214018B90236284F85420074B074A2046C4E91C3256
S214018BA0C4E92032BDE810401AF04CBCD41E0020A7
S214018BB0A8200020D6BE898E55555500F0B5104B1D
S214018BC002461E6893F804C035464FF0FF34002372
S214018BD09C4508DC91B1631C10D0902303FB046014
S214018BE080F82420F0BD95F8247028469742F9D0E5
S214018BF0FF2F08BF1C4690350133E9E70020F1E757
S214018C00D41E002070B50446234D002842D00830FB
S214018C1001F02EFD0026FF2304F1400084F82430E5
S214018C20E66122F0F6FC04F1440022F0F2FC04F1C5
S214018C30480022F0EEFC04F14C0022F0EAFC04F1BC
S214018C40500022F0E6FC2868144B201A0011584305
S214018C50C0B21AF0C3FB014630461AF0BAFBE06E0A
S214018C6010B100F037FEE666606E18B11AF0C9FB67
S214018C7000236366A06E1AF0C0FB0023A36670BDD6
S214018C80286806FB0400FFF7BDFF01342B79A342D9
S214018C90F6DCF4E79026F9E7D41E0020398EE33897
S214018CA0F7B504461DF0E5F8C0F30F23542B3ED963
S214018CB0AA2B34BF01230223C0B27E288CBF022216
S214018CC0012203218DF804301344B3FBF1F000EBCD
S214018CD040001B1A8DF805301344B3FBF1F202EB8A
S214018CE042029B1A8DF80630002318461D461A4686
S214018CF0104901AF4B7517F8016B44FA06FC1CF0DE
S214018D00010F06D053009E40012330430132C0B20A
S214018D10D2B20135EDB2032DEDD103B148754B7DCD
S214018D2043EA82134B75FF230B7503B0F0BD002396
S214018D30C2E700BFD41E0020064B1B68D97ADA783A
S214018D40437E5B1A9342A8BFDAB2002142761AF03C
S214018D50B5BB00BFA8200020B0F862302BB98368ED
S214018D6013F4601F08BFA0F8623011B1012911D0B9
S214018D7070474369417E23F010034361064B1A682E
S214018D80D37A92780B449342D8BFDAB20121427665
S214018D901AF094BBFFF7D0BFA82000202DE9F041C0
S214018DA00025344E8AB03379AB4203DC01200AB089
S214018DB0BDE8F0819023346803FB054494F8243021
S214018DC0FF2B0DD0236A980106D504F150084046C2
S214018DD022F09CFC074628B9226A12F0A06F1ED129
S214018DE00135E0E7BB7908A90C333B44D8689A7A89
S214018DF01B8AC2F38012ADF8243000238DF81F20A1
S214018E0008901A460DF11F001AF002FB38469DF82D
S214018E101F2094F8241008AB1BF02BFCD7E7A38D7A
S214018E201D2B18D13C23FF210020CDE90431CDE9CB
S214018E3002000121CDE9000004F12E03C2F38022D5
S214018E401BF0F2FE0028B2D04FF0A06104F1200022
S214018E501AF09DFAC4E712F0807F08BF3C214FF05C
S214018E60000218BF432194F8393094F824001BF00F
S214018E7081FDE7E7D41E00202DE9F0411F46C369B6
S214018E8004460D4616468BB169B918F0ECFA06464B
S214018E902946A06E1AF0ADFA204629461AF0F7FACE
S214018EA0304618F0E6FA0020BDE8F0810029FAD035
S214018EB0036A03F01203022B00F0BA80236ADD076F
S214018EC000F1BE8094F82430FE2B0CD104F155003D
S214018ED001F0F2FE01F0E8FE28B14FF4800104F142
S214018EE020001AF04CFA256A614B2B40B3F5807FBF
S214018EF000F0B980A8052FD5C5F3802504F12E080A
S214018F000022414628461AF089FA002184F85400C6
S214018F101AF095FA4146002228461AF084FAA18DE5
S214018F2020B194F95400002880F296804FF4007125
S214018F3004F120001AF02BFAA28D02F00302012A96
S214018F400AD1414628461AF06EFA28B14FF400615C
S214018F5004F120001AF013FA236AD90600F1818081
S214018F60D4E910122046FFF7BDFD012F0ED040F2C6
S214018F707123E28C5A43904208D9228D5A4390427B
S214018F8073D800F51C70B0FBF3F0E084394BE36155
S214018F90002384F83930236AE168B4F8625023F478
S214018FA0803284F83870226221613DB913F0100FC7
S214018FB00CBFC8253C25257605F2B3154EB140F207
S214018FC07121238D42F48032C3EB06134B43226298
S214018FD0E363236A43F400232362274B1B68DB7891
S214018FE0637618F040FA6369074643F0100304F10C
S214018FF00800294663611BF0ABFA012003F0AEFBC3
S21401900028B963691A075CBF43F00403636126B19C
S2140190101CF06BFFE36B0344E363204603F0A8FBFD
S214019020384618F026FA0121A06E1AF0E2F93AE75E
S214019030406C22F073FB00287FF440AF0C2033E72E
S214019040E36E002B7FF43EAF00F0EEFBE0660028F7
S2140190507FF438AF092027E701F001011AF0EFF994
S2140190606AE7064B93E712201EE745201CE700BF80
S21401907000014000B7330300A8200020B59101008D
S21401908070B500249026094D2B79A34200DC70BDF3
S214019090286806FB040090F82430FF2B04D0002338
S2140190A01A461946FFF7E8FE0134EDE7D41E002004
S2140190B02DE9F04F91F806B08DB00BF10C0B04467C
S2140190C00E46012201EB0B050DF127000AA91AF045
S2140190D0B0F9824668B19DF827100AAF384600F00D
S2140190E041FC60B1304617F037FD00200DB0BDE8F9
S2140190F0F08FA97A05F10C07C1F38011EEE7E36E54
S214019100E06695F807900793236A4846298956F83A
S2140191100BB003F0100804F08DFD8344B8F1000F86
S21401912039D1A9F10303012B94BF0323022340F293
S21401913071225B0002FB03B21D4B1B685B796376F1
S21401914005F11803BAF1000F27D09DF8271094F8FF
S21401915024E0B8F1000F24D04FF0010CA87AC0F338
S214019160401095F90550CDE902E0CDE90071CDE951
S21401917004C50121079800F06BFCB8F1000F05D07B
S2140191801CF05AFE012120461AF081F9304617F0EC
S214019190E3FC0120AAE70123C9E7A97AC1F38011FC
S2140191A0D5E794F88FC001200CF00F0CD9E700BF6B
S2140191B0A8200020012810B50C461CD0022822D079
S2140191C030BB08461AF097FB40F27121E38C228DE2
S2140191D094F82A00D21AE36803F59C53083301FB7E
S2140191E002332361FFF75CFD0A4B2046BDE81040C1
S2140191F0996803F011BD03F01FFC844208D1BDE855
S21401920010401CF019BE0846BDE81040FFF794BD9B
S21401921010BD00BFD41E002038B50A4D0020FFF750
S214019220F1FCAB6813B100221A60DA801BF0A3FAD6
S21401923000242B79A34200DC38BD2046FFF786FCCC
S2140192400134F6E7D41E002070B52A4C0546A06806
S21401925018B117F081FC0023A360FFF7DDFF0020A3
S2140192601AF0C0F855B9032025712560E58217F07C
S214019270BFFB20791AF0B6F828B970BD022022F09B
S2140192808CFBA06048B90025A0682571256060BBED
S21401929000201AF0A7F80720EFE700260320257123
S2140192A02660E68217F0A4FBB542E2DD05EBC501B8
S2140192B0090133460122032089B217F04BFB06460B
S2140192C00028E0D1032017F0C3FB20600028DAD085
S2140192D0902231466A4321F033FE2379B342C8DD3A
S2140192E03046FFF733FC0136F7E717F035FCA5608B
S2140192F0CEE700BFD41E002030B5174B826A1B682C
S2140193001206597926D5028F1C79436B1203B2FBDC
S214019310F3F2631AB2FBF3F2B0F89C3003B1013BEF
S214019320D0F8A05005B15B101B02B3FBF2F35B183B
S2140193300CD090F895200F2A08D91209B3EB820FAA
S214019340B8BF00234FEA8201A8BF5B1A9C42A8BFA0
S2140193501C46E1B2417630BDA8200020084B9A7E1B
S21401936082420AD94FF4A4721B6802FB0030836A5A
S21401937013F0100F08BF002070470020704700BF91
S214019380EC1E0020084A09491368C31AD810002B9E
S21401939001FB00F005DB937E8342D8BF4FF0FF3020
S2140193A070474FF0FF307047EC1E0020199C8FC1AC
S2140193B070B504460E4618F056F83146054604F1D7
S2140193C030001AF0DCFA2046FFF7DCFF012181406D
S2140193D005481AF0D4FA4FF4807005F0BFFE28460F
S2140193E0BDE8704018F045B8101F0020F329F8B505
S2140193F004460D46724E25D1338D63B9A36813F426
S214019400601F00F0BA80238F626B1B01B3FBF2F37F
S214019410F32D9FB22DD120461AF052FBB4F89C7062
S214019420002F40F0B380A36A13F0800F0CBF3E23D9
S214019430082384F877302046FFF75EFFF32D36D1F8
S214019440012057E07369590640F18F80836A1A0735
S21401945040F18B80336900F1400143601BF0BFFD92
S214019460338D002BCAD0238F626B1B01B3FBF2F343
S2140194709FB2618FB4F89C209BB25B1A9A427EDC45
S214019480736994F836019B074CBF002102211CF03A
S214019490A3FD40F2022372699343BCD12046A4F88F
S2140194A09C701AF00EFB2046FFF726FF0127A36AE1
S2140194B01807C5D5628F002AC2D013F4C05FBFD18A
S2140194C0726912F00C0FBBD140F202239343B7D15D
S2140194D0D4F8A430002BB3D12046A18F1BF02EFF69
S2140194E0002855DD638F0133984251DC0128A7D04F
S2140194F0013880B2236BA4F87C00590409D54FF4D7
S214019500804104F130001AF042FA00212046FFF7AC
S2140195104FFFB4F87C20A38F94F870101344A387F0
S214019520B4F89C309B1AA4F89C3094F86F3002FB78
S21401953001332522B3FBF2F102FB113384F86F30BD
S2140195404FBBA36A1A0702D41E4B1B6898472046D6
S21401955008211BF0ADFD20460221FFF729FF20461A
S214019560BDE8F840012103F051B9318D238F626BBC
S21401957000293FF443AF1B0178E7338543E7737F48
S214019580002B86D0032194F8360180E7012752E7A5
S214019590608F0130ADE7204619F014FF2046A18FF9
S2140195A01BF056FDA36A05461B0702D4054B1B6834
S2140195B09847002DCBD02046BDE8F8401AF003BBF3
S2140195C0EC1E0020201F00200022074B10B55A7702
S2140195D0202204465A611AF01EFA84F83601204603
S2140195E01AF055FB10BD00BFEC1E0020012810B577
S2140195F00C462AD0022830D000283DD191F895306B
S21401960060F3071381F895300846FFF7DDFFA36A7C
S21401961020461B0716D503F093FD042001F0E2FB5C
S21401962050B3164A937F3BB3D37F0133DBB2D37774
S21401963092F821209A421FD8BDE810404FF0806072
S21401964005F08CBD03F050FFE7E703F0F5F984421F
S21401965012D1BDE8104003F067BD91F89530204661
S214019660C3F30312013262F3071381F89530BDE8A4
S2140196701040F321FFF7BABE10BD00BFEC1E00205C
S21401968010B501F00FFCFB22114B10F0020F1A77F8
S2140196900CBF012203224107197E48BF42F0040293
S2140196A062F3030119761A7EC2F3030161F307120E
S2140196B01A764FF4417100221984DA76DA835A62F7
S2140196C01A611A85034BBDE810401B68184700BF96
S2140196D0EC1E0020181F00202DE9F8434B4C0546D0
S2140196E0A06818B117F038FA0023A360022017F01B
S2140196F07FF95FFA85F8002019F072FE40461AF0ED
S214019700A6F90646002868D140461AF0ABF9074686
S214019710002862D1002D75D005EB850105EBC1014E
S214019720C90033460122022089B217F013F9002836
S21401973050D14FF4A479022084F81A8017F088F9E2
S21401974009FB05F731463A46206021F0F9FB32461F
S2140197502368681E03EB0901824233DB002DA7F55F
S214019760A4724FF00001D8BF0022995028466360CA
S21401977019F036FE88BB40461AF05BF968BB4046D6
S2140197801AF05DF9074640BB002D16DD022022F0D7
S21401979004F90223A060C37183793946C3F102023A
S2140197A00C33D2B2184421F0CBFB0121A3689A797D
S2140197B013441A7B61F301021A73FFF761FF304607
S2140197C0BDE8F88309FB02FC013243F80C1001F5F1
S2140197D0A471C1E7C4E90077A776002500201AF036
S2140197E036F900201AF03EF92846C4E90055A57658
S2140197F01AF01FF9284619F0F3FD022017F0F8F8C1
S2140198000726DCE72B46A5762560AFE7EC1E002091
S214019810014B987E704700BFEC1E0020014BD87E9E
S214019820704700BFEC1E0020F8B5284D17F01BFE50
S2140198306C681CB917F01DFE2046F8BD4FF4A476DF
S214019840012723686B60EB7E0133EB7617F011FE80
S21401985032460021204621F073FB04F12800402106
S21401986067611AF08CF82B8B0722A4F8443194F820
S2140198703731002167F3030384F837314FF6FF735E
S214019880A4F87A302B7FA4F8866084F8423144F23B
S2140198909023A4F8403194F8853004F1080062F36F
S2140198A0030384F885300A4BC4F8883003F1CE539D
S2140198B003F59813C4F88C3041F61B33A4F89030A6
S2140198C01B2384F892301AF043FEB5E7EC1E002005
S2140198D048014801F8B5044600261BF098FD04F13E
S2140198E0A40021F096FE04F1A80021F092FE04F1F6
S2140198F0AC0021F08EFE04F1080000F0B9FE04F180
S214019900A00021F086FE154B20461B68984720468E
S214019910C4E90A66FFF736FDC5B2284619F05AFDB6
S2140199200746284619F058FD0146384619F051FDFC
S21401993017F099FD05464FF4A4723146204621F0F2
S214019940FFFA074B28465A682260DA7E5C60013AC5
S214019950DA76BDE8F84017F08CBD00BF1C1F00206A
S214019960EC1E00202DE9F04106464FF480400F46DC
S21401997001F038FA044630B90E4B1D6893F81A8088
S2140199807135A04502D80020BDE8F08155F8493C64
S214019990DA0609D5C3F38003BB4205D10622294660
S2140199A0304621F0A3FA18B1013405F5A475E8E7AD
S2140199B00B20E9E7EC1E002008B5B0F894305A1CDD
S2140199C062F30B03A0F89430042001F00BFA70B197
S2140199D0074A937F0133DBB2937792F820209A42AD
S2140199E005D8BDE808404FF0806005F0B7BB08BD5C
S2140199F0EC1E002038B58B7905460B449B7D0C4642
S214019A0003F00303032B09D101212C3019F0B7FF12
S214019A104FF4006105F1280019F0B1FF2146054811
S214019A20A56021F0DDFEBDE838404FF0005005F09E
S214019A3095BB00BFF81E0020014B1877704700BF8A
S214019A40EC1E0020014B187F704700BFEC1E002063
S214019A502DE9F74F1D4616462A4604469DF838302E
S214019A609DF83C8080F89B3052F8103B0F46C0F8BA
S214019A70283100F14401B8F1000018BF0120DDF8DB
S214019A8030A09DF840909DF834B005F081F820464E
S214019A901BF007FB204619F0E7FF1CF0A3FA494626
S214019AA00246204619F0DAFFC82320460DF10601CA
S214019AB0ADF8063019F0C5FF47F6FF73A4F830314C
S214019AC0AB88A4F82C31AB7984F82E31DAF8003063
S214019AD0C4F87130BAF8043004F1280AA4F87530D5
S214019AE0BBF1000F03D00421504619F048FFB8F12E
S214019AF0000F04D04FF40051504619F040FF4FF4C8
S214019B00607001F06FF9C0F3C018C3054FEA8818FA
S214019B1048BF48F08008810548BF48F4807817F0B0
S214019B20A2FC83464FF48261504619F028FF414655
S214019B3004F12C0019F023FF584617F09AFCBB1EBF
S214019B40012B7AD84FF40021504619F018FF012155
S214019B502046FFF72DFC042120461BF0A9FA6B7D59
S214019B602046C3F3040384F870306A8907F0FD07C2
S214019B7052006263697B2A7B42EA01226287E97BA3
S214019B80AA7B42EA012222876A7D84F86F30C2F3FB
S214019B90421284F83E2000220523A2870122A4F85F
S214019BA09C30A4F87C209DF9441019F062FF01F066
S214019BB073F920F40060C4E908012046FFF79CFB16
S214019BC03A4A3B4BB2F82880B8F1000F68D1002F13
S214019BD038D140F2C7186660E3612046166119F075
S214019BE0DFFEB9F1010FE0600AD094F83731204664
S214019BF069F3030384F8373109F00F011AF0BFF84F
S214019C0004F1080041461AF0A3FC012002F0A6FD6B
S214019C1028B963691A075CBF43F00403636140F225
S214019C2071216B892046013B594319F0D8FE204625
S214019C3002F09EFD03B0BDE8F08F012F87D140F200
S214019C40014185E74FF4D778E36140F271272B890C
S214019C5040F608015B0007FB03665046666004F1A8
S214019C60400619F08CFE314620461BF0B8F92B89C8
S214019C70314601335B0020467B4304F1340201F098
S214019C801FF9EB7931465B00012220467B431BF02E
S214019C90ACF9236C20469E0819F082FE3044A0E7FA
S214019CA06660E361002FD0D197E700BFEC1E00206D
S214019CB0ED95010070B51D46C36A04461B0716469E
S214019CC013D408212C3025F4105519F058FE25F030
S214019CD01005064B2D0433402D0C2046C4E90835EB
S214019CE0BDE870404021FFF763BB70BD2FCF87F7FB
S214019CF02DE9F04F85B004460191084689B34B79AA
S214019D009A071FD421F00AFD019D70B96B79DB0714
S214019D1005D54FF4803104F1280019F030FE01A872
S214019D2021F077FC05B0BDE8F08FA36ADF0309D503
S214019D304FF4803104F1280019F029FE6B7943F0C5
S214019D4001036B71019E17F08EFB737931469E07F6
S214019D5005461ED504F1AC0021F051FD284617F04A
S214019D6088FBDFF8909117F07EFBA36A0746DD05B6
S214019D7014D5D4F8AC3043B19A7913441B7B392BF4
S214019D8003D829FA03F3D80711D4384617F071FB24
S214019D90C8E704F1A80021F023FDDFE794F9463176
S214019DA0022BF2DCD4E92A2372B9002BEDD004F1A0
S214019DB0AC0021F04CFC0546384617F05AFB294604
S214019DC020461AF08AF9CEE7002BF0D194F892805B
S214019DD0039304F1A80BD4F8A86096F807A0B3790A
S214019DE0AAEB030A5FFA8AFAC24527DC584621F035
S214019DF08DFC0546A8EB0A086B7929466FF3C30369
S214019E006B7103A821F0ECFCD4F8A8302BB15B7978
S214019E10990702D1B8F1000FDDD1039B002BB4D016
S214019E209B79022B40D8002021F0B7FD014670BB7C
S214019E30039904F1A80021F0E2FCA6E7002021F036
S214019E40ACFD054630B9039904F1A80021F0D7FC12
S214019E5003959AE78079B1790C300C31424631444A
S214019E60284421F078F8EB7953FA88F3EB71B3794B
S214019E70727953FA88F3B3716B794FF0000862F385
S214019E8000036B7173796FF300037371B4E7039B7F
S214019E904A79587960F300024A715A7903A86FF338
S214019EA000025A7121F0A6FCE36A9A0512D50398BE
S214019EB0034600680028FBD1DB79C3F14503DBB21A
S214019EC0032B07D821F069FD01460028B0D003A86E
S214019ED021F086FCD4F8A83013B15B79DB0704D5F2
S214019EE0039A537943F008035371384617F0C1FAC1
S214019EF0039965E77C2C020070B5036B0446DA070C
S214019F0086B033D5866A330723D516F4002F14BFDF
S214019F10032501252046FFF735FA94F89B3029469C
S214019F2005930023049394F83E30C6F3800203930E
S214019F30238F80B20293638F0193636BC3F34F0346
S214019F40009304F171031AF06FFE30B9002006B0D9
S214019F5070BDB50C05F00205DCE7012104F1300007
S214019F6019F015FD4FF4005119F009FD236B980403
S214019F7010D52046FFF706FAA16AC0B2C1F34031F8
S214019F801AF090FB0028E1D04FF4005104F13000A4
S214019F9019F0FDFC236BD90409D500212046FFF7F3
S214019FA0A7FE4FF4805104F1300019F0F0FC236B4A
S214019FB05A0512D52046FFF7E5F9002394F89B5081
S214019FC0C2B2194628461AF0D5FC0028BED04FF476
S214019FD0806104F1300019F0DAFC236B5B0711D5C0
S214019FE02046FFF7CFF9616B238F628FC1F34F01D4
S214019FF080B21AF0F9FD0028A8D0042104F130003F
S21401A00019F0C5FC236B1E0709D520461BF0DCFBA7
S21401A01000289BD0082104F1300019F0B8FC236B0E
S21401A020DD0618D52046FFF7ADF9E16A80B211F4D6
S21401A030805100F0C58000211AF06BFE002885D003
S21401A0404FF4805104F12C0019F0A1FC102104F109
S21401A050300019F09CFC236B580615D52046FFF7F7
S21401A06091F994F8773080B20093D4E908231AF076
S21401A07033FE00283FF46AAF0023402184F877308E
S21401A08004F1300019F083FC236B190516D5204620
S21401A090FFF778F900230093B4F89830B4F89620C7
S21401A0A094F89A1080B21AF0B0FA00283FF44EAF36
S21401A0B04FF4006104F1300019F069FC236B13F4CE
S21401A0C0804532D19A0516D52046FFF75BF994F8FC
S21401A0D0371194F8772001F00F0180B200F042FDAD
S21401A0E000283FF433AF4FF4007184F8775004F141
S21401A0F0300019F04CFC236B1B0616D52046FFF7E3
S21401A10041F9B4F88C3080B2009394F89130B4F8E9
S21401A1108A2094F890101AF02EFE00283FF416AF0D
S21401A120802104F1300019F032FC236B9E0612D513
S21401A1302046FFF727F994F8771080B21AF000FE50
S21401A14000283FF403AF0023202184F8773004F180
S21401A150300019F01CFC236BDD0508D504F1300036
S21401A1604FF4807119F013FC20461BF06AF9236B3B
S21401A170180408D504F130004FF4004119F007FC2B
S21401A180204619F0F8FD236BD90308D504F13000F9
S21401A1904FF4803119F0FBFB204619F05AFC236B73
S21401A1A09A0308D504F130004FF4003119F0EFFBA3
S21401A1B0204619F05CFC236B9B0704D40120C6E6FD
S21401A1C01AF0BEFD3AE700222046114619F04DFC72
S21401A1D0204619F04CFC2046FFF7D4F894F8771087
S21401A1E080B21AF063FE00283FF4B0AE022104F1FB
S21401A1F0300019F0CCFB2046FFF76CFB014B1B68C7
S21401A2009847DBE7181F0020F8B50023124A02F131
S21401A210240151E8004F41E80035002DF7D1012710
S21401A22034B9BDB10D48294619F0A9FB2046F8BD41
S21401A23094FAA4F0B0FA80F007FA00F624EA0604CD
S21401A240FFF78CF80028EBD0FFF756FE0028E7D181
S21401A2503543E5E70120EAE7EC1E0020101F002049
S21401A2602DE9F74F04460190002860D0C5794FF0DC
S21401A27000080C35054417F0F6F8464600904FF4F2
S21401A280A47A40462B4FBA7E5FFA88F94A4517D919
S21401A2900AFB09FB3A685A44916ACB0644D5B2F8E0
S21401A2A09420C2F30B02002A3ED0E279C2F14502A5
S21401A2B0D2B2032A15D8022021F06FFB044640B91A
S21401A2C000230098FB8317F0D4F8304603B0BDE8AE
S21401A2D0F08F014601A821F083FA0020E5790C35BC
S21401A2E0254404220123002112FB003305F82090A7
S21401A2F0E9543B6802FB005C5B44B3F894300136DA
S21401A3008CF80230032312FB0032A9543B6801305B
S21401A3105B44B3F89420C0B261F30B02A3F8942017
S21401A320E379F6B20433E37108F10108ABE70646B8
S21401A330CBE700BFEC1E0020F7B5684604F01CFC16
S21401A34000254FF4A477124EB37EAB4201DC03B076
S21401A350F0BD346807FB0544A36A03F01803102B0D
S21401A36013D10522694604F1450020F0BFFD60B116
S21401A370012120461BF086F838B9012021F00DFB9B
S21401A380014610B1204601F06BF90135DCE700BF4C
S21401A390EC1E00202DE9F74F17F065F8424BDA68FE
S21401A3A000920022DA6017F064F8009B13B903B03C
S21401A3B0BDE8F08F684621F04AF98279876802F194
S21401A3C00C04044401460190A07A0A3210F0200FD2
S21401A3D014BF0320022002448A71FA6A52050FD57F
S21401A3E0E07AA27A42EA002238461AF064F838B9CE
S21401A3F001A821F00EF93D21384619F04EFFD4E7A9
S21401A400BA6A94F80AB012F4007201990BF00300CC
S21401A41013D003288A79EBD10A44127B392AE7D86C
S21401A420224B23FA02F2D307E2D54A79384642F0A4
S21401A43002024A7100F01CFEB7E70328F5D04879FE
S21401A4400BF0030B62F341004871084694F806903E
S21401A45094F905A021F062F9019D0646AC793846CB
S21401A460063CE4B2AC71FEF78DFF0C34C0F3032357
S21401A47005EB040843EA0B1388F803302B46F6B2C3
S21401A48088F80200A8F8046005F804A088F801908E
S21401A4905A796FF341025A711B68002BF8D128468E
S21401A4A01AF017F981E700BFEC1E00207C2C020091
S21401A4B0002370B50D46D1688AB009BA0291C178F9
S21401A4C0C66861F30703817836BA61F30F234178D2
S21401A4D006AC61F317439168069609BA0391816841
S21401A4E009BA07915168126809BA12BA049105921D
S21401A4F00178426861F31F6312BACDE90823234647
S21401A5008022012002A9009417F0B8FB0028F6D19A
S21401A510DDE90810DDE9063200BA09BA12BA1BBA3B
S21401A52028606960AA60EB600AB070BDF8B50446A1
S21401A5300026084F0CB90748F8BDA179E579B81986
S21401A5406D1AEDB20C3121442A4620F004FD2E444A
S21401A5502468EFE7281F0020F8B504460026084FB8
S21401A56004B9F8BDA079E579B9192D1AEDB20C3008
S21401A57020442A4620F0EFFC2E442468F0E700BF72
S21401A580281F0020104B1A7842F0F0021A701A7C2D
S21401A59042F0F0021A7493F8202042F0F00283F899
S21401A5A0202093F8302042F0F00283F8302093F810
S21401A5B0402042F0F00283F8402093F8502042F009
S21401A5C0F00283F850207047382000200368054ABF
S21401A5D023F07F6323F4002302EAC142134303609E
S21401A5E0704700BF0000F80FF8B54488054604F030
S21401A5F00704072C1C4E28D116F035FF0022110146
S21401A600735C06EB02171B090F2B0AD00132062AD0
S21401A610F5D1164A13880133138016F02AFF192044
S21401A620F8BD2B6894B27B801123735416F021FF7A
S21401A6301BF05BFC06EB0413D8602B68002023F4A8
S21401A640E02343EA04432B60EAE72301F15CC1F30C
S21401A6500312013202F00F02052A28BF002262F31C
S21401A6600711F154E4E700BF382000201E2B00201C
S21401A67038B54488054604F00704072C0FD016F0B9
S21401A680F2FE074A2401135D43F0F00313552B68CD
S21401A69043F4E0232B60BDE8384016F0EABE38BD2F
S21401A6A0382000202DE9F0474588074605F00705C4
S21401A6B0072D894637D01D4C4FEA051814F8086057
S21401A6C01BF013FC04EB051ADAF80C30360906EB1E
S21401A6D0C506C01A04EB4606708014F8083003F06D
S21401A6E00F02042A9EBF013262F3030304F8083006
S21401A6F0B9F1030F14D114F8081004EB0514A01CCB
S21401A70001F00F011BF09EFA044616F0ACFE3A6803
S21401A710074B134023433B60BDE8F04716F0A9BE44
S21401A7204FF6FF74F1E7BDE8F08700BF3820002040
S21401A7300000FF7F064A08B59268824207D0427938
S21401A74022F0030242F00302427104F06FFD08BDDD
S21401A7509820002010B5064C204620F05AFF201DF8
S21401A76020F057FF04F10800BDE8104020F051BF6B
S21401A7709820002010B5022021F00FF9034C6060EC
S21401A780022021F00AF9A06010BD00BF9820002029
S21401A79008B5FFF7DFFF0022024BDA60BDE808408C
S21401A7A0FFF7E8BF98200020014B5868704700BFAC
S21401A7B098200020014B9868704700BF9820002021
S21401A7C038B50C4CE3681BB1E36898470023E36097
S21401A7D023686BB1074820F03AFF054640B123686D
S21401A7E01BB14FF0004004F0B9FC28461AF077FB85
S21401A7F038BD00BF9820002010B5084CE0604FF02F
S21401A800004004F0ABFC00BF00BF00BF00BFE36820
S21401A8101BB1E36898470023E36010BD9820002031
S21401A82038B58379044603445B7B13F0300F4379D4
S21401A83023F0030308BF43F00103437116F013FE30
S21401A84005462146054820F0CBFF4FF0004004F0B6
S21401A85085FC2846BDE8384016F00BBE982000203F
S21401A860F7B5144F7C68A3790C331C4400F01AFB2F
S21401A8706679E6B116F0020519D136EA000016D15E
S21401A880E378B4F80920B4F80710A0790196247982
S21401A890009401F031FB002808BF0C252A4642F23D
S21401A8A04101B86803B0BDE8F04019F0A6BE112515
S21401A8B0F4E700BF9820002010B50D4C626893792C
S21401A8C00C331A441179D078003918BF01210038A9
S21401A8D0B2F8073018BF0120B2F8052001F06AFC73
S21401A8E042F242010246A068BDE8104019F085BE5A
S21401A8F09820002010B5084C6068837918440F3002
S21401A90000F09EF90023A0681A46BDE810404FF6F5
S21401A910284119F030BE00BF98200020242816D800
S21401A9200F2805D802280CD8B0FA80F040097047E5
S21401A930084B103880B2C34003F0010383F00100D6
S21401A94070470538012894BF002001207047012078
S21401A950704700BF2D2011002DE9F04F95B0FFF78D
S21401A96023FF42F23603867905460C3630F8068018
S21401A970841998450ED1FFF717FF022120F020FE1B
S21401A9807F22A3780233A370AA55002320222377BF
S21401A990627063770121E078FEF710F9002306461E
S21401A9A0002800F0D780CDE91233237AE2888DF8AB
S21401A9B04A30E37AADF848208DF84E30A388B4F8D3
S21401A9C0092013F01000ADF84C2003F0050306D063
S21401A9D093B1E37D012B51D00025122614E07BB301
S21401A9E0E37D657E012B37D16B1EDBB2022B09D8C6
S21401A9F000F058FA012338E04FF48043DDE91212E3
S21401AA00914220D900251126FFF7D4FE01233246B4
S21401AA104146ACB219F0AFFD002DCCBF0534053C64
S21401AA2024B2002E40F099800A2394FBF3F4E4B29A
S21401AA30FFF7C0FEC3791844C47215B0BDE8F08FA5
S21401AA404FF6FF73DAE71F29DCD99A42DAD8E37D9D
S21401AA50657E0028BED1C5E7032BD3D16B1EDBB2C2
S21401AA60022BCFD800F01EFA04230342CAD0032DCE
S21401AA7008BF04252840C0B20028C3D0E07818F0EB
S21401AA80B4FC20B1A088FFF749FF0028A4D0344ABF
S21401AA90237F1278002A54D0042B9DD8637F042B81
S21401AAA09AD8A388DB0653D41BF09CFA0121C8224E
S21401AAB0084003F0DBFE94F91630B4F804E003EB2B
S21401AAC08303B0EB430F4FEA4302637B677E0F932A
S21401AAD0A37BE188109304F10F031193637F94F82D
S21401AAE00C9094F815A094F818B00546E07DC8BF00
S21401AAF015B2B4F809200C93237F03280B93E37E49
S21401AB0008BF0420032F08BF0427003B18BF0123FA
S21401AB100A93A37E1FFA85FCCDE90873119BCDE944
S21401AB20060B0293109BCDE904ACCDF80C90019373
S21401AB300F9B304600935FFA8EF318F012FD06461F
S21401AB4062E7002B7FF45EAF637F002BA9D059E745
S21401AB500020ABE70546072656E7002468E700BF56
S21401AB60B52B0020F8B5074601200D46164620F005
S21401AB7014FF0446C0B106220C2119F00FFD691E10
S21401AB80C9B2032988BF0022A37998BF074A03F1F7
S21401AB900C0398BF525C234420469F80DE70DA7116
S21401ABA09A71FFF7C7FD0120F8BD00BF92C80300E8
S21401ABB0F8B5FFF7F9FD83791844B0F80F60B0B225
S21401ABC0FEF7CCFB0446C0B119F041FA0138C0B219
S21401ABD0032814D800270B4B1C5CFFF7EBFD05463A
S21401ABE004233A4642F2300119F0C5FCAB790C3326
S21401ABF0E818C68004724472F8BD0227EDE7002407
S21401AC002746EAE792C803000B4610B50649074CEB
S21401AC100622002808BF2146184620F067F9B0FA38
S21401AC2080F0400910BD00BFB72B0020BD2B0020CF
S21401AC30024B1A6802609B8883807047BD2B0020F8
S21401AC4013B50D4C28B1036823608388A38002B036
S21401AC5010BDFAF749F8CDE900019DF80230BDF8BC
S21401AC600020A370BDF805302280A4F803309DF8BB
S21401AC7007306371EBE700BFBD2B002010B504461B
S21401AC8016F0F1FB2268064B1A60A2889A80054AE4
S21401AC90137843F00103137016F0EBFB012010BD8F
S21401ACA0B72B0020B62B0020024B1878003818BFAF
S21401ACB001207047B62B0020024B1A6802609B8861
S21401ACC083807047B72B0020024B186908B104F047
S21401ACD045BA7047980F0020002310B53C4A02F190
S21401ACE0100151E8001F02F1100C4CE80034002C52
S21401ACF0F5D140EA0104A10201D501F0A3FD22012C
S21401AD0001D503F075FC002C01DAFFF759FD63004D
S21401AD1001D501F0BFFCA00001D5FFF73BFBE10028
S21401AD2007D5FEF73BF820B94FF0805129481AF0B5
S21401AD3029F9620107D519F055FA20B94FF080615B
S21401AD4024481AF01FF9A30105D51BF044F9FFF7B3
S21401AD50F3FA18F04FFBE00108D518F06EFE07284D
S21401AD6004D14FF080711B481AF00CF9610201D52D
S21401AD7018F03AFB220201D518F02AFBE30207D5A8
S21401AD8018F059FE20B94FF4801112481AF0FAF85B
S21401AD90A00507D500F03AF920B94FF400710D4827
S21401ADA01AF0F0F8E10507D5FFF72EFA20B94FF4AF
S21401ADB0807108481AF0E6F8620503D519F0D9FB48
S21401ADC019F0D8FB230501D51AF0E4F810BD00BF31
S21401ADD0980F0020A80F0020014601481AF0D2B8AB
S21401ADE0980F0020014B1B6818407047980F0020F1
S21401ADF010B5044BD3E9064204430A43C3E90642AD
S21401AE0010BD00BF980F002070B51E4D04462B687C
S21401AE10002B03DAFFF7BCFC002031E04CF20C00FB
S21401AE200021FFF7E5FF0023174E336024B1636866
S21401AE302B60A36803B133604FF00040FFF7CCFFEF
S21401AE4033680BB9114B3360114B1248AB600023CA
S21401AE502B7315F0BDFEFFF795FB2046F7F770F94B
S21401AE6070B92CB1B4F90E10B4F90C0002F010FF51
S21401AE701BF0BCF803F04EFE03F0DCFD0028C9D041
S21401AE8070BD00BF980F0020A82000204F0D0020A5
S21401AE90C9AC01009C0F0020014BD3E906017047A5
S21401AEA0980F0020054B9B69DA054CBF0320012053
S21401AEB01B0548BF40F00400704700BF980F0020F4
S21401AEC0F8B517461C460D46064603F097FA1C4B86
S21401AED0BA7A1C4953F8222053F820308C421A447F
S21401AEE024D9194B9C4214D9184B013C93FBF2F31D
S21401AEF0002BB8BF03339A1004EBA304B4FBF2F3A0
S21401AF0071682A68A1EB930102EB430271602A6023
S21401AF10F8BD0F4B0F49A3FB04435B0902FB03F388
S21401AF2003F6C313A1FB0313DB0AE9E702FB04F3F1
S21401AF30094A03F574338F33A2FB03231B0CDFE7A7
S21401AF40E8C803004C6210001366660640420F0014
S21401AF501F85EB515917B7D183DE1B43024B1A6885
S21401AF6002601860704700BFB02000200022024B2C
S21401AF701A6000F0FBB900BFB02000202DE9F843AD
S21401AF80064618F0BEFD0446002835D045784DB972
S21401AF9016F069FA237863701B4B1B682570636093
S21401AFA016F067FA4FF00108677837B923781BB3B4
S21401AFB04FF4007004F0D2F81EE097FAA7F5B5FA40
S21401AFC085F508FA05F55FFA85F9636833B90E4B1E
S21401AFD027EA050565701B686360E5E79B681BB992
S21401AFE063681B686360F0E7494630469847012866
S21401AFF005D163681B6863600120BDE8F8830228F9
S21401B000EED10020F9E700BFB020002070B5002582
S21401B0100D4EFEF7FDFBA84201D8012012E0306874
S21401B020FEF79CF950B93468FEF7F2FB0134B4FB25
S21401B030F0F303FB104401353460EAE7FFF79EFFA7
S21401B0400028F0D170BD00BFAC20002010B504462A
S21401B050837903441B7B392B96BF044AFF21D15CBD
S21401B06020F0AEFAA0790C30204410BD96C803003B
S21401B0702DE9F34105460C46019118F032FD830691
S21401B08005D501A820F0C5FA02B0BDE8F081019F00
S21401B090BE790C36BB5D392B18D8164A12F80380D8
S21401B0A0B8F1FF0F12D0384620F038FB0138404582
S21401B0B00CD1114B1E6896B921462846A379234424
S21401B0C01A7B02B0BDE8F0411AF054B8019820F09E
S21401B0D0A0FA2846BA5D01991AF04CF8D4E77368CD
S21401B0E00BB93668E7E72146284698470028F8D086
S21401B0F0CAE700BF96C80300B020002037B5044653
S21401B1000D46202118F0EFFC2946204618F058FD80
S21401B110214601201AF0D5F8214600201AF0D1F870
S21401B120012000232146034A00901AF05BF803B081
S21401B13030BD00BF4D50030073B50C46164605469C
S21401B1401AF031FA80F001002946C0B218F0C0FCAE
S21401B150C368012C9A7907D032462146284602B0A8
S21401B160BDE870401AF025BA13441022DB8A29463E
S21401B17000920020024A1AF035F8204602B070BD4F
S21401B180B355030037B504461AF04DFA032120469D
S21401B19018F0C7FC0025034621460120034A009506
S21401B1A01AF020F8284603B030BD00BF99540300BA
S21401B1B02DE9F347074602200E4620F0EEFB054632
S21401B1C0002846D0B37900210C333344B3F8048009
S21401B1D0B3F806A0B3F8089019F082FF2846FFF7E7
S21401B1E035FF02210446384618F09BFCA4F804807B
S21401B1F06081A4F806A0A4F808901AF03AFE08F1B7
S21401B2000108B0FBF8F303FB1800022360806370AB
S21401B210AB79B371EA7903F10C00F271D21AD2B2AA
S21401B220291830441FF097FE3946012018F050FCCB
S21401B2301022C6606389394601200092064A19F039
S21401B240D1FF3846294619F049FF002002B0BDE873
S21401B250F0870720FAE700BFB35503002DE9F34155
S21401B26004460D460146012018F032FC012107462E
S21401B270284619F035FF2846FFF7E8FE064600F196
S21401B2800108404603F078FCD6F801300221C7F8E1
S21401B290123073792046BB7518F043FC29460746E1
S21401B2A0F080204619F01AFF202321460093012042
S21401B2B03B46034A19F096FF002002B0BDE8F08134
S21401B2C07F5503007FB504460D460146012018F060
S21401B2D0FFFB50E8003F43F4806340E80036002E51
S21401B2E0F7D120461AF05FF9D8B3204618F001FCD2
S21401B2F0430715D53346324620460DF10F0118F0A7
S21401B3008DFE9DF80F30062B0AD8284615F024FC32
S21401B310012200232046FEF7CDFC002004B070BDBC
S21401B3200E21284619F0DCFE2846FFF78FFE06465A
S21401B330FFF7B2FDC6F80510FFF7AEFD2946C6F8C1
S21401B3400100204619F0CAFE0321204618F0E9FB49
S21401B35000220346009221460120034A19F042FFCB
S21401B360DBE70821DDE700BF9D54030010B5054C5F
S21401B370054A204605491AF080F82046BDE81040E7
S21401B380FFF7ECBDB420002065560300F9B40100B8
S21401B390F7B58B7904460C33CE18CB5C0D46023BD1
S21401B3A00F2B00F2A080DFE803F0089E9E9E9E739E
S21401B3B09E829E9E2C689E9E9E4F16F054F8717833
S21401B3C00746204618F0FCFB2021204618F08BFB90
S21401B3D02146012019F075FF2146002019F071FF62
S21401B3E001230093002321461846404A19F0FAFE2D
S21401B3F0284615F0B1FB384616F03BF8012003B09D
S21401B400F0BDB3887288717818F0EEFD204618F00A
S21401B41070FB830708D4294620461AF004F9012157
S21401B420204619F045FEE9E72146012018F050FBB9
S21401B4302F4B82689A4203D12146012019F011FF51
S21401B440284615F089FBEAE777780846B67815F0BE
S21401B45083FB162F05D13246032120461AF0F3FA54
S21401B460CCE72146012018F033FB8368002BC5D0BA
S21401B4703246032120469847C0E70146012018F0CE
S21401B48027FB07462846767815F066FBBB68EDE78E
S21401B4900146012018F01CFB07462846767815F071
S21401B4A05BFBBB68002BA9D032460421E2E70146CC
S21401B4B0012018F00DFB0F4B82689A4203D02846F4
S21401B4C015F04AFB9AE7D6F80120D6F80530204653
S21401B4D0FEF7F0FB284615F03FFB2146012019F048
S21401B4E0C0FE02219CE7002089E700BF1B5603002F
S21401B4F0995403009D5403002DE9F3410C4605467B
S21401B5001AF051F8A37900286BD00C3314F8038095
S21401B510E618B8F1010F41D0B8F1080F39D0B8F1EB
S21401B520000F51D17189284619F04AFEB1887388F7
S21401B53072788B4294BF0746002709290B4638BF0D
S21401B5400923013B9BB29A420FD8002A08BF002765
S21401B5500846F388328919F052FD40B9204615F0A5
S21401B560FBFA012002B0BDE8F0814746F0E7002F64
S21401B570F4D02946002018F0ABFA1022C460738973
S21401B5800092013B1B4A9BB22946002019F02AFE75
S21401B590E7E72146284619F0A4FFE2E72846F188A6
S21401B5A019F00EFE0746701C1AF02EFD0028D5D0A5
S21401B5B0002FD3D02946002018F08AFA2023C46031
S21401B5C00093F3880C4ADFE7214628461AF028FB49
S21401B5D00028C6D12146284602B0BDE8F041FFF753
S21401B5E0D7BE23441B7B0E2BD3D0214628461AF008
S21401B5F006FBEDE739B101003755030038B50446BF
S21401B6000D4618F076FA42070BD4204618F071FA68
S21401B610830706D429462046BDE83840034A19F078
S21401B620C1BE284615F098FA002038BD85B1010044
S21401B63038B505460C4618F054FA00F018001028E4
S21401B64006D121462846BDE83840044A19F0AABE6C
S21401B650204615F081FA0C2038BD00BFB1B10100BB
S21401B660014A19F09FBE00BF5DB2010070B50546E4
S21401B6700C460146012018F02BFA0646284618F01B
S21401B68038FA020704D5204615F066FA002070BD88
S21401B69033685B05F7D4284619F085FF40B121468B
S21401B6A02846FFF7ABFF18B920F077F9044630B10A
S21401B6B021462846BDE87040024A19F073BE0720AD
S21401B6C0E5E700BFC5B2010073B504460E4618F0A3
S21401B6D008FA00F0300010284FF0020031D120F0B7
S21401B6E05CF9054678B34379022143F002034371BE
S21401B6F019F0F6FC2846FFF7A9FC294646702046B5
S21401B70019F0ECFC1621204618F05AFA20212046A2
S21401B71018F0E9F92146012019F0D3FD2146002051
S21401B72019F0CFFD204619F072FE0121204618F0CF
S21401B730F8F90346012021460090044A19F052FD0B
S21401B740002002B070BD0720FBE700BFC75403000E
S21401B7502DE9F04387B004460E4618F0CAF900F406
S21401B760C060B0F5C06F06D1022020F016F905467C
S21401B77010B9072054E000252146012018F0A8F949
S21401B780814696F8068000F1120208F10C08B044D2
S21401B79008F10F0308F11F0153F8040B8B4242F81E
S21401B7A0040BF9D10321304619F09AFC3046FFF715
S21401B7B04DFC0A22074608F1050101301FF0A6FBE1
S21401B7C00C210DEB010003F049F903AB03CBC7F8DD
S21401B7D00B00C7F80F10059B07F10B02C7F81330D3
S21401B7E00DB30A21284619F07BFC2846FFF72EFCEC
S21401B7F02946204619F072FC4FF480712046C9F89C
S21401B8000C6018F070F90321204618F08AF900251B
S21401B8100346214601200C4A009519F0E3FC284610
S21401B82007B0BDE8F083204607F11303012118F0A5
S21401B8308AFD2046314619F051FC2046C9F80C50C5
S21401B84018F09DFDDFE700BFA7560300F0B589B0ED
S21401B8500D46044619F021FFAB79002800F0A380BD
S21401B8600C33EA18EB5C033B082B00F23881DFE867
S21401B87013F009003601360184003601360136011F
S21401B8805D007E00D2F80100D2F8051003ABB2F8D5
S21401B890097003C302F1130301210B32204618F08D
S21401B8A052FD0421284619F01BFC2846FFF7CEFB63
S21401B8B006460C2105A803F0D1F805AB03CB3346A9
S21401B8C0C6F80100C6F80510079A002143F8092FAB
S21401B8D02046721C18F037FD2146002018F0F8F8B3
S21401B8E0034603AA478303CAC3F81200C3F8161017
S21401B8F020460821FDF75CFD4FF40071204618F044
S21401B900F2F8204618F03BFD2946204619F0E6FBE2
S21401B9100321204618F005F9034600202146714A06
S21401B920009019F05FFC012009B0F0BD0B212846FC
S21401B93019F0D6FB2846FFF789FB2946204619F061
S21401B940CDFB15F090FD05464FF44071204618F0EA
S21401B950CAF84FF48051204618F0CDF8284615F065
S21401B96088FD4FF48061204618F0C8F8DBE72846CA
S21401B97015F0F2F84FF40071F5E70621284619F0A4
S21401B980AFFB2846FFF762FB204618F058FB294616
S21401B990204619F0A3FB204618F017FD214600208B
S21401B9A019F05FFCBFE72B441B7B043B072BBBD87E
S21401B9B001A252F823F000BFD9B90100FFB9010076
S21401B9C061BA010029B9010029B9010029B90100AC
S21401B9D029B9010077BA010020464FF4007118F02A
S21401B9E082F8AA7920460C322A4402F10903002182
S21401B9F0013218F0A8FC284615F0AEF893E74FF48C
S21401BA008060FFF7EFF9B0B100274FF400612046E0
S21401BA1018F069F82046CDE90577FDF7B3FC064630
S21401BA20204618F05CF839460346009505AAB0B2E0
S21401BA3019F0E4F977E72146012018F049F800F1FA
S21401BA401201204618F0D6FC0621284619F048FBBC
S21401BA502846FFF7FBFA2946204619F03FFB62E726
S21401BA60284615F079F82146012019F02AFC2046CF
S21401BA7018F0ABFC57E715F0F6FC06464FF40071DC
S21401BA80204618F030F84FF48051204618F033F86D
S21401BA90304615F0EEFC4FF4C061204618F02EF843
S21401BAA02946204619F01AFB2146012018F010F805
S21401BAB0C268054682B1937901210C331A4402F11A
S21401BAC0130320460B3218F03EFC204618F057FCB4
S21401BAD02046E96819F002FB0023EB6023E700200B
S21401BAE022E700BFA756030010B5074C07492046BA
S21401BAF0002219F0C2FC2046FFF730FABDE81040DC
S21401BB0001200021FFF774B9C02000204DB80100C4
S21401BB1038B505460C4617F0E4FF00F0180010286B
S21401BB2006D121462846BDE83840044A19F03ABCF9
S21401BB30204615F011F80C2038BD00BF51B70100A2
S21401BB4038B50C468B7905460C331944E35C142B47
S21401BB5003D0152B0FD0002038BD013119F075FE2A
S21401BB6015212846224619F0B8FE2146284619F026
S21401BB70B5FA0120F0E70146012017F0A9FF0B4BAB
S21401BB8082689A4203D0204614F0E6FFF1E7A179D5
S21401BB90284621440D3119F058FE204614F0DCFFEA
S21401BBA02946012019F05DFBE3E700BF2F5903008A
S21401BBB037B504460D460A46142119F08EFE29466D
S21401BBC0204619F08BFA0321204617F0AAFF3022EF
S21401BBD00346009221460120024A19F003FB002089
S21401BBE003B030BD2F59030010B5074C0749204656
S21401BBF0074A19F042FC2046FFF7B0F9BDE81040AD
S21401BC0020200021FFF7F4B8CC20002041BB010022
S21401BC103359030073B51E46ADF800208DF8023087
S21401BC20009B044601A801930D46114619F0F7FD45
S21401BC309DF80630B34203D1BDF804308B4205D0DF
S21401BC40284614F089FF122002B070BD204618F075
S21401BC5094F89DF80230827A9A4209D18288BDF81A
S21401BC6000309A4204D1284614F076FF0020EBE714
S21401BC706946204618F03DFB29462046014A19F040
S21401BC8091FBE1E7B1BB01002DE9F04116461A43ED
S21401BC9007460C461D46BDF8188005D12046BDE86E
S21401BCA0F041114619F098BE4146204619F074FA43
S21401BCB078B12146384617F00BFF40238674C574C9
S21401BCC02146069338464346BDE8F041024A19F03C
S21401BCD089BABDE8F08100BF915A0300F7B5054661
S21401BCE00E460146012017F0F3FE036813F0F00F2D
S21401BCF003D02946012019F0E4FA284618F0A4F9E1
S21401BD00B3790C3333445F789B781F400378C3F3D1
S21401BD10030000EA1310384019F038FE044668B9EB
S21401BD20284619F03CFE384019F030FE044628B982
S21401BD30284618F08CF901F0A1FF04462846002198
S21401BD4018F01DF81721304619F0CAF93046FFF7EA
S21401BD507DF9314644708470284619F0BFF90321F5
S21401BD60284617F0DEFE40220346009229460020B0
S21401BD70024A19F037FA03B0F0BD00BF475A030074
S21401BD8008B581B2074818F0E3FB012000F0E6FC95
S21401BD9030B9054A536919075CBF43F00403536180
S21401BDA008BD00BFE0200020D820002001238340EA
S21401BDB0DB43064901F1240252E8002F1A4001F143
S21401BDC0240C4CE800200028F4D17047D82000202D
S21401BDD00123074A03FA00F002F1240353E8003F67
S21401BDE0034302F1240C4CE800310029F4D17047DA
S21401BDF0D8200020044A4FF08040536A43F40023C1
S21401BE00536203F0ABB900BFD820002038B50E4D01
S21401BE10044601F085FBE86B18B114F09DFE002383
S21401BE20EB6318F0A5FB0948FEF722FCAB6B0BB1E0
S21401BE30FFF7E0FF2146044800F0E8FCBDE8384083
S21401BE4003481FF0E6BB00BFD8200020E0200020FA
S21401BE50F8200020034B586A10F0050001D1FFF7C7
S21401BE60D5BF7047D820002038B54FF010131D4CB1
S21401BE700122E3624FF4E063238647F6FF73002551
S21401BE80A4F8603094F86730656262F3030384F8BF
S21401BE906730154A154BC4E91632FFF703F84FF41D
S21401BEA08073A4F84830124B84F85600E361114BB6
S21401BEB065611A6829461378527804F1080013441C
S21401BEC05B106376A4F8BC50A4F8B45018F040FB9D
S21401BED0294604F1940018F03BFBBDE838401AF0FF
S21401BEE0A5B800BFD820002055555500D6BE898E6E
S21401BEF0175D0300A82000202DE9F0411F4C98464D
S21401BF00636A0F46D90715469DF81C6033D460B3A3
S21401BF100120FFF75DFF626A9DF8183022F4C072B7
S21401BF2042EAC312052E626284F8546007D101F01A
S21401BF30E5FF68B96D00ADB2BD4228BF3D4694F835
S21401BF4054309A0715D413F0040F14BF03260126A4
S21401BF50012094F86730A78566F3030384F86730F9
S21401BF60E58584F83080BDE8F0810120FFF71EFFEB
S21401BF70D1E70226ECE70020F5E700BFD820002035
S21401BF80024B586AC0F38000704700BFD8200020DB
S21401BF9010B51D4CFFF7F4FF636A13F0010313D1CC
S21401BFA0A8B994F8663094F83110253BDBB201331A
S21401BFB0DBB2032B28BF002341FA03F2D207F6D5E2
S21401BFC0253384F8663018E094F8543010B194F8AC
S21401BFD05520134303F00503052BE2D101F08EFF34
S21401BFE00028DED194F8673003F00F02012A05D14C
S21401BFF0032262F3030384F8673010BD012262F363
S21401C000030384F86730CCE7D8200020024B586A37
S21401C01000F00100704700BFD8200020F8B5434C5F
S21401C0200546636923F01003636101F079FAB4F8F9
S21401C030BC302BB9A36813F4601F08BFA4F8BC304A
S21401C0403A48012100F0E2FB394BE361636A580488
S21401C05029D41DB9636943F01003636119F045FFE4
S21401C06040F27121E28DE66C151F4D43AE42236D01
S21401C070A78D2DD2A3F5967301FB0733E768181A2F
S21401C08023893B44834223DA51436369891B43F086
S21401C090100363618142D4BF216120612348BDE85A
S21401C0A0F84000F065BBA26A6168521A002AD0DA2D
S21401C0B023F0010343F400436362FFF7CBFE4FF026
S21401C0C0804003F04BF8FFF75BFF0028C1D1F8BDB5
S21401C0D040F271277A43A2F5AF722261FFF758FF4B
S21401C0E0236DA28DAE4207FB0233636023654FF0DA
S21401C0F00003E3640F4B0CD31A68616A137B49078C
S21401C100617E4CBF927912780B4493420CDC6376C5
S21401C110C4E7626A1B685207197B4CBFDA795A7802
S21401C120637E5B1A9342F2DA6276B7E7D820002084
S21401C130175D0300A820002008B5FFF721FFB0B166
S21401C1400B4B586A20F0040210F001005A6203D12A
S21401C150BDE80840FFF75ABE01F0E2F918F008FA08
S21401C160FFF748FEBDE808400020FFF757BF08BDAF
S21401C170D820002038B505460D4C80B10320FFF7C6
S21401C18015FE002384F845300123A4F84630042028
S21401C190FFF70CFEBDE838401020FFF707BE05206C
S21401C1A0FFF704FE012384F8B650A4F8B830EEE792
S21401C1B0D820002070B53B4C1646636A03F0010296
S21401C1C070B95AB115F04FF9636A054623F00103B9
S21401C1D06362FFF73FFE284615F04BF9002070BD5D
S21401C1E0002AFBD19B0704D5E36BBBB10120FFF707
S21401C1F0C1FF94F8303003F0FD03012B16D015F083
S21401C20032F90546C6B10E20FFF7E2FD19F06DFEC4
S21401C21042F2107303FB0600A06210E002201FF03A
S21401C220BCFBE0630028E1D10720D8E7FEF73CFD20
S21401C2300028E4D11220D2E70E20FFF7B7FD002038
S21401C240FFF7C6FD636A13F00403C4D140F27122FE
S21401C250E364E38DE260023B5343236119F009FE78
S21401C2600323B0FBF3F303EB4303C31A253384F82C
S21401C2706630FFF78DFE19F038FE60602065B4F871
S21401C280BC00002808BFF520FFF77AFD064B0548DD
S21401C2901A681378527813445B10637600F068FAD4
S21401C2A099E700BFD8200020A8200020274B70B5B2
S21401C2B05A6A0D4609B3160747D503F1450603F139
S21401C2C0460428B3D1061FD52388012B1CD95B0849
S21401C2D004202380FFF76AFD1020FFF767FD19F0A1
S21401C2E0C8FD2388B0FBF3F202FB1300307055B390
S21401C2F00320BDE87040FFF759BD940625D503F12C
S21401C300B60603F1B804DCE70420FFF761FDE3E7B6
S21401C310D20314D5B3F84610B3F8482091420ED292
S21401C32022881020520092B22280B3F848309342FD
S21401C33028BF13462380FFF739FD0420CDE71020E0
S21401C340FFF746FDF9E70520D3E770BDD8200020AA
S21401C3502DE9F04F002783468946304C8BB0A56BFC
S21401C360636BAE79C4E90D770C36079305EB0608C7
S21401C370D8F824A002F008F9AA5D08F10806C2F36D
S21401C380C01231460DF127008DF8272017F055F819
S21401C390CDE904B9636A5246C3F380230393FF23AE
S21401C3A002939DF827303946CDE90063079808F1D6
S21401C3B00E03FDF74DFB284614F0CEFB636A23F00F
S21401C3C02402D907626205D40120FFF71FFD0BB0D6
S21401C3D0BDE8F08F124B94F854501A68052D137867
S21401C3E0527813444FEA6303637602D101F086FD67
S21401C3F040B994F854309A070ED413F0040F14BFC2
S21401C4000325012594F86730012065F3030384F8BA
S21401C4106730FFF703FEDAE70225F3E7D8200020AE
S21401C420A820002070B58AB005466B46484AAC790C
S21401C43010685168127A03C30C3408201A702C4411
S21401C440FEF7D0FC20B101222846A11D1FF0C4F83A
S21401C4500021A379CDF821108DF80F30A37AADF81D
S21401C460251003F00F0303F128026A4412F8282C62
S21401C4708DF82010ADF81020062B08D8DFE803F061
S21401C480044F07075F074B000D20FFF7A1FCA37AB7
S21401C4900DF11301C3F380138DF81230E3680DF12B
S21401C4A01200CDF81330238A09AEADF817300023F9
S21401C4B01A4616F0ADFFE3791C218DF819304FF4BA
S21401C4C07F43ADF81A307F238DF81C3063792846F8
S21401C4D08DF81D300023ADF81E30AB7903AC123356
S21401C4E0AB711FF0D6F8AB792B440C33224603CA46
S21401C4F0B24218605960144603F10803F6D1106879
S21401C5002946186013481FF06BF94FF0804002F07F
S21401C51025FE0AB070BD0D20FFF748FCB7E7D4F83A
S21401C5201230CDF82130E38AADF82530EB79063BA1
S21401C530EB71A37AC3F3C0138DF82030A7E7064B3F
S21401C5405B6A9B0444BF42F00102ADF810209EE7EF
S21401C550D0C80300F8200020D820002070B58379C9
S21401C5600C33C4182379DA0702D44FF0FF3070BDBC
S21401C570A37AE27A03F00F05082DF6D8062D01D925
S21401C5802846F4E7911F1F29EFD8012D1FD10C2A49
S21401C590EBD1244E736A13F0060F01D1DB05EFD4FD
S21401C5A016F043FF20B916F037FF0028E8D1DCE784
S21401C5B0A37A96F83020C3F3C010B2EBD31FD4D1C0
S21401C5C004F1120100F00100FEF71EFBEDE7042D59
S21401C5D0D6D11449144A486A0240002AC5D0C96B0C
S21401C5E00029CDD08A79C3F380130C3288188A5C6F
S21401C5F0B3EBD21F08D016F018FF0028C0D116F0F2
S21401C60002FF0028BCDBB0E704F10C01062208306B
S21401C6101EF06CFC044616F008FF0028B0D1002C72
S21401C620AED0ECE7D820002008000400F0B5184C86
S21401C63087B0606B00B3A76BBE79FCF7A3FE02233D
S21401C640FF210C36BA5DCDE90431BD1995F82330CA
S21401C65000215B090393AB8BD20902936B8B80B2EB
S21401C66001932B8B009305F1080318F0DDFA606B3C
S21401C670FDF730F900236363A06B14F06DFA002315
S21401C680A363636A23F00403636207B0F0BD00BFCF
S21401C690D820002013B5154C14F0E5FE236A01934B
S21401C6A00023236214F0E5FE019BA3B9636A1A0412
S21401C6B006D517F0D1FFA0B1636A23F40043636285
S21401C6C0636A1B0305D5FFF7B1FF636A23F40023F2
S21401C6D0636202B010BD01A81EF0B9FF18F027F87A
S21401C6E0E2E74FF0804002F039FDE9E7D82000206C
S21401C6F010B5074C2368DA0607D523F0100323602C
S21401C70018B90120A16816F057FE0023A36010BDDA
S21401C71098210020014610B50446022016F04CFE72
S21401C720054B1B68D90305D463691A075CBF43F040
S21401C7300403636110BD00BF98210020014BD86837
S21401C740DC38704798210020034B10B5DC6819F0DF
S21401C750CCFBDC3C201A10BD98210020034B1B6843
S21401C76013EA004314BF01200020704798210020DF
S21401C77038B5002303604369044658070DD52046A3
S21401C78050F8081FC90C01F4FC7141F00501FDF7D2
S21401C7901DFF636923F0040363616369D90602D54B
S21401C7A019F0A3FB60601848024652F8043F8BB9A3
S21401C7B02360146083684BB1617E5A7E914219D220
S21401C7C06269D2060ED50020FFF792FFBDE8384019
S21401C7D018F0FDBB59686568491B0029E8DA1A4656
S21401C7E01B68E4E75A681B69134462689B1A002BAE
S21401C7F0ECDBE8E71A895B68D31A62681344E268DF
S21401C800D342E3D5DFE700BF9821002038B50446C0
S21401C8100A4D0846AB68A34201D1FFF769FF6B6872
S21401C820074A1BB1A342196804D11160BDE838401C
S21401C83018F0CDBB1A460B46F3E700BF982100203F
S21401C8409C2100202DE9F047754D2B685B0700F110
S21401C850AF80AB68002B40F0AB8055E8003F43F05B
S21401C860040345E80032002AF7D16C689CB119F040
S21401C8703CFBD4E9043717F0100F0646A26819D01E
S21401C88010FA82F262602068D4F8048038BBDC3388
S21401C8904344C5E9024355E8003F23F0040345E855
S21401C8A00037002FF7D1AC68002C74D1BDE8F047F3
S21401C8B001F0BEBC606892B2811AFF07A1EB0601C7
S21401C8C009D40029DFDAE768DF1BCF4205D43244FA
S21401C8D01844831AD6E70029D5DA20464FE0416985
S21401C8E00289CF06D0F804E048BF06EB020EAEEB95
S21401C8F0020211F0010C11BF1146D0E90371C91BE8
S21401C900891808EB03077F1A002F28DDBB4205D9DB
S21401C910E768A1EB0801DC378F423AD9D4F814A0B6
S21401C9201AF0010F1DD12169D0F80C9027894144D6
S21401C930A1EB0901C91BE768A1EB0E01DC37B9427F
S21401C9400FDD971BBCF1000F03D10169A1EB0901B3
S21401C9500F44002F05DB4B46C0F804E00446006890
S21401C96092E7477E617E8F42F9D2921BBCF1000F9F
S21401C97003D1D0E903135B1A1A44002A02DAFFF73F
S21401C980C9FE72E71AF0100FA7D0C368C0F804E01A
S21401C990E4E70B46E3E7A36813F4601FC3F3C24062
S21401C9A008D121462B6843F010032B6016F004FDD6
S21401C9B0BDE8F08704F108063046FDF715FE2B6842
S21401C9C0214643F010032B60F8B916F0F5FCA36876
S21401C9D013F4601F4FEAD341C3F3C24517D0013D9C
S21401C9E0EDB201F4FC7130462943FDF7EFFD03215A
S21401C9F03046FDF757FE75B1A268237E1344120C2C
S21401CA009BB212041343A360D2E73846CEE7032154
S21401CA103046FDF747FE3046FDF72AFEECE700BF3D
S21401CA209821002008B5034B996809B116F0C4FC9B
S21401CA3008BD00BF98210020014B9868704700BFD1
S21401CA40982100200A4B70B59C6884420FD121467C
S21401CA50012016F0B1FC6668258919F046FAAD1B6F
S21401CA60C54221464CBF0020022016F0A5FC70BD31
S21401CA7098210020054B1B681B6A13F0100003D099
S21401CA8013F0030018BF0120704700BFA821002043
S21401CA9006222DE9F341344B06469C688846A57963
S21401CAA00C35635D671903F04F036355838D7A7008
S21401CAB0103B0D2B31D8DFE803F053304F07300C15
S21401CAC0303030303030300C635D6FF30303635524
S21401CAD023E00123625D006A63F3030262550C22C0
S21401CAE010F4006F7A7006F12E0107F108020CD0DF
S21401CAF001924FF0FF32C0F3802000921A4616F0E2
S21401CB0090FC635D43F08003E1E7D6F82E30BB600E
S21401CB108B889380336A5B05F3D4B28D635D3046B0
S21401CB2062F345136355B91C19F02CFA635D60F383
S21401CB3086136355A3797A7802331344E371B38D70
S21401CB4003F01403142B04D0B8F1000FC4BF424401
S21401CB507A7002B0BDE8F081635D62F30303B6E765
S21401CB600222635DF9E700BFD41E002038B52949CB
S21401CB7004460B7D4A7D0133DBB2B3EB921F0B7586
S21401CB8003D3032300200B7538BD016AC90234D5CF
S21401CB90032390F87E20243A92FBF3F303EB43033E
S21401CBA0D21A2532D2B2A18D94F87F3011F010013D
S21401CBB0B4F9340084F87E2003F00F0323D119F072
S21401CBC00CFA01F07DF8B4F9782004F17005824280
S21401CBD004D0A4F8780001F04BFD6881284601F0E6
S21401CBE071FB00221146104616F0E8FB94F87E0011
S21401CBF0002119F0F1F90120C6E75B001A4102F0A5
S21401CC0003022532CFE702461946002001F02EFE28
S21401CC10D7E700BFD41E00201F4B2DE9F041044684
S21401CC201860006C1EF07AFD01462046FFF730FFC3
S21401CC30A38D1A4E03F01403142B0CBF0022226C92
S21401CC40B36820461A60FFF791FFFFF713FF144BF6
S21401CC50051E144808BF184601F004FD636967689D
S21401CC6003F0100819F041F96D000346627EE8B240
S21401CC70B8F1000F03D1FF1AB7F59B7F07D5114610
S21401CC8001F086FBB068BDE8F04101F055BB616874
S21401CC9019F031F9F6E700BFA8210020D41E0020C4
S21401CCA035CD010081CF010070B50546FFF7E2FEE4
S21401CCB0104B041E104808BF184601F0D3FC284646
S21401CCC0FFF754FF0D4E054660B133686000597E8C
S21401CCD000F0FE0001F05CFBBDE87040084B986870
S21401CCE001F02ABB01F0BEFC29463068BDE8704061
S21401CCF0FCF732B835CD010081CF0100A821002014
S21401CD00D41E0020034610B5094C052B20680AD016
S21401CD10062B0CD1002001F0A5FC20680121BDE8FE
S21401CD201040FCF719B8BDE81040FFF7BDBF10BDB5
S21401CD30A8210020032803D1024B1868FFF7B4BFCF
S21401CD40FFF7E0BFA82100200C4B032810B51C6894
S21401CD500FD1206C1EF0E2FC01462046FFF798FE3C
S21401CD60074B226C9B682046BDE810401A60FFF70F
S21401CD709BBFBDE81040FFF7C5BF00BFA82100203C
S21401CD80D41E00202DE9F8438B7906460C33CC18C7
S21401CD902379DA0703D44FF0FF30BDE8F883E77A4A
S21401CDA0252FF8D83C4B9A6893790C33D118D35C6D
S21401CDB0A27AC3F38013B3EBD21FECD1056A062225
S21401CDC0EB064CBF0231043104F112001EF08EF85E
S21401CDD00028E0D194F80A9016F027FB05F4C04528
S21401CDE080F001032A1EC9F3801904F10C0841469C
S21401CDF018BF01224846DBB219F087F8014658B140
S21401CE00A37A03F00F03032B16D1336A9807C2D512
S21401CE100C2FC0D10320C0E716F00DFB0028BAD1B5
S21401CE20A37A03F00F03002DEDD0032B85F4C04544
S21401CE3013D1A904AFD5E8E7052BACD1306AC207F8
S21401CE40A9D500F01403142B0CD004F1180018F027
S21401CE50CAFF00289FD005209FE7052B9BD16B04B6
S21401CE60ECD498E706F12E052946C0F3802016F08B
S21401CE70D1FA0028E9D1A27A336AC2F38012C3F349
S21401CE8080239A4287D10622294640461EF02EF874
S21401CE900028DAD07FE700BFD41E00202DE9F74F27
S21401CEA000244FF0FF31074601A8019401F048F82D
S21401CEB0019949B13846FFF765FF032806D00528D2
S21401CEC04BD001A81EF0A5FB01203FE0DFF8A880AB
S21401CED0284801F0C7FBD8F800302046597E01F0FB
S21401CEE079FAD8F800B0DFF89490DBF84400D9F866
S21401CEF008601EF013FCB47905460C34335D06EB6E
S21401CF00040A03F0400343F0040333550AF1020117
S21401CF10584619F037F8335D002D60F38613335504
S21401CF20D8F80030D9F808005B6CA4BF06358AF83B
S21401CF300150036001F000FAD8F800301B6ADB04E8
S21401CF4007D53846019916F00EFD002003B0BDE85E
S21401CF50F08F01A81EF05DFBF7E7019801F0A6F837
S21401CF603846019916F0A8FC0028ADD0204601F0FD
S21401CF7079FBEAE749CD0100A8210020D41E002054
S21401CF800E4A032810B5146805D0042809D0BDE858
S21401CF901040FFF7B7BE617E0120BDE8104001F0EA
S21401CFA0B5B92046FFF77AFF30B101F0EDFA204619
S21401CFB0BDE81040FFF778BE10BD00BFA8210020D5
S21401CFC038B50D460446002001F04CFB01F0DCFAB2
S21401CFD029462046FCF70AFA0022014B1A6038BDA2
S21401CFE0AC2100200123074A03FA00F002F11403E2
S21401CFF053E8003F034302F1140C4CE800310029CA
S21401D000F4D17047EC1E0020F8B5244F05467B6925
S21401D0100C4613F4C07F03D099063BD401200CE0E4
S21401D02039B15A0705D4D5F8A43013B90820FFF74B
S21401D030D9FF7B699B0601D50020F8BD7B7FAE6AD0
S21401D040022B06F0080604D916B114B90220F4E73B
S21401D050E4B995F8921095F83701063100F00F0003
S21401D06000F0E8FD85B20EB904B16D00FFF76CFB68
S21401D070A8420DDB7B6913F01C0FDDD11EB1002C1D
S21401D080DAD10520D9E7002CFBD1D5E70320D4E778
S21401D0900420D2E7002CCFD0C3E700BFEC1E00204F
S21401D0A038B50446114D4FF480616B69283043F45E
S21401D0B000736B6118F0C8FE0121204616F01EFDB4
S21401D0C000212046FFF7A0FF014620B12046BDE81B
S21401D0D03840FFF775BF6869617E80F48070C0F3E1
S21401D0E00020BDE8384001F011B900BFEC1E002059
S21401D0F038B504460B4B186000F5947001F0E2F861
S21401D1002046FCF73FF9C4B2204616F063F90546FF
S21401D110204616F061F929460246022016F04EF91D
S21401D12038BD00BFAC21002008B5002001F09AFAF6
S21401D13001F02AFA0022014B1A6008BDAC2100203A
S21401D14010B50446FFF7D4FF064801F08BFA616874
S21401D150226C637E1120BDE8104001EB920201F0C3
S21401D160B7B900BF31D401003F4B37B51C68002367
S21401D170A26A01935005D4F8A03012D504F1A40098
S21401D18001931EF064FAC4F8A00050B194F8463139
S21401D1904FF48061013B84F8463104F1280018F011
S21401D1A053FED4F8A0500DB9304B9D6894F9463122
S21401D1B0022B0DDCD4F8A83013B1A36AD90502D529
S21401D1C0D4F8AC3023B14FF480512046FCF7F0F888
S21401D1D0D4F8A410A36A002914BF01210021AA795A
S21401D1E04FEA830302F10C0203F00C0343EA011336
S21401D1F0A95C21F01C0143EA0103AB540DD11B4A83
S21401D20002F1140353E8003F23F0080302F114006F
S21401D21040E800310029F3D102E00320FFF7E2FEE7
S21401D220284601F089F8019B53B15B7903F00A03A4
S21401D230082B02D12046FCF7BFFB01A81EF0E9F936
S21401D2406B799A070ED5A36A1B040BD50820FFF746
S21401D250C9FE4FF4004104F1280003B0BDE8304098
S21401D26018F0F2BD03B030BDAC210020EC1E00204A
S21401D27000232DE9F04385B00446032103A8039358
S21401D28000F05EFE039D35B9F4212046FFF798FEB7
S21401D29005B0BDE8F083AB79644F0C331D442A79A1
S21401D2A07B69D6074ED4DD064CBF07200420FFF766
S21401D2B099FE002601212046FFF7A6FE054650B935
S21401D2C07869617E80F48070C0F30020400001F030
S21401D2D081F8FFF749FF039800F0E8FEDDF80C80BF
S21401D2E07A6998F80630510603F10C0308EB030936
S21401D2F015D458F8033006203B61FFF773FEA36A86
S21401D3001A060CD404F1280252E8003F43F08003C9
S21401D31042E800310029F7D10120FFF763FE4946B4
S21401D320204616F0F1FB99F80430DB077BD5002E7A
S21401D33052D11DB129462046FFF742FE03A800F050
S21401D340D9FCA5E7012023F010037B61FFF74AFE15
S21401D350AE7AF0062FD50220FFF744FEA36AAA7A1A
S21401D36083F00203C2F38002C3F340039A422FD133
S21401D3704FF4006104F1280018F066FD50E8002F14
S21401D38042F4806240E80023002BF7D1A26A82F0C3
S21401D3900202A2627B77AA7AA36AC2F3C00203F0F2
S21401D3A001018A4285D183F0010316F0030618BFF6
S21401D3B00126A3627EE707F1140353E8003F23F03A
S21401D3C0040307F1140141E80032002AF3D1C5E74E
S21401D3D07B7F0133DBB2DDE72046FBF7D3FFC0B22C
S21401D3E015F0F8FF06462046FBF7CCFFCDF8048083
S21401D3F0A38F82B2009331460023022015F0E6FF88
S21401D4004FF0FF3103A800F09BFD03998B790B4485
S21401D410DB7D002B8DD02046FCF7ECFA002D3FF487
S21401D42037AF294631E7002E83D0E9E7EC1E00200E
S21401D43008B50346114A042B10680BD002D8032BFB
S21401D44018D008BD053B012BFBD8BDE80840F121EB
S21401D450FFF7B6BDFFF70CFF094A02F1140353E8C4
S21401D460003F23F0200302F1140040E800310029B8
S21401D470F3D1E6E7BDE80840FFF712BEAC21002075
S21401D480EC1E0020164B033810B51C68032818D86C
S21401D490DFE800F00702181E2046BDE81040FFF73F
S21401D4A0E7BE2046FFF7FCFD0E4A02F1140353E8DF
S21401D4B0003F23F0200302F1140040E80031002968
S21401D4C0F3D110BDF1212046BDE81040FFF778BD2D
S21401D4D04FF4806104F1280018F0B6FCF221F2E75F
S21401D4E0AC210020EC1E002010B50446FFF700FE1C
S21401D4F0054801F0B7F8FFF737FE627E6168022043
S21401D500BDE8104018F0F7BC85D40100034B5B6AF8
S21401D51013F0060F0CBFE220F1207047D820002040
S21401D52008B5FFF789FA054B834206D101F02CF8BE
S21401D530BDE80840002001F095B808BDD8200020BD
S21401D54070B5214C214801F08DF894F8673094F8B5
S21401D5506620002103F00F03C82018F03EFD00F0FE
S21401D560AFFBB4F96020824205D0A4F8600001F058
S21401D5707FF8A4F86200164800F0A4FE00221146C7
S21401D580104615F01BFF666818F0AFFC0246FFF761
S21401D590BDFFB61AB6F5FA6F054609DCFFF7CEF8F9
S21401D5A0627EA0F5AF712846BDE8704000F056BF18
S21401D5B06668FFF7C3F83146637EA0F5AF7228466A
S21401D5C0BDE8704000F084BFD820002069DA010071
S21401D5D03021002038B500F0D7FFFFF7B5F8B0F5D9
S21401D5E0967F0D4C0CDDFFF791FF0546FFF7A6F879
S21401D5F0627EA0F5AF712846BDE8384000F02EBF28
S21401D60018F073FCE36C62689B1A0344E364002021
S21401D610BDE8384018F08CBBD8200020F7B5104C78
S21401D620064694F845500F462DB10020013D84F87A
S21401D630455003B0F0BD0B4B02201B68597800F033
S21401D640C9FE94F830303A46CDE9005331460323FB
S21401D650E06B18F09EFBE06B00F06EFE0120E8E741
S21401D660D8200020A8200020094A02F1240353E80C
S21401D670003F43F0080302F1240040E8003100298E
S21401D680F3D1044B01201B68597800F03FBE00BF60
S21401D690D8200020A82000200289438940F271206A
S21401D6A05B004343D0B25B1A4343120AB3FBF2F367
S21401D6B0024A126811445818704700BFDC23002044
S21401D6C030B58C1AE41A002C08DA124C551A646824
S21401D6D01D44B5FBF4F505FB04442144134440F214
S21401D6E0E242CB1AB3FBF2F39BB242892BB940F26A
S21401D6F07124530004FB031113460132B3FBF2F409
S21401D70002FB1432028140F2E2409B1A00FB131026
S21401D71030BD00BFDC2300202DE9704306461846C5
S21401D7209DF8183089461446E3B9C31E012B8CBFF9
S21401D73002250325222100F07DFA40F27128154BBF
S21401D7406D005B6808FB05F581446BB121463046E8
S21401D750FFF7A2FF4A460146ABB23046BDE870432A
S21401D760FFF7AEBF0125E5E7738934890133B4FBC2
S21401D770F3F203FB1244F37934815B00640008FB87
S21401D78003F308FB04F404EB530404EB09002844F8
S21401D790BDE87083DC2300202DE9F041134E80465E
S21401D7A0736A5B071BD58B790C33CF18C8B9FD7923
S21401D7B0CC582846398900F03DFA0444B8F1000FE8
S21401D7C011D1033D012D94BF0323022340F27122A0
S21401D7D05B0002FB034434647B7986F84430BDE881
S21401D7E0F0810125E4E70123F0E700BFD8200020FF
S21401D7F02DE9F04F16468DB0021E069108BF002196
S21401D8001F46954B05929D6B5B6AAC7938460C3486
S21401D8102A5DC3F3801A61F345122A55314603F097
S21401D8204002039215F003FE05EB04080790285DFD
S21401D83008F1080B5946C00915F0F9FD039B81460E
S21401D840002B44D1002844D115F0EFFD80F00103F0
S21401D850DBB252463146384603F0010318F055FB59
S21401D8600490002800F08A80039B002B33D1B9F185
S21401D870000F75D1079B002B72D015F0C7FD00284D
S21401D8806ED001220AA90DF1270015F0D2FD00285D
S21401D89074D09DF827302A5D591E4B424B41B3EB9D
S21401D8A0D21F6BD1062258460AA91DF01FFB00287D
S21401D8B064D13368C8F80830B388ABF804302B5D00
S21401D8C067F3C7132B554FF00009CA4619E0012329
S21401D8D0BFE7039BBDE7604B5B6A13F400791CD17D
S21401D8E015F804A0CAF3801A484615F0A7FD336858
S21401D8F0C8F80830B388ABF804302B5D67F3C7135C
S21401D9002B55059B544E002B3ED196F8B630002B76
S21401D9103AD0013B86F8B63030E015F074FD0028A9
S21401D92006DA15F804A04FF00009CAF3801ADBE7FF
S21401D93000221146104615F076FD15F804A0814622
S21401D940CAF3801A0028CFD0002302211A4608EB1A
S21401D950010018F0F6F92B5D60F386132B55C3E72B
S21401D9607A1E57422B5D5741B7EBD31F06D10622CD
S21401D970314658461DF0BAFA0028A4D00023049375
S21401D98004980DB0BDE8F08F18F0AFFA074616F010
S21401D9909BF8059B02463946009308F10E009DF858
S21401D9A05830FFF7B9FE2D4B059A07461B68A2B9FA
S21401D9B05978022000F00EFDB06B00F0BDFCB36B91
S21401D9C09A7913441F63FFF737F8254BC361069B0B
S21401D9D0BBB9736A23F4806316E0D979002000F09E
S21401D9E0F9FCB06B00F0A8FCB36B1E489A7913449F
S21401D9F01F6300F037FE069BC3B9736A23F4806386
S21401DA0017E0736A43F480637362039B9BB1B9F1B9
S21401DA10000FB5D0002351461A4608F1020018F04F
S21401DA2090F92B5D60F386132B55A9E7736A43F4CF
S21401DA3080637362EBE72B5D0022C3F3C013594684
S21401DA400AA88DF8283015F0F4FC2B5D9DF82820E7
S21401DA5062F3C7132B55DAE7D8200020A820002050
S21401DA606F45030009DC010004282DE9FF471ED09D
S21401DA7005D8032800F0B98004B0BDE8F087431F3D
S21401DA80012BF9D805384FF0010118BF0120FEF728
S21401DA900DFC18F02AFA5A4AD36C51685B1A0344F3
S21401DAA00020D36404B0BDE8F04718F041B9002463
S21401DAB003A84FF0FF31039400F042FA039858B1DF
S21401DAC0FEF74CFD0828074603D84E4B1E5C31076F
S21401DAD00AD403A81DF09DFD494B5B6A13F0060F9F
S21401DAE00DD0FFF777FD0AE00728039D0ED12246E9
S21401DAF02946434816F032FD0446002CECD001219D
S21401DB00084604B0BDE8F047FEF7D0BBDFF8F0806A
S21401DB10D8F8244014F0040410D016F002040DD0F6
S21401DB200120AA790C322A44917A0090C1F380131D
S21401DB300C32C1F34011FFF75BFE0446284600F0A5
S21401DB40B5FA29460120FFF727FED8F82430DA0770
S21401DB502DD503F0800A95F8069015F066FC09F1BC
S21401DB600C09A94480F0010399F80A00BAF10002F1
S21401DB7018BF0122DBB209F10C01C0F3801018F0C6
S21401DB80C4F960B12CBBD8F8243028469B0731D5A0
S21401DB90F40710D473072FD5FEF744FC9CE7BAF1BF
S21401DBA0000F04D1514615F046FC0028EAD028465D
S21401DBB012F0D2FFA1E718F05AFA044648B1A87944
S21401DBC00C302844817A0C30C1F38011FFF726FD12
S21401DBD00446042F03D1D8F824309907E7D57207F5
S21401DBE0E5D52846FEF71EFC87E704B0BDE8F047FA
S21401DBF0FFF73ABD042FCDD112F0AEFF6CE700BFA0
S21401DC00D8200020DAC80300032808B50AD107483F
S21401DC1000F028FD064B012093F94410BDE80840AA
S21401DC20FEF796BBBDE80840FFF71EBF69DA0100A4
S21401DC30D8200020064B10B55B690C4610B101F0E8
S21401DC4065F8034618795B8804FB003010BD00BFF9
S21401DC50B80F0020084B10B55B690C4610B101F0F7
S21401DC6055F803465A88A2423DBF1B79A41AB4FB55
S21401DC70F3F0002010BD00BFB80F00200138C0B27D
S21401DC8003289ABF014B185C00207047E3C80300C5
S21401DC908BB200294FF00A01B4BF053B05331BB216
S21401DCA093FBF1F3014A108093707047262B0020F6
S21401DCB0024B9B78C01A40B2704700BF262B00204B
S21401DCC0024B1B88C01A00B2704700BF262B0020EB
S21401DCD0074B186840F20D1338B9002BC1BF452217
S21401DCE04433B3FBF2F0C0B270470068453BF3E73C
S21401DCF0B80F00202DE9F041064613F0B4FB0746A5
S21401DD00FFF7E6FF35460446286818B16CB9284681
S21401DD101DF07FFC31680A481DF062FD384613F09D
S21401DD20A8FB00233360BDE8F081D0F800801DF029
S21401DD3028FE2B68013CC3F800802D68E4B2E3E7B7
S21401DD40B80F0020024BDB6B03B11847FEF76ABE23
S21401DD50B80F0020C04310B5054A131D53E8003F15
S21401DD600340141D44E800310029F6D110BD00BF60
S21401DD70B80F002010B5054A131D53E8003F0343B2
S21401DD80141D44E800310029F6D110BDB80F00205B
S21401DD90F8B516461C4607461946104618F09AF876
S21401DDA032462346384618F09AF8434DD5E90623FD
S21401DDB000EA020401EA030654EA060313D06701E7
S21401DDC004F0806010D56B68180623D43B4B2340C3
S21401DDD093BB3B4B06F020022340134356D120460B
S21401DDE0314618F073F8F8BDA4F1080333431CD18B
S21401DDF0EB7A012B42D16B68D90743D50323EB722B
S21401DE0004206B8C01336B84FFF79CFF012018F014
S21401DE1062F8E4E72B1D53E8003F23F08003291D39
S21401DE2041E80032002AF5D1DDE7A4F10C033343C3
S21401DE3017D118F050F8DBE724F0011323F4A043C0
S21401DE403343C6D1EB7A012B18D140F201436A68FD
S21401DE500520934314BF00230323EB72FFF772FFE1
S21401DE60BDE7231F334302D118F036F8B7E704F1B4
S21401DE707F433343AAD1EB7A022B0FD0042018F04C
S21401DE800FF8ACE713F40063BAD1B8E70420FFF744
S21401DE9071FF4FF0006001F061F9A0E76B689A0727
S21401DEA006D50423EB722B8C032001332B84ABE7BE
S21401DEB013F02003F7D1F5E7B80F00200150010059
S21401DEC00DD50155014B986A704700BFB80F002069
S21401DED010B5064CA06A1CF051FC28B9A06A1CF0CB
S21401DEE04FFC00F0010010BD0120FAE7B80F00203A
S21401DEF0014B986A1CF046BCB80F0020024B5868CC
S21401DF00C0F34020704700BFB80F002010B504468C
S21401DF104FF40070FFF71EFF084B986A1CF034FCA4
S21401DF2038B10CB9002010BD4FF40070FFF722FF86
S21401DF30F8E7002CF6D00C20F5E700BFB80F00205C
S21401DF402DE9F04F046806468846574D89B0002CE7
S21401DF5048D02046A7791DF0E1FB0C3727443C89C1
S21401DF600A38B8F1FF3FA4EB000402D04445A8BF2D
S21401DF704446B5F83890B0EB090713D4002C0EDDF3
S21401DF806D6B36683D44FF2C224629463046A8BFB5
S21401DF90FF221DF021FB241A36680544F3D109B08F
S21401DFA0BDE8F08FA9EB0009A145A8BFA146296BE2
S21401DFB0C846D6F800A001EB000BB9F1000F0DD052
S21401DFC04246FF2A59465046A8BFFF221DF004FBD1
S21401DFD0B8EB0008DAF800A08344F1D1A4EB0904F9
S21401DFE04F44CBE70321A86A03AA1CF024FBBDF823
S21401DFF00E70A14602940A3702ACE86209E023607B
S21401E0001B682B602368C3F800902368002F1C460A
S21401E01011DD2B68453F002BF1D101201DF0BDFC21
S21401E020034620600028F1D1019002A81DF0F1FA04
S21401E030019B3360B3E72B1D53E8003F43F0080311
S21401E0402A1D42E80034002CF5D14FF0006001F0A3
S21401E05085F80298BDF8102043790A2143F00103A0
S21401E0604371069B30606B63059B2A872B6383791C
S21401E070BDF80E200C3303441C711A812A7ADC7118
S21401E0809A719DF80C20072A0BBF0122AB8C1A71DE
S21401E09001331FBFAB846B8C03F1FF336B841DF020
S21401E0A08FFA346855E700BFB80F00202DE9F0411C
S21401E0B0877905460C37C419237986B013F0020810
S21401E0C01BD1174E43F0020323716A46D6E90A01B3
S21401E0D01CF0B5FA238969460333B06AADF80430FB
S21401E0E01CF0AFFA009B9DF90E00EB51FFF7E0FD27
S21401E0F06071B37A022B03D8E37106B0BDE8F081F4
S21401E1009DF81130012B04D0022B04D02BB9042327
S21401E110F2E70323F0E70123EEE784F80780ECE754
S21401E120B80F002037B5124B00F00F041B88012CE6
S21401E130ADF8043015D0022C15D18DF8044042F20A
S21401E14022000C4D6B680340A3420ED0FFF702FE7F
S21401E1502046FFF70FFEA86A01A91CF0F8F903B0E4
S21401E16030BD2024EBE70024E9E70020F7E700BFF5
S21401E1700CC90300B80F00202DE9FF411746022302
S21401E18000250E46124C8046A06AE372CDE9025580
S21401E1900AF01CFE384602968DF80C5017F098FED1
S21401E1A00090617AA06A2A4602AB0AF04BFE04464A
S21401E1B048B94046FFF7B6FF3B4604462A460121CA
S21401E1C0304617F081FE204604B0BDE8F08100BF5E
S21401E1D0B80F002037B5144B00F00F041B88012C34
S21401E1E0ADF8043014D0022C16D0002441F60100FC
S21401E1F00E4D6B680340A34213D0FFF7ABFD2046DC
S21401E200FFF7B8FDA86A01A91CF0B7F903B030BD45
S21401E21004238DF80430E9E78DF804404FF40064D8
S21401E220E4E70020F2E700BF0CC90300B80F0020A6
S21401E230002210B5084C1046114617F044FEA06A9D
S21401E2400AF0C4FD17F04AFE20461DF0E2F9BDE8CB
S21401E25010400820FFF77EBDB80F0020014B986ADA
S21401E2601CF0CEBAB80F002038B5154C0546A37A77
S21401E270834210D0431E042B08D8DFE803F0030DB9
S21401E28011161800A06A0BF0EBF920B92846A57202
S21401E29000F03CFD606138BDA06A17F028FEF4E787
S21401E2A00121A06A17F025FEEFE70321F9E7FFF742
S21401E2B025FE0028EAD0A06AFFF7D0FFE5E700BFF9
S21401E2C0B80F002073B50446408900F02FFB0E4DB1
S21401E2D0A07B0026287217F0CEFD6872E07B00F066
S21401E2E00F00FFF7C1FF0096A37BD4E90021A86ABF
S21401E2F01CF0AAFA32463146304615F05FF820681F
S21401E30017F0EBFD02B070BDB80F00200122094BDB
S21401E31010B50C46DA72FFF75DFF10B1042017F056
S21401E320BFFD22460021012017F0CDFD15F047F86C
S21401E33010BD00BFB80F0020F8B5044615F040F830
S21401E3400746A179E279114E521A0C310123B06ABF
S21401E350D2B221441CF069F9E579A379ED1A57FA8E
S21401E36085F524680CB93561F8BDA179E2790023F9
S21401E370521A0C31D2B2B06A21441CF056F9E37934
S21401E380A2799B1A55FA83F5EBE700BFB80F002078
S21401E390F8B502230E4E0D46F372FFF7C3FE044690
S21401E3A020B1BDE8F840042017F07ABD284617F0E2
S21401E3B08FFD07462A462146012017F084FD3B467D
S21401E3C02246717AB06A0AF02FFD0028E9D1F8BD1D
S21401E3D0B80F00200222084B10B50C46DA72FFF780
S21401E3E0A1FE10B1042017F05BFD2246002101209A
S21401E3F017F069FD10BD00BFB80F0020014B187B58
S21401E400704700BFB80F002068B1084B194653F893
S21401E410042F0AB18242FAD25B1A9B10013BDBB28F
S21401E420034A137370470123FAE700BFE8C80300E5
S21401E430B80F002010B5084C606810F480700AD040
S21401E440A06A1CF00FF930B90121A06A1CF008F986
S21401E45080F00100C0B210BDB80F00200023F0B557
S21401E460012785B0194E00938DF80C30C0F3401388
S21401E4708DF80E30C0F3001304461546F7728DF87A
S21401E480047002918DF80D30FFF7A4FE20B1042030
S21401E49017F006FD05B0F0BD284617F019FD717A94
S21401E4A003466A46B06A0AF0D9FC2A46C4F38011CC
S21401E4B00646384617F007FD14F081FF230601D5FE
S21401E4C0FFF7B8FF002EE2D1E4E700BFB80F002047
S21401E4D02DE9F0434FF0010985B0244D04460E4660
S21401E4E090460021102268461F4685F80B901CF0C6
S21401E4F027FDA86A0AF06AFC0023E20600968DF85A
S21401E5000430CDF8088005D56B691B888DF80D9011
S21401E51043440293002338468DF80C30C4F340136D
S21401E5208DF80E3017F0D4FC6A460346697AA86A5D
S21401E5300AF094FC28B1042017F0B2FC05B0BDE83F
S21401E540F0832046FFF746FE3B460121C4F38012C6
S21401E5500546304617F0B8FC14F031FF230601D506
S21401E560FFF768FF002DE6D1E8E700BFB80F0020EF
S21401E570044B5A68D20503D50021986A1CF070B87E
S21401E580704700BFB80F002038B5114CE37A23B1AD
S21401E59000221146104617F096FC00252846E57223
S21401E5A017F099FCA06A012203211BF05FFF2A469F
S21401E5B0A06A01211CF047F8FFF7DAFF8020FFF779
S21401E5C0C9FBBDE838404FF44050FFF7D3BB00BF4E
S21401E5D0B80F002008B5FFF7D7FF044A0620D38CF2
S21401E5E00133D384BDE80840FFF7ACBBB80F002069
S21401E5F0F8B51B4D6B68590704D50420FFF7AAFB35
S21401E600FFF7E8FF6B681A070FD512F02CFF0646D6
S21401E610FFF75EFB0446124F24B101201DF0BDF941
S21401E6200146A8B9304612F024FF6B68DB0615D503
S21401E6301020FFF78FFB00F07BFB78B112F013FF81
S21401E6400446FFF7C7FF2046BDE8F84012F011BFA9
S21401E6503846013C1DF0CEF8E4B2DDE7F8BD00BF58
S21401E660B80F0020014BD863704700BFB80F0020D9
S21401E67073B50F4B04469B7D0E4EFF2B15D1002321
S21401E680ADF804000DF10302B06A01A98DF803305C
S21401E6900AF0B0FF9DF8035022462946B06AF6F705
S21401E6A025FC40EA052002B070BD034B1D78F3E758
S21401E6B0262B0020B80F0020202B0020044BC2B2CE
S21401E6C0C0F30721986A82B002B0F6F78DBC00BF8E
S21401E6D0B80F002010B50D4C0021A06A1BF01DFFDD
S21401E6E00B49A06A1BF076FFFE21A06A1BF061FFB2
S21401E6F0A06A0AF099FD074BB3F910208242C8BF01
S21401E70018821A8A9A805A8ADA8010BDB80F0020B9
S21401E710202B0020262B0020F0B585B0ADF8021086
S21401E720ADF8042069464FF0C812ADF806304FF038
S21401E7308213ADF80000CDE9022304200B460C4CF1
S21401E74002ADB4F91070B1F9002035F9026BBA4286
S21401E750A8BF3A46B242A8BF3246013821F8022B7A
S21401E760F1D103CB034BA060596005B0F0BD00BFEB
S21401E770262B00202E2B002073B50546F6F7A2FCAB
S21401E780314E0368314C33608388FF2DB3804FF0E0
S21401E7900003A3702380337818BF1D46A5752C4D42
S21401E7A08DF801300DF10303A86A0DF102020DF197
S21401E7B001011BF0DEFF9DF8013040B90133DBB2E9
S21401E7C00D2B8DF80130EDD9012002B070BDA27D70
S21401E7D0FF2A00D0A3758DF8053033709DF80230FE
S21401E7E08DF804300198FFF769FFC828A8BFC82034
S21401E7F09DF8033020828DF804300198FFF75EFF04
S21401E800144B9842B8BF18466082B4F91000FFF75F
S21401E8102FFFADF804000198FFF750FF2082B4F9EE
S21401E8201200FFF725FFADF804000198FFF746FF39
S21401E8304FF6FF73A382642360821A461846194670
S21401E840FFF76AFF0020C0E7202B0020262B0020C0
S21401E850B80F00200CFEFFFF0346034AB2F906007C
S21401E8600BB1FFF72DBA7047262B0020084B10B5C9
S21401E870B3F9044030B903EB4103B3F906309C42C7
S21401E880A8BF1C46A242A8BF2246104610BD00BF24
S21401E890262B0020014BB3F912007047262B0020CF
S21401E8A0014BB3F910007047262B002073B50646BE
S21401E8B012F0D9FD0C4D0446B5F91200B5F9103029
S21401E8C0B042B8BF30469842A8BF1846FFF7D0FE00
S21401E8D0ADF804000198FFF7F1FEE880204602B08B
S21401E8E0BDE8704012F0C5BD262B002073B5064664
S21401E8F012F0B9FD0C4D0446B5F91000B5F9123009
S21401E900B042A8BF30469842B8BF1846FFF7B0FEDF
S21401E910ADF804000198FFF7D1FEA880204602B0AA
S21401E920BDE8704012F0A5BD262B0020F0B5C0F35F
S21401E930072585B0FE2DADF8040027D09DF804709C
S21401E94012F091FD124C0646637DAB420ED0114B80
S21401E95002A918689B880290ADF80C300E4B8DF812
S21401E9600850986A1BF036FEFF232375237DBB42B1
S21401E97006D0094B3946986A1BF01BFE277565754C
S21401E980304605B0BDE8F04012F073BD05B0F0BDED
S21401E990262B0020202B0020B80F00202DE9F04761
S21401E9A007460E461446DFF8409086B00DF108087B
S21401E9B0A9F1100A3A4680215046CDE900980A4B43
S21401E9C0F7F708F80028F5D1102C254628BF1025A2
S21401E9D030462A4641461CF0BEFA641B2F442E449C
S21401E9E0E8D106B0BDE8F087D32B002030B589B05A
S21401E9F020226946FFF7D2FF6A460C4D04AB144647
S21401EA0003CC9C4228606960224605F10805F6D1D0
S21401EA10074C08AD1A4603CAAA4220606160134635
S21401EA2004F10804F6D109B030BD00BFC32B0020A5
S21401EA30D32B002010B588B06946202012F03AFA90
S21401EA40044630B96846FFF7D1FF0122024B83F82E
S21401EA502020204608B010BDC32B002070B5134BF4
S21401EA60054693F820300C468CB00BB9FFF7E2FF51
S21401EA700023CDE90033CDE9023354B91C222146E7
S21401EA8005A804941CF05CFA04A8FFF7AFFF0CB0CD
S21401EA9070BD102C264628BF1026294632466846E9
S21401EAA0FFF77CFF3544A41BE7E700BFC32B00201C
S21401EAB0174B2DE9F047D3F8048098FAA8F4B4FA76
S21401EAC084F406460F464FF0010A1D6804EB440223
S21401EAD093F8089005EB82054C4504DB4FF0FF34B4
S21401EAE02046BDE8F0870AFA04F313EA080F0BD0B4
S21401EAF0AB6803F00103B34206D106222946384625
S21401EB001CF0F4F90028EBD001340C35E4E700BF23
S21401EB10D02300200022014B5A607047D0230020EA
S21401EB20F8B5044624EAE47412F09DFC202CA8BF34
S21401EB302024104D06462B7AA34205D100243046E8
S21401EB4012F097FC2046F8BD002728682C726F60EB
S21401EB5010B112F08FF92F602B7A002BEED00C201B
S21401EB60604312F069F928600028E7D1072428726B
S21401EB70E5E700BFD0230020044BD3F80120026054
S21401EB805B7903F01F030371704700BFE42B00207D
S21401EB90244BF0B5002918BF0B4614460021012569
S21401EBA012688BB0C3F80120227919705A71C1F32B
S21401EBB0C402A65C01F0070205FA02F21642CFB2C1
S21401EBC007D01A7802F128066E44013206F8287C2E
S21401EBD01A7001312529EAD11A7828B16946981D9B
S21401EBE01CF0B9F90BB0F0BD002AFBD001260533A5
S21401EBF0C0F3C405675D00F0070506FA05F52F4268
S21401EC00C1B208D1B1FBF2F502FB15110AAD55FAF6
S21401EC1081F111F8281C0130252803F8011FE7D1DE
S21401EC20E0E700BFE42B0020034B002818BF034693
S21401EC300B449879704700BFE42B0020224B10B597
S21401EC40002814BF84469C464FF0010E82EA124209
S21401EC5090B280EA010393FAA3F31BBA9BB203EBCB
S21401EC60031303449BB293FAA3F31BBA9BB203EBC1
S21401EC70031303449BB293FAA3F31BBA9BB203EBB1
S21401EC80031303445840114C82B2A4FB0234131BF5
S21401EC9004EB5304630903EBC30103EB8103D31AAB
S21401ECA0C3F3C401D8B2614403F007030EFA03FEAE
S21401ECB04B7813EA0E0F01BF9CF8003053430CEB60
S21401ECC0134C9CF8060010BDE42B00204D91CFBAE2
S21401ECD0064B074A01201A60064B074A1A60074B83
S21401ECE0074A1A60074B084A1A607047241F00201B
S21401ECF031600300201F0020696003001C1F0020F4
S21401ED002F600300181F00206B600300052808BF52
S21401ED1003200622024B013802FB0030704700BF79
S21401ED200EC90300014B186E80B2704700C001B8CF
S21401ED300A4BD86800F07060B0F1106F0CD008D89C
S21401ED40B0F1E06F08D0B0F1006F14BF00200120D1
S21401ED507047B0F1406FF8E701207047000002B835
S21401ED60431C07B5014606D00023044ACDE900330B
S21401ED70034813F093FA03B05DF804FB1761030030
S21401ED800425002070B50E461546044618B302F059
S21401ED906BFD10B3236813F4807F18BF0122104B5C
S21401EDA018BF1A700F4A1B7814600F4A16600F4A74
S21401EDB015601BB918F09AF902F040FD12F030F810
S21401EDC002F022FC0A4B0B48197802F029FCBDE838
S21401EDD0704002F0E9B9212070BD40F20440FBE723
S21401EDE0102C0020F0230020EC230020E823002034
S21401EDF0A92C0020390E03002DE9F04186B011F050
S21401EE00E3FF8A4B8A4D1A7811208A4911F00CFECD
S21401EE102B6851215A685423B2FBF3F2002392B2B5
S21401EE20184611F097FD0446002840F0F18011F0D5
S21401EE3055FE814B1968814B186809F08DFB00F06F
S21401EE4059F90446002840F0E3802B681C7F002C0B
S21401EE5000F0B080102C28BF10241CF026FB621C8A
S21401EE6081B200230820D2B211F074FD04460028B6
S21401EE7040F0CE800A20724A724911F09FFC044687
S21401EE80002840F0C58011F01FFB0221322004AAA1
S21401EE9000F006FA28B94FF0FF30BDF810101BF04D
S21401EEA0C2FB6E460023324606212C208DF8063022
S21401EEB000F0F6F958B9304617F0CAFE08B1302806
S21401EEC07AD13C2000F00AFA2C2000F007FA9DF8CF
S21401EED00630190740F1818096E80300ADF80C1062
S21401EEE0090C02908DF80E109DF8063013F0280FCD
S21401EEF007D1DDE90201ADF80410090C00908DF888
S21401EF0006102B68186900287CD12B68586900F018
S21401EF1037F92B6893F82220D2077DD413F04EFAE6
S21401EF2002A902460746286817F0F9F804460028A1
S21401EF306ED10AF037FD13F085FA0446002867D132
S21401EF40012000F039FE404B18681CF089FE04468B
S21401EF5000285DD118F0E9FB044602F045FF804623
S21401EF6017F049FF41460246204616F014F80446BB
S21401EF7000284DD12B681B689B050CD4B7F5FA7F8A
S21401EF8009D912F069FA012107460846F8F7B4F9DB
S21401EF90384612F065FA2B689A692C4B1A6017F0FE
S21401EFA008F92B4B1860304600F09EFE294811F0F8
S21401EFB0FFFB2DE0042450E701213C2004AA00F0C9
S21401EFC06FF940B99DF81030012B14BF4923722305
S21401EFD08DF806307BE74923FAE7F5F785FECDE99C
S21401EFE00401030C8DF80A30BDF81530ADF80800A1
S21401EFF0ADF80B309DF817308DF80D3049238DF89C
S21401F0000E3071E717F06FFD044600283FF47DAF20
S21401F010204606B0BDE8F08193F8230018F067F8A3
S21401F02000283FF47BAF40F20C44F1E7A92C002006
S21401F030F0230020390E0300F40A0020140B0020F0
S21401F040B7610300B3610300EC23002028250020EC
S21401F0502425002061ED01000022032101481CF057
S21401F060C9B900BFBC250020F8B5114817F047FF05
S21401F070E0B917F09EF80F4D0D4E286006F10C070B
S21401F080286817F09BFD11F05BFA0446304617F02E
S21401F09032FF10B938461CF0BCFA02F075FB08B90D
S21401F0A0002CEDD1BDE8F84017F0A4BEF8BD00BFB6
S21401F0B01C0B00202425002008B5054B1B782BB916
S21401F0C017F00FF8B0FA80F0400908BD0020FCE701
S21401F0D00F2C0020012310B5044C2370044B1B6831
S21401F0E003B198470023237010BD00BF0F2C0020EA
S21401F0F0282500200D4B98420DD8023B984210D887
S21401F10070B1023B98420ED020F0704020F460406F
S21401F11000F590607047064B9842F5D140F21C40CE
S21401F12070472120704740F21B4070470AE000F00C
S21401F1300BE000F04FF08052014B5A60704700BF61
S21401F14000ED00E00023044A52E8000F42E80031D7
S21401F1500029F9D1FBF7C0BD30250020064A52E848
S21401F160003F034342E800310029F8D1034B1B68F6
S21401F17003B11847704700BF302500202C2500201A
S21401F180034B002814BF02461A46024B1A6070470A
S21401F19035F101002C25002037B51C68E10705D59F
S21401F1A017F0FFFC164917481CF02CF9A20723D5C7
S21401F1B001F08AFCD0B9144D019012F054F90446BE
S21401F1C028461CF044FA0190204612F052F90198A4
S21401F1D090B143799B070CD401A802211CF019FBBE
S21401F1E0019801F061FC17F08BFCE6E717F088FC4C
S21401F1F0DEE701F04DFCF6E7002003B030BD00BFAE
S21401F200300B0020BC2500203425002008B5054819
S21401F21011F066F9044B01211870BDE8084011F0A1
S21401F2206FB900BF400B0020112C002038B50446F2
S21401F23048B112F018F90546214608481CF0D0FAE4
S21401F240284612F016F9064B022193F9000011F038
S21401F25057F9BDE83840FFF73DBF00BF3425002011
S21401F260112C0020F8B50C4B0C4F04460E4638689E
S21401F2701968154609F070F9FFF73CFF50B9334697
S21401F2802A46386844F4802109F040FABDE8F8407F
S21401F290FFF730BFF8BD00BFF40A0020140B0020B2
S21401F2A0F8B50C4B0C4F04460E46386819681546DF
S21401F2B009F052F9FFF71EFF50B933462A4638685F
S21401F2C044F4802109F06CFABDE8F840FFF712BF5C
S21401F2D0F8BD00BFF40A0020140B002038B50A4B15
S21401F2E00A4D04461968286809F036F9FFF702FF47
S21401F2F040B9286844F4802109F038FBBDE838405D
S21401F300FFF7F8BE38BD00BFF40A0020140B00203A
S21401F3102DE9F043134B0E461968134B05468DB085
S21401F3201868174609F018F980B933460A222846A4
S21401F330009702A91AF0EEFE4FF0000804460DF100
S21401F3400809444505D1002CEFD120460DB0BDE893
S21401F350F083284659F8041B09F008FB08F1010858
S21401F360EFE700BFF40A0020140B0020F8B50C4BA1
S21401F3700C4F06460C463868196809F0EDF8FFF799
S21401F380B9FE054648B9E24316FA82F2386842F4F5
S21401F390802246F48021FFF7BBFF2846F8BD00BF58
S21401F3A0F40A0020140B00200022034B1A609A80F6
S21401F3B0FF229A71704700BF342C0020064A137949
S21401F3C0834207D9012312688340134214BF0120E8
S21401F3D0002070470020704738250020054A034664
S21401F3E01068002208B91A607047C10748BF013289
S21401F3F04008F7E738250020014B1879704700BF11
S21401F40038250020F0B541EA002087B040F4902668
S21401F41006200F461546F6F7B5F91CF048FC0446DB
S21401F42040B901461A2004F0E1FA6FF08C0528462F
S21401F43007B0F0BD43688660DAB222B923F0FF0355
S21401F44043F001034360062F204B0CBF40F201112D
S21401F4504FF48071204616F0B0FE2361E3696BBB62
S21401F4604FF4105323808023638002AB2A461E4646
S21401F47005F110071D4610685168083203C5BA42E7
S21401F4802B46F7D1102130461CF0C7FB102231461F
S21401F490204601AB13F020FB054620B1014640F2A1
S21401F4A0074004F0A3FA102130461CF0C4FB2046A6
S21401F4B013F070FD204611F0DDFCB8E700234FF491
S21401F4C010511A4613F072FDCDE700BF0044400408
S21401F4D0102A2DE9FF4706460F46154623D8002475
S21401F4E04FF00109DFF84480DFF844A0D8F8002087
S21401F4F009FA04F3134213D046EA042040EA0A004C
S21401F5006A46E9B280B2FFF7CBFE48B92A463946C9
S21401F51068461BF0EBFC18B960B204B0BDE8F08792
S21401F5200134202CE2D14FF0FF30F6E738250020D9
S21401F5300080FFFF2DE9F3411D4E054601460622D8
S21401F54030461BF0D3FC20B996F9060002B0BDE8A0
S21401F550F0810024A046EF1C2046FFF72FFFD8B10C
S21401F5603B88CDF80080ADF80330BB786946E0B241
S21401F5708DF8053019F0D7FC21280DD0A8B9032243
S21401F580294668461BF0B2FC30B92B6860B233607E
S21401F590AB88B071B380D9E70134202CDCD12B685D
S21401F5A03360AB88B380FF23B3714FF0FF30CDE7F4
S21401F5B0342C0020034B93F90630013301D1FFF7B9
S21401F5C0F3BE7047342C0020F7B5044617F037FC1D
S21401F5D0631C5AD117F049FB0024FFF7E5FE634E82
S21401F5E03379A3422CD84FF4004100240846FFF794
S21401F5F0BDFE20224FF0FF315D4834601BF0A0FCB9
S21401F600204602F097F9FF2604465A4D5CBB5A483D
S21401F61013F063F9014630B110F1880F03D040F2C0
S21401F620074004F0E3F90C21504A43F6FF70FFF758
S21401F63019FE202138204E4AFFF714FE00202AE04A
S21401F6402046FFF7BBFE60B165B20521284616F0DD
S21401F650B6FD0321284616F0B2FD0621284616F00F
S21401F660AEFD0134BCE794F97530013305D02B7833
S21401F67043B91321204618F05AF8204602F05AF9E9
S21401F6800446C3E784F87560F7E72046FFF796FE61
S21401F69018B940F2064003B0F0BD6B4606220021C1
S21401F6A0204616F0CFFD002848D0492368468DF83D
S21401F6B0063017F0DEFA4FF47F41304840EA042066
S21401F6C00840FFF753FE0521204616F078FD03217A
S21401F6D0204616F074FD0621204616F070FD012224
S21401F6E02249E3B29A400B6823EA02030B60244BDB
S21401F6F093F90630A34201D1FFF756FE00200546D6
S21401F7000B791B4A013BC1B2994221DBFF2600203F
S21401F710D65402F00FF90546164F002D83D095F901
S21401F7207530A34205D13B78EBB91321284617F073
S21401F730FEFF284602F0FEF80546EEE76B46062277
S21401F7400121204616F07EFD0028B4D07223ADE7D5
S21401F7505656A64200D025B1551895F90150555474
S21401F76001250130CFE785F87560E2E738250020EE
S21401F770142C0020122C0020370004000080FFFF0C
S21401F780342C00202DE9FF41354C064601A8FFF731
S21401F79025FE2379019A93421ED86279012A40D127
S21401F7A000274FF0FF383D4610E02368EB40D907AD
S21401F7B00BD5082202AB114668B216F043FD20B104
S21401F7C0039B43453CBF2F469846013523799D420E
S21401F7D0EBD378B2FFF7F8FE236813F0010529D0C2
S21401F7E0002501220135202D18D002FA05F71F4207
S21401F7F0F8D13B432360A3680C21013343F6FF7025
S21401F800174A7361A360FFF72DFDA8B1236823EAA9
S21401F81007032360A368013BA36073614FF0FF35C4
S21401F82019E0022AFAD10F4A134413F9010D421CBA
S21401F830FBD0CFE70127DCE722790A4C013A2146C3
S21401F840D2B2601C1BF062FB6DB22246202138202A
S21401F8502570FFF707FD284604B0BDE8F08100BF1C
S21401F86038250020142C00202DE9F043002489B00F
S21401F870B34D04213F2001AA2C70FFF711FD00B102
S21401F8800194019F002F4FD000267A1E5742574100
S21401F89000242C70AB4D0C212A4643F6FF70FFF76F
S21401F8A0FFFCC0B10D23AB80019B2C60032BAC6029
S21401F8B011D803AC2246142143F6FF70FFF7F0FC83
S21401F8C048B994E8070085E807002A460C2143F664
S21401F8D0FF70FFF7C7FC019B042B06D004213F20D5
S21401F8E00DEB01020191FFF7BDFC20213820964A5D
S21401F8F0FFF7D6FC28B120224FF0FF3192481BF0CB
S21401F9001FFB03222B795B00B3FBF2F38F4A1370C4
S21401F910FFF74AFDF8F768FF014618B140F20740C5
S21401F92004F064F8002413E001263746B0E72B689C
S21401F930E340DB070BD508224FFA84F81146404610
S21401F94003AB16F07FFC10B94046FFF73DFE0134CD
S21401F9502B799C42EBD38EB11021372003AAFFF7F7
S21401F9609FFC002853D10620F5F70CFF1CF09FF9E9
S21401F970044690B901461A2004F038F83FB13D20FC
S21401F980FFF7ACFC00242B799C42C0F0B38017F043
S21401F99072F9002009B0BDE8F0836D4A43688260C1
S21401F9A0DAB222B923F0FF0343F001034360694B47
S21401F9B040F20111204616F000FC2361E36943BBC7
S21401F9C04FF41053238080231021638003A81CF07A
S21401F9D024F9102202AB03A9204613F07DF806464F
S21401F9E0102103A81CF027F9204613F0D3FA20466D
S21401F9F011F040FA3720FFF771FC46B140F207409C
S21401FA00314603F0F3FF4FF0FF30FFF7DDFD002630
S21401FA102AE000234FF410511A4613F0C7FAD2E732
S21401FA203046FFF7CBFCF0B174B21022032120461A
S21401FA3003AB16F007FC1028814620D1032120468F
S21401FA4003AAFFF7DFFC8046494603A81CF0F3F83B
S21401FA50B8F1000F0CD040F20740414603F0C6FF54
S21401FA602046FFF7B1FD01362B799E42D8D385E7B4
S21401FA7048F2030040EA062080B2FFF72FFC10226E
S21401FA800521204603AB16F0DDFB1028814613D175
S21401FA900521204603AAFFF7B5FC8046494603A880
S21401FAA01CF0C9F8B8F1000FD5D148F2050040EABC
S21401FAB0062080B2FFF712FC10220621204603AB77
S21401FAC016F0C0FB10288146CDD10621204603AA98
S21401FAD0FFF798FC8046494603A81CF0ACF8B8F13D
S21401FAE0000FB8D148F2060040EA062080B2FFF7C0
S21401FAF0F5FBB8E72046FFF761FCF0B166B20422D9
S21401FB000C21304602AB16F09DFB04280AD1029B5D
S21401FB100122C3F300238DF80C300C21304603ABD1
S21401FB2016F062FB00231022CDE90333CDE905333D
S21401FB300D21304603AB16F057FB013423E700BF17
S21401FB40122C002038250020142C0020132C002015
S21401FB503700040000444004F8B5104B04461879F9
S21401FB600F4B00221D46D1B2884204D913F9017BFE
S21401FB70561CA74204D10B4B1B788B4202D9F8BD09
S21401FB803246F0E70649481C1BF0C0F92C702021CC
S21401FB90BDE8F8403820024AFFF764BB382500204C
S21401FBA0142C0020132C0020014902481BF02ABC0B
S21401FBB0500B0020BC25002010220A4B2821DA8297
S21401FBC06422C3E906124FF6FF721A8402225A60B3
S21401FBD0002283F82B200F2283F82D0083F82C2097
S21401FBE0704700BF4425002038B502F04FFC40B9ED
S21401FBF0094B48241A6893F82A100346243299427E
S21401FC0000DC38BD04FB03F55559ED0601D401337C
S21401FC10F5E70120F5E700BF4425002038B5104C74
S21401FC2094F82B30D3B1626812F0010516D104F1B5
S21401FC30080003F05FFFFFF7D7FF78B14EF66022AA
S21401FC4094F82C304FF48271534306482A4610F03C
S21401FC50D9FD18B9636843F00103636038BD00BF7E
S21401FC6044250020BC25002022F00042052A10B5BC
S21401FC700DD0B2F5827F13D0032A06D1114A5368FC
S21401FC8023F00203536002F009FC002010BD0D4A68
S21401FC901B88118D9942F8D1002313850120F5E7C1
S21401FCA0084B5A6893F82B4022F00102012C5A6047
S21401FCB0F4D102F047F9FFF7B1FF204602F038FC15
S21401FCC0ECE700BF4425002000487047532500207C
S21401FCD0044890F82B1000F10F020830012918BFD4
S21401FCE01046704744250020F0B48279034612F08E
S21401FCF0280F26D00025144A016892F82A60C2F817
S21401FD000F108188A2F81310817951751168AE42DF
S21401FD1007DCF0BC5368032043F00403536002F091
S21401FD2007BC4C6A14F4404F08D1186844F0080424
S21401FD3008609F8898798F8088714C6201354831B8
S21401FD40E5E72120F0BC7047442500204379024AAC
S21401FD509B09D05C704700BF40C903000B6810B513
S21401FD6003608B88FF2A0446838002D10723A37190
S21401FD7009E0032A08D8054B9B5C072B837102D147
S21401FD80FFF7E4FFA07110BD0023F0E744C90300AC
S21401FD908379024A03F00703D05C704738C9030031
S21401FDA010B582798B79094C02F0070203F007033C
S21401FDB0A25CE35C9A4206D106221BF097F8B0FAE1
S21401FDC080F0400910BD0020FCE700BF30C90300E9
S21401FDD07FB5134B0E46054604460393A0B117F0B4
S21401FDE0AEFD78B900223146204617F0DDFE022826
S21401FDF007D10123314600932046042303AA16F0B7
S21401FE00F8FA0DB104B070BD204617F067FD044640
S21401FE100028F7D017F093FD0028F5D1E2E700BFE0
S21401FE200100FFFF2DE9F04F97B08346099117F0C7
S21401FE30CCFC099883790C33C45CC5181BF06EFCA6
S21401FE401E2C0646099F24D8012C26D9C54BE34013
S21401FE50DA0722D5384697F806801BF05FFCBBF818
S21401FE600A2083B29A4228D214F0010240F0A180FF
S21401FE7004F07F03522B00F09C801E2C00F099802A
S21401FE80099B214600935846042317F0E1F92124E3
S21401FE900CE004F07F03522BDCD02146062300221F
S21401FEA05846009717F0D4F941F20614584617F051
S21401FEB091FC204617B0BDE8F08F47443A7B013BE2
S21401FEC01E2A9BB242D8012ACED9023A1C2ACBD886
S21401FED001A151F822F000BF69FF010069FE01008F
S21401FEE06DFF010069FE010063FF010069FE01006C
S21401FEF059FF010069FE010069FF010069FE01006A
S21401FF006DFF010069FE010071FF010069FE01003D
S21401FF1059FF010069FE01009FFF010069FE010013
S21401FF2069FE010069FE0100A3FF010069FE0100F0
S21401FF30A7FF010069FE010069FE010069FE0100DC
S21401FF4069FE010069FE0100ABFF0100522A26D0BE
S21401FF50D22A89D10D2B05E0062B0FD0142B83D185
S21401FF600CE0052B80D909E0022BF8E7042BF6E715
S21401FF70032B7FF679AFDB073FF576AF022C00F057
S21401FF80F380DBF800309B689F0516D40BF1440024
S21401FF901BF03FFB099BCBF84430002486E7012B7E
S21401FFA0E0E7032BDEE7012BD9E7002B7FF45CAFFC
S21401FFB0E4E709A81BF02DFB69E71E2C584600F064
S21401FFC0918317F0BCFC0746002840F08280584613
S21401FFD017F0B0FC00287CD004F07F03522B00F011
S21401FFE0BC80082C68D1B6B2152E14BF0220102092
S21401FFF0691D17F08AFC00285ED0DBF81430D8079C
S2140200004BBF23F0010343F0010339460121584652
S2140200104CBFCBF81430CBF8143017F0A7FC099875
S2140200200D9017F083F80446B0F80180B0F80390FC
S2140200300D981BF073FB152814BF022510250534F6
S2140200402146284602F066FF21460390284617F00E
S2140200505CFC0490B8F1000F00F04381C84500F242
S2140200604081022109200D9A17F083F8BBF80A7026
S2140200708246023FBFB23E4640464FF0FF354946F3
S214020080039A17F043FF0446002800F06C8117F02D
S21402009010FD002800F0848101222146584617F000
S2140200A0B2FD03468DF82E00002800F01F810D9A3F
S2140200B0009222460821A3E0DBF8143013F0010672
S2140200C03CD023F0010300215846CBF8143017F039
S2140200D04DFC1E2C63D8032C66D9231F142B63D821
S2140200E001A252F823F000BFB7030200A9010200E2
S2140200F0A7040200A90102001F000200A9010200D3
S2140201008D050200A9010200AB050200A90102004A
S214020110C1050200A9010200B5010200A901020000
S214020120B5060200A9010200A9010200A901020007
S214020130D1060200A9010200DB06020043F0010319
S21402014001215846CBF8143017F010FC1223324621
S21402015021465846009617F07BF809A81BF059FA74
S2140201601BE700BF54554541099DBA4C284616F078
S214020170DDFF2188B0F801602A46584617F07DF860
S2140201802388BBF80A10B34228BF3346172BB8BFE2
S21402019017235846ABF80A3017F003FBFDE6522C3D
S2140201A000F08F82D22CD8D0099B002200932146E1
S2140201B0062325E0099F384616F0B8FF0546B0F834
S2140201C00180B0F803A038461BF0A8FA15280CBF29
S2140201D020460220691D02F09DFEB5F80530049007
S2140201E00793B8F1000F07D0D04505D817F0E5FF02
S2140201F050B91023009701E00123009742461021D0
S214020200584617F025F8C8E63A460221112016F09D
S214020210B0FF44464FF0FF35BBF80A3005909E1EED
S2140202200393063B9BB2B6B2089351462046049A05
S21402023017F06CFE814668B35146079A17F0B3FE74
S2140202400446484617F035FC40B94FF6FF739C4209
S21402025001D00134A4B25445E7D91BE04FF00003A5
S2140202600DAAADF8343049460CAB584617F068FD77
S214020270039ABDF83430053A9A42089A0690D8BFD7
S2140202801346002DADF8343009DB9D4202D1EB1C3B
S214020290B34208DB691C1CD10A230097AEE7351F60
S2140202A09D42A8BF1D46042211A93846ADF84490C7
S2140202B0ADF846401BF06FFC2A46384606991BF0FE
S2140202C06AFC4FF6FF73043E761B9C42B6B2C0D160
S2140202D0E0E73946059B04355D70584601F01EFC82
S2140202E05BE60D9B009301234246E3E6049B13B1B3
S2140202F0204617F0C2FB204617F0F3FBD8B1002DBC
S21402030054DC0DA81BF085F9082358468BF81C30E0
S21402031050F80C2B40F2025192F870208DF84830BB
S21402032000238DF8442011AAADF84640ADF84A30B5
S2140203301BF0A4F831E6ADF844000DF12E03214679
S214020340584611AA17F0FCFCBDF844300590BB4293
S21402035028BF3B46002DADF844300ADBAB4202D143
S2140203606B1CB34209DB6A1C0D9B1FD100930A2348
S214020370BAE7B51E9D42A8BF1D4602220CA90D98DB
S214020380ADF830401BF007FC2A4605990D981BF085
S21402039002FC4FF6FF73023E761B9C42B6B2E2D0D8
S2140203A0601C80B28145BFF46AAEDCE702350D9967
S2140203B08AF8015091E7DDF82490484616F0B6FE1A
S2140203C0B0F80330B0F801800493B8F1000F43D0C0
S2140203D0984541D84FF6FF774A460221052016F087
S2140203E0C8FE4546BA46BBF80A400590023CA4B28F
S2140203F02946584617F065FE504506464BD04FF440
S21402040000622946584617F0FEFB00283ED13046C9
S21402041017F0EFFE00280CBF022310235745039364
S21402042020D0304617F0E5FE0690384617F0E1FE7B
S214020430069B834203D1039B0133A34213DB384658
S21402044017F0D7FE059B013019465870584616F02D
S214020450E8FEA2E50C0D00200123CDF800904246EE
S2140204600421CDE637460DF146013046ADF844503C
S21402047002F0A6FD039B48469A1C11A91BF08BFBB3
S214020480039B023CE41A5545A4B2D8D0049B01351E
S214020490ADB2AB42ACD24FF6FF739F42CFD10A2326
S2140204A0CDF80090DBE7DDF824900024484616F0ED
S2140204B03DFEB0F80530B0F803A0B0F8016007467C
S2140204C0484603931BF02AF9C51FADB2102D0C94B3
S2140204D058D82A46F91D0DA81AF03DFD002E53D015
S2140204E0564551D84A460121072016F042FEA0463C
S2140204F0074633460A249A45049307D93946BBF879
S2140205000A0016F019FE0328049B04D8B8F1000F5F
S2140205101AD039469AE7ADF84430039B5846ADF8F0
S21402052048300DAB13930BAA0DF12E0311A9ADF8AB
S21402053046A0ADF8505017F062FD0A280446E5D0F2
S214020540BDF82C3030B11E46234632460621CDF881
S214020550009055E6ADF83030BDF82E300CAAADF856
S214020560323039460423BBF80A0016F0F0FD4FF687
S214020570FF72BDF82E309342CBD001334FF0010804
S2140205809BB2B8E70424DFE70124DDE70A23099CCF
S2140205908BF81C30204616F0C9FD23460022B0F820
S2140205A00110584615F0F5FFF7E4099C204616F0B0
S2140205B0BDFD0C238BF81C30B0F803202346EEE773
S2140205C0DDF82480404616F0B1FD054640461BF095
S2140205D0A5F80023441EBBF80AA08DF8343061D07B
S2140205E014F001075ED1204610F026FC06460028CD
S2140205F05ED00AF1FF332246691C03931AF0ABFC65
S214020600424601210F2016F0B4FDB1460490002C9C
S21402061004DC304610F02EFC049917E739F8025B2A
S21402062001222946584617F0EEFA023C8DF83400AD
S21402063068B9284617F05FF910B1284617F01DFA78
S214020640284617F04EFA60B180238DF834303046D3
S21402065010F010FC2A460E219DF83430CDF80080AA
S214020660CEE529460DAB584611AA17F069FB9DF850
S21402067034300146002BEAD1039BBDF84420DB1B35
S2140206809A42C2BF0AF1FF33DB1BADF84430404644
S214020690BDF844201BF07FFABDF844309842B8D328
S2140206A01F44B4E7042300258DF834302E46CEE7E7
S2140206B01123F8E75846099AB5F8011016F007F81C
S2140206C06BE45846099AB5F8011016F05BF864E434
S2140206D05846099916F095F85FE45846697816F078
S2140206E0FBF83AE516F018F937E500BF7FB5174A6A
S2140206F00646136842F6052023F00803136017F037
S21402070040FC054650B1684602F0BCFA002017F0DD
S214020710E5F8044620B92946FFF75AFB04B070BD37
S2140207201022684604F121011AF0E0FB38B10121DB
S214020730204617F01BF9636923F0010363611EB1BB
S2140207403146204617F0EEFC2046E0E72826002039
S21402075007B5837801916A46082104488DF800306F
S2140207601AF08CFE03B05DF804FB00BFBC25002027
S2140207700022054BC3E90322C3E905221A70DA6197
S2140207804FF6FF725A84704798250020014B186076
S214020790704700BF9425002082780D4B13B55A602F
S2140207A0B0F8032091B2102910D040F60344A142BB
S2140207B00CD041795B8C8DF80210ADF8042005212F
S2140207C06A460448ADF800301AF058FE02B010BD72
S2140207D098250020BC25002073B5837901900C3340
S2140207E0C418C35C132B0ED8042B10D9053B0E2B52
S2140207F00DD8DFE803F01E0C0C1E0C0C0C0C0C16AD
S2140208001A0C0C0C2300302B13D03E2B1BD0F9F7FE
S214020810D1FF019B834202D001A81AF0FAFE02B071
S21402082070BD2046FFF7B8FFF1E7E2780E4B5A603C
S214020830EDE7204601A901F05DFFE8E7204601A9A1
S21402084016F0DCFAE3E70025084E019B3BB1204692
S21402085056F8043B01A9013598470E2DF5D101A89B
S2140208601AF0D7FED3E700BF9825002048C9030038
S21402087007B500F013F920B103B05DF804EBFFF7FB
S214020880ABBF00F017F9019018B1054B1B681BB1FE
S214020890984703B05DF804FB01A81AF0BAFEF8E721
S2140208A094250020024610B1022804D07047032186
S2140208B002481AF09FBDFFF7DBBF00BFBC25002031
S2140208C0024B1A78024B53F822301847982500201C
S2140208D080C9030010B504460120FFF7F1FF034B61
S2140208E000201C70BDE81040FFF7EABF98250020E4
S2140208F010B50446062142F2050016F007F92368F1
S214020900C0F80330A388A0F807300648F9F774FF4A
S21402091016F040F9407920B116F03CF9407940F4DF
S214020920805010BDD947030010B5044606214FF685
S214020930284016F0EBF82368C0F80330A388A0F826
S21402094007300648F9F758FF16F024F9407920B127
S21402095016F020F9407940F4805010BDF5A8010049
S21402096038B505460C4669B9022142F21B0016F05C
S214020970CDF8B5F86E30A0F803300D48BDE8384023
S214020980F9F73ABF122142F21A0016F0BFF82146D2
S214020990B5F86E30053020F8023C04F1100351F829
S2140209A0042B994240F8042BF9D10248E6E700BF2F
S2140209B0234A03005F4A030001481AF048BE00BFFC
S2140209C0A825002040F6FF732DE9F3410D46B0F846
S2140209D06E100192994205D101A81AF01AFE02B0D1
S2140209E0BDE8F0811146134601229BBB1E481AF051
S2140209F0F7FEFFF7E1FF04460028F0D01AF08EFE5D
S214020A006379074603F001086FF30003637104215C
S214020A102046A6681AF0C5FF4379044668F3000329
S214020A204371DB438179B6F86E200C31866003F0A1
S214020A3001036254C2F30322084442EA03124270DC
S214020A40478022463046294616F0DDF92046F9F759
S214020A50E7FECEE75C79986024F0030414435C71E9
S214020A6000221B68C1E700BFA825002070B5054616
S214020A70064C206800B970BD8368AB4204D1066894
S214020A8010F06AF82660F4E70446F2E7A82500208C
S214020A90014601481AF0A4BEAC25002001481AF00F
S214020AA0D6BD00BFAC250020014601481AF098BE0C
S214020AB0A4250020034BD86818B103F10C001AF0E5
S214020AC0C6BD704798250020044BDA6822B95869DB
S214020AD0003818BF01207047012070479825002073
S214020AE00138C0B20A289ABF014B185C0020704732
S214020AF088C9030007B506481AF0A9FD042101902B
S214020B000DEB01001AF085FE019803B05DF804FBB8
S214020B10C0250020F7B5186810F0020003D0164E64
S214020B20316811B9012003B0F0BD00240422234627
S214020B300DEB020001941AF062FDBDF80630DB07E9
S214020B4002D4FFF7D7FF044600250C4F57F8043BA4
S214020B5023B12146BDF80400984748B13368002BFC
S214020B60E0D0074B022193F900000FF0C9FCD9E749
S214020B700135062DEAD1F1E7C0250020C425002064
S214020B803B2C002010B509480FF0AAFC0024084BA5
S214020B900849187020200C6010F028F8064BC3E9AC
S214020BA00044C3E90244C3E9044410BD600B0020BC
S214020BB03B2C0020C0250020C425002013B5C37A94
S214020BC00093B0F80930D0F80520D0F8011000786C
S214020BD001F00AFB0446034800F0E4FD848002B0FC
S214020BE010BD00BF20020403FF2337B50DF1070036
S214020BF08DF8073001F066FB044604489DF807505E
S214020C0000F0D0FD8480857103B030BD200304015E
S214020C1038B54B7905465B070C460CD414212046A2
S214020C20054A16F0F1F82046217916F09EF910B919
S214020C30A3791C44257438BDB0C90300837810B567
S214020C40132B0C4608D1054B1B6803B19847204668
S214020C50BDE810401AF0DDBC10BD00BFDC25002048
S214020C6010B500210446007816F00AF848B16178FB
S214020C70207816F08CFC0446034800F093FD84802E
S214020C8010BD0224F8E700BF2002560110B54178D5
S214020C90007801F0E7FA0446024800F083FD8480FB
S214020CA010BD00BF200256022DE9F74FB0F802C071
S214020CB006461CF0100F1C460C9F9DF934A0DDF86A
S214020CC038B033D05FFA8CF51CF0080F184614BF04
S214020CD005F0080505F00F0516F045FD8146384675
S214020CE016F041FD96F90F3080465A460421134805
S214020CF00193767816F0CDF9019BA0B105712268B2
S214020D00C0F80520A28880F80B90A0F8092080F889
S214020D100CA0437386733B68C0F80F30BB8880F81C
S214020D201580A0F8133003B0BDE8F08FCDE90DAB07
S214020D300C9703B0BDE8F04F16F04FB8ECC90300AD
S214020D40002110B5421D0379044608461AF050FFEA
S214020D50024648B16188208815F074FC04460348B0
S214020D6000F020FD848010BD1A24F8E720020A0253
S214020D7013B50446007816F0ABFD70B10023CDE93A
S214020D800033E278B4F8011015F0F2FD0446044888
S214020D9000F008FD848002B010BD2524F7E700BFEE
S214020DA020020A0408B5064906481AF02BFB064933
S214020DB006481AF027FB064810F00CF8002008BD7B
S214020DC0780B0020E4250020880B0020E025002078
S214020DD0700B0020014816F08EB800BF1C0B0020D6
S214020DE030B5114B0D469942144685B019D1930081
S214020DF00FD503A902A80FF099FD08230193039BC0
S214020E00E1B2009300222846029B41F000511AF0FC
S214020E10DCFA064816F007F900B10471012005B0A5
S214020E2030BD0020FBE700BFE025002060CA0300BB
S214020E3022F00042B2F1A04F08B504D1034816F0E2
S214020E40F2F8012008BD0020FCE700BF64CA0300D8
S214020E5070B5FFF7BFFF90B1FEF736FF00260446D7
S214020E602046FEF795FF0546064800F09BFC868066
S214020E702268C0F80620A2880573428170BD022649
S214020E80014CEDE7200901153CCA030000200A4B7D
S214020E9010B5187100F04EFD04463CB901F062FB35
S214020EA0BDE81040054906481AF0D0BA204616F0AA
S214020EB042FC6468F1E700BF3E2B0020980B00203E
S214020EC0BC25002070B5002000F034FD0126044643
S214020ED0074D04B970BD94F8723033B12E7115F017
S214020EE087FF1321204616F022FC6468F1E700BF54
S214020EF03E2B002038B50023094C2360A3800368EC
S214020F002360207816F00FFC054630B905480649DE
S214020F101AF078FA608801F03BFB284638BD00BF1D
S214020F203E2B0020BC250020980B002022F0004219
S214020F30B2F5887F2DE9F0471C4600F0E5800ED812
S214020F4040F203139A423CD040F209139A4200F050
S214020F50C5800E2A00F0B6800020BDE8F08740F279
S214020F6007239A424AD0B2F5037F59D040F20623AD
S214020F709A42F1D120684C30FEF70AFF25680746F0
S214020F80664895F8736095F870A095F9759095F88F
S214020F907680A48816F047F80028DDD0EB6C436014
S214020FA0B5F8503087720381731E5E425E41C67288
S214020FB080F80CA080F80D9080F80E80A0F80F4004
S214020FC0CAE7207800F0A8FC0028C5D0544894F858
S214020FD00090B4F80280A788E688257A648916F01D
S214020FE022F80028B8D080F80490A0F80580A0F86F
S214020FF00770A0F80960C5728481ADE7207800F01A
S2140210008BFC0028A8D060782578FFF769FD044697
S214021010444816F008F800289ED0057144719BE7F4
S214021020A578012D1ED0022D2DD0CDB9E37894F8E7
S2140210300080023BDBB2022B8CBF01253A4A94F9B0
S2140210400470667998BFD55C94F90640374815F067
S214021050EAFF28B180F8048045718771C671047270
S21402106001207AE7E37894F80080023BDBB2022B99
S21402107098BF2D4A94F90470667998BFD55C94F9A6
S21402108006402B48E3E7E3782A48023BDBB2022B12
S21402109094BF254A012594F80180277898BFD55C2D
S2140210A094F90490667994F9064015F0BCFF00287E
S2140210B0D6D0A0F804808771C57180F80890467271
S2140210C08472CDE723460822002113F8014B1A4802
S2140210D015F0BAFF0028C3D00471C1E7174894F888
S2140210E000806788A688E588248915F09CFF00287A
S2140210F0B6D080F80480A0F80570A0F80760A0F8C3
S2140211000950A0F80B40ABE70D481C7815F08BFF92
S21402111000283FF421AF04711EE700BFACCA0300EB
S214021120A8CA0300A0CA030068CA030098CA03003C
S21402113094CA03009CCA030090CA03008CCA030028
S214021140A4CA030010B5007800F0E6FB40B11321F4
S21402115016F0EDFA0446034800F024FB848010BD26
S2140211602524F8E72002060570B5144606460D4605
S214021170204614210A4A15F047FE2046217915F02A
S214021180F4FE58B9A3790C331C44064BA6711B799E
S214021190A5801BB1BDE8704015F02BBE70BD00BF28
S2140211A088CA03003E2B0020024B00201A68024B1E
S2140211B05A607047E82300201C0B002010B5FDF78C
S2140211C01BFE044630B9044815F06BFE044608B907
S2140211D0FDF742FF204610BD1C0B002073B51C46CF
S2140211E040F20A6322F000429A4208D8B2F5C06F73
S2140211F008D8042A49D00D2A4FD0032A1ED0002030
S21402120002B070BD6FF4C0631A44092AF7D801A36E
S21402121053F822F0FF120200AD120200D1120200B1
S214021220E1120200F7120200FF1102001713020079
S2140212302D1302004D1302009913020001A8F3F7C2
S21402124041FD5748BDF8044015F0EDFE0028D6D003
S21402125000234371C3714372C37203734373837370
S214021260C3732623072283746FF048030271C37484
S21402127001226FF040038271027203756FF00B0257
S2140212805123827204824375B9E74648246815F0F2
S214021290CAFE0028B3D08480B1E723460422002188
S2140212A053F8044B404815F0CFFEF2E7207800F0E2
S2140212B033FB0028A3D03D48267894F90150A47841
S2140212C015F0B1FE00289AD006714571847196E732
S2140212D02478374815F0A7FE002890D004718EE7D0
S2140212E025783448646815F09EFE002887D005717C
S2140212F0C0F8054083E725782F486468F3E72F484F
S2140213002578646815F08FFE00283FF478AF0571E3
S214021310A0F8054073E72A482578646815F083FE2E
S21402132000283FF46CAF0571447168E7637825487E
S2140213300D2B96BF244A0125D55C247815F073FE42
S21402134000283FF45CAF0471457158E763780021CA
S2140213500D2B98BF1C4A1D4898BFD55C6368A278BF
S21402136088BF0125267815F06FFE08B10671457113
S2140213706378012B3FF643AF8DF80430012200213B
S214021380124801AB247815F05FFE00283FF437AF11
S21402139001230471437132E724780D489AE700BFAF
S2140213A0F0CA0300E8CA0300ECCA0300D4CA03006A
S2140213B0DCCA0300E0CA0300D8CA0300D0CA03008E
S2140213C0CCCA0300C8CA0300B0CA0300C4CA0300DA
S2140213D0C0CA030014220021014819F0B1BD00BFA3
S2140213E0E825002070B5054610F03DF81A4C064672
S2140213F063795B070ED414212046184A15F004FDC3
S2140214002046217915F0B1FD20B13046BDE8704086
S21402141010F02FB8A3790C3323442DB91A79FF2A7A
S214021420F3D001321A71F0E7012D05D15A79FF2A5D
S214021430EBD001325A71E8E7022D05D19A79FF2ADC
S214021440E3D001329A71E0E7032DDED1DA79FF2A82
S2140214501CBF0132DA71D8E7E8250020E4CA03008F
S214021460042828BF0020014B185C7047F4CA03000A
S21402147038B50546084800F011F9044648B900F0A8
S21402148063F904461DB1054B1B689B792B7000F06F
S21402149073F9204638BD00BF00CB030004260020A7
S2140214A02DE9F84380460D480F4616461D469DF820
S2140214B0209000F0F3F878B9094B1C6884F8048091
S2140214C0C4F80570C4F80960A4F80D5084F80F90AB
S2140214D0BDE8F84315F01ABDBDE8F883F8CA030064
S2140214E00826002038B5054606480C4600F0D6F811
S2140214F038B9054B1B681D715C71BDE8384015F0A4
S21402150005BD38BD10CB03000826002038B50546B9
S21402151006480C4600F0C2F838B9054B1B681D7128
S2140215205C71BDE8384015F0F1BC38BD08CB03004D
S2140215300826002010B50446054800F0AFF830B97A
S214021540044B1B681C71BDE8104015F0DFBC10BDD3
S21402155018CB03000826002038B505460C46074877
S214021560012100F0ABF838B9054B1B689D80DC8082
S214021570BDE8384015F0CABC38BD00BF28CB030012
S2140215800826002070B5064608480D46144600F0A8
S21402159085F848B9064B1B681E71A3F80550DC7126
S2140215A0BDE8704015F0B2BC70BD00BF20CB030092
S2140215B00826002070B505460B480E4600F06EF869
S2140215C0044678B900F0C0F8084B04461B6825B1FB
S2140215D0D3F806202A605A89AA800EB11B7B337084
S2140215E000F0CAF8204670BD30CB03000426002067
S2140215F0044A0346106810B102789A4200D1704736
S2140216000069F8E70026002008B515F048FCFFF749
S214021610E1FE0022014B1A6008BD00BF0026002032
S21402162038B5104D0446104A28461AF03BFB4FF4D4
S2140216308270A0470D4B01461860287818B14FF407
S21402164082721AF032FB4FF48270A047084B0146B2
S2140216501860287828B1BDE838404FF482721AF034
S21402166024BB38BD3C2C002038CB030008260020C3
S21402167004260020084A136833B94178036141F012
S2140216800101417010607047197802789142FAD0D1
S21402169003F110021B69EFE70026002010B504468E
S2140216A018F0CBF828B9034B22681C60024B1B6863
S2140216B01A6010BDFC250020082600202DE9F84FF0
S2140216C0046898464FEA042A0AF4E06AC4F3072339
S2140216D04AEA030A0AEB0209B9F5807F83460F46F7
S2140216E0154603D91D263046BDE8F88F18F0A5F832
S2140216F006460028F7D1124B24F47F44C3F800B004
S21402170024F0C7040F4B44EA19244FEA09291B6840
S2140217101FFA89F944EA090443F8044B53442A465B
S2140217204146184619F017FC012F04D1FF2DD9D8CF
S21402173000F8015CD7E7022F08BF20F8025CD2E768
S214021740FC2500200826002008B5074B1A68074B20
S21402175052F8040B1968064B49681B689847054BF4
S2140217601B68988808BD00BF08260020FC250020BC
S214021770A80B0020042600200022024B1A6018F054
S2140217805EB800BFFC250020054B186808B1C36888
S2140217901BB1003818BF012070470069F6E700BF8A
S2140217A00026002010B5034C23681860FDF792FC53
S2140217B0206810BD04260020F8B504460D460146F2
S2140217C00020174615F06CFBF2F76EFE194E78BB3A
S2140217D0194B1B681C603368187058709870D87064
S2140217E0204615F037FB18B165B94368220E2BB9AF
S2140217F00F250DE05979914204D008331D68002D5B
S214021800F8D1F5E73846A84733681B684BB9012577
S21402181024F47F4020F0C70040F40070FFF7C2FFB8
S21402182085803268012052F8041B15F039FBF8BD9A
S2140218301425EDE704260020082600204022094B46
S21402184083F8212383F8222383F8232383F826238D
S21402185083F8252383F8202383F82423502283F851
S214021860222C704700E100E0044BD86910F4805047
S2140218701CBF186A00F00100704700BF0080E00F2E
S21402188070B504460D461B4A13686BB393F87D1079
S214021890586811F0040129D110608C22184693F87A
S2140218A0706019F04DFB034680F870602268C0F83D
S2140218B05A20A288A0F85E20A27980F860202868C4
S2140218C0D864AA79A98883F85220FF2283F8752063
S2140218D083F8762040F6FF72A3F86E20064AA3F835
S2140218E05010116813605960184670BD1A1D0346E1
S2140218F0CBE700BF102600200C260020054A034630
S214021900106800B97047B0F86E209A42FAD0406864
S214021910F7E700BF0C260020054A0346106800B908
S214021920704790F870209A42FAD04068F7E700BFF6
S2140219300C26002010B9024B1868704740687047A2
S2140219400C2600200023114A2DE9F0418C21136059
S2140219508046024601200EF0FDFF044620B90546E9
S2140219600B4E3060A84502D82046BDE8F081012023
S2140219700FF06EF807468C220021013519F0E0FAC6
S21402198087F8705037603E1DECE700BF0C2600203B
S21402199010260020012310B58B4090F871100446E3
S2140219A021EA030149B280F87110002949D115F0E5
S2140219B029FA204617F0E2FA102104F118001AF06C
S2140219C03AF92046FFF752F804F1380019F021FEE2
S2140219D0204617F038FA214A13681BB19C42596810
S2140219E030D11160A36859050BD51A0509D443F402
S2140219F00063A18994F87000A36004F17802FFF7EF
S214021A00B3FB00232046636019F024FD15F088FB23
S214021A104FF48072B2FBF0F2424394F87030034403
S214021A20B3FBF2F102FB1133DBB2591EC9B2FD2938
S214021A30F5D884F8703000236360094B1A6852B9EF
S214021A401C6010BD1A465B68002BCBD09C42F9D1B5
S214021A5063685360C6E7131D5268F0E70C26002041
S214021A601026002010B5084C206830B9BDE810409A
S214021A70064B186001200EF0BBBF436890F8711049
S214021A802360FFF787FFEFE70C26002010260020D2
S214021A9090F8743003F00B03013BDBB20A2B9ABFBB
S214021AA0014AD05C0020704746CB03001FB50146B2
S214021AB090F870308DF80430FFF7EAFFB1F8623024
S214021AC08DF80C00ADF80630B1F8643001AAADF816
S214021AD00A30B1F866300748ADF80830B1F86C3015
S214021AE040F20311ADF80E3019F0C8FC05B05DF8EF
S214021AF004FB00BFBC25002007B590F870308DF8B7
S214021B00051001AA40F2072103488DF8043019F0A7
S214021B10B5FC03B05DF804FBBC25002038B50A4BC3
S214021B2004461B680D462BB143699B0702D515F088
S214021B3056FE30B12A4620680421BDE8384017F028
S214021B4030B9A3699D6138BD14260020014B186088
S214021B50704700BF14260020024B1868003818BFD2
S214021B60012070471426002013B50446019120B9BF
S214021B7001A819F04EFD212012E008460029FAD0ED
S214021B8019F0CCFD80B20028F2D0094B20461B6823
S214021B9001994BB1984728B920460199FEF742F9B8
S214021BA002B010BD0020FBE716F03AFBF3E700BFD9
S214021BB01426002038B5436A0446590415D4134A3D
S214021BC003F4004392F82B20012A0FD1826A920472
S214021BD00CD4002B01460CBF5320142014F067FBD4
S214021BE018B9636A43F00803636238BD002BFCD160
S214021BF0074D20462946FEF7D3F80028F5D1286877
S214021C00AA88AB792060A280A371EAE74425002067
S214021C10532500202DE9F041164D85F82A0038B3E9
S214021C2000EBC000C1000023012204200EF092FE49
S214021C30044650B904200EF00BFF4827A046286041
S214021C4095F82A30A34203DC00242046BDE8F08142
S214021C502E68142207FB04660021C6F8188006F1D7
S214021C60340019F06DF9304615F0D3FB0134E7E77E
S214021C702860E9E744250020074B93F82A20824291
S214021C8081BF1B6800EBC00003EBC003586A8CBF21
S214021C9000F00100002070474425002008B50146E8
S214021CA0FFF7EAFF40B1054B01EBC1011B6803EBEE
S214021CB0C103586AC0F3C02008BD00BF44250020F7
S214021CC02DE9F04F0746384A93B0106851680FABBB
S214021CD003C39068354A1860146807EBC70304EB21
S214021CE0C304E37B12AA02EB430333F80C1C636AB9
S214021CF094F82E80DA0494F82F6047D40126B04672
S214021D0041F0100194F80D90C3F3404A5B0348BFBC
S214021D104AF0020A8BB289F00809B8F1010F94F86A
S214021D2031500B9304F1070BD4E90723C9F3C0091A
S214021D3094F9324009D0B8F1020F06D0B8F1040F78
S214021D4014BF4FF000084FF00308012E05D0022EF4
S214021D5003D0042E14BF002603263846CDE90C23F2
S214021D60FFF79CFFDDE90C230121CDE90760CDE9F1
S214021D7000513846CDE90548CDE903BA0B99CDF8AE
S214021D80089001F05BFB13B0BDE8F08FA26A9506DF
S214021D9048BF41F02001500648BF41F04001DA0337
S214021DA048BF41F00401ADE752CB030044250020B2
S214021DB0002170B50B4B93F82A601C688E4202DC39
S214021DC0FF25284670BDCDB22846FFF755FF28B13D
S214021DD0E37B012B02D1636ADB06F2D4013148347D
S214021DE0ECE700BF44250020014B93F82A00704719
S214021DF04425002070B504461546FFF73DFFB8B1EE
S214021E000E4A04EBC4041368E60003EBC4035B6AE1
S214021E1013F010040FD0C3F300330B70136833446F
S214021E20DB7B5A1E042A04D8033B18BF01232B70FF
S214021E3070BD0023FBE72046FAE700BF44250020DA
S214021E403F4A70B5146800EBC00304EBC304636A30
S214021E5006465B0704D500231A46194601F0D0FB56
S214021E60636A9D0706D53046FFF72AFF636A23F0AA
S214021E7002036362636A18070CD5A27921463046CC
S214021E80C2F3C00201F05AFB0546E8B9636A23F0C2
S214021E9008036362304615F071FC0546A0B9626A13
S214021EA0D10611D5D30404D5304614F0FEF940B15C
S214021EB01BE01206E37B09D4E37B626A023B012B3A
S214021EC015D9616A48071FD4284670BD03F0FB0384
S214021ED0012BF6D03046216901F056FB636A256174
S214021EE023F0800363620028E6D00546ECE7D305BC
S214021EF0E7D53046616901F065FB00236361636ADA
S214021F0023F480736362D2E7E37BA28D012B03D1B5
S214021F10A2B1802A28BF802211F0400F94F83030F8
S214021F204FF0010118BF0123304601F069FB00287B
S214021F30DBD1636A23F004036362C5E74022EBE762
S214021F40442500202DE9F04100244827104D95F83D
S214021F502A30A34201DCBDE8F081E6B23046FFF744
S214021F608BFE98B107FB04F828684044436ADA06F9
S214021F700CD55B040AD4FFF71DFE2B68304643449B
S214021F805A6A42F006025A62FFF75AFF0134DEE747
S214021F90442500202DE9F04FDFF8489200EBC003FD
S214021FA0D9F8004089B004EBC30404F1100A804655
S214021FB050460E46174619F02CFB04F11403184639
S214021FC0029319F026FB002019F0E7FC05460028CC
S214021FD000F00381012F40F2726718BF1F27012EFF
S214021FE0A6735CD0022E0CBF0626042602212846C3
S214021FF015F033FA0121284615F02FFA3146284605
S21402200015F02BFA284619F089FB012386B2B91B74
S2140220100A22009389B242F60723284615F06DFA83
S21402202004230644B6B2B91B0093122242F60423D6
S214022030284689B215F061FA0644B6B2BB1B012BDC
S214022040069503932DDC002399F82B20002A00F036
S214022050A480504619F0DDFA636A256143F08002D7
S2140220606262DB0400F1AB8099F82B00002840F096
S214022070A68019F092FC0790002800F0A08039464E
S21402208015F0F6F9002800F0A4800298079D19F0D2
S214022090C0FA636A656143F4807363628FE0052663
S2140220A0A4E7002019F079FC07900028CBD0BB1ECD
S2140220B09B1B02211FFA83FB01F01CF88345064690
S2140220C011D22BF001018AB2411A07A8049219F024
S2140220D0C7FB049A164602223EB90798F0B907A82B
S2140220E019F097FAAFE70322F6E7711C0698C9B211
S2140220F0049215F0B2F9049A0698114615F0ADF955
S214022100079906A819F025FC002019F046FC07904E
S214022110002836D0ABEB06031FFA83FB5B46022B86
S21402212038BF02239A1E92B20F2A31D91021049286
S21402213000F0E0FF049A034682421FD222F00F010B
S2140221408AB29346411A07A819F08AFB5B46062212
S214022150591C0698C9B20493059215F07EF9059AA1
S2140221600698114615F079F9079906A819F0F1FBB9
S214022170049BB21C13449BB23EB965E740B10722EA
S214022180E6E707A819F045FA334602339BB25BE747
S21402219007A819F03EFA3346EEE7039A2846D11A04
S2140221A089B215F065F90646504619F032FA636AA6
S2140221B0256143F080026262002E3FF452AF606AED
S2140221C010F010000AD0404609B0BDE8F04FFFF705
S2140221D037BE07A819F01DFAF1E71A2009B0BDE8C4
S2140221E0F08F00BF4425002070B5054614461E46F3
S2140221F0FFF742FD30B3144B05EBC505186800EB3C
S214022200C500426A93050BD44FF6DF73A1F1200591
S2140222109D4217D8A4F120059D4213D8A14211D899
S214022220C3698B4202D1036AA34204D0C0E90714F1
S21402223042F0020242629DF81030868580F8303005
S214022240002070BD2120FCE744250020044A00EB54
S214022250C003116801EBC301CA7B15F0A7B900BF22
S21402226044250020F8B505460C46FFF705FD28B3C1
S214022270052923D8124E05EBC5023368D70003EBB7
S214022280C203186919F04AFA1F2817D833683B4464
S214022290586919F043FA1F2810D8012C0ED0231FB4
S2140222A0012B0BD93168224639444B6A284623F45F
S2140222B082534B62BDE8F84015F078B92120F8BD8C
S2140222C044250020002270B50546114890F82A40A1
S2140222D00368944201DC1A2016E0596ACE0714D429
S2140222E093F83960760710D4D0F80F00094C1860BE
S2140222F0A688A07941F00901D4B298719E80204642
S2140223005962FFF7DDFC2C7070BD01324833E0E7FE
S214022310442500205325002070B5FFF749FDFF280D
S214022320044615D00B4D03B2286803EBC30300EB3B
S214022330C300DE00436A23F01003436215F05FF821
S2140223402968204631443431BDE87040FEF760BC4F
S21402235070BD00BF4425002083782DE9F041122B82
S2140223600F464BD10B689A790C321344DD781E79EE
S2140223700DB145F480553046FFF77EFC48B3DFF8D2
S214022380808006EBC604D8F80020E10002EBC40405
S214022390636A23F01003636205BB40F20320A3695D
S2140223A0A56183F87660A3F872005058A188A279D6
S2140223B0C3F85A00A3F85E10184683F8602008F1A6
S2140223C02E0100F009F92222294608F12E0018F003
S2140223D0B7FD3846BDE8F04119F01BB9204615F0A6
S2140223E00EF8636A5A0603D523F040036362F0E7E9
S2140223F0304604F13401FEF70BFCEAE7BDE8F08153
S2140224004425002073B5144D144C6A68236802F004
S214022410800103F002030B431BD053064CBF012678
S214022420A67AFDF755FC0196837983F00803C3F379
S214022430C0030093E388A288217A607A00F0BAFF8C
S21402244040B9236823F0020323606B6823F08003FD
S2140224506B60002002B070BD4425002018260020C4
S21402246001210020054BA3F10802C3E9000043F84E
S214022470081C4FF01013517253607047202600203C
S214022480014B187B704700BF18260020024BD87AF3
S214022490003818BF012070471826002070B5224E5B
S2140224A0716811F002013AD1204D2B68580706D503
S2140224B0084600F0A5FF2B6823F004032B602B6868
S2140224C0726803F0080302F00402134310D0FDF70B
S2140224D0FFFB83791A071FD5FEF726FA0446C8B90A
S2140224E02B6823F008032B60736823F004037360E1
S2140224F0FFF788FF044668B9EB7A5BB12B685B0787
S21402250008D40121084600F07BFF50B92B6843F03F
S21402251004032B60204670BDFEF7EAF9DEE71124BD
S214022520F8E70446F6E700BF4425002018260020F8
S214022530032805D10A4A136843F00803136008E02B
S214022540012808D1064BDA7A42B11A6842F008022C
S2140225501A60FFF7A3BF10F0FD0FEBD00020704704
S214022560182600200020094B10B55862FFF7E2F942
S21402257004461CB9BDE81040FFF774BA204641F283
S214022580160115F04DF86468F3E700BF44250020F5
S214022590A0F11B03E02B10B5044618D8042142F222
S2140225A0240014F0B3FA6FF06F0343714223A0F8CD
S2140225B0034083710748F8F71FF914F0EBFA4079E5
S2140225C020B114F0E7FA407940F4805010BD212083
S2140225D0FCE700BFC14B030037B504460D4615F0B5
S2140225E046F86988204614F090FD6A7E2B7E2046C7
S2140225F043EA0223A4F862306A7F2B7F43EA02236F
S214022600A4F86430EA7EAB7E43EA0223A4F866307E
S2140226101B23A4F86C302D4BDA8B1B8CA4F8682095
S214022620A4F86A30022384F8723014F0EAFB2046DB
S21402263016F07FFC94F87330022B15D101F032F9B4
S21402264070B194F9753001330AD105212046A3688A
S21402265043F48053A36003B0BDE8304015F067B87A
S2140226600021204614F054FD0021204600F00CFA0A
S2140226704FF6FF73288C984225D000F0A5F90094F7
S21402268000F090F96A46ADF8040040F206211048C0
S21402269018F0F4FE002240F20221204618F0AAFEAC
S2140226A02046FFF703FA204616F04FFC204600F0BD
S2140226B055FEA368012123F480432046A36015F04B
S2140226C03EF803B030BD0020D9E700BF4425002005
S2140226D0BC25002007B590F870304FF4887101AA27
S2140226E003488DF8043018F0C9FE03B05DF804FB09
S2140226F0BC2500202DE9FF4103780446302B0E4608
S21402270039D006D8052B25D0082B41D004B0BDE819
S214022710F0813E2BFAD183780C2B4BD8022BF5D9BD
S214022720033B092BF2D801A252F823F0C527020078
S214022730292902000D2702000D270200C1280200E7
S2140227400D2702000D2702000D2702000D270200AA
S21402275015290200B0F80300FFF7D0F828B1617916
S21402276009B141F4805114F05BFF304604B0BDE875
S214022770F04118F04EBFB0F80300FFF7BFF800288C
S214022780F3D0A17809B141F4805114F0A2FFECE72E
S214022790B0F80300FFF7B2F80028E6D0627990F8A6
S2140227A0743022B143F0010380F87430E9E703F095
S2140227B0FE03F9E7212B00F0CC80292B1FD0202B1B
S2140227C0D3D0A3E78088FFF799F80028CDD0E27827
S2140227D0002ACAD1E179A27942EA0122A0F862204F
S2140227E0E17AA27A42EA0122A0F86420227A617A89
S2140227F042EA0122A0F86620FFF758F9B5E7C77843
S214022800851C3C2F02D1FFF787FDAEE790F80680C5
S214022810B8F1000F23D15F4A546AC2F82480CFB1C0
S2140228202946204647F4805714F021FFE76084F8D3
S214022830728040F20121204601AACDE9014718F034
S2140228401DFEA368414643F480632046A360FFF75B
S214022850A1F88AE729462046FFF7BEFE85E74FF62F
S214022860FF73408C984220D000F0AEF8E8B101A881
S214022870E27904F10801FDF771FA01A814F04AFFA3
S21402288028B140F203222946A0F87220E4E7032189
S21402289040F2064014F03AF9A388A0F803300D235C
S2140228A043713D48F7F7A8FF5FE73C4B223455F8E3
S2140228B0042BA54243F8042BF9D12A881A8054E740
S2140228C0B0F80300FFF71AF800283FF44EAF40F2C4
S2140228D00911B4F8053090F87020A0F86C308DF825
S2140228E00420ADF80630227AE37943EA0223ADF8F3
S2140228F00830A27A637A43EA0223ADF80A30227BD2
S214022900E37A43EA0223ADF80C3001AA244818F011
S214022910B5FD2AE78088FEF7F1FF00283FF425AFD1
S214022920A179FFF7E9F820E78088FEF7E7FF00289D
S2140229303FF41BAF90F870300E218DF80430D4F8B7
S214022940063001AACDF80530D4F80A30CDF80930A1
S214022950DCE78088FEF7D2FF00283FF406AF90F847
S21402296070304FF403718DF80430E37801AA8DF8C5
S2140229700530A3798DF80630E3798DF80730237A8F
S2140229808DF80830637A8DF80930A37A8DF80A300C
S214022990BCE700BF44250020A54A0300722500209C
S2140229A0BC25002050B10C22064B1B68C31AB3FB91
S2140229B0F2F3807A40EA032080B270474FF6FF7047
S2140229C0704700BFAC0B0020024609490B7A096823
S2140229D0FF2B01D10020704703EB430301EB83007A
S2140229E031F82330C3F30B039342F4D0C37AEFE7F4
S2140229F0AC0B002008B5054B054A1978054819F0B6
S214022A0051F9F722044B1A8008BD00BFA92C0020FA
S214022A105ECB03003D2C00200C0D002010B50446B2
S214022A2070B30068836CA34222D163688364224633
S214022A30144918F0EBFC04F10C0018F00BFD04F13D
S214022A40440018F0E6FDFFF787F858B1A06948B1D0
S214022A50143018F0DEFDA069183018F0DAFDA0690F
S214022A600EF008FA2046BDE810400EF003BA1346F0
S214022A70002BDCD05A68A242F9D162685A60D6E7C7
S214022A8010BD00BF6F780300F8B5054648200E4615
S214022A9019F00DF9294F0446387818B14822214614
S214022AA019F003F98CB1FFF757F898B11C2019F00A
S214022AB0FEF80146A061387810B11C2219F0F5F82C
S214022AC0A3692BB920460EF0D5F900242046F8BD9E
S214022AD000221A700321284614F01AFBAB6C224619
S214022AE06360AC6417232681002663811449284656
S214022AF02560267766640DF0A1FE04F0F3FB3246ED
S214022B00014604F10C000DF099FE02232374FFF730
S214022B1023F80028DAD00B4B19881729D6D9204675
S214022B2014F085FB0028D1D11221204614F064FE51
S214022B30636943F002036361C8E700BF3D2C0020CF
S214022B406F7803000C0D0020F8B5054610B3002977
S214022B5020DB114C2468247E8C421BDD3F2919DCC5
S214022B60032701F0030600EBA10191F8314076003D
S214022B70B74002F0030224EA0704B240224381F877
S214022B80312013B1002114F0F1FE2846BDE8F840CA
S214022B9014F049BFF8BD00BF3026002070B51646B7
S214022BA000221A7032800A7A0D46072A4DD8DFE8CC
S214022BB002F004090D111A1E304AE86830F8023B8A
S214022BC0338043E0EB68981D5B88F9E7EB68981D55
S214022BD09B88F5E7697B14F016FF02221C4B1880CF
S214022BE01846328032E002231A4833802EE01A4C0E
S214022BF02B7BE88923702B88E11C013363702B88BA
S214022C0001331B12A37000F0DBF90330308020463C
S214022C101CE0124CA889EB89020AA3701B0A2070DA
S214022C206270E37000F040FA58B1C3681A88022A4C
S214022C3007D19A782271DB786371062307483380BE
S214022C4004E00423FAE780221A70002070BD00BF59
S214022C50572C00206ECB0300442C00203E2C002074
S214022C60054A064B1860136843F001031360828B13
S214022C70034B1A80704700BF28260020302600200B
S214022C80442B002000232DE9F04FDFF8C09191B0CD
S214022C90D9F80070054617F00807CDE90633CDE9E6
S214022CA008330AD0664B03F1100253F8041B934212
S214022CB045F8041BF9D1002011E00320F2F762FD6B
S214022CC018F0F5FF804648B10620F2F75BFD18F0D3
S214022CD0EEFF064630B940460EF0CCF81A2011B088
S214022CE0BDE8F08FCDE90477F5F77EFD044668B1BE
S214022CF040460EF0BFF830460EF0BCF840F20740F1
S214022D00214600F073FE40F20740E8E74FF4A05277
S214022D104C4BC6E90323F369002B42D14FF4105300
S214022D203380802310227380304604AB06A90FF04E
S214022D30D3FE0446A0B94046424A04990FF0AAFFC1
S214022D40044668B98346404BBAB21B68D98891429A
S214022D502FD810222946404605AB0FF0B9FF04468D
S214022D6040460FF021FF40460EF084F8304610F041
S214022D7011F930460EF07EF804980FF0AEFD002CE6
S214022D80BCD12F4B05F1100255F8041B954243F8AF
S214022D90041BF9D1D9F8003043F00803C9F8003013
S214022DA089E73B463A464FF41051304610F0FEF89B
S214022DB0B7E71A68BCB2210102EB04142046ADF84C
S214022DC00EB00191009215F016FA8246204600F0E7
S214022DD03FF930B3DDE90021AAF5205080B203287E
S214022DE002D9BAF5245F1ED1525A00202146ADF808
S214022DF028200DF10D030DF10E02ADF82AA0FFF703
S214022E00CDFEBDF80E2001460BA818F0A4F8BDF8BA
S214022E100E20404604320AA90FF03FFF044600285F
S214022E209ED101378FE70AF55640FF3080B204285C
S214022E30F7D8525AADF82AA0ADF82820E7E700BF27
S214022E40592C00200002C00330260020282600202D
S214022E50134B01461B6870B513F0040306D000221C
S214022E60104B1C68E38990B2834209D80E4A146854
S214022E700022E58990B2854209D84FF6FF7005E038
S214022E80A56835F8125001328D42ECD170BDA668A5
S214022E9036F8126001328E42ECD1034498B2F5E75E
S214022EA0282600202C26002030260020094B1B68EE
S214022EB05B070AD5084B1A68D389834203D99368FD
S214022EC033F810007047C01A80B2044B1B689B6828
S214022ED0F6E700BF282600202C26002030260020F9
S214022EE038B5046805460C222046084917F0FEFF4E
S214022EF050B90222064904F10E0017F0F7FF18B97E
S214022F0002200C342C6038BD1020FCE771CB030085
S214022F107FCB03002DE9F743102801910BD002283E
S214022F2004D04FF6FF7003B0BDE8F083019B18880B
S214022F30FFF78EFFF7E701A8FFF7D2FF0228F5D0CA
S214022F401028EED11B4B019F1E6816F0040608D00F
S214022F500024194BD3F80080B8F81660A5B2AE422A
S214022F601AD80025154BD3F80080B8F81690ACB2E4
S214022F704C45D6D2D8F81000102200EB0510394680
S214022F8017F0B4FF01350028F1D1A0196FEA4040CE
S214022F906FEA504080B2C6E7D8F81000102200EB65
S214022FA00410394617F0A2FF01340028D6D145F4A2
S214022FB00040B8E7282600202C26002030260020D5
S214022FC0020408B51DD5124BC0F30E001B685B0742
S214022FD013D5104B1A68D38A98420CD2136903EBA6
S214022FE0001000F1100350F8042B984241F8042B0D
S214022FF0F9D1102008BDC01A80B2074B1B681B69A6
S214023000EDE7FFF753FF0870000A48700220F1E769
S214023010282600202C2600203026002070B50446E4
S21402302042F60306094B1B681D68A5420AD22046D3
S21402303029B915F0E0F8B04206D1103402E015F0D6
S214023040E4F808B1204670BD103CEEE730260020BA
S214023050437ADA0702D5C3F380007047034BC2886F
S2140230601B881A4214BF012000207047442B002000
S2140230700A4B1B68DB0708D570B1094B1B68DB8857
S214023080834234BF00200120704728B1054B1B88BD
S214023090834294BF00200120704700BF28260020EC
S2140230A030260020462B002070B50246FFF7E0FFD0
S2140230B0E8B10F4B1968CD88954209D302F18050CA
S2140230C00B680138040103EB00101B5B93420ED021
S2140230D0002398B2854201D8002008E00E681C0141
S2140230E0345B06EB0310944203F10103F1D170BD89
S2140230F0302600202DE9F34100250E46A846174F3C
S21402310001903A68ABB2D18899421DD91468ABB225
S21402311004EB0314B4F90430002B1CDA2046FFF744
S21402312097FFC0B1E1680B889E4214D132460198DF
S214023130023118F030FDE36882B21B88934207D052
S214023140114601A818F08CFB404602B0BDE8F0819B
S21402315043441FFA83F80135D3E700BF3026002028
S21402316038B5124B04461B8842898B4228BF0B4651
S214023170172BB8BF17231146438114F012FB63695D
S21402318023F002036361A3699D693DB100222946CB
S21402319020469A61BDE83840FEF7C0BC40F20941BD
S2140231A0204614F026FBA3691D7038BD0C0D0020C6
S2140231B00148FEF7CBBC00BFED72020008B5002145
S2140231C042F20E0013F0A2FCBDE808400148F7F7F1
S2140231D013BB00BF914B030038B590F8723004461B
S2140231E0032B154606D1FFF7E9FF0123002084F8DA
S2140231F0723019E0C9B9012B2DD9032140F20640DD
S21402320013F084FCB4F86E304571A0F8033013480E
S214023210F7F7F2FA13F0BEFC8378002BE5D013F032
S214023220B9FC807840F4805038BDA3B102214FF635
S214023230044013F06BFCB4F86E30A0F80330084874
S214023240F7F7DAFA13F0A6FC4379002BCDD013F089
S214023250A1FC4079E6E70220E6E700BFA54A0300A4
S214023260DB4A0300F8B507460E4642F213000E216B
S21402327015461C4613F04AFCB7F86E30A0F80560F7
S214023280A0F80330BDF81830A0F80750A0F80B30AD
S214023290BDF81C30A0F80940A0F80D30BDF820306B
S2140232A0A0F80F300648F7F7A7FA13F073FC8078F9
S2140232B020B113F06FFC807840F48050F8BD00BF58
S2140232C01D4B0300F8B507460D4642F219001C21B5
S2140232D01C46164613F01AFCB7F86E300F3020F86C
S2140232E00C3C2B6804F1100240F80A3C6B6820F88C
S2140232F0026C40F8063C234653F8041B934240F8FF
S214023300041BF9D10648F7F777FA13F043FC8078E6
S21402331020B113F03FFC807840F48050F8BD00BF27
S214023320CD49030070B506460D4642F27A000421E6
S214023330144613F0EBFBA0F803604571847106484F
S214023340F7F75AFA13F026FC407920B113F022FC64
S214023350407940F4805070BD1D4F030010B50446FE
S214023360022142F2300013F0D1FBB4F86E30A0F81E
S21402337003300F48F7F740FA13F00CFC437963B9B1
S21402338013F008FCC088FEF7B9FA044628B113F019
S21402339001FC017A2046FEF7AFFB13F0FBFB4079F7
S2140233A020B113F0F7FB407940F4805010BD00BF07
S2140233B0B1AB0100F8B507460E4642F241000821BD
S2140233C015461C4613F0A2FB9DF818304771C370D1
S2140233D09DF81C3086710371A0F80750A0F80940CA
S2140233E00648F7F709FA13F0D5FB407920B113F037
S2140233F0D1FB407940F48050F8BD00BF61A80100BF
S21402340038B505460C4642F24200062113F07EFB12
S2140234100023C57043718371C37103720471064839
S214023420F7F7EAF913F0B6FB407920B113F0B2FBD6
S214023430407940F4805038BDB9A801002DE9F0412A
S214023440154606460F4642F2360019211C46DDF89E
S214023450248013F05BFB2B0AC371230A83729DF848
S2140234601830857103739DF81C30447243739DF8BF
S21402347020302D0C240CC67087800572C4728373AC
S214023480D8F80030C0F80F30B8F804308676A0F8C6
S21402349013309DF8283043759DF92C3083759DF8BE
S2140234A03030C375002303769DF8343043769DF89A
S2140234B03830C3760648F7F79FF913F06BFB40796E
S2140234C020B113F067FB407940F48050BDE8F081EC
S2140234D059A9010038B505460C464FF61940052194
S2140234E013F014FBC57044600648F7F785F913F02D
S2140234F051FB407920B113F04DFB407940F48050E7
S21402350038BD00BF7947030038B505460C464FF66E
S2140235101A40052113F0FAFAC57044600648F7F718
S2140235206BF913F037FB407920B113F033FB407987
S21402353040F4805038BD00BFA947030070B50D4661
S21402354006460121DAB1FFF7C5FF0446A8B90721EE
S21402355042F2350013F0DAFAC6702B684360AB8885
S21402356003810848F7F748F913F014FB437923B1AF
S21402357013F010FB447944F48054204670BDFFF7E4
S214023580C3FFE2E7394903000A4610B504210446A0
S21402359042F2370013F0CFFA032303710023C470FC
S2140235A0437183710648F7F727F913F0F3FA407967
S2140235B020B113F0EFFA407940F4805010BD00BFFE
S2140235C02D4803000A4610B50421044642F238008C
S2140235D013F0B1FA032303710023C470437183719D
S2140235E00648F7F709F913F0D5FA407920B113F037
S2140235F0D1FA407940F4805010BD00BF79480300EC
S214023600F8B506460F4642F23900062114461D4614
S21402361013F07CFA01238471240A0371C770467181
S214023620C47105720648F7F7E7F813F0B3FA407963
S21402363020B113F0AFFA407940F48050F8BD00BFD5
S214023640C54803000148FDF7A1B800BF5136020085
S2140236502DE9F04F867987B00C3605900546805BDB
S214023660C0F30B00FEF74AF9044618B905A817F08E
S214023670D0FF4EE090F87230022BF7D1AB5B059A82
S214023680C3F30B0103F44053B3F5805F9060A95374
S21402369042D153796FF300035371836B002BE5D04D
S2140236A0042105A804F1380618F0B3F83046059947
S2140236B018F096F8A06B002301465A1CA9BBDBB291
S2140236C0012B01D918F0FDF8A06B18F027F8032893
S2140236D01FD9D4F83890484699F8067018F01EF8A4
S2140236E00C3709EB070539F80770A0F104084745BF
S2140236F022D9524FD4F838A007F1100957F804BB64
S2140237005346424629462046D8474F4510D0002801
S214023710F4D007B0BDE8F08F383017F07AFF059A7C
S214023720537943F001035371BAE713460968C4E7B5
S2140237300028EED130469AE7A06B17F0EFFF043769
S2140237408742F7D36988A1F140033F2B0BD80421A7
S214023750304618F05EF82046A26B698815F06BFBBF
S2140237600023A363D5E705290BD0062961D00429D7
S214023770E0D1304618F04DF8A16BA06CFEF7F4F9D4
S214023780EEE72946204615F054FB02460028D1D122
S2140237902B79122B06D0132B36D02046697915F0DA
S2140237A020FBC7E794F87330022BF6D040F67A4037
S2140237B029898B1F9BB2834224D86A89931F9BB2A6
S2140237C083421FD891421DD8AB89B3F5FA7F19D22E
S2140237D040F6764CEF89A7F10A0080B2604511D810
S2140237E0B4F86A000290B4F86800CDE9007020468A
S2140237F0FFF738FD021E18BF01222046697915F030
S214023800ACFA97E70122F8E794F87330012B03D15C
S2140238102046697915F0E5FAA3681A048AD523F4D6
S2140238200043A3602B89012B84D12046FEF752FF6A
S21402383080E72046A16B15F07AFB91E784CB030064
S2140238400C4B01461A789AB95B689B0710D490F91C
S2140238507520013218BF012291F8523013F0400051
S21402386005D091F8600010F0400018BFD0B2704743
S2140238700122F1E734260020024B586800F00200CD
S214023880704700BF34260020024B586800F008003C
S214023890704700BF34260020014B1B68184700BF44
S2140238A0B80B002008B512F09DFC022817BF034B88
S2140238B00020586800F0100008BD00BF3426002023
S2140238C007B502460846042802F0010113D9B1B929
S2140238D003200C4B5A6002F08003019302F040036F
S2140238E0009302F0200302F0040200F07FFB0020A7
S2140238F003B05DF804FB0029EBD00328E9D12120B0
S214023900F6E700BF3426002038B50D490D480DF005
S214023910C1FA0446054688B90B4B0C4A1A600C4A93
S2140239205A600C4A9A600C4ADA6000F09DFB03214A
S21402393004462846FFF7C4FF084B1D70204638BDD4
S214023940EFBEADDEBEBAFECAB80B0020E13F0200F3
S214023950AB9203002D4002000D4B020034260020DD
S21402396038B5044603200DF067FA0546D0B194F840
S2140239707030037094F8753043702046FEF788F86E
S2140239802A46A87040F20261074817F033FD074B3B
S2140239902046DB680121984794F97500BDE8384057
S2140239A0FBF708BE38BD00BFBC250020B80B0020C0
S2140239B070B5054608200E460DF03EFA044680B164
S2140239C095F8703000210370064B4660DB68284687
S2140239D098472246BDE8704040F20161024817F05F
S2140239E009BD70BDB80B0020BC25002038B50546C1
S2140239F008200C460DF020FA024638B1C0E9005401
S214023A00BDE838400D21024817F0F4BC38BD00BFAF
S214023A10BC25002038B5054608200C460DF00CFAE9
S214023A20024650B195F8703040F20561037044606A
S214023A300248BDE8384017F0DDBC38BDBC25002082
S214023A4013B504460191114612B301A904200DF0E4
S214023A5031FA019B104A2046B3FBF2F102FB113306
S214023A6045F218020021019301AB15F07DFB0820F8
S214023A700DF0E2F9024648B194F8703040F2046163
S214023A800370019B4360054817F0B4FC02B010BDFA
S214023A9045F2180201ABE8E740420F00BC250020C1
S214023AA010B5044601200DF0C7F9024648B194F855
S214023AB0703040F203610370BDE81040014817F011
S214023AC099BC10BDBC25002038B5054608200C461A
S214023AD00DF0B2F9024650B195F8703040F2076127
S214023AE0037044600248BDE8384017F083BC38BD16
S214023AF0BC250020014B5B68184700BFB80B0020AE
S214023B0010B50446006C30B94FF4B07018F0CFF818
S214023B10206420B910BD4FF4B07118F08CF8FF2362
S214023B20226C82F85E31A3681B0603D5054B012082
S214023B301360EFE794F87300034B0449012808BFAB
S214023B400B46F4E75D97030021500200994B0200F2
S214023B5010B50F4C2368D3B10022D3F8A0001A7711
S214023B6083F83D2083F85E200EF0B7FE20684421DD
S214023B70603018F060F8206821211D3018F05BF8DC
S214023B8020682121BDE810403E3018F054B810BD20
S214023B903C260020036C53B983681B0609D490F8B0
S214023BA07320054B0548012A08BF18467047186857
S214023BB070470348704700BF994B0200215002002D
S214023BC05D9703002DE9F0438BB006AC8846154698
S214023BD00346264600F1100722461868596808333D
S214023BE003C2BB421446F7D11021304618F015F82E
S214023BF0002306200593F1F7C5FD18F058F8044691
S214023C0048B3DFF880904FF4807115F0E2F94FF474
S214023C101051C0F8109015F0B2FA80231027638076
S214023C2005AB2846029332463B464946CDE9008715
S214023C30F4F714FD0546F0B93946404617F0EDFF95
S214023C403946304617F0F7FF20460FF0A3F9204614
S214023C500DF010F90BE06FF08C0140F20740FFF711
S214023C60C5FE1021304617F0E6FF6FF08C05284699
S214023C700BB0BDE8F083014640F20740FFF7B6FE00
S214023C80DEE700BF0044400470B50E460446154603
S214023C9092B020223046434917F028F968B920220C
S214023CA02846414917F022F938B9404B1B681B7D5C
S214023CB0002B63D040F203401BE0246C20223046E7
S214023CC004F1540117F012F938B92022284604F1FB
S214023CD0740117F00BF90028ECD00620F1F752FD1C
S214023CE017F0E5FF044630B901461A20FFF77EFEBC
S214023CF01A2012B070BD00234FF48041009315F0D5
S214023D0068F92B4B44F21211036115F038FA4FF49E
S214023D1080736380042330468DF8043006F1200257
S214023D200DF1050350F8041B904243F8041BF9D129
S214023D300DF10500202117F070FF28460DF125032E
S214023D4005F1200250F8041B904243F8041BF9D1F7
S214023D5020210DF1250017F060FF01A96B464122D4
S214023D6020460EF0B9FE014650B920460FF012F971
S214023D7020460DF07FF800980EF0AFFD0020B8E761
S214023D8010F1870F03D040F20740FFF72FFE2046C0
S214023D900FF000F920460DF06DF800980EF09DFD2C
S214023DA088E700BF49CC030029CC03003C2600204C
S214023DB0000002092DE9F0439846002387B0044626
S214023DC006200E461746CDE90433F1F7DBFC17F062
S214023DD06EFF054660B3DFF884904FF4805115F00D
S214023DE0F8F84FF41051C0F8109015F0C8F9802377
S214023DF021466B801022284604AB0EF06DFE044668
S214023E0028BB05AB029310233246CDE90083494610
S214023E103B4604980EF08DFF0446C0B904980EF097
S214023E205CFD28460FF0B6F828460DF023F80AE0A7
S214023E306FF08C0140F20740FFF7D8FD04980EF0B1
S214023E404CFD6FF08C04204607B0BDE8F083214697
S214023E5040F20740FFF7CAFDE0E700BF0002C003DA
S214023E602DE9FF41044606208846F1F78BFC17F041
S214023E701EFF054648B901461A20FFF7B7FD6FF048
S214023E808C04204604B0BDE8F0814FF4807115F032
S214023E90A0F8184B4FF41051036115F070F9224642
S214023EA06C46802327466B8002F110032646106874
S214023EB05168083203C69A423446F7D11021384672
S214023EC017F0ABFE43461022394628460EF004FE93
S214023ED0044620B1014640F20740FFF787FD102155
S214023EE0384617F0A8FE28460FF054F828460CF07D
S214023EF0C1FFC6E700444004FF282DE9F74318BF78
S214023F00344C814618BF44EA00244FF006000F46A0
S214023F10164608BF304CF1F735FC17F0C8FE80464F
S214023F20002852D0014620460EF0EBFC05464046DD
S214023F300FF030F840460CF09DFF15F1880F40D187
S214023F40B9F1FF0F3FD10620F1F71CFC17F0AFFEC8
S214023F50044658B901461A20FFF748FD00200546D8
S214023F603C6006B1356003B0BDE8F08300231A4A10
S214023F70019343688260DAB222B923F0FF0343F06A
S214023F8001034360204640F2011115F022F8134B5C
S214023F904FF41051236115F0F2F8802301A9204650
S214023FA063800EF035FF014618B140F20740FFF776
S214023FB01DFD20460EF0EEFF20460CF05BFF019C36
S214023FC0CCE7002DCAD02120CBE71A206FF08C0553
S214023FD0C7E700BF06800400370004000044400420
S214023FE0014B1B68187A70473C260020003918BF20
S214023FF00121003B18BF012310B50B4C003A246880
S21402400018BF0122A3749DF808302070003B18BF29
S2140240100123E3749DF80C302174003B18BF012382
S2140240206274237510BD00BF3C26002001280AD00A
S21402403002280ED098B90B4B1A68936943F0010315
S214024040002093617047074B1A68936943F0020396
S214024050F6E7044B1A68936943F00403F0E721205D
S214024060704700BF3C26002010B5194C236833B9B0
S214024070A42017F01CFE206038B91A2426E0FFF7A9
S21402408067FDA421206817F0D6FD03224FF0FF310A
S214024090236810481A70D960002210211A77197204
S2140240A083F83D200C4983F85E201A829A749A613E
S2140240B00CF0C4FB044648B9F4F796FB30B122462E
S2140240C00549044817F0A2F940F20744204610BDFD
S2140240D03C26002040260020079103002DE9F043ED
S2140240E083680446590687B040F1B48023F0400343
S2140240F08360FFF74FFD734EB04203D0724B984277
S21402410040F0AB8094F9758004F13409B8F1FF3FB2
S2140241101DD112F067F8022872D0636B04201A8849
S2140241208DF808201A4632F8021B090A8DF8091083
S214024130D3F8023002A9CDF80A3053680A22CDF825
S2140241400E30FBF7C5F9B0F1FF3F804658D0A568A0
S21402415015F4807554D10620F1F714FB17F0A7FD6D
S214024160074698B901461A20FFF740FC204641F25E
S2140241700601FFF71DFC20460021FCF7F1FB04F1C7
S214024180340007B0BDE8F04315F010B82046FFF73C
S21402419001FD864228D14D4D394645EA0825284676
S2140241A00EF0AFFB064638460EF0F4FE16F1880F08
S2140241B01BD1474D394645EA082528460EF0A1FB95
S2140241C0064638460EF0E6FE38460CF053FE9EB91A
S2140241D0606B2A4602A90A30FFF7F4FC78B3102176
S2140241E002A817F028FDC1E72E462046FFF7D2FCAC
S2140241F0354B8342E8D1DCE7314640F20740B3E76D
S21402420094F87430DA0702D4A368DB05AED500232F
S21402421001A904F118000193FFF722FE18B10198D4
S2140242200EF05BFBA2E7606B019A02A90A30FFF769
S214024230C9FC054601980EF050FB002DCFD1204652
S21402424002A9FCF78DFB02A8102117F0F4FC4846E1
S21402425014F0ACFF07B0BDE8F083636B1A88002A3F
S21402426084D11C4A904203D01B4A90427FF47EAF10
S2140242700022013313F8011F00297FF477AF0132C1
S214024280082AF7D1206C019100F5987001A9FFF772
S214024290E7FD0028C3D1606B019A02A90A30FFF736
S2140242A091FC054601980EF018FB002D97D120468A
S2140242B002A9FCF755FB02A8102117F0BCFC04F17A
S2140242C03400C5E721500200994B02000580040025
S2140242D003800400095D0200396C020038B504460A
S2140242E00D460520022114F08AFE0246C0B18379EB
S2140242F0062103445D73204614F053FD204645F420
S2140243009051FFF755FB94F87310064B064A204669
S214024310012914BF11461946BDE8384014F000BF03
S21402432038BD00BF994B0200215002002DE9F04330
S214024330804693B006200F4616469946F1F722FAB3
S21402434017F0B5FC054648B901461A20FFF74EFBA2
S2140243506FF08C04204613B0BDE8F0834FF4804122
S21402436014F037FE5D4B47F21211036114F007FF9B
S2140243704FF480736B805A4B1A68137F022B21D13D
S21402438002F1600302F1800153F8040B8B4247F8F6
S214024390040BF9D102F1A00153F8040B8B4246F844
S2140243A0040BF9D1D2F8A0302846C9F800300EF036
S2140243B0F1FD28460CF05EFDB8F1000F40F0868055
S2140243C00024C7E79369DB072DD5464B03F120028D
S2140243D053F8041B934247F8041BF9D1424B03F1EE
S2140243E0200253F8041B934246F8041BF9D14B46AD
S2140243F020223E4928460EF06FFB044628460EF061
S214024400C9FD28460CF036FD002CD5D0214640F2D8
S2140244100740FFF7EBFAB8F1000F9BD008214046A1
S214024420FFF75CFF96E7494628460EF0F1FC044685
S21402443090B1014640F20740FFF7D8FAB8F1000FF4
S21402444003D008214046FFF749FF28460EF0A2FD9A
S21402445028460CF00FFD7DE76B46412201A9D9F8EC
S21402446000000EF0FFFA044628460EF093FD28469A
S2140244700CF000FD4CB1214640F20740FFF7B6FAB9
S214024480D9F800000EF029FAC5E73A460DF1050301
S2140244900DF1250153F8040B8B4242F8040BF9D1B7
S2140244A032460DF1450153F8040B8B4242F8040BD9
S2140244B0F9D101A8412117F0BEFB3846202117F09A
S2140244C0ACFB2021304617F0A8FB75E7002245F228
S2140244D01601404614F03AFE72E700BF00000209D9
S2140244E03C26002094CB0300B5CB030069CC030026
S2140244F02DE9F74390F873700446012F056C04D13A
S21402450095F85031002B40F0578195F85C3195F8BC
S2140245105181032B00F2F180DFE803F00287AFD46B
S21402452018F0010F7CD01121062014F068FD814698
S214024530002800F041818679102106440D36304667
S21402454014F02AFE014658B120460821FFF7C6FE9F
S214024550002140F2074003B0BDE8F043FFF746BA39
S214024560A07CC0F11002304416F0EAFC11F03AFECC
S214024570022895F95E010BD032460521FAF742FF72
S21402458090B10821204603B0BDE8F043FFF7A6BE6F
S21402459033461022052111F027FE28B1002140F2F1
S2140245A01B40FFF723FAECE711F01CFE02280FD19E
S2140245B0012F0DD004F1180306F1100256F8041B61
S2140245C0964243F8041BF9D1A36843F48073A360B0
S2140245D04A460621204614F0E4FB0B21072014F07D
S2140245E00EFD8146002800F0E780867995F95E3157
S2140245F00C36064443F43F430821A6F80130F01C6B
S21402460014F0CAFD0A22042195F95E01731C11F00A
S214024610EBFD0028C2D14A460621204614F0C1FB13
S21402462095F85C31013385F85C3118F0020F1FD023
S2140246301121082014F0E3FC0646002800F0BC8096
S2140246400023817901AA01440D31FF20019314F061
S2140246500DFE40B108212046FFF740FE40F207401B
S2140246600199FFF7C3F932460621204614F099FB5A
S21402467095F85C31013385F85C3118F0020F1CD0D6
S2140246800821092014F0BBFC8146002800F0948023
S21402469086790C360644FBF717FB83794A4683F085
S2140246A00803C3F3C003737003680621C6F802301A
S2140246B083882046F38014F074FB95F85C3101334E
S2140246C085F85C3118F0040F12D011210A2014F07C
S2140246D096FC064600286FD0807910223044AB2123
S2140246E00D3016F02DFC32460621204614F059FBFA
S2140246F095F85C31013385F85C31012F08D0236CC4
S21402470093F85031002B57D195F85C31042B53D1D6
S214024710A36C10220B2195F95E01313311F064FD72
S21402472078B140F21B412046FFF742F9244B254957
S2140247302046012F08BF194603B0BDE8F04314F027
S214024740EFBCA36C01220C2195F95E01203311F017
S2140247504BFD0028E5D1A36C10220D2195F95E01D0
S214024760213311F041FD0028DBD1082295F95E01C4
S214024770114604F1100311F037FD0028D1D1236C45
S21402478093F85E2184F87520FF2283F85E21D3F821
S21402479058315B0603D404F14C0012F068FA11F0AB
S2140247A021FD022808BFA368204604BF43F4807395
S2140247B0A360FFF7D5F8B9E703B0BDE8F08300BF02
S2140247C0994B0200215002002DE9F04F97B0154692
S2140247D0DDE9209804AA06468C4692461C46524BB1
S2140247E0229F03F1100B9646186859680833AEE804
S2140247F003005B457246F6D16B4620226146504660
S214024800FFF7D8FA8346002871D1484B05F110020B
S214024810089365238DF824300DF12503184655F8C4
S214024820041B954243F8041BF9D1102117F0F5F941
S2140248300DF13503184604F1100254F8041B944295
S21402484043F8041BF9D1102117F0E7F999F806305E
S214024850062183F00803C3F3C0038DF84530D9F868
S21402486000300DF14600CDF84630B9F80430012488
S214024870ADF84A3017F0D1F998F80630062183F0E1
S2140248800803C3F3C0038DF84C30D8F800300DF19E
S2140248904D00CDF84D30B8F80430ADF8513017F071
S2140248A0BCF9002335228DF854306846239B08A9AC
S2140248B08DF85340FFF77EFA8346C0B9102123983D
S2140248C017F0ABF93B463522684608A98DF820401A
S2140248D0FFF770FA834650B9B27C0146C2F1100265
S2140248E0384616F02DFB1021384617F096F910219F
S2140248F0684617F0A0F9352108A817F09CF9102190
S214024900504617F098F9BBF1000F06D00821304642
S214024910FFF7E4FC17B0BDE8F08F5A4645F21201E5
S214024920304614F013FCF5E7D6CB03000062746C35
S21402493070B51E460423054696B014468DF814300C
S21402494001F120020DF1150351F8040B914243F8D0
S214024950040BF9D120210DF1150017F05EF922465D
S2140249600DF1350304F1200152F8040B8A4243F894
S214024970040BF9D120210DF1350017F04EF904ABE6
S2140249800293202301931A9B314600930E4841233B
S21402499005AA0EF0DBF90446412105A817F04BF9EB
S2140249A054B1214640F20740FFF720F80821284676
S2140249B0FFF794FC16B070BD224645F21501284654
S2140249C014F0C4FBF6E700BF00000209F8B504467F
S2140249D0FEF736FF266C054628B394F975305F1C41
S2140249E00BD086F85E31FEF747FF0721012014F050
S2140249F006FB024618BB1A2111E02046FAF7C2FE51
S214024A0086F85E01236C93F95E310133EBD1FEF733
S214024A1033FF90B1A3685D0709D441F20521204611
S214024A20FEF7C6FF07E0FF2386F85E31EFE70521B3
S214024A302046FFF753FC0020F8BD0025D5E7324993
S214024A40867909680C3691F800C0831983F801C08C
S214024A5091F81CE0281E18BF0120BEF1010F0DD1EF
S214024A6083F802E0D870487C00B3D87800071DD4DB
S214024A70A3685B07DBD441F20321D0E78F69BEF15E
S214024A80020F07F002070ED191F85EE0BEF1000FAA
S214024A9009D04FF0010E83F802E0D870002FE2D161
S214024AA040F00800DEE74FF0000EF4E7BCF1030F1B
S214024AB007D0096911F0FF1F1EBFD97841F0040123
S214024AC0D97094F874108F0708D5D978480705D49A
S214024AD0BCF1030FCFD041F00401D970002D18BFEE
S214024AE0032510215D7119719D71216C9059C1F8D1
S214024AF00600988848819B7920460B73062114F09D
S214024B0050F9012098E700BF3C260020204B10B544
S214024B101B6804469B6913F0040310D141B180F868
S214024B20773090F87010BDE810401A4816F043BC73
S214024B3090F87330012B03D18368580705D410BD53
S214024B40022B02D183685907F9D494F9772094F896
S214024B507730002AF3DBB3B9012384F8773094F870
S214024B6077305B08EBD04FF47A7294F870105343A8
S214024B70084800220BF046FE94F8773063F07F0375
S214024B8084F87730DBE75A06E9D45B00E5E700BF36
S214024B903C2600204026002045F21E0330B59942EE
S214024BA00446154689B010D845F21603994213D822
S214024BB045F20103994200F0B18145F20C03994295
S214024BC022D0B1F5A04F00F0AF812A46204609B0A8
S214024BD0BDE8304000F0D2B9A1F5A043173B072B41
S214024BE0F3D801A252F823F0D14C0200CB4B0200BC
S214024BF0CB4B0200CB4B0200D94E0200CB4B02003D
S214024C00AD4E0200BB4C020090F97730002B02DB5F
S214024C108268530707D520460921FFF75FFB41F25A
S214024C20092009B030BDAB792B449D4D5B7C2D68C5
S214024C3003F008016D7CD5B121B90321FFF74EFBC5
S214024C402120EEE713F0040F03F0010308D042F030
S214024C500802826093B9A36843F02003A36013E0BE
S214024C60002BF8D0836843F010038360F3E75807FD
S214024C7044BF42F00802A260DB0703D5A36843F0F4
S214024C801003A3600029E6D1A368224643F004037A
S214024C90A360844920460BF0D1FD0221204612F083
S214024CA037FA47F23053002245F21A0120460BF03B
S214024CB0A9FDA3689D0540F18980A368580740F1C5
S214024CC0858094F8700009B0BDE8304014F0C3B88F
S214024CD090F87430D9074DD590F97530013342D02B
S214024CE094F9131001291DDCA26893060DD56C4BAE
S214024CF015071B6801D4187C38B1187F10B91878CC
S214024D00032802D09B69980734D501290AD0644B40
S214024D1011071B6801D41A7C22B11A7F52BB1B787A
S214024D20032B27D10023CDE90433CDE9063311F056
S214024D3059FA022801AB35D1A06AE16A228E03C372
S214024D401A8094F97500BDF80450421C37D011F051
S214024D5091FA002833D1204641F20601FEF728FEDA
S214024D6041F206005DE78368DA0616D4FEF784FD94
S214024D700028B5D04A4B1B68197F022932D1DA7C4B
S214024D8082B393F85E306BBBA3685B0720D52046E0
S214024D90FFF7A4FA41F2022043E7FEF751FD00288E
S214024DA0E4D0E7E70A22022194F9750011F04AFAE4
S214024DB00028C6D1CDE90100ADF80C00C1E72A46AD
S214024DC0204604AB0DF10601FEF77CFA002028E728
S214024DD0204641F20221FEF7EBFD01212046FFF7B5
S214024DE095FED7E72046FEF78BFEA56860B96D07ED
S214024DF005D508212046FFF771FA1A2011E71A2175
S214024E002046FEF7D5FDF8E715F0040508D0FEF7B4
S214024E103BFDC8B1204694F97510FEF755FED5E75E
S214024E202246204920460BF009FD0221204612F0B8
S214024E306FF947F230532A4645F21A0120460BF024
S214024E40E1FCA3685807E2D494F97530591C15D0D2
S214024E5048F2080040EA032080B2FAF73FFA05213A
S214024E6094F9750011F0ABF9032194F9750011F06D
S214024E70A6F9062194F9750011F0A1F9226C2046D4
S214024E80D2F8583143F02003C2F85831FFF79EFD9E
S214024E9000289BD02046044914F042F996E700BF4A
S214024EA03C2600206991030069630200FEF7ECFCD1
S214024EB000285BD0236C002B58D0A268520755D529
S214024EC0D3F85831980651D42B78002BBCD1052143
S214024ED02046FFF703FA79E790F87430D90706D42C
S214024EE0234914F01DF929462046FEF761FDA36802
S214024EF05A077FF56BAF204645F21A0116F05BFAA9
S214024F00204622461B4916F081FAA368022123F0A6
S214024F103C032046A360FCF73DFD57E702461549D1
S214024F2015480BF08BFC51E745F21A0116F043FACE
S214024F30A36823F03E03A360236C2BB193F95E01B2
S214024F40431C01D0FAF740FB22462046094916F0D8
S214024F505DFA22460749084816F058FA204602210A
S214024F60FCF718FD204614F05FF92FE7022058E6FA
S214024F70994B020069910300BC25002045F21703F5
S214024F80994210B5044640D01AD845F20603994213
S214024F9028D019D840F2012321F00201994213D1F8
S214024FA090F870101A4816F006FA94F87330002239
S214024FB0012B4FF4A041204608D1FFF7EDFD03E098
S214024FC045F21A03994204D048200AE000F028F875
S214024FD0FAE7104914F0A4F807212046FEF7E8FC89
S214024FE0002010BD93791A44517C41F49051FEF78B
S214024FF0DFFC94F87310084A084B2046012914BFB8
S2140250001146194614F08CF8EAE70220E9E700BFD9
S214025010402600205D97030021500200994B0200B3
S21402502045F21E0399422DE9F3410446154611D86E
S21402503045F21603994214D845F20103994200F04C
S214025040458345F20203994200F09880B1F5A04FDD
S21402505000F042832A46204602B0BDE8F041FFF740
S2140250608DBFA1F5A043173B072BF3D801A252F838
S21402507023F000BF95500200555002005550020022
S214025080555002008956020055500200375202005F
S21402509011520200A74E33681A7F022A11D1DA7C17
S2140250A07AB193F85E3063B941F20221FEF780FCD2
S2140250B020460121FFF72AFD41F2022002B0BDE898
S2140250C0F081A3685D0701D50220F7E72046FEF7C8
S2140250D0B7FB3368051E1A7818BF0125032A07D0C6
S2140250E019696AB211F0FF1F24D042F0040503E0EA
S2140250F094F87420900725D49A6992071FD41A7FD1
S214025100012A1CD045F0080502210B2013F077FF78
S2140251100246E0B18379062103445D7394F9753043
S2140251202046013302BFA36843F00203A36013F0D4
S21402513038FE0CE094F874108907D6D4DCE75B7C62
S214025140002BE1D041F203212046FEF731FCA36892
S214025150224643F00403A360774920460BF06EFB19
S2140251600221204611F0D4FF47F23053002245F2C6
S2140251701A0120460BF046FB00209FE783685F0774
S21402518003D490F97730002B05DB236C53B1D3F8A8
S2140251905831DE0606D520460921FFF79FF841F270
S2140251A009208BE72046FEF7ABFC28B908212046EB
S2140251B0FFF794F8212081E7206CD0F8583143F0AD
S2140251C01003C0F85831AB790C332B445A68C0F838
S2140251D006201A89428101229B7A0373236C9A71F4
S2140251E0A26812F0040610D12246534920460BF05C
S2140251F025FB0221204611F08BFF47F23053324640
S21402520045F21A0120460BF0FDFAA3689805B3D5BD
S214025210236C002BB0D0D3F85831D906ACD594F90C
S2140252207530013320D094F87430DA071CD5A368A1
S21402523043F00203A360236C002B3FF445AFD3F880
S2140252405831DA067FF540AF9F063FF53DAFFEF7D1
S2140252501BFB20B3A3689E0721D42B78FBB905213C
S2140252602046FFF73BF887E7FEF70EFB94F975102A
S21402527040B14B1C02D1A3689F07DCD42046FEF740
S21402528023FC79E74E1CD6D094F87430D807D2D4D3
S214025290084610F0EFFF0028CDD0052187E794F9E5
S2140252A07530581C33D048F2080040EA032080B21A
S2140252B0FAF714F8052194F9750010F080FF03211F
S2140252C094F9750010F07BFF062194F9750010F032
S2140252D076FF94F8745015F0010518D148F20B03C6
S2140252E094F8750043EA0020F9F7F8FF48F20C0339
S2140252F094F8750043EA0020F9F7F0FFA06C10223C
S2140253002946313015F01CFEA36C83F82050A368A2
S214025310256C23F00203A360D5F85831054F43F0FD
S2140253202003C5F858313B68AA7A1B7A934205D9FE
S21402533006213CE73C2600206991030094F95210AE
S21402534094F852300029B2BF012383F00803C3F356
S214025350C003102A28BF10222B7194F86030204612
S21402536083F00803C3F3C0036B71A2746E7AFEF770
S21402537067FA002836D0F10734D594F97530D4F898
S21402538040805A1C24D088F85E3106F00D063B6831
S2140253909A69900704D41A7F012A01D0310701D4F2
S2140253A006F0F7061A78032A1FD01B6913F0FF1FB0
S2140253B001D046F0040694F874309A071BD573079A
S2140253C019D403212046FEF789FF40F2034075E612
S2140253D02046FAF7D7F988F85E01236C93F95E3116
S2140253E00133D2D106F00C06D1E71B7F002BE2D1A7
S2140253F006F0FB06DFE70721022013F000FE01900D
S2140254000028E2D090F806C03A680CF10C0C13782B
S21402541000EB0C014B70137F012B06D0022B46D1FA
S21402542092F85E30003B18BF01238B701023CE70BB
S21402543016F0010608BF32460B711FBFEB7A2A7BB5
S21402544003F003034B71236C14BF02F003024E7188
S2140254508A7183F851214A7983F8502150F80C203A
S214025460C3F80D208A88A3F811208A79DA7406B365
S214025470206C90F8501111F002061AD194F85210CE
S214025480062281F0080190F95E0104F14C03C1F393
S214025490C00110F0A9FE60B13146FEF7A7FA204619
S2140254A00821FEF71BFF01A816F0B3F88DE70023CC
S2140254B0BBE7019E002E88D0FEF7DEF995F809C0FC
S2140254C078B11CF0010F04D0236C93F95E310133DE
S2140254D007D105212046FEF701FF30460BF03CFBC4
S2140254E068E63B680CF00802597C29B112B12A7CA6
S2140254F0100703D40321EDE7002A75D02A7C110792
S21402550072D5D5F8581141F00401C5F85811B5F80E
S214025510501121F4807121F00101A5F85011187F75
S214025520297A02280BD071B942EA0C0212F0040260
S21402553048D185F85D211B7C002BDBD10DE021B91B
S21402554093F85E209ABB0221C4E7012283F83D202D
S214025550DA7C92BB042385F85D313246062120466A
S21402556013F01FFC95F85D31206C042B52D13B687A
S21402557000F5987003F11D022D3352F8041B9A426F
S21402558040F8041BF9D1D5F8583195F85D2103F09F
S2140255900401002A45D123F00203C5F85831E2740B
S2140255A000294AD05B49204613F0BAFDE4E583F8A9
S2140255B03D10DB7C002BC6D1CCE793F85E30002B87
S2140255C0C8D1C0E7EA791978052A28BF03225248CB
S2140255D001EB810101448A5C85F85D211B7C002B6E
S2140255E0BBD0002AB9D185E71A7F012A02D12A7ACE
S2140255F0002AAFD11CF0040F03D12A7C12F0040259
S21402560097D0EA791978052A28BF0322434801EB86
S2140256108101DFE71022002100F5987015F090FC5A
S214025620B1E743F00203C5F8583141B90123032A12
S214025630E37412D9042A7FF49FAD3949B3E7A37CF9
S2140256400F2B89BF94F87430012343F0080384F8C3
S214025650743088BF0223E374A4E7012A07D02046E9
S214025660304913F05DFD2046FEF71AFA84E520461F
S2140256702C4913F055FD3B68D968481C424242410A
S2140256802046FEF7DDF977E590F87430D90706D4A0
S214025690254913F045FD29462046FEF789F9A368F9
S2140256A05A077FF569AD45F21A01204615F083FECA
S2140256B0224620461D4915F0A9FEA36823F00403DE
S2140256C0A36002212046FCF765F955E50246174914
S2140256D017480BF0B3F84FE545F21A0115F06BFECA
S2140256E0A36823F03E03A360236C2BB193F95E01FB
S2140256F0431C01D0F9F768FF224620460B4915F0F5
S21402570085FE224609490A4815F080FE204613F017
S2140257108BFDD6E755620200E7CB030000CC030000
S21402572035570200C5610200994B020069910300D9
S214025730BC25002073B545F20406B1420446154660
S2140257400DD045F21006B14222D0B1F5A04F38D1A5
S21402575013F045FC236CD3F85831D90720D5236CB7
S214025760D3F85821D2070BD4AA7998330C321544B1
S2140257706A1D153552F8041BAA4243F8041BF9D1D8
S214025780216CD1F8583113F004030CD00F4904E011
S214025790016CA83113F077FC0D49204613F0C0FCCB
S2140257A0002002B070BD81F85C31012301F1B8021D
S2140257B00093204601F1A80301F5987113F0E9FE63
S2140257C0EEE702B0BDE87040FFF7D8BBD55702003F
S2140257D06D580200B1F5A04FF7B5044608D045F261
S2140257E01105A94236D003B0BDE8F040FFF7C6BBAC
S2140257F0006C1021B83013F0CFFC60B108212046AF
S214025800FEF76CFD40F207400021FEF7EFF840F28B
S214025810074003B0F0BD256C95F85D6105F1A80759
S214025820013E022E01979CBFD5F82C0195F85C61CB
S21402583005F154019EBFF04000F0010040F08000E8
S214025840009005F11402204605F1B80313F014FF88
S2140258500020DEE7016CA83113F015FC2046024951
S21402586013F05EFCF4E700BF6D58020045F2100329
S21402587030B59942044685B000F0A6800CD8B1F542
S214025880A04F27D045F20503994228D0204605B0FE
S214025890BDE83040FFF772BB45F21103994200F0B3
S2140258A0B08045F212039942F0D1016C91F85D3155
S2140258B013B1043B012B03D82046B83113F0C7FBC3
S2140258C0236C93F85D31042B40F2DF80052B03D165
S2140258D06F4992E013F083FB002005B030BD91794A
S2140258E0036C0C310A44511DC833153251F8040BAF
S2140258F0914243F8040BF9D1206CD0F8583113F0DA
S214025900040354D090F85D31042B22D1614B1B68FE
S21402591093F85E5065B1002100F114020091114621
S21402592000F5A07001903E33204613F0A5FED3E7A3
S2140259301021B83013F030FC58B108212046FEF78B
S214025940CDFC40F207402946FEF750F840F20740E9
S214025950C3E7216C91F85D3101F1C80213B1043B33
S214025960012B12D801F1F803039301F59873029301
S21402597004F15A03019304F15303009301F1B803AF
S2140259802046D831FEF720FFA6E701F5A073019363
S21402599091F85C01D1F82C31C34003F0010343F0C7
S2140259A080030093134601F154021431BCE780F8D9
S2140259B05C3100F1C802009300F5987100F5A073FF
S2140259C0204613F0E6FD87E7056C102205F19801E4
S2140259D005F5A07015F08AFA20B104212046FEF7DC
S2140259E07DFC79E7D5F858312B499B0742BF94F8DE
S2140259F0743043F0020384F87430204613F090FBB0
S214025A006AE7056C95F85D3105F5A070042B1ED18A
S214025A10204B102219684E3115F068FA0028DCD1A6
S214025A20102105F1B80013F0B7FB216C01F1F80361
S214025A30039301F59873029304F15A03019304F158
S214025A405303009301F1C80201F1B80398E7014637
S214025A50102205F1980015F049FA0028BDD105F18B
S214025A60B801204613F0F3FA216C91F85C31013349
S214025A70DBB2142B81F85C31D8D0D1F8583123F040
S214025A800103C1F858310549B7E70549B5E700BF34
S214025A90A55A02003C260020095D02003557020086
S214025AA05D5B020045F21403994213B504462BD0FF
S214025AB00CD8B1F5A04F13D045F20E03994232D05E
S214025AC0204602B0BDE81040FFF758BA45F2190367
S214025AD09942F5D1137813BB0C21FEF7FFFB10E0B9
S214025AE013F07DFA216C204601F59473019301F1BF
S214025AF0B803009301F1540201F1C803143113F004
S214025B0033FC002002B010BD036CD3F82821114BE1
S214025B10B2FBF3F103FB1121FDF77CFFF1E70E491F
S214025B2013F0FEFAEDE79179036C0C310A44511D2D
S214025B3003F58473153251F8040B914243F8040BB3
S214025B40F9D1226CD2F8583143F00803C2F8583122
S214025B50D7E700BF40420F005D5B0200F0B545F29A
S214025B600E06B142044615468DB00ED045F2130617
S214025B70B1425CD0B1F5A04F40F0BD8013F02FFAD1
S214025B80236CD3F85831190757D5236CD3F858210C
S214025B9012070CD4AA7903F584730C3215446A1DD5
S214025BA0153552F8041BAA4243F8041BF9D1002308
S214025BB0256CCDE90833CDE90A3385F85C3195F8D2
S214025BC05D310DF1200C042B2AD14D4B1B6893F846
S214025BD03D205AB1674603F11D022D333E4610683A
S214025BE05168083203C69A423746F7D105F5A073C4
S214025BF0069304F15A03059304F153030493EB79D5
S214025C0005F1C80203932B7A02936B7ACDE900C39F
S214025C1005F1B803204605F1F80113F019FC0CE073
S214025C20013B022B9CBFD5F82C310893DEE7056CAE
S214025C3095F85C3123B1012B54D000200DB0F0BD95
S214025C40102205F5A07105F5847015F04FF920B104
S214025C500B212046FEF742FBEFE7D5F858310DF14F
S214025C60200C9B0742BF94F8743043F0020384F87A
S214025C707430012385F85C310023CDE90833CDE981
S214025C800A3395F85D31042B25D11D4B1B6893F81A
S214025C905E205AB1674603F13E024E333E46106816
S214025CA05168083203C69A423746F7D105F58C7317
S214025CB0069304F15303059304F15A030493AB7B52
S214025CC005F1B8020393EB7B02932B7CCDE900C36C
S214025CD005F1C8039EE7013B022B9CBFD5F82C3189
S214025CE00893E3E705F58C7113F095F9204605490C
S214025CF013F016FAA1E70DB0BDE8F040FFF73EB983
S214025D003C260020095D0200B1F5A04F73B504469B
S214025D1015467BD045F21B06B14240F0FA8090F859
S214025D207430DB076AD5056CB5F850312BB17B4968
S214025D3013F0F6F9002002B070BDD5F858315E07B0
S214025D404BD56B7AD80748D52B7CD90745D5A36C9B
S214025D5010220B2195F95E01313310F045FA38B165
S214025D6040F21B412046FDF723FE40F21B40E2E7CD
S214025D70A36C206C01220C2190F95E01203310F0F6
S214025D8033FA0028ECD1A36C206C10220D2190F976
S214025D905E01213310F028FA0028E1D10822206C97
S214025DA0114690F95E0104F1100310F01DFA002866
S214025DB0D6D104F14C0010F05AFF236C93F85E2102
S214025DC084F87520FF2283F85E212046544913F09A
S214025DD0A7F92046FDF7C4FDACE705F5987304F174
S214025DE0180205F5A07553F8041BAB4242F8041BD3
S214025DF0F9D1A36843F48073A360E6E7484913F039
S214025E008FF929462046FDF7D3FD93E7036CD3F8B6
S214025E10582112F0040245D05A7AD2078AD51B7C42
S214025E20DB0787D510F0DEF90228206C0ED000F5CD
S214025E309872032190F95E01F9F7E4FA00283FF41C
S214025E4079AF08212046FEF749FA8EE700F59873E7
S214025E501022032190F95E0110F0C6F928B1002144
S214025E6040F21B40FDF7C2FDEBE7206C102200F566
S214025E709873052190F95E0110F0B6F90028EED16C
S214025E80236C04F1180103F5987203F5A07352F817
S214025E90040B9A4241F8040BF9D1A36843F48073C9
S214025EA0A36047E7D3F8B810C3F8D010D3F8BC10F5
S214025EB00192C3F8D410006C01A900F59870FDF7A2
S214025EC0CFFF48B101980CF008FD20460821FEF7E6
S214025ED005FA40F207402EE7206C019A00F5987109
S214025EE0C830FDF76FFE05460198002DEBD10CF089
S214025EF0F4FC236CA07C03F598732946C0F11002CB
S214025F00184415F01DF8216C2046B83113F09FF89E
S214025F1010E702B0BDE87040FFF730B8255F020018
S214025F2021500200B1F5A04F2DE9F3410546144673
S214025F3000F03681A1F5A043DE1F042E00F2378161
S214025F409279083B0C321444026C92F85021032BCF
S214025F5005D8DFE813F047009400C5002201D107F8
S214025F6040F1BC80053410222146934814F0BEFF4F
S214025F70002800F09D8010F035F90228286C27D002
S214025F802246032190F95E01F9F73CFA00260746FD
S214025F9010F028F9022812D195F87330012B0ED191
S214025FA0234605F1180204F1100153F8040B8B4244
S214025FB042F8040BF9D1AB6843F48073AB6010214E
S214025FC0204615F038FE002E6DD0002130462FE018
S214025FD023461022032190F95E0110F005F90027EE
S214025FE00646D5E712F0010778D010F0FBF8022833
S214025FF021D02B6C062093F95E81EFF7C3FB15F0D8
S21402600056FE064608B91A26DFE701466B4840EAFE
S21402601008200CF076FC804630460CF0BBFF30467B
S2140260200AF028FFB8F1000F05D0414640F20740BB
S214026030FDF7DCFC38E0286C04F1050843460A222A
S214026040022190F95E0110F0CFF8D4F8053006462A
S214026050AB62D4F80930EB62B4F80D302B86002818
S214026060B3D12A6C92F8503123EA070382F85031F2
S2140260702846FEF73DFA002002B0BDE8F0819207FE
S2140260802CD510F0AFF8022804F10504286C16D0BF
S2140260900621224690F95E01F9F7B4F91021074667
S2140260A0204615F0C8FDCFB108212846FEF716F99E
S2140260B028460821FEF712F940F20340DCE70621E3
S2140260C02346102290F95E0110F08EF80646102143
S2140260D0204615F0B0FD002E7FF477AF0027C0E70C
S2140260E09307FBD510F07EF802281AD02B6C0620F8
S2140260F093F95E71EFF746FB15F0D9FD06460028C8
S21402610081D001462E4840EA07200CF0FAFB0746EB
S21402611030460CF03FFF30460AF0ACFE0FB139466F
S21402612084E7617989B90A46631D13F8010F60B9DD
S2140261300132062AF9D195F85210286C81F008012E
S21402614005F14C03C1F3C00106E000394FF0060228
S21402615018BF0121286CA31D90F95E0110F044F8C7
S2140261602A6C0646D2F8583143F04003C2F858313A
S2140261706389D4F80600ADF8043063790090002BEA
S2140261800CBF4923722368468DF8063010F06FFD67
S214026190002E7FF41AAF022763E702F0040760E7D7
S2140261A012F01DFF00222B6C83F85C2160E702B020
S2140261B0BDE8F041FEF7E2BE19CC030003800400FE
S2140261C00680040070B545F20406B1420446134642
S2140261D024D045F21806B14206D0B1F5A04F32D10E
S2140261E012F0FDFE002070BD11684D1C03D1012186
S2140261F0FEF774F8F6E7026CD2F85801400743BF80
S214026200002182F85C111B68C2F830112046104942
S21402621048BFC2F82C3112F083FFE3E79979026C8B
S2140262200C310B44591D9832153351F8040B994220
S21402623042F8040BF9D1226CD2F8583143F001032C
S214026240C2F85831CEE7BDE87040FEF797BE00BFF1
S2140262503557020045F215039942F7B5044651D068
S2140262600CD8B1F5A04F19D045F20D0399421BD0B8
S214026270204603B0BDE8F040FEF780BE45F21603A6
S2140262809942F5D1016C01F1D8030093D1F894300C
S21402629001F134021431FEF74BFB01E012F09FFECF
S2140262A00027384603B0F0BD93790C331A44551DC7
S2140262B002F1250632462946FDF7E6FC074620B1DE
S2140262C00B212046FEF70AF8EBE72946236C143327
S2140262D051F8042BB14243F8042BF9D1236C01F197
S2140262E02002343351F8040B914243F8040BF9D1DF
S2140262F0216C204601F1940301F174025431FEF739
S21402630015F8CDE712F0DBFE236C93F85D31052B12
S214026310C6D8DFE803F0190311111E1920460E49EC
S21402632012F0FEFE0D4B20461B68D9684B1C5A42E3
S2140263305A41FDF785FBB3E72046074912F0F0FE07
S2140263402046FDF7ADFBABE70549204612F0E8FE16
S214026350A6E70449F9E700BFC56102003C26002013
S214026360D55702006D580200F8B545F21603994259
S214026370044600F061810BD8B1F5A04F0ED045F26D
S214026380030399420ED02046BDE8F840FEF7F6BD5C
S21402639045F217039942F6D1022002E012F01FFEE0
S2140263A00020F8BD9379056C0C33D618F379DF0715
S2140263B008D4FDF761FA28B105212046FDF78EFFC5
S2140263C02120EEE79E4F327A3B681B7A9A4201D230
S2140263D00621F2E7D6F80530C5F80E30B6F80930D1
S2140263E06B8202236B7394F9523094F85210002B8E
S2140263F0B2BF012381F00803C3F3C0036B7194F8A4
S214026400603083F00803C3F3C0032B71337A102B7A
S21402641028BF1023A374F379D8072BD56B7ADA0733
S21402642028D5737AEA7A134085F85131B37A2A7BF3
S214026430134085F8503195F95E3101331ED0206C39
S21402644090F850319B0719D481F00801062290F982
S2140264505E0104F14C03C1F3C0010FF0C5FE68B142
S21402646040F21B412046FDF7A3FAA3685907A7D5B9
S2140264700821A2E7002385F85131DAE73B68F07974
S214026480597C00F0080229B112B16A7A120703D4C5
S214026490032192E7002A79D06A7A110776D5D5F8D1
S2140264A0581141F00401C5F85811B5F8501121F4FD
S2140264B0807121F00101A5F8501193F81CC0B17942
S2140264C0BCF1020F02D019B3022176E789B101228C
S2140264D083F83D20DA7CB2B9042285F85D21A27CDD
S2140264E00F2A27D994F8742042F0080284F8742000
S2140264F020E093F85E20002AE6D0DA7C83F83D108E
S214026500002AE1D1E8E793F85E20002AE4D1DBE72F
S214026510024312F004023FD072794A49052A28BF84
S2140265200322187802EB82020A44125C85F85D2187
S214026530002AD4D1197C95F85D2109B1002AA7D08A
S214026540206C042A00F598703AD103F11D022D330F
S21402655052F8041B9A4240F8041BF9D1D5F8583178
S21402656095F85D2103F004017ABB23F00203C5F817
S2140265705831E27400295AD0216C204601F1940366
S21402658001F174025431FDF7D1FE09E71A7F012AA0
S21402659005D1B2791AB1042285F85D21CAE742070D
S2140265A003D46A7A12F00402F6D072792649052AD2
S2140265B028BF0322187802EB82020A44125CEBE739
S2140265C01022002114F0BCFCC8E743F00203C5F811
S2140265D0583149B90123013AE374032A3FF6E0AE83
S2140265E0DFE802F010181025A37C0F2B89BF94F861
S2140265F07430012343F0080384F8743088BF022302
S214026600E374B9E72046114912F08AFD2046FDF7E9
S21402661047FAC5E620460D4912F082FD3B68204641
S214026620D9684B1C5A425A41FDF70AFAB8E608499D
S214026630204612F075FDB3E612F041FD0549F7E774
S2140266403C260020E7CB030000CC03004D7002007E
S214026650296F02005966020045F20D039942F7B50A
S214026660044627D00DD8B1F5A04F1DD045F204033D
S214026670994200F08F80204603B0BDE8F040FEF756
S2140266807DBC45F21103994200F0A68045F215033F
S2140266909942F0D1006C90F85D31052B06D8DFE800
S2140266A003F0503A423A555012F099FC0027384609
S2140266B003B0F0BD93790C331A44561D02F125053A
S2140266C02A463146FDF7E0FA074620B10B2120465E
S2140266D0FDF704FEEBE73146236C143351F8042B26
S2140266E0A94243F8042BF9D1236C01F1200234337A
S2140266F051F8040B914243F8040BF9D1216C204661
S21402670001F1D8030093D1F8943001F13402143128
S214026710FEF70EF9CAE720463B4912F001FD204675
S214026720FDF7BEF9C2E72046374912F0F9FC374BAF
S21402673020461B68D9684B1C5A425A41FDF780F91D
S214026740B4E73349204612F0EBFCAFE72F4B1B6849
S21402675093F85E5065B1002100F1140200F5A070B6
S21402676001900091204611463E3312F085FF9DE7C8
S2140267701021C83012F010FD00283DD00821204616
S214026780FDF7ACFD294640F20740FDF72FF940F22F
S21402679007478CE79179036C0C310A44511DA833E4
S2140267A0153251F8040B914243F8040BF9D1256CCB
S2140267B0102205F1A80105F1980014F097FB20B904
S2140267C004212046FDF78AFD70E7D5F8583143F0DC
S2140267D00103C5F8583169E70C4B056C196810229D
S2140267E04E3105F5A07014F081FB0028E8D1102187
S2140267F005F1C80012F0D0FC216C2046C83112F018
S21402680026FC04499EE700BF4D7002003C2600208D
S214026810816E02001968020045F21003F0B5994233
S214026820044685B000F087800CD8B1F5A04F1CD086
S21402683045F2050399421DD0204605B0BDE8F0405A
S214026840FEF79CBB45F21103994200F08D8045F29B
S21402685012039942F0D1036C93F85D31042B40F297
S214026860B380052B03D159497BE012F0B8FB002018
S21402687005B0F0BD9179036C0C310A44511DB83352
S214026880153251F8040B914243F8040BF9D1256CEA
S214026890102205F1C80705F1B8063146384614F04D
S2140268A025FB20B904212046FDF718FDDFE7D5F8C1
S2140268B0583113F0040332D095F85D31042B13D10E
S2140268C005F1F803039305F59873029304F1530355
S2140268D0019304F15A0300933A463346204605F1E3
S2140268E0D801FDF771FFC2E705F5A07005F11401A6
S2140268F005F1540201900BB1052B06D1002300933B
S2140269002046334612F0B8FEB1E795F85C01D5F89A
S2140269102C31C34003F0010343F08003EFE785F810
S2140269205C3132460093204605F5A07305F5987152
S21402693012F02FFE9BE7056C102205F1A80105F563
S214026940A07014F0D3FA0028ACD1D5F858312049FB
S2140269509B0742BF94F8743043F0020384F8743005
S214026960204612F0DDFB82E7056C102205F1A80135
S21402697005F5A07014F0BAFA002893D195F85D31A7
S214026980013B022B0FD895F85C310133DBB2142B96
S21402699085F85C3107D0D5F858310E4923F001034B
S2140269A0C5F85831DCE705F1F803039305F598734B
S2140269B0029304F15303019304F15A03009305F181
S2140269C0C80205F1B80389E70349CAE7DD69020090
S2140269D0396C0200296F02005D6A020073B545F247
S2140269E01406B14204461AD045F21906B14221D025
S2140269F0B1F5A04F28D112F0F2FA216C204601F52B
S214026A009473019301F1B803009301F1140201F1AA
S214026A10C803543112F0A8FC002002B070BD036C0B
S214026A20D3F828210B4BB2FBF3F103FB1121FCF741
S214026A30F1FFF1E713781BB90C21FDF74FFCEBE7EA
S214026A40054912F06DFBE7E702B0BDE87040FEF7BD
S214026A5095BA00BF40420F005D6A0200F0B5B1F57C
S214026A60A04F05468DB008D045F21304A14244D08B
S214026A700DB0BDE8F040FEF781BA0023046CCDE904
S214026A800833CDE90A3394F85D310DF1200C042B5E
S214026A902CD11F4B1B6893F85E205AB1674603F150
S214026AA03E024E333E4610685168083203C69A428A
S214026AB03746F7D104F58473069305F1530305931D
S214026AC005F15A030493E37928460393237A04F1E3
S214026AD0C8020293637A04F1F801CDE900C304F117
S214026AE0B80312F0B5FC00200DB0F0BD013B022B3E
S214026AF09CBFD4F82C310893DCE7016C01F5847155
S214026B0012F089FA2846034912F00AFBEBE700BFA7
S214026B103C260020196B0200F0B545F20E06B14283
S214026B20044613468DB00BD045F21303994260D04B
S214026B30B1F5A04F77D112F052FA00200DB0F0BD99
S214026B409979026C0C310B44591D02F58C7215337F
S214026B5051F8040B994242F8040BF9D1256C102225
S214026B6005F58C7105F5847014F0C0F920B90B2177
S214026B702046FDF7B3FBE0E70023CDE90833CDE975
S214026B800A3395F85D310DF1200C042B2AD1284BDF
S214026B901B6893F83D205AB1674603F11D022D3358
S214026BA03E4610685168083203C69A423746F7D105
S214026BB005F5A073069304F15A03059304F15303F3
S214026BC00493AB7B20460393EB7B05F1B80202935A
S214026BD02B7C05F1F801CDE900C305F1C80312F0DC
S214026BE037FCAAE7013B022B9CBFD5F82C31089351
S214026BF0DEE7056C102205F5A07105F58C7014F021
S214026C0075F90028B3D1D5F8583120469B0748BFFE
S214026C1094F87430074944BF43F0020384F8743092
S214026C2012F07EFA89E70DB0BDE8F040FEF7A6B98D
S214026C303C260020396C020070B5B1F5A04F044620
S214026C40154688B07BD045F21B06B14240F00E8155
S214026C5090F87430DB076AD5056CB5F850312BB165
S214026C60854912F05DFA002008B070BDD5F858319B
S214026C705E074BD56B7AD80748D52B7CD90745D506
S214026C80A36C10220B2195F95E0131330FF0ACFA9A
S214026C9038B140F21B412046FCF78AFE40F21B4008
S214026CA0E2E7A36C206C01220C2190F95E012033EE
S214026CB00FF09AFA0028ECD1A36C206C10220D215A
S214026CC090F95E0121330FF08FFA0028E1D10822F5
S214026CD0206C114690F95E0104F110030FF084FA5D
S214026CE00028D6D104F14C000FF0C1FF236C93F8B4
S214026CF05E2184F87520FF2283F85E2120465F49D4
S214026D0012F00EFA2046FCF72BFEACE705F5987358
S214026D1004F1180205F5A07553F8041BAB4242F8BD
S214026D20041BF9D1A36843F48073A360E6E75349D2
S214026D3012F0F6F929462046FCF73AFE93E7036C72
S214026D40D3F8582112F0040255D00022CDE90122D0
S214026D50ADF80C205A7AD2073FD51B7CDB073CD510
S214026D600FF040FA0228206C0CD000F5987203212E
S214026D7090F95E01F8F746FB78B308212046FDF746
S214026D80ADFA8BE700F598731022032190F95E01A5
S214026D900FF02AFA28B1002140F21B40FCF726FE2B
S214026DA0EBE7206C102200F59873052190F95E013E
S214026DB00FF01AFA0028EED1236C04F1180103F53D
S214026DC0987203F5A07352F8040B9A4241F8040B2A
S214026DD0F9D1A36843F48073A3600023BDF80420AE
S214026DE0CDE90433CDE906330DF1060104AB2046A6
S214026DF0FCF768FA37E7D3F8B810C3F8D010D3F820
S214026E00BC100092C3F8D410006C694600F5987066
S214026E10FDF726F848B100980BF05FFD20460821E2
S214026E20FDF75CFA40F207401EE7206C009A00F578
S214026E309871C830FCF7C6FE05460028EBD10098CC
S214026E400BF04BFD236CA07C03F59873C0F1100287
S214026E502946184414F074F82A46CDE90155CDE9BE
S214026E600455CDE9065504AB01A9C0E708B0BDE854
S214026E707040FEF783B800BF59970300994B020093
S214026E80B1F5A04F70B50446154607D045F2040684
S214026E90B1420CD0BDE87040FEF770B812F09FF811
S214026EA0236CD3F85831D90701D4002070BD236C67
S214026EB0D3F85821D20718D4AA79A8330C3215442D
S214026EC06A1D153552F8041BAA4243F8041BF9D171
S214026ED0206C102200F1A801983014F007F820B9AF
S214026EE004212046FDF7FAF9DFE7206C1021C830AE
S214026EF012F052F958B108212046FDF7EFF940F298
S214026F0007400021FCF772FD40F20740CEE7216CF5
S214026F102046C83112F09BF82046024912F000F9CA
S214026F20C3E700BF19680200B1F5A04F13B50446C7
S214026F300ED0A1F5A043103B012B45D8016C983129
S214026F4012F0A1F82046234912F0EAF8002017E0D2
S214026F50016CD1F8583101F1C80213F0040328D0AD
S214026F601021104612F018F960B108212046FDF7EC
S214026F70B5F940F207400021FCF738FD40F2074021
S214026F8002B010BD216C204601F19803019391F8DE
S214026F905C21D1F82C31D34003F0010343F0800387
S214026FA0009301F1140201F1C803543112F064FB9C
S214026FB0CCE781F85C310123009301F1980301F5D7
S214026FC0987112F0E6FAC1E702B0BDE81040FDF78C
S214026FD0D5BF00BFD96F0200B1F5A04F70B51346FA
S214026FE0044607D045F20406B14207D0BDE8704019
S214026FF0FDF7C4BF11F0F3FF002070BD9979026C53
S2140270000C310B44591DA832153351F8040B994222
S21402701042F8040BF9D1256C102205F1A80105F1FE
S214027020980013F063FF20B904212046FDF756F9B5
S214027030E2E7204605F1C80112F009F820460249A7
S21402704012F06EF8D8E700BF19680200B1F5A04F3B
S21402705070B50346144607D045F21806B14207D06B
S214027060BDE87040FDF78ABF11F0B9FF002070BD81
S2140270701268551C03D10121FDF730F9F6E7016CC1
S214027080D1F85801400743BF002281F85C212268EC
S214027090C1F8302148BFC1F82C211846014912F028
S2140270A03FF8E3E7296F0200184640F20A4322F04F
S2140270B000429A422DE9F04120D8B2F5806F01D8FD
S2140270C000203EE06FF480642244092AF8D801A327
S2140270D053F822F01B71020027710200477102006A
S2140270E09571020069710200B1710200D37102004B
S2140270F0DB710200C1700200F37102006FF4A0613E
S2140271005318042BDCD8A2F20252032A79D8DFE8FD
S21402711012F08A009200B700CB00057844886448D3
S2140271200FF081FF3EE005784468826900F10803AB
S214027130002160480FF088FF10B10571C0F80540C5
S2140271400120BDE8F081067845880479826900F15D
S2140271500803002158480FF077FF0028F0D0067188
S214027160A0F80550C471EBE704790778A4F11B0375
S214027170594259414688C58800F1080289004F489D
S2140271800FF087FF0028DBD00771A0F80560C471F6
S2140271900581D5E7057844884269031D00214848E1
S2140271A00FF052FF0028CBD00571A0F80540C7E7C4
S2140271B006784588848800F10802002141480FF0CD
S2140271C068FF0028BCD00671A0F80550A0F807405A
S2140271D0B6E7057844683C48A2E704783A480FF0D8
S2140271E022FF0028ACD00723437100230471837169
S2140271F0A6E7047835480FF016FF0028A0D00471E1
S2140272009EE7077846880579C48800F108020021BF
S2140272102F480FF03EFF002892D00771A0F80560B5
S214027220C57104818CE7077846880579C4882948A1
S2140272300FF0F9FEEFE787684588047906787FB194
S214027240C78800F10802002123480FF022FF002819
S2140272503FF476AF0671A0F80550C47107816FE758
S2140272603B463A4639461C480FF0EEFE00283FF4ED
S21402727067AF0671A0F80550C471077247725FE7E0
S21402728090F8008047880679C588048913480FF06D
S214027290CAFE00283FF454AF80F80480A0F80570B8
S2140272A0C671058144814BE7057844680C4837E788
S2140272B0BCCC0300B8CC0300B4CC0300ACCC0300B7
S2140272C0B0CC0300A8CC0300A4CC03008CCC0300F3
S2140272D0A0CC03009CCC030098CC030094CC030003
S2140272E090CC030000487047A970020030B50446EF
S2140272F085B00846039112F08EFB830708D410F07F
S214027300010003D003A814F084F9012005B030BDB3
S21402731003998B7903F10C0288188A5C013A1C2ABD
S21402732000F2E880DFE802F00FE689E68CE695E6F2
S2140273309CE6A4E6ACE6B3E6BAE6C2E6E6E6C4E651
S214027340D2E6D4E6DD0003790BB103F58853427822
S214027350023A162AD6D801A151F822F0B9730200D1
S21402736005730200C373020005730200CF730200A6
S21402737005730200DB73020005730200E773020066
S21402738005730200FF73020005730200F373020026
S214027390057302000B7402000573020017740200E4
S2140273A005730200057302000573020021740200D1
S2140273B0057302003174020017212046FBF7D0FE47
S2140273C0A0E700222046114611F0B3F89AE71A46C3
S2140273D00021204611F05AF994E700222046114671
S2140273E011F0C5FA8EE700222046114611F0ADF9DB
S2140273F088E71A460021204611F09AFA82E71A46D2
S2140274000021204611F077FA7CE70022204611463A
S21402741011F0A0FB76E71946204611F004FC71E74E
S2140274200093002320461A46194611F006FC69E727
S2140274301946204611F053FC64E7B0F80110BCE789
S21402744002338B710A4600234178204611F071F808
S2140274505BE70133002220468B7111F017F954E7DF
S21402746002338B7142780023204611F080FA4CE7F3
S21402747001338B71002320461A4611F066F944E761
S2140274800133002220468B7111F035FA3DE70133B5
S214027490002220468B7111F04BFA36E702338B71CD
S2140274A042780023204611F055FB2EE70021B3E771
S2140274B005338B710023B0F80320B0F80100009367
S2140274C00B460146204611F0B8FB1EE70021B0E746
S2140274D003338B710A46B0F80110204611F01EFCE9
S2140274E013E703338B710A46B0F80110204611F0F9
S2140274F01EFC0AE7002009E72DE9F04F144687B084
S2140275009B46C36B06460D465B69012202A960686C
S2140275109847F36B012203A95B692846984702A89D
S21402752012F083FE074648B10023A37563754FF039
S214027530FF33A360002007B0BDE8F08F03A812F067
S21402754081FE0123A375237E04EBC303DD611F8442
S2140275506368AB420ED1206003A812F095FE4FF08E
S214027560FF332075A360237D043B022B25D800231E
S214027570A375DFE723681A1A03A853425341A3757B
S21402758012F082FE237D834203A818BFA77512F06D
S2140275905DFE074602A812F059FE874203A81CBFEA
S2140275A00023A37512F05AFE074602A812F056FEF2
S2140275B087421CBF0023A375D5E703A812F046FE38
S2140275C080B1F36B022204A928465B69984704A897
S2140275D012F04BFE0346207D032839D8DFE800F080
S2140275E03838040903A8F3E7237ECC2204EBC3034E
S2140275F01A8401F0C9FA109B187003A8277E12F0AD
S21402760019FE04EBC70787F8220003A8237E04EBC3
S214027610C303B3F8209093F8227012F017FE804648
S21402762003A812F01BFE8246B8F1000F15D0F36BCA
S214027630022204A928465B69984704A812F0DAFDDC
S2140276406075637D6BB90023A3754FF0000838E0C0
S214027650227E04EBC2021384CBE703A812F0B5FD28
S214027660EEE794F81680B8F1000FEED0B9F1000FED
S21402767009D1DFB10123627EE375002A44D19F421D
S21402768018D1677614E0736C05EB0A02594285EA54
S214027690020008421CBF0021A175591E0A409B1A0F
S2140276A09945D0D8A37D002BE3D1CEE7E37D43B93D
S2140276B04FF000084B4652462946304612F031FB40
S2140276C0A060A27D12B123694B4423611349237E35
S2140276D0097899421ED901332376BBF1000F1BD0DD
S2140276E0D2B1E37DC3B1B8F1000F15D1032F13D089
S2140276F0A1684B1C10D0109B2246304600930123F3
S214027700FFF7FAFEA07507E0012FDAD0032F08BFB5
S214027710A376CDE70023A375A07D0CE790C50300F2
S2140277202DE9F04F0E468BB09846002304464FF0E4
S214027730FF31104617468DF8133001F00FFAB6F5F2
S214027740801F3BD3B21C53D1E56A6B1C57D1616ACA
S214027750204612F02CFA0546B31CDFF8189118BF23
S21402776001230193636A05A9626C4FF0000B029332
S214027770236802FB053AE36B05225B69504698478D
S21402778005A812F00BFE12F02EFE504612F036FE40
S214027790824601464B1C05D0636C81EA0A025B42B4
S2140277A0134232D02946204612F001FA029BAB421F
S2140277B04DD0BBF1000F4DD10546D3E7314605AAA1
S2140277C004F1080012F0E7FC0146481C10D03846C7
S2140277D001F0C4F90DF1130301223946204612F0D6
S2140277E01CFB28B19DF8133088F80030002003E017
S2140277F0237C002BA8D11D480BB0BDE8F08F236870
S214027800ED1A636CB5FBF3F5A6E7484601F0A6F958
S2140278100DF11303019A4946204612F0FEFA03467A
S21402782090B1B21C03D0D9F80020B2420CD19DF818
S21402783013204946039338460D4B88F800201A68F1
S21402784013F089FB039B9B46D9F80810A2E7BBF10D
S214027850000FD0D0B6F5801FC8D298F80030314657
S2140278607A6804F1080001F0BDF8BFE70BE000F00B
S2140278708CC50300E01C00202DE9F3410E460446A9
S21402788017469846816A194DE36A8B422AD04B1CEA
S21402789018E0284601F062F90DF107030122294695
S2140278A0204612F0BAFA30B143469DF80720294620
S2140278B02046B847B0B1A9684A1C05D0012E0AD0A6
S2140278C0E36A9942E5D10DE06968204612F0FCF9B8
S2140278D0012E0146D8D16B6881EA0302636C5B42D3
S2140278E01A42D1D002B0BDE8F08100BFB41C00201D
S2140278F02DE9F041036B9046826B90B007680E4606
S2140279009A42426C01A9044688BF8363436A02FB1B
S2140279100377C36B05225B693846984701A812F0C5
S2140279203DFD01280146307056D0656C06A9E26B13
S2140279302368606AD2F814C0052205FB00300025D1
S214027940E04706A812F02AFD012823D001218DF86F
S21402795034800E958DF83C10D4E90A32CDE90B45F9
S21402796093422AD11946204612F0AEF9236B626C76
S2140279701433E0629B1A23630C9B53B99DF83C3088
S2140279803BB1626A616C2368E06B01FB023112F064
S214027990BDFC0C9DE36B052201A938465B6998473E
S2140279A001A812F0FBFC3070236B2846A26B9A42A9
S2140279B088BFA36310B0BDE8F081237C33B90BAA5D
S2140279C01C4904F1080001F05DF8D5E70BAB1A4A32
S2140279D02046FFF751FFCFE7237C23BB22461749F9
S2140279E004F1080001F04EF8616A204612F000F930
S2140279F0616A421C204612F0C9F8054620B9236B7C
S214027A00626C1344143B2363A16A204612F05CF9AD
S214027A102368A062C01A636CB0FBF3F06062204673
S214027A2012F096F9B6E70023054A2046FFF724FF30
S214027A30DAE700BF25820200A1810200A39E0300AE
S214027A403F9E030073B50D46D11E1C461B7E4A425E
S214027A504A419A4226D129682368994222D363680A
S214027A6099421FD8114E0DF107033246FFF758FE12
S214027A70C0B972686B689A4214D19DF80730DA1E54
S214027A8053425341227E93420CD1636901336361B0
S214027A90D4E90323934205D22968A26842F8231048
S214027AA001332361012002B070BD00BF0C1D00200F
S214027AB02DE9F04F8BB09A46DFF854B180469DF818
S214027AC050300D4616460293DBF810305345C0F090
S214027AD09880DBF80430D1460193B9F1000F00F02C
S214027AE08C80D8F83C30012207A901985B69984738
S214027AF007A812F0A7FBDBF80030984240F084801B
S214027B0007A812F0ABFB0428074614D107A812F008
S214027B10ACFB019B029A04463B44002A3ED18642B5
S214027B2012D9361A14460199404612F0CDF8A9EB3E
S214027B3004090190D1E7D8F83C30022208A901983E
S214027B405B69984708A8E2E7841B9F19544528BF3B
S214027B505446032CAAEB040A4FEA94021CD9D8F81E
S214027B603C302946384604F003065B69984724F001
S214027B7003031F441D44002ED5D0D8F83C30012202
S214027B8008A938465B6998473246284608A935440C
S214027B9013F0E1F90026C6E72646ECE700F00302FA
S214027BA00344074603922A1805930492049BDD1B9E
S214027BB0059BD81B039B9F420FD1002FB3D0D8F84A
S214027BC03C30012208A95B6998473A4608A928462C
S214027BD013F08CF978B93D44A5E7D8F83C30012279
S214027BE008A95B699847042208A9284613F07EF97B
S214027BF008B9043FDAE7DFF81C9048460BB0BDE848
S214027C00F08FDFF81490F8E7DFF81090F5E700BF82
S214027C10381D002012E000F011E000F022E000F033
S214027C202DE9F0410F4688B016469846044660B3E2
S214027C3090F83450FDB1012111F07EFF0E9B002119
S214027C40CDF804800496CDE902379DF83C308DF8D5
S214027C501C30237CCDE905118BB901AA0C4904F12D
S214027C60080000F00FFFE06BDDE90553002E08BFA9
S214027C701D4612F024F9284608B0BDE8F08101AB93
S214027C80044A2046FFF7F8FDEDE70546F3E700BF96
S214027C906D9E0300457A02002DE9F04F99B00F461B
S214027CA0044609920A69416C0E93D31D1439B3FB3C
S214027CB0F1F3013302EBC302036B9342C0F00F826F
S214027CC00023DFF824940D93E36A48461946079387
S214027CD000F044FFD7E9033604930E9B022B4ED1E5
S214027CE0CC2E40F08C81099B002B42D03946204690
S214027CF012F043F9656C079A6B1E14901340ED1A46
S214027D00E36B012216A978685B69984716A812F0F9
S214027D109DFA00280CBF04230823782E06933FD929
S214027D20012300254FF0080A05933B6805990E9833
S214027D30C9F80030C9F8106012F0AAFA4FEA9A039E
S214027D40DDF81CB089F81400109300230B930F93F0
S214027D5008930C93616C4A1E0BEA02028B1A002EE1
S214027D603AD05544AB4242D8236B5B1A1344236382
S214027D70ADE0049B1B68149308230693D0E7656C5A
S214027D80782E079A05F1FF3303EA0203A5EB0305F3
S214027D9016D8FB7D7BB9099B002BB1D10423069331
S214027DA0331DAB4210D9A6B1082DB9D8042500233D
S214027DB0AA460593B9E7099B002BA1D10823EEE753
S214027DC0099B002B9CD1D7E7002505954FF0040AA6
S214027DD0ABE704250596F9E75345C5D30BEB0A0333
S214027DE0B0460393089B002B18BF032313E0A3EBB4
S214027DF00A03B0460BEB0A029E42039228BF98463D
S214027E009E42EFD9D9F810200123964289F81730FE
S214027E1071D1C9F804B0089399F81730002B6CD0CA
S214027E2099F818200899D31C013209EBC30389F884
S214027E301820C3F804B0A3F808809972B8F1000FAE
S214027E4014D00E9B022B5BD10B9B7BB90F9B43443A
S214027E50032B0BD9E36B012214A903989B6998475D
S214027E600546002840F03D8101230B93089B16A887
S214027E700193059B0093434699F81420396800F055
S214027E8023FEE36B109A16A99B6958469847051E6F
S214027E900D9B18BF5B4652460D93594643462046F5
S214027EA011F03FFF236B08F10302C9F80800A3EBA9
S214027EB00A0322F003029B1A2363002D40F011816D
S214027EC00F9BA6EB0806DDF80CB043440F93594609
S214027ED0204611F0F9FE00258346002E7FF43AAFC5
S214027EE0814A04F10800396893685268E3620E9B7F
S214027EF000F078FDDEE002238DE7C9F804B09DE7C6
S214027F00099B002B30D1049BB8F1030F43440A931C
S214027F1027D9E36B4FEA98029B69DDE9030198478C
S214027F200546002865D118F003025FD028F0030545
S214027F30049B2B440493039B1D444FF0FF33049988
S214027F4015A8159313F007F8E36B2846012215A926
S214027F509B6998470A9B05460493002D86D0039B8F
S214027F6099E7039D4246E8E7039B0A9307F120033D
S214027F701193FB7D78689BB13D7E00230C9AD9B2A3
S214027F808D4211D9119903F1010C31F83310914247
S214027F9026D907EBC3030699D8690A44104403E0BE
S214027FA00C9B069A13441844E36B012215A95B69DD
S214027FB09847159B012213A913930C9B0A98043326
S214027FC00C93E36B9B699847039B0A9A05464344C6
S214027FD09B1A042B07D978B9134604330A93C8E7C9
S214027FE0521A6346CBE70A9B0393B6E70A9B0493AF
S214027FF03CE70A9B0493B2E70A9B0393AFE73B4E28
S21402800004F1080303932368079A606CA2EB030A41
S214028010BAFBF0FA00FB0A3012F0F0F9E16A804689
S214028020204611F051FEA26A82424AD0626CD9F80A
S2140280300830511E2568E0620B40216B891A0B44FA
S21402804023630D9B5D1BB5FBF2F5AA4536D1079B54
S214028050B3EB080A12D0E36B4FEA9A0241469B69D9
S2140280609847E36A079A834653440398DA46E362DC
S214028070236B9B1A4344236312F05EF82368616CF9
S214028080E06B01FB053112F02EF9204611F05FFD80
S214028090204611F05DFE2063BAF1000F11D03A6956
S2140280A0616CD31D1439B3FBF1F3013302EBC30247
S2140280B09042A8D2304619B0BDE8F08F4FF0000AC1
S2140280C0DCE73A69616CD31D1439B3FBF1F3013373
S2140280D002EBC302236B9342BFF4F6ADEAE7044E0B
S2140280E0E8E72E468CE700BFE01C002023E000F005
S2140280F006E000F02DE9F3471E464369044688462B
S214028100B34217469DF828903DD300258DF80750B8
S214028110D4F830A0204611F0E6FC82450AD2236A43
S214028120B5EB430F06D200220DF107012046FFF7FA
S214028130DFFB30B39DF80730012B05D100220DF18D
S21402814007012046FFF7D4FBB9F1030F06D0256BD3
S2140281503146204611F0B2FC854218D30D4D4FF041
S214028160FF31284600F0FAFC4B46002229462046FC
S214028170C5F80080C5E9037602B0BDE8F047FFF710
S2140281808BBD0135C4E7044802B0BDE8F08703485A
S214028190FAE700BF0C1D00200FE000F006E000F03A
S2140281A0032A2DE9F34106460D4617461C4606D11C
S2140281B0237A012B23D0012002B0BDE8F081DFF83C
S2140281C060800DF1070309684246FFF7A9FA60606E
S2140281D00028EDD19DF80720237A032AE8D0D8F8A4
S2140281E004106A689142E3D1012B2969D4F80CC0C5
S2140281F007D10CEB01037269934202D92074207CEA
S214028200DAE708313B46012230466144E1602946FE
S214028210FFF742FD60600028CAD00020CCE700BF0E
S2140282200C1D00202DE9F341089C032A17462668F8
S21402823006D1237A012B24D0012002B0BDE8F081BA
S214028240DFF890800DF1070330464246FFF768FAE2
S21402825060600028EDD12568D8F80400A96AD5F830
S21402826044C04840227ACCF100031840E1D1012AEA
S21402827009D1E268D8F8103013447269934202D9E1
S2140282802074207CD9E72868EB6A1B1A081AB3FB0D
S214028290FCF3B0FBFCF083420BD1706CF36A421E17
S2140282A01340326B121A28461344336311F00CFD46
S2140282B0E862D8F81020E3680832064920681344BA
S2140282C00122E3603B46FFF7E7FC60600028B0D07F
S2140282D00020B2E70C1D00202DE9F04F4FF0FF33CF
S2140282E04FF6FF72002500F10806044687B0C36207
S2140282F00F4605620563C0E90923304611F01CFFEC
S214028300204611F024FC28BB2046394611F09FFC7B
S214028310204611F01CFC28BB8A4D204611F04BFD6E
S214028320ECE0E26B01A92368606CD2F814C0052267
S21402833000FB0530E04701A812F030F8012828D1EA
S2140283402946204611F054FC421C2946204611F0CC
S2140283501DFC0135E3699D42E3D3204611F0F7FB8D
S2140283600028D1D000254FF0FF394FF6FF73CA46DA
S214028370A846C4E90853E369984514D3A5EB090552
S214028380012D37D8636A4FF6FF72934247D16E4D7E
S214028390C3E712F02DF80028DBD02946204611F05C
S2140283A027FC0246D1E7236801A9E26B606C576995
S2140283B0052200FB0830B84701A811F0EFFF8346FC
S2140283C001A811F0C2FF0746584612F00CF870B129
S2140283D05745236ABA4638BFC4F82480B94503F124
S2140283E0010328BFB946BD42236238BF3D4608F1A5
S2140283F00108C0E74FF6FF7300256362E3699D42FA
S214028400C0D2676C0522206801A9E36B07FB050052
S21402841001355B69984701A811F097FFEEE7E26B1A
S21402842001A9676C20685569052207FB0300A84767
S21402843001A811F08AFF626A2368606C434D00FB54
S214028440023011F0DBFF4FF0FF33A0622A46E362F0
S2140284506FF001010DF103032046FFF761F90028D2
S21402846050D1AD6829462046E56211F04CFB2063E8
S21402847020B9E16A204611F027FCE0622946204630
S21402848011F022FC0546A36A9D423DD1656920464D
S214028490626CE91C143AB1FBF2F105EBC105033537
S2140284A0B5FBF2F5023511F086FC8046A8423DD2B5
S2140284B0616A204611F07BFB0027064604F1400A5B
S2140284C0474512D3626C01A9236802FB0639E36BA7
S2140284D005225B694846984701A811F036FF5346C5
S2140284E002464946E06B11F08BFF013731462046C3
S2140284F011F05DFBAF420646E2D3154D284607B0A3
S214028500BDE8F08FA56AADE72946204611F0FBFAD2
S214028510236B0746294603442046236311F0D4FB07
S2140285200546002FAFD1C4E90B07ACE7304600255D
S21402853011F002FE0023074A20461946FFF79CF96F
S214028540EBE600BF03E000F016E000F00C1D002092
S21402855013E000F0099E0300634A00232DE9F04170
S21402856017680E460446136018B9604D2846BDE8E3
S214028570F08190F834500DB309680268914240F0D9
S214028580AA8071684268914240F0A580B16882680C
S214028590914240F0A080F168C268914240F09B8010
S2140285A031694269914240F09680B169C26B91424C
S2140285B040F0918072691D468261D7E750222946B3
S2140285C0D0F8388012F0BCFC336804F10800C4F816
S2140285D03880236073686360336963617369D6E9C0
S2140285E00212A36111F0BAFDB36904F14000E3631D
S2140285F09B68984794F8432020B1E561002AB4D0DE
S2140286003B4DB3E7656C002DF7D06668B6FBF5F315
S214028610E361002AA9D0B542F2D82268B2FBF5F18E
S21402862005FB1122002A58D105FB1363002B54D1F7
S214028630204611F058FAA369043303449E424ED3EF
S214028640636940F63472CC3B93424AD8B5F5007F54
S214028650D6D30321204611F06FFAE36BD4E900016A
S2140286601B689847E36B05460220DB6898471DB1F6
S214028670002384F834301EE039462046FFF72CFEED
S2140286801C4B0546984204D139462046FFF724FE85
S2140286900546636C143B002DEAD1226A204602FB93
S2140286A003F611F020FAA369043303449E4206D26D
S2140286B084F83450104DE06B11F001FC56E70F4A77
S2140286C0012384F8343013680133D4E900011360BF
S2140286D008F0D7FDEFE70A4D48E70A4D46E7064D94
S2140286E044E7094D42E700BF4826002009E000F0B3
S2140286F004E000F013E000F002E000F04426002060
S21402870008E000F001E000F005E000F02DE9FF418E
S2140287100F4690461E46054698B390F8343093B3FB
S214028720B1F5801F31D21A4C022111F005FA0DF173
S2140287300F03224639462846FEF7F2FF024678B174
S214028740012342463946284600933346FFF7D2FCB9
S2140287500446E86B11F0B3FB204604B0BDE8F08196
S2140287609DF80F30012BEBD12169B142E8D100937D
S214028770414633462846FFF79BF904460028DFD1D8
S214028780E7E7044CE8E7044CE6E7044CE4E700BFFE
S214028790381D002009E000F007E000F00AE000F0D3
S2140287A02DE9FF410C4616461F46054688B390F84B
S2140287B0343083B3B1F5801F2FD2DFF87C800121DD
S2140287C011F0BAF921460DF10F0342462846FEF78C
S2140287D0A7FF044670B99DF80F30012B11D1D8F8C7
S2140287E01030BB4213D10246009031462846FFF7AE
S2140287F05FF90446E86B11F062FB204604B0BDE860
S214028800F081074C074A022B08BF1446F2E7064CD3
S214028810F0E7064CF1E7064CEFE7064CEDE700BF43
S2140288200BE000F00CE000F011E000F009E000F0D0
S21402883007E000F00AE000F0381D00202DE9F043C2
S21402884085B00C4617461E46DDF830800546A0B3B6
S21402885090F834309BB3B1F5801F32D2DFF88090A7
S214028860012111F069F921460DF10F034A46284607
S214028870FEF756FF044688B99DF80F30012B14D137
S21402888006EB0803D9F810209A4214D30090434608
S214028890324639462846FFF70BF90446E86B11F0D4
S2140288A00EFB204605B0BDE8F083074C074A022BB4
S2140288B008BF1446F2E7064CF0E7064CF1E7064C12
S2140288C0EFE7064CEDE700BF0BE000F00CE000F02F
S2140288D011E000F009E000F007E000F00AE000F026
S2140288E0381D00202DE9F3411F4600230C4616468C
S2140288F005463B6050B390F834304BB3B1F5801F59
S21402890028D2DFF86480012111F016F921460DF114
S214028910070342462846FEF703FF0446A0B99DF821
S2140289200730032B10D0022B0AD101233360042315
S2140289303B60E86B11F0C3FA204602B0BDE8F08156
S214028940D8F810303060F3E7034CF2E7034CF3E755
S214028950034CF1E7034CEFE70BE000F009E000F010
S21402896007E000F00AE000F0381D002030B50C46A3
S21402897085B0054628B390F8343023B3B1F5801F8E
S21402898023D2022111F0D8F80DF10F03104A214626
S2140289902846FEF7C5FE034688B99DF80F20032A2F
S2140289A00DD003222146009202462846FFF7A2FB7C
S2140289B00446E86B11F083FA204605B030BD054C3C
S2140289C0F7E7054CF8E7054CF6E7054CF4E700BF79
S2140289D0381D00200BE000F009E000F007E000F090
S2140289E00AE000F02DE9F0414668002E46D0056800
S2140289F04FF0000CA846AE4655F83C400CF1010C70
S214028A00C4F31307013401D0B94218D0B4450EF1AD
S214028A10080EF1D12F46002403E0B44207F10807FE
S214028A2013D055F834C00134BCF1FF3FF5D1C1F381
S214028A3013017A6041EA03513960BDE8F08141EAE8
S214028A400353CEE90032BDE8F081032B16D0002492
S214028A5003E0B44208F1080810D055F83470013427
S214028A60C7F30757032FF4D1C1F31301C8F8042044
S214028A7041EA0353C8F80030BDE8F08101230372CF
S214028A80BDE8F0812DE9F043476883B0C7B10646DA
S214028A908846914600243368304653F8345003EB38
S214028AA0C4030134C5F30752C5F31301013505D0DB
S214028AB05B68CDF80090C04710B17768BC42EAD335
S214028AC003B0BDE8F08300BF73B5012A044622480E
S214028AD09DF8185000EAC11123F07C4007D9961E73
S214028AE0012E28D9073303F07F03194308E09DF8C7
S214028AF01C300A43DB0603F0C053134343F06041C5
S214028B000023C4E900108DF80730B5B120222146B3
S214028B100DF1070011F0C9FB1A220DF10700211D05
S214028B2011F0C3FB63689DF80720082043EA8263BE
S214028B30636002B070BD1143E2E71B220DF107002D
S214028B40214611F0B2FB23689DF80720042043EA71
S214028B50C2632360EDE700BF80FFFF0738B5094B0D
S214028B600D46002104461A6812F0EAF900234FF077
S214028B70FF322361A260E3822383A376C4E9002541
S214028B8038BD00BF8CC503000138C0B205289ABFA5
S214028B90014B185C01207047C0CC03002DE9F04160
S214028BA00E46596888B007461546490A0024012928
S214028BB022464FEA510104F10104F8D8DC78520348
S214028BC099784FF0000824031B88C9020DF10700AC
S214028BD004F48054C3F30A0301F4006192B28DF8E0
S214028BE007800C4302A923449C18254B1B2203939F
S214028BF025F07843ED436FEA0444029311F055FBE7
S214028C009DF8072025F07845029B02A90DF1070082
S214028C10029543EAC2631B228DF807806FEA14446A
S214028C20049311F042FB9DF8072007A9029B06F168
S214028C301000079443EAC263012205934FF0FF3304
S214028C400693BB6998470446BB6905A9012206F14B
S214028C5008009847404518BF0446BB6904A901228C
S214028C60301D9847404518BF0446BB69012203A938
S214028C7030469847404508BF204608B0BDE8F08118
S214028C8001009AB21046044A1368591E033102D8EC
S214028C900021116018477047C80B0020034B186864
S214028CA0034B002808BF1846704700BF4C2600201A
S214028CB0F0CC0300014811F007BD00BF5426002087
S214028CC013B50B4C0229226005D10A4811F0FCFCB0
S214028CD0002002B010BD0A4600930146064B054826
S214028CE011F0D4FC003818BF01204000F1E700BFA5
S214028CF0C80B002054260020858C0200014811F083
S214028D00F6BC00BF542600200021014811F011BD18
S214028D105426002008B5064B1B68013305D0FFF722
S214028D20EDFF80F00100C0B208BD0020FCE700BFE6
S214028D30C80B0020F8B50D4610B900242046F8BD31
S214028D400E4F3E68002EF8D100F0A2F80446002826
S214028D50F3D0386000F0E8F8204611F09CFB38B1FA
S214028D6030463E6000F0E0F8204611F08FFBE4E764
S214028D70002DE3D02046A847E0E700BF502600209B
S214028D80024B1868003818BF012070475026002092
S214028D9038B50C4601F088FFA3780B4A13705A1EAA
S214028DA055425541A8420CD0012B04D02846BDE8B6
S214028DB0384001F05BBF204601F02AFF0028F5D0BC
S214028DC038BD0020FCE700BF692C00200021024BC2
S214028DD008465B68184700BFDC0B002010B5044647
S214028DE0FFF75CFF0C4B1A1A53425341A34201D1C0
S214028DF0012010BD094B1B683BB9094A064B002CE3
S214028E0008BF1346074A1360F2E711F04DFD00282B
S214028E10F3D00020EDE700BFC8CC030050260020A8
S214028E20F0CC03004C26002010B511F02EFE0446AE
S214028E3018B9034B01215B689847204610BD00BF56
S214028E40DC0B002010B511F029FE20B9BDE8104059
S214028E50014B1B68184710BDDC0B002010B511F043
S214028E6095FB20B9BDE81040014B1B68184710BDA2
S214028E70DC0B0020431E033306D8044B984228BF5F
S214028E801846642838BF6420704700BF40420F006F
S214028E90F8B5054608F0E0FA07460F4B1E6826B9F5
S214028EA0384608F0DDFA344611E0B4688CB194F81E
S214028EB010C01CF0010F0CD14CF0010C95E80F000D
S214028EC084F810C084E80F00384608F0C9FA204635
S214028ED0F8BD3668E3E700BFD00B002038B505467C
S214028EE00C4641B10B6833B11B68013303D0CB6823
S214028EF00BB18B684BB911F088FEBDE838404FF4D1
S214028F0092724121002000F0C9B9084602F09CFE88
S214028F100023044A85F81031C5E93043C2E900331C
S214028F2038BD00BFF80F002010B5044618B9054B2F
S214028F30054A136010BD00F0E5FED4F8CC30002BD5
S214028F40F6D1F4E775A40300CC0B002010B50C464E
S214028F5000F016FF054B002103205B6898471CB102
S214028F6002F02EF80128FBD110BD00BFDC0B00205A
S214028F7008B502460868FFF77DFF08604868FFF7F5
S214028F8079FF48608868FFF775FF8860C868FFF752
S214028F9071FF0B69C860581C03D00B48834228BF78
S214028FA003460B614B69581C03D00748834228BF0F
S214028FB0034688694B61FFF75DFFBDE8084088619C
S214028FC0104601F0A9BD00BF40420F002DE9F84F40
S214028FD0D0F8C43006460F4613B1038B8B4244D0FA
S214028FE0D6F8C0B0BBF1000F42D0DBF80830002B39
S214028FF03ED0DBF80C1000293AD0D6F8D4A0BAF14D
S214029000000F38D04FF000094D46C84601E0DBF8A5
S214029010083005EBC50203EB8204E3890135BB4247
S21402902014D8238ABB4211D3B4F91220B6F92430DD
S214029030934250DD304696F80411EBF757FF737DE6
S21402904081468342A04606D9DBF80C108D42DED359
S214029050B8F1000F39D00023424630461946D047B1
S2140290603783C6F8C48086F80D910020BDE8F88FD5
S2140290700320BDE8F88FD14647F6FF7554465246A0
S21402908004EBC40803EB8808B8F80E30BB4216D8C7
S214029090B8F81030BB4212D3B8F91220AA4202D155
S2140290A04FF0FF09DCE7304696F80411EBF71EFF97
S2140290B0737D81468342D3D94246DBF80C100134D5
S2140290C0A14204D9DBF80830DAE70120CEE7002A0D
S2140290D0FBD09046C4E7A046BDE700BF2DE9F047A7
S2140290E082B004468946164601F018FF002847D18A
S2140290F03B4D2B68D4F8C0A0D4F8C4700BB15345CE
S2140291004FD04FF00008C5F8089001F059FF01282B
S2140291103AD12B68DAF800103A6813B11868884218
S2140291204AD0204611F07EFCC5E900A7D4F8D450F8
S2140291308DF80760002D46D00022204611460DF11C
S2140291400703A847204601F0A3F90546B8F1000F29
S21402915000D08EB1B5FA85F040F2DE3233214009F6
S21402916000F09CF83146204601F09AFB1D4B05465E
S214029170394620461B689847284602B0BDE8F08765
S2140291800023174D6B60B4E7012000F0F9FD164B83
S214029190002103205B68984701F012FF0128FBD1EB
S2140291A0B7E76B68002BACD0BB42AAD1AB68994537
S2140291B014D04FF00108A6E7696811B10968914218
S2140291C0B2D05968ADE7617D94F80D3132469942C6
S2140291D028BF1946204601F0E1F8B3E70025CBE7A1
S2140291E0F80F0020CC0B0020DC0B0020F8B50E4652
S2140291F0054608F031F9314607462846FFF7E6FEEF
S214029200044620B1384608F02BF92046F8BD01F096
S2140292106DFE224631462846FFF760FF0446384672
S21402922008F01EF92046F8BD13B50446694611F04B
S214029230E4F9204611F06BFBFF28024606D02046D2
S2140292409DF80010EBF7D0FE02B010BD0048FBE719
S2140292500080FFFF4FF4007307B50A490DF10602BE
S214029260ADF8063011F0E5F9BDF80630B3F5007F2B
S21402927005D1022808BF002003B05DF804FB0120D8
S214029280FAE700BF6C260020024B1960024B1860FA
S214029290FEE700BFD40B00206C28002008B550B9AA
S2140292A00548064B01601A60054B1A68054B1A60A2
S2140292B01868FFF7E9FF08BDD40B002070280020CD
S2140292C0502600206C280020054B1B680BB9184658
S2140292D07047834201D01B69F8E70120704700BF40
S2140292E078280020094A13680BB91846704783424B
S2140292F007D11B6901201360054A1368013B1360FE
S214029300704703F110021B69EEE700BF78280020C1
S214029310742800202DE9F74F064608F0A4F8DFF877
S2140293202881012398F800B0DFF820910190BBF164
S214029330000F06D089F8003003B0BDE8F04F08F001
S21402934098B83F4F88F8003089F800B011F03FFA1D
S21402935008B111F03AFA3D683A495DB9DFF8F0A073
S214029360DAF800200024AA423B682FD84FF0FF31DB
S21402937034483BE06B7D8BB12B68B34202D09A1B1C
S2140293808A420BD96A6813442B60AB68003A18BF4E
S2140293900122003B18BF01236A75AB752D69DCE715
S2140293A0907D20B1107D88429CBF0146144612690A
S2140293B0002AF5D1002CD9D0D4E90001A275411AB1
S2140293C0D4E90232204698470135C9E71A46FF21FA
S2140293D0EEE75A7D4AB11A68B24224D0921B824204
S2140293E021D8914201D311461C461B69002BF0D1AD
S2140293F05CB12046FFF776FF38B13B683C602361DC
S214029400DAF800300133CAF800303B685A7D6AB990
S21402941011F0D9F9064699F80030002B94D101983C
S21402942088F8003088E71C460021DEE7186800F05E
S214029430D3F8044611F0C7F90646002C84D1EAE7B1
S21402944078280020FCFFFFBF6B2C00206A2C00202F
S2140294507428002038B5054608B31822002111F0FA
S2140294606FFD08F000F802462846FFF72DFF20B1F0
S214029470104607F0FEFF022038BD0A4B1C6854B99E
S21402948009491D600B68104601332C610B6007F01A
S214029490F0FF2046F0E704F110032469EFE701200D
S2140294A0EAE700BF782800207428002038B5044672
S2140294B0FFF70AFF07F0D7FF05462046FFF704FF2F
S2140294C0637D23B9284607F0D4FF032038BD002366
S2140294D06375064B1B68A34203D111F074F9FFF7BC
S2140294E019FF284607F0C5FF0020EFE7782800207E
S2140294F02DE9F84FDDF82890984604460D46924628
S214029500FFF7E2FEDDF830B007F0ADFF074611F0D8
S2140295105AF906462046FFF7D7FE637D23B120465A
S214029520FFF7C4FF0023A375BAF1010F23D175B963
S214029530B8F1000F21D1B9F1000F03D05A463146D7
S2140295402046C847384607F094FF002019E0354405
S2140295500D4BAA1B9A4210D8012363759DF82C3036
S2140295603046C4E90058C4F808902375C4F80CB015
S214029570FFF7D0FEE6E7AE42EAD1384607F079FFBB
S2140295800120BDE8F88F00BFFCFFFFBF2DE9F041C8
S21402959007468846FFF798FE07F065FF3D680646D1
S2140295A011F011F97B7D7BB185420DD0094B2C1A47
S2140295B09C4209D8304607F05CFFB8F1010F08BF9D
S2140295C025462846BDE8F081304607F052FF0025C2
S2140295D0F7E700BFFCFFFFBF08B50023044A1946A1
S2140295E000F086FD10B1012818BF032008BD00BF99
S2140295F091A703000E232DE9F74F06460F461446A1
S21402960000254FF00609DFF854801370EBB209FB11
S21402961003F3D8F80010CA185079012807D9207821
S214029620A0F10E035842584103B0BDE8F08F31F95D
S21402963003B01179B2F902A030460022019111F06E
S2140296408BF8019908B90135E0E72170B7F90030C7
S2140296505B45F8DB5345F6DC0020E5E7D80B002037
S214029660014911F0B6B800BFD1B10200014911F0AC
S214029670B0B800BFA5B1020070B5164E0328044666
S2140296800D4633781ED023FA04F202F00102AA42F3
S2140296901DD053B10122A240A54023EA02032B4368
S2140296A0DBB233704BB1012070BD2DB10A4B0120E5
S2140296B01B6898473378EDE73570074B00201B6828
S2140296C09847F0E79A07DED003F0FC03E9E70020AC
S2140296D070BD00BF6D2C0020B8280020F8B50546E6
S2140296E00C4607F0B9FE104F06463B7833B1012D03
S2140296F004D01CB90D48EEF7FDFA3C702146284608
S214029700FFF7BAFF0A4B04461B783BB93B782BB9E6
S21402971011F0B9F910B1074B1B689847304607F0AD
S2140297209FFE2046F8BD00BF6E2C00208C2800202D
S2140297306D2C0020DC0B0020054A0B46117831B157
S21402974000211170034A01215268187810477047A9
S2140297506E2C0020DC0B002038B5074D04462B7813
S214029760834207D001F016FC20462C70BDE8384034
S214029770EDF722BE38BD00BF6C2C002038B504467B
S21402978080B107F069FE012104460846EDF7B4FDF4
S21402979001210B4A084608F079FD2046BDE838400C
S2140297A007F05EBE07F058FE054621460120EDF79B
S2140297B0A3FD01202146024A08F068FD2846EDE78F
S2140297C036CD03001B4B022910B5187002D00329B0
S2140297D004D010BD184B1B78002BFAD1FFF7D0FA35
S2140297E00028F6D04FF00052144BC3F88020BFF387
S2140297F04F8FBFF36F8F01F0A5FB0028E9D001F071
S21402980017FA0028E5D10E4B1C6834B12368984736
S214029810BDE81040002001F0B1BB10F033FF094B49
S214029820186008F0BFFD084B1860204601F092FB56
S214029830EEE700BF610D00206C2C002000E100E086
S214029840D8280020B4280020B028002038B50446C6
S2140298500D46FFF795FA80B14FF00052124B1A6090
S21402986001F070FB48B9012D07D8012001F086FBF4
S2140298700E4B1B6823B15B6898470D4B1C7038BDB6
S21402988008F090FD0B4B1A68801A1860EEF72AFB58
S2140298904FF47A72084B1B6802FB003010F0F4FE9D
S2140298A0012001F057FBE8E700E100E0D82800209D
S2140298B0610D0020B0280020B4280020F0B585B045
S2140298C007F0CAFD304D04462B7823B12F48EEF739
S2140298D011FA00284BD1EEF79FFA02AA03A911F05B
S2140298E0BCF80346002833D011F0CBF8029B98420E
S2140298F01ED10020264B03991B68264E99423070D3
S21402990022D90027C91A012320482B70224A33463F
S214029910CDE9007708F0FDFC002830D11F4A137805
S214029920D90718D4204607F09BFD002005B0F0BDED
S21402993011F0A5F8029B98421FD00023184614493E
S214029940144A0968137003910121FFF795FEE9E7AF
S21402995020462B70E7E731780029E3D103F0FE03B7
S2140299601370002BDED10E4B1B689847DAE72046B1
S21402997007F076FD032005B0F0BD0220BAE7032308
S21402998020462F703370F3E76E2C00208C280020C0
S214029990AC280020600D0020399702006D2C0020B4
S2140299A0B828002070B507F057FD164D04462B78F0
S2140299B00BBB154A15491370154B164A16481A6002
S2140299C0164A174E5A60EDF72BFD16491648EDF764
S2140299D027FD164B80203360EAF7BCFA052804BF41
S2140299E0134B3360134B5B6F9B0542BF0222124B35
S2140299F01A6001232B70EEF763F8204607F030FD5D
S214029A00002070BD6F2C00206E2C00203CCD030081
S214029A10DC0B0020BD9802007C280020DD960200A8
S214029A20B828002044CD030084280020599702005D
S214029A307D97020000400050AC28002037B50C4647
S214029A40234D59B90A46072105F080FD214BAC6427
S214029A505C6003B0BDE8304005F096BD07221146B3
S214029A6005F074FD07221C4B0121DA60237901A858
S214029A7085F848306379019311F0AFF9019BC2B2C1
S214029A80D34000F00F0040EA031085F84900A2799F
S214029A9085F84A20E27985F84B202068E86401932D
S214029AA09BB1012102888B4208D82379013B1344DB
S214029AB00A4A136205F068FD03B030BD30F8115053
S214029AC00131AA4228BF2A46EDE71A46EDE700BF53
S214029AD0003F00B0483F00B0006000B8004000B849
S214029AE010B5054C237823B103F086FB00202070C6
S214029AF010BD0320FCE700BF712C002008B503F060
S214029B0049FB0122014B00201A7008BD712C00206F
S214029B10431C07D06FF0FF02034B10405A62A3F5B6
S214029B2080535862704700BF00E000B810B50423A7
S214029B304FF03A4101240A4AD1F81801C2F8183106
S214029B40C2F814314C634FF400511163410742BF0F
S214029B50C2F81431A2F58052C2F8183110BD00BF07
S214029B60002000BA00F01803182B0AD003070AD404
S214029B7040F2011310F0100018BF1846034BD867C6
S214029B8070470020FAE70120F8E700BF003F00B068
S214029B90344B2DE9F7431E6801F4007900F0010307
S214029BA0174653EA090205460C462ED04FF0000827
S214029BB003B30023002201200021CDE9008804F02F
S214029BC003FB4146304603F09DF841467083012070
S214029BD0FFF7BCF9716B06F1D80003F00DF92249C4
S214029BE00868FFF795FF4FF0FF330B60337C43F0B6
S214029BF004033374B9F1000F07D00121304610F088
S214029C0000FD24F4007405430C43D6E94A232A4097
S214029C10234052EA030103D01449304609688847B4
S214029C20FB070FD51249134A086800211368116012
S214029C300121114A117003B19847104B00210220EE
S214029C405B68984717F00E0F08D040F2F3123B21DC
S214029C50002003B0BDE8F043FFF720BB03B0BDE829
S214029C60F08300BF50260020E40B0020E80B002003
S214029C70CC280020D0280020732C0020DC0B0020EB
S214029C80F7B504461046D4E94AC7DDE908268CEA49
S214029C90020587EA06010540194085EA0C05794067
S214029CA0C4E94A51002523F4004106EA010320F0E4
S214029CB0010043F40073024043F00203CDE900556D
S214029CC004F082FA237C9A0717D5D4F82C319B0528
S214029CD013D54FF48811204610F093FC237C65F3CD
S214029CE041032374D4E94A2302400B4052EA03019B
S214029CF003D00349204609688847002003B0F0BD18
S214029D00E80B002038B10368044A002B08BF13464C
S214029D10034A13607047014BFAE700BF77A80300B7
S214029D20E80B0020024B986E00F00F00704700BF51
S214029D30003F00B00F2938B505460C460ED801F094
S214029D403FF901280CD1074A2846936E23F00F03E9
S214029D502343936610F0B2FE002038BD0120FCE7D4
S214029D600220FAE7003F00B0014BD86E704700BFF2
S214029D70003F00B0014B0020D9667047003F00B09C
S214029D8003282DE9F7434CD8274B13F80080274BBE
S214029D901E5C274B13F8009007F05EFB074604F0A4
S214029DA0E1FB054640B100230022CDE90033012045
S214029DB00023002104F008FA04F0DCFB48B100237B
S214029DC00022CDE90033002000234FF4004104F0C6
S214029DD0FBF926B3174BDC6C04F00804164B31462D
S214029DE0DC64404604F0D4FD4A463146404604F060
S214029DF05BFE124BDC6465B1114B1868416BD830C0
S214029E0002F0FAFF0F490868FFF782FE4FF0FF33B1
S214029E100B60384603B0BDE8F04307F021BB34467A
S214029E20DCE703B0BDE8F08354CD030050CD030059
S214029E304CCD0300004000B8006000B8005000B8E7
S214029E4050260020E40B00200F4A136C13F0A00FDC
S214029E5015D1506C10F0040013D10C4BD3F8EC3E25
S214029E6023F07F4323F0FF035BB1D368C3F303629F
S214029E70092A07D0B2F10C0018BF01207047002053
S214029E8070470120704700BF000002B8003000B0E3
S214029E9070B504460D4616462BB1FFF747FE294617
S214029EA0204601F087FA4FF03A420124D368D26A7C
S214029EB003F0070306339C40C2F30C03E41AA4B271
S214029EC0B44228BF344629462246024801F0BCFB6B
S214029ED0204670BD0C0000BA70B50D46064620B985
S214029EE0194B1B68A3B1032011E001F069F80128A1
S214029EF028D1164B93F90040C4F12704641BC4F121
S214029F001C03002BB8BF5B42232B0CDD012070BD67
S214029F10A1F10B03002BB8BF5B42232BF6DC0B4BE5
S214029F2019700020F3E7B57407F096FA084AE402BF
S214029F30136A04F4FF2423F4FF231C43146207F07D
S214029F408FFAEEE70220E2E750260020702C00206F
S214029F5000C000B8094B08465A6A91020BD4D3F8DF
S214029F600021D20708D4D3F8803013F4706F14BFE0
S214029F700120002070470120704700BF004001B852
S214029F80F8B50D46436B02EA010423EA01032343B4
S214029F9043633D4A01F00B0323EA0401D1642340E4
S214029FA0A2F580526F070646D36410D50121FFF74B
S214029FB0D1FF60B104F08EFC4FF4007314F0040F6E
S214029FC014BF324A324A53620422324B1A64E906FA
S214029FD006D514F0100F14BF00221B222E4B5A6512
S214029FE02A061DD5230616D54FF40012274B1A62F1
S214029FF0012203F58053C3F8002107F02DFA0E2143
S21402A0000746032002F044FE40F20122224B384665
S21402A010DA6207F025FA214606F1D80002F0ECFED5
S21402A020EF0503D5E00529D502F002FEA90503D502
S21402A030A20526D502F008FE15F0600F09D0D6F864
S21402A040C810304610F018FC8022144B9867144B48
S21402A0501A612B0510D504F03DFC124A14F4006F69
S21402A060D2F8EC3E14BF43F0006323F00063C2F85C
S21402A070EC3E0422074B1A640020F8BD02F0D2FD23
S21402A080D4E702F0DBFDD7E7006000B8005001B865
S21402A090006001B8002002B8004000B8003F00B0DF
S21402A0A0000002B8003000B0014B1868704700BFCD
S21402A0B0C828002037B5012300240022CDE9003449
S21402A0C000231046194604F07FF8022002F05AF9DF
S21402A0D0054D064B21461C6002206B6898472B688C
S21402A0E003B0BDE830401847DC0B0020D028002023
S21402A0F02DE9FF4102290C4615469846039005D1E4
S21402A100FFF7D8FF002004B0BDE8F08107F0A4F9FD
S21402A110184E074633683BB1AB4205D007F0A0F9AC
S21402A120002301203360EEE7134B0022C3F80080C1
S21402A13001233560CDE90033002300251046194679
S21402A14004F042F80D4B02201D7002F01BF9224665
S21402A1502B4603A9022002F033F90446084B039A61
S21402A1601A60084B1B689847384607F079F9002CA6
S21402A170C8D1D5E7D0280020CC280020732C002098
S21402A180C8280020DC0B0020044B5B6E5B054EBF2C
S21402A1900120034B187800F00100704700C001B898
S21402A1A0732C0020014B186A02F084BD004001B8EF
S21402A1B0014B186A10F0ABBD004001B8437C5A1F31
S21402A1C0012A01D9082B05D14B7C2BB1012B05D0D6
S21402A1D0022B05D010F07BBB02487047024870473E
S21402A1E00248704720A1070048E8010040420F00DD
S21402A1F070B50E4607F030F9054600F005FF044636
S21402A20020B1284607F02CF9204670BD04F062FB08
S21402A210104B3278D3F8EC3E022A23F0F00315D026
S21402A220101F42424241520043EA02137278022A47
S21402A2300ED0111F4A424A41520043EA8213054A8F
S21402A240C2F8EC3E0422044B1A64DAE70122EBE77A
S21402A2500122F2E7003000B0002002B870B50E46C8
S21402A26007F0FAF8054600F0E5FE044620B1284657
S21402A27007F0F6F8204670BD04F02CFB104B32783F
S21402A280D3F8EC3E022A23F00F0314D0101F4242EA
S21402A2904241520013437278022A0ED0111F4A42DC
S21402A2A04A41520043EA8203054AC2F8EC3E0422BF
S21402A2B0044B1A64DBE70122ECE70122F2E700BF57
S21402A2C0003000B0002002B82DE9F8430E780446AC
S21402A2D0042E0D4690F804810BD100275FFA87F909
S21402A2E0484601F0FFFC08B14E4602E00137042F53
S21402A2F0F4D1304601F0F6FC002845D094F804313B
S21402A300B34208D1AA88A36C9A4204D16A88B4F8E8
S21402A31006319A4235D084F80461AB883046A4F8F8
S21402A32008316B88A4F80631AB8804F58275A364FD
S21402A330FF23A37510F06FFC6075284601F092FCAF
S21402A34018BB284601F0C4FCF8B9D4F8C43053B19F
S21402A35094F80411414506D02046B3F91220EAF7D4
S21402A360C5FD84F80D01204601F0FEFC0949A4F85B
S21402A37008010123084AD1F8FC1004F1D80003F0C2
S21402A38011FD0020BDE8F88301200E2384F8043175
S21402A390F8E700BF004F00B0A43F00B070B5054616
S21402A3A090F804010C460E281DD0FF291DD01AB1C4
S21402A3B04FF0FF320E4B1A6010F02DFC064695F851
S21402A3C0040101F0C3FC844228BF0446E4B2B4424E
S21402A3D038BF3446E0B2A87501F0BAFDA0F1FF031B
S21402A3E05842584170BD0220FCE70120FAE700BF40
S21402A3F0EC0B002010B590F8043104460E2B3ED02C
S21402A400D0F8C4304175BBB3D0F8D420DAB990F88E
S21402A4100D318B421DD300222046FFF7BFFF88B9BD
S21402A420184B1B7813F0FD0F0BD1204601F09CFC55
S21402A43015490123154AD1F8FC1004F1D80003F09F
S21402A440B1FC002010BDB0F92420B3F912309A42B4
S21402A450E1DD0022204694F80D11FFF79FFF002849
S21402A460F0D1C4F8C400204610F059F80146204640
S21402A470BDE81040FEF7BABEFF238375E1E702206F
S21402A480E0E700BF100D0020004F00B0A43F00B070
S21402A490C36B012B01D10020704770B505464D49AC
S21402A4A08EB010F0F5FBD5F8C46001462C8BC5F8CB
S21402A4B0C80026B1336813B15B68002B5CD106F086
S21402A4C0CBFF06F0CDFF0123D5F8C8108DF80E306D
S21402A4D0B389D6E90120E31A9BB200FB03223E4869
S21402A4E0ADF80C3003680292994207D0284610F065
S21402A4F0C3F9802239493A4B88671A61394C384E7B
S21402A50000F05EFD0128FBD1236CDA07F8D4336C29
S21402A510DB01F5D4D5F8C81028460D919DF80E201B
S21402A520029908AB03F032F918BB08A901A803F098
S21402A53045FBF0B92A8B2C4B5A642B7C60F3410303
S21402A5402B7410F0F2FAD5F8C43002465B6919682B
S21402A550431EDBB2FD2B049114D9CC1C12D9234B1B
S21402A56001311B6815D0D81C10D8284604A90493BC
S21402A5700AE002200EB070BD1A68032A9FD99B6AB1
S21402A5805B0EA3E7284604A910F0B9FA00200EB025
S21402A59070BDD91C04D8284604A9049310F0AFFA5B
S21402A5A0D5F82C319B0504D42B7C43F002032B7484
S21402A5B0ECE74FF48031284610F023F8D5E94A2319
S21402A5C002400B4052EA0301E0D0094928460968D6
S21402A5D08847DBE7FC4F00B0BC280020003F00B0F5
S21402A5E0000002B800C002B8008001B8F80B0020D4
S21402A5F0E80B002038B590F8105104463DB306F03B
S21402A6002BFF1F22124B013D5A621540114A124976
S21402A6105562D4F814518D66D4F81851CD66D1F827
S21402A6200011C9070FD54FF0FF31C3F80411216C92
S21402A630C2F804114FF0F041C3F81011E37CDB06B8
S21402A6400B40C2F81031BDE8384006F009BF38BDED
S21402A650006001B8005001B8004001B82DE9F74F7C
S21402A66006461546084619B9012003B0BDE8F08F24
S21402A670002AF9D0032904D8002101F02DFA002877
S21402A680F2D0B0F90010837800290488077990F890
S21402A69005B0B0F806C003F00702C0F2CE80A2F101
S21402A6A00708D8F1000141EB0801052A297394BF77
S21402A6B00021C3F30011C3F380106973990928744B
S21402A6C001F00201C3F3C0000143C3F340136974EF
S21402A6D0AB74EF74736BA5F814C0D80600F19980BA
S21402A6E0063A012A00F29580554B4FF001095B6D40
S21402A6F04FF03A431A6DDB6C083C03F0070306334F
S21402A70009FA03F9002309F1FF3942F0005804EA76
S21402A710090418F804A0013404EA0904AB60631DB6
S21402A72003EA09035A1C02EA090218F8037018F829
S21402A7300220BAF1800F737C18BFAAF1320A47EAE8
S21402A74002270CBF6FF07F0A4FFA8AFA3FB2A3B312
S21402A7500020D6F8D0300BB1514698470134E87342
S21402A76085F80EA004EA090418F80410013404EA75
S21402A770090418F80430013404EA090441EA032102
S21402A78018F80430013404EA090441EA034118F8CF
S21402A790043041EA036117F4804305D0294BDB6E8F
S21402A7A0B3FA83F35B095B0030466A7C03F0BCFBBA
S21402A7B006232860AB71002057E7F90425D5D6F8A2
S21402A7C0C830ABB11A68022A12D993F82400C7F32C
S21402A7D00B03DB0008B1B3FBF0F39B45B8D8002BA4
S21402A7E0B6D0CBEB0B20B0FBF3F0C043C0B2B0E761
S21402A7F029463046FFF7E2FC0190304610F057F843
S21402A800019BB3FBF0F0C0B2E1E718F80400400089
S21402A810ECE700230020EB730B4BDA69C2F3072345
S21402A820120448BF63F0FF035AB212F1800F1CBF36
S21402A830323B5AB2AA730346BBE7022015E700BFB3
S21402A840004000B8003F00B000C000B870B54FF03E
S21402A8503A434FF480640A4DD3F818610020C5F8D5
S21402A8601841C5F8144104F0FBF84FF400532B6767
S21402A870730542BF034BC5F81441C3F8184170BDB7
S21402A880002000BA001000BA082310B1024A13646E
S21402A8907047024AFBE700BF001002B8002002B869
S21402A8A0F8B504460E4611B9037C5A0647D44FF64D
S21402A8B0FF73A18BD4F8C870994204D0344B1B683E
S21402A8C00BB120469847334D2B68BB4254D0324BCF
S21402A8D01B683BB11FB13A68002A4FD0BF683946A1
S21402A8E0204698470727204601F03EFA002E39D028
S21402A8F004F04AFE0620294B94F9122093F9003000
S21402A9002749C3F127039B1A0A6ADB0222F4FF22B5
S21402A91003F4FF2313430B62D4F8C820214B2A60AA
S21402A920986701F07DFB002501211F4A1F4B11701D
S21402A930204683F8845010F0C1F82846F8BD4FF63A
S21402A940FF71144DD0F8C8702A6866F386139742D2
S21402A9508183037417D0104B1B68002BBAD101F009
S21402A96003FA072712493B46124AD1F8FC1004F1B3
S21402A970D80003F017FABBE70127B4E717462046CC
S21402A98039469847AEE701F0EFF90127EAE700BF3C
S21402A990C4280020BC280020C0280020702C0020DC
S21402A9A000C000B8006000B8722C0020003F00B063
S21402A9B0004F00B0A43F00B02DE9F8430D4600F06A
S21402A9C0FFFA0128044630D1194F3B7883B928464E
S21402A9D0E9F730FC054610B9E9F776FC2C463B78D9
S21402A9E01BB10121022003F055F92046BDE8F88389
S21402A9F00021022003F04EF910F019F90646DFF89E
S21402AA003490DFF83480D9F8F4331B07DFD410F023
S21402AA100EF9801B404541F6A2224FF045018CBF3D
S21402AA2000200120FEF73AFCEDE70224DDE700BF36
S21402AA30742C0020000002B83F420F0008B55822CE
S21402AA400021064810F07CFA1022FF21044810F07C
S21402AA5077FABDE8084004F097BD00BFF03E00B0AC
S21402AA60343F00B0002373B583746923C0F8E03026
S21402AA7074234FF0FF350E26A0F8F4306423044604
S21402AA80C0E93933C0E93B33C0E9075580F80461B1
S21402AA9085644575C58203F075FD2046FFF7CEFF37
S21402AAA094F912102046FFF717FA6023114A40F66F
S21402AAB0FF71D3644FF03A42116311670E4A29467A
S21402AAC0D36440220D4B20461A64626BFFF758FA95
S21402AAD0002240F2022310461946CDE9006603F032
S21402AAE073FB01F013F9204602B0BDE87040FEF792
S21402AAF0B1BB00BF004000B8005000B8002002B84A
S21402AB00044BD3F8EC3E13F0806F14BF23200020D2
S21402AB10704700BF003000B00246F8B5B0F80841F2
S21402AB2000F1D805FFF7ECFF0B688E68013304BF0F
S21402AB30D2F8E0300B604B68013304BFD2F8EC3039
S21402AB404B60771C37D1D2F8E830CF688B607E1C1A
S21402AB5038D1D2F8E4600F69CE60013704BFD2F86C
S21402AB60D8700F614F69013704BFD2F8DC704F61AD
S21402AB708F69013704BFD2F8F0708F618F6947BBC7
S21402AB80C0F1640408688C61C2F8E8304B68C2E918
S21402AB903806C2E93B340B692846C2F8D8304B69FE
S21402ABA00F49C2F8DC30D1F8FC1007230D4A03F037
S21402ABB0F9F80020F8BD04F169031B1AB34238BF46
S21402ABC03346C2E704F17406361ABE4238BF3E4622
S21402ABD0C1E76934241ABC4238BF3C46D2E700BFFC
S21402ABE0004F00B0A43F00B038B50446074D2146DA
S21402ABF02868621C003818BF012002F0BBFA2B68D6
S21402AC000020003B18BF0123A37038BDD4280020C3
S21402AC1038B5054C054B417800782568236002F06C
S21402AC20FBF900B1256038BDD428002060CD0300B2
S21402AC3070B506F011FC05460B4E00F0C1F901286E
S21402AC4004D0284606F00CFC022070BDF36813F010
S21402AC50706FF2D1F46814F08054EED1284606F0F4
S21402AC60FFFB2046F1E700BF000002B80A4B10B512
S21402AC701B68044673B1094B48B10121084A1A60A1
S21402AC80022003F007F80020064B1C7010BD014698
S21402AC901860F5E70220F9E7D4280020D82800201B
S21402ACA058CD0300742C0020014B1878704700BF63
S21402ACB0742C002038B506F0CFFB4FF6FF710A4A17
S21402ACC013888B4203D106F0CBFB032038BD074C1A
S21402ACD0074D1B046566A4F580546366118006F072
S21402ACE0BFFB0020F2E700BF0E0D0020006001B897
S21402ACF00000FFFF2DE9F34105460F461446FFF715
S21402AD00A3F890B1DFF8E08102F0B0FFD8F8143073
S21402AD10DE0740F1CE8006F09FFB0646032001F0D8
S21402AD2055FC38B1304606F09BFB0226304602B090
S21402AD30BDE8F081D8F8143013F0060FF2D1304691
S21402AD4006F08EFB5C4B4FF400612846D3F8EC8E7F
S21402AD50D3F8CC6E04F00EFC38B14FF40072012129
S21402AD60564B08461A64FEF7F1F839462846FEF7AF
S21402AD703DFA514BC3F8CC6EC3F8EC8E064600285B
S21402AD80D4D12B7CD80601D4002C55D0C4F3400075
S21402AD9003F066FD022314F4807F1FBF484A002199
S21402ADA013644FF03A420BBF444A916113645363F3
S21402ADB003F090FD4FF4806314F0040F14BF414A71
S21402ADC0414A14F0400F53624FF004023B4B2046B8
S21402ADD01A644FF0400314BF3C4A3D4AC2F888301A
S21402ADE0FEF7C0FE28460FF099FD38B14FF4807387
S21402ADF014F0010F14BF324A304A1364A10642D53A
S21402AE004FF6FF726B8C93420FD0324A3249526E23
S21402AE10100CC2F301120132B3FBF2F30880294A86
S21402AE2029492E481B0448665366003C18BF012475
S21402AE302B7C64F304132B7428460FF03CFEF0B10F
S21402AE4028460FF06BFDD0B14FF40031284604F0CF
S21402AE5091FB431C03229BB2214801A90FF09BFEE3
S21402AE609DF8042002F00703052B9DF8053013D148
S21402AE7012070BD443F480731A4AC2F8D430002067
S21402AE800FF0C6FE52E7FFF715FFCEE713F0040FEA
S21402AE9009D19DF80630EDE703F03002202A05D1ED
S21402AEA013F0010FF4E74FF48073E5E79DF80630E0
S21402AEB0E2E703263AE700BF003000B0002002B8FF
S21402AEC0001002B8005001B8006001B800D000B807
S21402AED000E000B8004001B80E0D00200000FFFFA1
S21402AEE00C0000BA003E00B000C001B808B5094B1D
S21402AEF0D3F84C315A1C0CD05B000AD40320FEF760
S21402AF003FFF4FF08062044BDA6401225A6102224C
S21402AF109A6208BD0080E00F001002B84FF40022CB
S21402AF20034B186C03F500531A64C0F3C040704715
S21402AF30000002B8014B024A1A607047C02800207F
S21402AF403D9A0200024B586900F00100704700BFAC
S21402AF5000C001B8084B5A69D10707D508B901F0F5
S21402AF60EDB95B69DA0706D401F0DAB95B69DB078B
S21402AF7001D40028F8D1704700C001B84FF08063B2
S21402AF8010B1024A53617047014AFBE7001002B84B
S21402AF90002002B8202350B1064AC2F8F433064B0A
S21402AFA0196C11F0020104D1032002F073BE034AA9
S21402AFB0F3E77047001002B800C002B8002002B8DB
S21402AFC00F4BDB68C3F30363013B0B2B0FD8DFE8A1
S21402AFD003F006060C06060606080A0808080220FB
S21402AFE07047042070470520704703207047054BC2
S21402AFF05B6913F0060F0CBF01200420704700BFE8
S21402B000000002B800C001B8094AD368C3F303635C
S21402B0100B2B08D06FF49050184100F0010080F01E
S21402B020010040007047106C10F48030EDD170477C
S21402B030000002B80C4AD368C3F30363062B07D892
S21402B040042BD8B20BD8C31E584258414000704752
S21402B050072B06D1D2F844010028ECD17047022013
S21402B06070470020704700BF000002B8F0B5CF0757
S21402B0702BD5002A14BFAA2555250E461E24154F89
S21402B08001F0030383F001033B449B7806F0070CB0
S21402B09017F80CC0013C63444FEA5606F6D10E4E32
S21402B0A073436FF481769B0C334482B991FAA1F113
S21402B0B095FAA5F54A082D0F490042EAC57201F035
S21402B0C00204C474C0E91023F0BDAA25D5E7034ADA
S21402B0D0F7E700BF74CD030036FC1000B7563512F2
S21402B0E030B547F6FE74164BC3F83042456C04EA98
S21402B0F04504144DC5F830420F245C66CC071CD5B7
S21402B100DAB901246C664FF0FF34C3F80441056CCB
S21402B1100C4CC4F804514FF0F045C3F81051C37CF0
S21402B120DB062B40C4F8103132B14FF03A4302220C
S21402B130C0F88010C3F8F42030BD0224E2E700BF56
S21402B140006001B8005001B813B5437C0446033BC7
S21402B150DBB2072B96BF104A0021D15CFEF70AFE2F
S21402B160012001F057F84FF4F0620C4BDA644FF40A
S21402B1700072A3F58053DA64637C053B012B08D882
S21402B1800421074B01229B6E0DEB0100019300F098
S21402B19021FB02B010BD00BF6CCD0300006000B8FA
S21402B1A0004001B8012310B580F8F6302823C0F815
S21402B1B0DC30042304464374044B19680FF079F913
S21402B1C02046FFF7C1FF002010BD00BFB8CD030028
S21402B1D0012310B580F8F6302823C0F8DC300223AD
S21402B1E004464374044B19680FF063F92046FFF7D0
S21402B1F0ABFF002010BD00BFBCCD0300012910B577
S21402B200044604D90239012914D9032011E00B4B54
S21402B21019680523012284F8F6204FF4BC72637481
S21402B220C4F8DC2020460FF044F92046FFF78CFFD6
S21402B230002010BD024B19680623EBE7B4CD0300CD
S21402B240B0CD0300012310B580F8F6304FF4BC737E
S21402B250C0F8DC30082304464374044B19680FF028
S21402B26028F92046FFF770FF002010BDACCD030082
S21402B27038B5184B04461D6845B1EB6833B12868EB
S21402B28001F016FCAB68186801F012FC124B1B6842
S21402B2902BB1DA681AB19B68186801F009FC0F4BEB
S21402B2A01B682BB1DA681AB19B68186801F000FCBB
S21402B2B00B4B1B682BB1DA681AB19B68186801F051
S21402B2C0F7FB2046FFF784FF2046BDE83840FFF72D
S21402B2D03BBF00BFBCCD0300B8CD0300B4CD030016
S21402B2E0B0CD0300F8B5D0F8143104468B420D46B3
S21402B2F0164603D190F81031202B0ED0324629463E
S21402B3002046FFF7B3FE202384F810310023C4F84A
S21402B3101451C4F81831FFF76DF94FF00077074B58
S21402B32032461F6429462046FFF7DAFE8022044B87
S21402B3301A6103F500531F64F8BD00BF001002B87F
S21402B340000002B8072330B5124D134CEB63134BC3
S21402B35069B1442140F04000596398630123E363D6
S21402B3604FF4804392B1C4F804310A4A07E05963A5
S21402B37099634FF48043084AE163C4F80431C2F883
S21402B3800831C2F80C31C2F8103130BDC5F80431AC
S21402B390EBE700BF006000B8005000B8004000B8FD
S21402B3A0034BD3F8F80780F00070C0F34060704794
S21402B3B0000002B810B5407CA0B1304BD3F8B820DC
S21402B3C012F0060F01D004280DD94FF470622C4BF0
S21402B3D0DA604FF48072A3F58053DA600022274BBE
S21402B3E0C3F8B42010BD02F0020412F0040202D028
S21402B3F00B789B0637D4002C39D00B7803F00F035A
S21402B400072B34D14B78022B31D98B7813F03E0FB1
S21402B4102DD0CC7814F0040F29D014F0010F0CBFF5
S21402B42004230A23A40748BF0633CB5CFBB1002AD9
S21402B43014BF02220122042840F6FF7003F01F0107
S21402B44008BF4900013940EA01310E4801654FF450
S21402B45070600B491202C860A1F58051CA60074AA3
S21402B460C2F8B430BEE7002CC7D18B7823B90023CC
S21402B470044A13650122EAE70222DCE7003E00B036
S21402B480006000B8004000B80A68064B12F0802F31
S21402B4901CBF42F20101C3F82812C3F88822C3F87F
S21402B4A08C227047004001B8F0B585B06C460E4657
S21402B4B00B4B074615460FCB84E80F00094BD3F813
S21402B4C04822009226B16B1EDBB2FD2B88BF32608B
S21402B4D02A46214638460FF012FB05B0F0BD00BFE3
S21402B4E07CCD03000080E00F30B50823054685B00A
S21402B4F080B9094AC2F8FC3351B96C46074B0FCBE8
S21402B50084E80F00064B2A4621461868FFF7CCFF50
S21402B51005B030BD034AEDE7001002B88CCD03003B
S21402B52050260020002002B838B5044601F0D6F9AD
S21402B53001213A20E8F7DEFCE0782179154A40EA54
S21402B5400143C2F8DC34E579A37943EA0543C2F83D
S21402B550E03423781BB100230422E9F7CFF963789D
S21402B5602BB100230422E179A079E9F7C7F9227802
S21402B570012352B1084AC2F8D8346278022332B1A3
S21402B580054A0020C2F8D83438BD044AF3E7034A15
S21402B590F7E700BF00C0035000D0035000E003509E
S21402B5A04FF03A43D3F81421D2031ED54FF480321B
S21402B5B00E49C1F81421A1F58051C1F818215A6D1F
S21402B5C0D1B2C2F30722C3F8A410C3F8A4200422FF
S21402B5D0C3F8A4200022C3F8A420C3F8A420C3F80A
S21402B5E0A420C3F8A420C3F8A4207047002000BA01
S21402B5F0F8B50D464FF03A441746064605F02CFFBE
S21402B60001230421074A6363E76026616561C2F885
S21402B6101411054AC2F8843105F022FF0DB1022347
S21402B6206363F8BD002000BA00E100E0054B01228A
S21402B63018604FF03A435A6740F6FF72D9641865AD
S21402B6401A677047E02800202DE9F04105460124DC
S21402B650006800F00700063004FA00F3A868EC68F9
S21402B6605E1EA04262D000EA060E6C6810441E43BC
S21402B6700640A3EB0E000EEB040C8242644618D979
S21402B680D31A0EEB030298B1431E052B04D94B1CAA
S21402B690ACEB0303022B59D80B460844ACEB010E65
S21402B6A003EB0E0113F8014B83420C70F8D10146EE
S21402B6B06C688AB1531E052B01F1010302D9E01A08
S21402B6C0022812D80A44611E00E0013313F8010C66
S21402B6D0934201F8010FF8D105F0BEFE0223AE60D8
S21402B6E0AB62BDE8F04105F0BBBE0B46204622F039
S21402B6F0030E8E4453F804CB734540F804CBF9D1BD
S21402B70022F00303D01A920701EB030C04EB0307A3
S21402B710E2D0CA5C0128E254DED09CF8013002284E
S21402B7207B70D9D09CF80230BB70D5E7042A35D995
S21402B7300878043AA86148780431A86111F8020C26
S21402B740A86111F8010CA861A8688CE70B4620F0E6
S21402B75003070F44ACEB010E1C684EF8034004339B
S21402B760BB42F9D120F0030310F0030F01EB030EE6
S21402B770A0EB03040CEB030728D011F80380012C7E
S21402B7800CF8038022D09EF80130022C7B7018BF82
S21402B7909EF80230084418BFBB7088E7013A032AB5
S21402B7A012D8DFE802F00F1507020B4613F8012B3A
S21402B7B01946AA610A4612F8013BAB61114611F816
S21402B7C0013BAB610B78AB61BDE8F08108446EE7E4
S21402B7D00A46F3E738B50B46154601464FF03A449B
S21402B7E070B101221048C4F8F4201A46FFF72CFF65
S21402B7F025B14FF03A430422C3F8F420002038BDA6
S21402B80073B1D4F8D8209A4284BF0122C4F8F42037
S21402B8104FF03A42C2F8D4300223C2F8F430E7E7D7
S21402B8200123C4F8F430E3E7CC0000BA10B505F003
S21402B83013FE4FF03A4301225A67C3F8B420C3F806
S21402B8408C20154A1549C3F890200722C3F8B02069
S21402B850134B04461A800023124A13804FF4A02288
S21402B860C1F81421A1F58051C1F818210E4A1360BF
S21402B8700E4B1B6C5B020AD54FF480020C4B186809
S21402B8800C4BD8301A6450F8A41C01F0B5FA2046C6
S21402B890BDE8104005F0E4BD90110020002000BA7B
S21402B8A04A2B0020482B0020DC280020000002B88B
S21402B8B050260020002002B807220D4B01211A80D4
S21402B8C000220C4B1A804FF03A43C3F8F410C3F828
S21402B8D0CC204FF40052C3F8D000C3F8F020F02278
S21402B8E0054B9A64A022A3F580539A64FFF79EBF85
S21402B8F04A2B0020482B0020006000B82DE9F041BA
S21402B900044688B105F0A8FD3D4E3E4A3388032C16
S21402B91003F0780105463C4F03F07F0C11445DD1DD
S21402B9203C6824B905F09CFD0320BDE8F08124F0B4
S21402B9300104386820F00100A04254D100223A6087
S21402B94022888C426FEA42426FEA5242228040D1FB
S21402B9502E4CDFF8D0C02788ACF180083A46083A69
S21402B96092B201F10800604528BF4046082A04D971
S21402B970B0F900E0BEF1000F40DB228088780C8828
S21402B9804FF03A413B449B1ADBB2C4F30C048C657D
S21402B9903380C1F89830C1F8B0204FF480221C4B97
S21402B9A000F00700C3F8142101221A4BC3F88421C1
S21402B9B0FFF7F6FD04280CD14FF48002164B1B6CE1
S21402B9C0164B1868164BD8301A6450F8A41C01F0AF
S21402B9D013FA284605F044FD0020A6E7601E01285B
S21402B9E098BF0C46A5E7094862440088A21A48BFD9
S21402B9F0803208389042A3DC284693E70146AEE739
S21402BA00482B002090110020DC2800204A2B002022
S21402BA10002000BA00E100E0000002B85026002034
S21402BA20002002B8101200201249134B0A881B8805
S21402BA3012481344083292B20A804FF03A41C1F8D3
S21402BA40B0204FF480210E4A073BC2F814110121A0
S21402BA5003F07803034498780A4A00F007000428A3
S21402BA60C2F8841103D10849CA681203FCD4074AF3
S21402BA70136070474A2B0020482B002090110020AC
S21402BA80002000BA00E100E0000002B8DC28002036
S21402BA9010B5054C206828B1C30701D4FFF72EFF66
S21402BAA00023236010BD00BFDC2800204FF4803343
S21402BAB0084AC2F81831A2F58052C2F814314FF083
S21402BAC03A43D3F8AC30C3F30C03782B01D8FFF714
S21402BAD067BD7047002000BA2DE9F84304460E46BB
S21402BAE005F0BAFC514B81461A885148514D02F076
S21402BAF07801032C2D8802F07F03014417D14E4CA7
S21402BB0024688CB92A44073A02F07802841803445F
S21402BB10E31A48BF8033AB4210DB484605F0A0FC70
S21402BB2000242046BDE8F88324F00104EFE7012C48
S21402BB3002D0022CEBD1083D0C46E8E7002E44D09A
S21402BB408C4246D14FF03A42D2F858804FF03A41F2
S21402BB500127CA6C02F0070206329740D1F8AC20E1
S21402BB60C2F30C029A4247DDB4F900302588002B56
S21402BB70D3DBA378C5F30C0503F007037A1EA5EB07
S21402BB8008053A43052B337005EA02052CD82DB278
S21402BB90E84340F236420421C00FFDF77FFB758072
S21402BBA0E378264A337412687B1E03EA0803D11828
S21402BBB0B160A9B213FA85F5BD4291BF0023FF1A00
S21402BBC0B780F2609CBFB180F360484605F048FC3F
S21402BBD0A7E7A4F10802824238BF04F17802B2F85D
S21402BBE00080C8F30C08B1E7154B5B6D003B18BF2D
S21402BBF00123A5EBC305CAE74B6D7A1EA3EB080328
S21402BC003A431A400F4B15B2DB6862B9C3F30363BB
S21402BC10D91E4B424B41DB0033700A4B72809B6C41
S21402BC20C3F30723BDE70823F6E700BF482B00202F
S21402BC30901100204A2B0020DC280020E02800205B
S21402BC40004000B8000002B8054BA622D3F84C010B
S21402BC503121431C0CBF0120C0F38070FDF71EBBD0
S21402BC600080E00F38B5134D0446297819B9202212
S21402BC7011480FF065F96188104A23785180002137
S21402BC8013700F4A022BC2F8CC104FF0FF010D4A78
S21402BC900D4B11704FF007010C4A4FF00000C2F82E
S21402BCA0FC130CBF04220122C3F8FC2301232B70D1
S21402BCB038BD00BF752C0020E03F00B0100D0020FC
S21402BCC0004001B8640D0020001002B8002002B83F
S21402BCD0034B1A6802609B8883800020704700BF6F
S21402BCE0100D002010B5044600F0F8FD064BD3F800
S21402BCF0F83724B983F40033C3F3404010BDA31EC3
S21402BD0058425841FAE700BF000002B84FF63F72A9
S21402BD1008B50A4BD3F8FC37934206D0084AC3F359
S21402BD2001131370E022074B1A7000F031FE41F641
S21402BD306A03B0FBF3F0044B186008BD000002B8BB
S21402BD40650D0020660D0020E428002020B10228A0
S21402BD5004D1034B18787047024BFBE7002070476C
S21402BD60650D0020660D00202DE9F74F846C4C22ED
S21402BD70022C38BF02246A49013C0B6AD1F8CC5027
S21402BD806849C3F38213DA400B680646A34290F86A
S21402BD9004B1654BDFF8ACA1DFF8AC91DFF8AC81FB
S21402BDA002F0010214D11878904211D19AF80000DC
S21402BDB058450DD1F06C58B1A84209D1B57D99F815
S21402BDC00000854204D1B8F8040003B0BDE8F08F45
S21402BDD00C6098F800101A700846FFF7B7FF002AA2
S21402BDE000F0868004234FF07F4100254F4AC2F8B8
S21402BDF0B8304F4BC3F8B810B37D1B06C2F8B83044
S21402BE004FF08052494BC3F8B42000F0C1FD40F217
S21402BE107123B0FBF3F0192160431828B0FBF1F14F
S21402BE204FEA054470D8002C78D0B4FA84F2C2F1F6
S21402BE302002C2F10F03012B38BF0123D440A142D6
S21402BE4001D2013B64086A1C03F01F0152008A40BB
S21402BE50384F121B9208C7F8B0201A0242EA0312A1
S21402BE601343019305EB052305EB0325324B40F6FE
S21402BE70C70218682B21003818BF0120FDF70EFAFA
S21402BE80FA222D4B02FB04F01B6840F6FF72B0FB51
S21402BE90F3F00A235843294B00F57A74C3F8C420FA
S21402BEA0019AA3F58053C3F8C420A3F58053C3F8C0
S21402BEB0CC50D3F8CC3000F58C50C7F8FC30F56483
S21402BEC01F4D14302C6001F017FF4FF47A72C7F83A
S21402BED0A400C7F8F8002B68B4FBF2F0B3FBF2F349
S21402BEE0A8F80430B37D8AF800B089F800306CE711
S21402BEF0002914BF10252025B37D834294BFED1878
S21402BF002D1805F0FF057BE7B1FA81F234B1B4FAD9
S21402BF1084F3D21A002A8CDC0F2390E70F2392E7D1
S21402BF20004001B8EC0B0020762C0020001002B86E
S21402BF30002002B8003F00B0E4280020006001B8EC
S21402BF40E8280020630D0020620D0020100D00205E
S21402BF5010B5114B01461B78104C0E2B02D1FF2058
S21402BF60207010BD18460EF056FE02461846FFF721
S21402BF70EDFE884228BF0846C0B2904238BF10463F
S21402BF802378C0B28342ECD0054B20701868FFF7C6
S21402BF90EBFE2078E5E700BF100D0020640D0020C0
S21402BFA05026002010B50446FCF7EAFE78B1154B81
S21402BFB01B786BB964B1144B1B784BB1134B1B78CF
S21402BFC0013B012B04D84FF40042114BDA6410BD3A
S21402BFD0104BDB6C1B04FAD405F03EFA044602F062
S21402BFE079FC4FF400420C4B2046BDE81040DA6460
S21402BFF002220A4BC3F87C240422054B1A6405F07D
S21402C0002FBA00BF772C0020782C0020EC280020C6
S21402C010002002B8000002B8001002B800D0035098
S21402C0204FF48022014B9A64704700BF005000B85C
S21402C03070B5054600F052FC01213A20E7F75AFF98
S21402C040424C434B00201D70FFF7ACFF2378013BA8
S21402C050012B0CD80122217CE37B8A4030214B4302
S21402C06042F2100103F1A04303F570335A50002246
S21402C070384BC3F87C24ADB94FF6FF71364AC2F886
S21402C0808410F821A2F58052C2F88410C3F87C54BA
S21402C090324B4FF08042DA644FF48022304B00205D
S21402C0A09A6470BD636883B300F072FC626800EB4A
S21402C0B05203B3FBF2F3013B1B0243F0F80326786C
S21402C0C02549022E264A22D0032E4FF6FF75214816
S21402C0D02AD0012E33D143F00203C1F88450C2F8AD
S21402C0E084300723C0F87C343021E37B01204B43A5
S21402C0F041F21001227C03F1A04300FA02F203F59A
S21402C10070335A50FFF74EFF17E0F823D7E74FF683
S21402C110FF7043F00103C1F88400C2F8843006229F
S21402C1200C4BC3F87C24DFE743F00503C1F88450C8
S21402C130C2F884300423C0F87C340A4BA9E7C1F85D
S21402C1408450C2F884300023F5E700BFEC280020B4
S21402C150782C002000C00350006000B8002002B80F
S21402C160005000B8001002B8F8B5214F06463D460A
S21402C17004460FCE0FC533682B6000F0AFFB0121DB
S21402C1803A20E7F7B7FE00221A4BC3F87C24A17ABE
S21402C190627A42EA0142C3F88824217CE27B42EAC0
S21402C1A00142C3F88424207B617B40EA0142C3F843
S21402C1B080243B78032B19D8DFE803F01202060C22
S21402C1C000230422E8F79AFB00230422217CE07B6A
S21402C1D0E8F794FB01230422A17A607AE8F78EFB43
S21402C1E0054B1878BDE8F840FFF722BF0120F8BDDE
S21402C1F0EC28002000C00350782C0020034BDB6C98
S21402C200002BBCBF024BC3F888007047000002B880
S21402C210004000B84FF0006338B1064AD364064BBC
S21402C2204FF40032C3F884207047044AD364044BA8
S21402C230F6E700BF001002B8005000B8002002B8AF
S21402C240006000B82DE9F0472D4B2E4C4FF47A765D
S21402C250A36000F09DFB4FF4FA73B0FBF6F673434F
S21402C26007462948190E1B021818284A4FF00003E1
S21402C27041F1000103F0D0F9A0F58073054623636F
S21402C28020B966222B21FDF709F801254FF47A72B0
S21402C2904FF0000A6A4353465008310203F0BCF9D5
S21402C2A01B4BB7F57A7F19601A4B4FEA0568894629
S21402C2B0044618604FEA152505D276222B215046F1
S21402C2C0FCF7ECFF01264FF47A73A8FB030103FB8D
S21402C2D005117308C01841F100010023324603F02D
S21402C2E09BF90D4B023419600C4B49F10009A40866
S21402C2F0186044EA8974034B013C9C63BDE8F087EE
S21402C3000211010000C001B820A1070040420F0040
S21402C3100C290020082900200429002000290020DA
S21402C3201022044BC3F884215A600122024BDA60C1
S21402C330704700BF00E100E000C001B81022064BC3
S21402C340C3F88421C3F88420BFF34F8FBFF36F8FE7
S21402C3500422024BDA60704700E100E000C001B838
S21402C36010B50446A242A2EB0000A3EB010104D2E0
S21402C370034B01399B6B0133184401F0030110BDD6
S21402C38000C001B838B501250A4B02019D504FF492
S21402C39080730446084A8340536605F05DF8074AF0
S21402C3A0A540137823EA05031370BDE8384005F06C
S21402C3B057B800BF00E101B800E001B8792C0020B0
S21402C3C02DE9F84F164605468A461F4605F044F8FC
S21402C3D0022E00F0B080804605F045F8694B6A4AA6
S21402C3E0D3F8209092F88D405A6EE4B2520744BFBA
S21402C3F0D3F82090013405F03CF8644B644A1B687D
S21402C4001168A3FB093213F100434FEA847301FB60
S21402C410093343EB020304F00302DAF80040012E6C
S21402C42004BF0134E418A3EB040308BFCAF80040B3
S21402C430B3F1804FC0F093804FF00040002355497F
S21402C440D1F800C024F04041ECFB01035248A40F8F
S21402C450006800FB01334B495048896B8B4281BF11
S21402C460013401315B1A04F00304A41A994584BF0F
S21402C470444A04F1FF3404F0030488BF926BA3EB32
S21402C480090C4455A4B1FC0742BF41F61F71444A49
S21402C4905167B90742BF424A424951677A0742BFCB
S21402C4A00021384A91673C0742BF0021354A916510
S21402C4B04FF0110A4FF0010E324A05F11004240122
S21402C4C002EB051BCBF80C3142F804A0136A36497E
S21402C4D0A3EB09030EFA05F4D2F864900A78E4B2E4
S21402C4E0224363450A7025D34FF48073AB4019EAA2
S21402C4F0030F1FD1425D002A40D10EB32B4AF80724
S21402C500536607D541F61F7140F20110244B596756
S21402C51050675967B90706D5214B224A2349244852
S21402C5205A6748675A677A0742BF0122214B1A6147
S21402C5303B071AD4404604F093FF0120BDE8F88F6B
S21402C5401D4A2D0142F805E042F89C3C04F084FFA7
S21402C55015490B7823EA04030B7004F081FF40466A
S21402C56004F07EFF0020BDE8F88F2120FFF746FE8C
S21402C5704FF48032034B4046DA60DCE70B4A404613
S21402C5805366D8E700C001B8003E00B0002900207C
S21402C59004290020082900200C2900207A2C0020DB
S21402C5A000E001B800001F1F792C002000D001B85F
S21402C5B000000101000002B800E101B8024B187841
S21402C5C0003818BF01207047792C0020034B10302A
S21402C5D00001185800F00100704700BF00C001B803
S21402C5E0044B01F0F071103041F0030100011950C4
S21402C5F0704700BF00C001B838B504F034FF084BDE
S21402C600084A1D6A92F88D405A6EE4B2520744BF39
S21402C6101D6A013404F02DFF284604F0030138BDDC
S21402C62000C001B8003E00B038B50B4B03EB001259
S21402C63010300001D2F80C411D58FFF7DDFFAB07A2
S21402C64006D5844200D90139204601F0030138BDDF
S21402C650844238BF0131F7E700C001B808B522208E
S21402C660FFF7CCFD4FF48022014BDA6008BD00BF15
S21402C67000C001B8064B1B68434303EB8171054BB0
S21402C6801B68A3FB003013F1004341EB0000704728
S21402C69004290020002900200C4A20F040430146CD
S21402C6A010B5002014684FF00042E4FB0320084A4D
S21402C6B0890F126802FB0300064B9B6B984204D953
S21402C6C001330131C01A01F0030110BD0829002010
S21402C6D00C29002000C001B8F8B50646FEF732FC69
S21402C6E0044608B1FFF72AFE00230B4D0B4FAB6141
S21402C6F03046EB612B6287F88D30FFF7CDFFC9B26B
S21402C70087F88D1028622CB1FFF70AFE4FF0806280
S21402C710034B1A640020F8BD00C001B8003E00B00A
S21402C720002002B870B50C68651C15D0C4F302660A
S21402C7309E42C4F3074530D1A4B294422DD804EBEE
S21402C7408506B24229D2141BA50824F003040E590A
S21402C750340F04D0012C09D00022012303E06B1C05
S21402C76051F8232000230260037170BD0D4C34F88B
S21402C770133042EA03431A686B1C51F8234001EB5C
S21402C78083014B6822405E4036F07044EAD11B0FAC
S21402C790032B04BF8B681A43E4E7013501EB8501DE
S21402C7A0C1E700BFA4CD030070B51646054610B912
S21402C7B00124204670BD0029FAD04268104B00685A
S21402C7C003321B68920800F130409847044600285E
S21402C7D0EFD1002EECD0EA68A86803323146920800
S21402C7E000F130400EF04BFA04460028E1D1D5E9BC
S21402C7F00402214600F130400EF0A2FBD9E700BF4A
S21402C800F40B002007B501A8E8F75CFA9DF805309E
S21402C810022B02BF40220B4BC3F8FC23C8220A4B52
S21402C8205A650A4B0A4AD3F86032DBB2FF2B08BFBE
S21402C83003239B0043F47F53C2F8F83303B05DF83A
S21402C84004FB00BF001002B8008001B80080E00FB1
S21402C850000002B8002310B5194C012123643A20C7
S21402C8606364A364E7F746FB0122164B5A61022271
S21402C8709A62E368C3F303630D2B01D0002BF8D151
S21402C8801123114AA36311491148FFF78DFF01F0E6
S21402C89069FB104A936843B94FF08062094B5A61AC
S21402C8A0012203F580535A6110BD0B49D26809680C
S21402C8B003F13043032AEFD943F8041B043AF9E79D
S21402C8C0000002B8001002B804CE030008CE03002F
S21402C8D0ECCD0300D4CD0300080C0020012341F662
S21402C8E0FF710D4AC2F8803291660C4A53600C4AB8
S21402C8F053600C4A5360A2F580425360A2F5404250
S21402C900536002F5C032536002F580425360A2F5CE
S21402C91000425360704700BF0090005000D000B83D
S21402C920001000BA005001B838B50324FFF7D6FF4E
S21402C930114A124B124DDA64FFF764FF114BC3F82B
S21402C940E0400123EB6401F091F94FF460736B61F0
S21402C9504FF40073EB640EF0E8F80021FEF7C4FD16
S21402C9608022094B1C64A3F580535C64074BC3F812
S21402C97084215A6038BD00BF0048F000000002B8AB
S21402C980001002B8005001B800A002B800E100E0B2
S21402C99008B5E6F793FC044B1B6FC3F30043013361
S21402C9A0B0FBF3F008BD00BF008000502DE9F04F49
S21402C9B0044687B003908A465AF8046B731C06D165
S21402C9C0039B2660E01A801007B0BDE8F08FC6F31E
S21402C9D00745012D38BF0125324BC6F3016233F8F5
S21402C9E01230B7B247EA0347EB002F4904930433E9
S21402C9F023448B424FEA167602D92C4B9C424ED9E0
S21402CA0007234FF00109D346D34003F0010309FA86
S21402CA1006F9029309F0940304F1080801950593B8
S21402CA20059B0BF1040B53B919F0420F19D119F0FB
S21402CA30280F0BD148F8087C5BF8042C20E040F263
S21402CA40AA7232210020FCF729FCF3E740F2AF720B
S21402CA5032210298FCF722FC07F5805248F8082C8F
S21402CA60EAE74FF4F76232210298FCF717FC07F563
S21402CA700052012E48F8082CDED15BF8042CD24373
S21402CA80019B48F8042C013B07F1040708F108084B
S21402CA900193C5D1049B0AEB85011C448BE7002059
S21402CAA092E700BF9CCD0300DF4F00B0E04F00B01E
S21402CAB0F8B50646E0B10024144B25461F46144935
S21402CAC053F8042BAAB91348314600EB8500FFF74A
S21402CAD06DFF30B940F661023621BDE8F840FCF73A
S21402CAE0DDBB0D4B0135281847F8246023F81400E7
S21402CAF0F8BDB242FCD001340C2C02D031F81450EE
S21402CB00DEE740F66F0236210020E6E71029002015
S21402CB104A2B0020404000B04C2B002070B5044643
S21402CB2090B1A9B13A4A52F8043B834212D100238B
S21402CB30384A116CC907FCD49B0003F58043403386
S21402CB401360354B01221A6470BD01330C2B02D1DF
S21402CB50324D2CE0012352F8041BA142F5D1304A93
S21402CB6032F81330E4E7C2F3016335F81300110C10
S21402CB7093B211F0FE0F43EA0043606820D00434FB
S21402CB80CAB2022A216808D9D4E90160033AC3E985
S21402CB90001698600C340C33F3E704D16268C3E9DC
S21402CBA00012083403E0012A01D104341960226815
S21402CBB0531CD8D10022174B1A6003F58053C1E7E5
S21402CBC0120F072AEDD8DFE802F00704090D10134A
S21402CBD0181DC04303F500531860E2E71A68424086
S21402CBE01A60DEE703F58053F6E70EF03DF8D8E765
S21402CBF0012203F580538240F2E7012203F5005337
S21402CC008240EDE71A6830EA0202FBD1C9E700BFAC
S21402CC101029002000C002B800D002B8A4CD03003C
S21402CC204A2B00200122014BDA647047001002B83A
S21402CC300122014BDA647047002002B84022014B01
S21402CC40DA647047002002B84022014BDA6470476B
S21402CC50001002B808B50C4B1B68D3F8C83023B1D5
S21402CC601A68022A01D9186A08BDFFF791FE074B17
S21402CC7002469B6D98B20028F6D0C3F30743D2084B
S21402CC805343B3FBF0F0EFE750260020004001B814
S21402CC90064BDB68C3F30363984206D1044A936EDD
S21402CCA023F0F00343EA011191667047000002B8D0
S21402CCB0003F00B010B50446FFF7CCFF0F4AD2F88B
S21402CCC038311B040E4B48BF40089B6C03F4C0531C
S21402CCD0B3F5805F0ABF936BC4F30113C3F34163DA
S21402CCE0012B02D0022B02D010BD4008FCE7C4F391
S21402CCF0C4240134B0FBF4F0F6E700BF004001B8EC
S21402CD00004000B82DE9F0470E460DF090FF0024D3
S21402CD108046DFF8B4A0DFF8B49004F09DFBDAF8A2
S21402CD200C300746C3F30363012B0BD1711C35D0BD
S21402CD300DF07DFFA0EB0804384604F091FBA642F6
S21402CD40EBD80DE0052BF1D00B2BEFD0023B012BDD
S21402CD5009D9013602D00DF06AFF384604F080FB8E
S21402CD601848BDE8F087D9F80C3013F4603FDDD0E0
S21402CD70D9F818301A04C3F3891512D4013602D032
S21402CD800DF055FF384604F06BFB2DB26FF4FF73BF
S21402CD90A5F1C8009842B8BF1846E2E704F060FB67
S21402CDA0BBE7731C03D00DF042FFA0EB08046FEA4A
S21402CDB085556FEA9555384604F052FB15F5007F07
S21402CDC0BDD0E3E700FEFFFF000002B800C000B8D7
S21402CDD00122024B98611A61704700BF000001B839
S21402CDE0044BD3F8AC3010B1C3F30332027003F035
S21402CDF00F007047000002B8094B01F080011B6C5F
S21402CE0003F480030B4309D14FF40012054B1A6258
S21402CE10837F1BB10122044BC3F80021704700BF79
S21402CE20000002B8006001B8005001B810B504F066
S21402CE3013FB084B04461B683BB1984728B10022F7
S21402CE4000204FF4806101F0A7F92046BDE81040AB
S21402CE5004F006BB402900204FF604014FF60502F7
S21402CE60044B01201B6C9BB28B4208BF1346024A3E
S21402CE70136670470080E00F00C001B8074BD3F876
S21402CE80483203F00303012B03D0022B03D0002009
S21402CE90704704F0EBB8E6F75BBA00BF00800050BC
S21402CEA02DE9F74FDFF8ECB081460F46DBF808A015
S21402CEB0FFF7A2FB4FF0FF35CDE9000100202C461C
S21402CEC0064606F110031B015BF8033003F0030865
S21402CED0B8F1010F15D13046FFF7A6FB02460B4606
S21402CEE0DDE90001FFF73CFADBF8643006F10802E0
S21402CEF0D340DB0737D5002F3ED000252C463E60B8
S21402CF0040460136082EDCD150B3224F0AF4403395
S21402CF10B96B00220131A4FB0141641941F1000101
S21402CF20B3F5003F30D17B6B0AF4405A013342F12D
S21402CF300006BAF5805F22D13D6B15F5807505FBBC
S21402CF4006F642F1000203FB0266A5FB03323244F8
S21402CF50594304FB0212A3FB04341444C9E9003407
S21402CF6003B0BDE8F08FA84271EB0403C8D207B144
S21402CF703E6005460C46C3E73D463C46C0E73202E5
S21402CF8042EA13621B02E3E73B6B13F5807342F13E
S21402CF900002DDE700C001B8F8B506200DF04EFE2F
S21402CFA004460DF044FE42F21073041B9C420546F2
S21402CFB018D94FF080624F240B4B1A6441F26F77F8
S21402CFC00A4E0BE00DF033FE401BB8424FF0F7025C
S21402CFD021468CBF00200120FCF760F9336C5B0110
S21402CFE0F0D5F8BD1A24E9E7002002B8000002B81E
S21402CFF008B50DF0B1FE0122054B93F885300233D9
S21402D0005B00DBB202FA03F3024A536108BD00BFBB
S21402D010003E00B0002000B80B2870B500F29580E4
S21402D020012900F292804A4B83F8840083F8851027
S21402D030484B5B689D05C3F3402227D44FF0384324
S21402D0405A60454A506E44026BD5444B5B6803F007
S21402D0500303022B65D00223C2F848320122404B5A
S21402D0609A604FF038435A60DA60996A0807FCD132
S21402D0701969C907F8D540F2FF323A4B9A615A61EC
S21402D0804FF40072334BC3F884215A60304C0121AE
S21402D0903B20E6F72FFF94F8853094F88420324937
S21402D0A043F4402343F41063063241F82230FFF77C
S21402D0B06FFC4608C507FFF7E1FE0023024631462D
S21402D0C0284602F0A9FA090241EA1061C0F3C050EC
S21402D0D040EA4100254BA067186B10F5807005D119
S21402D0E04FF4E1722B21FCF7D9F802200246002306
S21402D0F00020012102F090FAE067FFF7BFFE40F63B
S21402D10049435843000DFF2828BFFF20022838BF96
S21402D1100220002184F88C00012000F0BBFD0020D4
S21402D12070BD10F4001006D0114B586800F00300D2
S21402D130023818BF01204FF4A9721B21FCF7AEF883
S21402D1400122054BC3F8482288E70120E8E700BF22
S21402D150003E00B000E100E00080005000000250F7
S21402D160001000B8002000B80080035000C001B8CC
S21402D1700040025038B1064B93F88400087093F8CA
S21402D18085301370704707230B700123F9E700BF41
S21402D190003E00B070B5FFF7FFFE0021022000F04F
S21402D1A079FD0DF044FD04460F4D104ED5F8F433CC
S21402D1B01B070BD504F050F9BDE8704002220C4B59
S21402D1C0DA6001220B4B1A7004F04AB90DF02FFDFB
S21402D1D0001BB04240F22A224FF045018CBF0020CD
S21402D1E00120FCF75BF8E1E7000002B83F420F00BF
S21402D1F000C001B8822C0020224910B50B78002B03
S21402D2003FD00122204C94F8853002335B0002FAAC
S21402D21003F31E4A93614FF400721D4BC3F8842138
S21402D22000230B701B4B4FF43072186C3921C0F37D
S21402D2308060FCF733F84FF48041174B174AC3F867
S21402D24094100C2194F885304B4303F138435B6B02
S21402D250D4F88010994202BFD2F86C31C4F88830F4
S21402D260D2F86431D4F8880008BFA4F88630B4F83F
S21402D270861000F0A7F8BDE810400121022000F059
S21402D28009BD10BD822C0020003E00B0002000B870
S21402D29000E100E0000002B800E001B800C001B8FA
S21402D2A010B50446FFF7EAFD6043044B00F5F42090
S21402D2B000F59070B0FBF3F010BD00BF40420F00C7
S21402D2C02DE9F74FFFF7ECFF0546FFF765FE04F082
S21402D2D0C3F800214FF0384ADFF8E4900646684665
S21402D2E089F80010FFF7DCFD304BDAF82070DB68B7
S21402D2F013F0706F1DD12E4B5B6913F0060818D120
S21402D30000284CD0FFF744FB691DA1FB00B4FFF7D1
S21402D310B5FD214602464346584602F07DF9DDE950
S21402D320004B090241EA10610002A04271EB0B01B8
S21402D33005D3304603B0BDE8F04F04F091B8FFF7CE
S21402D3409DFD220A42EA0B624FEA1B23A0FB02B2B1
S21402D35000FB0324FFF71CFB4346024621465846C1
S21402D36002F05AF90C220121124B013593F885304E
S21402D3707F1B5A4302335B00074402F13842DCB299
S21402D380576301FA04F40C4F99400C4B7C61996187
S21402D390DAF82030526B2D1A9B1AAB42C9D30222FE
S21402D3A0034BDA60012389F80030C2E7000002B8B6
S21402D3B000C001B8003E00B0002000B8001000B85F
S21402D3C0822C00202DE9F04F4FF00C0A0027B54AB8
S21402D3D0054692F8854088460AFB04F303F1384373
S21402D3E01F6392F88420B04B87B0C3F8B4204FF482
S21402D3F00032AE4B46461A610222A3F58053DA602B
S21402D4004FF03843AA4A1B6A92F82413AB46C9B2B5
S21402D410059192F829130134C9B20491012104F04E
S21402D420010482F8247382F82973A21C0AFB04F40E
S21402D430500001FA00F003F1FF390290019004F166
S21402D4403844A3EB0903002B40F3FF800137022F79
S21402D45065D9DB220D210020FBF720FF4FF0805319
S21402D4609449934A4B66059B934C03F0F00382F86B
S21402D4702433049B03F0F00382F82933894A4FF4DD
S21402D4800033C4F86CB1C4F86461A2F88660002662
S21402D490C2F88090C2F888B00B61834BC3F8B460C0
S21402D4A00C2392F885205A4302F13842166303F0A1
S21402D4B0D3FF334632464FF4807E276AD4F864C0E0
S21402D4C003F110010901615801F00301012910D18D
S21402D4D00EFA03F111EA0C0F0BD104EB0316AF425E
S21402D4E0D6F80C61C0F0D880B54202D2B74280F0BE
S21402D4F0D6800133082BE3D1704D2C68012C40F204
S21402D500E3803AB16749B1F88E301343A1F88E3002
S21402D510664B5A6607B0BDE8F04F03F0A1BF4FF066
S21402D520000B604E96F885300AFB03F303F138438E
S21402D530C3F830B003F090FF4FF080515D4B03907C
S21402D54059664FF0384396F885201B6A00920AFB0C
S21402D55002F203F1010902F13842C2F83490534A4A
S21402D56002331167C4F830B0029A6363544B5248D0
S21402D5705A61019AA3F580539A618368DB0340F1EE
S21402D5808880D6F88030B26FA9EB0303A3FB022192
S21402D590036B03F5807CF36FA1FB0360A2FB03E33E
S21402D5A09B19ACFB03E640F100000CFB0066B2EBF5
S21402D5B00E0261EB0606120A42EA06624244B2EB29
S21402D5C01C2F4FEA1C2603D3013340F10000921BA6
S21402D5D0043E964228BF16463749324A8E6192F872
S21402D5E08D20D1F820C0EB18D2B2896B40F1000032
S21402D5F0654584BF02F1FF32D2B2B1F1FF3F0ED0D1
S21402D6004FF0000E01F1010C99427EEB000B08D29E
S21402D6100132B3EB0C03D2B260F10000F4E702442D
S21402D620D2B29B461F49244B02F0030281F88D209A
S21402D630C3F820B00222009B03980AFB03F303F10F
S21402D64038431A63226303F00BFF4FF038431B6A1A
S21402D650009303F001FF1B490A6922F004020A61E3
S21402D66030BF4FF08051019B154A936102F5E032BC
S21402D67011670022102122630D4AC2F8841103F0BA
S21402D680EFFE0D4A009B526E12F0805F3FF4D9AE59
S21402D690E4E64646AB46CDE7B542BFF427AF1143B4
S21402D6A08AB226E7003E00B00080035000D001B8E0
S21402D6B000E100E000E001B800C001B8AC2800209C
S21402D6C0002000B800ED00E011490B78142B01BFD2
S21402D6D00023104E0B7033700B7801330B70002A48
S21402D6E03FF418AF0C4EB6F88E301343A6F88E30C1
S21402D6F00A4B5A66074A13780133DBB2022B1370C1
S21402D7007FF408AF002301342C600B70137001E71E
S21402D710842C0020832C0020003E00B000D001B8EC
S21402D720F8B50B46002213F8044B944225D91D681F
S21402D730854224D106245A791D79124B88181E6810
S21402D74004FB0503104F33F8063C7B43B3420ED965
S21402D75000238A5A7A43964202D804FB0300F8BD95
S21402D7609D42FAD9013304FB03F2825AF2E740F2F1
S21402D7705F423D210020FBF791FD0020EFE70833D2
S21402D7800132D2E74429002040420F0000202DE952
S21402D790F84FA2FB018BBD4EBD4F18EB060699460D
S21402D7A06BF10003B74270EB030307D240F2592233
S21402D7B00E21FBF773FD0220BDE8F88FD9F814A0FE
S21402D7C00C461546BAF1000F04D0DAF80030032BE7
S21402D7D000F21D81AF4BB04A9F6BA3F58043D3F88E
S21402D7E0EC30C7F314075900AC4B48BF47F4001798
S21402D7F01B6ED2F8FCA05A074EBF4FF440039B059F
S21402D80003F0E0731F43A64BD3F8E4309E0748BFED
S21402D81047F0807747EA4567E5F780FD012D064623
S21402D820C9D10028C7D09F4B984200F0FF8003F56D
S21402D830122303F5F863984200F0FE809A4B984252
S21402D84000F07581002502462B4600204FF000713D
S21402D85001F0E2FE2B46013008FB03F3C7F3130187
S21402D86000FB0B33A1FB0662A8FB008001FB05222E
S21402D870034420339B09C9F80030F60C8B4B46EA6A
S21402D8804236F8021C6058BF7642894B894D3444B2
S21402D8901E602C60BAF1000F00F0B7800023F90179
S21402D8A08549C7F381528A5C194648BF6408002E30
S21402D8B0B8BF764292066008C2FB0601224601F015
S21402D8C0ABFEDAF800600E2E08D9744B714A916BE3
S21402D8D0DA69D3F80C31D20600F1CF8017F40017BC
S21402D8E014BFC42240F207127449C0F31300A1FB0E
S21402D8F004C14FEA511102FB01F1C9F80400DAF83B
S21402D90018004FF4FA73B1FBF0F118BF002701FBC1
S21402D91003F3A4FB02C2FA33A3FB003004FB072284
S21402D9206345904138BF0131C9B241F4006CC9F871
S21402D93008C000297ED0DAF81C00A1FB00371CB113
S21402D940B4FA84F20E2A7EDDE203002F78D1B2FB0F
S21402D950F3F2530003FB0113A3FB00874FEA044EC6
S21402D960C6454FEA144474EB070709D34F003B44FD
S21402D970A0FB0381C64574EB010102F10102F6D257
S21402D980C2F30E024CEA023C4CF00063062EC9F8C3
S21402D990083040F29980DAF83030002B00F094809C
S21402D9A00023C9F80C30C9F81030E5F7B7FCDAF8EE
S21402D9B03010FFF7B5FE044618B18378002B40F00E
S21402D9C0D580E5F775FCDAF83010FFF7A9FE0446B5
S21402D9D0D8B18378CBB1407940F28B52003818BF69
S21402D9E001203D21FBF75AFC207940F28C52003888
S21402D9F04FF03D0118BF0120FBF750FC23796279F6
S21402DA001B0243EA0213C9F810300020D4E6042BA6
S21402DA10DAF828707FF400AFF8014CBF4FF44003E9
S21402DA2007F0E07327F0E0771F43F5E6002324486B
S21402DA301D4611E70120BFE6002322481D460BE7DC
S21402DA400B46002288E7C2F10F0E02F1110807FA10
S21402DA5008F823FA0EF343EA0803AEF1200827FA81
S21402DA6008F843EA080327FA0EFE01334EF10007D0
S21402DA7004FA02F2002FE3D169E701F4801103F4FD
S21402DA800013194308BFC0F5801027E7006CCA8848
S21402DA90807C814A008001B8004F00B0004001B887
S21402DAA0000002B800F04902005A62024C29002027
S21402DAB04829002044290020C0CD0300D34D62101F
S21402DAC00A3BB2DF313641DCE5F728FC2C6894B31A
S21402DAD0B4FA84F3D3F1020358BFDC40354B9C42C0
S21402DAE088BF6408C8B3B4FBF0F3642100FB13429A
S21402DAF001FB02F2904203F1FF3253D85D0853084D
S21402DB00013D1B0243EA0515C9F80C50E5F7D6FBA2
S21402DB10E0B1B4FBF0F2642100FB124401FB04F412
S21402DB20A0423DD8531E52085B08013A68E700231C
S21402DB3021481D4690E66FF01F050028E4D140F20A
S21402DB40DD422B210020FBF7A9FBDDE74FF4A062A4
S21402DB502B21FBF7A3FB621EE4E7631EA51E5B08F0
S21402DB606D08013B2D0245EA0315E8E740794FF4BC
S21402DB70AE62003818BF01203D21FBF78FFB2079EB
S21402DB8040F27152003818BF01203D21FBF786FB98
S21402DB90237962791B0243EA0213C9F80C3010E7B4
S21402DBA01446D8E79D1E6D085308013B2D0245EA30
S21402DBB00315A9E73FBE4025D694BFD610B5044646
S21402DBC086B059B9214B4168D3F8FC30827A204896
S21402DBD0059300686B46FFF7D9FD69461D4B0A6838
S21402DBE05A631A4BD3F8FC3033B34B6843B11A4B23
S21402DBF01A4AC3F80C214A68A3F58053C3F80C21CD
S21402DC008B6843B1144B164AC3F8EC208A68A3F516
S21402DC108053C3F8EC20134AC868D2F8743123F450
S21402DC20EE630343C2F87431D2F86C31096923F407
S21402DC30EE630B43C2F86C31002022890A4B9A62CB
S21402DC4003F5A033186406B010BD00BF004F00B045
S21402DC5050260020008001B8006001B8FFFF0F00C8
S21402DC60FFF8FF0F000002B8004000B8064B9A6E9D
S21402DC70920607D55B6E002B4FF48043B4BF034A6F
S21402DC80034AD3640020704700800050002002B888
S21402DC90001002B8064B1A6C9207FCD4022240EA25
S21402DCA001205860034B1A640122034B1A70704716
S21402DCB000C002B800D002B8852C002040B103682C
S21402DCC0012B05D90069034B002808BF1846704788
S21402DCD000487047C8CD0300064B586E5B6AC0F317
S21402DCE00112000C02FB000003F01F03013318446C
S21402DCF0704700BF004001B8084BC1171A68A2FB64
S21402DD00000302FB013310F1807043F10003400E62
S21402DD1040EAC310803820EAE07070475429002099
S21402DD200722194B70B5DA63FEF732FE174BC408AA
S21402DD30010B0546E005C018154A41F10001002313
S21402DD4001F06AFC134B144E18601448FFF7D4FF18
S21402DD504042C6F8DC0049F65800FFF7CDFFC6F889
S21402DD60A8000F48FEF798FC024660B1E30150088F
S21402DD7018184FEA15714FF0000341F1000101F047
S21402DD804BFCC6F8B40070BD000002B8B2E60E0046
S21402DD9065CD1D0054290020003F00B0701101001F
S21402DDA040420F002DE9F047064608469846FFF720
S21402DDB085FF1546074616B308F0020918F0040850
S21402DDC01FD1B9F1000F1AD04FF47A707368584316
S21402DDD0002B40F08680FFF78FFF28637369002BC5
S21402DDE000F085804FF47A72B86802FB0300A0F553
S21402DDF0FA50FFF781FFE862B8F1000F53D1BDE891
S21402DE00F0873069002863D04FF47A735843BB68B2
S21402DE10A0F57A60C01AFFF76FFFA862B08B0028E1
S21402DE2059D04FF47A735843BB68A0F57A60C01A8B
S21402DE30FFF762FFE861324BF468D3F800A0002CCB
S21402DE404CD04FF47A735C43BB68A4F57A64E41A48
S21402DE507B68E41A2B4BE1171A68A2FB044302FB09
S21402DE60013314F1807443F10003640E44EAC314D0
S21402DE70803C254B2C62D3F8C430244C6B6223685A
S21402DE804BB150460CF017FE28B12A463946236895
S21402DE90DAF87C009847B06900210CF089FF6863C5
S21402DEA0B9F1000F90D1B06820BB47F23050FFF7AF
S21402DEB023FF68614FF47A703368584323B13B6896
S21402DEC003F51C5310331844FFF716FFA86196E7B4
S21402DED049F640409FE749F64040A9E749F64044E4
S21402DEE0B8E73B6803F51C531033184473E747F250
S21402DEF030507EE74FF47A735843A0F5FA50D6E7CF
S21402DF005026002054290020003F00B0502900204F
S21402DF1008B9FFF7E1BE034881420CBF2F20BC20A0
S21402DF20704700BF48E8010010B508461C460CF0D2
S21402DF308CFE094B0246D3F8FC00FFF7BFFE43688F
S21402DF40A018002B054AA8BF4FF4FA721A44044BD5
S21402DF5092FBF3F2104410BD004F00B00CFEFFFF20
S21402DF6018FCFFFF70B588B06D46124C0FCC0FC57B
S21402DF7094E80F0085E80F00B02200210E480CF04E
S21402DF80DFFF202200210D480CF0DAFFD822002104
S21402DF900B480CF0D5FF0CF00AFF0A4B1B783BB17E
S21402DFA06D46044E0FCD0FC695E80F0084E80F00AD
S21402DFB008B070BDE03F00B0503F00B0E04F00B088
S21402DFC0783E00B0752C00200A4B197801F0FF024B
S21402DFD029B10021197008499202C1F80421597822
S21402DFE001F0FF0229B1002159709302024AC2F8D9
S21402DFF008317047862C0020005000B8064BD3F834
S21402E000EC0E064B5B6C1A0103D4054B9B6E1B048D
S21402E01001D500F580707047003000B0000002B8ED
S21402E020004000B808B503F017FA0E4B1A78A2B9EA
S21402E0300D4A126812F4843F0FD10C4A1021D164A3
S21402E0401B7863B9084B1B68DB0508D4074B2022F4
S21402E050DA64BDE8084003F003BA054AEEE7044B6B
S21402E060F5E700BF8A2C002010120020002002B81C
S21402E070001002B810B503F0EFF90E210446032093
S21402E080FEF706FE40F20122034B2046BDE8104092
S21402E090DA6203F0E5B900BF004000B80022044B84
S21402E0A01A70044B197811B11A70FFF7BBBF70478C
S21402E0B0892C00208A2C002008B503F0CDF94FF0F9
S21402E0C00042264BC3F88020BFF34F8FBFF36F8FFB
S21402E0D00122C3F88420BFF34F8FBFF36F8F022253
S21402E0E0C3F88420BFF34F8FBFF36F8F0422C3F8A9
S21402E0F08420BFF34F8FBFF36F8F0822C3F88420AC
S21402E100BFF34F8FBFF36F8F4FF00052C3F88020DC
S21402E110BFF34F8FBFF36F8F1022C3F88420BFF375
S21402E1204F8FBFF36F8F2022C3F88420BFF34F8F29
S21402E130BFF36F8F4022C3F88420BFF34F8FBFF325
S21402E1406F8F4FF48062C3F88420BFF34F8FBFF304
S21402E1506F8FBDE8084003F083B900BF00E100E01E
S21402E16008B503F079F94FF000420A4B1A60012213
S21402E1705A6004225A6008225A604FF000521A600F
S21402E18010225A6020225A6040225A60BDE8084097
S21402E19003F066B900E100E0012370B5074C237076
S21402E1A0074B1E68074B3240D3E9005319402840FC
S21402E1B0FBF7EEFC0023237070BD00BF882C002006
S21402E1C05C290020101200202DE9F047DDF820A07F
S21402E1D003EA0108099B06460D4602EA000703EA1F
S21402E1E00A09BAF1000F40F05C81031F0B4300F0EE
S21402E1F01C81052871F1000380F0F28050EA0103C9
S21402E20000F07281431E0B4300F03281FFF754FF89
S21402E210B64AD2E9004323EA050324EA06043C434D
S21402E22043EA0807B24BC2E900471E6826EA0A0616
S21402E23046EA09061E60FFF7F5FE14F02A4F14BFE1
S21402E24048F202034FF40043AA4AB007D26EAA4825
S21402E25048BF43F4005383EA020122EA0302C2667D
S21402E260A64A0B408166D366C4F38042120321039A
S21402E27048BF42F48072E30648BF42F40052A04B05
S21402E280A50648BF42F400726006D3F80C3248BFB7
S21402E29042F48062210648BF42F40062994882EA4C
S21402E2A0030123EA0203C0F80C32974B0A40C0F877
S21402E2B00812C3F80C22BA0507F4007300F11081A5
S21402E2C0924A1D46D2F8A41002F50052C2F8A410D3
S21402E2D0C2F8A0104FF05022C2F8A4308C4ADFF8E1
S21402E2E06C8282F88830E30448BF45F48035A00388
S21402E2F048BF45F48015A10748BF45F4001514F43D
S21402E300001F06D0D8F800000CF079FD08B945F4D5
S21402E3100025E20248BF45F40035FB067D4B48BFA8
S21402E32045F480051A6A7C4985EA020323F0010354
S21402E3301A400A621D40CB61784B16F0010F1D622F
S21402E340774B784A18BF1A46774B7D071B6F48BF34
S21402E35042F00062754882EA030123EA0203036779
S21402E360734B0A4041661A67724A04F00103916CC5
S21402E370A0F5803081EA030221EA03018164426447
S21402E3801A406D4B20029A64D8F8002048BF6B4BA7
S21402E39092F81D2158BF6A4B610748BF43F4806359
S21402E3A022B114F4C06F18BF43F4807332074FF0E3
S21402E3B03A42BDE8F047D2F8181148BF43F000438E
S21402E3C083EA010222F4A0225E481140C0F8181126
S21402E3D01340C0F814215C4AC2F81831FFF7C0BED9
S21402E3E0A0F580630B4306D020F48063A3F5007388
S21402E3F00B437FF40BAF03F02FF83C49D1E9003210
S21402E40023EA060322EA050242EA08023B43C1E97E
S21402E41000324E4A126892F81D114A4A09B313F4A2
S21402E420C06F1ED04FF4807311E003F015F82F4A28
S21402E430D2E9003123F004033B4341EA080157EADC
S21402E4400807C2E900314FF480633E4A0BD0C2F897
S21402E4501431A2F58052C2F81831BDE8F04702F036
S21402E460FFBF4FF48073C2F81831C2F81431F4E7D4
S21402E47002F0F2FF1D4AD2E9003123F001033B43CA
S21402E48041EA0801C2E900310123314A57EA080786
S21402E4901BBF5364A2F580529364936408BF53640F
S21402E4A0DBE750EA01037FF4B1AEBAF1010F7FF465
S21402E4B0ADAE02F0D1FF0E4A136823F0010343EA21
S21402E4C0090313604FF48063184AB9F1000F04D0B1
S21402E4D05366A2F580521367BFE713675366BCE71D
S21402E4E001234FF48025F9E6BDE8F08710120020DC
S21402E4F05C290020004000B8006000B8005000B858
S21402E500004001B8006001B8005001B80040005059
S21402E510003F00B0000002B8002002B8001002B8A7
S21402E520041C00030418000300C001B800E001B890
S21402E53000D001B800C000B800D000B80D0A0A0921
S21402E540090A0A09002000BA001000BA5026002064
S21402E55000E000B8024B5868C0F3C000704700BF26
S21402E56010120020024B186800F00100704700BF2E
S21402E57010120020024B5868C0F3C030704700BF2C
S21402E5801012002010B50446FEF7CEF9FFF794FDF0
S21402E59004F18000FDF790F9FEF75CF9FDF752FEF4
S21402E5A0FDF7BEFEFFF7BCFB13490723134AD1F85B
S21402E5B0FC1004F1D800FFF7F5FB4FF08071002045
S21402E5C0FEF70EF84FF000720D4B4FF400110120CB
S21402E5D0C3F80021FEF704F8FEF73EFC20B940F22D
S21402E5E0E7221421FAF75AFE0CF0DFFBBDE81040D2
S21402E5F00120FDF71DBD00BF004F00B0A43F00B0D4
S21402E60000D001B88022074B1A64082203F5805313
S21402E6101A64054AD2F8C43E23F02003C2F8C43E68
S21402E620704700BF001002B8003000B008B502F014
S21402E63013FFFFF7E7FF0122024B1A61BDE808400D
S21402E64002F00EBF000002B8F0B583B014460646CC
S21402E650FFF70CFBFCF776FC002800F09780524B85
S21402E6605D6915F0060540F0918002F0F5FE23790B
S21402E6700746022B00953ED1237B022B35D0032082
S21402E680FDF7A4FF18B9494BDB685B047BD5A37B77
S21402E690257B003B18BF0123A2684549012D019244
S21402E6A00B705ED00023434A434C13702278002A34
S21402E6B062D10420FDF766FE04203B4E2A46736FA5
S21402E6C00DEB000123F0F85323F4F81343F05063E4
S21402E6D043F4803373670223FDF772FE00285CD092
S21402E6E001213022354B2170DA64384602F0B8FE3A
S21402E6F0002003B0F0BD0320FDF768FF002842D1DA
S21402E7002279D6F8E030012A226839D0D51A0021BB
S21402E710254B2B4A00955A679967637B294A8B4299
S21402E72014BF0B4601231370274B274AD3F8C43E67
S21402E7304FF003000CBF43F0200323F02003C2F87F
S21402E740C43EFDF71FFE184B204A03205A6769464F
S21402E75001232279FDF734FED0B101221C4B1A7038
S21402E7608AE72379022B9DD0009BD6F8E01000257D
S21402E7700B441344019395E72370FFF753FC98E785
S21402E7809A42C4D3C2E7384602F06AFE0320B0E7D4
S21402E790384602F065FE0120ABE70320FDF7F2FDE6
S21402E7A0074B38467367EFE700C001B8000002B8AF
S21402E7B08C2C0020892C00208A2C0020001002B805
S21402E7C0000001018B2C0020003000B0010C01007B
S21402E7D08D2C00202DE9F34100240D46074602F059
S21402E7E03BFE1B4BDFF874801C70FFF70BFF194BC8
S21402E7F00646C8F87430C8F878406879431E58420E
S21402E8005841FCF741F840F60143C8F878302A79B7
S21402E8102968012AD7F8E83001D1994200D3CC1AE8
S21402E820042303200DEB03010194FDF7C9FD48B94B
S21402E8308822094B30461A6402F012FE012002B00A
S21402E840BDE8F081304602F00BFE0020F7E700BF7D
S21402E8508D2C002000000101002002B800C001B883
S21402E860F8B5194C0546207840F20642B0FA80F018
S21402E8703E214009FAF712FD55B9607840F2064289
S21402E880BDE8F840B0FA80F03E214009FAF706BD2E
S21402E8904FF440660D4F0E4DD7F8043140F2064253
S21402E8A0C3F381232370C5F8046160783E21B0FA71
S21402E8B080F04009FAF7F2FCD7F80831C3F3812357
S21402E8C06370C5F80861F8BD862C0020004000B8C9
S21402E8D0006000B8F8B5084C084D236C0423084FB6
S21402E8E02B64236C5B0300D4F8BD042602203E642E
S21402E8F00CF0BAF92E64F4E7000002B8001002B871
S21402E900002002B8A82238B51A4B1D6C03F5005336
S21402E9101A6410229A60A3F5804302F100521A6725
S21402E9205A66FFF751FB144B1B7813B90320FDF709
S21402E93029FD0024114B9C67FFF7CCFF104A114BB0
S21402E940D2F8EC1E0B40C2F8EC3E04220E4B1A64C0
S21402E9500E4BAA06C3F8CC4008D503F580739B6F0E
S21402E960B3F5817F22BF8022024B1A61BDE8384090
S21402E970FCF7A0B9000002B88D2C002000C001B838
S21402E980003000B0DF0000FF002002B8003E00B0FA
S21402E99010B528B979B94FF4C062154BDA6210BDCA
S21402E9A049B9144BDB681B0E13F00E0FF3D1124B52
S21402E9B01B6CD907EFD4FFF75DFB0E4C0020FEF769
S21402E9C00FFA032801D0092805D1A36ADA07F5D47D
S21402E9D0636CDB03F2D4FFF77DFF0122074B5A611B
S21402E9E002229A62042203F580531A64D3E700BF18
S21402E9F0006001B8000002B800C002B8001002B8F9
S21402EA0008B503210920FEF743F92022014B1A61BB
S21402EA1008BD00BF000002B80D4A10B5D2F8A030FB
S21402EA20D2F8A4100B40B3F1804F0CD34FF0404005
S21402EA300849094CC1F8A400D467C1F8A0004FF4F5
S21402EA408021064AD161034AC2F8A03010BD00BF39
S21402EA5000400050006000500000FF01001002B8A5
S21402EA6038B5054602F0F8FC0446FCF7DFFE35B181
S21402EA70FFF714FB2046BDE8384002F0F1BC084B15
S21402EA801B78002BF6D0074B1D78002DF2D1FFF72E
S21402EA9005FB2A464FF480400021FFF77DFBE9E79D
S21402EAA0892C0020882C00202DE9F84F5A4B064668
S21402EAB00D4614461B6C002A40F0AB8013F0A00FE4
S21402EAC014BF4FF001094FF00009FCF7F3F8A0233A
S21402EAD04FF0000ADFF85C810320C8F84030FDF7EB
S21402EAE051FC0420FDF74EFC4C4FFFF7D7FA4C4B77
S21402EAF04FF0040B7B67C7F878A0FFF7EBFE494B95
S21402EB004FF48071D3F8C42E42F02002C3F8C42E0C
S21402EB10FF22C8F80820404A1161D3F8EC2E424979
S21402EB201140C3F8EC1EC8F840B0C3F8CCAE7B69FF
S21402EB3013F0060F04D0FDF791FD5846FDF722FCB0
S21402EB40B9F1000F08D04FF40062384B1A644FF444
S21402EB500042A3F5E0339A6666B1354BDB6C1807C4
S21402EB6001D4FFF787FAFFF74BFF0420FDF70AFCF4
S21402EB70FFF72AFA284B5A69D10748D5DA6812F005
S21402EB80706FFBD12B4B2C4A1A642C4A936E23F0DF
S21402EB90F003936615B12046FFF762FF284BD3F8C1
S21402EBA04C315A1C01D05B0002D50122214B5A611E
S21402EBB06CB31F4BDA6E03F500539A6603F5D03337
S21402EBC01B6A1C4A23F00103D3611E4BD3F80C12B6
S21402EBD003F50053C3F8081203F50053D3F8841064
S21402EBE003F5005399674FF03A43D3F8181103F52B
S21402EBF00053C3F81411144B996C03F5005359646F
S21402EC00124903F5803359664FF608431364BDE88C
S21402EC10F88F4FF0000958E7000002B800C001B8AC
S21402EC2000000101003000B0DF0000FF001002B853
S21402EC30004000B8002002B810003000003F00B0CC
S21402EC400080E00F004001B800C000B85000002F5E
S21402EC509D4B2DE9F04F9F6EDB6E85B01F409B4BA0
S21402EC609F664FF03A43D3F81451D3F818311D403B
S21402EC70974BC3F81451974BD3F80822D3F80C32AB
S21402EC8002EA0309944BC3F8089203F52043DA69B3
S21402EC901B6A02EA0308914B914A08EA0303D3610E
S21402ECA0904BD3F80422D20605D4D3F80431C3F32A
S21402ECB00016DB0652D502F0CFFB8B4B5A695E6E0E
S21402ECC01B6F12F0060F06EA0306884A26F0007348
S21402ECD014BF4FF0010A4FF0000A23F400637407D2
S21402ECE0536606D5824A92F88D300133DBB282F83B
S21402ECF08D3002F0B5FB002F00F0E38017F40043DE
S21402ED0000F0D48002F0A8FB0146FFF777F904462C
S21402ED10DFF8D4B1DBF82020DBF820309A42FBD0B3
S21402ED20DBF820209342FBD0FFF768F9A04217D108
S21402ED30084602F095FB6F4B1C606F4BD3F840B051
S21402ED401BF4E0520ED124F07F4424F0DF040CB909
S21402ED50FFF7D8FD4FF0807B002414E0B246CAE7E6
S21402ED600446D7E70192FFF7CDFD5D4B019A1BF4EF
S21402ED7080541A6440F09C801BF4806F0CBF4FF0E6
S21402ED80805B4FF0806BB80715D55B4A5448126C0F
S21402ED9002F460410164002900F08D80110400F144
S21402EDA08D8012F4005F0CBF4FF000524FF00062ED
S21402EDB000244BEA020BC7F340377F004F4A2A4033
S21402EDC0002A4BD015F4206F0AD040F60502062121
S21402EDD00020FAF763FA0020FFF742FE25F48025AA
S21402EDE0EB0506D5FF213E4A4BF4C06B9160FFF758
S21402EDF041F915F0090F0BD040F61A02082100203F
S21402EE00FAF74CFAFFF7FCFD4FF03A420121516344
S21402EE1015F0106F0CD040F6230209210020FAF7F5
S21402EE203DFAFFF7EDFD002211461046FCF7D2FC34
S21402EE3015F4202F0AD040F62B0207210020FAF7FD
S21402EE402DFA0020FFF70CFE25F48025E80301D5F5
S21402EE50FCF72CFE002DB8BF47F0080769070ED551
S21402EE604FF03A42126B12F4005F4FF4005217BF93
S21402EE70174923490A634BF4000B08BF0A636A0565
S21402EE8048BF4BF0040B15F48023019300F0A180D9
S21402EE90FCF7CAFD0138062834D8DFE810F017015F
S21402EEA01A0117011D012001230123019B4653E786
S21402EEB04FF0804B50E74FF0007279E74FF0004278
S21402EEC076E7BB463C4679E7004000B8006000B8EB
S21402EED0002000BA004001B8006001B80000F7FF49
S21402EEE0002002B800E100E000C001B800E001B86E
S21402EEF0003E00B058290020000002B8090B0B891A
S21402EF00001000BA40F65C0203210020FAF7C6F9A8
S21402EF104FF03A400121D0F88C20D0F8AC3002F005
S21402EF200702063201FA02F2C3F30C0CA2EB0C0241
S21402EF3092B2072A12D9754A126C53020ED4744B37
S21402EF40C26CC06E5B6D5BB102F007020632914086
S21402EF50C0F30C00091A89B2072901D84BF4007BCA
S21402EF606C4A1278002A34D04FF03A42D2F8142172
S21402EF7012F4A02F2DD1684A684912789AB9F20481
S21402EF8011D40A787AB14FEADB02654842EA447243
S21402EF9082F00102D0F8EC0E02F00102520020FAD2
S21402EFA002F2930715D10420FDF7ECF95D4A5E489C
S21402EFB05067FFF773F859490A7832B95B4A5C49D9
S21402EFC012680BEA02020A4201D14BF4804B26F485
S21402EFD08056B9F1000F1DD019F4805F18BF4BF4AC
S21402EFE0802B19F4807F18BF4BF4002B19F4005FB6
S21402EFF018BF4BF0100B19F4007F18BF4BF0200B14
S21402F00019F4806F18BF4BF0400B19F4006F18BF4D
S21402F0104BF0800BB8F1000F3AD018F4802F18BFCF
S21402F02044F4007418F4803F18BF4BF4805B18F465
S21402F030801F18BF4BF4003B18F4001F18BF4BF09C
S21402F040020B18F4003F18BF4BF4801B18F4800F15
S21402F05018BF44F0100418F4002F19D0304AD2F822
S21402F060C42E12F0C00F13D02849CA68C2F3036236
S21402F070032A01D0072A05D14A6CD00602D48A6C2C
S21402F080110732D54FF400212A4A28F40028D1610C
S21402F090002E00F01581320540F187802648DFF801
S21402F0A08490C2782549002A4ED04FF40063013A74
S21402F0B0D2B24B66C27032B9214A1278C2B140F659
S21402F0C00141204A5167002200216BE04BF4803B4D
S21402F0D01EE74BF4006B1BE74BF4806B18E74BF410
S21402F0E0807B15E74BF0080B12E74BF4001BCFE7CB
S21402F0F0D9F8782012F4A05F15BF4FF4807240F65C
S21402F1000142C9F85820C9F87820DCE7000002B8A6
S21402F110004000B88A2C0020892C00208B2C00206E
S21402F120003000B000C001B800000101101200203B
S21402F130088D0100002002B87A2C002000E001B8F9
S21402F1408D2C002000D001B80320FDF71BF9D9F85A
S21402F1501420A34B12F0060F04BF41F61F72A149FA
S21402F160A14808BF4A674FF400619E4A5166D9F823
S21402F170142012F0060208BFC9F87820B3F88E20D1
S21402F18012F400615DD022F40062A3F88E200278A9
S21402F19002F0FF09002A58D1FDF760FAFFF7B2FB2A
S21402F1A04A4620214BEA020B0C43B30009D52E2017
S21402F1B0FDF724F84FF000518A4A44F0080411671C
S21402F1C05166F00606D52B20FDF718F81021854A61
S21402F1D01167516616F0306F05D1F1045DD5BAF1AC
S21402F1E0000F00F0A780320111D52920FDF706F89E
S21402F1F0FFF7B0F948B17D4A7D487A494A66026708
S21402F20000F54050C068430422D444F0040416F0CB
S21402F210007A28D00420FDF7B5F82720FCF7EEFF89
S21402F220FFF770FB4FF000716E4A5166714AD2F8D2
S21402F230EC1E490678D4704A0221916044F002041A
S21402F24028E002784FF40052ACE74FF400423BE766
S21402F2500A6720204A66FCF7D1FF2D2044F00C04F2
S21402F260FCF7CCFFD3E716F0807FDFF8909146D00C
S21402F2700420FDF787F82820FCF7C0FFD9F878208D
S21402F280002A39D1FFF73EFB564A584944F001049A
S21402F290116751660021594A9165320405D5584ACC
S21402F2A0126890474BEA000B0C43730508D5554984
S21402F2B08A78002A00F08E80013A8A70002217436C
S21402F2C03A4658462146FEF767FF019B0BB1FCF70C
S21402F2D0DFFB01224C4B05F00435C3F814514B4BAF
S21402F2E018F4002FC3F884211EBF4FF40022424BAD
S21402F2F0DA6105B0BDE8F08FC9F878A0C4E7F0047B
S21402F300C8D50420FDF73EF8414AC9F87420FDF737
S21402F310A5F9D9F8642012F0407FBBD12A20FCF769
S21402F3206DFFFFF7EFFA81E7D2F8C42E930685D475
S21402F330384A81E733490A7952B1013AD2B20A71A0
S21402F34012B92B4A3449516700224BEA020BA4E752
S21402F3500420FDF717F80320FDF714F8274A2C4976
S21402F360516702F079F881460DF10F00FDF738FD7E
S21402F3702A4A824612780AB1FEF77CFEBAF1030FD9
S21402F3800ED1DFF8A0A00020FDF72AFD032807D142
S21402F390DAF82820D007F6D4DAF84420D103F2D4DB
S21402F3A09DF80F20032A06D101211D4A48461170F6
S21402F3B002F056F8C8E74FF03A42D2F8142112F497
S21402F3C0A02FF1D1FEF76AFE484602F049F84FF444
S21402F3D08042BAE70220FCF7D5FF01226FE700BFA2
S21402F3E0003E00B000E001B88D2C00201000002086
S21402F3F000D001B8003000B0002002B800C001B84A
S21402F400F00B00207A2C0020002000BA00E100E079
S21402F41000000101001002B80000010D8C2C002033
S21402F420892C0020000002B80122024B1A62DA611F
S21402F430704700BF002002B8074A08B5D369116AB0
S21402F4400B40064998B2DB07C86104D5D068C0F302
S21402F4500360FFF7E9FF08BD000002B8002002B80B
S21402F4600C4A08B5536C926C13400B4A5364DB0784
S21402F4700FD50A4B4FF42A621878122100F00100C9
S21402F480F9F70CFFBDE80840002201200021FEF734
S21402F49083BE08BD00C000B800E000B8101200200D
S21402F4A0184B70B51C6C5A6C1440174A24F00201B3
S21402F4B01164E10705D540F6E72200201968F9F73E
S21402F4C0EDFEA2071CD502220F4B1A64A3F50053C9
S21402F4D05B68DBB2A3B9FDF78FF804460D460B4E08
S21402F4E0D6F8F433DB060BD5FDF786F802460B4654
S21402F4F020462946FCF734FF652871F10001EFD358
S21402F50070BD00BF008002B800A002B8000002B8BA
S21402F51070B580260A4C0B4DD4F88430DB070AD42B
S21402F520A36FD4F884201340074A936770BDFFF791
S21402F530B7FFC5F88461D5F804311A06F7D4EBE7AD
S21402F540008001B800E100E000A001B870B51446E2
S21402F5500D4601F081FF064BD3F8C46E74402C4072
S21402F5607440C3F8C44E01F07BFF06EA050070BD86
S21402F570003000B0034BD3F8C43E99430CBF0120C1
S21402F58000207047003000B01E4BD3F8C43E13F084
S21402F59001001ED01C4B93F848001C4A40F08073B2
S21402F5A0C2F8CC304FF480131949C1F8B430A1F533
S21402F5B08051C1F8B830D2F80C31DBB2FF2B1FD025
S21402F5C0984294BF0020012040F6D3323C21F9F73E
S21402F5D065BE1A06E1D40F4A92F8471121B1DB063E
S21402F5E002D592F84401D8E74FF480120020084B67
S21402F5F00649C3F8B820C1F8CC00C3F8B420704757
S21402F6000120E1E7003000B0003F00B0004000B843
S21402F610006000B8003E00B053B94AB9002908BFDE
S21402F62000281CBF4FF0FF314FF0FF3000F082B9C8
S21402F630ADF1080C6DE904CE00F006F8DDF804E042
S21402F640DDE9022304B070472DE9F04F099D0C4610
S21402F650002B4DD18A420F4684469646B2FA82F372
S21402F66060D94BB102FA03FEC3F120029F4000FAB2
S21402F67003FC20FA02F217434FEA1E461FFA8EF4E4
S21402F6804FEA1C42B7FBF6F106FB117701FB04F0CA
S21402F69042EA0742904208D91EEB020201F1FF3706
S21402F6A002D2904200F231813946121A1FFA8CFCBD
S21402F6B0B2FBF6F006FB102200FB04F44CEA024C06
S21402F6C0644508D91EEB0C0C00F1FF3202D26445E9
S21402F6D000F21E81104640EA0140ACEB040C002109
S21402F6E025B12CFA03F30022C5E90032BDE8F08FFB
S21402F6F08B4205D90DB1C5E9000100210846F5E7A0
S21402F700B3FA83F100294DD1A342C0F0F3809042B0
S21402F71080F0F080064623460846002DE6D0C5E96E
S21402F7200063E3E7002B40F0A3808A1A4FEA1E47E5
S21402F7301FFA8EF60121B2FBF7F407FB14204FEAFC
S21402F7401C4242EA004206FB04F090420FD91EEB2E
S21402F750020204F1FF382CBF4FF001094FF00009F6
S21402F760904203D9B9F1000F00F0CC804446121A39
S21402F7701FFA8CFCB2FBF7F007FB102200FB06F622
S21402F7804CEA024C664508D91EEB0C0C00F1FF321F
S21402F79002D2664500F2B3801046ACEB060C40EA95
S21402F7A004409DE7C1F120068B4004FA01FE22FACE
S21402F7B006F720FA06FCF4408A401F434EEA0C0382
S21402F7C000FA01FE4FEA17484FEA13491FFA87FC70
S21402F7D0B4FBF8F008FB104449EA044400FB0CF9B9
S21402F7E0A1450ED93C1900F1FF3A2CBF4FF0010B90
S21402F7F04FF0000BA14503D9BBF1000F00F08B8040
S21402F8005046A4EB09041FFA83F9B4FBF8F308FB8D
S21402F810134403FB0CFC49EA0444A44506D93C19EC
S21402F82003F1FF3801D2A4457BD8434643EA0040A1
S21402F830A4EB0C04A0FB02984445CC46434602D3F4
S21402F84006D1CE4504D20138B9EB020C68EB0703A9
S21402F850002D6CD0BEEB0C0264EB030422FA01F31B
S21402F86004FA06F6CC4000211E43C5E900643DE7D3
S21402F87002FA03FEC3F1200104FA03F200FA03FCC3
S21402F880CC404FEA1E4720FA01F11FFA8EF6B4FB6F
S21402F890F7F00A4307FB1044110C41EA044100FB4F
S21402F8A006F48C420ED91EEB010100F1FF382CBF84
S21402F8B04FF001094FF000098C4202D9B9F1000F4E
S21402F8C02CD04046091B92B2B1FBF7F407FB141189
S21402F8D042EA014204FB06F1914207D91EEB0202FC
S21402F8E004F1FF3801D291421ED84446521A44EA25
S21402F8F0004120E7861A64EB030301200DE7F44477
S21402F90002384AE7023C724431E702397244CCE6D6
S21402F910F4440238DFE602383C4472E702387144A7
S21402F920D0E7023B3C4481E7023C7244DEE72946CC
S21402F930DCE600BF704700BF024B0A460146186865
S21402F9400BF05FBA200C002008B5064B044613B134
S21402F9500021AFF30080044B1B6803B19847204692
S21402F96002F0DCFA00000000A02A0020024B01464A
S21402F970186800F02DB800BF200C0020024B01468C
S21402F980186800F085BA00BF200C002070B50F4E34
S21402F9900C460546316811B900F034FA306021464B
S21402F9A0284600F02FFA431C03D14FF0FF342046BE
S21402F9B070BDC41C24F00304A042F8D0211A2846C5
S21402F9C000F020FA0130F2D1EFE700BF60290020F4
S21402F9D02DE9F041CD1C064625F0030508350C2D11
S21402F9E038BF0C25002D01DBA94204D90C23336055
S21402F9F00020BDE8F081314F00F062F83B681C46FB
S21402FA0044BB29463046FFF7C1FF431C044650D18B
S21402FA103C682146002941D1002C44D02368304658
S21402FA2004EB030800F0EEF980453CD1216830462D
S21402FA306D1A2946FFF7AAFF013034D023682B44FB
S21402FA4023603B68002B36D05A68A24229D1002296
S21402FA505A600EE02268521B1DD40B2A16D9611971
S21402FA60A342256018BF5960636808BF39606251B7
S21402FA704B60304600F02AF804F10B00231D20F0FC
S21402FA800700C21AB5D01B1AA350B2E7A342626897
S21402FA90DED13A60EDE723466468B1E70C46496872
S21402FAA0B8E71346CEE70C233046336000F00EF874
S21402FAB09EE70560DDE75B60FFDE00BF642900208D
S21402FAC001480BF046BA00BF8E2C002001480BF00E
S21402FAD041BA00BF8E2C0020002310B50446836076
S21402FAE0818119464366C28108228361C0E90033D8
S21402FAF0C0E904335C300BF023FA0D4B24626362D8
S21402FB000C4BA3620C4BE3620C4B23630C4B9C42E4
S21402FB1006D003F16802944202D0D0339C4205D14B
S21402FB2004F15800BDE810400BF012BA10BD00BF39
S21402FB3067AE030089AE0300C1AE0300E5AE030064
S21402FB4068290020024A034903480BF06EB900BF39
S21402FB50140C0020ADB10300240C002041680C4BAD
S21402FB60994210B5044601D00BF020FBA168094B60
S21402FB70994202D020460BF019FBE168064B9942E7
S21402FB8004D02046BDE810400BF010BB10BD00BFED
S21402FB9068290020D0290020382A002010B50B4BF7
S21402FBA004210B4C0B4A20461A600022FFF794FFF2
S21402FBB004F1680001220921FFF78EFF04F1D0004C
S21402FBC002221221BDE81040FFF786BFA02A0020BD
S21402FBD06829002045FB020001480BF0BAB900BFB5
S21402FBE08F2C002001480BF0B5B900BF8F2C0020E7
S21402FBF010B50446FFF7F0FF236A1BB1BDE81040BC
S21402FC00FFF7F0BF044B2362044B1B68002BF5D1B1
S21402FC10FFF7C4FFF2E700BF5DFB0200A02A002048
S21402FC202DE9F7431D46574B04460E461F6890467D
S21402FC3027B13B6A13B93846FFF7DAFFB8F1020F6D
S21402FC4006D0B8F1010F00F29980002DC0F296801E
S21402FC50636ED90705D4A3899A0502D4A06D0BF06A
S21402FC6078F9214638460BF0A1FA616B41B104F1EE
S21402FC704403994202D0384600F00AF9002363632F
S21402FC800023A3616360A3891B0603D52169384656
S21402FC9000F0FEF8A389B8F1020F23F44A6323F0BA
S21402FCA00303A38160D001AB6A46214638460BF0B7
S21402FCB0A5FAA3891843A0812DBB009D2846FFF70D
S21402FCC055FE0646002851D1DDF80090A9453FD1E1
S21402FCD04FF0FF35B4F90C3043F00202A281002245
S21402FCE0A26004F147022260226101226261626E12
S21402FCF0D60704D4980502D4A06D0BF02BF928463B
S21402FD0003B0BDE8F083002ED8D03B6A13B938465C
S21402FD10FFF76EFFB8F1010F266002BFA38943F01A
S21402FD200103A381B4F90C3013F00802C4E9046598
S21402FD301ED0D90745BF00226D42A560A26048BF0B
S21402FD40A561626ED20701D49B0513D50025D6E7BE
S21402FD504846FFF70BFE06460028B9D0A3894D4653
S21402FD6043F08003A381D0E70025B3E7A946F5E771
S21402FD70A260E6E7A06D0BF0EDF8E7E74FF0FF357F
S21402FD80BDE700BF200C00200B4603490246086868
S21402FD90816800F0C7B800BF200C002038B50023E9
S21402FDA0054D044608462B6002F0B6F8431C02D105
S21402FDB02B6803B1236038BDA42A002038B5044658
S21402FDC0064D0846114600222A601A4602F0AEF890
S21402FDD0431C02D12B6803B1236038BDA42A00203D
S21402FDE038B50446064D0846114600222A601A46D1
S21402FDF002F09EF8431C02D12B6803B1236038BD83
S21402FE00A42A002038B50023054D044608462B6078
S21402FE10E3F7DCFA431C02D12B6803B1236038BD3A
S21402FE20A42A002038B50446064D0846114600228C
S21402FE302A601A4602F08AF8431C02D12B6803B1E4
S21402FE40236038BDA42A002070B50D4D00260D4C47
S21402FE50641BA410A64209D10B4D00260B4C0BF0D6
S21402FE609FFF641BA410A64205D170BD55F8043B43
S21402FE7001369847EEE755F8043B01369847F2E715
S21402FE80400F0020400F0020400F0020440F0020AB
S21402FE9038B50546002941D051F8043C0C1F002B0A
S21402FEA0B8BFE418FFF70CFE1D4A136833B9636047
S21402FEB014602846BDE83840FFF708BEA34208D9BA
S21402FEC0206821188B4201BF19685B6809182160F7
S21402FED0EDE71A465B680BB1A342FAD911685018CF
S21402FEE0A0420BD120680144501811608342E0D131
S21402FEF018685B68084453601060DAE702D90C237E
S21402FF002B60D6E7206821188B4202BF19685B680F
S21402FF100918636008BF21605460CAE738BD00BF95
S21402FF20642900202DE9F04F0D469DB014469846F0
S21402FF30064618B1036A0BB9FFF75AFE6B6ED9076D
S21402FF4005D4AB899A0502D4A86D0BF002F8AB89EA
S21402FF501B0701D52B699BB92946304600F026FAC5
S21402FF6070B16B6EDC0704D54FF0FF301DB0BDE8F4
S21402FF70F08FAB899805F7D4A86D0AF0EBFFF3E78C
S21402FF800023CDF80C804FF00109DFF8B481099305
S21402FF9020238DF8293030238DF82A3023469A46BE
S21402FFA013F8012B0AB1252AF9D1BAEB040B0BD0B0
S21402FFB05B462246294630460AF0F1FF013000F041
S21402FFC0A780099A5A4409929AF80030002B00F04A
S21402FFD09F8000234FF0FF320AF1010A0493079331
S21402FFE08DF853301A93CDE905235446052254481A
S21402FFF014F8011B0BF0A1F9049AD8B9D10644BF34
S21403000020238DF85330130744BF2B238DF853302A
S2140300109AF800302A2B15D0079A544600204FF042
S2140300200A0C214611F8013B303B092B4BD9B0B1E2
S214030030079214E0A0EB0803A24609FA03F313435E
S2140300400493D2E7039B191D1B68002B0391BBBFC8
S2140300505B4242F0020207930793B8BF04922378E9
S2140300602E2B0AD163782A2B32D1039B02341A1D16
S2140300701B6843EAE37303920593DFF8D4A00322D5
S214030080217850460BF059F938B1A0EB0A0040220C
S214030090049B013482401343049314F8011B062285
S2140300A028488DF828100BF048F900283FD0264B37
S2140300B01BBB039B073323F0070308330393099BF8
S2140300C03B4409936AE70CFB02320C460120A8E77F
S2140300D0002301344FF00A0C19460593204610F806
S2140300E0012B303A092A03D9002BC6D00591C4E761
S2140300F00CFB012104460123F0E703AB2A4604A9BF
S21403010030460093114BAFF300800746781CD6D1D8
S2140301106B6ED90705D4AB899A0502D4A86D0AF08D
S21403012019FFAB895B063FF51FAF09981EE703ABC4
S2140301302A4604A930460093044B00F00BF8E4E784
S214030140DA0D0400E40D0400000000009FAF030076
S214030150E00D04002DE9FF470F7E914680460C46CE
S214030160782F9A460C9E01F1430207D8622F0AD8CD
S214030170002F00F0DD80582F00F0C38004F1420604
S21403018084F842703AE0A7F16303152BF6D801A171
S21403019051F823F0ED010300010203007D01030083
S2140301A07D0103007D0103007D01030001020300BE
S2140301B07D0103007D0103007D0103007D01030033
S2140301C0170303008F020300CF0203007D01030021
S2140301D07D010300390303007D0103008F02030042
S2140301E07D0103007D010300D702030033681A1D57
S2140301F01B68326004F1420684F842300123A8E00B
S21403020031682368081D30601E0601D50D6803E0BB
S2140302105D06FBD5B1F90050002D616878DA2D2014
S2140302200029A16084F843002DDA6D425D480A2355
S2140302301646B5FBF3F103FB1157C75D06F8017DC0
S2140302402F460D46BB42F4D9082B0BD12368DF0794
S21403025008D5236961689942DEBF302306F8013C5E
S21403026006F1FF36921B22614B4603AA21464046FF
S214030270CDF800A00AF0A5FE01306FD14FF0FF3095
S21403028004B0BDE8F08723F004032360CDE72168BC
S2140302903368080653F8045B02D4490648BFADB278
S2140302A06F2F33603F4814BF0A230823002184F8C6
S2140302B043106668002EA660BADB216821F00401AD
S2140302C02160002DB4D1002EB2D11646BCE72368B8
S2140302D043F02003236078273348236884F8457067
S2140302E01F06316851F8045B02D45F0648BFADB2FF
S2140302F03160D90744BF43F0200323601DB11023A8
S214030300D4E72848E9E7236823F020032360F6E7C9
S21403031024480A23CDE733682568181D61693060D1
S2140303202E061B6801D5196002E06806FBD5198006
S21403033000231646236197E7336800211A1D3260AF
S2140303401E68626830460AF0F8FF08B1801B6060DA
S21403035063682361002384F8433085E723693246C4
S21403036049464046D047013088D023689B0714D4BB
S214030370E068039B9842B8BF184681E701233246DC
S21403038049464046D04701303FF478AF0135E3682D
S21403039003995B1AAB42F1DCEAE7002504F1190680
S2140303A0F5E700BFEB0D0400FC0D040038B5294B40
S2140303B005460C46186818B1036A0BB9FFF718FC14
S2140303C0B4F90C30190722D4DA0607D409222A60B6
S2140303D043F040034FF0FF30A38133E0580712D5B4
S2140303E0616B41B104F14403994202D02846FFF7FA
S2140303F04FFD00236363A38923F02403A381002313
S214030400636023692360A38943F00803A3812369F8
S2140304104BB9A38903F42073B3F5007F03D02146B9
S21403042028460AF010FFB4F90C3013F001020AD084
S2140304300022A26062695242A261226942B913F0A5
S2140304408000C5D138BD990758BF6269A260F4E73A
S2140304500020F7E7200C002038B50023064D04469D
S214030460084611462B6001F05AFD431C02D12B6847
S21403047003B1236038BD00BFA42A002038B500238B
S214030480054D044608462B6001F04EFD431C02D181
S2140304902B6803B1236038BDA42A0020094A51689B
S2140304A0C84390FAA0F048B1B0FA80F0042805DCFF
S2140304B0012383400B43536040B270474FF0FF3035
S2140304C0704700BFD02A00200021034B2822034890
S2140304D0C3E900110AF034BDD02A0020A82A002060
S2140304E038B50546FFF7DAFF04460448294600EB0D
S2140304F0C4000AF087FF204638BD00BFA82A0020A4
S214030500C3B2042B10B515D804230B4A03EBC00360
S214030510134453E8002F0A4343E80024002CF8D181
S21403052001220649824051E8003F134341E8003068
S2140305300028F8D110BD00BFA82A0020D02A00202A
S214030540F7B54FF0040C01260827184A1849194D29
S214030550106800B30B7806FA03F420421DD0E0437C
S21403056052E8004F044042E8004EBEF1000FF7D1B8
S21403057017FB03C32B4453E8000F43E800E4002CA7
S214030580F9D1019048B1087801AA0B4905EBC000E0
S2140305900AF074FF012003B0F0BD0B785068834265
S2140305A02EBF00230133DBB20B70D1E7D02A002025
S2140305B0902C0020A82A002078563412024B186884
S2140305C0003818BF01207047D02A002010B5044613
S2140305D000F049FF074B1B684BB1DB681B1B002B66
S2140305E0CCBF0024012400F044FF204610BD1C4667
S2140305F0F9E700BFE82A002038B54FF0FF34054678
S21403060000F031FF084B1A681AB900F032FF204693
S21403061038BDD2E903310B445B1B23F000439C42F5
S21403062028BF1C465268EFE7E82A00202DE9F84F5A
S2140306300C9F0E461546994680469DF82CA008B199
S21403064003687BB937B129463046B84740F20340C2
S214030650BDE8F88F002DF9D0002EF7DB284600F012
S21403066009FCF3E700F0FFFE8346504600F0F0F97E
S2140306700446584600F0FDFE8CB947B1294630467D
S214030680B8470320314600F0BBFB1A20E0E7002DF5
S214030690F7D0002EF5DB284600F0ECFBF1E76561AA
S2140306A000250A9BC4F80080DFF87080C4E907972A
S2140306B0A660236184F818A0D8F8003065609847D0
S2140306C009EB000600F0CFFE07461248E660026814
S2140306D0114631B1CB689B1B002B13DBCB689E42C4
S2140306E010D09DB90C4B626004601C682CB1D8F81E
S2140306F000309847FFF780FFA047384600F0B9FE62
S2140307000020A5E74B680D461946E2E76B68636071
S2140307106C60F2E7E82A0020D82A0020E02A0020AE
S2140307202DE9F74F81460D4692461E4600F09BFE86
S2140307304FF00008DFF874B00190DBF800402CB9E6
S214030740019803B0BDE8F04F00F093BE23684B4515
S2140307501CD12DB1A3682A6823F00043934215D118
S2140307607EB96368B8F1000F13D1CBF800300D4B98
S2140307701F6887B10C4A12689047FFF73DFFB847DA
S21403078009E051466069B0470028EAD0A04664688D
S214030790D5E7C8F80430676820460AF0EFFD3C4604
S2140307A0CDE700BFD82A0020E02A0020E82A002050
S2140307B0014B1860704700BFD82A002070B50B4B5A
S2140307C004460E4615461978094A0A480BF06AFA93
S2140307D00023094A24211360084A07201660084AA2
S2140307E015602246BDE8704000F0B4B8A92C00207E
S2140307F00D0E0400912C0020E82A0020E02A002099
S214030800DC2A00207FB504461846002303930A4BD0
S2140308100D461B68164613B9212004B070BD03A904
S21403082098470028F8D10090324629462046039B75
S2140308300AF0D7FDF1E700BFDC2A0020F8B505462D
S21403084010200F46164600F0F7FA0A4B04461878AF
S21403085018B1102221460BF028FA44B101230020D8
S214030860E3602B68C4E9017623602C60F8BD1A2088
S214030870FCE700BF912C00202DE9F843264FDFF854
S214030880A880264D38603868FFF7A0FE30B9244BA1
S2140308901B689847BDE8F843FFF7AEBE00F0E3FDDC
S2140308A0D8F800400646ECB16368C8F800301D4B24
S2140308B0D3F80090B9F1000F0CD100F0DAFDA3686D
S2140308C02C6033F0004311D128680AF057FD00234B
S2140308D02B60D8E7124B1B689847FFF78DFEC84777
S2140308E03046EAE700F0C5FD2C60CCE72368002B12
S2140308F0EAD018680028E7D0A26832F00043E3D0B5
S214030900D0E90069636921688068C8470028DBD19D
S214030910002ED9D03046EFE7EC2A0020E42A002048
S214030920E02A0020D82A0020E82A002038B504460A
S2140309300D4600F098FD064B1B683BB1DA69226052
S2140309401B692B60BDE8384000F093BD2360F8E7D1
S214030950E42A00202DE9F74F4FF6FC7700241646CD
S214030960DFF884900331DFF884B009EB00150F40FD
S2140309704FEA001ADBF800306A80804629F80A70CE
S21403098002FB07F0EC60984717FB06F292B20346A9
S21403099068602A8108B300921148124A9BF8041033
S2140309A052F8282040440BF07EF921462A896868CD
S2140309B00AF0C6FA214623469E4206DC0020D144AE
S2140309C0A9F8026003B0BDE8F08F6A68E8685418B7
S2140309D050500133EC603944EEE71A20F2E700BFCB
S2140309E0922C00200C0F0400F4230020F02A002091
S2140309F070B50B4E044606EB0015696839B1094B12
S214030A002A89185C0BF050F9686800F033FA06EB95
S214030A1004101022BDE8704000210AF091BA00BF0E
S214030A20F4230020922C0020044B19601A7198605E
S214030A300201002102480AF083BA00BFF02A002010
S214030A40F4230020014B185C704700BF922C002053
S214030A5070B50A4C060104EB0013DD68084B185CFE
S214030A6018B12946A25B0BF020F92DB12B6834444C
S214030A70E3606388013B6380284670BDF42300204F
S214030A80922C0020024B03EB00139878704700BFAC
S214030A90F4230020094B10B403EB00135A88DC68D8
S214030AA001320C60D9605A80054B185C18B15DF8AA
S214030AB0044B0BF0FBB85DF8044B7047F42300209F
S214030AC0922C0020044A010102EB0013505A10B185
S214030AD01B89B3FBF0F07047F423002038B50024DD
S214030AE0154B164D1C70164B20461C60154B2C6080
S214030AF01C706C60AC60FFF7E5FF80B2A0F10E03DC
S214030B006B80A0F11403013068812046EB80FFF769
S214030B1099FF04460C4D01460C4A28460BF0C2F8D2
S214030B202146681E0A4A0BF0BDF82146681C094A8E
S214030B30BDE838400BF0B6B8A72C0020642B002085
S214030B40142B0020A62C0020A42C0020500F0400F9
S214030B50590F0400630F040070B5044680B300F019
S214030B6082FC637905466FF382036371237913F07E
S214030B70100605D010232371BDE8704000F079BC41
S214030B80104903F0030331F823203046013A21F8D5
S214030B9023202146FFF77EFF0B4B0C4E1C681CB927
S214030BA00A4B28461C70E7E7237A1BB933781BB930
S214030BB02468F4E7012BFBD1204663689847F7E7E0
S214030BC070BD00BF642B0020142B0020A72C002030
S214030BD010B5044600F047FC034B1A6822601C60FD
S214030BE0BDE8104000F045BC142B002010B5064BA2
S214030BF000F0E0001A78541C1C70044B03F8320013
S214030C0003EBC203596010BDA62C0020FC2A00206B
S214030C102DE9F04F0446460789B048BF00F0F704B5
S214030C200492029100F01FFC614F04F0030607EBE9
S214030C30860337F826205B8881469A4204F0EF0A3B
S214030C404FEA860831D20020FFF702FF054640B37D
S214030C5037F826304846013327F8263000F009FCDB
S214030C6028460AF08EFE029B029AAB71049B85F817
S214030C7004A01344EB7100F0F6FB07464D4B1C68CB
S214030C80002C40F08C80384600F0F3FB4A4B985D0E
S214030C9018B1452229460BF008F8284609B0BDE8E6
S214030CA0F08F01224846454B1A7000F0E2FB2507F9
S214030CB01DD51F2C1BD904F0E003039300F0D3FBD0
S214030CC007EB08035B8837F826804FF0000B984540
S214030CD02CBF00230123DFF8EC90019300F0C9FB3F
S214030CE007EB86030593364B1B789B4508D384F0A6
S214030CF004005146C0F3800000F082F80025C5E7E3
S214030D0099F80030039A1A4204D0D9F80480D8F828
S214030D10003023B90BF1010B09F10809E3E7079348
S214030D205A79D00708D51A79510705D5019941B9DB
S214030D308AEA0202920704D098461B68002BEFD17A
S214030D40E5E740460AF083FC0579079007A80AF012
S214030D5060FC2946002000F053F800F084FB059B56
S214030D6037F826205B8805469A4234BF01230023C2
S214030D70019309D20020FFF76BFE079058B137F8AE
S214030D802630013327F82630284600F072FB079DED
S214030D90002DBCD064E70122084B1A70F4E7237ACF
S214030DA0012B02D1204663689847246868E700BF92
S214030DB0642B0020142B0020A32C0020A72C00203B
S214030DC0A62C0020FC2A00200022014B1A60704744
S214030DD0182B002010B5044600F045FB074A13689D
S214030DE02BB914602360BDE8104000F042BBA34259
S214030DF002D01A461B68F3E710BD00BF182B00206D
S214030E0070B505460E46054B1C6804B970BD63688D
S214030E103146284698472468F7E700BF182B00207A
S214030E20024B034A197803480AF03CBFA82C00205B
S214030E30700F0400A92C002038B5C41C24F003044A
S214030E40204601F00AFB0A4B0546187818B12246DD
S214030E5029460AF02AFF2DB921460220FFF7D0FFC4
S214030E60284638BD2246002128460AF069F8F7E7E7
S214030E70A92C002010B5044628B1054B187810B1EC
S214030E8021460AF013FF2046BDE8104001F003BBDD
S214030E90A92C002010B5064C237823B9E7F7A4FC49
S214030EA018B901232370002010BD40F20740FBE76A
S214030EB0AA2C002038B50B4B04461B780D464BB1C5
S214030EC021462846E7F7B0FB002840F2074008BF54
S214030ED0002038BD04490548FFF7DCFF0028EFD0A3
S214030EE0F7E700BFAA2C0020EFBEADDEBEBAFECAEF
S214030EF008B501F08DFAE1F73DFA01F096FAE1F74D
S214030F0055FAE6F7AFFAF8E7EEF71CB908B5E7F7D0
S214030F1077F9BDE80840F0F751B910B50446E1F794
S214030F20FFFE2046E1F778FC2046E1F74FFB10BDB5
S214030F300120704700B5C3B0EEF796F805F0A1F8A8
S214030F4048B1FFF7F5FF30B101A805F07DFF10B9F2
S214030F5001A8FFF7E2FF43B05DF804FB08B5E2F72C
S214030F6029FDE1F71FFEBDE80840E1F733BE08B5EB
S214030F70E6F786FEE5F758FD00F04DFEE6F722F8A5
S214030F80E7F732FC00F0D0FEBDE80840E1F7F0BD1D
S214030F9008B5E4F78BF800F0A3FAE4F797F8BDE892
S214030FA00840FFF7B3BFE1F7ABBF7047E2F7CCB833
S214030FB0FFF7C0BF7047E1F7E9BD01207047012086
S214030FC0704738B5E2F7FAF80546EEF775F8041EEB
S214030FD018BF2C46FFF7F1FF002818BF204638BD80
S214030FE038B5E6F767FB0446E2F7DEF804281ED0BA
S214030FF002284FF0000508BF012405F084F80428F2
S21403100017D0022808BF0124E1F7C6FD042812D032
S214031010022808BF0124FFF7D2FF04280DD00228B8
S21403102008BF0124002D18BF0024204638BD012523
S214031030E3E70125E8E70125EDE70024F5E782B0BD
S21403104002AB03E90300012002B070477047704704
S214031050FEE710B53AB1002350F8234041F8234089
S21403106001339A42F8D110BD002070474FF4004078
S21403107070474FF47A707047002303607047036825
S2140310800B6001607047436803B11847222070471E
S214031090436903B11847FF20704710B40A6808462F
S2140310A01378022B13D014213023147913FB041363
S2140310B003F1A04303F570331B685179CB40DB4340
S2140310C003F0010313705DF8044BE1F78BB95DF889
S2140310D0044B704703681878704702681378022B2E
S2140310E027D014213023107913FB001303F1A043F8
S2140310F003F5703351791B68CB40917903F00103F4
S214031100012912D1508843EA40034FF6E07063F09A
S2140311103F039BB2834202D11170538070474FF650
S214031120DF718B42F9D10021F6E711B983F0010391
S2140311301370704703681A78022A03D100225A8074
S214031140E2F754B9704713B504682378022B10D01E
S214031150A379022B0BD100216079E2F743FC00232D
S214031160627920791146CDE90033E3F76DFB02235C
S214031170237002B010BDD0E90003184783680068E7
S2140311801847C3680068184710B5044601213A207B
S214031190E2F7B0FEA3782078B3FA83F304226178EB
S2140311A05B09E3F7ABFB002010BD0122417803780F
S2140311B08A4030214B4343F2100103F1A04303F569
S2140311C070335A507047102130230246007813FBC1
S2140311D0001303F1A04303F570331B685178CB402B
S2140311E003F0010093780BB980F00100704710B547
S2140311F088B004460E98009207900D9822460690F3
S2140312009DF8300005900B9804909DF828000390F5
S2140312100020CDE901300B460121E2F761F908B061
S21403122010BD704713B5044601A8E3F74BFD9DF8C0
S214031230063023804FF480736380E3F763FD6060BA
S214031240002002B010BDE3F7C3BC08B5E3F7B0FC5B
S214031250002008BD10B5044644EA010313F0030357
S214031260084609D1934201D1002010BD54F823103B
S21403127040F823100133F5E72146920009F06BFE90
S214031280F2E70A4601390144E5F7FEBE08B5E2F780
S21403129041F8BDE808400021E2F706BE1FB500236B
S2140312A080280446019371D02AD8002872D0A0F172
S2140312B02004412C32D8412C30D8DFE804F06B6E82
S2140312C06B6E7E7E7E7E6E6E883C9E623C6E6E6E1F
S2140312D02F2F2F2F2F2F83546E6E6EA8A36E2F2FB4
S2140312E02F2F2F2F2F2F2F2F2F2F2F6B2F6B6B6B16
S2140312F07E2F2F2F2F2F2F2F2F2F2F2F2F2F6B6B2F
S214031300B0F5806F59D021D8B0F5007F50D008D8FB
S214031310B0F5807F60D0B0F5C07F3BD0019804B0B5
S21403132010BDB0F5607F43D0F8D8B0F5207F34D039
S214031330B0F5407FF2D1E1F7DBFF02464FF42070B1
S214031340E2F788FDB2FBF0F252082FE0B0F5C06F6B
S21403135053D00DD8B0F5A06F34D0B0F5B06F36D0FB
S214031360B0F5906FDAD1002101A8E2F777FCD5E754
S214031370B0F5E06F46D0B0F5F06F48D0B0F5D06F5B
S214031380CCD1002101A8E2F7C1FCC7E7E1F796FF3D
S2140313900190C3E7E1F7ACFFFAE7E1F7A9FF0246DE
S2140313A04FF42070E2F756FDB2FBF0F20192B5E778
S2140313B0E1F784FF02462046F4E7002101A8E2F79E
S2140313C007FCABE7002101A8E2F714FDA6E700211E
S2140313D001A8E2F721FCA1E702934FF0E0231B6983
S2140313E05B0705D5E1F784FF0290029B019395E71F
S2140313F003A902A8E2F766FCF7E7002101A8E2F7D3
S21403140061FC8BE7002101A8E2F7ACFC86E700212C
S21403141001A8E2F7CBFC81E70029CCBF012100211C
S214031420E2F742BD02214FF42070E2F7C5BF10B5C4
S214031430E1F75EFF0446E2F7BFFBC0F10201204678
S214031440FFF7EAFF01210020E3F746F9E3F71AF86E
S214031450BDE81040E2F76EBDEFF3108072B670473A
S21403146000B962B67047EFF31180302383F3118817
S214031470704780F311887047704770470020E3F782
S2140314802BB80120E3F728B8704770B50546144615
S2140314900E46FFF7E1FF2B685C4034405C402C604F
S2140314A0BDE87040FFF7DCBF4FF0B0435A6812B197
S2140314B09A6A002AFAD17047012200F580535A60CF
S2140314C0CB43934003F00A034361416111B900F52E
S2140314D000504260704783695B06FCD5C163704762
S2140314E0F8F760BA0020704713B51AB100240094C9
S2140314F000F0F4F802B010BDF0B58DB005AC84E88A
S21403150007001C46A1420D4628BF2546129B0DB375
S21403151004B311462846002603F53813CDE90A46D8
S2140315208DE8030003F241135F02C5EB43230993DF
S21403153002950CAA059B12E90700069500F057FAD8
S214031540A54207D23146621B381B0DB0BDE8F040FA
S21403155000F04BBA0DB0F0BD30B591B001AC84E8E5
S21403156007001C461346DA0049BF029A620003329C
S21403157022F00302014604A8FFF7B6FF04A800F012
S214031580C2F81499224601F5381101F241114D02B1
S21403159008A8C4EB41210023FFF7A6FF05F5007159
S2140315A000232246091B0CA8FFF79EFF0CA800F099
S2140315B0AAF808A904A800F086F811B030BD70B5E3
S2140315C090B001AC84E807001C461499164601F552
S2140315D0381101F2411122464D0208A8C4EB4121FD
S2140315E00023FFF781FF05F5007122460023091B40
S2140315F00CA8FFF779FF0CA800F085F8F30048BFA6
S214031600029A334648BF033201994CBF22F00302C5
S214031610620004A8FFF768FF04A800F074F804A9A2
S21403162008A800F050F810B070BD10B58CB005AC2B
S21403163084E807000E9ADDE9060102F5381202F582
S214031640A0725202CDE9092300228DE803000B9213
S21403165002930CAA059B12E9070000F0C8F90CB028
S21403166010BD2DE9F04B4FF0000899460746164685
S21403167045468AB003AC84E8070002F0805B07ACFB
S214031680049A424502D80AB0BDE8F08B139B13B9FF
S214031690AA1E012A0AD9129BCDE907790996009555
S2140316A05BB194E807004B46FFF726FFBBF1000F3C
S2140316B000D14F440135C844E2E74B4694E807009F
S2140316C0FFF7B3FFF2E708B5E3F7E4FDE3F718FE29
S2140316D0E3F720FEBDE80840E3F730BE10B5044646
S2140316E022F07042103060602160A26039B1A268B7
S2140316F003F070431343A360029BE36010BDA3682B
S21403170043F08043F7E701234360C36843F02003B5
S214031710C360836843F000538360704737B515464C
S2140317204A6804463AB18C680093096845EA04039C
S214031730FFF7D4FF0446204603B030BD2DE9F04F33
S214031740D3B0CDE90123DDE95D7BDDE95FA90023A5
S2140317500390042003ACCDE9050307C907AB83E870
S214031760070021461846619E0494E3F7FBFD804676
S214031770002840F0B3805C9A0AAB07CADBF8045033
S21403178083E80700DAF804304C421D44D9F80430E5
S2140317906D425B420093BB6805F00F05DA0048BF55
S2140317A07B6804F00F0442BF033323F003037B601C
S2140317B0B368DB0041BF7368033323F0030373602E
S2140317C00023DBF80400DAF80420CDE9153381188A
S2140317D02944CDE90E1379680D93494201F00F01B0
S2140317E0CDE9103171681293494201F00F01CDE93A
S2140317F01331CDE9173319935C9B5B684BB9D9F862
S21403180004301343184301BF1024CDE90B4016AB35
S2140318100A9311234FF0005204A932A8FFF77EFF64
S21403182040F611034FF0005207A9FFF777FF42F681
S21403183011034FF000520299FFF770FF44F61103AD
S2140318404FF000520199FFF769FF412300225946E2
S214031850FFF764FF2B024FF00052514643F041035B
S214031860FFF75CFF23024FF0005243F001030AA97F
S214031870FFF754FF009B4FF000521B0203F4706304
S214031880494643F00103FFF749FF1038FFF73BFFD4
S21403189000230DA91A461AA8FFF740FF002339466E
S2140318A01A46FFF73BFF002310A91A46FFF736FF39
S2140318B0002331461A46FFF731FF002313A91A46C1
S2140318C0FFF72CFF002362991A46FFF727FF10380D
S2140318D0FFF719FF1AA932A8FFF7F5FE404653B0E3
S2140318E0BDE8F08F084611461A465B68102B01D1F7
S2140318F0E3F7C0BD0720704782B000B589B00DF18D
S214031900200C20290CE907000B9312D8DDE90E0101
S21403191002AB83E803005CE902018DE803000BAA2F
S214031920059B07CA00F0EAF809B05DF804EB02B0BD
S21403193070470120F8E782B070B586B00B93119B11
S21403194003AD202B85E807003CD80C9AB2EB430F77
S2140319503AD10F9EB34237D106225A438A4203D066
S21403196003EB83038B422FD1012231462220129BA5
S214031970E3F7D2FB0446F8B90123CDE9003395E833
S21403198007000E253346FFF76CFE00950EAA07CA1E
S2140319903346FFF7B1FD2346062229460220E3F726
S2140319A0A7FBE3F7D5FB0623044678B900930BAAF7
S2140319B0334607CAFFF703FE204606B0BDE870406D
S2140319C002B070470124F7E70724F5E71C46F3E760
S2140319D0034610461944CA1A012A00D5704711F85F
S2140319E0012D02440A701012F5E709F0A9BA82B075
S2140319F02DE9F0438BB005AE86E80700079D1F462A
S214031A0015F0804513938046DDE914328946169C0B
S214031A1016D18C4228BF0C46D20016D584B10F2CA3
S214031A201AD8A9EB0502042A3B6828BF042208EB50
S214031A30050009A90435099309F08DFAAC42F0D8DC
S214031A400BB0BDE8F04302B070479C4228BF1C466B
S214031A50002CF5D00F2C13D9DDE914018DE8030013
S214031A600294139B96E80700E3F71CFCE3F748FC95
S214031A70E3F750FC0BB0BDE8F04302B0E3F75EBCFF
S214031A80224639460BB0BDE8F04302B009F063BA0C
S214031A9082B070B586B00E9E0B930C9B03ADB3EB72
S214031AA0460F85E8070027D10122314626200F9BE3
S214031AB0E3F732FB0446C8B90123CDE9003395E8C2
S214031AC0070006253346FFF7CCFD00950BAA07CA89
S214031AD03346FFF741FD2346224621462846E3F7D1
S214031AE007FBE3F735FB041E18BF0524204606B0A4
S214031AF0BDE8704002B070470724F7E782B02DE9CF
S214031B00F04F89B01D461393149B01AC8B4284E8B7
S214031B10070006460C4605D0072009B0BDE8F04F7F
S214031B2002B070476B1813F8013CDB07F4D50027A7
S214031B30EB5DB3B34FF0FF084FEA480111EA030A1F
S214031B405FFA81F8F8D13A46514606EB0709304664
S214031B50E71B09F0F5F904F1FF3BCDE9067ACDF86A
S214031B6014900DF1140A9AE80E00DDE91607B8473B
S214031B70002101278C46084699F8003023EA08031B
S214031B8089F80030A1420ED1BCF1000FC4D0002862
S214031B90E9D1002FE7D101223046FFF719FF384677
S214031BA0BBE70137C4E76A5C735C8B4508BF02F08A
S214031BB0FE02A2EB030E5FEA1E2E07F0010E08BF1D
S214031BC04FF0000E5340013B1B0A07F0010740EAA3
S214031BD00E0008BF00270131002A18BF4CF0010C85
S214031BE0D0E708B5E3F7CEFA10F00E03FAD0022BCF
S214031BF0F8D010F4806018BF062008BD10B5044660
S214031C00E3F7E4FA2046E3F72DFD18B9BDE81040E4
S214031C10E3F794BD10BDFFF765BCF0B51546492242
S214031C208FB0149C8DF8242004F10C060DF12502C8
S214031C3054F8047BB44242F8047BF9D12478147038
S214031C404FF48074ADF834409DF8544000228DF86C
S214031C50364004240694169CCDE9001505941324F7
S214031C60049409ACCDE902340B4611468DF83220B4
S214031C708DF83350E3F7BEFD0FB0F0BD30B5C02A84
S214031C8093B02FD0B2F5807F29D0802A2CD14FF481
S214031C90807480F00100204301901698012502907D
S214031CA010242120039504940590069301AB079511
S214031CB0089409900A9306AB0B9304230C93112301
S214031CC00D930AAB0E910F9340F61103D20802A9A7
S214031CD00EA810921193E3F75DFD13B030BD4FF4D9
S214031CE08274D6E70F20F8E72920F6E71FB5079C8E
S214031CF002949DF81840CDE9003413460A4601467F
S214031D000020FFF78AFF04B010BD1FB5079C02949E
S214031D109DF81840CDE9003413460A4601460120D3
S214031D20FFF77BFF04B010BD08B5E3F7B7FEBDE8C9
S214031D300840E3F7E7BE10B50446FFF78DFB4FF008
S214031D40A8431A6822601B696360FFF789FB0020BB
S214031D5010BD10B50446FFF77FFB4FF0A84322687B
S214031D601A6062681A61FFF77BFB002010BD70B52E
S214031D7006460D4614468CB0CAB11022002108A8A8
S214031D8009F0DEF8002207AB029305AB019306AB1E
S214031D9000933046294608ABCDE90522E3F710FF4A
S214031DA018B9099B6360059B23600CB070BD6FF088
S214031DB08600FAE770B505460E46E3F7A9FE044625
S214031DC048B931462846E4F717F9044628B1E3F73D
S214031DD0ABFCE3F7A9FE204670BDBDE87040E3F711
S214031DE0A3BE10B5436A8AB0041DCDE901430023A0
S214031DF0CDE9052310223C30CDE90331CDE9082394
S214031E000790E3F785FE60B907AB1A4604A901A855
S214031E10E3F708FB0446E3F787FE002C18BF6FF0D2
S214031E2092000AB010BDE4F799BC08B528B14C225D
S214031E30002109F085F8002008BD6FF08600FBE757
S214031E400020704738B51C46002308462360114619
S214031E501546FFF7AFFF00B9256038BD08B501206A
S214031E60E2F76AFA002008BD70B50C46154610B9AD
S214031E70E4F7CEFD38B143682BB12A462146BDE8C8
S214031E80704000681847232070BDF7B50D46164608
S214031E901C4648B103B901AC87685FB12346324696
S214031EA029460068B84706E0E4F7B2FD04B901AC7A
S214031EB00028F1D1232003B0F0BDF8B50C46154633
S214031EC0064658B9E4F7A4FD20462946FDF75CFF0D
S214031ED00446002CD4BF37200020F8BDE4F798FD55
S214031EE086420746F0D03046E4F786FD294620466C
S214031EF0FDF74AFF04463846E4F77EFDE9E70EB4ED
S214031F0003B503AA52F8041B0192FFF7D6FF02B0EB
S214031F105DF804EB03B0704700207047FEE74FF40C
S214031F20005300204B607047012070470020704725
S214031F3007B5002001AB0190FFF7A7FF0198002823
S214031F4008BF4FF0FF3003B05DF804FB10B514462E
S214031F500020FFF789FF204610BD034670B190F8B6
S214031F60382090F83C002AB1022803D1012283F8D6
S214031F703C20704704284FF00102F8D00120704738
S214031F8080F82C10704790F82C00704790F83900B2
S214031F9070473022037A534303F1A04303F58023AB
S214031FA0D96ED0E903231344994214BF084610465A
S214031FB07047F8B504460D4690F8393081B173B9C9
S214031FC090F83A60FFF748FA054601213046E5F7F0
S214031FD093F92846FFF744FA012384F83930F8BD0D
S214031FE0002BFCD090F83A70FFF736FA06462946DF
S214031FF03846E5F781F93046FFF732FA84F8395068
S214032000EDE72DE9F843044616460D4690F82C8076
S214032010FFF729FA94F8382003469AB1FFF729FA0E
S21403202094F83B90FFF718FA074601214846E5F770
S21403203063F93846FFF714FAFFF715FA002203464A
S21403204084F838201846FFF714FA2E44B54204D114
S21403205001212046236A98473DE094F82D302BB3A0
S214032060FFF701FA237E0746EBB12046FFF791FF01
S214032070E1680138884238BF2069D4F830C03CBFD5
S21403208000F1FF30401803469C450BD013F8012996
S214032090112A01D0132A21D1A2F111035A425A411F
S2140320A084F8342020633846FFF7E3F994F8343095
S2140320B0002BCBD0B8F1000F06D02B780A2B03D118
S2140320C00D212046E36998472046E36915F8011B6E
S2140320D098470028BAD00020BDE8F883994282BF0B
S2140320E0236903F1FF335B18CEE7F8B590F8383071
S2140320F0044603F0FF06A3B93146036A9847012353
S21403210084F8383094F83B70FFF7A6F90546314655
S2140321103846E5F7F1F82846FFF7A2F9022384F8D4
S2140321203C30F8BD026CD36C43F00403D3647047B1
S21403213010B50446026C93695906FCD5002394F83F
S21403214049101A4694F84800E2F7D8FB002394F89F
S2140321504B101A4694F84A00E2F7D0FB94F8503036
S214032160DA0707D5002394F84D101A4694F84C0066
S214032170E2F7C4FB94F850309B0707D5002394F886
S2140321804F101A4694F84E00E2F7B8FB206C002175
S214032190C36C23F00103C364C36C23F00403C3645A
S2140321A0FFF78AF9606C0021E1F7A4FE002010BD5A
S2140321B008B5006CFFF78FF9002008BD036CDA6CD6
S2140321C019B142F00102DA64704722F00102DA64C0
S2140321D0012203F500539A64704738B50468206CEF
S2140321E0856C15F001050BD0012200F500539A64A7
S2140321F083699B060FD52046BDE83840FFF775BFB9
S214032200042384F83C30237E33B9C36C23F00403E1
S214032210C3640123237638BD637E1BB394F82D3045
S21403222003B3132184F83550FFF755F9236CDA6CA2
S21403223042F00402DA645B6ADBB2112B0DD1012390
S21403224084F834303022237A534303F1A04303F552
S2140322508023DB6E013B2363DDE7132BDBD184F89E
S2140322603450EFE7C36C23F00403C364D3E708B525
S214032270E4F76CFF08BD10B5FFF7EEF80446E4F785
S214032280B1FF2046BDE81040FFF7EAB870470120CB
S21403229070474FF4C870E5F7D5B870472DE9FF418E
S2140322A00D4616461F460446A8B14FF00008C0F870
S2140322B01C80E5F71FFDBDF82C30424602939DF8BF
S2140322C028302946CDE9007320463346E5F778FCE7
S2140322D004B0BDE8F0812220FAE7F0B50D461646B5
S2140322E01F46044685B090B10023C361E5F702FD9F
S2140322F0BDF82C302A4602939DF828302946CDE9AE
S214032300007320463346E5F75BFC05B0F0BD22209C
S214032310FBE7F0B51F46002387B00D461646044676
S2140323208DF81730A8B1C3610DF11701E5F712FD5B
S2140323309DF817207AB9BDF83430294602939DF8E4
S21403234030302046CDE900733346E5F739FC07B055
S214032350F0BD2220FBE70320F9E7F0B51F46002374
S21403236087B00D46164604468DF81730B0B1C361E4
S2140323700DF11701E5F7EEFC9DF8173083B9BDF8AC
S21403238034302A4602939DF830302946CDE900734F
S21403239020463346E5F714FC07B0F0BD2220FBE7E2
S2140323A00220F9E738B5FFF75EF8054600F008F8AF
S2140323B004462846FFF75DF8204638BD00F025B8EA
S2140323C04FF0B0439A6A1207FCD4186A7047820724
S2140323D04FF0B04200F00103916948BF43F0400359
S2140323E00B43936170474FF0B04301285B6904D0F9
S2140323F0022805D1C3F38010704703F0010070472D
S214032400002070473E20FEF749BF3E20E1F758BE46
S21403241008B5E0F70BFBFEF7A1FDFEF7A8FDFEF7F8
S214032420B7FDBDE80840FEF7BEBD08B5FEF7BDFD27
S214032430FEF7BCFDFEF7BCFDBDE80840FEF7BABDDF
S214032440E0F7ACBF08B500F0FBFFE9F70DFD01F0C0
S21403245068FF02F095FD002008BD38B50446FEF778
S214032460FBFF05462046FDF781FA04462846FEF79D
S214032470F7FF204638BD70B504460E46FEF7ECFF60
S214032480314605462046FDF757FA04462846FEF72A
S214032490E7FF204670BD38B50546FEF7DDFF044668
S2140324A02846FDF76BFA2046BDE83840FEF7D8BF4E
S2140324B010B5044608B1E5F7AFFE2046BDE8104068
S2140324C0FFF7E9BF00F4E040B0F5805F04D0A0F565
S2140324D0005358425841704701207047F0B59E4656
S2140324E000F0FE43B3F1106F06460F46944691B0D4
S2140324F003D06FF0850011B0F0BD20F01F6121F40A
S21403250070210029F5D13D4607ACCDE90E110FCD5C
S2140325100FC495E8070084E80700D7E9092308995C
S214032520090AE6D11899304604911799CDF800C0E8
S21403253003911699CDE901E107A9E3F755FEDAE71A
S2140325403AB1002918BF00232121D21A184408F0F3
S214032550F7BC704738B5037904460D463BB9A36804
S214032560022120462B6000F0D0FD38B938BDD0E9F3
S214032570091200F060FE0028F1D0F7E700232B6075
S214032580F4E72DE9F04F9946002393B08DF81F30FA
S2140325901F9B9046DDE91CA6002B0D460B460CBF81
S2140325A04FF400624FF4806208A91E9FE5F75CFFB4
S2140325B0044668BBDDF820B009ACDC46CDE9100064
S2140325C0BCE80F000FC49CE8070084E80700284611
S2140325D0BDF824100DF11F02E5F7B6FF0446B8B99F
S2140325E09DF81F30B34223D8DBE909120A98000A84
S2140325F021D1CDE90337CDE9019A2B46CDF80080EA
S21403260009A8E4F743F810F1860F044600D000B19A
S2140326103E603246214650463B68FFF791FF0898D6
S21403262000F0B0FD002C18BF204613B0BDE8F08FB5
S2140326306FF08904ECE76FF08604E9E700232DE9E1
S214032640F341D0E9016804460F463046114613604D
S21403265000F0C2FD054688B9304600F0BFFD0546CA
S21403266060B9F6B276B9B8F1000F05D1E36823F482
S2140326707F4323F0030363B16FF08605284602B059
S214032680BDE8F0810146A06800F02EFD0028EDD1DC
S214032690F2E74FF6F87362889A421ED8238B012B13
S2140326A0EAD8394601A8E6F705F905460028E5D134
S2140326B00FCC3F683E460FC694E807003B7986E892
S2140326C007000BB9019BBB603B8B012123F0010381
S2140326D038463B8300F019FDD0E76FF08505CDE75C
S2140326E041F2052398421AD8B0F5905F09D241F219
S2140326F0010398420CD0B0F5885F09D06FF08500CF
S21403270070472923A0F5905080B2C340DB07F5D568
S21403271011F0070F0CBF00206FF086007047B0F56E
S214032720105FEBD121F04003802B06D0B1F5807FFC
S2140327300CBF00206FF0860070470020704770B50E
S214032740446A05460E463CB90120FFF794FE6862CC
S21403275028B12046AE6270BD6FF08A00FBE76FF0CB
S2140327608C00F8E7F8B50F46114606461546FFF700
S214032770E6FF044620B92A463946706A08F0EBFBA2
S2140327802046F8BD2DE9F041089D88461F4604887B
S21403279002B32046FFF796FEE0B12B680BB9D300D1
S2140327A02B6020462968FFF79BFF044678B9CE1DA9
S2140327B0B2EBD60F11D1069B9A4211D84146384642
S2140327C008F0C9FB2B68079A0733DB08136020461B
S2140327D0BDE8F0816FF08504F9E76FF08604F6E74D
S2140327E06FF08904F3E72DE9F04F476885B03F0A99
S2140327F00446DDE90E9A0D4616469846DDF840B0C7
S21403280015D1CDE901ABCDF80090E3F777FE10F1D3
S214032810860F0ED14346324629462046CDE90FABF6
S214032820CDF8389005B0BDE8F04FFFF7ABBF6FF0BB
S214032830860005B0BDE8F08F10B50446406A10B1B7
S214032840A16AFFF735FE0020C4E9090010BD38B5BC
S2140328500546FFF7F1FF95F820300446043B012BAD
S2140328600CD8EB69002B0CBF04466FF096042C22A1
S2140328700021284608F064FB204638BD6FF0960416
S214032880F5E710B5044638B1042100F03EFC2046B7
S214032890BDE81040FFF7DBBF10BD38B590F8203019
S2140328A00546052B16D10479FF2C07D1FFF7CFFF7A
S2140328B0041E08BF6FF08404204638BD1CB1806830
S2140328C000F09EFC04462846FFF7C1FF002818BF09
S2140328D00446F1E76FF08804EEE707B558B1012226
S2140328E001A9E6F723F830B9019800F046FC28B1B1
S2140328F00198FFF7D2FF03B05DF804FB6FF0990071
S214032900F9E7F7B5044608460E4600F043FB0023F6
S21403291020461A4601A9E5F7A7FD78B9019F344674
S2140329203D460FCD0FC495E8070084E80700338BB8
S214032930384603F00103338300F024FC03B0F0BDF4
S21403294070B5144602881D461046049EFFF7BAFD6E
S21403295068B944F2010322F44050984207D002F4C7
S2140329604F42B2F5824F02D0B2F5844F0ED1B44235
S2140329700FD82246284608F0EEFA0021321B281903
S21403298008F0DEFA0020059B1C6070BD6FF0850022
S214032990FBE76FF08900F8E72DE9F0438946984690
S2140329A017468DB07AB300230122C8F8003002A977
S2140329B0E5F75AFD0446A0B9029E03AC3546CDE9B9
S2140329C00A000FCD0FC495E80700049B84E80700B0
S2140329D0D6E909121B0A08D0304600F0D3FB6FF085
S2140329E0860420460DB0BDE8F0834B46CDE900785B
S2140329F003A8FFF7A5FF0446304600F0C3FB002CF0
S214032A0008BF0446EDE76FF08904EAE770B514469D
S214032A100288049D02F4E040B0F5804F1CD144F2D6
S214032A20010022F44056864207D002F44F42B2F524
S214032A30824F02D0B2F5844F0ED1AC420FD818465F
S214032A40224608F088FA00212A1B204408F078FA68
S214032A500020059B1C6070BD6FF08500FBE76FF0E0
S214032A608900F8E72DE9F0438946984617468DB066
S214032A707AB3002302A91A46C8F80030E5F7F4FC37
S214032A80044640B9029E33885B0408D4304600F0FF
S214032A9079FB6FF0860420460DB0BDE8F08335461B
S214032AA003ACCDE90A000FCD0FC495E8070084E810
S214032AB00700CDE900784B46D6E9091203A800F0D3
S214032AC0F1FA0446029800F05DFB002C08BF0446AA
S214032AD0E1E76FF08904DEE72DE9F0411F460023A6
S214032AE088B0054688461646CDE905333B60002A7E
S214032AF054D0B2F1005F54D206AA05A9FFF79EFD93
S214032B000446A0B90598436AABB1059B41465A886B
S214032B102846079207AA029203F1280201929A6AAC
S214032B2000925B6A3246FFF75EFE044680B1059864
S214032B30FFF7A7FE28E06B681B0A02D06FF0860437
S214032B40F5E73146FFF7FBFD04460028DDD0EEE748
S214032B500598079B4288DAB943804FF6F87293428A
S214032B6019D82B8813B102889A42E7D12B6A002B17
S214032B70E4D16B8813B142889A42DFD13946FFF716
S214032B80E9FC04460028D2D1204608B0BDE8F0810F
S214032B909A42D3D1E1E76FF08504C8E76FF0860465
S214032BA0F2E76FF08504EFE710B50446006868B1F6
S214032BB006280CD104F10800FFF737F90023236039
S214032BC0A38823F4FF7323F00103A38010BD6FF0E3
S214032BD08600F3E72DE9F0430546984600238DB0BB
S214032BE002932B6808461746002B47D1B8F1000F0F
S214032BF0134602A914BF4FF480624FF40062E5F750
S214032C0033FC044600283BD1DDF8089003AC4E465F
S214032C10CDE90A000FCE0FC496E8070084E8070044
S214032C203846BDF80C102A1DE5F78EFC044638BB63
S214032C306B79049968F300036B71090AD9E90923D0
S214032C40B8F1000F12D011BB009703A905F10800D5
S214032C50E3F784FD044698B9062302982B6000F038
S214032C6091FA044620460DB0BDE8F08379B9009783
S214032C7003A905F10800FFF7D6F8EBE76FF0880421
S214032C802846FFF791FF029800F07CFAEAE76FF018
S214032C908604F5E70123FFF79DBF38B505460068B0
S214032CA098B112B90024204638BD06280AD105F18A
S214032CB00800E3F785FD04460028F3D02846FFF70F
S214032CC073FFF0E76FF08604F8E76FF08804EAE72F
S214032CD02DE9F04105460068884616461F46F8B1BA
S214032CE06A79D2071CD52A79D2B1B2421BD80628F4
S214032CF01CD105F10800E3F7B3FD044610B1002329
S214032D003E602B713246214640463B68FFF718FC6F
S214032D102846FFF749FF002C18BF2046BDE8F08180
S214032D206FF08804EBE76FF08904E8E76FF086043A
S214032D30E5E71FB501240394089C0294079C0194BD
S214032D40069C0094FFF71DFC04B010BD2DE9F04768
S214032D5005469A46002386B0059305F0FE43B3F175
S214032D60106F0846DDE90E961746DDF8408029D138
S214032D702B464FF4804205A9E5F776FB044618BBBD
S214032D8005990B8823F0FF03B3F5E24F02D0B3F5A2
S214032D90E44F04D14B880733B6EBD30F1ED3534609
S214032DA03A462846CDE90168CDF80090FFF796FB32
S214032DB0044648B9059800F0E5F90446204606B0EF
S214032DC0BDE8F0876FF0860431464846E5F72CFCED
S214032DD00598C8F8006000F0D5F9EFE76FF08904AE
S214032DE0F2E7034610B50C461146DA6900880AB9BD
S214032DF01B6A3BB9FFF766FB38B12046BDE81040B7
S214032E00E5F712BC6FF0860010BD6FF08500FBE798
S214032E1000232DE9F04385B0CDE901330B604388E9
S214032E2006460D46002B00F0B280038803F4E04309
S214032E30B3F5804F00F0AB8002AA01A9FFF7FEFBB3
S214032E40044600287CD1019A7768526A6AB173688F
S214032E50019F1B0AD7F8248057F8289F74D06FF079
S214032E6086040198FFF7E8FC6AE03F0A61D1B6F8EA
S214032E70008071884046FFF725FB80B14046FFF788
S214032E802FFC044600285BD108F4E043B3F5805FCB
S214032E9002D0B3F5005F0AD10731CF0817E028F058
S214032EA0FF03B3F5E24F37D06FF0850448E008F42C
S214032EB04F43B3F5844FEFD047F2010398450FD144
S214032EC049080131C90801EBC10101F13B0703972A
S214032ED003990198FFF733FC04460028B7D02FE088
S214032EE044F20103984503D1C90801F11007EEE740
S214032EF047F20202904505D1C90801EB410101F1F1
S214032F005A07E4E744F20202904505D1C90801EBEB
S214032F10410101F14A07DAE728F0FF00B0F5E24F76
S214032F20BAD0B0F5824F01BF0731C90849004F1C1C
S214032F30CDE7304603A900F059F804460028C7D069
S214032F400198FFF79EFC13E033885B0414D43B46DA
S214032F504A4641463046FFF744FF04460198002C94
S214032F607FF47FAF2946FFF7F5FA04460028E7D13A
S214032F70204605B0BDE8F0833B464A464146304608
S214032F80E3F7DEF910F1860F0446E7D1DFE76FF0CB
S214032F908604EDE710B50446C069FFF77CFA2046C1
S214032FA0BDE810402422002107F0CABF2DE9F041F6
S214032FB005460F4690461C469BB119460120FFF76F
S214032FC05AFA064678B12246414607F0C4FFE86936
S214032FD008B1FFF760FA0020C5E907642F80BDE853
S214032FE0F0811E46F3E76FF08C00F8E7028843880B
S214032FF04068000A51D102F4E040B0F5805F02D089
S214033000B0F5005F05D10733DB0840D16FF08500CC
S214033010704702F44F40B0F5844F03D10733DB0803
S2140330200AD1F3E747F20100824208D15B08013375
S214033030DB0803EBC3033B3300200B60704744F20B
S2140330400100824202D1DB081033F5E747F20200A3
S214033050824204D1DB0803EB43035A33ECE744F222
S2140330600200824204D1DB0803EB43034A33E3E75F
S21403307022F0FF02B2F5E24FD0D0B2F5824FC5D1AF
S2140330800733DB085B000133012BD5D1BEE722F003
S214033090FF02B2F5824FCFD1F6E700236FF086002A
S2140330A00B6070472DE9F34747680446DDE90A9A43
S2140330B03F0A0D461646984611D1CDE9009AE3F726
S2140330C0A9F910F1860F0CD143463246294620460D
S2140330D0CDE90A9A02B0BDE8F047FFF797BC6FF058
S2140330E0860002B0BDE8F08703466FF0404208460C
S2140330F0591E914207D338B103F1404393428CBF24
S2140331000020012070470120704790F82030052BDF
S21403311011D8DFE803F0030B16141F214B1E012BF7
S21403312009D9042907D06FF087007047022902D017
S2140331300B1F012B0BD880F82010002070470229A4
S21403314002D0CB1E022BF5E7C369002BF3D06FF03A
S214033150880070470529EED00029ECD0F7E710B5B4
S21403316003210446FFF7D1FF30B9E3695A1C0EBFAB
S2140331706FF096000133E36110BDC069B0FA80F0CA
S2140331804009704708B90020704790F82020032AAA
S21403319008D1C269EAB1013AC261002AF3D1022119
S2140331A0FFF7B3BF052A09D0042A0FD1C26982B13B
S2140331B0013AC261002AE6D1FFF749BBC26942B1B0
S2140331C0013AC261002ADED1FFF767BB6FF08800C1
S2140331D070476FF09600704700207047C0B2FF2814
S2140331E00CBF6FF086000020704707B500216A46C3
S2140331F0FEF7BDFD8C3018BF012003B05DF804FB5D
S21403320013B500216A460446FEF7B1FD8C3002D1A1
S214033210002002B010BD00212046E2F7ABFE0146B7
S21403322010B16FF09800F4E76A462046FEF79FFD5C
S2140332308C30EDD0F5E72DE9FF4107461446884666
S21403324000293FD0002A3DD0B2F5005F3DD202F1FF
S214033250240631460120FFF70EF90546C0B30346A0
S2140332603A4621464046E5F7DBFBBF68002438466E
S214033270FFF7BBFF01281FD021462B4632463846B0
S2140332800094E2F7B5FD0146C8B9384602AAFEF730
S2140332906EFD044620B9029B9E4205D06FF098044B
S2140332A038460021E2F766FE31462846FFF700F966
S2140332B0204604B0BDE8F0816FF08A04F4E76FF0AF
S2140332C09804F1E76FF08604F2E76FF08D04EFE7FA
S2140332D06FF08C04ECE7FFF7EBB82DE9F047D0F876
S2140332E008A086B08146884617465046002104AAA1
S2140332F0FEF73DFD044610BB049E01203146FFF752
S214033300BAF80546002837D02146504604AA039447
S214033310FEF72DFD044670B903AB02462146CDE900
S214033320005350463346E2F7CFFD039B04469E42C6
S21403333009D06FF0980431462846FFF7B9F82046BF
S21403334006B0BDE8F0870028F5D13B464246314635
S2140333502846CDF80090E5F781FB04460028EAD11D
S214033360D8F800302BB13B68002B08BF6FF09104F0
S214033370E1E76FF09104DEE76FF08C04DFE750E8D7
S214033380003F0B4340E80032002AF8D17047C94398
S21403339050E8003F0B4040E80032002AF8D170475F
S2140333A0431E032B06D8DFE803F0020402040320BF
S2140333B07047042070477047CB69184770477047BB
S2140333C00020704770474FF000007047002070479A
S2140333D070477047002070470020704700207047F2
S2140333E00020704700207047704700207047002079
S2140333F0704770477047002070477047704711202A
S2140334007047002070474FF0FF307047002070472A
S2140334107047704700207047002070474FF0FF301A
S2140334207047112070470020704701207047002026
S21403343070470020704700207047704770477047FA
S21403344001F099B938B50446FEF70DF8D4E9101221
S21403345005462046E5F746FBE18C228DE060521ACE
S21403346040F2712101FB020303F59C5308332846FF
S2140334702361BDE83840FDF7FCBF08B52030FFF7F1
S2140334807EFFBDE808404FF08050EBF767BE38B5C7
S2140334900D4604460830E7F7EBF829460025204694
S2140334A0E9F7B4F9E06EE56110B1E6F713FAE566FD
S2140334B004F15000BDE8384008F0ABB838B5044610
S2140334C019B390F838208AB190F839300133DBB25B
S2140334D09A4280F8393009D10121FFF7D8FF4FF01F
S2140334E080712046BDE83840FFF7C7BF236ADA037A
S2140334F00BD5E36B62689B1A002B06DA0121204684
S214033500FFF7C5FF4FF08061EBE7236A1B0426D461
S21403351002F0AFFC1123B0FBF3F303EB0313C01A63
S21403352094F9613085B213FA80F0102888BFC5F18C
S21403353010056DB2083B2B4484F861302046012108
S214033540E9F764F940F27121E28C63682A4401FBCF
S214033550023320466360BDE83840E9F709B9002521
S214033560ECE72DE9F84F1D46C3690F460446164699
S214033570DDF830809DF838909DF840B09DF84810EF
S2140335809DF850A0002B40F0D180EB0600F1BE80E2
S21403359005F00303032B08BF05F0FD0505F0F7054B
S2140335A0BDF83C30A806A3869DF8540048BF05F036
S2140335B0FC05FFF7F5FE47F6FF731BF0020F84F8D2
S2140335C03600A4F8783040F0A4801BF0040F00F017
S2140335D0A28000F0FD00012814BF0323042394F8FF
S2140335E07F209DF8580063F3030284F87F20FFF7DB
S2140335F0D7FE47F6FF738A0784F83700A4F88830A7
S21403360000F18B804B0740F18A8000F0FD00012813
S21403361014BF0321042194F88F30606E61F3030313
S21403362084F88F30FFF7EAFE00222046216CE5F788
S21403363059FA40F271237343984279D849F6FF71D9
S21403364004F12000FFF7A3FEFF2384F85430BAF1F9
S214033650000F03D0236A43F480532362290705D55A
S21403366006263746236A43F484132362236A6A07CB
S21403367023F4C04323620CD419F0010F1CBF43F498
S21403368000532362236A19F0020F1CBF43F48043DE
S2140336902362236AA5852B43236204F12E03B8F124
S2140336A0000F3ED0D8F80020C4F82E20B8F8042027
S2140336B09A809DF82C30012B03D14FF48061FFF7DD
S2140336C05EFE236A9DF8282023F4407343EA022310
S2140336D0236202F0CEFB94F860309DF84C2084F809
S2140336E05F0023F00F03C0F30320034362F30713C3
S2140336F084F860309DF834302046E784268584F8C5
S2140337002A30FFF79FFE0020BDE8F88F01218B4685
S21403371046E7022363E7012361E702217BE70121F2
S21403372079E7C4F82E80A3F80480CAE70C20EBE7F9
S2140337304520E9E72DE9F7438946174604460193F2
S21403374030B901A807F065FF422003B0BDE8F08357
S214033750012920D0022910D089B9C369C3B900F161
S21403376040054FF40036236AD9061ED55A0726D5D8
S21403377001A807F04EFF0020E7E7406E20B901A836
S21403378007F047FF0C20E0E71946FFF738FEDCE7B3
S21403379000F14805E5E7C36923B900F144054FF492
S2140337A08026E0E700F14C05F9E79B0707D5B9F15A
S2140337B0000F04D101A807F02CFF1220C5E704F17F
S2140337C0200840463146FFF7E2FDF80702D52846B3
S2140337D007F01FFF019921B1284608F001F80023DE
S2140337E00193286807F09AFF236AD90605D51F2890
S2140337F001DC032F16D02846DDE740F272629042C2
S21403380004DD284607F005FF07209EE7B9F1000F01
S21403381008D1BF2806DD9A0704D0284607F0F9FE2C
S214033820452092E72046D4E91212E5F75BF9E369EF
S2140338306BB140F27122E38C5343984207D9238D30
S2140338408342EAD300F51C70B0FBF2F0E084FDF788
S2140338500AFEE36905467BB1BB070DD531464046F4
S214033860FFF78DFD6368C3F57A7602F03EFBF04200
S21403387002D52046E9F7E6F82846FDF7FAFD7AE78B
S21403388008B548B1CB0701D4002008BD4FF400119A
S2140338902030FFF774FDF7E74220F6E708B548B196
S2140338A0CB0701D4002008BD4FF400112030FFF7EA
S2140338B06EFDF7E74220F6E7E5F7FABB38B5C369CE
S2140338C004460D463BB1036A13F0010011D194F888
S2140338D02430FE2B0CD004F120004FF48001FFF7B8
S2140338E04EFD01202B68C4F85530AB88A4F8593038
S2140338F038BD0020FCE7036A10B5044613F46020C5
S21403390030D09A0307D504F1400007F082FEA36C7B
S21403391023640023A364236A5B0307D504F14400EE
S21403392007F077FEE36C63640023E3644FF46021DF
S21403393004F12000FFF72BFD2046FFF783FD01204F
S21403394094F8602094F85F3002F00F0143EA0123F5
S214033950013384F85F3022F00F02C3F303231A43C4
S21403396084F8602010BD10B50446503007F038FFC9
S2140339702046BDE810404FF00071FFF77EBD50E8CB
S214033980003F0B4340E80032002AF8D17047C94392
S21403399050E8003F0B4040E80032002AF8D1704759
S2140339A038B50446D0F8A00010B9D4F8A40058B12E
S2140339B094F8375107F05EFE05F00F0581B2063125
S2140339C02846EAF737F980B240F27122B4F8783025
S2140339D000F5487053439842B8BF184638BD38B50B
S2140339E005460C4602F000FB20B149F640439C42D4
S2140339F028BF1C46EA68A2420BD240F27121B5F8F2
S214033A007A304B43934238BF1346A34228BF23461C
S214033A101A462A6138BD03469A6A4430920404D58E
S214033A20D3F82821998FEBF709B993F86F10EBF7C2
S214033A30FBB8002070470120704700207047002025
S214033A40704701207047C820704700207047002049
S214033A5070477047704711207047704770470020C3
S214033A6070477047002070477047012070477047C3
S214033A70704790F8852010B5531C03F00F03072BEF
S214033A8028BF0023044663F30302034480F885201B
S214033A9083F87E1090F885306F2B4FEA13129EBF83
S214033AA0013262F3071380F88530FFF7E1FF94F8DD
S214033AB03711204601F00F01FFF7CCFF10BD70470A
S214033AC070477047002070470020704700207047FB
S214033AD010B101F1B000704701F1D4007047F8301F
S214033AE07047806A70472830FFF749BF2830FFF7D2
S214033AF04EBFC06A70472C30FFF741BF2C30FFF72C
S214033B0046BF00F59C70704708B50B79DB0702D4F7
S214033B10FFF7D5FF08BD91F90510BDE80840FFF78C
S214033B20A8BF02290346808F11D0032909D0012993
S214033B3006D11A8F5B6B1201B2FBF3F3184480B203
S214033B4070475A6B4FF47A43B3FBF2F3F6E75B8F97
S214033B50073000EB4300F2E770B540F2712606FB30
S214033B6001F345685643826A1D44120704464560BE
S214033B700ED500F14005294600F13402E7F7A0F917
S214033B80334629462046BDE87040012201F02DBA8F
S214033B9005EB5605456070BD836A590505D4D0F814
S214033BA0A03013B15B799A0708D4D0F8A40000B903
S214033BB0704743799B0701D40068F8E701207047F4
S214033BC080F87710704738B5836A04461B0713D509
S214033BD00246B0F87C3052F8341F4B4340F2712152
S214033BE04B4300F14001E7F76BF9236C20469D0831
S214033BF0FFF7D6FE2844E06040F27125616B20464D
S214033C0001396943FFF7EBFE20460121E8F7FEFD85
S214033C10636BB4F87C2020465A43636805FB023383
S214033C206360BDE83840E8F7A3BDB0F8303110B59F
S214033C30A0F834310446E5F7A5FBC0B2FFF703FF4F
S214033C4094F8373194F8362103F00F0304F1440156
S214033C5002F0C3F9EAF734F8B4F93021824205D00A
S214033C60A4F83001EAF704FDA4F83201B4F93421CC
S214033C70B4F930319A4209D0A36A9B0306D520468D
S214033C80BDE810404FF40041E5F792BB10BDFFF7C7
S214033C90CCBF836A0A4600F14401C3F34030EAF717
S214033CA077BF10B5A0F87810A0F87A200446FFF77F
S214033CB077FE2169E0602046BDE81040FFF78FBE1F
S214033CC038B504460D463AB94FF4C0212830FFF7FD
S214033CD05EFE9DB9002038BDFFF7C1FE98B12834BB
S214033CE04FF4C0212046FFF752FE1DB14FF40031BA
S214033CF0FFF745FE4FF48021204601E04FF40031E4
S214033D00FFF73DFEE6E71120E5E72DE9FF41836A6D
S214033D1004469B032CD5B0F93081B0F934710020EA
S214033D20EAF79AFD8045CCBF0025012502F05AF933
S214033D3094F83711C82201F00F01EAF797FD0646FB
S214033D402046E5F71FFBB045B4BF00260126002337
S214033D5094F83711A8EB07073FB245EA46051A461B
S214033D60CDE90085029701F00F0180B200F0B5FCA3
S214033D7004B0BDE8F081FFF7C8BF86307047F8B5DA
S214033D8004460E4600295AD040F27123476B30464C
S214033D905F43A7F28A277F083946E9F75BFF94F863
S214033DA08E30851FADB29D4239463046A8BF1D46AC
S214033DB0E9F750FF94F88F20831F9BB29342A8BF66
S214033DC01346F21E012AB4F88610B4F888202BD8BE
S214033DD0B1F5296F44F29020B8BF4FF429618142B0
S214033DE0A8BF0146B2F5296FB8BF4FF429628242D5
S214033DF0A8BF02461B2DB8BF1B251B2BB8BF1B2312
S214033E00304684F8913084F89050A4F88A10A4F8C9
S214033E108C20E9F71FFF831F9BB2AB42A8BF2B463C
S214033E20DBB284F89230F8BDB1F5A47FB8BF4FF487
S214033E30A471B2F5A47FB8BF4FF4A472DAE71B23CC
S214033E40EFE770B54900466B89B28E4218BF40F261
S214033E507125044617BF4068002105FB060005FBD5
S214033E601100658F1EBF6060616301219542208F3C
S214033E7017D08342628700D02387238F626B1B0190
S214033E80B3FBF2F394F837112046A4F89C3001F004
S214033E900F01FFF774FF2046BDE870400421E5F7E5
S214033EA087BA8342E8D1A36A1B07E6D50029E4D183
S214033EB070BDF0B585B004460E466A4600F186032B
S214033EC000F18E07154618685968083303C5BB42C8
S214033ED02A46F7D11868314628609B882046AB806F
S214033EE0FFF74DFF9DF80B2094F891309A4211D1BD
S214033EF0BDF80620B4F88C309A420BD19DF80A2000
S214033F0094F890309A4205D1BDF80420B4F88A306C
S214033F109A4207D04FF48141204605B0BDE8F040F1
S214033F20E5F746BA05B0F0BD37B5044694F88E50AB
S214033F30BDF818008D420BD1B4F88650954207D1D0
S214033F4094F88F509D4203D1B4F8885085421DD013
S214033F508DF80610ADF80420019D84F88E1094F8B1
S214033F60371184F88F30A4F88800C4F840512046EF
S214033F70A4F8862001F00F01FFF79BFFB4F88A3000
S214033F80A4F88630B4F88C30A4F8883003B030BD7B
S214033F9090F8373170B503F00F03044616460D4606
S214033FA0D9B18B4219D00122FFF757FD29460022CB
S214033FB02046FFF750FD94F83731204665F3030398
S214033FC084F8373105F00F01FFF773FF2046BDE88D
S214033FD070404FF48441E5F7EBB919462046FFF7E6
S214033FE068FF002EF2D170BDF8B51D46C36A0446BD
S214033FF05B070F46164610D404212C30FFF7BFFC90
S21403400084F89A702046A4F89660A4F898504FF463
S2140340100061BDE8F840E5F7CBB9F8BD10B511B1BE
S21403402090F89A400C7012B1B0F89610118013B144
S214034030B0F898201A80C06AC0F3800010BD4FF411
S21403404000412830FFF79BBC00F5A270704790F83C
S214034050370100F00F00704770B50446FDF703FA0A
S2140340606568064601F041FF2D1AB5F5FA7504D5C5
S2140340703046BDE87040FDF7FCB940F27122636B31
S21403408094F870105343B5FBF3F5A38FAAB29B1AAB
S214034090A38794F86F30154602FB1133252193FB53
S2140340A0F1F001FB1033002BB8BF5B1884F86F30B8
S2140340B0B4F89C3020469B1AA4F89C300021E8F7FD
S2140340C0A5FB40F27122636B20465D43636802FBE7
S2140340D015336360E8F74CFBCAE700232DE9F34783
S2140340E04E790446B00758BF06F0010608460D464B
S2140340F048BF0326ADF8043058BF0136FFF763F90F
S214034100074607F01F03002BE36A15BF4FF00108AD
S2140341104FF000084FF003094FF0020999050CD53C
S2140341209DF80430294666F3010368F345138DF8BA
S21403413004302046019A00F08EF9284607F0EEFA7E
S21403414082464946284607F0A4FA9DF80430AA7921
S21403415066F3010368F345138DF804308DF805A064
S214034160BDF804300C32AB529DF80430A9189A06F9
S2140341706B7948BF8F7043F001036B71FDF773F9DA
S21403418006462046294650F8A48F07F029FB94F8E4
S2140341904631013384F84631A36A1B070CD5B4F8BD
S2140341A07C30012B02D92046FFF756FF304602B07B
S2140341B0BDE8F047FDF75DB9656801F096FE074672
S2140341C0E8F73AFC8442F1D1ED1BB5F57A7FEDDDD5
S2140341D0B8F1000F03D0D4F8A030002BE6D1E8F7EF
S2140341E0C3FFE3E708B5022007F0D7FB10B100F0E2
S2140341F043FE012008BD10B504464FF44071283035
S214034200FFF7C5FB2046BDE810400021E5F770BD6B
S214034210012310B5A1F12002C1F1200423FA04F40E
S21403422003FA02F222438B40D0E9084123400A40B6
S214034230134314BF0120002010BDC36A10B5044603
S21403424013F0080012D00123A1F12002C1F12000CF
S21403425023FA00F003FA02F202438B40D4E9080182
S21403426003400A40134314BF0120002010BD10B5BD
S2140342700C46C9B2FFF7E1FF70B1E6F70DFEC4F1D5
S2140342802002A4F12003E04001FA02F2104321FACF
S21403429003F3184300F0010010BD70B504460E4644
S2140342A0E6F72CFFFDF7DFF805460221204684F8E3
S2140342B07760E5F77DF820460021E8F7A7FA284659
S2140342C0BDE87040FDF7D5B870B504460D46FDF75A
S2140342D0CAF80646E8F7B0FB844201D1E8F724FFA4
S2140342E03046FDF7C6F829462046BDE87040FFF77E
S2140342F0D4BF0B68C0F84031704738B540F6480560
S214034300D0F840310C460B609BB2AB4204D90B216C
S214034310FFF7ADFF08B9258038BD44F2902323800C
S214034320FAE708B500F0FBF8E5F7AAF900F044FB56
S21403433000F008F8E6F71AFEE7F7D6FBBDE80840F4
S214034340E7F752BC704770B515460E461C46FFF796
S214034350C6FB2B684EB103606B6843602368C0F8E6
S21403436025302368C0F8153070BD83606B68C36062
S2140343702368C0F829302368C0F81930F4E770B50D
S2140343800546FFF7ACFB0446FDF76DF806464FF40B
S21403439080712846FFF7A7FB4FF400612846FFF716
S2140343A0AAFB3046FDF765F80023284623612375EC
S2140343B0236284F82430FFF794FB802310F0080F61
S2140343C014BF237584F8243070BD10B50446FFF778
S2140343D012FF2046BDE810401021E4F7E9BF10B5F0
S2140343E004464FF46061FFF789FB2046BDE81040A2
S2140343F0FFF701BF7FB506460C46FFF770FB4FF489
S214034400C06105463046FFF776FB4FF40061304641
S214034410FFF774FB4FF48060E6F7E4FC224670B9BE
S21403442069462846E6F744F86B4605F1100213F88A
S214034430011B02F8011DAA42F9D104B070BD6C46F7
S21403444002F11006234610685168083203C3B242CD
S2140344501C46F7D1E8E7F0B587B00D46ADF80C205B
S214034460FFF73DFB0446284607F058F9064600B317
S2140344702846E6F75BF89DF80C3005AF03F02303F8
S214034480224631460093019704F12003FDF73DFCD5
S2140344902846E6F761F804223946284607F07BFBF0
S2140344A0236A0133236223B994F82430013384F852
S2140344B0243007B0F0BD30B585B00391ADF80820C1
S2140344C0FFF70DFB0446039807F028F9051F002D98
S2140344D002DC002005B030BD0398E6F727F8431941
S2140344E001939DF80830224603F0230300932946E0
S2140344F004F11003FDF7FAFB0028EAD10398E6F768
S2140345002BF8042103A807F0ABF9236901332361D1
S2140345100BB10120DEE7237D01332375F9E708B5E8
S2140345204FF40060E6F75EFC40B94FF48050E6F7C0
S21403453059FC40B9BDE80840EAF7CABBFFF7C2FA20
S2140345400028F2D008BDFFF7C1FA0028F2D0F9E739
S21403455041F0004141F4E0210160704707B501A82E
S214034560019107F056F8002003B05DF804FB70478E
S21403457070477047704710B5DC1D04338373437967
S214034580C47123F0030343F003030E244371012392
S21403459044738371C3730182827410BDD31CC371C9
S2140345A03E2343734379827323F0030343F00303E9
S2140345B043710123C173837170470F23437304232D
S2140345C083734379A0F8111023F0030343F0030326
S2140345D0437140F20173C3800123C27303747047AF
S2140345E0D31CC3714379417323F0030343F00303DE
S2140345F04371012382738371704708B50023FFF765
S214034600BAFFBDE80840E6F795B82DE9F8438046BB
S2140346100220894617461E4607F0BFF9D0B10C2381
S21403462043730823837340F601334579C38025F02B
S21403463003059DF8203045F003054571A0F810806A
S21403464080F81290A0F81370A0F81560C373E6F70D
S21403465071F80120BDE8F88308B5022007F09DF93C
S21403466030B101221121FFF799FFE6F763F8012025
S21403467008BDF8B504460F46164613211D46092203
S214034680FFF78CFF83790C331C44A170E770267107
S2140346902B68C4F80530AB88A4F80930BDE8F840A9
S2140346A0E6F748B870B5064602200D4607F075F9DA
S2140346B0044668B114210422FFF770FF83790C3394
S2140346C01C44A170A4F803606571E6F733F8012073
S2140346D070BD08B501F06BFD08BD2DE9F041074636
S2140346E002200D4690461E4607F057F90446E0B1F1
S2140346F009222121FFF752FF0A2283790C331C4437
S214034700BDF9183084F8038093FBF2F323729DF807
S2140347101C30A7806372BDF92030A67193FBF2F3B9
S214034720E571A372E6F706F80120BDE8F08137B518
S214034730044606F0F3FF3E22A379C0B20C33E51815
S214034740E254831E6B700D23AB70AB791C38012BC0
S214034750E8768DF8073009D10023E91D1A460DF1D6
S2140347600700FEF755FE9DF80730AB712046E5F7C8
S214034770E1FF03B030BD704710B5E6F715F883794F
S21403478000210C33C418E078E4F718FA6168FFF7E1
S21403479077F80446E6F70EF82246BDE810400023F5
S2140347A04FF61941FFF7E7BE10B5E5F7FDFF83792E
S2140347B000210C33C418E078E4F700FA6168FFF7C9
S2140347C06DF80446E5F7F6FF2246BDE810400023E1
S2140347D04FF61A41FFF7CFBE70B5E5F7E5FF0021A8
S2140347E086790446FE20E4F7E9F90546E7F7C8FBB1
S2140347F050B10C24E5F7DEFF2246BDE870400023E7
S21403480042F20501FFF7B7BEE7F700FC0028F0D138
S21403481034440F342DB121462846FFF74FF80028BD
S214034820E7D02046E6F72AFA0024E3E72DE9F0412D
S214034830E5F7BAFF837900250C33C418E678E5F765
S214034840B3FF0768E5F7B0FFA6F1FE0359425941E7
S21403485005603046E4F7B2F93B4629462279FEF76F
S21403486069FF0446E5F7A6FF2B462246BDE8F0415E
S21403487042F23701FFF77FBE2DE9F041E5F794FFDB
S214034880837900250C33C418E678E5F78DFF0768AF
S214034890E5F78AFFA6F1FE03594259410560304603
S2140348A0E4F78CF93B4622790121FEF743FF0446E1
S2140348B0E5F780FF2B462246BDE8F04142F2380179
S2140348C0FFF759BE2DE9F047E5F76EFF83790C3302
S2140348D0C418277994F8038027B9B8F1010F27D0B5
S2140348E0E4F7CEFB00260534BE420ADB0025E5F7D7
S2140348F061FF2A46BDE8F047002342F23901FFF77D
S2140349003ABE2078B4F80150A0F1FE03594259414B
S21403491094F803900434E4F751F958B12A464B4609
S2140349204146E4F7A9FA05460028E0D10136DBE75D
S2140349301225DCE74225DAE710B5E5F735FF83797C
S21403494000210C33C418E078E4F738F980B1211D50
S214034950FEF7B4FF00280CBF0C240024E5F72AFF5B
S2140349602246BDE81040002342F23501FFF703BE9E
S2140349704224F3E7FE282DE9F84306468946904687
S2140349801F4616D0022007F008F8044690B1062208
S2140349901221FFF703FE1223A57920460C35254482
S2140349A0AB7085F803902E71A5F80580EF71E5F7D7
S2140349B0C1FE0120BDE8F883704710B5E7F7E0FABB
S2140349C00446FEF718FD2043C0B210BD38B5E5F720
S2140349D0EBFE8379C17903F10C020244CB1A022061
S2140349E00021B2F8035007F003F9044640B9E5F78F
S2140349F0E1FE0722BDE8384042F21901FFF7DDBDAC
S214034A002846E4F7ABFC38B12146E7F781F80446BD
S214034A10E5F7D0FE2246EDE72046FCF79DF8022494
S214034A20F6E770B5E5F7C0FE83791844B0F80F6073
S214034A30B0B2E4F793FC80B1002100F06DFE0546AA
S214034A40E5F7B8FE044602232A4642F21B01FFF7A7
S214034A5092FDA3791C44668270BD0225F0E770B50B
S214034A60E5F7A2FE83790C33C418B4F8035028463E
S214034A70E4F774FCA0B1611D00F04EFE0646E5F7B0
S214034A8099FE04460223324642F21A01FFF773FDEB
S214034A90E37923449D72E3792D0A1C44E57270BDC5
S214034AA00226ECE710B5E5F77FFE83790C3318444E
S214034AB04479B0F80300E4F751FC60B12146E6F709
S214034AC003FE0446E5F776FEE2B240F20641BDE891
S214034AD01040FFF772BD0224F4E770B5E5F764FEF5
S214034AE083791844B0F80F50FCF7BDFC04462846FB
S214034AF0E4F734FC80B11621FFF7E6FB00252046D9
S214034B00FCF7B7FCE5F756FE2A46BDE870400023DF
S214034B104FF60441FFF72FBD0225F0E7F8B5E5F79A
S214034B2043FE847905460C340444B4F80300E4F7E2
S214034B3015FC064640B9E5F73DFE0222BDE8F840FF
S214034B4042F21301FFF739BDAB79E97903F10C02A1
S214034B500220CB1A2A44002107F04AF8014618B966
S214034B60E5F728FE0722E9E78379033383713046A6
S214034B70B4F80D50B4F80F70E6F75AFD04463A46FB
S214034B8029463046FFF78DF8E5F714FE2246D5E7AB
S214034B9038B5FCF768FC0446FFF70FFF00280CBF88
S214034BA00C250025E5F706FE2A4642F20E01FFF71E
S214034BB024FDE7F7C1FA2046BDE83840FCF759BCA8
S214034BC010B5E5F7F1FD83791844B0F80F00C0B2CD
S214034BD0E4F732FFE5F7EEFDBDE81040002342F2AE
S214034BE024011A46FFF7C7BC2DE9F8438146022085
S214034BF0884617461E4606F0D0FE044690B10A22A3
S214034C000321FFF7CBFC0023A57920460C3525446A
S214034C10EB70A5F80490A5F806802F816E81E5F762
S214034C2089FD0120BDE8F8832DE9F043814685B070
S214034C3002200E461F469DF844808DF80F2006F08E
S214034C40ACFE0546002844D022222921FFF7A6FC05
S214034C500022AC7930460C342C4404F10E0304F1E4
S214034C601401C4F80E209A806261228300913A46AA
S214034C700DF10F01FEF7CDFB9DF84030A4F804902C
S214034C80E37006F00103A3719DF80F3016F0FD0FD5
S214034C90E3713B68A360BB88A3814FF6FF7304D020
S214034CA0032E08BF43464FF0FF08BDF830202846C2
S214034CB06283BDF8342084F82180A283BDF83820AF
S214034CC06384E2839DF83C2084F82020E5F732FDD8
S214034CD0012005B0BDE8F083F8B507460220164666
S214034CE01D4606F05AFE044690B10C220421FFF737
S214034CF055FCA1799DF818300C31214420468F804D
S214034D00C1F80660C1F80A50CB70E5F713FD012021
S214034D10F8BD70B5064602200D4606F03EFE044674
S214034D2068B103223021FFF75BFCA37920460C33DE
S214034D302344A3F803609D70E5F7FCFC012070BDD7
S214034D4070B5064602200D4606F027FE044688B1D7
S214034D5004220821FFF744FCB5FA85F2A379520929
S214034D600C3323442046A3F803605A719D70E5F77D
S214034D70E1FC012070BD2DE9F843814602208846F8
S214034D8017461E4606F009FE0446B0B10B2207215D
S214034D90FFF704FCA579BDF820300C3525442046E2
S214034DA0A5F80390A5F80580A5F80770A5F809608F
S214034DB0A5F80B30E5F7BEFC0120BDE8F883F8B58F
S214034DC0074602200E46154606F0E7FD0446A0B148
S214034DD00D220521FFF7E2FBA37920460C3323447B
S214034DE0A3F80370A3F80D602A68C3F805206A6861
S214034DF0C3F80920E5F79EFC0120F8BD2DE9FF4125
S214034E0016466A4680460F4615460A9C03F1100E60
S214034E109446186859680833ACE80300734562463D
S214034E20F6D124B9022006F0B8FD044608B31D22C5
S214034E30ED212046FFF7B2FBA3790C332344A3F8F6
S214034E400380A3F80D702EB13268C3F8052072688C
S214034E50C3F809200F3304AE2A4603CAB2421860C9
S214034E605960154603F10803F6D12046E5F762FCC0
S214034E70012004B0BDE8F08113B5132182790190B7
S214034E800C32841881544FF44072C280E5F7E8F977
S214034E90A07020B901A806F0BCFB02B010BD8000CC
S214034EA0013060700198E5F745FCF6E770B50646F5
S214034EB002200D4606F071FD044678B10422052152
S214034EC0FFF78EFB0022A37920460C332344A3F876
S214034ED003605D719A70E5F72DFC012070BD13B574
S214034EE0837901900C33C418C05CE4F737FA20B911
S214034EF001A806F08EFB02B010BD6378019913F08B
S214034F00300F0CBF012200228B7904338B714B794F
S214034F1062F300034B71E4F7EBFEECE72DE9F04197
S214034F20E5F742FC83790C33C418B4F803801FFA00
S214034F3088F0E4F713FA054600B3A2796179FEF721
S214034F40BFFE0646E5F736FC07460223324642F224
S214034F507A01FFF710FBBB7938463B44A3F812806F
S214034F60E5F7E8FB46B9A37933B12846FFF76FF8B0
S214034F7001462846FEF775FDBDE8F0810226E1E707
S214034F8000F05FBE50E8003F0B4340E80032002AC3
S214034F90F8D17047704770B50E461546E4F79CFB8C
S214034FA0044648B93046E4F74FF9044620B9284684
S214034FB0E9F7B6FD044640B10020E4F78DFB002078
S214034FC0E4F742F90020E9F7ABFD204670BD4FF445
S214034FD00010EAF7C3B8E8F775BFE5F731BE4368D4
S214034FE0143B4360A0230B6070471AB94268A2EBD8
S214034FF0530242600A6802EB83020A6070478842E3
S21403500010B518D8052816D9B1F5486F13D8B3F5D7
S214035010FA7F10D240F67644A2F10A0080B2A0428C
S21403502009D801339BB24B435B00B3EBC20F94BF6B
S2140350300120002010BD0020FCE7C94350E8003FD4
S2140350400B4040E80032002AF8D170470020704732
S2140350502DE9F04104460F4600264FF0010821468D
S21403506086F00100FEF734FD4FF48051FFF7E5FFAD
S214035070836833B940460EB1BDE8F0810126804609
S214035080EDE7028ABA4206D100220121204698475C
S2140350900028EFD1EFE70268D205EBD500221146D0
S2140350A0F4E708B5FEF72DFD00230380436008BD33
S2140350B070B506460C46FCF7D6F905463046FEF7AD
S2140350C020FD30B103781C4304704FF40070EAF7F8
S2140350D045F82846BDE87040FCF7CBB9E4F708BEB0
S2140350E007B542798DF8071022F0030242F0030257
S2140350F0427140F203320DF10701C280012206F02D
S2140351006BFA03B05DF804FBF8B5174606460C4683
S2140351101D46FEF7EEFC020713D502213046FFF7C5
S21403512077F870B111212046FFF7DAFF2046E5F73E
S2140351308DFF4570877021463046BDE8F840E4F79A
S214035140D7BD28204FF08861C5F12002A5F12003C2
S214035150E94000FA02F220FA03F311431943CB079E
S214035160E0D40D212046FFF7BBFF2046E5F76EFF90
S2140351704770E0E770B50C460546072120461646FD
S214035180FFF7AEFF2046E5F761FF21464670284647
S214035190BDE87040E4F7ACBD38B50C4600210546C3
S2140351A0FEF7BFFC47F6FE73241AA4B29C4205D949
S2140351B028462821FFF771F8002038BD0120FCE7B8
S2140351C038B504460D4601460020FEF781FC036809
S2140351D09B0505D429462046BDE83840FFF7DCBFCB
S2140351E0002038BD2DE9F04115461F469DF818806E
S2140351F0FEF76EFC0446FCF736F9B8F1010F0646D7
S21403520023D154E8003F43F4807344E80032002A75
S214035210F7D105B354E8002F42F4007244E80023A4
S214035220002BF7D1FF212046FFF707FF54E8002F96
S21403523048EA020244E80023002BF7D13046A56073
S2140352402782BDE8F041FCF714B94FF4807120467D
S214035250FFF7F3FEDDE74FF400712046FFF7EDFEA0
S214035260E0E773B5064601200C46FEF731FC002343
S21403527005461A46009321463046FFF7B3FF6B6890
S21403528063B14FF480712046E4F792F855E8003F87
S21403529043F4007345E80032002AF7D1FCF7E3F83D
S2140352A005462046FEF72DFC28B103881BB14FF4B4
S2140352B00070E9F753FF284602B0BDE87040FCF7DC
S2140352C0D8B838B505460C46FEF702FC83684BB1E2
S2140352D0022120460022984721462846BDE838404A
S2140352E0FFF7BFBF38BD012938B505460C4608D0C1
S2140352F0CC1E012C03D801460120FFF7E2FF012054
S21403530038BD2221FEF75CFC20462946FFF7D9FF6D
S2140353100020F5E708B5FEF7DBFB006800F0F000B9
S21403532008BD10B5014604460120FFF7F3FF20B978
S2140353302146BDE81040FFF7EDBF10BD70B5064629
S2140353400C4601460120FEF7C3FB31460546002006
S214035350FEF7BEFB2B680268014643EA0200C0055F
S2140353601ED49B0502F4007203D49AB94FF0FF30A3
S21403537070BD2B8A1B1B98B27AB1098A091B89B2A6
S2140353808842A8BF08464FF6FF73984208BF4FF0FF
S214035390FF30EDE74FF6FF70EFE74FF6FF71EFE7ED
S2140353A00120E5E72DE9F34104460191014601207A
S2140353B01546FEF78DFB214606460020FEF788FBC2
S2140353C080462046FEF78DFB810606D501A806F02B
S2140353D020F90C2002B0BDE8F081FCF744F83368EE
S2140353E007469A0503D4D8F800309B0509D50199DA
S2140353F0301D8D6006F0F4F93846FCF73AF80020C5
S214035400E8E7FCF736F820460199A847E2E738B5FF
S214035410014604460120FEF75BFB05460C3006F00A
S214035420F8F8281D06F0F5F821460020FEF750FB95
S21403543004460C3006F0EDF8201DBDE8384006F0B3
S214035440E8B870B5014605460120FEF741FB06465F
S214035450043006F05BF9044670B14FF40071304631
S214035460FFF7EBFD21462846A368984720B1204660
S214035470BDE87040FBF770BB70BD00238260C0E9D7
S2140354800031704708B50B4601461846FEF720FB69
S2140354900068C0F3402008BDFFF725BFCB1E012BD5
S2140354A070B504460D46164606D81A21FEF788FB45
S2140354B040212046E3F77CFF324629462046BDE8D6
S2140354C07040FFF710BF38B504460D46FEF764FB81
S2140354D028B1012D04D122212046FEF771FB0020BE
S2140354E038BDF8B50C468B7907460B44D3F80D60E8
S2140354F0D3F811303246E4F7DDFB09212046FFF7E7
S214035500EFFD2046E5F7A2FDA579E5F7C5FC0C35CA
S21403551066F0FF0625440640C5F80160E5F7BCFCC7
S2140355203846C5F805102146FFF7D8FD0221384650
S214035530FFF7BEFDF8BD70B50E46054601460020D2
S214035540FEF7C6FA012E044603D0022E11D0012020
S21403555070BDC16828468B7919440D31FEF799FB57
S214035560E068FBF7F9FA00202946E060FFF779FECA
S214035570EDE7C068FBF7F0FA0023E360E7E738B52A
S2140355800D46044601460120FEF7A2FA012D08D176
S21403559000F112012046FEF77CFB21462846FFF762
S2140355A060FE012038BD08B5FEF79BFAC0F3C000C5
S2140355B008BDF8B50C460746FFF7F5FF80F0010671
S2140355C0F6B239463046FEF783FA0546C068012C24
S2140355D0837903D0022C1BD00120F8BD0C33C418EA
S2140355E023893846E288A188FEF72BFC6188627817
S2140355F04900384689B25200FEF7AEFAE868FBF770
S214035600ABFA002339463046EB60FFF72AFEE3E7A2
S214035610FBF7A2FA0023EB60DEE708B5FEF769FAAC
S21403562000F0010008BD38B50C4602210546FEF71A
S21403563062FA0C212046FFF753FD2046E5F706FDE8
S2140356404FF0FF3383700223C3700D2343706FF054
S2140356502F0303710523214643712846BDE83840CE
S214035660FFF73CBD042910B5044601D0002010BD49
S214035670FFF799FFC0F10200E5F7B4FB0028F5D168
S21403568006F08BF9014608B90220F0E72046E5F755
S214035690EDFF0028F8D10120E9E708B5FEF721FA67
S2140356A0C0F3C00008BD2DE9F0410F4604469046FE
S2140356B0FFF7F3FF80F00105EDB221462846FEF71B
S2140356C007FA012F064603D0032F0FD001200BE065
S2140356D02046FEF784FE22212046FEF771FA28466E
S2140356E02146FFF7EEFD0020BDE8F081C068FBF71A
S2140356F033FA00232046F360FEF771FE20465FFA76
S21403570088F1FEF75DFA20462021E3F751FE214695
S2140357102846FFF7D6FDD9E737B504460D46FEF70C
S214035720E8F903054CD5022006F037F90190002866
S21403573048D0204645B3FFF7B0FF50B10521019886
S214035740FFF7CEFC0198E5F781FC20460199FFF7A9
S214035750C5FC20462946FEF74DFE2046FFF79DFF73
S21403576078B94FF400612046FEF7C0F90621019888
S214035770FFF7B6FC0198E5F769FC20460199FFF7A9
S214035780ADFC002003B030BDFFF787FF68B1019979
S214035790032306222046FFF7B7FC2046FEF71FFE2C
S2140357A021462846FFF78DFDEBE701A805F031FFFC
S2140357B020463D21FEF771FD2046FEF710FEE0E78A
S2140357C00C20DFE70720DDE7F7B501460446002097
S2140357D0FEF77EF9054600F112074FF48060E5F701
S2140357E001FB50B92046E3F7CDFD3A46698B80B2FC
S2140357F003B0BDE8F040FFF7E2BA2046E3F7C2FD88
S214035800064620466D8BFEF76AF900220346009291
S21403581029463A46B0B2FFF7F1FA03B0F0BD8378F3
S2140358201A2B09D81B2383700288B2F5A47F07D2EC
S2140358304FF4A473038007E0FB2BF5D9FB23F2E7B1
S21403584044F290239A42F5D87047F0B50446CA79D5
S2140358508B7987B043EA0223ADF80C308B8803A814
S2140358608DF80E30CA788B7840F6480543EA022353
S214035870ADF810300B8805A98DF81230FFF7CFFF6F
S21403588004A8FFF7CCFF2046FEF737FD0B21204682
S214035890FEF7EDFC44F29023002818BF1D46BDF822
S2140358A00C709DF80E30BDF81460BDF810209DF8FE
S2140358B016009DF81210AF42D4BF00970095FB2B3D
S2140358C0A8BFFB23B242A8BF32468142A8BF014607
S2140358D02046FEF729FB07B0F0BD37B5144605464C
S2140358E01046FFF7FDFB2046E5F7B0FB01A904468B
S2140358F02846FEF702FD0B212846FEF7B8FC6FF09C
S21403590004036370002344F29022A37040F6480316
S214035910002818BF1346A4F803309DF80630A4F8F1
S2140359200530BDF80430A4F8073003B030BDFFF7E8
S214035930DABC022973B505460C4603D0002420467C
S21403594002B070BD0521FEF763FC0028F6D0E4F72D
S21403595079F81B28F2D94FF40040E5F743FA0028FC
S214035960ECD106F01AF806460028E8D0284601A926
S214035970FEF7C3FC314628469DF80630BDF80420E2
S214035980E6F748F90028D9D10124D8E730B190FAD0
S214035990A0F00123B0FA80F08340D8B2704770B508
S2140359A00646FEF7A6F880F0400402060546C4F352
S2140359B0801406D408213046FEF73FFC08B144F0B5
S2140359C00204EB0506D40B213046FEF736FC08B17D
S2140359D044F00404204670BD2DE9F843044691467E
S2140359E00F46FEF786F8C0F340152046FEF72CFB5D
S2140359F0214680462846FEF76BF84946064620466B
S214035A00FEF7DEF898F80110384601F00F0100F0B3
S214035A1024FA062814BF014600212A462046FEF72C
S214035A20B7FA21462846FFF71CFC20212046FEF73E
S214035A3065F856E8003F43F4805346E80032002AF0
S214035A40F7D1BDE8F883F8B50E4604461546FEF7CB
S214035A5050F8032EC0F340170DD0042E16D0012E97
S214035A6012D122212046FEF7ABF838462146FFF72F
S214035A7028FC0020F8BDEAB200212046FFF7ACFF61
S214035A8021463846FFF71DFC0120F3E70C22F3E717
S214035A90012910B504460BD1FEF72BF82146C0F3B7
S214035AA04010FEF715F80022817C2046FFF794FF8E
S214035AB0012010BD2DE9F7430F460546FEF719F8FA
S214035AC000F02009C0F340182846FEF7BDFABB795C
S214035AD00C333B445E789B781E400378C3F3030085
S214035AE000EA13103040FFF751FF044648B9B9F1F6
S214035AF0000F06D12846FFF752FF3040FFF746FF58
S214035B0004462846FEF7A3FAE8F7B8F8A04223D0DF
S214035B101CB302212846FEF704F800210646284651
S214035B20FEF72DF918213846FFF7DAFA3846E5F777
S214035B308DFAB6B2394644708470A0F803602846DE
S214035B40FFF7CCFA23462246294640460096E6F758
S214035B509BF803B0BDE8F08300242646E2E770B561
S214035B6004460D46FFF7DDFB28B929462046BDE867
S214035B707040FFF79FBF402829462046BDE8704087
S214035B804FF0160314BF2A222322FFF7BDBA38B5F7
S214035B9005460C46FDF7ADFF830604D42046BDE854
S214035BA03840FAF7D9BF21462846BDE83840FFF704
S214035BB081BF73B58C7906460C340C440D46FDF74D
S214035BC098FFA278C0F34010032A14D0052A28BFF2
S214035BD000226378032B10D0052B28BF0023B4F8CC
S214035BE0031000913146E6F74FF8284602B0BDE8A9
S214035BF07040FAF7B1BF0022EBE70023EFE708B5E2
S214035C008B790B441B7B162B03D0172B05D0002058
S214035C1008BDFFF7A4FF0120FAE7FFF7B8FFFAE78E
S214035C2008B58B790B441B7B162B03D0182B05D09A
S214035C30002008BDE6F752F80120FAE7FFF7B9FFA0
S214035C40FAE770471FB54A1E042A03460C465FD878
S214035C50012902D1008804B010BD022905D10088AD
S214035C605B88984238BF1846F5E74A00014601A804
S214035C7005F071F9032C07D10023ADF80A304FF66F
S214035C80FF73ADF80C3001E0042CF8D0BDF8062005
S214035C90BDF80430934284BFADF80630ADF8042057
S214035CA0BDF80A30BDF80C20934288BFADF80A2031
S214035CB0BDF80A2088BFADF80C30BDF80430934217
S214035CC088BFADF80A30BDF80620BDF80C309A42FE
S214035CD088BFADF80630BDF80820BDF806309342FD
S214035CE084BFADF80830ADF80620BDF80A30BDF81D
S214035CF008209A4288BFADF80830BDF80820BDF8E2
S214035D0006309A4238BFADF80830BDF80800A2E75F
S214035D104FF6FF709FE7012804D0022804D030B95D
S214035D20E7F70EBCE7F7FCBB0020E6F777B970474A
S214035D3010B1012803D070470120E6F76FB90020A1
S214035D40FBE7F7B51F468B1E012B05460C4616468A
S214035D5013D8FDF758FB0023CDE90005F01A18BF4A
S214035D6001201A463946FDF75CFB80B1022C0BD1A5
S214035D702846E4F75DFF002004E00029F8D0012957
S214035D8002D0FF2003B0F0BD2846E4F795FF0120BC
S214035D90F8E770B50D4600219DF810600446817142
S214035DA006F10C014173111E18BF012103F00F0009
S214035DB0237B40EAC11003F04003184320732B46AD
S214035DC09DF8141004F10E00FFF7BBFF237B0E367D
S214035DD060F3861323732B686361AB882383A379ED
S214035DE03344E37170BD10B5418904468389C28983
S214035DF00846FFF704F9E0B1E279531E072B19D8DA
S214035E006389934216D922899A4213D8237C43B9CD
S214035E10637C33B9A37C23B9E07C10B9237D0F2BB5
S214035E2007D9607D1B3000F01F000B288CBF0020B5
S214035E30012010BD0020FCE708B5E8F7A5FBBDE888
S214035E4008400020E8F70EBCC94350E8003F0B406B
S214035E5040E80032002AF8D17047022808D0042808
S214035E6003D0012818BF0620704701F00101C81CA3
S214035E707047E8F757BF0A2802D80130C0B2704708
S214035E80242801D80230F9E7252805D0262805D08E
S214035E90272818BFFF207047002070470C20704744
S214035EA008B5E7F767FFBDE808404FF00060E9F77D
S214035EB055B908B5E8F73CFF20B1BDE80840102007
S214035EC0FFF7EEBF08BD70477047704770477047CF
S214035ED000207047704770477047704770471046FA
S214035EE01946704700200021704704F0CBBBF3F738
S214035EF0BDBB04F07FBC08B5E8F73EF920B1BDE8AA
S214035F0008400420FFF7CCBF08BDF0B585B00D46AA
S214035F1016468DF8070002B983B329469DF8070095
S214035F20FDF785FA044690B929469DF80700FDF764
S214035F3082FA20BBF6B19DF80700003818BF01208F
S214035F402946E8F7B5FD441C18BF012417E002AF45
S214035F50012239460DF10700FDF76BFA02460446A7
S214035F604EB19DF80730181E18BF0120002A18BF2F
S214035F703D46E5E70124FDF749FA00B9012420462A
S214035F8005B0F0BD37B50246136A084603F400743D
S214035F9003F40015DB0505D47CB9E4F749FE204677
S214035FA003B030BD4CB9B5FA85F4D2F85510640980
S214035FB00160B2F859208280F1E7019092F95430DB
S214035FC0B5FA85F4009300231A4619461846FDF7DA
S214035FD028FA6409E3E7704770470246194600202B
S214035FE0E8F744BC002070470020704707B500213F
S214035FF04FF0FF336A46084600938DF80430E8F7FF
S214036000C7FD03B05DF804FB38B50546006805F028
S214036010A2F90446287900F01F0005F09CF92044F5
S214036020C0B2012894BF0020012038BD70477047D6
S214036030914270B50D4614461E4609D2FFF719FF66
S214036040641B013490FBF4F303FB14000544ACB269
S2140360503480FFF70EFF33880133B0FBF3F202FB05
S2140360601300049B188070BD70477047704701206B
S214036070704708B5202000F054FF003818BF0120F1
S21403608008BD08B5FFF7F5FF20B1BDE8084020209E
S21403609000F04FBF08BD73B506460D461446D2B191
S2140360A000F03CFFA84218D8304600F04CFF0146EB
S2140360B00190A0B100232A46204605F0A0FA01A8C5
S2140360C005F0A7FA2246022052F8041B00F0E8FE69
S2140360D0002002B070BD2220FBE72120F9E72D2027
S2140360E0F7E708B5FAF76AFA08B1012008BD00F029
S2140360F060F8FAF76BFA0028F7D1EBF745FB0038A0
S21403610018BF0120F2E708B5E8F7D6FF00280CBF52
S2140361100420012008BDE8F7DDBF0020704730B536
S2140361200446154687B00846FEF757FF122200219D
S2140361300DF1060004F004FFA368ADF804500293C3
S214036140E3680393E38BADF81030238CADF812307D
S214036150FFF7E3FF029B8DF8140043F410530293FA
S21403616000F04DFE18B1029B43F00403029301A80E
S214036170E4F74AFE10F0FF0516D1A38C0DF10201D9
S214036180ADF80030E38C6846ADF8023000F026FD2B
S214036190E9F73CF8FEF71FFF012104F056F9EAF78A
S2140361A0F1FC284607B030BD40F20C40FAE7E9F7A9
S2140361B03DB8FCF7F7B8E1F735BEC160704741EA72
S2140361C0002008B540F49020FCF787FB014640B159
S2140361D010F1880F05D0BDE8084040F20740EDF700
S2140361E005BC08BD0120704770B50C46064611462F
S2140361F01D46E9F7E3F858B144EA06206FEA404043
S2140362006FEA50402A46BDE8704080B2E9F72AB8E4
S21403621040F2064070BD837901461A0703D506226D
S2140362200020E9F755B99B0602D506220120F8E7B8
S2140362304FF0FF3070478379532B01D1E9F77AB9D2
S214036240FFF7E9BF70B5064614461D46E9F7B6F8EC
S21403625010B90024204670BD41EA06206FEA40408C
S2140362606FEA50402A46214680B2E9F719F800281B
S214036270F0D0EEE713B50446E9F7A0F810B900200E
S21403628002B010BD08226B4611462046FFF7DAFF20
S2140362900828F4D19DF80230002BF0D09DF90300B6
S2140362A0013018BF0120EBE77047002070475328E2
S2140362B038B505460C4604D1BDE838400846EDF728
S2140362C019BC0620FAF7F6FD68B96379142D03F0B6
S2140362D03F03637104D0722D08D163F03F036371EB
S2140362E00020A57138BD40F20740FBE72120F9E7FF
S2140362F01FB550F80C4BADF80A3094F87040069B67
S214036300ADF806108DF8082040F2035101AA8DF867
S2140363100440039305F0B2F810B906A805F079F91E
S21403632004B010BD2DE9F0414FF0000886B00446D6
S2140363300E461546CDF80C8000F1440712B303A8A9
S21403634005F067F9384605F064F984F81C800023E5
S2140363503246009318212B46204600F079FF05F5B8
S2140363608855204650F80C3B40F2055193F87030A0
S21403637004AA8DF81030059505F080F8002006B0C5
S214036380BDE8F08143691A0710D4A846384605F0DD
S2140363905EF903460390C0B903A805F03AF93846F8
S2140363A005F037F90023237755B1D0E723F0080328
S2140363B0436103A805F02DF9384605F02AF9257739
S2140363C0204600F0C1FF0025CBE79979204601F16E
S2140363D00C021A44B2F801600531B2F80320997131
S2140363E0314601F0DBFCCDF80C800028CED0054604
S2140363F0D2E72DE9F84F0E4691469A4605469DF894
S21403640028B010B1037C012B60D0284601F0DDF9DB
S214036410304601F056FB002231468046284601F0FE
S214036420C3FB0746304601F045FE42F60523984275
S2140364301CD118F0300F26D1BBF1000F33D018F063
S214036440200F3FD0BA073FD5EB8B002B38D15346EE
S2140364504A463146284600F0A9FF0446E8B940F20A
S2140364600A412846EE8301F0BEF916E0284601F0FD
S21403647061FA0028DDD0284601F071FA0028D8D04A
S21403648041F2121409E0B907D6D03146284601F086
S21403649027FC0028D0D000F58854284601F09AF946
S2140364A02046BDE8F88F18F0100F0BD0FB070BD56E
S2140364B053464A463146284600F055FF0446ECE765
S2140364C00524EAE72124E8E70224E6E70724E7E7CA
S2140364D02DE9F047002586B09DF8389090F81CA06B
S2140364E004460F4690460F9E0577B9F1000F09D074
S2140364F00A464B465146009600F0AAFE284606B0CA
S214036500BDE8F087BAF1080FADF8169026D1458995
S2140365103246043DADB29D424FF002014FF00900F2
S214036520A8BF1D4600F025FE0222814605A9304677
S214036530ADF8147005F02FFB2A464146304605F0A9
S2140365402AFB0546831C3146204689F80130EBF7C3
S214036550E5FAADF81650BDF81600D0E7BAF10A0F03
S2140365600DF116020CBF0B210D21CDE9016200933C
S2140365700122434600F090FE1A28ECD111233A4636
S21403658051462046CDF80090ADF8169000F060FE18
S214036590E1E7F0B5002589B01746012204460E460A
S2140365A00393ADF8165001F02EFB8DF81500002866
S2140365B046D1304601F09FF910B1304601F05DFA3E
S2140365C0304601F08EFAB8B103A805F022F820464B
S2140365D050F80C2B237F92F8702040F202518DF86E
S2140365E0182006AAADF81A608DF81C30ADF81E7098
S2140365F004F044FF09B0F0BD0DF115030DF11602CA
S2140366003146204601F09CFB9DF8153002465BB9E7
S214036610BDF81630BB4235BF0723DB1B8DF815309C
S214036620D21928BFADF81630039B314601939DF867
S214036630153020460093BDF81630FFF749FFD9E71B
S2140366402A46F1E770B504460D46164601F053F99F
S21403665040B933462A46214601F0A0FB08B100F5AF
S214036660885070BD41F20310FBE71FB550F80C4B82
S214036670ADF80A3094F87040069BADF806108DF816
S214036680082040F2015101AA8DF80440039304F058
S214036690F5FE10B906A804F0BCFF04B010BD1FB584
S2140366A050F80C4BADF80A3094F87040BDF818302B
S2140366B0ADF806108DF8082040F2045101AA8DF8B3
S2140366C00440ADF80C3004F0D9FE04B010BDF0B5AC
S2140366D0122785B003920777022205460E4601F07D
S2140366E092FA044668B103A804F093FF00232B77BD
S2140366F000233246009312212346284600F0A8FDC5
S2140367000FE0039A304693790333937101F0E9F966
S21403671048B1039B3A460093314623462846FFF783
S214036720E7FD05B0F0BD42F6293001F02AFCB04281
S21403673020D1039830B903A804F06BFF00230D247F
S2140367402B77D5E704F0EAFF80B20128F3D1039B49
S21403675028469A791344197B01F027F9044603A8BF
S21403676004F057FF00232B77002CC1D1284600F0F6
S214036770B2FDD6E7224631462846039B01F00EFBC0
S2140367800446EFE72DE9FF410392042204460D4633
S21403679001F039FA074628B103A804F03AFF04B01B
S2140367A0BDE8F0814FF05208039A284693790333E5
S2140367B0937184F81C8001F094F9064640B1039B5C
S2140367C04246009329463B462046FFF791FDE6E7FF
S2140367D042F6293001F0D5FBA842039B0BD19A79E8
S2140367E020461344197B01F0E0F803A804F011FFD8
S2140367F000232377D3E732462946204601F0CEFA14
S214036800F6E72DE9FF418B7904460C330B44B3F8C6
S21403681001700E463846B3F8038001F04AF90028A3
S21403682058D002223946204601F0EDF90546E8B96C
S214036830384601F056F968B116222277B3793946FD
S2140368400533B371204643460096FFF751FD04B067
S214036850BDE8F081FAF716F933461B680135EDB249
S214036860002BFAD10635A8421DDC092504F14400A5
S21403687004F0CFFE2B463A4616212046009600F03B
S214036880E7FC092DE3D1204650F80C3B40F20551B6
S21403689093F8703002AA8DF8083041F20913039377
S2140368A004F0ECFDD3E70121304605F03FF901463D
S2140368B00028DAD004F1440004F092FFB37942468C
S2140368C00533B37139463346204604B0BDE8F0417C
S2140368D000F010BD0125C9E713B5044641B944309D
S2140368E004F097FE204602B0BDE8104000F02CBD31
S2140368F018224369027713F0080306D000231946CB
S2140369000093FFF7F5FC02B010BD1A46194602B015
S214036910BDE81040FFF706BD7FB5C58B04462DB313
S21403692042F6052001F02DFBA84207D100212046A0
S21403693001F01CF8636923F001036361002640F24B
S2140369400A41204600F055FF29460DF10E02204667
S214036950ADF80E6001F028F9BDF80E20034600924C
S214036960294602222046FFF79AFEE68304B070BD4E
S214036970F7B504461F460E46154600F026FF237C51
S214036980012B58D0237F182B2CD063691B0713D5F4
S214036990217F16292DD008D8122914D00225204687
S2140369A000F018FF284603B0F0BD18291AD0522964
S2140369B0F4D10023237713E0304601F092F8002841
S2140369C0E6D12125EBE70023237735B10093324642
S2140369D02B46204600F03CFC02E0204600F07BFC01
S2140369E00025DCE72A4631462046FFF79BFC054692
S2140369F0D5E700232377002DE8D105211720BDF81E
S214036A002430089A009500F0D8FB20B911233246AB
S214036A1012210095DDE700F08DFB6269034642F024
S214036A200802626182793146053282713A4620460F
S214036A3000F060FCD4E70725B1E72DE9F0410546F1
S214036A4088B042F6052001F09CFA064604A8ECF747
S214036A5019F9102205F121010DEB020004F046FAA4
S214036A6050B10121284600F081FF284601F03BFB88
S214036A706B6923F001036B6142F60303022003A94B
S214036A80ADF80C30ECF746FA012407464FF0000841
S214036A9020463A464FF6FF7101F038FA044610B91D
S214036AA008B0BDE8F08101F004F80134A4B2002870
S214036AB0EED0A64203D131462846E9F789F92146A6
S214036AC028460DF10E02ADF80E8001F06DF8034670
S214036AD00028DDD0BDF80E2021460092284601226C
S214036AE0FFF7DDFDD4E708B5ECF7BAF80020E9F7C1
S214036AF0FDFD002008BD10B90120E9F7EBBE704785
S214036B000220E9F7DDBE0020E9F7DABE38B50C4609
S214036B100546E3F749FE4379C47523F0030343F0C0
S214036B20030343710923837104F10C03C371A0F8B3
S214036B301550153038BD2DE9F3410D4616468046EF
S214036B40E3F732FE05F10C03C3714379044623F0E1
S214036B50030343F003034371092301908371A0F8F1
S214036B60158000F11507304604F0D8FD334605447A
S214036B70E5753BB901A8314604F032FE384602B04B
S214036B80BDE8F0815A7922F0030242F002025A71FC
S214036B901B68EEE708B5E3F70DFE83790C3318445C
S214036BA008BD08B5E9F7E4FDECF74CFDE8F7FCFF94
S214036BB0EBF720FFBDE80840FFF7A5BF10B5044676
S214036BC0E9F782FF20B92046BDE81040F9F754BE26
S214036BD02046F9F751FEFFF793FFF1E773B50E462C
S214036BE005F084F8044600BB42F6072001F0C9F915
S214036BF00546D0B10A22B6F900300021002BCBBFE0
S214036C000533053BB3FBF2F393FBF2F35BB28DF86C
S214036C10073001230DF10702184604F0E9FF0022AE
S214036C2003462946104601F0B9F8204602B070BD67
S214036C30430803F05503C01A00F03303C0F385007E
S214036C4000F03300184400EB101000F00F007047FC
S214036C50002110B5421D441E14F8010FFFF7E8FF8C
S214036C6094420144F8D1084610BD0E2070470E200A
S214036C7070470E2070470E2070470078EAF7CABFA9
S214036C8013B50C460DF107020DF10601EBF7B2F84A
S214036C9030B19DF80600031B5842584102B010BDA0
S214036CA00120FBE770472DE9F04383780D460D2B53
S214036CB091B04FD109AC2646821C00F11A03274631
S214036CC010685168083203C79A423C46F7D11388C6
S214036CD01C213B80284604F09CFDBDF826402F6807
S214036CE014F00C043ED1384604F018FDA0F1020857
S214036CF0A0450DDA4FF0FF3400239C428DF81C307C
S214036D001EDB01223946A31C07A804F078FC17E013
S214036D10631C0122394605A804F071FC9DF8143063
S214036D20012BE9D023460122394607A804F067FC65
S214036D309DF81C3013B101331C44D9E78DF81C3081
S214036D40EBF79EFB012808D002283FD050B928460F
S214036D5004F05FFC11B0BDE8F0839DF81C3013F01F
S214036D60010FF4D09DF82F00EAF77AFB80469DF8D2
S214036D703000EAF775FB0DF11C0904469DF8282040
S214036D800DF1290105A8E8F7E9FF9DF836200DF176
S214036D9037014846E8F7E2FF05A8FFF74CFA05ABCC
S214036DA0CDE901050746224641463046CDF8009018
S214036DB0E9F77AFF2B68002BC9D0224641463046B6
S214036DC0CDE9007505AB02F037FDC0E79DF81C3032
S214036DD013F0030FC5E7EBF743BB704708B5ECF7B3
S214036DE0E7F9002008BDECF78FBDEAF7FBBA70475A
S214036DF0704770477047E8F7FFBA70477047002040
S214036E007047704770477047F8B504460F461646F6
S214036E1013680A461D0A0021043504F091F8EDB202
S214036E2021222046394604F042FB2046294604F038
S214036E30C7FBA27933681444E360F8BD7047704714
S214036E40704770477047704702464FF482712020A0
S214036E50FFF721B9014608B500F03800EAF7C8FB8A
S214036E6078B1D0E901324078C1F3074110F0020F40
S214036E7008BF1346043B53F8040F10B102788A4246
S214036E80F9D108BD38B505460C4604B938BD013CF2
S214036E9055F824301B69002BF7D09847F5E7704761
S214036EA07047F8B543780546DB0701D4EAF7E2FBFB
S214036EB000266B786F6823F00C0343F002036B70B5
S214036EC057F826402CB9202005F10C01F9F78EFE61
S214036ED00FE0A3680136002BF2D09847044600283B
S214036EE0EED031463846FFF7CDFF6B7823F002032A
S214036EF06B702046F8BD4078C0F340007047437877
S214036F0013F00E0F0CBF01200020704710B5EAF7F0
S214036F101BFC0446EAF730FC204610BD4FF4827093
S214036F20704708B5EAF764FBC068003818BF01204D
S214036F3008BD08B5EAF75CFB20B1BDE80840C068A9
S214036F4004F098BB08BD38B5EAF752FB044650B1C7
S214036F50FAF789FA054604F10C0004F078FB0446B8
S214036F602846FAF786FA204638BD37B58379019066
S214036F7003440446D86800F03800EAF739FB0546B0
S214036F8028B901A804F045FB022003B030BD204613
S214036F9004F049FBFAF767FA0446019905F10C0079
S214036FA004F01EFC2046FAF764FAE8F793F800208C
S214036FB0EBE72DE9F04104461F462502C4F30723F9
S214036FC005F4E06524F47F441D4324F0C704EE195A
S214036FD044F080048B7944EA16243602B6B20C33A6
S214036FE03443084601EB0308CC501146FFF7BDFFB8
S214036FF020B94544EF704046BDE8F0814FF00008E5
S214037000F9E7427810B50432044601F00400D2B220
S214037010002140F0290004F081FD18B1837922682D
S2140370200344DA6010BD10B50021FFF7EAFF0446FB
S21403703008B9002010BD0179FFF797FF0028F8D1A3
S214037040A3790C33E018F5E72DE9F04117461A4605
S214037050036801F004011C0204F4E064C3F307238D
S2140370601C4341F02905043406463B462146284680
S21403707004F0BEFD804650B1E1B204F00AFB3B4685
S2140370802A4641463068BDE8F041FFF792BFBDE8A7
S214037090F0812DE9F341002401F004010768064658
S2140370A041F02905106829461460019004F0BBFAE4
S2140370B0019804F033FB390201F4E061C7F30727B4
S2140370C0394380460122043101A804F0A3FC30B101
S2140370D001A804F09EFA204602B0BDE8F0814346BC
S2140370E02A4601993068FFF764FFF5E770470023E7
S2140370F007B5CDE9003369468DF802004FF0FF303F
S21403710003F03FFA03B05DF804FBA0F86E10704777
S21403711001238B4090F87110194380F87110704763
S21403712008B50120F9F7CEFCC0B208BD83790C334D
S214037130184470471438704710B50446A1F114007C
S21403714004F0ECFA201A20EAE07080B210BD70B5A5
S2140371501C460D461646FFF7EFFFA04207D322460E
S2140371603146A5F1140004F016FD012070BD002081
S214037170FCE770B506460D4614467AB90A4620461D
S214037180082104F0CBFC044690B92A46082129209E
S21403719004F0C4FC044658B9204670BD104604F0FB
S2140371A038FA204604F0EDFB08231D44A371E5716D
S2140371B0A3790C331C442670EEE72DE9F0411646FE
S2140371C0069A074688461D46FFF7D3FF0446F0B1E6
S2140371D014382A463146069004F0DDFC854217D95A
S2140371E0069B06A81C7904F0200404F012FA74B96E
S2140371F042460821292004F091FC2A46314606908F
S21403720004F0C9FC854206D906A804F002FA002455
S2140372102046BDE8F081069A93790C33D418D754E8
S214037220F6E711B11439EAF779BC1A20704738B576
S214037230002204460D4602200321FFF79AFF01466B
S21403724008B1A0F801502046BDE83840FFF7E9BF73
S214037250F8B504460F46164605210120069A1D4634
S214037260FFF787FF014638B1477046800571204611
S214037270BDE8F840FFF7D5BFF8BD38B50D46032186
S21403728004460846FFF775FFA0F80150014620465E
S214037290BDE83840FFF7C5BF73B505460846114637
S2140372A06C891A46641ABDF81830A4B29C4228BFEB
S2140372B01C46079B089E00932346FFF77EFF014666
S2140372C030B12846348002B0BDE87040FFF7A9BF4E
S2140372D01A2002B070BD012110B500220446132007
S2140372E0FFF747FF014620B12046BDE81040FFF7F1
S2140372F098BF10BDF7B54489054618460F4616468F
S214037300019304F00BFA053CA4B2844203DA011B92
S21403731001A804F0A5FA0521019804F042FB0146F2
S21403732028B901A804F075F91A2003B0F0BD8379D3
S2140373300C33C2181720C8542846A2F80170A2F8C6
S2140373400360EAF7EBFBF0E7012110B500220446E1
S2140373501920FFF70EFF014620B12046BDE8104076
S214037360FFF75FBF10BD73B50E460021448905467F
S214037370033CA4B2A342009128BF234603211B204B
S214037380FFF71BFF014670B1012210F80F3CA0F86F
S214037390016062F3071300F80F3C284602B0BDE80D
S2140373A07040FFF73EBF1A2002B070BD73B50E469D
S2140373B0002144890546033CA4B2A342009128BF9A
S2140373C0234603211D20FFF7F8FE014638B1A0F837
S2140373D00160284602B0BDE87040FFF722BF1A20BE
S2140373E002B070BD4B88042B07D1836C08885B8979
S2140373F098428CBF0020012070470020704710B5CC
S2140374000446806920B10021EAF7C4FA0023A36189
S21403741010BD38B5A0224FF4A0730025C0E907239A
S2140374200723044680F83130C5818571103004F097
S214037430F0F804F1140004F0ECF82046FFF7DFFF41
S21403744040F20113E3857F2384F832302046A56299
S2140374506562BDE83840FEF727BF07B501228DF801
S21403746007100DF1070104F096FB03B05DF804FB6B
S214037470F7B505464FF428500C4600F082FD064645
S21403748000F017FBB0B3022C02D8002003B0F0BD07
S214037490002731460DF105030DF106023846ADF817
S2140374A0067000F04DFCBDF80620631E93420646A8
S2140374B01EDC072C1AD9023CADF806400824BDF89A
S2140374C00630002BE1D00133D9B22846FFF7C5FFBB
S2140374D021462846FFF7C1FF31462846BDF8062059
S2140374E004F059FBBDF806000230CFE7ADF806708E
S2140374F00924E4E74FF0FF30C8E702292DE9F341FA
S21403750004460D461746184603D8002002B0BDE8C9
S214037510F08100F036FD064600F0CBFA0028F4D0E2
S2140375204FF0000831460DF105030DF10602404603
S214037530ADF8068000F004FCBDF80630BDF8202048
S2140375400646934228BF1346AB4228BF2B469DF8F8
S2140375500500ADF80630C0B9002BD7D001339AB278
S2140375609542D3D9D9B22046FFF777FF394620464E
S214037570FFF773FF31462046BDF8062004F00BFBE9
S214037580BDF806000230C0B2C0E74046BEE738B5D5
S2140375900446EAF771FB38B1022905D82046BDE850
S2140375A038400022EAF7F6BC212038BD91F839307E
S2140375B073B55B0706460C4615462DD40846EAF710
S2140375C0F9FA6B1E042B16D8032D14D0A379142BAB
S2140375D024D0A3697BB90093ADF804308DF8063048
S2140375E0E8F776FB6946EAF74BF918B91A252846F1
S2140375F002B070BDA061636AE57343F0160363626D
S214037600E8F70CFB3046EAF71BFC05460028EED0ED
S2140376102046FFF7F4FEEAE70225E8E72125E6E73A
S214037620002337B580F8723040F6FF73A0F86E304B
S21403763083680446DA040D46C16010D443F48063BD
S2140376406A46A36040F203212046CDE9004503F0D5
S21403765015FF00212046EAF79DF903B030BD90F8E8
S2140376607600EAF7F3FDA36823F48053E8E773B5DF
S2140376706E4604464A7930460D460631E8F76EFBF9
S21403768096E80300A4F85010090C11F0800FE0648C
S21403769084F8521004F1530312D00122184605F160
S2140376A01201E8F75BFB0C352846FFF7D1FA28B141
S2140376B00122294604F15A00E8F750FB02B070BDD8
S2140376C0B4F8501094F85220C4F8530099809A7175
S2140376D0E9E71FB590F87420044602F00103019011
S2140376E08DF808300BB102F002038DF8093094F8D8
S2140376F0753020468DF80A30039101F002FC4FF4F2
S214037700017101AA204603F0B9FE2046EAF7CEF936
S21403771004B010BD10B50446E8F7DAFA2146BDE812
S2140377201040EAF7ADB8EAF70DB9FFF7F9BC0A4619
S2140377300021EBF751BD13220121EBF74DBD826803
S21403774038B5C2F380320446B0F86E000D46EBF748
S214037750E9FD20B9A3681DB143F40053A36038BD07
S21403776023F40053FAE783791A0705D413F0100FAE
S2140377700CBFFF2001207047002070470020704791
S21403778010B5044660B1806C50B1EBF747F9A06CB6
S2140377900028FAD12046BDE810400321EAF7FAB8DC
S2140377A010BD438907B58B420CD050F80C2B40F222
S2140377B0014192F87020ADF806308DF8042001AA36
S2140377C003F05CFE03B05DF804FB436943F0040377
S2140377D043617047436923F004034361704740697C
S2140377E0C0F38000704747F2305300220068F9F771
S2140377F009B8006803F0DFBD38B5436904469B0744
S2140378000D4603D540F20941FFF7F3FFEAF7A4F963
S21403781008B1A3691D702046BDE8384040F209410F
S214037820FFF7E1BF07B5027C012A09D001220274E3
S21403783040F20942914206D040F20A4291420ED0EB
S21403784003B05DF804FB4FF4816150F80C3B01AACA
S21403785093F870308DF8043003F010FEF0E750F81C
S2140378600C3B01AA93F870308DF80430F4E738B572
S21403787022F000430D46114640F20322934204468B
S2140378801AD0B3F5017F09D240F20122934213D0F6
S21403789040F20222934209D0002038BD6FF4816281
S2140378A01344012BF8D8FFF7BDFFF5E700F022F9E4
S2140378B02046FFF7C2F8EFE763699B0704D540F25B
S2140378C009412046FFF795FF2846FFF759FFE3E7F0
S2140378D008B5EAF721F800B1806C08BD08B500B119
S2140378E00068EAF727F808B9034602E0836C002B22
S2140378F0F7D0184608BD10B5044642F62A3000F005
S21403790040FB031B5842584110BD022806D142F6DD
S2140379102A330888C31A58425841704700207047D4
S21403792010B5044642F6293000F02BFB031B5842E1
S214037930584110BD90F8200000F0010070471FB5B5
S21403794004466846EBF79EF91022694604F12100C7
S21403795003F0CCFAB0FA80F0400904B010BD08B5C5
S214037960FFF7EDFFB0FA80F0400908BD70B5044696
S21403797000F1210591B92846EBF784F9236893F9BA
S2140379807500FEF777FC78B120682B46BDE870409B
S21403799010220D2190F97500FEF726BC1022002157
S2140379A0284603F0CDFAE9E770BD38B50446002350
S2140379B090F8202041FA03F0C50703D442FA03F0F7
S2140379C0C0071ED40133082BF4D101F00105236848
S2140379D02A4384F8202093F97500FEF74BFC40B148
S2140379E0234653F8200B01220C2190F97500FEF76D
S2140379F0FBFB0DB9002038BD00212046FFF7B6FF7C
S214037A00F8E71320F7E768B13F290AD800EBA1008F
S214037A1090F8310001F003014900084100F003002B
S214037A2070470020704710B50368044693F9750045
S214037A30431C0DD0FEF71EFC50B12346BDE8104094
S214037A4053F8310B10220B2190F97500FEF7CCBBCF
S214037A5010BD10B590F87430DB0706D490F9753076
S214037A60013314BF0F20052010BD847CEBF714FFF1
S214037A70844234BF0C200020F6E730B5044685B0B8
S214037A806846EBF7FFF81021684604F0C6F8204670
S214037A90EBF70AFB6B46C26804AD06321C4603CC02
S214037AA0AC4210605160234602F10802F6D105B0DD
S214037AB030BD08B5EBF7F8FA08B1EBF7C9FAC0B270
S214037AC008BD013810B580B2EBF7EEFA044608B9E4
S214037AD0002010BD408800F07FFB0028F8D0207BF4
S214037AE0F7E708B5EBF7E0FA18B1007AC31F584278
S214037AF0584108BD70B5054655F8213B044693F931
S214037B007500431C04D12846BDE87040EBF7BAB8AD
S214037B10FEF7B0FB0028F6D0234653F8310B1022AD
S214037B200B2190F97500FEF78DFB234653F8200BC7
S214037B3001220C2190F97500FEF784FB20682B4682
S214037B40BDE8704010220D2190F97500FEF77ABB50
S214037B5001302DE9F04185B228460E46EBF7A4FA2C
S214037B6042F60217044642F603089CB12046EBF79A
S214037B706FFA78B1204600F03EFBB84205D10EB14D
S214037B8023883380607BBDE8F081204600F033FB1A
S214037B90404502D14FF0FF30F5E70135ADB2284638
S214037BA0EBF782FA0446E0E72DE9F04707460E4670
S214037BB090460D4642F6021942F6030A0135ADB267
S214037BC02846EBF771FA044678B1EBF741FA60B151
S214037BD0204600F010FB484505D1237A072B04D135
S214037BE00320BDE8F0875045E8D141463046FFF70D
S214037BF0AFFF431C014604D03846BDE8F047FFF705
S214037C0002BF0020EDE770B5054608461646EBF7BB
S214037C104BFA044608B9012070BDEBF719FA0028A1
S214037C20F9D0F00713D4B10734D4720702D5A3886A
S214037C305B0732D516F0060F31D116F40060EBD091
S214037C40A38813F4006F14BF00200620E4E7A3887C
S214037C50DA0743D513F0700F0AD1980610D45806E6
S214037C60E1D52B6893F975300133DCD10820D3E7CF
S214037C702868FFF7EEFEA388990608D50028CBD11F
S214037C802A6892F874209207E9D40520C4E70028EE
S214037C90C2D1E4E7A3889907C7D40320BCE7A38827
S214037CA013F4E06F09D198050FD45B05C5D52B688F
S214037CB093F975300133C0D1D8E72868FFF7C9FEBA
S214037CC0A388990507D50028A6D12A6892F87420B8
S214037CD09207EAD4D9E700289ED1E6E702209BE77D
S214037CE038B504460846EBF7DFF9054608B9012020
S214037CF038BDEBF7ADF90028F9D0AB8813F4E04FA5
S214037D000CD1980412D413F48040F1D0236893F96D
S214037D107500431C58425841C000E9E72068FFF746
S214037D2098FEAB88990408D50028E1D1226892F81A
S214037D3074209207E7D40520DAE70028D8D1E2E7D3
S214037D402DE9F0474FF00009044683F800900846F3
S214037D50A2F80090884616461D46EBF7A5F9074697
S214037D6020B9012300202B70BDE8F08774B1EBF730
S214037D706FF90028F5D04046FFF7D2FD30B1012356
S214037D8085F8009004F120003380EDE72B46324659
S214037D9039462046BDE8F047EAF700BF2DE9FF4124
S214037DA007460846884616460393EBF77DF90446CE
S214037DB038B903A803F02DFC0125284604B0BDE816
S214037DC0F0811FB1EBF744F90028F2D0237A072B92
S214037DD005D8DFE803F017262F381C17172126BB14
S214037DE00398002835D13246257A022D62D0032D1A
S214037DF064D0012D3BD0002F7FD1002503A803F0CC
S214037E0008FCDAE703A803F004FC0325D5E703A878
S214037E1003F0FFFB0625D0E703A803F0FAFB802553
S214037E20CBE7E3685D88B54209DA03A803F0F1FB04
S214037E300725C2E7E3689A88B242F6D35D880398BB
S214037E4040B9024609E0022EEFDC039868B9024601
S214037E50CAE7354603F062FC82B29319AB42C3DD30
S214037E6003A803F0D6FB0D25A7E70225F2E7E06893
S214037E70063000230399304403F0C1FB002FBCD027
S214037E80237A032B39D103A803F0C3FB0021204632
S214037E90EBF7C4F868B30588617B3846FFF7B3FD94
S214037EA00122034629463846CDF80080FEF7F7FB45
S214037EB0002582E7E068B3188380D9E7039B9A79A5
S214037EC0D979891AC9B2481E012810D81344022941
S214037ED01A7B04BF5B7B42EA0322237B32EA03035B
S214037EE08CD101233846617BEAF72EFEC6E70D25C3
S214037EF084E708F1FF35ADB2CEE7039B4146009316
S214037F00384633463A7FFEF7B0FBD1E7884270B572
S214037F1004460D46164611D8012838BF01242046CC
S214037F20EBF7C2F810B14388B34208D00134A4B2C9
S214037F302046EBF79DF808B1A542F0D20024204670
S214037F4070BD70B50C4616461D460146B8B1B3B1B2
S214037F50022C01D0102C12D1E0B2EAF7DBFF4FF669
S214037F60FF718842024602D141F20A1070BD3046C4
S214037F70FFF7CCFF0028F7D028800020F6E7212063
S214037F80F4E7002307B50122ADF80400ADF8063088
S214037F9002210DF1060301A8FFF7D3FFBDF8060083
S214037FA003B05DF804FBF8B50F461646441CA4B2AE
S214037FB02046EBF779F810B9013CA0B2F8BD00F003
S214037FC01AF90546304600F0F2F820B1284600F0CC
S214037FD0EEF80028F0D1304600F0E2F820B128464B
S214037FE000F0DEF80028E7D10134A4B22046EBF710
S214037FF03FF808B1BC42DBD94FF6FF70DEE72DE948
S214038000F04F9A4687B08B880D460C88814604A9A4
S2140380100220ADF810309046EAF77CFFAB6800907C
S214038020A888AF89059300F0BBF838B1102F05D1A7
S21403803005A8EAF755FF022808BF02274FF6FF7B7D
S21403804033E02046009AFFF761FF064680B3AA880E
S2140380506988FFF7A8FF04463046FFF72AFD00B3FA
S2140380600DF10F03314648460DF11202FFF768FE85
S2140380709DF80F302BB1A8F80060184607B0BDE88E
S214038080F08FBDF81220BA420BD13A4605990193F8
S21403809002F02CFF019B20B9A8F80060AAF8004064
S2140380A0EBE75C4504D00134A4B26988A142C8D882
S2140380B00A23E2E708B5EAF7F7FFBDE8084000F051
S2140380C09AB838B505460846EAF7EEFF044610B9EF
S2140380D04FF6FF7038BD0DB96088FBE7EAF7B8FFC7
S2140380E00028F9D1F4E770B5044642F60520FFF7F9
S2140380F048FFB0B10021FFF72BFD05460146204699
S214038100FFF781FC06461022002104F1310002F03D
S21403811017FF324629462046BDE870400023EAF79B
S21403812013BD70BD7FB504460D4610220021684678
S21403813002F006FF0026AB575A1C1BD031462046DA
S214038140FFF761FC1946002BB8BFD91C04AA02EB43
S214038150A10100F00302584200F0030003F00303FA
S21403816058BF43425B0002FA03F311F8102C134383
S21403817001F8103C0136402EDDD16B4604F1310583
S21403818004AE1A4603CAB24228606960134605F174
S2140381900805F6D1204604B0BDE87040FFF743BC9F
S2140381A0A0F5205001288CBF00200120704742F61E
S2140381B00303C31A58425841704708B5030409D449
S2140381C0EAF774FEA0F5205080B201288CBF002089
S2140381D0012008BD0020FCE7020408B507D4EAF72F
S2140381E065FE42F60303C31A5842584108BD0020F1
S2140381F0FCE7C00B70470346B3F902304088002BF8
S21403820001DBEAF753BE0020704708B5FFF7F3FF1C
S214038210A0F5205080B201288CBF0020012008BDA5
S21403822013B58B7904460B441B7B0A4613F00100F7
S21403823001910AD01D2B0AD101211E20FEF799FFBA
S21403824001462046FEF7EDFF012002B010BD01A84F
S21403825003F0DFF9F8E710B504468069143003F03D
S214038260D8F9A069BDE81040183003F0D2B92DE95B
S214038270F0410F46144605461E46FFF7ECFF23461D
S2140382803A4608210020D5F8188003F0B1FCAA6905
S214038290C8F81400536923B1002054811682BDE840
S2140382A0F0811A20FBE770B50446084603F036FA59
S2140382B0A16986B28A894D8912B1521B96420CDA9D
S2140382C06389581E80B225B90A78082A04BF043B7E
S2140382D098B2831B5842584170BD0020FCE730B566
S2140382E0044654F80C0B8DB09DF8405090F870007F
S2140382F042EA01428DF804001946029203A82A4670
S214038300079502F028FE40F20241204601AA03F038
S214038310B5F80DB030BD10B550F80C4B86B094F8D8
S2140383207040ADF80E10ADF8102040F2064103AAD7
S21403833001938DF80C40059303F0A0F810B901A83B
S21403834003F067F906B010BD37B504460D46FFF7D0
S21403835082FF204640F20941FFF74BFA00222046EF
S214038360A36940F207411A7050F80C3B6A4693F82B
S214038370703001958DF8003003F080F803B030BDFF
S21403838013B501910021044601F035FB04220023B6
S21403839020460DEB0201FFF76AFF02B010BDF0B5F1
S2140383A004460F461E46154685B052B983691B78A8
S2140383B0072B30D0082B14BF15460925002E18BFEF
S2140383C00D250A9803F0AAF9A3699A894AB15B892D
S2140383D081B2D21A914204DD92B2891A0AA803F036
S2140383E03FFA204650F80C3B40F2054193F87030B4
S2140383F001AA8DF804300A9BADF806708DF8085074
S214038400ADF80A60039303F039F810B90AA803F02D
S21403841000F905B0F0BD0B25D0E7B0F80AC02DE98A
S214038420F041ACF1020C9C4505460E4617461C4629
S21403843003DDBDE8F04101F08BBA8369224619815A
S21403844000233946FFF713FF044658B9AB690246C3
S214038450314628460E3301F094FA044610B12846F6
S214038460FFF7F9FE2046BDE8F0812DE9F043202A08
S2140384708FB0054617461C4603910BD941F20414E8
S21403848021462846FFF760FF03A803F0C2F80FB0A3
S214038490BDE8F083002B46D10846A2F1060803F098
S2140384A03DF94FF6FF765FFA88F81FFA80F94C45D8
S2140384B010D3AB69DA88B24239D942F60203ADF873
S2140384C014300223711C0093284605AB89B201F0D1
S2140384D0E8F925E023463A46039906A803F08FF801
S2140384E0AB69BDF818609A88B242C7D8DA88B24238
S2140384F0C4D3BDF81A10BDF81C20B8F1000F09D07C
S2140385002846CDF800800DF11E033C44FFF7E7FE36
S214038510A4B2CCE728469E8019815A8101F0DAF985
S21403852004460028B0D041F20A139C42A8D1002486
S214038530A6E72DE9F0471C4696B0836901921B789F
S2140385400646062B03D0102B60D001A81CE0012999
S214038550104614BF4FF010084FF002080392002C89
S2140385604CD103F0DBF84FF6FF7508F1020987B22A
S214038570A7420ED8B369DA88AA4237D80024214620
S2140385803046FFF7E1FE03A803F043F816B0BDE854
S214038590F08723464A46039904A803F030F8B369E4
S2140385A0BDF810509A88AA422DD8DB88AB422AD34E
S2140385B09DF81330282BE1D0B2465AF80C3B4246BE
S2140385C093F870300DF112010DA88DF83030ADF828
S2140385D03250CDF844804C4402F0BDFC40F20441D6
S2140385E050460CAA02F04AFFA4B2C1E7691C304603
S2140385F089B201F026F904460028C4D041F20A13D2
S2140386009C42BBD0BBE741F20414B8E701291046ED
S21403861014BF12270427049284BB03F07FF842F6A4
S21403862002184FF6FF7185B2A5420DD8B369DB88F1
S2140386308B4221D901314FF6FF72304689B201F0E1
S21403864000F90446A0B119E023463A4604990CA85B
S21403865002F0D5FFBDF83220BDF8301042459DF834
S214038660333007D1B269022330460A32FFF7D5FE0C
S21403867004A889E7282B06D141F20A14214630467E
S214038680FFF762FEF4E73C44A4B2CDE7F0B5836996
S21403869087B003911B780546022B144653D1084630
S2140386A00491002A47D103F039F84FF6FF7687B2D4
S2140386B0A7420DD8A869C288B2422BD80024214607
S2140386C02846FFF741FE04A802F0A3FF07B0F0BD5B
S2140386D004220499234605A802F091FFAA69BDF86F
S2140386E014109088BDF81660814229D3D388994226
S2140386F026D8864224D39E4222D85069927A83791A
S21403870004340C330092034432462846FFF7E7FD51
S214038710A4B2CDE743694089711C0190987989B268
S2140387200C300344009328464FF4205301F09DF881
S21403873004460028C7D041F20A139C42BFD1BDE7C6
S21403874041F20414BBE703A8BEE7F0B587B00546BD
S21403875017461C46039153B9FFF7A5FD38B101230D
S21403876022462846039900F084F807B0F0BDA969AD
S2140387700B78082B05D8062B44D8032B0FD003A859
S2140387803DE00E2BFBD1039B0593002C6DD1002BF4
S2140387906BD0224628460989FFF7BDFD59E00398AA
S2140387A0059018B3ECB9102683794A890C330989E6
S2140387B0034400962846FFF792FDAB699988DA884A
S2140387C0914217D242F60203ADF81030022301316C
S2140387D0009328460DEB060389B201F062F80446BF
S2140387E060B141F20A139C4204D101E0002CF8D197
S2140387F041F21F0421462846FFF7A6FD05A802F00E
S21403880008FFB2E7039805907CBB70B302F086FFBF
S2140388100FB386B2B7421ED2394605A803F05AF9FB
S21403882038B905A802F0F5FE1A212846FFF78CFD95
S2140388309BE78379F61BC218023391898371AB6970
S21403884000225B89B6B200902846FFF7A8FDB74220
S214038850E2D92146E9E7AA69284653891189059A88
S21403886000920022FFF79BFDF3E705A802F0D1FE76
S214038870EFE7F0B585B006461F461446039132BBB4
S214038880084602F04BFF054608B3B1690B784A89E0
S214038890082B0BD8062B0BD9039B0989304600936C
S2140388A013462246FFF77BFD039401E00E2B19D0F7
S2140388B0B1694B89EA1892B2B2F5007F4A8117D89C
S2140388C02FB13046098901F016F8044628B1002274
S2140388D0234611463046FFF738FF03A802F099FEF9
S2140388E005B0F0BD3046039B0989FFF714FDDBE7AF
S2140388F041F20414EBE773B5836901911B780446D0
S214038900082B15460ED8062B0ED9019E2046314657
S214038910FFF7C9FC2A46034631462046FFF7A9FF60
S21403892002B070BD0E2BF0D001A802F072FEF7E77E
S21403893030B5836987B003911B780546092B144627
S21403894011D105915AB9134600910F222146FFF71C
S21403895026FD21462846FFF7F7FC07B030BD05A8DD
S21403896002F057FEF5E703A802F053FEF5E72DE9FC
S214038970F04F87699FB003913F780546052F16464B
S2140389801C4604D8032F16D810D003A867E0082F78
S214038990FBD108461391002B00F0C28013A802F007
S2140389A038FE21462846FFF7CFFC01E0FFF75DFDC2
S2140389B01FB0BDE8F08F202A0846049148D8002B44
S2140389C040F0A880571F02F0A9FE4FF6FF78FFB2CB
S2140389D01FFA80FA0DF11C0BA24506D8AB69DA889C
S2140389E0424500F28780002434E023463246049949
S2140389F00BA802F004FEAB69BDF82C809A884245AA
S214038A0026D8DA88424523D35969F1B9A94659F8D5
S214038A100C1BBDF82F2091F870109DF82E308DF8A2
S214038A204C10ADF84E200DF131013A4615A88DF8DD
S214038A305030199702F08FFA40F20341484613AAC2
S214038A4002F01CFD3444A4B2C6E75A89102A09D999
S214038A5041F2041421462846FFF776FC04A802F0E8
S214038A60D8FDA5E70023584602F0C9FDAB690DF112
S214038A703101102FCDE9051B93F80A902BD1B9F1DC
S214038A80020F34D105A8EAF72BFA0228DAD14A46B0
S214038A90DDE9051002F02AFA0028D3D12B4653F855
S214038AA00C0BBDF82F1090F870009DF82E208DF853
S214038AB04C00ADF84E108DF8502059464A4615A87E
S214038AC00293CDF8649002F046FA029B40F203410B
S214038AD0184613AAB4E7022F09D1B9F1100F06D12D
S214038AE006A8EAF7FDF90228ACD13A46D0E73A469B
S214038AF05846CFE742F60303ADF84C30022308F19D
S214038B0001010093284613AB89B200F0CAFE04465F
S214038B100028A3D041F20A139C423FF464AF99E7BE
S214038B2059B900210023AA692846938153811181EC
S214038B3013993246FFF709FE3AE702F0EFFD16B146
S214038B4080B28642EDD1139A9379D118023389897C
S214038B509371E7E72DE9F0431C468FB083690391D1
S214038B601B780546012B17465BD10846059102F094
S214038B70D5FD202F0BD941F2041421462846FFF7D2
S214038B80E3FB05A802F045FD0FB0BDE8F083002C1B
S214038B9042D1059802F0C2FD4FF6FF76A7F104080E
S214038BA01FFA88F81FFA80F95FFA88F8A14505D8F6
S214038BB0AB69DA88B24220D80024DEE723463A4679
S214038BC0059906A802F01BFDAB69BDF818109A8834
S214038BD0BDF81A609142CED3DB889942CBD8964231
S214038BE0C9D39E42C7D832462846CDF8008007AB85
S214038BF03C44FFF774FBA4B2D8E74FF42053ADF818
S214038C0010300223711C0093284604AB89B200F08F
S214038C1086FE04460028B4D041F20A139C42CBD009
S214038C20ABE703A8AEE783691B780A2B02D00F3B9A
S214038C30012B01D8FFF788BB7047F0B585B00193C9
S214038C40836917461A7804460A3A0A9E072A42D8C0
S214038C50DFE802F0044130414104412901980390C2
S214038C6002F05CFD85B203A802F0D3FC26B13146C0
S214038C702046FFF785FB0FE0A1697A194B8992B26C
S214038C8093420BD90A8201F10E032046098900F0AC
S214038C9078FE01460028EBD105B0F0BD0121204641
S214038CA000F0A9FEF5E72EB91A8A0198BA420BD04E
S214038CB04FF48166019B03A8039302F0AAFC314696
S214038CC02046FFF741FBE7E7DA89596902F031FDF1
S214038CD00028EDD1EEE701A802F09BFCDCE738B5EF
S214038CE08269044613780D460D2B12D00F2B01D044
S214038CF00A2B12D1536933B1997902F114000B444C
S214038D00DD6802F086FC29462046BDE83840FFF7BA
S214038D108ABFBDE83840FFF717BB38BD07B5002349
S214038D2000921B22FFF73BFB03B05DF804FB07B57D
S214038D3083695980009200231D22FFF730FB03B09E
S214038D405DF804FB4B88052B05D108880E288CBFDD
S214038D5000200120704700207047F8B505460F46EF
S214038D60164604210A22002002F0D8FE0246B8B1B5
S214038D70847905210C3403194FF0060C00209970F2
S214038D80D87002F804C013241C7102245F71587053
S214038D90D8719C7128461E81BDE8F840E7F712BEDD
S214038DA0F8BD73B50546104601920C4602F0B6FCB4
S214038DB0042186B2019802F0F4FD024628B901A800
S214038DC002F027FC1A2002B070BD837901900C33A1
S214038DD0C1184C80C65221462846E7F7F3FD00200B
S214038DE0F1E72DE9F04106468846174604210A2294
S214038DF0002002F093FE0246B8B1857900240C35B4
S214038E004319052106209970DC705055012018710E
S214038E1002205C70987183F805803046DC711F81F0
S214038E20E7F7D0FD2046BDE8F0811A20FBE70020D7
S214038E3070470020704707B501A8019202F0E9FBCE
S214038E4003B05DF804FB7047002070470F2070479F
S214038E500F207047704710B588B0E8F75DFD0446ED
S214038E6000284AD090F87200022848D1A36813F469
S214038E70407F2AD094F87320012A32D194F97500E2
S214038E80421C01D1D9052CD594F8743013F0010394
S214038E9027D1CDE90133CDE90433CDE90633ADF867
S214038EA00C30FDF7E7F9A36888B9DA0519D5A06A87
S214038EB0E16A01AB03C3228E1A802046BDF8042064
S214038EC004AB0DF10601EAF7FDF908B010BDDB05AA
S214038ED0EDD40A22022194F9750001ABFDF7B2F92D
S214038EE0EBE7002345F217021946204600F03CF94B
S214038EF0B0FA80F040094000E7E72120E5E70220CA
S214038F00E3E738B545F21B020C460B46002105463F
S214038F1000F02AF930B92CB121462846BDE838407E
S214038F20EAF746BD38BD00F04EB900F066BC00F067
S214038F306FBC10B504464C30FDF77DF984F8750018
S214038F402046BDE8104000F033BC10B50446FDF7DC
S214038F5049F902280DD194F8733094F97000012B67
S214038F6014BF0521032184F83210BDE8104000F039
S214038F7067BCA36843F40073A36010BD00F054B944
S214038F8038B5037804463E2B0D4604D18378052B6B
S214038F9002D0ED2B0FD038BDB0F80300E8F7AEFCD7
S214038FA020B1B4F80D10621D00F0A4F92846BDE800
S214038FB0384002F02EBBB0F80300E8F79FFC002809
S214038FC0F4D0B4F80D1004F10F03621D00F095F908
S214038FD0ECE7CB0448BF41F48061C160704710B52D
S214038FE0044645F21A0102F0E6F92046BDE81040B1
S214038FF047F23053002245F21A01F7F703BC10B5C7
S2140390000A4604460821002002F088FD10B1837941
S21403901003441C7310BD38B505460C460D201121BC
S214039020FFF7EDFF024688B12146837903440D33EB
S21403903004F1100051F8044B814243F8044BF9D174
S2140390402846BDE838400621FFF7ABBE38BD38B525
S21403905005460C4604201121FFF7D1FF024688B1CE
S2140390602146837903440D3304F1100051F8044B71
S214039070814243F8044BF9D12846BDE8384006211F
S214039080FFF78FBE38BD38B505460C4603201121C1
S214039090FFF7B5FF024688B12146837903440D33B3
S2140390A004F1100051F8044B814243F8044BF9D104
S2140390B02846BDE838400621FFF773BE38BD37B5EE
S2140390C0002205460821104602F028FD0446C0B1DA
S2140390D00C2301220DF107018DF8073002F05BFD2A
S2140390E0296C20225431204602F055FD296C20229B
S2140390F07431204602F04FFD224606212846FFF72C
S21403910050FE03B030BD08B5D0B2E8F705FC28B171
S21403911090F8773003F07F0380F87730012008BD9E
S21403912070B50546EAF736FD0C4606460A46284657
S21403913045F20101B0472B6C03B11C60324628464A
S2140391402346BDE870404FF4A041184770B5154656
S214039150044638B1EAF71EFD2A4603462046BDE814
S21403916070401847022070BD114608B51A4621F014
S2140391700041FFF7EBFFB0FA80F0400908BD10B4DA
S214039180C4691CB95DF8044B0180704700235DF881
S214039190044B1A46F9F70ABF08B50B4601461846AC
S2140391A0F7F788FE003818BF012008BD10B504463F
S2140391B0006838B11A2102F03EFD2068F7F75AFE20
S2140391C00023236010BD30B58BB00D46002201A9E5
S2140391D0EAF792FE044620BB01460D220DF10B0072
S2140391E001F0AEFEB5F803206B79ADF8082006A9AA
S2140391F0019A02A88DF80A30EAF7E4FC40F203432A
S214039200BDF81820002818BF1C469DF81A301021F8
S21403921002A82A80AB7002F00EFD102106A802F009
S2140392200AFD20460BB030BD10B50446EAF790FCA5
S21403923004F13400FFF7BAFFA3685A0606D523F0F5
S214039240400300212046A360E7F78AFB236C63B143
S214039250D3F89400F9F741FB0421206C02F0EBFCF1
S214039260206CF7F707FE0023236410BDF7B50D4601
S21403927069461646EAF740FE044698B92946102280
S214039280009801ABF9F788FB07461021284602F041
S214039290C4FC2FB11021284602F0CDFC40F207444F
S2140392A006B13760204603B0F0BD38B50446C51C8A
S2140392B003212846FFF770FFC8B9E27863797AB9C5
S2140392C022791A43F4D003F07F0343F0400363711B
S2140392D05323A3712146BDE83840FF20FFF773BF31
S2140392E0FF2AF0D122791A40FF2AE1D0EBE740F2B9
S2140392F0074038BD0021E7F733BBF8B51D46836842
S21403930004465B060F4616462DD41A2002F0CFFC01
S2140393100146606320B92046BDE8F840E7F720BB66
S214039320034623F8027B326805F11001C0F80220D9
S21403933072685A602A46636B0A3352F8040B8A42F1
S21403934043F8040BF9D11021284602F074FCA368F5
S21403935043F0400213F4407FA26004D02046BDE8E9
S214039360F840EAF7BBBEF8BD2DE9F0419CB01546C0
S21403937008AA1C4606460B469046239F01F1200E7C
S2140393809446186859680833ACE803007345624688
S214039390F6D12021404602F040FC10AB2A469C46FC
S2140393A005F1200E1D4610685168083203C5724544
S2140393B02B46F7D16046202102F02FFC18AA9446CC
S2140393C0229B03F1100E154618685968083303C527
S2140393D073452A46F7D16046102102F01EFC04AA04
S2140393E02346154604F1100C1446186859680833CA
S2140393F003C463452246F7D11021284602F00DFC2C
S2140394006B46502241462846EAF7D4FC0446102110
S214039410284602F010FC5021404602F00CFC34B102
S21403942008213046EAF75AFF1CB0BDE8F081039BDB
S21403943038463B60042102F0F0FB6846102102F038
S214039440FAFB224645F214013046FFF77FFEEBE7B0
S2140394502DE9F04796B01D46DDE9229705AB064693
S2140394600C469E46DDF8908002F1100A9C46106872
S21403947051680832ACE8030052456346F6D170469D
S214039480102102F0CAFB09AA2B46944605F1100EDA
S214039490154618685968083303C573452A46F7D135
S2140394A06046102102F0B9FB0DAA94461E9B03F1F9
S2140394B0100E154618685968083303C573452A46BF
S2140394C0F7D16046102102F0A8FB9DF87C30D9F84E
S2140394D000008DF844309DF8803006218DF8453025
S2140394E09DF8843012908DF8463099F8063012A80D
S2140394F083F00803C3F3C0038DF84730B9F804308C
S214039500ADF84C3002F089FBBB79062183F00803E3
S214039510C3F3C0038DF84E303B680DF14F00CDF812
S2140395204F30BB8804F11007ADF8533002F075FBDB
S21403953001AA23461546144618685968083303C417
S214039540BB422246F7D11021284602F066FB43466B
S214039550412205A92846EAF72DFC04461021284691
S21403956002F069FB412105A802F065FB34B108212E
S2140395703046EAF7B3FE16B0BDE8F0874046102142
S21403958002F04BFB224645F213013046FFF7DEFDA1
S214039590F1E72DE9F3411D46089B04468846164627
S2140395A090F873705BB110211046FFF7F5FD30B1EC
S2140395B00821204602B0BDE8F041EAF78FBE236CCF
S2140395C0013EDA1C681E133312F8011F16F801CF8A
S2140395D09A4281EA0C0100F8011FF5D100234046A8
S2140395E001A90193EAF73CFC48B10198F9F775F92C
S2140395F008212046EAF772FE02B0BDE8F08129464C
S2140396002846019AEAF7DEFA0028EED1022F0CBFAD
S2140396100023062304F159022B4404F15F0012F8D9
S214039620016F1978904281EA060103F8011BF6D10F
S214039630022F14BF0023062304F152022B4404F125
S214039640580012F8016F1978904281EA060103F870
S214039650011BF6D129462846019AEAF7B3FA0546CE
S2140396600198002DC2D1F9F738F92A4645F21001C0
S2140396702046FFF76BFDBFE72DE9F04196B0154690
S21403968005AA1C4606460B4690461D9F01F1200E72
S2140396909446186859680833ACE803007345624675
S2140396A0F6D12021404602F0B8FA0DAB2A469C4676
S2140396B005F1200E1D4610685168083203C5724531
S2140396C02B46F7D12021604602F0A7FAAEB3336CDF
S2140396D093F85D31013B022B2FD89DF8703043F091
S2140396E0800301AA8DF854301546234604F1100C66
S2140396F0144618685968083303C463452246F7D1ED
S2140397001021284602F089FA3B4641224146284664
S214039710EAF750FB04461021284602F08CFA412152
S214039720404602F088FA54B11EB108213046EAF7E3
S214039730D5FD204616B0BDE8F0810023D1E7102101
S214039740384602F06AFA002EF3D0224645F211019B
S2140397503046FFF7FBFCECE7ECF7E4BBB1F5A04FB4
S21403976070B504460D4616460AD045F206039942DE
S21403977016D0324629462046BDE87040EBF7FEBBBE
S214039780836843F08003836090F87330012B03D122
S214039790BDE87040EBF700BABDE87040EBF740BC9D
S2140397A093791344597C41F49051EAF701F9E0E7C1
S2140397B0002310B50364044690F97500431C13D0C8
S2140397C0E6F7CAF9082204F11003114694F9750066
S2140397D0FCF738FD94F91330012B07D194F8743055
S2140397E043F0020384F87430002010BD022BFBD133
S2140397F094F8743043F00A03F4E74B88062B05D13C
S214039800088841288CBF002001207047002070473D
S21403981007B58B790A460B440191197C4B1E0D2B19
S21403982004D801F5A0410131FFF790FC01A801F02F
S214039830F0FE03B05DF804FB7047002070477047E6
S214039840704770B504460E461546052100220420CF
S214039850FDF78FFC014618B1A0F80160A0F803508D
S2140398602046BDE87040FDF7DCBCF7B51D46002377
S214039870044600930F46164607210620BDF82430FB
S214039880089AFDF79AFC014628B1A0F80170A0F8E3
S2140398900360A0F80550204603B0BDE8F040FDF78E
S2140398A0C0BC73B515461A460023044600930E46FD
S2140398B0082005219DF81830FDF77FFC014618B1F6
S2140398C0A0F80160A0F80350204602B0BDE870403F
S2140398D0FDF7A7BC38B5002204460D460A2003212F
S2140398E0FDF747FC014608B1A0F801502046BDE845
S2140398F03840FDF796BC70B504460E46154605215E
S21403990000220C20FDF735FC014618B1A0F80160D3
S214039910A0F803502046BDE87040FDF782BC73B53F
S21403992015461A460023044600930E4610200521CA
S2140399309DF81830FDF741FC014618B1A0F8016008
S214039940A0F80350204602B0BDE87040FDF769BC9E
S21403995073B50E46002144890546033CA4B2A342D0
S214039960009128BF234603211220FDF726FC01465B
S21403997008B1A0F80160284602B0BDE87040FDF7C4
S21403998050BC2DE9F3410546984683690F4658694E
S214039990164601F0C3FE6C8980B2053CA4B284422D
S2140399A028BF0446A8692146143002F093F80090B5
S2140399B048B105220821002002F0B0F8019030B922
S2140399C0684601F026FE1A2002B0BDE8F081009931
S2140399D001A801F005FF1620019A93790C33D118DC
S2140399E0D054A8F800402846A1F80170A1F80360F7
S2140399F0FDF717FCE8E738B5002204460D461820A5
S214039A000221FDF7B6FB014600B145702046BDE8CE
S214039A103840FDF706BC70B5857904460C35461903
S214039A2001F07CFE625D431E013A9BB21C2A10D8ED
S214039A30DFE802F0110F160F180F290F2F0F400F34
S214039A40400F400F330F250F0F0F390F250F3E0F13
S214039A503E00002070BD042B14BF01200320F9E74D
S214039A60022BF9E743B37278022A0AD0012A23D1DC
S214039A700222013B0232B3FBF2F102FB1133002B4D
S214039A80EAE71022F5E713F0030F14BF01200320C3
S214039A90E0E78BB17278013BEDE76BB17278032A8E
S214039AA00AD9013BE7E7042B34BF01200320D1E7A3
S214039AB0022BF9E70320CDE70120CBE74369406C8F
S214039AC0DA1C1438B2FBF0F203EBC203CA1D0333ED
S214039AD0B2FBF0F2B3FBF0F30132023301EBC20147
S214039AE000FB0310704738B5446905462146FFF767
S214039AF0E5FF6A6CE31D143AB3FBF2F3013304EBA0
S214039B00C304204438BD73B506460D460024F36BE4
S214039B10012201A928195B699847019B013309D1E2
S214039B200434736C62195B426A401A42EFD02046D3
S214039B3002B070BD0024FAE770B505460C46DAF7A6
S214039B402DF8EB6B2046DB68BDE87040184770B510
S214039B50002586B004460562E369AB4202D8206A54
S214039B6006B070BD666C0522206801A9E36B06FB90
S214039B7005005B69984701A800F010FC00F033FC71
S214039B8010B1236A013323620135E5E738B504468D
S214039B90456C006804F1400305FB0101E06B00F02F
S214039BA02FFC05462046FFF7D2FF284638BDF0B502
S214039BB0054687B00026EC69013CB44203D80C4640
S214039BC0204607B0F0BD01B14C1E6F6C0522286815
S214039BD001A9EB6B07FB04005B69984701A800F03B
S214039BE0DDFB00F000FC0028EAD101362146E2E75F
S214039BF0F0B5044687B0466C0D4600680522E36B55
S214039C0001A906FB05005B69984701A800F0C6FB9F
S214039C1000F0E9FB20B101A800F097FB07B0F0BD08
S214039C2029462046FFF7C3FF676C0646E36B2068AA
S214039C3005225B6901A907FB0600984701A800F007
S214039C4084FB431CEAD0B54238BF0130E6E72DE972
S214039C50F043D0F824804FF6FF7987B004460E46CB
S214039C60C84514BF454600250027E369BB4202D812
S214039C7007B0BDE8F083E26B01A92368606CD2F8F5
S214039C8014C0052200FB0530E04701A800F086FB60
S214039C90022806D0C8450CD1721C29462046FFF779
S214039CA075FF0135E3690137B5FBF3F203FB125584
S214039CB0DBE729462046FFF79BFFB0F1FF3F14BFC3
S214039CC0024632460132E8E70368F0B5CC1A436C25
S214039CD087B006460025B4FBF3F4F36937685A1ECB
S214039CE0706C954208D3706C336800FB043007B081
S214039CF0BDE8F04000F082BB013401A9B4FBF3F2E7
S214039D0003FB1244F36B05225B6900FB0470984760
S214039D1001A800F043FB00F066FB0028E3D1013501
S214039D20DBE710B423F003049B07436C2244C3F120
S214039D3000030A4418BF043282EA0104234203D014
S214039D405DF8044BFFF7C0BF10465DF8044B704741
S214039D502DE9F041D0E90A3686B004469E4228D162
S214039D60C3691422456802FB1355284606B0BDE8AE
S214039D70F081206801A9676C331AE26BB3FBF7F333
S214039D80D2F8148007FB03000522C04701A800F0A1
S214039D9005FB012804D0636C1D44013B3340ED1AD8
S214039DA031462046FFF790FF0646A36AB342E0D14A
S214039DB0DBE70025F9E7F0B5002587B004462E4615
S214039DC0E369B34202D8284607B0F0BD636C0522A8
S214039DD0276801A903FB0677E36B38465B69984758
S214039DE001A800F0DBFA00F0FEFA58B1384600F09E
S214039DF005FB01462046FFF786FE636C143B834251
S214039E0008BF01350136DBE708B508301346D1E94C
S214039E100012EEF7E7FD012008BD13B50C4600213E
S214039E2021760093134661682246EDF765FB18B169
S214039E30E37D03B1A07EA075A07D02B010BD73B50F
S214039E4000F1080516460C460DF107020968284678
S214039E5000F0A1F9032E06D16368834203D121687B
S214039E60284600F07FF9012002B070BDD01E009B8B
S214039E7042424241187E824211D11A688A420ED863
S214039E805A688A420BD35A6901325A61D3E90302EC
S214039E9082423FBF986840F8221001321A610120BF
S214039EA07047032A10B5029C07D1A26A5340626C1E
S214039EB05242134201D100F055F9012010BD08B5F6
S214039EC0C36800209847BDE80840D9F76FBE01284D
S214039ED070B514BF04200220002442431C70CC7DBE
S214039EE0101D02F002024CB91AB1012220F0030041
S214039EF01A7000F108034868184470BD1AB10122AD
S214039F0020F003001A700C7E002301F12005DAB25C
S214039F10944201D80020F0E735F833205E1C8242D5
S214039F2006D901EBC30300F10802D8691044E4E73D
S214039F30801A3346EBE773B590F8426005461C4635
S214039F400DF103033046FFF7C2FFEB6B012E5B698F
S214039F500DD1324601A998479DF8033013B1BDF8D9
S214039F6006300193BDF80430236002B070BD0122B1
S214039F70214602B0BDE870401847F0B505460024F8
S214039F8087B04868EB6B27460E4601225B6902A939
S214039F9008300294984795F84230012B40F08480AD
S214039FA0632C02D9029807B0F0BD612C08D805AB24
S214039FB0224631462846FFF7BEFF9DF814301BB3F2
S214039FC005AB2246314628468DF81070FFF7B3FFDF
S214039FD095F84230012B059B55D14FF6FF729342FD
S214039FE000F09680082205A904A800F05EF9059BF8
S214039FF09DF81010C3F30722914240F08980DBB22C
S21403A000029A1A44029283E095F84230012B30D12B
S21403A01003AB224631462846FFF78DFF04AB621C8E
S21403A02031462846FFF787FF05ABA21C3146284674
S21403A030FFF781FF102208230DF107000DEB020145
S21403A0408DF8073000F031F9102205A90DF107004D
S21403A05000F02BF9039BDAB2002A52D19DF80720B1
S21403A060B2EB132F4DD1DDE9043203EB0243029327
S21403A07047E0302C2BD944E09DF80720B2EB134F72
S21403A0803FD1049BF3E7013342D0102205A90DEB21
S21403A090020000F00AF9059B9DF81010C3F307426F
S21403A0A0914235D19BB2ABE7312C3FF67BAF87D0DD
S21403A0B005AB224631462846FFF73DFFBDF8143070
S21403A0C0002B7FF47DAF95F84230012BA0D003AB75
S21403A0D0224631462846FFF72EFF04AB621C314664
S21403A0E02846FFF728FF102320220DF107000DEB6B
S21403A0F003018DF8073000F0D8F8039B9AB2002AC4
S21403A100BAD095F84230012B14BF012302231C4416
S21403A110013440E713B500240194049C0094EDF742
S21403A1207FFD02B010BD13B501240194049C009476
S21403A130EDF776FD02B010BD30B5002344684FF04E
S21403A140FF329C4202D10023037230BD016801EB4B
S21403A150C30541F8332001336A60F2E7C0E9001211
S21403A160FFF7EABFF0B5002345689D4210D00468A8
S21403A170DF0054F8332004EBC306B2F1FF3F08D0E8
S21403A180C2F31302914204D14FF0FF33E3517360DD
S21403A190F0BD0133E9E7F0B5002345689D4202D1DF
S21403A1A04FF0FF300EE00468DE0054F83340671CBF
S21403A1B009D0C4F31307B94205D1240D14700368FC
S21403A1C033445868F0BD0133E8E713B5002304466B
S21403A1D001461B220DF107008DF8073000F065F8E5
S21403A1E022689DF80730B3EBD26F0CBF0120002026
S21403A1F002B010BD13B500230446014620220DF11C
S21403A20007008DF8073000F050F80DF107001A220A
S21403A210211D00F04AF862689DF80730B3EB926F91
S21403A2200CBF0120002002B010BD0068431C58423A
S21403A23058417047006810F07E0F0CBFC0F3C16032
S21403A240002070470068C0F3D3107047006800F022
S21403A2507F0001288CBF002001207047036813F09D
S21403A2607E0F14BF042008207047036813F07E0F88
S21403A27003D1406820F07C40704713F078001CBF81
S21403A28003F07F03D81F7047006800F07F00704715
S21403A290032809D0022803D1C1F10201C8B27047CE
S21403A2A000290CBF0720002070471F2A0B689EBF9B
S21403A2B04FF0FF3191408B43590801F055315B1A3B
S21403A2C003F033319B0803F033330B44017803EB7D
S21403A2D013130A444FF0013103F00F334B43A2EB41
S21403A2E013620270704737B501F10C0405464369E3
S21403A2F06946012220469847BDF80030012201A98D
S21403A30001932046AB69984703B030BD37B501F1DA
S21403A3100C04436901226946054620469847009B7C
S21403A3204FF6FF7299B291420DD11B0C012201A97F
S21403A33020461B0443F4254343F0A5030193AB696E
S21403A340984703B030BD0020FBE737B50446002529
S21403A3501B22011D0DF107008DF80750FFF7A5FF1F
S21403A36060689DF80720B2EBD06F03D120F07840E9
S21403A37003B030BD0DF107001B2204F108018DF870
S21403A3800750FFF792FFA0689DF80730B3EBD06F36
S21403A39001D1C043EAE74FF0FF30E9E703684BF229
S21403A3A09A22B2EB134F10B5044613D19BB2012B7E
S21403A3B013D1FFF7CAFF01300CD0E0684FF6FF72E7
S21403A3C0B2EB104F4FEA104309D180B2C01A18BF40
S21403A3D0012010BD2368013303D00420F9E70220CF
S21403A3E0F7E70320F5E701288CBF0020012070471C
S21403A3F0033801288CBF00200120704714307047B3
S21403A4002DE9F04105469846036908460E46174669
S21403A4109847044638B943463A4631462846EEF747
S21403A420BDFB044618B131462846FFF75CFF2046BD
S21403A430BDE8F08102207047002070470120704776
S21403A4400020704700207047704737B504460D4616
S21403A45001A8F0F7C9FB01A8FFF7F6FF204601A9FC
S21403A4608DF80650EEF794FC03B030BD084611464F
S21403A470EEF76CBD7047431E012B03D9031F5842EA
S21403A480584170470120704700F0C1BB4FF4C472B7
S21403A490002100F055BD10B50446002100F085F8F4
S21403A4A02046BDE81040F0F7DDBAEFF77BBEEFF7C6
S21403A4B07FBEF8B505460E46EEF710FDD5F8C0305C
S21403A4C073B15B6963B1F2F763FAD5F8C03040F253
S21403A4D06B125B6942211B1A58425841EEF7DEFEA7
S21403A4E000224FF6FF734FF0240CF768D0B2B84241
S21403A4F008D31C4621462846EEF778FE00F08AFB72
S21403A5002046F8BDB1680CFB0011CC899C4202D2F0
S21403A510002CEFD023460132E8E7EEF767BE008B48
S21403A52070470A7838B505461046FFF7A4FF60B1B2
S21403A5304C782046FFF79FFF38B12243530704D4D5
S21403A5402846BDE83840EFF753BE012038BDFFF775
S21403A550E8BF10B504460878FFF78DFF58B14A7870
S21403A5601046FFF788FF30B1042A04D02046BDE822
S21403A5701040EFF773BE012010BDFFF7EABFEFF7F9
S21403A5807FBB0846F0F7D0BFEFF7FABC70B50446BA
S21403A5900D461646EEF72AFE30B9324629462046C1
S21403A5A0BDE87040F4F750B870BDF0F7C3BCF3F7DE
S21403A5B05DBB38B5044600200D4600F029FBD4F8F1
S21403A5C0D4302BB929462046BDE83840EFF712BFF2
S21403A5D0022038BD38B5044648880D4600F018FBFF
S21403A5E0D4F8D4302BB929462046BDE83840EFF7D7
S21403A5F06BBE022038BD00F00CBB00F07FB900F044
S21403A60012BB38B505460C46F6F726FF2B6B1C40E7
S21403A610EB6A2343EB62F6F723FF211E18BF0121E3
S21403A6200020490238BDF0F7C7B9EFF731BC00F098
S21403A630B3B900F0D5B908461146F1F74DBAF0F7AD
S21403A6400DB800F06FB938B50446154609B100F0E9
S21403A650E7F925B12046BDE83840F0F7F7B838BD2E
S21403A66000F0ECB900F0F6B90846F1F77DBD10B579
S21403A670044600F08BF820B92046BDE81040EEF7FC
S21403A680E9BE10BD00F0D3BAF2F726B82DE9FF41B4
S21403A690984604460E461746F6F7E5FE0546204658
S21403A6A0FFF7E5FF0A9B3A46029300233146CDE9BE
S21403A6B000832046EEF71CFF04462846F6F7D9FE2D
S21403A6C0204604B0BDE8F08138B50446F6F7CBFE65
S21403A6D005462046FFF7CBFF2046EEF7E7FE044687
S21403A6E02846F6F7C6FEB4FA84F0400938BD38B5F6
S21403A6F00446F6F7B8FE05462046FFF7B8FF2046A1
S21403A70000F053F804462846F6F7B3FE204638BD55
S21403A71038B50446F6F7A7FE05462046FFF7A7FF1B
S21403A720204600F048F804462846F6F7A2FE2046E0
S21403A73038BD70B504460E46F6F795FE0546204628
S21403A740FFF795FF31462046EEF720FF04462846DE
S21403A750F6F78FFE204670BD134607B500228DF828
S21403A76007100DF10700194600F01EFA03B05DF856
S21403A77004FB084611461A4600F016BA0020704736
S21403A78001207047F0F70CBE00F0B7B9EEF79CBD9A
S21403A79010B5F6F768FE044600F015F8EEF7BAFDB6
S21403A7A02046BDE81040F6F764BE024608B5EEF74D
S21403A7B08BFD507D08BD024608B5EEF785FD507D3E
S21403A7C080F0010008BD00F032BAEFF773BC00F06A
S21403A7D06BB8437C03B108470220704710B50446A4
S21403A7E0F0F746FD2046BDE810400321EFF7A2BA76
S21403A7F0FFF7F4BF437C0BB1F0F700BD02207047B0
S21403A800437C0BB1F0F71EBD0220704738B5447C7D
S21403A8100D46BCB1053C012C8CBF002401244968BD
S21403A8202246F0F75FFD286890FAA0F0000AF2F7D8
S21403A830CFFAA97A2889224681F00101F0F782FD32
S21403A840002038BD0220FCE71FB5ADF808309DF8A0
S21403A8501830CDE9001269468DF80A30FFF7D6FFA7
S21403A86005B05DF804FB0020704700207047022106
S21403A8700120EEF7A7BF7047436B03F06003402B3E
S21403A8800DD0602B03D0203B58425841704749B146
S21403A8900B68012B06D9486940F00100704740F267
S21403A8A001107047002070470220F1F78FBED0F8E2
S21403A8B0C8304BB11A68022A06D993F8250028B186
S21403A8C01B6AB3FBF0F07047FFF7EFBD7047D0F895
S21403A8D0C8207AB11368022B0CD9536A13F47F4F3E
S21403A8E0C3F3072106D0126ADBB253438B42B3FB92
S21403A8F0F1F201D2FFF7DBBD104670470346D0F8EE
S21403A90004010860B3F8083100208B80704790F884
S21403A91004310E2B14BF807DFF2070474FF48071E7
S21403A920F4F728BEF8B507460E468D88EFF746FCC3
S21403A9307F7C0446082F737C4FEAC5051ED1012B86
S21403A940014604D80120F3F7E3FA033502E00020BA
S21403A950F3F7DEFA03230544B371DCB1B5F5803FA4
S21403A96018D84FF22442630902FB05332409B3FBCC
S21403A970F4F300203268D21A3260F8BD053FFFB206
S21403A980012F01468CBF00200120F3F7C1FA012FE7
S21403A990E0D8DAE70220F0E7084610B510F0030423
S21403A9A011461BD13F2B15D9B3FA83F3C3F1190212
S21403A9B0D2B2062A01D8192B0ED0062A28BF0622A1
S21403A9C00124931DDBB29C40A4B2A14228BF2146BA
S21403A9D0F0F70EFE204610BD2246F1E70024F9E705
S21403A9E0084611F0030110B518D113883F2B15D96B
S21403A9F0B3FA83F3C3F11904E4B2062C01D8192B76
S21403AA0003D0062C214628BF062101238C1DE4B261
S21403AA10A3401380F0F70AFE002010BD0120FCE7D8
S21403AA20EFF784B810B5144608460121F2F776F816
S21403AA302046BDE810400121F2F770B810B50A01B0
S21403AA401021F4F783FD0446F4F79EFD201E18BF7D
S21403AA50012010BD1021F4F78DBDF8B504460E464F
S21403AA601746F6F7F9FC3A4605463146204600F007
S21403AA707CF904462846F6F7F3FC2046F8BD022088
S21403AA80704703207047F1F799BD10B5F0F732F918
S21403AA90044608B9F3F7CAFD204610BD38B5044688
S21403AAA01D46F0F727F928B929462046BDE8384061
S21403AAB0F3F790BE38BD8021F4F75CBD38B5054684
S21403AAC0EFF752F904462846EFF72CF9072811D179
S21403AAD0D5F8C43024F47F41DB6921F0080103B1C3
S21403AAE05B7841EA032141F020012846BDE838405F
S21403AAF0EFF740B924F02001F7E7F0F751BC38B57B
S21403AB00054610460C46F0F7BFFC65B1D5F8C430D1
S21403AB104BB15B693BB12268013204BF6FF001029F
S21403AB20226022681A60002038BD002070472DE995
S21403AB30F74F01251C469DF83030064601930368FF
S21403AB40174603F0070306339D4005F1FF380B460F
S21403AB50A1B1416804EA080BA5EB0B0A41F00059C2
S21403AB60524509EB0B0114D95246184600F0F3F987
S21403AB7049467A1B5A44504400F0EDF9019B2BB129
S21403AB803C4448EA050804EA0804F46003B0BDE858
S21403AB90F08F1846F0E737B5002514460095FFF703
S21403ABA0C6FF204603B030BD70B50E4615460446B4
S21403ABB008B9002070BD0378042B18D02078F1F76D
S21403ABC091F8B0B923780E2BF3D10EB1FF2333706F
S21403ABD0CDB1FF232B7016E020780130C0B20328D6
S21403ABE02070EBD8F1F77EF80028F5D0E6E70020D2
S21403ABF0F5E71EB12078F1F7A9F830701DB120787B
S21403AC0000F009F828700120D4E7F0F76FB9704711
S21403AC1070477047704710F0FD0F14BF4FF0FF30BA
S21403AC200020C0B27047704700200021704708B567
S21403AC30F1F7E2FCBDE80840F1F71CBD08B5F1F7F3
S21403AC40F3FCBDE80840F1F715BD10B50446F1F76F
S21403AC50D3FC844288BF01F1FF312046BDE8104093
S21403AC6001F00301F1F706BD38B50446FFF7DFFF31
S21403AC700546FFF7DCFF431BA342FAD338BD08B5EE
S21403AC8021B1920000F067F9002008BD0120FCE71F
S21403AC900B0CB3F5384FF7B506460D468FB216D0F4
S21403ACA04BF60102934214D04BF60202934212D0A3
S21403ACB0B3F5304F14BF04240324D6F8C4300BB1C5
S21403ACC0196851B9D6F8C0309BB928680FE000243C
S21403ACD0F3E70124F1E70224EFE7234668463A4602
S21403ACE0F1F720FD9DF804300098002BEAD103B05D
S21403ACF0F0BD19680029E8D0234668463A46F1F7BE
S21403AD0011FD9DF804300098002BDED1EFE700F02C
S21403AD103003202B10B513D110F4E02FC0F30244F8
S21403AD200AD0C0F3C423B3FBF4F410F4C01F18BF57
S21403AD306400052C0ED86408F1F7BCFF604310BD11
S21403AD406FF01204C0F382131C4104F00104C4F133
S21403AD500204F1E70424EFE74FF0384359699A6990
S21403AD6003F500530A405A617047F7B505460F4688
S21403AD7068461146F2F794F8064698B197B1DDE9AE
S21403AD8000311B0A43EA0163A5FB0343090A05FBDB
S21403AD900135F1F7FDFD0023024629462046F4F768
S21403ADA03BFC3860304603B0F0BD03207047704765
S21403ADB030B14FF47A735843A0F57A60F2F79CBF2C
S21403ADC049F64040FAE7F3F743BFF3F741BFF3F71B
S21403ADD03FBFF3F73DBFF3F73BBF00228A4202D1E2
S21403ADE04FF0FF30704750F8223093FAA3F30BB9B5
S21403ADF00132F3E7B3FA83F000EB4210704700200A
S21403AE00704770B5A1FB02543CB92946F4F7E0FD40
S21403AE10064628B90026304670BD0C220260F9E7C4
S21403AE202A46214600F08CF8F5E72DE9F843074655
S21403AE30884614460026D4E90195B9F1010905D5DB
S21403AE402468002CF7D13046BDE8F883AB89012B84
S21403AE5007D9B5F90E30013303D029463846C04723
S21403AE6006436835E9E710B50C46B1F90E10F4F75A
S21403AE70B7FF0028ABBF636DA3891B1823F4805369
S21403AE80ACBF6365A38110BD2DE9F0411F468B89D6
S21403AE9005460C46DB05164605D502230022B1F906
S21403AEA00E10F4F78BFFA3893246B4F90E1028462A
S21403AEB023F48053A3813B46BDE8F041F4F7B2BFC9
S21403AEC010B50C46B1F90E10F4F778FF431CA389AE
S21403AED015BF606523F4805343F48053A38118BFE2
S21403AEE0A38110BDB1F90E10F4F758BF013902441F
S21403AEF010B5904201D1002005E0037811F8014F08
S21403AF00A34201D0181B10BD0130F2E7884210B5EA
S21403AF1001EB020402D98442234607D8431EA1420A
S21403AF2008D011F8012B03F8012FF8E70244014675
S21403AF308A4200D110BD13F8014D02F8014DF7E720
S21403AF4002440346934200D1704703F8011BF9E716
S21403AF507047704770470A44431E914200D17047BA
S21403AF6010B511F8014B914203F8014FF9D110BD0A
S21403AF709368013B002B936010B408DA9469A342EC
S21403AF8001DB0A2903D15DF8044B00F098B9136876
S21403AF90581C1060084619705DF8044B7047F8B5E6
S21403AFA006460F461446D518AC4201D1002007E0EA
S21403AFB03A4614F8011B3046FFF7DAFF431CF3D179
S21403AFC0F8BD2DE9F047164698468A6807460B698A
S21403AFD00C46DDF820909342B8BF1346336091F8D1
S21403AFE043200AB1013333602368990642BF3368AE
S21403AFF002333360256815F0060506D104F1190AF5
S21403B000E36832689B1AAB422BDC94F84330226821
S21403B010003B18BF0123920630D404F14302414695
S21403B0203846C847013023D023681A3454F80A2C0C
S21403B03003F00603042B0ABF54F80E5C002533689E
S21403B0404FF0000608BFED1A54F8123C08BF25EA75
S21403B050E5759342C4BF9B1AED18B5421AD100207A
S21403B06008E00123524641463846C847013003D11B
S21403B0704FF0FF30BDE8F0870135C1E7E1185A1CF1
S21403B08030200233224481F8430094F8451082F8B6
S21403B0904310C2E70123224641463846C8470130DB
S21403B0A0E6D00136D9E7B1F90C202DE9F0411707B0
S21403B0B005460C4656D44B68002B02DC0B6C002B63
S21403B0C03DDDE66A002E3AD0002312F480522F6844
S21403B0D0216A2B6025D0626DA389580705D563685E
S21403B0E0D21A636B0BB1236CD21A216A0023E66A69
S21403B0F02846B047411C24D000236360236923609D
S21403B100A389DA0400D56065616B2F60B9B104F1D9
S21403B1104403994202D02846F4F7BAFE0023636339
S21403B1200DE001232846B047461C0246D4D12B68BF
S21403B130002BD1D01D2B01D0162B2AD12F60002037
S21403B1402EE02A68B4F90C3042B11D2A01D0162A23
S21403B15021D10023636023692360D5E762602269F7
S21403B1602260CEE70F69002FE9D093070E680F60C1
S21403B1700CBF4B690023A6EB07088B60B8F1000FE2
S21403B180DDDD43463A46216A2846A66AB0470028CC
S21403B19008DCB4F90C3043F040034FF0FF30A381D2
S21403B1A0BDE8F0810744A8EB0008E7E738B50B696C
S21403B1B005460C4613B90025284638BD18B1036A60
S21403B1C00BB9F4F715FDB4F90C30002BF3D0626E0F
S21403B1D0D00704D4990502D4A06DFFF7BAFE28461B
S21403B1E02146FFF760FF636E0546DA07E4D4A389BA
S21403B1F09B05E1D4A06DFFF7ADFEDDE770B50C4609
S21403B200B1F90E1096B0154600291E460CDAA3892E
S21403B210002113F0800F14BF40234FF480630020F7
S21403B22031602B6016B070BD6A46F5F715F9002835
S21403B230EDDB019901F47041A1F5005359425941E0
S21403B2404FF48063EBE78B89F7B59D0706460C46FC
S21403B25007D504F14703236023610123636103B029
S21403B260F0BD01AB6A46FFF7C9FF009F05463046AF
S21403B2703946F4F7ADFB48B9B4F90C309A05EED469
S21403B28023F0030343F00203A381E2E7A3892060CC
S21403B29043F08003A381019BC4E904075BB1B4F9BF
S21403B2A00E103046F5F7EAF828B1A38923F0030316
S21403B2B043F00103A381A3891D43A581CFE7F8B516
S21403B2C00E461446054618B1036A0BB9F4F790FC0C
S21403B2D0A369A360A3891A0701D5236943B9214645
S21403B2E02846F5F763F818B14FF0FF373846F8BD30
S21403B2F02368F6B222693746981A6369834205DCE7
S21403B30021462846FFF752FF0028EDD1A368013BEC
S21403B310A36023685A1C22601E70431C62699A420B
S21403B32004D0A389DB07E1D50A2EDFD121462846C0
S21403B330FFF73CFF0028D9D0D6E7C9B2034602443C
S21403B34010B59342184601D1002003E00478013378
S21403B3508C42F6D110BD430803F05533C01A00F0F3
S21403B3603333800800F0333018444FF0013300EBDA
S21403B370101000F00F305843000E704710B5044607
S21403B38078B1036A41696BB1806898470023207ED1
S21403B39063611028636004D82146F5F77BFB11230D
S21403B3A0237610BD0029F1D08368002BEEDB084618
S21403B3B0F5F760FDEAE7002307B51A46019101A9F0
S21403B3C0F5F7AEF903B05DF804FB1FB5002402944D
S21403B3D09DF81C400194069C0094F5F727F904B0E9
S21403B3E010BD13B507240194049C0094FFF7EDFFEA
S21403B3F002B010BD002307B50093FFF7F2FF03B0BA
S21403B4005DF804FB03680B60016070472DE9F041AB
S21403B4100E46174600240546006808B9BDE8F081C5
S21403B420D0E90083B3420BD18368BB4208D154B939
S21403B430C5F80080C368DB0701D5F5F71BFD20467A
S21403B44004464046E9E7C4F80080F3E7D1E9011271
S21403B450FFF7DCBF002370B51A4619460546046895
S21403B460F5F75EF90CB92C6070BDE3682668DB0758
S21403B47002D52046F5F7FEFC3446F3E72DE9F843FC
S21403B4800E461746054610B90020BDE8F883046843
S21403B490002CF9D0D4E900893B4632462946A068F9
S21403B4A0C8470028F1D14446F2E72420704738B550
S21403B4B0054614460A460021FFF742FD24F01C0405
S21403B4C06B7944F0100443F004032C716B7138BDA0
S21403B4D02DE9F74F1F469DF830308A468046009385
S21403B4E0002850D0002967D00C68002C66D04FF097
S21403B4F0000BE679A179761AF6B2BE4208D30C3170
S21403B500394408EB020945462144F61BC84537E093
S21403B5102068A346BF1B002835D00446E9E7AB19CD
S21403B520994538BFA9EB050632462846FFF713FDB3
S21403B530009B002B3DD0E279A079F3B237BB1844C9
S21403B540A071E279A37927689A4232D1DAF80030FB
S21403B550A34208BFCAF80070BBF1000F01D0CBF8B6
S21403B56000702046F5F7F8FA3C4635444CB1002700
S21403B570A379E67903F10C01F61A2144F6B24D4598
S21403B580CDD3A5EB080003B0BDE8F08F121AD2B2F4
S21403B590F918914209DA0C302044D21BD21A01441E
S21403B5A038440193FFF7B2FC019BE279D31AE371A7
S21403B5B0C7E7A3462468D8E70846E4E72046E2E759
S21403B5C010B5C4790246C4F14503D8B2884228BFF1
S21403B5D008460444D47110BD38B50546C079C0F199
S21403B5E04504E4B2944288BFD4B20C3022462844C1
S21403B5F0FFF7B1FCEB7920462344EB7138BD1FB54A
S21403B60003910021009103A9FFF762FF05B05DF8DF
S21403B61004FB38B50446206800B938BD0568F5F75D
S21403B6209BFA2560F7E7034610B501F0EC0103B972
S21403B63010BD1A7902F013020A431A711A1A5442F9
S21403B64054415A7964F300025A711B68EFE710B548
S21403B65058B1016802685AB1136823B15C79E407EC
S21403B66004D5002414600360084610BD0360F1E7A8
S21403B6701346F8E7034658B10020DA7999791B6830
S21403B680521A50FA82F01BB15A79D207F5D5704791
S21403B690704770B50D460446E8B186798E4203D3EB
S21403B6A0751A8571012070BDC27906F145039B1A90
S21403B6B0DBB299420FD806F10C010144921BA81B7A
S21403B6C0D2B20844FFF722FC0023A371E3791D449A
S21403B6D0AD1BE571E6E70020E5E710B50C4698B12B
S21403B6E091B18979E279C379521AC3F14503D2B28B
S21403B6F0DBB2934208D30C312144FFF76DFF20469B
S21403B700F5F72AFA012010BD0020FCE7034600687F
S21403B71018B102681A6000230360704703460020CE
S21403B72003B97047DA7999791B68521A50FA82F08E
S21403B730F6E72DE9F84F894614468246FFF7EEFFF3
S21403B74005464846FFF7EAFFA542074601D3A0424F
S21403B75008D2BD4208D10024A346A046264647B9D0
S21403B760384604E02746F6E738D24FF0FF30BDE808
S21403B770F88F5EB99AF806809AF80760A6EB080673
S21403B78008F10C08D044DAF800A0F6B2BBF1000FBB
S21403B7900BD199F8064099F807B0ABEB040B0C34C1
S21403B7A04C44D9F800905FFA8BFB5E45354628BFBC
S21403B7B05D46BD4228BF3D4621462A464046FFF722
S21403B7C095FB0028D3D1A8442C447F1BEDB2761BEF
S21403B7D0ABEB0505F6B25FFA85FBC0E70120C6E7CB
S21403B7E003680BB9016070471A461B68002BFBD130
S21403B7F011607047036803B10B600160704739B18D
S21403B8000B461A461B68002BFBD1036813600160C6
S21403B810704770B5046806460D4644B12046FFF7E8
S21403B8207DFFA84211D8236813B9E379A37170BDCD
S21403B83020463360F5F790F93468F4E7ED1A236889
S21403B84020463360F5F788F93468002DEFD0A279E7
S21403B850E3799B1ADBB2AB42F0D92A44A271E6E73E
S21403B860F8B5066805460C4646B13046FFF756FF60
S21403B870A0421DD8336813B9F379B371F8BD3046C7
S21403B8802B60F5F769F92E68F4E70646384607682D
S21403B890002FFAD1C2798379D31ADBB2A34202D935
S21403B8A0121BC271EAE7E41AF5F756F93EB13760A0
S21403B8B0002CE3D028680028E0D00026E7E72E60B7
S21403B8C0F6E7F8B504460F46BC4200D1F8BDA179A9
S21403B8D0E5796D1AEDB2C5F14506B6B20EB9246820
S21403B8E0F2E749B10C312A46214404F10C00FFF774
S21403B8F00DFB0023E571A3712368BB42EFD05A7991
S21403B900D207ECD49979DD79A0796D1AEDB2B542F8
S21403B91028BF3546E2790C3010440C312A461944C8
S21403B9202044FFF718FBE379206853FA85F3E371A5
S21403B9308379761B53FA85F5C379EDB2AB42B6B27B
S21403B940857103D103682360F5F706F9002ED3D17A
S21403B950C5E738B50C46016809B9046038BD0D461D
S21403B96009680029FBD1236823B12046FFF7A9FF06
S21403B9702C60F3E721462846FFF7AFFE0028EDD1FB
S21403B980F6E748B100230279436003608360437996
S21403B990027143F004034371704700221146F5F722
S21403B9A037B938B504460D46FFF773FE98B984B128
S21403B9B02079FFF7F2FF58B163794279C3F3400366
S21403B9C063F3410245235D1B04604271C3718571B5
S21403B9D038BD0120EDE72046FAE738B5036804468C
S21403B9E00D469BB11879FFF7D8FF88B123684279D3
S21403B9F003605B79C3F3400363F3410245235D1B96
S21403BA004271C37185712060002038BD0120EAE7CA
S21403BA101920FAE738B50C46054640B3006830B33C
S21403BA2009B9002038BD4AB9C9B2FFF732FE00286B
S21403BA30F7D12B689A799871A41A06E0452918D885
S21403BA40C9B2FFF726FE0028EBD1442C07D8002CFA
S21403BA50E7D02846E1B2BDE83840FFF7BEBF452130
S21403BA602846FFF7BAFF0028DCD1453CEDE7222045
S21403BA70D8E72120D6E72DE9F84390F8078090F819
S21403BA8006900446A8EB0907FFB2B9420D4602D357
S21403BA900020BDE8F8830079FFF77FFF06460028FD
S21403BAA0F6D0A17980790C317F1B29440C30BAB2C9
S21403BAB021443044FFF74FFAF37901203B44F371F6
S21403BAC0E37999444D442368A5EB0805E571336093
S21403BAD02660DEE7F8B5076806460D463C460023B3
S21403BAE005B12CB90BB100221A6034603846F8BD94
S21403BAF0E379A2799B1ADBB2AB4207D8E379A27942
S21403BB009B1ADBB2ED1A23462468E9E72046E9B21E
S21403BB10FFF7B1FF0028F1D10746E7E75318452B97
S21403BB2002DCC9B2F5F774B800207047F7B50026F3
S21403BB3005460F4601960DB9019C09E000223846DA
S21403BB401146F5F765F8044628B901A8FFF761FD25
S21403BB50204603B0F0BDAB798371EA79C271687988
S21403BB606179D21A60F30001617169796079C1F372
S21403BB70400161F34100607103F10C002918D2B251
S21403BB802044FFF7E8F9019B03B9019406B134603A
S21403BB9026462D68CFE72DE9F8430D46144606469C
S21403BBA010B319B3DAB1034699461B68002BFBD1D1
S21403BBB02746C8463A4629464046FFF70DFDC14587
S21403BBC0A7EB0007054418BFC9F8008037B1002269
S21403BBD0B1793079F5F71CF8C14618B9E41B20464D
S21403BBE0BDE8F8838046E5E70446F8E70C46F6E743
S21403BBF037B51546C9B200221C46F5F709F8019079
S21403BC0040B122462946FFF7C6FF844202D901A85F
S21403BC10FFF7FFFC019803B030BD034610B50139AA
S21403BC201A1A914200D810BD445C1A7803F8014BE7
S21403BC3042540139F4E700230144884200D1704797
S21403BC4000F8013BF9E738B505460C4604B938BD9C
S21403BC50013C55F834305B68002BF7D09847F5E77E
S21403BC602DE9F0410446002654F836302BB904F18A
S21403BC700408B34203D100250FE00136F4E754F875
S21403BC8033205F1C12685AB158F8330090470546B4
S21403BC9030B139462046FFF7D6FF2846BDE8F08187
S21403BCA03B46E6E770477047704770477047F5F7BF
S21403BCB0C3B838B50446FAF795F9054658B9C82007
S21403BCC0E2F714FEC82202212846E2F7CFFD84429B
S21403BCD0A8BF044624B22046E2F708FEFAF782F924
S21403BCE0BDE83840C8220221E2F7C0BDB0F9002003
S21403BCF0B1F900302DE9F0479A4204460D4648DC78
S21403BD00F5F7B1FB8046DDF789FD00283ED1E2F763
S21403BD10A3FD8246FAF766F9C8220221E2F7A6FDDA
S21403BD2047F6FF73B5F9002081469A4202D1E2F73F
S21403BD30B7FD288047F6FF73B4F900209A4202D174
S21403BD40E2F7A8FD2080B5F90000FFF7B2FFB4F9CB
S21403BD50003007468342C8BF2080B4F90000E2F7EC
S21403BD60A5FDF7F772FE064658B15046E2F79EFD6C
S21403BD704846E2F7BBFD4046F5F77BFB3046BDE899
S21403BD80F087E2F769FD20802F80F4E741F20C0686
S21403BD90F1E72126F2E700000000000000000000A3
S21403BDA0F8B500BFF8BC08BC9E467047F8B500BFA0
S21403BDB0F8BC08BC9E4670475FF800F0210E0020D2
S21403BDC05FF800F0690D00205FF800F0C90E002050
S21403BDD0000000000000000000000000000000005B
S21403BDE0000000000000000000000000000000004B
S21403BDF0000000000000000000000000000000003B
S21403BE005B445D20000A424C45204D4F44554C454B
S21403BE102D2D2D2D4D41494E200A000A424C45201A
S21403BE204D4F44554C452D2D2D2D4C4F4F50200A2C
S21403BE30000A2D2D2D2D2D2D2D2D2D2D2D2D42751D
S21403BE4074746F6E20707265737365642D2D2D2D5B
S21403BE502D2D2D0A000A2D2D2D2D2D2D2D2D2D2D7D
S21403BE602D2D427574746F6E2072656C65617365F3
S21403BE70642D2D2D2D2D2D2D0A000A2D2D2D2D2D26
S21403BE802D2D2D2D2D2D2D30303030427574746FA1
S21403BE906E20707265737365642D2D2D2D2D2D2DDB
S21403BEA00A000A2D2D2D2D2D2D2D2D2D2D2D2D302A
S21403BEB0303030427574746F6E2072656C656173D2
S21403BEC065642D2D2D2D2D2D2D0A000A2D2D2D2D9E
S21403BED02D2D2D2D2D2D2D2D333333427574746F4B
S21403BEE06E20707265737365642D2D2D2D2D2D2D8B
S21403BEF00A000A2D2D2D2D2D2D2D2D2D2D2D2D33D7
S21403BF003333427574746F6E2072656C6561736546
S21403BF10642D2D2D2D2D2D2D0A000A2D2D2D2D2D85
S21403BF202D2D2D2D2D2D2D323232427574746F6EBC
S21403BF3020707265737365642D2D2D2D2D2D2D0A9E
S21403BF40000A2D2D2D2D2D2D2D2D2D2D2D2D32325F
S21403BF5032427574746F6E2072656C6561736564C6
S21403BF602D2D2D2D2D2D2D0A005B435D20002E2E0D
S21403BF702F6170702E630025733A2564203A25736B
S21403BF803A20007363005374617475733A20257303
S21403BF90203D203078253034782000417373657255
S21403BFA074696F6E206661696C656400736C5F62AA
S21403BFB0745F6F6E5F6576656E7400342E342E3351
S21403BFC0002E2E2F736C5F676174745F73657276D1
S21403BFD06963655F6465766963655F696E666F72DC
S21403BFE06D6174696F6E2E6300736C5F6761747442
S21403BFF05F736572766963655F6465766963655FBB
S21403C000696E666F726D6174696F6E5F6F6E5F6582
S21403C01076656E740000000038C003001B001B002A
S21403C02028C203000E000E0018C203000100010020
S21403C0300100FFFFFFFF0000010000000108FFFFF3
S21403C04000000000E8C10300020002000108FFFF31
S21403C0500500000020000A0003000A000008FFFF96
S21403C06001000000700C002004000D000308FFFF11
S21403C0700300000002000000050002000108FFFFA5
S21403C0800500000002000B0006000B000108FFFF7E
S21403C090010000007A0C0020070002000108FFFFE1
S21403C0A0050000000A000C0008000C000308FFFF50
S21403C0B001000000900C0020090000000108FFFFAB
S21403C0C000000000ECC103000A0002000108FFFFA5
S21403C0D0050000000A0003000B0003000308FFFF2F
S21403C0E001000000980C00200C0002000108FFFF6E
S21403C0F005000000020004000D0004000108FFFF15
S21403C10000000000F0C103000E0000000108FFFF5E
S21403C11000000000F4C103000F0002000108FFFF47
S21403C1200500000002000500100005000108FFFFDF
S21403C13000000000F8C10300110002000108FFFF21
S21403C1400500000002000600120006000108FFFFBB
S21403C15001000000B00C0020130002000108FFFFDE
S21403C1600500000002000700140007000108FFFF97
S21403C17001000000BE0C0020150002000108FFFFAE
S21403C1800500000002000800160008000108FFFF73
S21403C19001000000C80C0020170002000108FFFF82
S21403C1A00500000002000900180009000108FFFF4F
S21403C1B001000000D40C0020190000000108FFFF56
S21403C1C00000000006C203001A0002000108FFFF79
S21403C1D005000000080000801B0000800208FFFF27
S21403C1E0070000000000000002000118020000180B
S21403C1F00200000002000A180C0053696C69636FA2
S21403C2006E204C6162731000F01921B4478FA4BFEF
S21403C210A14F63FDEED6141D636032E0375EA4883B
S21403C220534E6DFB6435BFF7002801280328002A08
S21403C230012A292A242A272A262A232A052A2A2BB8
S21403C240292B0229050000000000000000C201009F
S21403C25000050000001000000000000000000000C1
S21403C260E20C0020ED330100DB1003003511030060
S21403C27047110300D5100300EA0C0020ED3301003C
S21403C280DB1003003511030047110300D51003002C
S21403C290F20C0020ED330100DB1003003511030020
S21403C2A047110300D5100300FA0C0020ED330100FC
S21403C2B0DB1003003511030047110300D5100300FC
S21403C2C0170D00208911030091340100B9340100D1
S21403C2D0AB110300C71103001A0D002089110300D8
S21403C2E091340100B9340100AB110300C7110300F8
S21403C2F01D0D00208911030091340100B93401009B
S21403C300AB110300C7110300200D002089110300A1
S21403C31091340100B9340100AB110300C7110300C7
S21403C320230D00208911030091340100B934010064
S21403C330AB110300C7110300260D0020891103006B
S21403C34091340100B9340100AB110300C711030097
S21403C350290D00208911030091340100B93401002E
S21403C360AB110300C71103002C0D00208911030035
S21403C37091340100B9340100AB110300C711030067
S21403C3802F0D00208911030091340100B9340100F8
S21403C390AB110300C7110300320D002089110300FF
S21403C3A091340100B9340100AB110300C711030037
S21403C3B0350D00208911030091340100B9340100C2
S21403C3C0AB110300C7110300380D002089110300C9
S21403C3D091340100B9340100AB110300C711030007
S21403C3E03B0D00208911030091340100B93401008C
S21403C3F0AB110300C71103003E0D00208911030093
S21403C40091340100B9340100AB110300C7110300D6
S21403C410410D00208911030091340100B934010055
S21403C420AB110300C7110300440D0020891103005C
S21403C43091340100B9340100AB110300C7110300A6
S21403C440470D00208911030091340100B93401001F
S21403C450AB110300C7110300912B002089110300C1
S21403C46091340100B9340100AB110300C711030076
S21403C470433A2F55736572732F5072616E617468F9
S21403C480692F53696D706C69636974795374756445
S21403C490696F2F53444B732F6765636B6F5F7364CA
S21403C4A06B5F322F6170702F626C7565746F6F747B
S21403C4B0682F636F6D6D6F6E2F696E5F706C61634F
S21403C4C0655F6F74615F6466752F736C5F62745F1C
S21403C4D0696E5F706C6163655F6F74615F646675D8
S21403C4E02E630064656C61795F74696D65725F6362
S21403C4F06200736C5F62745F696E5F706C61636524
S21403C5005F6F74615F6466755F6F6E5F6576656E99
S21403C51074003F00280029200000000013B779FAB2
S21403C520C925DDB7ADF3CFE0F1B614B801020000BC
S21403C53000000000FFFFFFFF2000000001000000D6
S21403C54000000000000000000000000000000000E3
S21403C55000000000000000000000000000000000D3
S21403C5600000000000000000000000001E000003A2
S21403C5704B12030047120300251203002312030085
S21403C580593B0100551203001D3B01002C0000001F
S21403C590020002010009007FCCC503000100000F62
S21403C5A0ACC503000000000000000000E1FE59FFD8
S21403C5B08FFFADFFC1FFD0FFDCFFE4FFEBFFF2FF11
S21403C5C0F6FFFAFFFDFF0000030005005500EDFE31
S21403C5D0FF0064001E0000007F001B0DD063FDFFFC
S21403C5E03600B7034DDAFFFF1C005901EC36000096
S21403C5F01100BD00C83B00000B007100143500009D
S21403C60007004900352C000005003700052600000A
S21403C61003001400FF1400000000000000000000E8
S21403C62000000040000000000100000040C60300B8
S21403C630C000000000000000000010002000000002
S21403C640FFFFFFFF000000010000000000000000E5
S21403C65000000000FFFFFFFFFFFFFFFFFFFFFFFFDE
S21403C660FFFFFFFF00000000FFFFFFFFFFFFFFFFCE
S21403C670BCE6FAADA7179E84F3B9CAC2FC6325517C
S21403C6806B17D1F2E12C4247F8BCE6E563A440F20F
S21403C69077037D812DEB33A0F4A13945D898C29654
S21403C6A04FE342E2FE1A7F9B8EE7EB4A7C0F9E1611
S21403C6B02BCE33576B315ECECBB6406837BF51F5C2
S21403C6C0FFFFFFFF00000001000000000000000065
S21403C6D000000000FFFFFFFFFFFFFFFFFFFFFFFC61
S21403C6E05AC635D8AA3A93E7B3EBBD55769886BCB7
S21403C6F0651D06B0CC53B0F63BCE3C3E27D2604B0E
S21403C7006BC0BCE12A459991E134741A7F9E1925C2
S21403C710AE2D8A571E03AC9C9EB76FAC45AF8E51A9
S21403C72030C81C46A35CE411E5FBC1191A0A52EF94
S21403C730F69F2445DF4F9B17AD2B417BE66C3710E6
S21403C7403FF1CAA1681FAC09120ECA307586E1A76D
S21403C7502B7E151628AED2A6ABF7158809CF4F3C0D
S21403C7606C5C5854801024FFFFFFFFFFFFFFFFFFA2
S21403C770FFFFFFFFFFFFFF00000000000120000097
S21403C7800020000000000000D16001000040025CB1
S21403C790000000000000001001030401010109036A
S21403C7A00B0000000B000000020000000000202029
S21403C7B000000000030000008C8C3C00000000001A
S21403C7C0000000000000000001041040010000000B
S21403C7D0050002000003000044CA030020CA030049
S21403C7E094C90300B4C90300C8C903006CCA030094
S21403C7F004CA0300F0C903000000000058CA03007F
S21403C8000000000034CA03000000000028C903002B
S21403C81000000000DCC9030000000000E4C90300B8
S21403C82000000000A8C903006CC8030080CA030008
S21403C8306EC8030018CA03000000000000000000D2
S21403C84000000000000000004E0C00000000000086
S21403C8500000000018C003000000000000000000F5
S21403C8600400000000000000E2FF50000100040086
S21403C870FB00141400001C2030401C2000001C2069
S21403C8803040505341004B4559000001010201025C
S21403C89002030102070B0B0701160C000001080830
S21403C8A00000050108FFFF02FFFF0808020204FF5D
S21403C8B0010022FFFFFFFFFFFF030404FFFFFFFF4C
S21403C8C02AFFFF1419191B011C15120400480C1427
S21403C8D0131510801A80128080000F0E0C080C08A7
S21403C8E00D18100102040400F4010000FA00000011
S21403C8F096000000640000004B00000032000000B9
S21403C9001E0000001400000000000000010150009B
S21403C910400008005000240004009001500240002C
S21403C9209001AE011000000069F80100000000004D
S21403C9300049725314497207FF000102030405FFFE
S21403C940145300724907CDF6A76C03003D0C020092
S21403C95059230200A56C0300476E0300416E0300D3
S21403C960F5260200818F0300FB6D0300436E030070
S21403C970456E0300EF6D03003D6E03005107020092
S21403C980F76A0300A508020001020C000000040079
S21403C9900000080004000000000000000000000083
S21403C9A000000000000000007B6C03000000000095
S21403C9B0A001040156000000000000000000000073
S21403C9C0000000000000000005000000000000005A
S21403C9D0000000000000000000000000000000004F
S21403C9E000000000D76D030000000000A013050040
S21403C9F00A00000000000000000000000000000025
S21403CA000000000009000000000000000000000015
S21403CA100000000000000000DD6D030000000000C1
S21403CA200F000000000000000000000000000000EF
S21403CA3000000000E76D0300000000000000000097
S21403CA4000000000010000000000000000000000DD
S21403CA500000000000000000A50D0200000000001A
S21403CA60A0010107A000010402040800060000005C
S21403CA700000000000000000C50E02008D0E02003C
S21403CA80F50E020000000000A0030601A009060937
S21403CA90A0020608A0050607A0050606A0070605C9
S21403CAA0A0020604A0010610A00A0602A00D0600B6
S21403CAB0000004020503060107010108090A000035
S21403CAC0A0015C02A0035C01A0025C00A0020F09A7
S21403CAD0A0030F04A0030F03A0050F02A0010F017C
S21403CAE0A0050F00A0040108A0020105A00301068B
S21403CAF0A012010001010204200C0403BD0B020076
S21403CB0020000401E90B0200200256028D0C0200ED
S21403CB1020025601610C02002001060545110200A1
S21403CB2020040A04710D020020050A02410D0200CA
S21403CB3020000115510E020062676170692062755C
S21403CB4066666572730001000200000000000000C4
S21403CB50030000000D0003000200010005006761EA
S21403CB60747420636F6E6E656374696F6E00000085
S21403CB7000FB349B5F800000800010000000000074
S21403CB8000000000458D0300E57303002B8F0300B0
S21403CB902F8E0300E69D350E480103CCDBFDF4AC77
S21403CBA01191F4EFB9A5F9E9A7832C5E2CBE97F291
S21403CBB0D203B020008BD28915D08E1C742430ED9E
S21403CBC08FC24563765C15525ABF9A32636DEB2A61
S21403CBD065499C80DC006C888391AAF5A53860378C
S21403CBE00BDB5A6083BE0000000100010005010054
S21403CBF00502020300020000000000020501000512
S21403CC00000001000100000100010202030002000F
S21403CC10000000000202010002BF01FB9D4EF3BCB0
S21403CC2036D874F5394138684C8BD28915D08E1CAA
S21403CC30742430ED8FC24563765C15525ABF9A3220
S21403CC40636DEB2A65499C80DCE69D350E4801033F
S21403CC50CCDBFDF4AC1191F4EFB9A5F9E9A7832C6D
S21403CC605E2CBE97F2D203B0203F49F6D4A3C55F2D
S21403CC703874C9B3E3D2103F504AFF607BEB40B72A
S21403CC80995899B8A6CD3C1ABD000000A0010A0524
S21403CC90A0030A04A0080A03A0070A02A0060A01C2
S21403CCA0A0070A00A0030906A0060905A0070904B1
S21403CCB0A0040903A0050902A0060901A0030900B0
S21403CCC00202030000000000C18C0200098D02006E
S21403CCD0B58C0200158D0200FD8C02008DA60300A4
S21403CCE0C9A60300EFA6030011A7030033A703009A
S21403CCF0F1A00200A9A00200B5A0020089A10200CB
S21403CD00A9A8030035A4030039A4030045A403001F
S21403CD103DA4030041A403000000000088010000B6
S21403CD2008100020E1FE000002000080FF7F0000E4
S21403CD300080FF7F0E025241494C0000A000000015
S21403CD404D98020050000000C59702000000000145
S21403CD500000010100010101FD9A0200E19A0200B0
S21403CD6019D00200C1D20200F9D102000101020368
S21403CD70000000011F150F15150F151FFFFFFFFFFE
S21403CD80FFFFFFFFFFFFFFFFFFFFFFFFFFFFFFFFAB
S21403CD90FFFFFFFFFFFFFFFFFFFFFFFF00A801A846
S21403CDA002A8000000B801B802B800B0C000040032
S21403CDB0D8000400F0000400080104002001040069
S21403CDC0030404080805000000000000000000003B
S21403CDD000000000B8320000F8040000B03700007E
S21403CDE004000000303E00000300000000000000C6
S21403CDF0B8320000343E000000000000343E00005D
S21403CE004100000000000000303E000085320000B4
S21403CE109D3200009D3200009D3200009D320000CE
S21403CE209D3200000000000000000000000000002B
S21403CE30000000009D3200009D3200009D3200007D
S21403CE40112B00009D3200003B2C00004B2C0000F1
S21403CE50D12C0000192D00009B2D0000012F00008F
S21403CE60BB2D0000912F0000072E0000452E00006A
S21403CE70B92E0000F1300000C53100000D2C000073
S21403CE8071280000212400008F28000001290000DB
S21403CE909D320000D92900009D2900009D32000024
S21403CEA09D320000212A00009D3200009D320000C2
S21403CEB09D320000F90F0000E90F00000310000088
S21403CEC00D100000171000008C488068000200D484
S21403CED0704780B580208002A8490860CF2000F004
S21403CEE04BFA01BDF8B586480068864C802292034B
S21403CEF02260854E316809051DD5110BA02303401A
S21403CF0001D0216017E002403FD180277F4A176097
S21403CF107F4A1760084038D0784D287A400705D5F1
S21403CF2001207C49086000027B49086028780028B5
S21403CF3001D0062801DB0020F2BD00F057FB716824
S21403CF4089684E682978052907D1B905A1606E60FE
S21403CF50B668CC218901704A116000F050FB012E9F
S21403CF6000DA0226BC2080058549086094208005E7
S21403CF708449086065480021C943016471424164DD
S21403CF8081490F6040210160D5E7B1480160FFF792
S21403CF909BFF0120F2BD5A480168890504D5C06E7F
S21403CFA00004000F022801D00020704701207047BC
S21403CFB038B580245548046000F018FB0500734814
S21403CFC0006800F065F9280000F019FBFFF77CFF06
S21403CFD04A48007A000705D5A0004A49086000F0D1
S21403CFE0E6FB31BD60039A490860B048046031BD72
S21403CFF0FEB50500CC208001964948600126964878
S21403D0000660FFF7C8FF002877D03C4C207800283E
S21403D01073D031020195052802D02A460A406CD106
S21403D020CC27BF018B4A1760A14A126853075B0FD0
S21403D030022805D1022B5ED3080137490860F7BDE5
S21403D0404D01032804D1022B55D933480560F7BD9B
S21403D050042802D111404ED0F7BD05284BD10198C4
S21403D060002848D0C005C10F684641700198C00427
S21403D070C10F6846017000F0B9FA0290606869460D
S21403D0804978002903D006688021214A11602C04C0
S21403D09088496A461278002A0CD0C2680B68D21AEE
S21403D0A0A74B1B68234001D0066800E046689642FB
S21403D0B000DD1600684640786A461278024308D0B8
S21403D0C008684242B01E824202DA7042886000E07C
S21403D0D00026029800F093FA0198800501D5994836
S21403D0E004600198054001D097480460002E02D0E2
S21403D0F009480760F7BDFFF75BFFF7BD343E000046
S21403D100400002A8402002A8C43E00000CC001A8AC
S21403D11090E001A894D000A8505201A838B5802406
S21403D1208A48046001204C490860894D2878052800
S21403D13002D0600087490860FFF72DFF002812D051
S21403D14012480068000A80214140A868000EC9B250
S21403D150814208D2564800684007400F022802D290
S21403D160FFF726FF31BD7C480168C0220A4002D182
S21403D170C06F204001D00448046031BD1C1002A8D3
S21403D18008E001A808D001A894D001A818C000A8F8
S21403D190F1B582B00F008026B600A020384002D03A
S21403D1A06E48066052E000F021FA00906C4804686E
S21403D1B0F80202D5A0680069029000F045FBB102B0
S21403D1C0606800F06FF9227820000021521C437833
S21403D1D0934200D2002218235343C5180C352B78EC
S21403D1E0082BF3DA1400027085602878584A10700A
S21403D1F03E400CD000F0FAF9594909688968CE68B0
S21403D20000F0FDF9F80201D40320864331005048AC
S21403D210816001260846304003D100F0D2FB00F0BF
S21403D2207BFFF104686900F03DF93C2000F0A4F8A8
S21403D230E0B200F0A1F8009800F0E1F930054749A4
S21403D2400860484806603002024908600298FEBD3E
S21403D250401002A84C6201A894E000A810B542480A
S21403D2600068800501D4FE2010BDC02080033F491E
S21403D270086000F0BBF93A4909688A78D20702D5F4
S21403D28089688C7800E00C7800F0B9F9200010BDAE
S21403D290334909688A688B78DB0704D592781823A4
S21403D2A05A438A180C32906070470000100002A898
S21403D2B0084001A848C001A8F1B582B02C4F3C68CD
S21403D2C00026200F000702D1E00102902AE000F0BA
S21403D2D023FF00F08BF9019080210903606800F0BA
S21403D2E0E1F825786D1C6078A84200D20025E80096
S21403D2F020180C30009000680290802109030098E3
S21403D300406800F0CFF83D2000F036F8E8B200F0B1
S21403D31033F825700098A060019800F070F902A811
S21403D32000F05EFF13480068800407D5786901F0B3
S21403D33026FC02990818029000D502960298FEBDB4
S21403D340480002A8481002A8482002A894E001A8B2
S21403D350343E0000506201A814C001A8402002A871
S21403D360C83E000090E000A8400002A8401002A8B3
S21403D370CC3E0000FC0302A841490968002901D5F8
S21403D380404908607047F3B581B03F4FB9683F4CDA
S21403D3904A004CD50125090100D5212501003C4A48
S21403D3A01068566822689206920E94463A6893006E
S21403D3B08022134062461343802252001A4300928F
S21403D3C00A0023D0890601D5012008E0F021014098
S21403D3D007D16946097A0C220A4002D0022000F0DF
S21403D3E03FF82C49096809040AD53968090701D5A5
S21403D3F0022605E03968490301D5002600E0032626
S21403D4004835009A24490968890003E0009A2249AE
S21403D410C96909094023194011439A00002E02D016
S21403D4201643266608352166024322662566E06DA6
S21403D4304407640F00F0C4F8A0070BD0052C09D0EE
S21403D440B868000406D400F0D1F80221134A11602C
S21403D45000F0D5F800F0BDF8002000F001F8F7BDA5
S21403D4600B490A68F0239A43000110430860C0B2D0
S21403D47070478020C0020A49086070470000000019
S21403D4804C0002A8884000A8440002A8284000A830
S21403D490683F0000384101A8084001A87CD4035027
S21403D4A0485000A880B55E4A116001F093FBFFF771
S21403D4B0E0FF01BDFEB500F099F80290102059492F
S21403D4C008600023584803600220584908605848FB
S21403D4D0C0684005C20DD52A01D2D52204E0D1206A
S21403D4E04000824200D9020010000100514C019412
S21403D4F0883C246864011DD54F4C0094251D4F4E6F
S21403D500367806277E43AA530024019D2D7CE540EA
S21403D510ED070CD5009D06266643AD19AD888FB280
S21403D520BD4200D2290086B2AE4200D22800641C57
S21403D530022CEAD389B246310904414C0C404638E2
S21403D540C005C00D20433A490860C02000063D4987
S21403D55008603848017D00290CD03B49D52A02D9FA
S21403D5608024E4050C60D1246400A24202D2802405
S21403D57024060C601021354C216035490B60418828
S21403D580002900D10280029800F039F8F7BD80B573
S21403D5903048314908603148C1680902090A19222E
S21403D5A05143416005210160FFF784FF01BD2B480D
S21403D5B00068C00300D4704780B5FFF77BFF01BD4A
S21403D5C08020C00216490860254800684007FBD43F
S21403D5D070478020C00223490860704701E0224953
S21403D5E00860224909680140F9D17047204800685D
S21403D5F02021204A116010211F4A116070473021F4
S21403D600014002D110201B49086070471848006883
S21403D61030210140102901D10120704700207047B6
S21403D620401002A8F41302A8048002A8409002A89F
S21403D6307C400050743F0000603E00005C3E0000EB
S21403D6400000FF01A0600050A4500050F42302A87D
S21403D65018E000E07F1A0601500002A810E000E080
S21403D660400002A8402002A8282002A8280002A8FA
S21403D6705C0002A85C2002A85C1002A8F8B54E481D
S21403D68080214902816102214C4A516000214C4AA3
S21403D69011604C4A11800321484A1160022101603F
S21403D6A0202049490860802048490860CC20800132
S21403D6B0474908600120474908604148806F009049
S21403D6C00F24070B274044480068C505ED0D103DA1
S21403D6D0C0202843C0B2FFF74FFE40480068C0058D
S21403D6E005D5092F03D001F0ADFB01F0C9F800986A
S21403D6F0044000943A4804680098032803D002289C
S21403D70006D1032F35D000F0EBF90098032803D099
S21403D710062F2ED1062D2CD0324800680104C90FDF
S21403D72001D001F081FD30480068000109D5052DC0
S21403D73007D1012501202D4908604005FFF74EFF5C
S21403D74000E000252100380000F0CCF90400284E44
S21403D750002D06D000F068FB01203060022025492A
S21403D760086080208003706580092349086001F003
S21403D77049FB124880214902C161002F08D10221CA
S21403D780416000200E490861C020C0001B490860A4
S21403D7902000F2BD80B5FFF713FF19480078800616
S21403D7A002D4022017490860FFF713FF01BD0220C9
S21403D7B015490860704700002C1002A8282002A80C
S21403D7C0340002A8703E000094E001A80CC001A833
S21403D7D0506201A894E000A804ED00E0B40002A89B
S21403D7E0B44000A800E200E0EC3E0000645000A84D
S21403D7F0646000A82C4000A880E200E02C6001A82A
S21403D800C43E0000081002A8082002A87F4800684B
S21403D810800700D4704730B57D4804218C4A012325
S21403D820E024E4008568254002D01360D160D3600D
S21403D8300068044002D013605160536030BD8548D1
S21403D840012181600160704710B5012071498A6823
S21403D8500240FCD1804A0423D3600C680440FCD108
S21403D8605360106010BD7D4908680122104200D144
S21403D870704710B5E023DB000340FF24A41CA3423B
S21403D88004D3774B1B689B0600D54868024001D03B
S21403D89000F0ABF810BDFEB50700C820714908605C
S21403D8A0062071490860802040037049086070486C
S21403D8B00168704A0A4080210901114301606E4CD9
S21403D8C0C020C00020600225A56168036B4908607C
S21403D8D06B4E6C48F0664C206B49C86638686B49DB
S21403D8E08968814201D2019100E001900199401AB2
S21403D8F038600121380000F040FB6946087038683C
S21403D900019940183860FFF781FF5F4800685F4958
S21403D91008605F480168490601D55E4900E05E4934
S21403D920316769460978002908D10321E161006857
S21403D9303068054002D08020800220616846007867
S21403D940FEBDF8B50400554D8020C001286054483C
S21403D95001218162534A11601F23036056234366E5
S21403D96006230366504B1B68002B02D4082303666A
S21403D97043664E4B0365C023DB004D4E3668F827DF
S21403D980FF01374001D1836700E05361E86B014034
S21403D99008D0286BC00705D446480078800701D412
S21403D9A001F0E0FC444845490860FFF72FFF2000DC
S21403D9B001F084FD286B8001FCD4286AC8490860FE
S21403D9C0F1BD3F4801214161C1603E4A3E4B53666B
S21403D9D0364B13650323036000203C4B186011602D
S21403D9E09162C8032D4908607047F0210901384A3F
S21403D9F011600140374801602020374908603749E5
S21403DA0009680840B7490860704700004C0002A840
S21403DA106C0102A8700102A880B5B3480821B34A76
S21403DA2013680B4001D0016141611178C90602D524
S21403DA30862109010160FFF716FF1420AC49086030
S21403DA40AC480168490701D0FF21416101BD0000D0
S21403DA50681102A86C2102A8682102A8783F00007A
S21403DA60400002A8548001A80C9001A8942002A8A4
S21403DA70680102A8FFF1FFFF441102A8A01002A844
S21403DA80E40002A8294E0600300002A8A03F0000CA
S21403DA90FC0302A8CC3F0000C43F0000100002A80D
S21403DAA0E01002A8442102A828C000A80C1E00000B
S21403DAB0A88001A83C3E0000FFFF7F7FB46000A85B
S21403DAC0602102A8E02002A85E060000400102A82A
S21403DAD02C6001A82C5001A8442002A8084001A8E5
S21403DAE070470000F8B586B005000C008248866AC9
S21403DAF0FFF77CFD0590B00503D580480068FFF767
S21403DB00C7FB0020029001227306DB0F7C498E6858
S21403DB108860B82040007B4F38606708B8203840DC
S21403DB200978F0270F40402F02D101004020084318
S21403DB300D2D02D1310004260E43710704D50100D2
S21403DB401420084310218C43AC4909686D462A709B
S21403DB500493019605006C4FC80506D58020400047
S21403DB60A24908602800012505430498002811D11E
S21403DB700C20284008280DD028005F49496BCA06A8
S21403DB8001D410229043890601D420218843B12171
S21403DB9001405AD068460078002859D0B86DC004B2
S21403DBA0C00C792809D380250620534908606802EB
S21403DBB0A14908600020694608708120284049D0A2
S21403DBC008200499002900D138620199084301907E
S21403DBD010208443042003900005984908604008F9
S21403DBE0974908600120974908606846007800282E
S21403DBF02ED00398062833D39348806BC0062FD5C0
S21403DC0092480068000E02908F480668B6B28F48A6
S21403DC10006A000603D0300080267601064301F032
S21403DC2060F8002809D0FB2080010078C00604D0E5
S21403DC3030008026F6010643B6B23E6130123861E4
S21403DC406E480168C80587D40AE00820394608628A
S21403DC50009531E08FA06906C90E405C0390C4E7C7
S21403DC60009503982449CB6A784A12683D686E4645
S21403DC70B58128251D400543980CC00128431D0087
S21403DC801B0E2B4010252B400343900040221040D0
S21403DC90184303AA9070086B000A03A9C870FFF71D
S21403DCA0DDFA03A908710298487169480068C880BC
S21403DCB00398F8660498F8660598FFF7A0FC082012
S21403DCC0610601D55D498860624908600198C1B262
S21403DCD00098C0B2FFF757FB200007B0F0BD000066
S21403DCE09C3F0000441002A8301102A8F84F000021
S21403DCF0703F00000C4000A8180002A81CC000A833
S21403DD00683F0000B46000A8540000AAF8B5524F5C
S21403DD10524C0F2501265249606BC00621D50120BF
S21403DD2008705048006850490A68824204D28969DC
S21403DD305118491C081A00E0101A4C490968401883
S21403DD40012852DB01F05EFE49490968090B0D40C4
S21403DD50022D48D17105474A11601021F9632660E8
S21403DD6041E0E06BC00026D543480068E021890502
S21403DD7001403AD03E4C41480068C00504D42068B0
S21403DD80000B28400228F5D03D480668FFF72EFC16
S21403DD903C49F2B20A603204120E0A603202120ED4
S21403DDA00A60320E0A60FFF72AFC2068000B284040
S21403DDB00228DFD0F1BD344C2068002815D00E7041
S21403DDC001F07CFB002810D101F01CFE28490968ED
S21403DDD0090B0D40022D06D13104264A116002219B
S21403DDE039600021216001F011FEF1BD1C2100AA5B
S21403DDF08020800425490860704700001C0100AAA3
S21403DE00802040042149086070478020C0041F49D1
S21403DE1008607047802000051C4908607047802012
S21403DE2040051A490860704719480168490701D038
S21403DE30FF21416170470000141100AA401002A898
S21403DE40205001A8006101A81C4000A8084001A8B2
S21403DE50448001A8845000A8082002A8100002A845
S21403DE60733E00001CC101A820C001A8DC3E0000D0
S21403DE70AC0002A81C1002A8204001A8084000A875
S21403DE80904000A8640000AA483E0000382002A87C
S21403DE900C4000A803010706030107060501060652
S21403DEA00501060603020706030207060502060621
S21403DEB005020606FF2807D0032805D2AC490978D1
S21403DEC0C140C807C00F704700207047F8B58020D0
S21403DED0000200908E48038808208E4908600A22B4
S21403DEE001200124944000990C43A249B6A5AD5CD9
S21403DEF025438D60F025A04E3560864DB5A6B65CED
S21403DF00022737432F6004262E60814D9B4E3668CA
S21403DF10064008D12E88F61AB6B2012E03D88E6CA8
S21403DF203603F3D401E00220F2BD8D6CCE6C6D0394
S21403DF306D0BAE4200D20094521ED2D508228E4BF1
S21403DF401A60009A8A608E4A1268520113D58D4B66
S21403DF505A78541C012525405D70140006256C4331
S21403DF601C190968A1800099E1801A7080490B7812
S21403DF709040184308700020F2BDF1B582B0FFF759
S21403DF805EFC00247E480068400102D40120019014
S21403DF901DE07D48826B00207A49C3B206256B4399
S21403DFA0CB189B8895B2AB4204D0401CC3B2022B5D
S21403DFB0F3D3FF20087001200190714800684001E8
S21403DFC005D50878FFF776FF002800D001946F4840
S21403DFD000686F4988616F4D02980068296D46187E
S21403DFE0002E15DD00F07FFD2860C001301A0028E2
S21403DFF00EDDFFF729FC00F08FF802980068296D04
S21403E000401801F05BFA010002D002990C60FEBDD5
S21403E010614F8020800038605D4A1068022607281A
S21403E02029D005210840052805D011600C2001F0F1
S21403E03057FA01006AD1594D59482862FFF704FC84
S21403E0402E60E020C0025749086000025649486027
S21403E050300678603E60012001F042FAF001286243
S21403E060022001F03DFA902040012862022001F0D0
S21403E07037FA700228624D4DE020400028600420E5
S21403E08001F02EFA07003BD147480660B002A862AB
S21403E090C001A86210203C4908600126EE654025B1
S21403E0A04348006828401BD135480068400113D513
S21403E0B0344800786946087068460078FFF7FAFE29
S21403E0C0002809D02F48694609780622514340188C
S21403E0D0C0882D49086403E0FFF7F8FE07000FD158
S21403E0E029480660C467022001F0FAF9314C25601E
S21403E0F0A8002060022001F0F3F98120C002A0628C
S21403E1000198002801D0FFF752FA3800FEBD000040
S21403E110703E0000889001A870B5FFF790FBFFF7EC
S21403E12093FB022618480660234DF0022862C408B3
S21403E1302C62012001F0D4F9600828622E601F4883
S21403E1402862E02040001B490860174D2E60FFF749
S21403E15037FA1B4E3078002800D005200C4908609B
S21403E160FFF737FA2C6017480068706370BD00002D
S21403E170843F0000448001A888A001A8140002A8D8
S21403E180EC3E00005C3E00000C8001A8F80302A8E9
S21403E1903C0102A88C3F0000941002A83C1102A880
S21403E1A0BD080000142102A8942002A82C9001A800
S21403E1B04C0002A82CA001A83C2102A8FD68000080
S21403E1C0603F0000300002A80000000101020408BE
S21403E1D01020200050505040404040302020200067
S21403E1E0F8B50400FFF730FB2948C021C900294AC7
S21403E1F01268F823DB01134002D1274A116000E0BE
S21403E200016000942549AC2252008A640A220A60FF
S21403E2102349802252030A60224C626A224B13402F
S21403E2208022D2001A436262802222600222426067
S21403E2305003C8601D48E0601D4E4C20F0661D4D1F
S21403E24068699621C901471800980068874200D379
S21403E2500700C01B0099086000210098FFF78DFE99
S21403E26000990968C919009A116031682960124932
S21403E2700968490601D5114900E011492161F2BD3B
S21403E280802000010F49086000010F4908607047AD
S21403E290582102A8AC8001A8581102A80C8001A836
S21403E2A0941002A8440102A8FFF1FFFF286E06009F
S21403E2B0300002A8903F0000FC0302A8CC3F0000F9
S21403E2C0C43F0000401002A8685000A8F1B584B00F
S21403E2D0BD4800680290BD48006B9621C9014018EE
S21403E2E00499884205D2081A01F0E8F8002800D0FD
S21403E2F027E2B74C6068C00700D522E20420B54980
S21403E30088628003B4494862B44800680090606B32
S21403E3108607B60F1025032E02D0AE48856222E08C
S21403E320084669034162A26B920601D5012065E0A7
S21403E330009A12060FD5A36B022213400BD1A84BEB
S21403E34005271F60A76B2F403A431A6000221A6006
S21403E350626B120A1A6004228262A06B002802D53E
S21403E3609C4841620026606B400704D5606BC00082
S21403E3702901084003E095488068C10701D5FFF7E7
S21403E38034FBC149009805220240052A07D1BF483D
S21403E390B2018018006AC004C00C401E086000204A
S21403E3A0BB4AD26E12041AD5BA4A1268002A16D489
S21403E3B0012201204969002911D0B7490A700021BA
S21403E3C0B64A1160B6498D62C106B64A91670722FE
S21403E3D0B44B1A600022B24B1A601A46D167B24990
S21403E3E0C02292000A603302002801D0100000E029
S21403E3F01800AE4D28604A606B600020E16B9422E3
S21403E40092050A40150000D00125802636022843CF
S21403E410000637D071482821405CC02101404029BE
S21403E4200DD1FFF7B7F96948C06D00906846FFF74E
S21403E43032FA002876D10098FFF783FA01E0FFF757
S21403E440B6F9202020602D0600D17AE1944D606B4A
S21403E450400708D57008604948620220E86200F069
S21403E4605DFA002806D004205A49886240025A49B9
S21403E4704862EE6259480078000600D461E1300134
S21403E4805449FFE00125606828404BD1AE48006838
S21403E490C005400F022803D0032801D0062802D166
S21403E4A069464D7005E0002069464870A748A849AC
S21403E4B04860680448498862FFF782F8E06B0640C4
S21403E4C006D1FFF793F80221A24A1160FFF797F8E7
S21403E4D0FFF77FF8280320609F4EC0200006706079
S21403E4E028049B490860606B4007C10F68460170AB
S21403E4F0E027FF023020029949072FD54021A54A7D
S21403E50011624901924A11660321A24A91640021CD
S21403E510116030608E48456580207060062000F0EC
S21403E520DFFF002800D00CE1894D80204000E8661C
S21403E530022000F0D5FF8020400097498866182007
S21403E5407060082000F0CCFF0028EBD12420706018
S21403E5509148C765A020C002286672E0E16BC90235
S21403E56049D5C04949680902090E0191490902299A
S21403E57001DB8A4901E0B3218900019A302A3AD3A4
S21403E580124A1288E72A36D395235B009A4205D8A7
S21403E5909A1A12095143890A4B4204E0804BD21857
S21403E5A0120951438B0A5BB20199C918074A126BC9
S21403E5B09446064AD26B53436246D218034B1A63F9
S21403E5C09F290FD39F2110E0FC0302A8743F00008D
S21403E5D0100002A81C2002A81C1002A8C43E0000BB
S21403E5E0E40000AA202900D821210A020A430904CC
S21403E5F01143274A11606749AA020A629A4A8A6443
S21403E60014220A603060524845656348C765A8030C
S21403E6104F49886640027060062000F061FF0028BC
S21403E62031D12D064A48C566022000F059FF5A48E4
S21403E630856668097060082000F052FF002822D122
S21403E6407560032000F04CFF88481649886700F081
S21403E6504AFA874D401DC001296B47188548406F0D
S21403E6608021C90108400190084683490860049840
S21403E67087421ED2296B401A00F020FF002817D0CD
S21403E68001987E4908605CE0204000A80C0000AAC0
S21403E690CC4001A8784201A8723E00006C3E000000
S21403E6A03C5000A83C6000A8046100A8045100A8E0
S21403E6B0049F206AE8620298400701D5402003E0E1
S21403E6C0802080047060C0087060012000F008FF9E
S21403E6D0802040001E490860380000F0EFFE8B4E95
S21403E6E068460078002806D162480068F0618020FA
S21403E6F0C0038749086001986049086085488649D1
S21403E7000860254880210901416669464978002941
S21403E71001D104210160206A6862684600780028F7
S21403E72009D0012000F0DCFE3078000603D58020F7
S21403E730000391490860E06BC00202D549480068AF
S21403E740286305B0F0BD0000204001A8040000FFC8
S21403E750B41002A87CE40350441102A810B5FEF7D7
S21403E76045FF864900240C600A22CA61FEF747FF6C
S21403E7708348C02189020160824941608248102192
S21403E7800160C905416540208049086080480470DF
S21403E79010BD0000400102A8B82002A833070000FD
S21403E7A0D6FEFFFF7B48406B800300D47047F8B566
S21403E7B0794804680027002000257849E20706D533
S21403E7C0C02080028025ED03EA0A0A6003E0A20760
S21403E7D001D4032040252843C862012000F080FEB0
S21403E7E0802040006E49086708206E4908606E491D
S21403E7F00968090203D46D4909680140FBD001206A
S21403E80000F06EFE6A4EE00702D580208004306476
S21403E8103564042000F064FE600702D5E020C002E1
S21403E820F06064483064012000F05AFE62483064A9
S21403E830C320000630645A4880214902016710212C
S21403E840B163890271615D490F6001223260302233
S21403E850F2638F62802189014E4A116009010160CB
S21403E860F1BD0000F83F0000F3070000FFFF7F7FC5
S21403E870743F000020C001A894E001A894D001A82A
S21403E880F8B54F4800680D2707400424002F00D131
S21403E89004274C481025660308214B4A4B4B1B683C
S21403E8A02340126814D04260394004D00220FEF799
S21403E8B0D7FD474806603C4007D0464800680543F6
S21403E8C044480560B008424908600220424915E002
S21403E8D00260394005D00220FEF7C2FDA0023C4983
S21403E8E008603C4006D03B4801680D43056070094C
S21403E8F03749086038480660300329490860FFF73F
S21403E90051FF00210020FEF73EFDF1BDC43E00008E
S21403E9101C1002A803000300482102A810B580209B
S21403E9202E490A6802400AD02D4B1A680624144062
S21403E93005D15C6E2B4A22401B6D9C0101D500203D
S21403E94010BD096808400DD02748824203D1180538
S21403E95001D5012010BD25480068C107C90F481E10
S21403E9608041C00F10BD22480321C163A8218163E3
S21403E97010210160704700001C2002A8D80000AADE
S21403E980402002A804000080646000A82C4000A871
S21403E990723E0000100002A8FC0302A81C1102A885
S21403E9A0442002A84C6201A8C44001A84C4201A816
S21403E9B0082102A82400000198008800600102A82C
S21403E9C0B44000A8E43E00001CC101A8440002A80D
S21403E9D0401002A8683F0000685000A8400002A844
S21403E9E014C001A81F1F0000010C000030C101A8BD
S21403E9F0082002A86C4800680121084209D16B4A26
S21403EA0012686B4B000C1840F03291400B40984252
S21403EA1001D00220704700207047F8B507000F3872
S21403EA206A461080604CA0680A0004D16B461B88B7
S21403EA3082B29A423AD200226B461A8001250226F7
S21403EA403A0013D02268324007D000292ED0594806
S21403EA500088401C5749088000203900E160564969
S21403EA600E6080B2B84201D369460D8053484560B4
S21403EA7000E030BF2068304003D1FFF7BBFF00281B
S21403EA80F7D04D484560390010D02168314005D095
S21403EA9048490A886B461B88D2180A8006600020FD
S21403EAA0E060A068B84201D244480660FFF7A2FFC0
S21403EAB0F2BD38B5050000F0A5FF0400012199203A
S21403EAC04543A8093E4A12688018123880B2FFF7F9
S21403EAD0A4FF05008020C0013A490860200000F02A
S21403EAE095FF280032BD33480388354909680288F4
S21403EAF09342F9D1100408187047FEB51238070C74
S21403EB006946088000F07EFF0190274C294D28882F
S21403EB10B8421ADA01202C490860274E30BF02207B
S21403EB202168014006D030604003264908602888E3
S21403EB30401C2880FFF75EFF010002D12988B942F6
S21403EB40ECDB0121716000280DD12888B8420AD178
S21403EB50A06869460988884205D20021684600886D
S21403EB60FFF75BFF01E0FFF745FF04008020C001CD
S21403EB7014490860019800F049FF2000FEBD10B557
S21403EB8012490A680E4B1B680C689442FAD0DB01E4
S21403EB904033141A02D288692418641C0C4800688F
S21403EBA04443181B10BD0000280002A804ED00E033
S21403EBB0FF3F0000703E0000282002A8281002A88D
S21403EBC0300002A880E200E02C1002A820C001A8B2
S21403EBD0B43F0000F0B502E00A601C602E607EC8F9
S21403EBE04F1C07D05F1C04D06F1CF5D10A601C6055
S21403EBF0F0BD0A60F0BD00000006800F70479D4917
S21403EC0009684143880B70478A4800680104C80FA7
S21403EC10704788480168090407D587490A68964BF0
S21403EC201A604A6842618868C860704780B5FEF714
S21403EC30DDFC01208149087081480068022808D25B
S21403EC408E480068F02109050140C02080048142F7
S21403EC50F2D08B480068C01C8A4901438A48016089
S21403EC6001BD8A48884908600020894908608021D8
S21403EC708902884A1160714908707047F1B582B0FD
S21403EC800F001400C006000E00901038912827D2FB
S21403EC90FFF7BAFF002823D0002501260298FFF7C6
S21403ECA0ABFF002802D0022804D004E07A480068AC
S21403ECB0304000D001252600784C38000C30FFF792
S21403ECC09EFF8019206000983818FFF798FF801978
S21403ECD06060C0208001724908602803714908609B
S21403ECE0F7BD6D4800780621014001D1002070472A
S21403ECF0B848006802288041C00F7047F8B56A4CD0
S21403ED00634A0421C0239B04F0252D055B4E20692E
S21403ED10084204D0107C8006C10F490020E080071B
S21403ED2020D5D068042803D2306828409842F8D00B
S21403ED30107C0007000F072814D1507C022811DD31
S21403ED40907C8006800E02280CDBD07C0090074661
S21403ED500F4207D0C00700D50A21B80700D5891D82
S21403ED60002904D1FFF77DFF0020A061F1BD481CF8
S21403ED70D768874203D237682F409F42F8D0964819
S21403ED80405CA061C300F821194002D08023DB0455
S21403ED90136049005160A168002932D10102F822AC
S21403EDA052010A406168914200D20A0023681D1F7F
S21403EDB08A498B61AA184A61864A1368002B01D1D7
S21403EDC0BF2600E09326304B1D686769BF00BF0B64
S21403EDD0F6193603AD05AD0D35431D6080235B0183
S21403EDE00B60810908D11168002901D1282200E0AF
S21403EDF019220021FFF742FF207C000701D40120DF
S21403EE00A060F1BD80B5FFF76CFF002811D01A484B
S21403EE104168002903D0724A116000214160074807
S21403EE200078002805D0FFF71CFF1C486D490160D9
S21403EE30416001BD584201A8983E0000743E0000A0
S21403EE40D04000A880B5FFF74CFF002811D006205D
S21403EE5065490860002065490860F02000016449A0
S21403EE60086080204000634908600C485D490160E3
S21403EE70416001BDBC3E0000403E00000C0002A8FD
S21403EE80204000A800F0FF3F544201A8FFF3FF3FD5
S21403EE90C44000A84C6201A8B83E00005C4201A82A
S21403EEA0586201A8585201A8A83E0000F0B581B0E8
S21403EEB00400A0031CD547480068002800D081E062
S21403EEC0474801684C4A5160CAB2FF239943D307A7
S21403EED002D5EC23DB02C91852080A4302600E204F
S21403EEE000F0FEFA082045490860C003444908605C
S21403EEF044480168444D09043FD569694161FEF7FA
S21403EF0075FB3D490A68531C6A68934200D32B6815
S21403EF101E78B706BF0E5B1C934200D32B68BC4615
S21403EF201E78B701FC2636013E4067463E435B1C0F
S21403EF30934200D32B68B4461E783603FC27BF02E1
S21403EF403740664637435B1C934200D32B68BC4668
S21403EF501E78B704FC2636043E4067463E435B1CD9
S21403EF60934200D32B681A781706FC2292053A4080
S21403EF7032430B606A61FEF742FBA00727D5802069
S21403EF80C0021F490860FFF7ACFE00281FD0686A5E
S21403EF90C0B2002802D006211C4A1160810916D08F
S21403EFA01B490A68012AFBD949680905090D091D89
S21403EFB0C900084A1268012A00D14908002A03D169
S21403EFC0282202E00C208BE71922FFF757FE01B038
S21403EFD0F0BD00006C3F0000D44000A82C4000A801
S21403EFE0EC4001A8FFFF0300846201A8504000A87C
S21403EFF00C6000A80C5000A8403E0000846000A8E7
S21403F0004C6201A8584201A8903E0000845201A811
S21403F0101C4000A880B5FEF723FA01207E4908604D
S21403F02001BD80B5EB2000F001F801BD30B57B498A
S21403F0300B6818401022134210D0794B794C246881
S21403F040224008D0A94A14682402FF252D02254031
S21403F050DD6200241460802252031A60086030BD0B
S21403F060F3B5010016001C0000250095A048019A80
S21403F070330000270BE0BC464F5D4743AE009E5966
S21403F0807E40575D47433740664637436D1CA5426F
S21403F090F1D3390939438A080A4351081143084012
S21403F0A0C10901430F208A0B0A4302405040F6BDB4
S21403F0B0F1B582B00E0000208C4908608D4DEF7AC2
S21403F0C0A87A01900F21394000910ED00B468A4A48
S21403F0D08A490298FFF7C4FF0199014083480160FB
S21403F0E0874841438748084001D1012400E0440192
S21403F0F0380915D032003B0929000298009E6D7A24
S21403F10075194019FFF7ACFF0199091101407748BB
S21403F11002680B0113430360002901D048004443EF
S21403F12079480068204001D10420FEBD0020FEBDC2
S21403F13080B50A0000211180744952888018FFF7B1
S21403F140B7FF02BD70B50F22714B5C7905780F20AF
S21403F1502040C540200928409C79C440E40701D4D8
S21403F160032070BD2F4C2468A50705D59D6846006F
S21403F170AD5B6D1E674E3560DD78DE79C640F00701
S21403F18011D5E0060FD5002D0DD0634848600888DA
S21403F190488008881C7800192A4080185A788018F6
S21403F1A02A09801800E000200880002070BD80B582
S21403F1B05A4801685A4A0820014201D0506110613A
S21403F1C0C90602D58621090111605649564A1268B6
S21403F1D012040CD5554A1268530401D5C00305E042
S21403F1E0C0239B0113404202934200D008600D489F
S21403F1F00078C022024002D18020400508604C48B7
S21403F20000682022104008604A480068C00101D404
S21403F210FFF707FF01BD00002C4000A8703F000069
S21403F2201C1002A8C43E0000F8B5434F38687E6839
S21403F230064042483040424908608024A403414DBA
S21403F240F00228D540480168080606D53F480068FE
S21403F250A86001202870022015E00120014202D098
S21403F2603B49A9600FE00020C9060CD52A49A960CE
S21403F270384A91780B071B0F12789A180909511808
S21403F280A980E880A888A880A888002801D02643FB
S21403F29001E0FFF7C6FE264026D0294E7460346090
S21403F2A0A88800280ED0F96981420BD3291D2A4865
S21403F2B0AA6890470100F3D0FEF7D2F80120274949
S21403F2C00860F1BD01000CD0FC218902B16124491C
S21403F2D002038A6134604C60FA69824204D30C608C
S21403F2E0F1BDEB20FFF7A2FEF1BD00004C3E00008F
S21403F2F0010101013C3F0000F43E0000343F0000E2
S21403F3001111000021840000F03E0000143F0000AD
S21403F310443F0000204000A829230000F84F0000C7
S21403F320302102A8441002A8384101A8204201A8AF
S21403F330084001A8CC4000A8B44000A8FFFFDFFFA8
S21403F340B46000A8503E0000C43E0000B037000082
S21403F3503D230000453F0000D44000A82C4000A8F1
S21403F360B45000A8FEB5C020C0043649086036482D
S21403F3703649C865102436480460102000F0B0F8FB
S21403F38001005ED1FF200005324908603248334948
S21403F390086033482D49086025042E480560314827
S21403F3A00768082000F09CF801004AD108262E487A
S21403F3B00660012000F094F82A48806802902B48E3
S21403F3C006602B482149086022480560082000F0A3
S21403F3D087F8010035D124480660012000F080F844
S21403F3E0204DA868019021480660184E21483060D9
S21403F3F00299019800F046F80104FC2080030840B7
S21403F40000900298C10B0198C00B00F03BF8000671
S21403F410FC21890501400098014317480A0C424025
S21403F420FF239B1CD2181040084330602F60E00374
S21403F43008490860286828601048046010498164F9
S21403F4400020FEBD20E000A8F71700002C0102A84C
S21403F450401102A8B02002A80000380EB01002A87F
S21403F46010103030E04001A8E05001A8E06001A889
S21403F47030301010202020203F3F0000402102A8FB
S21403F480F7FFF00010B54904CA104004C310991AD8
S21403F49000209A18D30F9A18521052188B115B0E2D
S21403F4A05B18DB11D2182023541A01D42200184308
S21403F4B0CC0F611849105B08F6D110BD10B5C4090E
S21403F4C0FFF711FB201A312806DAC000183801D4DA
S21403F4D0C01EFDD5002010BD2000FFF70EFB10BD9B
S21403F4E0C32148436F3801D41E38FDD5002070472A
S21403F4F010B5C20018231340FF249C40E24389073B
S21403F500090E9940030004D476489B089B00C01854
S21403F51006E0B04B0007000F083880088000181874
S21403F52003681A401143016010BD80B57B22542145
S21403F530002000F021FA01BD10B500F063FA0121A6
S21403F540694A1160694B6A4A13606A4A1360032367
S21403F550694C2360694C2360694B1960694B1960D9
S21403F56080239D4C2360D16000F050FA10BD00F05C
S21403F57049FA05000024012160B2FFF7B9FF641CB5
S21403F5800E2CF8D301210F20FFF7B2FF0121112023
S21403F590FFF7AEFF01211320FFF7AAFF0121172073
S21403F5A0FFF7A6FF03210120C043FFF7A1FF0121B8
S21403F5B01B20FFF79DFF01211C20FFF799FF012168
S21403F5C01D20FFF795FF01211E20FFF791FF012164
S21403F5D01F20FFF78DFF6E486E4908606E48C16AAC
S21403F5E0C1620168016002206C49086001208549F8
S21403F5F0086047046A4C20683840FCD0FDF7C7FF14
S21403F600280000F003FA754D0AE000281BD0FDF72A
S21403F610EDFF18E020683840FCD0300000F0F6F923
S21403F620206D0004000F022801D1FEF76FFB00F0E7
S21403F630E9F90600FDF7EAFF0028A878E5D00028D8
S21403F64001D1FDF7DCFF01206978002909D129786B
S21403F650002905D16C490968890601D44F49086019
S21403F66030BF0021697029780029D6D102214B4A80
S21403F670116064490860CDE76448016842680A403F
S21403F680634810401A490860800703D5A0480188DC
S21403F690491C0180704770B55E48016840680840A1
S21403F6A0000E00065C4980221205104218D05B4B00
S21403F6B01C68641C1C605A4C5A4D2D682D0407D5D3
S21403F6C0A568002D04D007250D600125A74E3560DB
S21403F6D0402525601B68012B02D910238B62CA675D
S21403F6E0886770BD00E400E0040002A80000FF3F46
S21403F6F0282002A82C1002A840E002A844C002A8B2
S21403F70004C001A8044001A8F8B5824C206B616BC5
S21403F71001400091964D084628600098954901409F
S21403F72001D0FFF7C3FB8020009901401CD0F821CD
S21403F730C90123680B4017D0C0221201934213D885
S21403F74080231B06EB6226680E40944F3F683F04F7
S21403F7503F0F022F01D0032F03D1002E01D0964274
S21403F760F1D38F490B6028608E48007806280DDA9F
S21403F7700098CC218901014008D000F043F9040029
S21403F7800098FDF735FC200000F040F9F1BD0000BD
S21403F790FFFF9BF800E100E0E04001A85C2002A820
S21403F7A05C0002A810B58048016844680C407F4896
S21403F7B0046080210C4205D041607D480160002032
S21403F7C0FDF716FC600403D58020400579490860E0
S21403F7D010BD00001CED00E0505201A8723E000070
S21403F7E038B57548016844680C40E00707D500F053
S21403F7F009F90500FDF792FC280000F007F96F48A9
S21403F800046031BD5C1002A8F40302A8280002A815
S21403F810FFFF00C0B44000A83C6000A86C3E000098
S21403F8202C4000A8384101A8FEB5654C206C666CD8
S21403F830064001273E4216D03D0662480560206812
S21403F84061490F60002802D00021FDF72BFE5F48B8
S21403F8500068A021C90188428041C043C00F5C49AB
S21403F86088705C480560FDF7C1FE029002210E40D9
S21403F87049D06068C2B20192000A009008224B4B3E
S21403F8804C03554D0020019E012E27D0022E38D161
S21403F890009E012E24D1EE790096504E2F780C2030
S21403F8A047430020F0512878400590277F04C71966
S21403F8B0032038434A4F38601C604A480460301DB2
S21403F8C02B780C246343484C2468009FE419C450E7
S21403F8D028780C2358433150444811E00091DCE764
S21403F8E0002E0ED1424E37603C4E361D2D780C2727
S21403F8F07D4370515C601C60C8043E4B18603E48F4
S21403F9000260314801600298FDF779FEF7BD0000FA
S21403F910703E00001C4201A870B5FDF767FE0400A8
S21403F92000F070F82E490A68D20718D52B4A121D24
S21403F930FA239B015D790C26754356592A4D2D688B
S21403F9401E60CE689E604968D9808021C9041D4E1A
S21403F9503160197B69185B790C256B43D15000F035
S21403F96055F82000FDF74BFE70BD00003C5000A884
S21403F9704C6201A802000600002800D0704710B5AC
S21403F9800C00FDF733FE1D490C6001221C4B1A6068
S21403F9900B6C1340FCD1FDF732FE10BDAC0002A881
S21403F9A0785201A8343E000090C001A890E001A858
S21403F9B00CC001A804ED00E090C000A890E000A8E9
S21403F9C000C002A8401002A840E002A8404000A8D9
S21403F9D0723E0000402002A8853E0000300000A8CA
S21403F9E060C101A894D001A8200000A8F42302A8AF
S21403F9F060E101A880E200E0F41302A8008002A8F8
S21403FA00409002A8EFF3108072B67047002800D12A
S21403FA1062B6704780B5FDF731FEB3480068000351
S21403FA200AD4FEF75DF8FEF7BDFEFDF7CAFF012018
S21403FA30FEF794FEFEF770FB80208005FDF7CEFDF3
S21403FA4001BD80B5FDF71AFE80204002FDF7C6FD16
S21403FA5001BDF8B5FDF7B4FD052098490860FDF72C
S21403FA60B8FDFDF7ECFEFDF709FEA048016800911E
S21403FA709F4B406818609F4801688A05D00F002294
S21403FA80012421420FD000929B4D6E681E602E68A3
S21403FA909A4B1F68BD1BBE4202D39F69ED196D1CAE
S21403FAA0974FBD42F5D3974D2A60002803D00098A0
S21403FAB0FDF76EFB00902868204004D16846FDF7EA
S21403FAC0EAFE002802D10098FDF73BFFAA4804602F
S21403FAD06004FDF783FDF1BD38B5A84CE06BC005A7
S21403FAE006D580200006206000BF00BF40082060C7
S21403FAF0FDF792FFFDF7C2FDFDF7F4F90500A048F8
S21403FB00A0490860FFF785F88020C002FDF766FD70
S21403FB10002D01D08020206001209B49087031BD54
S21403FB20F8B5FDF7ABFDFDF74BFD02249348C06B1C
S21403FB30000405D4FDF75AFD94490C60FDF75FFDFC
S21403FB40FDF747FD1020C0439149086000258B4808
S21403FB50856390480560FFF7C4F80700FB26B601E7
S21403FB60002F02D0FFF762F800E035602C20305CEF
S21403FB700521014002D0FDF70DFE01E0FDF717FE5B
S21403FB80F06A044002D001207C490860FFF70FFBAF
S21403FB90002F01D0FFF7B2F880200003FDF71EFD0B
S21403FBA0F1BD80B5FDF76AFD4F480068000303D436
S21403FBB0FDF707FFFEF7B0FA80204003FDF70EFDC2
S21403FBC001BD38B5FDF75AFD6C4C2025FEF7A6FEA1
S21403FBD0002806D0206B000704D5FEF7C4FEFEF708
S21403FBE04FFB2560FDF7EDFEFEF796FABD4800785D
S21403FBF00C210140042902D1FDF7CCFD01E0FDF7FD
S21403FC00D6FD6804FDF7EAFC4020206031BD1CB534
S21403FC10FDF7D6FC052029490860FDF7DAFCFDF759
S21403FC202DFDFEF7A0FEB048006800906846FEF77C
S21403FC30D7FA0400FEF7EDFF002C02D10098FEF77A
S21403FC4045FB80204004FDF7C9FC13BDF8B5FDF75E
S21403FC5015FDA64C256A5020284002D0FDF79AFDD4
S21403FC6001E0FDF7A4FD454FFEF758FE00281BD123
S21403FC70786B40071DD4386BE0214901014018D149
S21403FC80A80611D4FDF79CFC256A994E354207D089
S21403FC90FF20C0432D182562802000059549086083
S21403FCA0FDF797FC2E4002D00120386001E00020CB
S21403FCB0206080208004FDF791FCF1BD3C1102A872
S21403FCC080B5FDF7DBFCBC480068400601D5FDF7B0
S21403FCD078FE0120FEF742FDFEF71EFA8020C004E0
S21403FCE0FDF77CFC01BD00000C0002A8B83F000035
S21403FCF0483E0000400002A8D03E000020C001A8F5
S21403FD0001FF00003C3E000010B576480468FDF78E
S21403FD10B5FCAA490968090328D40321C00601D5FE
S21403FD20214001E0A0080140012902D1FDF732FD80
S21403FD300BE0200107D50E20FFF76CF9A04804213D
S21403FD40016008210160FDF732FD9E4C20699E4943
S21403FD500860FEF75EFF2068002807D040001228E0
S21403FD6002D2FFF7BDFB01E0FEF7A3FE802080036F
S21403FD70FDF734FC10BD0000402002A8100002A8C6
S21403FD8070012000B46000A8733E00007CE40350BA
S21403FD90442002A84C3E0000F8B584B0012668460D
S21403FDA0067000270297FDF769FC0390834C2068D2
S21403FDB0000300D58FE00320A449C863A448006865
S21403FDC0A44D0F210F220240032A03D0000B01404B
S21403FDD006294DD1A0480068A0498E6DE16B8907BE
S21403FDE001D59E49CE6DFEF7CAFE8619FEF779FF4A
S21403FDF000280ED02879C1060BD02868090D414388
S21403FE00890B761895490968002902D10002400C2F
S21403FE103618002E01D5019700E00196606B0107A6
S21403FE20C80F03212A6B0A40022A1BD1039AD20663
S21403FE3018D5AA68D30513D5A66B894B1E409E42D8
S21403FE4003D11021814AD1630CE092050AD4E26BF8
S21403FE502823134006D16B461F70264A116001E023
S21403FE606A461770029068460678002E03D10FE0A4
S21403FE707A48406D0190FEF751FD002808D0FEF742
S21403FE8072FD0298002802D0FEF7FAF900E0002679
S21403FE9002206E490860002E10D03020285C0C210A
S21403FEA00140042902D0A06BC00602D5FDF772FC00
S21403FEB001E0FDF77CFC202060600CE0FDF781FD8F
S21403FEC001A8FEF78DF90400FEF7A3FE002C02D16D
S21403FED00198FEF7FBF980200004FDF77FFB05B0D1
S21403FEE0F0BD0000EC3E0000CC3F0000CC3E00001E
S21403FEF000FFFF00441002A8FEB500240194FDF79E
S21403FF00BDFBFEF786FE574EF06E574D0007000FFB
S21403FF10072807D17068002804D40020FEF71EFCCB
S21403FF20286841E001210320504A73685B070BD41D
S21403FF304F4B1B680B4007D01368DF050BD55B05DB
S21403FF4002D43368DB0503D40191916A890904E07E
S21403FF501021484B1960916A090908400090002057
S21403FF60FEF7FCFB0098002805D17068C00602D493
S21403FF70FDF71DFC01E0FDF70DFC002001990029AB
S21403FF8003D13D480068FEF7FAFD6969401801D5BC
S21403FF90009400E000906846FDF77DFC002805D13C
S21403FFA00098FDF7CEFCA869074908608020000585
S21403FFB0FDF714FBF7BD0000440102A80C0002A8DD
S21403FFC080E200E0AC3F0000483E0000F8B5FDF7D5
S21403FFD055FB002400252948066B80277F0530063D
S21403FFE006D5300709D5FEF7BEFCFEF749F929E02A
S21403FFF001251F480068284019D00020FEF7AEFBF5
S2140400000220064002D01E490C60C8611D480468E0
S214040010002D03D02000FDF74FF90400FEF7A3FCE3
S2140400202000FEF753F93800FDF7D8FAF1BD16485C
S2140400300078C0210140402902D1FDF7ABFB01E066
S214040040FDF7B5FB20200D490860ECE7082002A860
S214040050AC0002A8BC3E00000CC101A86C3F000026
S21404006010000010400002A8BC3F0000C43E000080
S214040070B44000A8441002A81CC101A8100002A89D
S214040080180000AAD83F0000EC3E0000FFF754FA20
S214040090024803494860FFF76AFA00BF6727000072
S2140400A00000000080B5EFF305800B2801D23A214A
S2140400B000E029218C2252000020FFF75DFCFEE7B9
S2140400C0800904000000000038010400010000005C
S2140400D00000000000F0490280090400000000004F
S2140400E05C010400010000000000000000F049026A
S2140400F080090400000000008001040001000000E4
S2140401000000000000F0490280090400000000001E
S214040110A4010400060000000000000000F04902EC
S21404012080090400000000007C02040001000000B6
S2140401300000000000F04902A0020400809C2B8FFF
S21404014080841E00000000002700FF7F0C0C0020A7
S214040150000000002C0D0400000000000004040051
S214040160809C2B8F80841E00000000002700FF7FE9
S2140401700C0C0020000000002C0D04000000000001
S21404018060050400809C2B8F80841E000000000005
S2140401902700FF7F0C0C0020000000002C0D04003C
S2140401A000000000C0060400809C2B8F80841E0084
S2140401B00000000022002C010C0C002000000000AF
S2140401C02C0D040000000000C0060400809C2B8F49
S2140401D080841E00000023002300B6000C0C0020C0
S2140401E0000000002C0D040000000000C0060400FF
S2140401F0809C2B8F80841E000000240024009D0019
S2140402000C0C0020000000002C0D04000000000070
S214040210C0060400809C2B8F80841E0000002500EE
S21404022025007D000C0C0020000000002C0D0400AE
S21404023000000000C0060400809C2B8F80841E00F3
S2140402400000260026003A000C0C002000000000E7
S2140402502C0D040000000000C0060400809C2B8FB8
S21404026080841E000000270027002C010C0C0020B0
S214040270000000002C0D040000000000200804000C
S214040280809C2B8F80841E00000000002700FF7FC8
S2140402900C0C0020000000002C0D040000000000E0
S2140402A0FC4F01039C0B04001040010000410000B9
S2140402B03C40010000000000484001002007040004
S2140402C050400100000000005C4001000D0F0000DB
S2140402D004410100FF4C000020400301000000869A
S2140402E01FC001000020000038400101000000008B
S2140402F058400401180005004008000009000000EA
S2140403009200040080400F018C002C0200000000C4
S2140403101200120000808C19000000000002050E76
S2140403201C2F4353626968615543320416100E0E3F
S2140403300D0C0A0807060504030302020201010164
S21404034001010100EC40010180B0B18CFC400301C6
S2140403509C200B00055B60804737414A0C41030133
S214040360B85512002A1949290908404028410101B4
S214040370FFDD0000384107014CD4E83B04196F1038
S214040380080E141A20262C32383E10325476980A58
S2140403901D00000070410101C00300003442010149
S2140403A00008000E4842010158AA1EC07842010106
S2140403B00000008038800101114910009C80030170
S2140403C0EB40020070380300D0000000A880011142
S2140403D0F0010000A8800131055AFD01AC8001112E
S2140403E0F0010000AC800131053EFD00E40001028E
S2140403F06C2C511154010102C43F0000FFFFFFFFA3
S214040400FC4F0103EC0B0400104001000041000007
S2140404103C40010010000000484001002017040082
S21404042050400100010400005C4001000D0F000074
S2140404300441010003C001002040030130000046CF
S2140404401FC8010000200010384001010000000011
S2140404505840040118000500400800000900000088
S21404046092000A0080400F018C002C02000000005D
S214040470120012005B808C1B000000000002050EB8
S2140404801C2F4353626968615543320416100E0EDE
S2140404900D0C0A0807060504030302020201010103
S2140404A001010100EC40010180B0B18CFC40030165
S2140404B09C200A0001612080B75635120C410301C6
S2140404C0B8551200A01B04290888404028410101A1
S2140404D000000000384107014CD4E83B04196F3093
S2140404E00A10161C22282E343A4010325476980AE3
S2140404F01D5F80A470410101000000003442010128
S2140405000008000E48420101F4811F0078420101F0
S2140405100000000038800101114910009C8003018E
S214040520EB40020070380300D0000000A8800111E0
S214040530F0010000A8800131055AFD01AC800111CC
S214040540F0010000AC800131053EFD00E40001022C
S2140405506C2C511154010102C43F0000FFFFFFFF41
S214040560FC4F01033C0C0400104001000041000055
S2140405703C40010010000000484001002007040031
S21404058050400100000400005C4001000D0F000014
S2140405900441010003C0010020400301300000466E
S2140405A01FC80100002000103840010100000000B0
S2140405B05840040118000500400800000900000027
S2140405C092000A0080400F018C002C0200000000FC
S2140405D0120012005B808C1B000000000002050E57
S2140405E01C2F4353626968615543320416100E0E7D
S2140405F00D0C0A08070605040303020202010101A2
S21404060001010100EC40010180B0B18CFC40030103
S2140406109C200A0001612080B75635120C41030164
S214040620B8551200A01B042908884040284101013F
S21404063000000000384107014CD4E83B04196F3031
S214040640080E141A20262C32383E10325476980A95
S2140406501D5F0000704101010000000034420101EA
S2140406600008000E48420101F4811F00784201018F
S2140406700000000038800101114910009C8003012D
S214040680EB40020070380300D0000000A88001117F
S214040690F0010000A8800131055AFD01AC8001116B
S2140406A0F0010000AC800131053EFD00E4000102CB
S2140406B06C2C511154010102C43F0000FFFFFFFFE0
S2140406C0FC4F01038C0C04001040010001410000A3
S2140406D03C4001000000000048400100A007040060
S2140406E050400100000000005C40010000000000D3
S2140406F004410100FF4C0000204003010000008676
S2140407001FC00100006000003840010100000040E6
S214040710584004016402FF00400800000100000085
S2140407209200080080400F018C000C0200000000BC
S214040730D703220000000000000000000002050DA0
S2140407401A2D3F506068696357463525150D09080C
S2140407500706050504040403030303020202020257
S21404076001010101EC40010190382C8CFC4003018E
S2140407709C200A00055B58804737414A0C41030118
S214040780B85552002A194929893B4040284101019D
S214040790FFDD000038410701E853FA0000000000BE
S2140407A00000000000000000000000000000000040
S2140407B00000000070410101C10300003442010141
S2140407C00000000E4842010158AA1EC078420101EA
S2140407D00000000038800101114910009C800301CC
S2140407E00000000070780300FFC00200A88001111A
S2140407F0F0010000A88001310542CB01AC80011154
S214040800F0010000AC800131050A0D00E40001028D
S2140408106C2C511154010102C43F0000FFFFFFFF7E
S214040820FC4F0103DC0C04001040010001410000F1
S2140408303C4001000000000048400100A0070400FE
S21404084050400100000000005C4001000000000071
S21404085004410100FF4C0000204003010000008614
S2140408601FC0010000600000384001010000004085
S21404087058400401C804FF004008000001000000BE
S2140408809200040080400F018C000C02000000005F
S214040890B603220000000000000000000002050E5F
S2140408A01C2F4353626968615543320416100E0EBA
S2140408B00D0C0A08070605040303020202010101DF
S2140408C001010100EC40010190E82B8CFC4003017F
S2140408D090200A00055B58804737414A0C410301C3
S2140408E0F56252002A194929893B404028410101F2
S2140408F0FFDD000038410701E853FA00000000005D
S21404090000000000000000000000000000000000DE
S2140409100000000070410101C103000034420101DF
S2140409200000000E4842010158AA1EC07842010188
S2140409300000000038800101552510009C8003014A
S2140409400000000070780300D0000000A8800111A9
S214040950F0010000A88001310542CB01AC800111F2
S214040960F0010000AC800131053EFD00E400010208
S2140409706E2C511354010102C43F0200FFFFFFFF17
S2140409800C4001000181010020400200000000002C
S21404099001000000304003000000000000000000DA
S2140409A0000000004040020000000000004000007C
S2140409B06040010001010000A8400100070000009B
S2140409C0BC4004000000000000000000000000001E
S2140409D00000000008410300FF4C0000FF4D00002B
S2140409E0FF4D000020C0011000F8070020C00130B1
S2140409F0F502080024C0080000130000EC80B3834E
S214040A0043754051A00F004830400000000000002D
S214040A10000000002E02000050C0040051113004F3
S214040A200E2D09E654060708D1B6020064C00A0073
S214040A300430001C403018090D647920EBFCFB01DF
S214040A407FF6E803BD4B721511A3180510325476D1
S214040A50980A0000000000000800010108070000D2
S214040A6018000101AAAAAA00200001010060DA0009
S214040A701C400101100000002C400301008000000F
S214040A80000000030000000068400201294176715E
S214040A9000000000BC40020100000000000000004E
S214040AA0E04002013300000000000000F4400201B0
S214040AB0640483078813C83A244101010000000037
S214040AC0304102016406660C0C0100005441010129
S214040AD00101000068410201640483078813820050
S214040AE0304201010000000038420201000000000C
S214040AF000000000444201010000000054420901C5
S214040B000000000000003C000000000000000000A0
S214040B105555555517000000000000000000000061
S214040B20AAAA06007C4202010000000000000000A1
S214040B3010800101030000003C8001010100000058
S214040B40B080020100030002370000019800020290
S214040B50000C00044C000000A40001020004000085
S214040B60D0000202050040AA88010000F400020238
S214040B70000000003D210811FC0001123F000000A7
S214040B80FC000132005404003001010260005102EE
S214040B906801010200040000FFFFFFFF10000000D0
S214040BA00000800000000000C00D0400840D040056
S214040BB000000000802596000048E80140420F002F
S214040BC00108F50011495002000000002E0D040033
S214040BD00000000000000000000000003D420F007E
S214040BE000000000000000000000000010000000EC
S214040BF00000800000000000C00D0400900D0400FA
S214040C0000000000802596000048E80140420F00DE
S214040C100102F50011495002000000002E0D0400E8
S214040C200000000000000000000000003D420F002D
S214040C30000000000000000000000000100000009B
S214040C400000800000000000C00D04009C0D04009D
S214040C5000000000802596000048E80140420F008E
S214040C600108F50011495002000000002E0D040092
S214040C700000000000000000000000003D420F00DD
S214040C80000000000000000000000000100000004B
S214040C900000800000000000C00D0400A80D040041
S214040CA000000000004786000048E80180841E001B
S214040CB00101F50011495002000000002E0D040049
S214040CC000000000000000000000000054841E0025
S214040CD000000000000000000000000010000000FB
S214040CE00000800000000000C00D0400B40D0400E5
S214040CF000000000841743000024F40040420F0064
S214040D000101F50055255003000000002E0D0400D7
S214040D1000000000000000000000000038420F0041
S214040D2000000000000000000000000003000200B5
S214040D30000000F049020614000000E093040538A1
S214040D400000A00800000000580901040706100A65
S214040D5001040707C80A00040807800B00040808F3
S214040D60380C000409086108000000006808000048
S214040D700000C709010404032C0B01040404920CAC
S214040D800104050450C30000E62D0000D00700004F
S214040D90E5BF000010270000C2010000F5DA0200DB
S214040DA0102700002C01000050C30000501400005F
S214040DB0FA00000050C30000FC210000B30100004C
S214040DC0193F010604100100000101060010270067
S214040DD0000C0000000000000000232D302B200033
S214040DE0686C4C00656667454647003031323334DC
S214040DF0353637383941424344454600303132337C
S214040E003435363738396162636465660062675F15
S214040E106D6573736167652072656365697665726F
S214040E20730062676275660061636C006C6C5F6376
S214040E306F6E6E656374696F6E006C6C5F6164766A
S214040E405F736574006761705F636F6E7465787452
S214040E50006C6C5F76616C696461746F72006D65BA
S214040E6073685F70726F765F64620062675F6D6559
S214040E70737361676500736F66745F74696D65721A
S214040E805F6D65737361676500666F756E64617424
S214040E90696F6E5F636D64006C6C5F6164765F732C
S214040EA0796E63006C6C5F7363616E5F73796E63F7
S214040EB0006761705F706572696F6469635F61641F
S214040EC076006761705F706572696F6469635F73EB
S214040ED0796E63006C326361705F636F635F63682F
S214040EE0616E6E656C006D6573685F70726F765FB9
S214040EF064625F6170706B6579006D626564746CC2
S214040F00735F636F6E74657874000000220E0400CD
S214040F10280E04002C0E04003A0E0400450E0400AD
S214040F20510E04005E0E04006B0E0400760E0400E0
S214040F30890E0400980E0400A40E0400B10E0400EA
S214040F40C20E0400D40E0400E60E0400FA0E0400DA
S214040F5062676275665F696E0062676275665F6F78
S214040F6075740062676275665F6E6F666C6F770095
S210040F7062675F6D616C6C6F63000000CC
S20C040F7C7C13FD7F0100000058
S210040F84900F0400C00A002022010000A8
S214040F9084120020F2000000152B0100A8C20300F2
S214040FA090C2030078C2030060C20300E803000096
S214040FB0C0EA2101C0EA21010080000000F04902D5
S214040FC0B02C0020F80A002000C0040000A0000096
S214040FD074160020C8000000FE0000000000000098
S214040FE070C50300480F002041AF03002000000036
S214040FF000000000000000000000000000000000E8
S21404100000000000DD1102000000000000000000E7
S2140410100000000099F1010000000000000000003C
S2140410200000000069FC0100000000000000000051
S21404103000000000150B0200000000000000000085
S21404104000000000EB6D030000000000310E0200FB
S214041050000000000000000000000000E10D020097
S2140410600000000000000000000000002D0F020039
S2140410700000000000000000B91702000000000095
S21404108000FFFFFFFF000000498E03004D8E0300A3
S214041090518E0300558E0300FFFFFFFF75A4030067
S2140410A018CD0300FFFFFFFF24CD03006BA8030049
S2140410B067A80300FFFFFFFF77A80300FFFFFFFFFB
S2140410C029AC03007FAC0300FFFFFFFFFFFFFFFF19
S2140410D0FFFFFFFFFFFFFFFF23270000FFFFFFFFC9
S2140410E00000000000000000030000006829002043
S2140410F0240C00200000000068290020D0290020CD
S214041100382A002000000000000000000000000054
S21404111000000000000000000000000000000000C6
S21404112000000000000000000000000000000000B6
S21404113000000000000000000000000000000000A6
S2140411402000040000000000000002001000000060
S2140411500000000000000000000000000000000086
S2140411600A000100000000000A0012000000424CC1
S214041170455F4D6F64756C655F42617369635F318B
S21404118002000800000030303030303030300200CA
S2140411900300000030303000020005000000302E4E
S2140411A0302E30000200080000000000000000009E
S2140411B0000000000000000402000000000003011C
S2140411C0020000000000020102000000000001010D
S2140411D00200FFFFFFFF0400E40C02001700FFFFFD
S2140411E00E0000000000FF010000030000020400DF
S2140411F001020002040002030002020002010002CF
S21404120000000102000101000100000301000300C8
S214041210000205000004000003001F04010101BFD2
S2140412208FAF7F8700370F10100004040F05140AD1
S2140412300301FF0EFF0F7F0082B030BF074BD3F8C9
S214041240F030DB0704D500230193019B052B01DD59
S21404125002B07047019B0133F6E700BF00ED00E0E3
S214041260F0B5114A114C124E00F00105E3695F0710
S21404127013D40DB9334213D103EA00078F4207D1C2
S2140412800B4A1A40002A0CBF00206FF00100F0BD84
S214041290013AEBD16FF00200F9E74FF0FF30F6E7C2
S2140412A06FF00100F3E700BF80969800000003503B
S2140412B0020001000B4B70B5D96911F480310DD1D1
S2140412C001244FF48072084E084DF46020462C64C6
S2140412D01A61FFF7C5FF3464EC6070BD6FF001005F
S2140412E0FBE700BF0000035000100350002003502B
S2140412F04FF4003238B50F4B0F4C9A6641F67133F3
S2140413000122E569E3630D4B0021DA600223606184
S2140413102120236105F48035FFF7A2FF10B92120B0
S214041320FFF79EFF0122064BDA600DB10023E3634C
S21404133038BD00BF0090005000000350001003505A
S2140413400020035070B5134C6061E3695B071ED43C
S2140413500E4656F8043B8D18A361AE420BD1042307
S214041360002121202361FFF77BFF58B9BDE87040B8
S2140413702120FFF775BF08210846FFF771FF10B15B
S2140413800423236170BD56F8043BA361E5E74FF0E0
S214041390FF30F7E7000003502DE9F84315464FF4F5
S2140413A00032184B89469A6641F6713203F51C33AF
S2140413B0DF69DA630122064603F58053DFF84C80C2
S2140413C007F48037DA6055B9284601220E4BDA60F6
S2140413D01FB10022A3F50053DA63BDE8F88306F5CF
S2140413E0005404EA0804A41BAC4228BF2C46494611
S2140413F022463046FFF7A6FF0028E6D12644A1443D
S2140414002D1BE0E7009000500020035000E0FFFF93
S20C041410D5220100AD22010003
S8040131E9E0
